task,head,run_tag,context_length,epoch,is_best_epoch,is_overfit_epoch,train_loss,val_loss,train_bal_acc,val_bal_acc,val_auroc,num_classes,n_train,n_val,n_test,n_epochs_run,n_overfit_epochs,training_time_min,batch_size,seq_len,steps_per_epoch,windows_per_subject_train,n_trainable_params,input_dim,hidden_dim,save_snapshots,snapshot_interval,train_accuracy,train_balanced_accuracy,train_macro_f1,train_auroc,train_recall_class0,train_recall_class1,train_recall_class2,train_recall_class3,train_recall_class4,val_accuracy,val_balanced_accuracy,val_macro_f1,val_recall_class0,val_recall_class1,val_recall_class2,val_recall_class3,val_recall_class4,test_accuracy,test_balanced_accuracy,test_macro_f1,test_auroc,test_recall_class0,test_recall_class1,test_recall_class2,test_recall_class3,test_recall_class4
age_class,lstm,,30s,1,False,False,0.8919998376344727,0.8591771034414631,0.5596387265389382,0.5776916977298231,0.7779139154115532,3,43350,9295,9305,32,0,15.0371622244517,32,1,1355,5.0,3279619,3072,128,True,5,,,,,,,,,,,,,,,,,,,,,,,,,,
age_class,lstm,,30s,2,False,False,0.815156702560812,0.8355107296019745,0.6071661803683663,0.5923685369164816,0.7881511180651525,3,43350,9295,9305,32,0,15.0371622244517,32,1,1355,5.0,3279619,3072,128,True,5,,,,,,,,,,,,,,,,,,,,,,,,,,
age_class,lstm,,30s,3,False,False,0.7893597643433146,0.8333893213623502,0.6252881056357197,0.5961368916134787,0.789834011132427,3,43350,9295,9305,32,0,15.0371622244517,32,1,1355,5.0,3279619,3072,128,True,5,,,,,,,,,,,,,,,,,,,,,,,,,,
age_class,lstm,,30s,4,False,False,0.7743042751249558,0.8178511210254856,0.6325901073655326,0.5858332448343121,0.7930592862035898,3,43350,9295,9305,32,0,15.0371622244517,32,1,1355,5.0,3279619,3072,128,True,5,,,,,,,,,,,,,,,,,,,,,,,,,,
age_class,lstm,,30s,5,False,False,0.7572961880069016,0.8232171363379123,0.6412688904280154,0.5785466137619518,0.7917461133317736,3,43350,9295,9305,32,0,15.0371622244517,32,1,1355,5.0,3279619,3072,128,True,5,,,,,,,,,,,,,,,,,,,,,,,,,,
age_class,lstm,,30s,6,False,False,0.7507178368177931,0.807768764272693,0.6456351611751434,0.5787107728088527,0.7985697339159904,3,43350,9295,9305,32,0,15.0371622244517,32,1,1355,5.0,3279619,3072,128,True,5,,,,,,,,,,,,,,,,,,,,,,,,,,
age_class,lstm,,30s,7,False,False,0.7406128024614943,0.7940670326167759,0.6547821764886915,0.6044896416320635,0.804879548129835,3,43350,9295,9305,32,0,15.0371622244517,32,1,1355,5.0,3279619,3072,128,True,5,,,,,,,,,,,,,,,,,,,,,,,,,,
age_class,lstm,,30s,8,False,False,0.730964388069122,0.8087896093750205,0.6572913255102678,0.5873024856720085,0.8008291914198216,3,43350,9295,9305,32,0,15.0371622244517,32,1,1355,5.0,3279619,3072,128,True,5,,,,,,,,,,,,,,,,,,,,,,,,,,
age_class,lstm,,30s,9,False,False,0.7232500715802973,0.7975503970885418,0.6597840805313161,0.6058061066094609,0.8041202367036572,3,43350,9295,9305,32,0,15.0371622244517,32,1,1355,5.0,3279619,3072,128,True,5,,,,,,,,,,,,,,,,,,,,,,,,,,
age_class,lstm,,30s,10,False,False,0.719855396043608,0.808296495563821,0.6640882186272942,0.5788012630580306,0.8023327303728548,3,43350,9295,9305,32,0,15.0371622244517,32,1,1355,5.0,3279619,3072,128,True,5,,,,,,,,,,,,,,,,,,,,,,,,,,
age_class,lstm,,30s,11,False,False,0.7109636653445859,0.7950088684696097,0.6698165591234723,0.6057190412724035,0.8053855883478835,3,43350,9295,9305,32,0,15.0371622244517,32,1,1355,5.0,3279619,3072,128,True,5,,,,,,,,,,,,,,,,,,,,,,,,,,
age_class,lstm,,30s,12,False,False,0.7024557343761264,0.8040685960655254,0.6748304627788863,0.5996313772394677,0.8093212367746835,3,43350,9295,9305,32,0,15.0371622244517,32,1,1355,5.0,3279619,3072,128,True,5,,,,,,,,,,,,,,,,,,,,,,,,,,
age_class,lstm,,30s,13,False,False,0.6940118006383946,0.7947239796149596,0.6823003029789122,0.6062274858490064,0.8052220902072432,3,43350,9295,9305,32,0,15.0371622244517,32,1,1355,5.0,3279619,3072,128,True,5,,,,,,,,,,,,,,,,,,,,,,,,,,
age_class,lstm,,30s,14,False,False,0.6884653980949208,0.7905074129058444,0.684303941134381,0.5990072909918616,0.8108573724957715,3,43350,9295,9305,32,0,15.0371622244517,32,1,1355,5.0,3279619,3072,128,True,5,,,,,,,,,,,,,,,,,,,,,,,,,,
age_class,lstm,,30s,15,False,False,0.6753817432644458,0.8117079272265073,0.691777566094046,0.5867573029392296,0.8080833066460135,3,43350,9295,9305,32,0,15.0371622244517,32,1,1355,5.0,3279619,3072,128,True,5,,,,,,,,,,,,,,,,,,,,,,,,,,
age_class,lstm,,30s,16,False,False,0.6744723529359186,0.7962147160907661,0.6919720221120965,0.6094297255822351,0.8059872521806278,3,43350,9295,9305,32,0,15.0371622244517,32,1,1355,5.0,3279619,3072,128,True,5,,,,,,,,,,,,,,,,,,,,,,,,,,
age_class,lstm,,30s,17,False,False,0.6645822135717399,0.8100682198007367,0.6993162368232664,0.6145343093005392,0.8016429221241966,3,43350,9295,9305,32,0,15.0371622244517,32,1,1355,5.0,3279619,3072,128,True,5,,,,,,,,,,,,,,,,,,,,,,,,,,
age_class,lstm,,30s,18,False,False,0.6545558222024911,0.7975645723748168,0.7050296661934147,0.6048643287880237,0.8087411319371306,3,43350,9295,9305,32,0,15.0371622244517,32,1,1355,5.0,3279619,3072,128,True,5,,,,,,,,,,,,,,,,,,,,,,,,,,
age_class,lstm,,30s,19,False,False,0.6485691142934691,0.794435642617181,0.7098801035868423,0.6117335542268902,0.8068418318715033,3,43350,9295,9305,32,0,15.0371622244517,32,1,1355,5.0,3279619,3072,128,True,5,,,,,,,,,,,,,,,,,,,,,,,,,,
age_class,lstm,,30s,20,False,False,0.6381746414788454,0.8033049194129197,0.7154630867914268,0.5979812621022411,0.8077625310755027,3,43350,9295,9305,32,0,15.0371622244517,32,1,1355,5.0,3279619,3072,128,True,5,,,,,,,,,,,,,,,,,,,,,,,,,,
age_class,lstm,,30s,21,False,False,0.6330118037535107,0.8048265127612417,0.7170579861994044,0.6023016515687335,0.8043366823160433,3,43350,9295,9305,32,0,15.0371622244517,32,1,1355,5.0,3279619,3072,128,True,5,,,,,,,,,,,,,,,,,,,,,,,,,,
age_class,lstm,,30s,22,True,False,0.6223643222207154,0.796597653970467,0.7229267934099736,0.6040354978423939,0.8120559564702513,3,43350,9295,9305,32,0,15.0371622244517,32,1,1355,5.0,3279619,3072,128,True,5,0.7490657439446367,0.7525498887019113,0.7091249272206098,0.9030784835923021,0.8250790305584826,0.64160060400151,0.7909700315457413,,,0.6467993544916621,0.6040354978423939,0.5803729876960052,0.5465968586387434,0.5489655172413793,0.7165441176470588,,,0.6416980118216012,0.5896078579427552,0.5653339927309969,0.8094690797517288,0.5275510204081633,0.5217712177121772,0.7195013357079252,,
age_class,lstm,,30s,23,False,False,0.6152103903494355,0.8028389231885487,0.7289281248474478,0.6017578051711748,0.8072561282130266,3,43350,9295,9305,32,0,15.0371622244517,32,1,1355,5.0,3279619,3072,128,True,5,,,,,,,,,,,,,,,,,,,,,,,,,,
age_class,lstm,,30s,24,False,False,0.6081237362935331,0.8078035813239777,0.7333132956446932,0.5891768418416293,0.8119471116950397,3,43350,9295,9305,32,0,15.0371622244517,32,1,1355,5.0,3279619,3072,128,True,5,,,,,,,,,,,,,,,,,,,,,,,,,,
age_class,lstm,,30s,25,False,False,0.5989550204123043,0.7964560212853008,0.7416596205305446,0.6132158553076402,0.8093113100878986,3,43350,9295,9305,32,0,15.0371622244517,32,1,1355,5.0,3279619,3072,128,True,5,,,,,,,,,,,,,,,,,,,,,,,,,,
age_class,lstm,,30s,26,False,False,0.5941627063168237,0.7938034214083388,0.7413971883546301,0.617575825961365,0.8091849069560059,3,43350,9295,9305,32,0,15.0371622244517,32,1,1355,5.0,3279619,3072,128,True,5,,,,,,,,,,,,,,,,,,,,,,,,,,
age_class,lstm,,30s,27,False,False,0.5852875967229252,0.8038889843331286,0.7486420206455214,0.6054342469972281,0.8076719959031936,3,43350,9295,9305,32,0,15.0371622244517,32,1,1355,5.0,3279619,3072,128,True,5,,,,,,,,,,,,,,,,,,,,,,,,,,
age_class,lstm,,30s,28,False,False,0.5792421377708893,0.8073285975015054,0.7514389222449301,0.6020496085688292,0.8072283795388903,3,43350,9295,9305,32,0,15.0371622244517,32,1,1355,5.0,3279619,3072,128,True,5,,,,,,,,,,,,,,,,,,,,,,,,,,
age_class,lstm,,30s,29,False,False,0.5743373070208672,0.8119948930353038,0.7542568611586771,0.5959195490797872,0.8108391774217814,3,43350,9295,9305,32,0,15.0371622244517,32,1,1355,5.0,3279619,3072,128,True,5,,,,,,,,,,,,,,,,,,,,,,,,,,
age_class,lstm,,30s,30,False,False,0.5699841751496822,0.8052273920045353,0.7577333116445102,0.6037994067910609,0.8097218990663383,3,43350,9295,9305,32,0,15.0371622244517,32,1,1355,5.0,3279619,3072,128,True,5,,,,,,,,,,,,,,,,,,,,,,,,,,
age_class,lstm,,30s,31,False,False,0.5660445530563077,0.8027142390761085,0.7602066805902806,0.6118692564135241,0.8101878776868832,3,43350,9295,9305,32,0,15.0371622244517,32,1,1355,5.0,3279619,3072,128,True,5,,,,,,,,,,,,,,,,,,,,,,,,,,
age_class,lstm,,30s,32,False,False,0.556980616573369,0.8047637306342142,0.7652918207552458,0.6037158283154388,0.811216460129231,3,43350,9295,9305,32,0,15.0371622244517,32,1,1355,5.0,3279619,3072,128,True,5,,,,,,,,,,,,,,,,,,,,,,,,,,
age_class,lstm,,10m,1,False,False,0.8756073578803735,0.8108765566971047,0.568041233012709,0.589147971248438,0.8050916139891848,3,43350,9295,9305,38,0,25.42054955561956,32,20,1355,5.0,3279619,3072,128,True,5,,,,,,,,,,,,,,,,,,,,,,,,,,
age_class,lstm,,10m,2,False,False,0.7880953835038578,0.7816100194609377,0.6232755978556938,0.623682497371579,0.8125940862628863,3,43350,9295,9305,38,0,25.42054955561956,32,20,1355,5.0,3279619,3072,128,True,5,,,,,,,,,,,,,,,,,,,,,,,,,,
age_class,lstm,,10m,3,False,False,0.7600171403626395,0.7631613652317546,0.6381118057755233,0.6353258047215998,0.8199915373735035,3,43350,9295,9305,38,0,25.42054955561956,32,20,1355,5.0,3279619,3072,128,True,5,,,,,,,,,,,,,,,,,,,,,,,,,,
age_class,lstm,,10m,4,False,False,0.737910675535015,0.7624783382420901,0.6519578778377325,0.6138304500352226,0.8217891620087127,3,43350,9295,9305,38,0,25.42054955561956,32,20,1355,5.0,3279619,3072,128,True,5,,,,,,,,,,,,,,,,,,,,,,,,,,
age_class,lstm,,10m,5,False,False,0.7246215286496877,0.7533612013953292,0.6582071924139471,0.6233404221049316,0.8222394701273044,3,43350,9295,9305,38,0,25.42054955561956,32,20,1355,5.0,3279619,3072,128,True,5,,,,,,,,,,,,,,,,,,,,,,,,,,
age_class,lstm,,10m,6,False,False,0.7125897291099874,0.7489773183628203,0.6672043932898686,0.6137414111699925,0.829030803353746,3,43350,9295,9305,38,0,25.42054955561956,32,20,1355,5.0,3279619,3072,128,True,5,,,,,,,,,,,,,,,,,,,,,,,,,,
age_class,lstm,,10m,7,False,False,0.7064510633678722,0.7395759334289752,0.67093172534062,0.6385314560920956,0.8287612985033407,3,43350,9295,9305,38,0,25.42054955561956,32,20,1355,5.0,3279619,3072,128,True,5,,,,,,,,,,,,,,,,,,,,,,,,,,
age_class,lstm,,10m,8,False,False,0.6942614301485723,0.7393626129967092,0.6770418666988346,0.6413507295859308,0.8271139485428715,3,43350,9295,9305,38,0,25.42054955561956,32,20,1355,5.0,3279619,3072,128,True,5,,,,,,,,,,,,,,,,,,,,,,,,,,
age_class,lstm,,10m,9,False,False,0.687341830180453,0.729224344060394,0.6845114020377538,0.6329623719861659,0.834878107788264,3,43350,9295,9305,38,0,25.42054955561956,32,20,1355,5.0,3279619,3072,128,True,5,,,,,,,,,,,,,,,,,,,,,,,,,,
age_class,lstm,,10m,10,False,False,0.6833407554466969,0.7297855649153477,0.6873179524778622,0.6412521615885929,0.8321726060934739,3,43350,9295,9305,38,0,25.42054955561956,32,20,1355,5.0,3279619,3072,128,True,5,,,,,,,,,,,,,,,,,,,,,,,,,,
age_class,lstm,,10m,11,False,False,0.6729150359138348,0.740188711653992,0.691663523173088,0.6458434797461141,0.8275078703292852,3,43350,9295,9305,38,0,25.42054955561956,32,20,1355,5.0,3279619,3072,128,True,5,,,,,,,,,,,,,,,,,,,,,,,,,,
age_class,lstm,,10m,12,False,False,0.6665684352504065,0.72720464620621,0.694682814798571,0.6447353635893788,0.836724377870851,3,43350,9295,9305,38,0,25.42054955561956,32,20,1355,5.0,3279619,3072,128,True,5,,,,,,,,,,,,,,,,,,,,,,,,,,
age_class,lstm,,10m,13,False,False,0.6597388997099941,0.739040947261839,0.6987051843145883,0.6154782133109608,0.8398181999186086,3,43350,9295,9305,38,0,25.42054955561956,32,20,1355,5.0,3279619,3072,128,True,5,,,,,,,,,,,,,,,,,,,,,,,,,,
age_class,lstm,,10m,14,False,False,0.6568930322227456,0.7249693244936134,0.7004242201097196,0.6471723345864794,0.8353699995097402,3,43350,9295,9305,38,0,25.42054955561956,32,20,1355,5.0,3279619,3072,128,True,5,,,,,,,,,,,,,,,,,,,,,,,,,,
age_class,lstm,,10m,15,False,False,0.6502632578379005,0.7217331225414184,0.7010600468720498,0.6449925638697437,0.8373972854515129,3,43350,9295,9305,38,0,25.42054955561956,32,20,1355,5.0,3279619,3072,128,True,5,,,,,,,,,,,,,,,,,,,,,,,,,,
age_class,lstm,,10m,16,False,False,0.6431495327933024,0.7193382235673758,0.7082582314660338,0.6458251648736765,0.8419141220954701,3,43350,9295,9305,38,0,25.42054955561956,32,20,1355,5.0,3279619,3072,128,True,5,,,,,,,,,,,,,,,,,,,,,,,,,,
age_class,lstm,,10m,17,False,False,0.6373192749496425,0.722318774984369,0.7091653288509879,0.6543090018549395,0.8399086553966774,3,43350,9295,9305,38,0,25.42054955561956,32,20,1355,5.0,3279619,3072,128,True,5,,,,,,,,,,,,,,,,,,,,,,,,,,
age_class,lstm,,10m,18,False,False,0.6301572690001821,0.7176753301015139,0.7149715146141143,0.6506522776108096,0.8395446425699684,3,43350,9295,9305,38,0,25.42054955561956,32,20,1355,5.0,3279619,3072,128,True,5,,,,,,,,,,,,,,,,,,,,,,,,,,
age_class,lstm,,10m,19,False,False,0.6224792976692886,0.7098747906471979,0.7175601494440847,0.6520154501591212,0.8416648629384823,3,43350,9295,9305,38,0,25.42054955561956,32,20,1355,5.0,3279619,3072,128,True,5,,,,,,,,,,,,,,,,,,,,,,,,,,
age_class,lstm,,10m,20,False,False,0.6224951711190475,0.7150574716205812,0.7211304761059183,0.6430280692345542,0.8408082042197745,3,43350,9295,9305,38,0,25.42054955561956,32,20,1355,5.0,3279619,3072,128,True,5,,,,,,,,,,,,,,,,,,,,,,,,,,
age_class,lstm,,10m,21,False,False,0.613797867751864,0.7137483088414858,0.7228590662722949,0.654776723606937,0.8438658843034742,3,43350,9295,9305,38,0,25.42054955561956,32,20,1355,5.0,3279619,3072,128,True,5,,,,,,,,,,,,,,,,,,,,,,,,,,
age_class,lstm,,10m,22,False,False,0.6067733764675937,0.7158467260979401,0.7280143136321412,0.6465946926251996,0.8432994706512242,3,43350,9295,9305,38,0,25.42054955561956,32,20,1355,5.0,3279619,3072,128,True,5,,,,,,,,,,,,,,,,,,,,,,,,,,
age_class,lstm,,10m,23,False,False,0.5991814585953023,0.7194524841772862,0.7334455673535126,0.6340280617121374,0.8463813443216095,3,43350,9295,9305,38,0,25.42054955561956,32,20,1355,5.0,3279619,3072,128,True,5,,,,,,,,,,,,,,,,,,,,,,,,,,
age_class,lstm,,10m,24,False,False,0.5937248863343412,0.7170548012847859,0.7350034667393156,0.6511303117112525,0.8408479191471777,3,43350,9295,9305,38,0,25.42054955561956,32,20,1355,5.0,3279619,3072,128,True,5,,,,,,,,,,,,,,,,,,,,,,,,,,
age_class,lstm,,10m,25,False,False,0.5881393597255253,0.7261843041234789,0.7393941216954407,0.6222273101784493,0.8470239783044851,3,43350,9295,9305,38,0,25.42054955561956,32,20,1355,5.0,3279619,3072,128,True,5,,,,,,,,,,,,,,,,,,,,,,,,,,
age_class,lstm,,10m,26,False,False,0.5781337349472574,0.725919324496281,0.7451259951599406,0.6388405499860171,0.8447372060857492,3,43350,9295,9305,38,0,25.42054955561956,32,20,1355,5.0,3279619,3072,128,True,5,,,,,,,,,,,,,,,,,,,,,,,,,,
age_class,lstm,,10m,27,False,False,0.576200315880803,0.7146413449320247,0.7455181008575646,0.6521205825713569,0.8435979619040826,3,43350,9295,9305,38,0,25.42054955561956,32,20,1355,5.0,3279619,3072,128,True,5,,,,,,,,,,,,,,,,,,,,,,,,,,
age_class,lstm,,10m,28,True,False,0.569122017513372,0.733261565388756,0.7519324364210083,0.6278936392213502,0.8485403395381281,3,43350,9295,9305,38,0,25.42054955561956,32,20,1355,5.0,3279619,3072,128,True,5,0.7799307958477508,0.7703743302533442,0.7428314530397652,0.9197004184587225,0.8033719704952582,0.6800302000755002,0.8277208201892744,,,0.6843464228079613,0.6278936392213502,0.615620496536584,0.5497382198952879,0.5593103448275862,0.7746323529411765,,,0.7001612036539495,0.6416604397112357,0.6255214592964493,0.8546869496806323,0.5683673469387756,0.5712177121771218,0.7853962600178095,,
age_class,lstm,,10m,29,False,False,0.5666307442411007,0.7158440794465104,0.7527968775167041,0.6509737702176014,0.8450187108150135,3,43350,9295,9305,38,0,25.42054955561956,32,20,1355,5.0,3279619,3072,128,True,5,,,,,,,,,,,,,,,,,,,,,,,,,,
age_class,lstm,,10m,30,False,False,0.5607394551130864,0.7208901599698839,0.7556446506977199,0.6440885397307505,0.8454854833324466,3,43350,9295,9305,38,0,25.42054955561956,32,20,1355,5.0,3279619,3072,128,True,5,,,,,,,,,,,,,,,,,,,,,,,,,,
age_class,lstm,,10m,31,False,False,0.5548790886712872,0.7251484119872883,0.7591084402270686,0.6521623231347061,0.8407848818298492,3,43350,9295,9305,38,0,25.42054955561956,32,20,1355,5.0,3279619,3072,128,True,5,,,,,,,,,,,,,,,,,,,,,,,,,,
age_class,lstm,,10m,32,False,False,0.5520329163176241,0.7222071507337466,0.7608509170843037,0.6431176169691564,0.8450105784098437,3,43350,9295,9305,38,0,25.42054955561956,32,20,1355,5.0,3279619,3072,128,True,5,,,,,,,,,,,,,,,,,,,,,,,,,,
age_class,lstm,,10m,33,False,False,0.5470045672843475,0.7186226990031837,0.7639804111242978,0.6436237782710124,0.8453312662140314,3,43350,9295,9305,38,0,25.42054955561956,32,20,1355,5.0,3279619,3072,128,True,5,,,,,,,,,,,,,,,,,,,,,,,,,,
age_class,lstm,,10m,34,False,False,0.5441162195310185,0.7188532089212365,0.7628392518312678,0.6462469467837686,0.845269645861712,3,43350,9295,9305,38,0,25.42054955561956,32,20,1355,5.0,3279619,3072,128,True,5,,,,,,,,,,,,,,,,,,,,,,,,,,
age_class,lstm,,10m,35,False,False,0.5379983607432971,0.7215880910512771,0.7670405195878386,0.6471259190623352,0.8426814243647153,3,43350,9295,9305,38,0,25.42054955561956,32,20,1355,5.0,3279619,3072,128,True,5,,,,,,,,,,,,,,,,,,,,,,,,,,
age_class,lstm,,10m,36,False,False,0.5365526845875909,0.7208694429536094,0.7688238342966769,0.6402733845388671,0.8460377602129315,3,43350,9295,9305,38,0,25.42054955561956,32,20,1355,5.0,3279619,3072,128,True,5,,,,,,,,,,,,,,,,,,,,,,,,,,
age_class,lstm,,10m,37,False,False,0.5340093721595465,0.7232840858908864,0.7721477103655005,0.6393833476701748,0.846643245555783,3,43350,9295,9305,38,0,25.42054955561956,32,20,1355,5.0,3279619,3072,128,True,5,,,,,,,,,,,,,,,,,,,,,,,,,,
age_class,lstm,,10m,38,False,False,0.5309342253744396,0.7216129714600048,0.7703048015505436,0.6390370133881319,0.845988213039161,3,43350,9295,9305,38,0,25.42054955561956,32,20,1355,5.0,3279619,3072,128,True,5,,,,,,,,,,,,,,,,,,,,,,,,,,
age_class,lstm,,40m,1,False,False,0.869015123945894,0.800222970061946,0.5758957341233872,0.6212237445528852,0.8143314707242499,3,43350,9295,9305,31,0,32.81672101815541,32,80,1355,5.0,3279619,3072,128,True,5,,,,,,,,,,,,,,,,,,,,,,,,,,
age_class,lstm,,40m,2,False,False,0.7746315531582156,0.7568518056864377,0.6301344720900132,0.6135156302546294,0.8334532660814814,3,43350,9295,9305,31,0,32.81672101815541,32,80,1355,5.0,3279619,3072,128,True,5,,,,,,,,,,,,,,,,,,,,,,,,,,
age_class,lstm,,40m,3,False,False,0.7365091577038221,0.7263700297085299,0.6534224819813487,0.6518753230214274,0.8409509174275923,3,43350,9295,9305,31,0,32.81672101815541,32,80,1355,5.0,3279619,3072,128,True,5,,,,,,,,,,,,,,,,,,,,,,,,,,
age_class,lstm,,40m,4,False,False,0.7096642873966432,0.7269758326639213,0.6682107660718964,0.6548839003465621,0.8357751219705699,3,43350,9295,9305,31,0,32.81672101815541,32,80,1355,5.0,3279619,3072,128,True,5,,,,,,,,,,,,,,,,,,,,,,,,,,
age_class,lstm,,40m,5,False,False,0.6886398412089584,0.6995081683138867,0.6813188405653975,0.653851961934801,0.8523892062577058,3,43350,9295,9305,31,0,32.81672101815541,32,80,1355,5.0,3279619,3072,128,True,5,,,,,,,,,,,,,,,,,,,,,,,,,,
age_class,lstm,,40m,6,False,False,0.6733857543493225,0.719655112196772,0.689558520323049,0.6162689166657817,0.8564458615675775,3,43350,9295,9305,31,0,32.81672101815541,32,80,1355,5.0,3279619,3072,128,True,5,,,,,,,,,,,,,,,,,,,,,,,,,,
age_class,lstm,,40m,7,False,False,0.6652333628072595,0.6918608965637737,0.6941388745447782,0.6676171815539721,0.8518087348001157,3,43350,9295,9305,31,0,32.81672101815541,32,80,1355,5.0,3279619,3072,128,True,5,,,,,,,,,,,,,,,,,,,,,,,,,,
age_class,lstm,,40m,8,False,False,0.65263731508244,0.6835528055591696,0.7015222073221912,0.676399941679145,0.857362887924312,3,43350,9295,9305,31,0,32.81672101815541,32,80,1355,5.0,3279619,3072,128,True,5,,,,,,,,,,,,,,,,,,,,,,,,,,
age_class,lstm,,40m,9,False,False,0.643798793926921,0.6852838163160393,0.7055668739875286,0.674196873595078,0.8548239242090286,3,43350,9295,9305,31,0,32.81672101815541,32,80,1355,5.0,3279619,3072,128,True,5,,,,,,,,,,,,,,,,,,,,,,,,,,
age_class,lstm,,40m,10,False,False,0.6289632841047531,0.6979039358541234,0.7112288389786746,0.6833209213456098,0.8514005651065025,3,43350,9295,9305,31,0,32.81672101815541,32,80,1355,5.0,3279619,3072,128,True,5,,,,,,,,,,,,,,,,,,,,,,,,,,
age_class,lstm,,40m,11,False,False,0.6226755609561828,0.6847120749430993,0.7161435474534401,0.6869711785237657,0.8539906631709165,3,43350,9295,9305,31,0,32.81672101815541,32,80,1355,5.0,3279619,3072,128,True,5,,,,,,,,,,,,,,,,,,,,,,,,,,
age_class,lstm,,40m,12,False,False,0.6125688061004692,0.6869713823086091,0.7245044483413627,0.655199277670989,0.8635378631482057,3,43350,9295,9305,31,0,32.81672101815541,32,80,1355,5.0,3279619,3072,128,True,5,,,,,,,,,,,,,,,,,,,,,,,,,,
age_class,lstm,,40m,13,False,False,0.6027259009547162,0.6699232787839695,0.7279175823746487,0.6678339554814524,0.8671011301706416,3,43350,9295,9305,31,0,32.81672101815541,32,80,1355,5.0,3279619,3072,128,True,5,,,,,,,,,,,,,,,,,,,,,,,,,,
age_class,lstm,,40m,14,False,False,0.5952682511396749,0.6730910646844898,0.7326498863479759,0.6573883319350489,0.8698751666452118,3,43350,9295,9305,31,0,32.81672101815541,32,80,1355,5.0,3279619,3072,128,True,5,,,,,,,,,,,,,,,,,,,,,,,,,,
age_class,lstm,,40m,15,False,False,0.5905371789013776,0.7060274252011739,0.7360695535442726,0.642523146918995,0.8657002720324461,3,43350,9295,9305,31,0,32.81672101815541,32,80,1355,5.0,3279619,3072,128,True,5,,,,,,,,,,,,,,,,,,,,,,,,,,
age_class,lstm,,40m,16,False,False,0.5796462099513655,0.6661043068489251,0.7421705800013871,0.6674341832779329,0.8709603544795573,3,43350,9295,9305,31,0,32.81672101815541,32,80,1355,5.0,3279619,3072,128,True,5,,,,,,,,,,,,,,,,,,,,,,,,,,
age_class,lstm,,40m,17,False,False,0.5704598300624746,0.6863050212906278,0.7480350117933998,0.6455986737536682,0.872300766647984,3,43350,9295,9305,31,0,32.81672101815541,32,80,1355,5.0,3279619,3072,128,True,5,,,,,,,,,,,,,,,,,,,,,,,,,,
age_class,lstm,,40m,18,False,False,0.565351639583174,0.6825287652887793,0.7504757166861372,0.652743170973029,0.8710161871415935,3,43350,9295,9305,31,0,32.81672101815541,32,80,1355,5.0,3279619,3072,128,True,5,,,,,,,,,,,,,,,,,,,,,,,,,,
age_class,lstm,,40m,19,False,False,0.5544295856669424,0.658871305360789,0.7566180771843184,0.6776922707609855,0.8700658221079616,3,43350,9295,9305,31,0,32.81672101815541,32,80,1355,5.0,3279619,3072,128,True,5,,,,,,,,,,,,,,,,,,,,,,,,,,
age_class,lstm,,40m,20,False,False,0.5472117188095084,0.711162358929612,0.7597717056863557,0.6875610068002649,0.8540563805571821,3,43350,9295,9305,31,0,32.81672101815541,32,80,1355,5.0,3279619,3072,128,True,5,,,,,,,,,,,,,,,,,,,,,,,,,,
age_class,lstm,,40m,21,True,False,0.541643878436006,0.6551529852083257,0.761933485405271,0.6778386481420515,0.876283457319821,3,43350,9295,9305,31,0,32.81672101815541,32,80,1355,5.0,3279619,3072,128,True,5,0.7952941176470588,0.7961462458750045,0.7677824713708504,0.9317239715346561,0.81390937829294,0.768969422423556,0.8055599369085173,,,0.722754168908015,0.6778386481420515,0.6619718845681802,0.587434554973822,0.6731034482758621,0.7729779411764706,,,0.7134873723804406,0.6668664802391205,0.6471083653619979,0.8744956071592186,0.5867346938775511,0.6453874538745388,0.7684772929652716,,
age_class,lstm,,40m,22,False,False,0.535164780216646,0.6669576215962045,0.7676638640741767,0.6946068408858398,0.862181516757849,3,43350,9295,9305,31,0,32.81672101815541,32,80,1355,5.0,3279619,3072,128,True,5,,,,,,,,,,,,,,,,,,,,,,,,,,
age_class,lstm,,40m,23,False,False,0.5238303732198277,0.6755966537995259,0.7733864066461461,0.6629137638987713,0.8746309329707236,3,43350,9295,9305,31,0,32.81672101815541,32,80,1355,5.0,3279619,3072,128,True,5,,,,,,,,,,,,,,,,,,,,,,,,,,
age_class,lstm,,40m,24,False,False,0.518237740388516,0.6565590437219117,0.7751627407953454,0.6797735995914884,0.8721888148785415,3,43350,9295,9305,31,0,32.81672101815541,32,80,1355,5.0,3279619,3072,128,True,5,,,,,,,,,,,,,,,,,,,,,,,,,,
age_class,lstm,,40m,25,False,False,0.5078425035922173,0.6686491695637983,0.7796291576082707,0.6957843026631126,0.8646969810741393,3,43350,9295,9305,31,0,32.81672101815541,32,80,1355,5.0,3279619,3072,128,True,5,,,,,,,,,,,,,,,,,,,,,,,,,,
age_class,lstm,,40m,26,False,False,0.5039077789423237,0.6576779978835756,0.7858502382249638,0.6909542384836224,0.8711743900418112,3,43350,9295,9305,31,0,32.81672101815541,32,80,1355,5.0,3279619,3072,128,True,5,,,,,,,,,,,,,,,,,,,,,,,,,,
age_class,lstm,,40m,27,False,False,0.4954191049050019,0.6570228393325375,0.7879804507100737,0.6837202709663032,0.8724032961867122,3,43350,9295,9305,31,0,32.81672101815541,32,80,1355,5.0,3279619,3072,128,True,5,,,,,,,,,,,,,,,,,,,,,,,,,,
age_class,lstm,,40m,28,False,False,0.4919155424963919,0.6533109758027207,0.7903746977232089,0.6816995706027491,0.8742545368426246,3,43350,9295,9305,31,0,32.81672101815541,32,80,1355,5.0,3279619,3072,128,True,5,,,,,,,,,,,,,,,,,,,,,,,,,,
age_class,lstm,,40m,29,False,False,0.4841307920128141,0.6683257232435676,0.7937358334378928,0.6736886347786993,0.8749329189353046,3,43350,9295,9305,31,0,32.81672101815541,32,80,1355,5.0,3279619,3072,128,True,5,,,,,,,,,,,,,,,,,,,,,,,,,,
age_class,lstm,,40m,30,False,False,0.4792023898738478,0.6519087702757316,0.7992561725763242,0.6936367013405832,0.8722510246090175,3,43350,9295,9305,31,0,32.81672101815541,32,80,1355,5.0,3279619,3072,128,True,5,,,,,,,,,,,,,,,,,,,,,,,,,,
age_class,lstm,,40m,31,False,False,0.4724947705153363,0.6628360784970797,0.7981561312388165,0.6809180202591959,0.8731608238379257,3,43350,9295,9305,31,0,32.81672101815541,32,80,1355,5.0,3279619,3072,128,True,5,,,,,,,,,,,,,,,,,,,,,,,,,,
age_class,lstm,,80m,1,False,False,0.8663611139310685,0.8083203680865414,0.5704688624869748,0.6228158950437009,0.8141189304361115,3,43350,9295,9305,40,0,108.21483101844788,32,160,1355,5.0,3279619,3072,128,True,5,,,,,,,,,,,,,,,,,,,,,,,,,,
age_class,lstm,,80m,2,False,False,0.7672915876832938,0.7670963163206563,0.6350542844563932,0.6281057182757559,0.8269707859301739,3,43350,9295,9305,40,0,108.21483101844788,32,160,1355,5.0,3279619,3072,128,True,5,,,,,,,,,,,,,,,,,,,,,,,,,,
age_class,lstm,,80m,3,False,False,0.7344172422476156,0.721654242062325,0.6539205962206652,0.6609406074218819,0.8444486190470116,3,43350,9295,9305,40,0,108.21483101844788,32,160,1355,5.0,3279619,3072,128,True,5,,,,,,,,,,,,,,,,,,,,,,,,,,
age_class,lstm,,80m,4,False,False,0.7043205426556016,0.6945324928482224,0.6753844987889801,0.6687320479735493,0.8564056744327256,3,43350,9295,9305,40,0,108.21483101844788,32,160,1355,5.0,3279619,3072,128,True,5,,,,,,,,,,,,,,,,,,,,,,,,,,
age_class,lstm,,80m,5,False,False,0.6780800655996373,0.6897684603560799,0.6880589467433588,0.6837916918888878,0.8538765491466127,3,43350,9295,9305,40,0,108.21483101844788,32,160,1355,5.0,3279619,3072,128,True,5,,,,,,,,,,,,,,,,,,,,,,,,,,
age_class,lstm,,80m,6,False,False,0.6597153613339108,0.6872968704422165,0.6986800400102587,0.6795590093773564,0.8575294355671307,3,43350,9295,9305,40,0,108.21483101844788,32,160,1355,5.0,3279619,3072,128,True,5,,,,,,,,,,,,,,,,,,,,,,,,,,
age_class,lstm,,80m,7,False,False,0.637402012796413,0.6706294095407191,0.7097547426835668,0.6783163459462139,0.8635427613910275,3,43350,9295,9305,40,0,108.21483101844788,32,160,1355,5.0,3279619,3072,128,True,5,,,,,,,,,,,,,,,,,,,,,,,,,,
age_class,lstm,,80m,8,False,False,0.6281728398071166,0.6621526593287316,0.7169208716866509,0.6822752722229892,0.8707662207612223,3,43350,9295,9305,40,0,108.21483101844788,32,160,1355,5.0,3279619,3072,128,True,5,,,,,,,,,,,,,,,,,,,,,,,,,,
age_class,lstm,,80m,9,False,False,0.6154557175372298,0.6702541287641746,0.7226923310001411,0.6906896817221201,0.861648783601205,3,43350,9295,9305,40,0,108.21483101844788,32,160,1355,5.0,3279619,3072,128,True,5,,,,,,,,,,,,,,,,,,,,,,,,,,
age_class,lstm,,80m,10,False,False,0.6005080592054809,0.650887686838188,0.7284711039528654,0.6752420979223969,0.8767722018232119,3,43350,9295,9305,40,0,108.21483101844788,32,160,1355,5.0,3279619,3072,128,True,5,,,,,,,,,,,,,,,,,,,,,,,,,,
age_class,lstm,,80m,11,False,False,0.5939318642016788,0.6884616433644307,0.7352789126054318,0.6492329834082035,0.8760923706052784,3,43350,9295,9305,40,0,108.21483101844788,32,160,1355,5.0,3279619,3072,128,True,5,,,,,,,,,,,,,,,,,,,,,,,,,,
age_class,lstm,,80m,12,False,False,0.5802167140131316,0.6456924379224608,0.7442916460624646,0.7084532428696338,0.8712102711292227,3,43350,9295,9305,40,0,108.21483101844788,32,160,1355,5.0,3279619,3072,128,True,5,,,,,,,,,,,,,,,,,,,,,,,,,,
age_class,lstm,,80m,13,False,False,0.5757769772695698,0.6447280984145457,0.745765854630242,0.6921381319272609,0.8737164540147587,3,43350,9295,9305,40,0,108.21483101844788,32,160,1355,5.0,3279619,3072,128,True,5,,,,,,,,,,,,,,,,,,,,,,,,,,
age_class,lstm,,80m,14,False,False,0.5681978862260865,0.6393860312095568,0.749198063744609,0.6911668662319594,0.8803908677298073,3,43350,9295,9305,40,0,108.21483101844788,32,160,1355,5.0,3279619,3072,128,True,5,,,,,,,,,,,,,,,,,,,,,,,,,,
age_class,lstm,,80m,15,False,False,0.5571335168610807,0.6503930071914882,0.7534986288895378,0.6917839765442194,0.8803376927908798,3,43350,9295,9305,40,0,108.21483101844788,32,160,1355,5.0,3279619,3072,128,True,5,,,,,,,,,,,,,,,,,,,,,,,,,,
age_class,lstm,,80m,16,False,False,0.553542095228875,0.6474893082207798,0.7542931348985565,0.687574332540382,0.8753055759711272,3,43350,9295,9305,40,0,108.21483101844788,32,160,1355,5.0,3279619,3072,128,True,5,,,,,,,,,,,,,,,,,,,,,,,,,,
age_class,lstm,,80m,17,False,False,0.5427092325728657,0.6473219705051219,0.7602138705272331,0.7156513704958423,0.8718208354474951,3,43350,9295,9305,40,0,108.21483101844788,32,160,1355,5.0,3279619,3072,128,True,5,,,,,,,,,,,,,,,,,,,,,,,,,,
age_class,lstm,,80m,18,False,False,0.5340377423177541,0.6505207025408424,0.7668126571305237,0.6765227672581942,0.8813337953921717,3,43350,9295,9305,40,0,108.21483101844788,32,160,1355,5.0,3279619,3072,128,True,5,,,,,,,,,,,,,,,,,,,,,,,,,,
age_class,lstm,,80m,19,False,False,0.5291174253130454,0.6396085848084953,0.7699554656383283,0.6974450332579322,0.8775258613520034,3,43350,9295,9305,40,0,108.21483101844788,32,160,1355,5.0,3279619,3072,128,True,5,,,,,,,,,,,,,,,,,,,,,,,,,,
age_class,lstm,,80m,20,False,False,0.5173665109843943,0.688975736420279,0.7731485850807034,0.6441986170257957,0.8836990582973514,3,43350,9295,9305,40,0,108.21483101844788,32,160,1355,5.0,3279619,3072,128,True,5,,,,,,,,,,,,,,,,,,,,,,,,,,
age_class,lstm,,80m,21,False,False,0.510199308865623,0.6415763969765099,0.7802876360522594,0.694194778380751,0.8791572127689484,3,43350,9295,9305,40,0,108.21483101844788,32,160,1355,5.0,3279619,3072,128,True,5,,,,,,,,,,,,,,,,,,,,,,,,,,
age_class,lstm,,80m,22,False,False,0.5033072803589712,0.6344181697813652,0.7820723616907385,0.6979261294245086,0.8830322099300355,3,43350,9295,9305,40,0,108.21483101844788,32,160,1355,5.0,3279619,3072,128,True,5,,,,,,,,,,,,,,,,,,,,,,,,,,
age_class,lstm,,80m,23,False,False,0.4948252119215027,0.6415365859345122,0.790131451201766,0.6772928547660263,0.8858370947522735,3,43350,9295,9305,40,0,108.21483101844788,32,160,1355,5.0,3279619,3072,128,True,5,,,,,,,,,,,,,,,,,,,,,,,,,,
age_class,lstm,,80m,24,False,False,0.4902694668186852,0.6317313488290283,0.7916992972412894,0.706052341861099,0.8782256647219286,3,43350,9295,9305,40,0,108.21483101844788,32,160,1355,5.0,3279619,3072,128,True,5,,,,,,,,,,,,,,,,,,,,,,,,,,
age_class,lstm,,80m,25,False,False,0.481239322088444,0.6378743250694501,0.7967989771692409,0.6915771565441485,0.8841962146149558,3,43350,9295,9305,40,0,108.21483101844788,32,160,1355,5.0,3279619,3072,128,True,5,,,,,,,,,,,,,,,,,,,,,,,,,,
age_class,lstm,,80m,26,False,False,0.475775612709569,0.6278422357511495,0.7976512156536654,0.7041316918534881,0.8822077360296149,3,43350,9295,9305,40,0,108.21483101844788,32,160,1355,5.0,3279619,3072,128,True,5,,,,,,,,,,,,,,,,,,,,,,,,,,
age_class,lstm,,80m,27,False,False,0.4690807946028044,0.6293284490391925,0.8030956643652347,0.6987014383745915,0.886399819995405,3,43350,9295,9305,40,0,108.21483101844788,32,160,1355,5.0,3279619,3072,128,True,5,,,,,,,,,,,,,,,,,,,,,,,,,,
age_class,lstm,,80m,28,False,False,0.4595094449737355,0.6421581537958241,0.8058348601025608,0.6892269743246638,0.8849759682333732,3,43350,9295,9305,40,0,108.21483101844788,32,160,1355,5.0,3279619,3072,128,True,5,,,,,,,,,,,,,,,,,,,,,,,,,,
age_class,lstm,,80m,29,False,False,0.4569481518001842,0.6387335214838025,0.8068790936987539,0.698428489693404,0.8851170297113079,3,43350,9295,9305,40,0,108.21483101844788,32,160,1355,5.0,3279619,3072,128,True,5,,,,,,,,,,,,,,,,,,,,,,,,,,
age_class,lstm,,80m,30,False,False,0.4509596497212314,0.6311940905225732,0.8114766799949494,0.7038767283858841,0.882914670312187,3,43350,9295,9305,40,0,108.21483101844788,32,160,1355,5.0,3279619,3072,128,True,5,,,,,,,,,,,,,,,,,,,,,,,,,,
age_class,lstm,,80m,31,False,False,0.4469243230621707,0.634592691123197,0.8149862151288926,0.7001838854787267,0.8842369369413693,3,43350,9295,9305,40,0,108.21483101844788,32,160,1355,5.0,3279619,3072,128,True,5,,,,,,,,,,,,,,,,,,,,,,,,,,
age_class,lstm,,80m,32,False,False,0.4382291475656811,0.6409700428689277,0.8168705812061708,0.6943440164926775,0.8860563040382973,3,43350,9295,9305,40,0,108.21483101844788,32,160,1355,5.0,3279619,3072,128,True,5,,,,,,,,,,,,,,,,,,,,,,,,,,
age_class,lstm,,80m,33,False,False,0.4350276968580904,0.6332710615212459,0.8203524608308445,0.7031768139644375,0.8836611091916501,3,43350,9295,9305,40,0,108.21483101844788,32,160,1355,5.0,3279619,3072,128,True,5,,,,,,,,,,,,,,,,,,,,,,,,,,
age_class,lstm,,80m,34,False,False,0.4300853642927871,0.6342908458596856,0.8226382935101583,0.701035310224469,0.88478823486312,3,43350,9295,9305,40,0,108.21483101844788,32,160,1355,5.0,3279619,3072,128,True,5,,,,,,,,,,,,,,,,,,,,,,,,,,
age_class,lstm,,80m,35,False,False,0.4271997352289906,0.65136836974322,0.8248868156122989,0.6875349150763393,0.8869805762270632,3,43350,9295,9305,40,0,108.21483101844788,32,160,1355,5.0,3279619,3072,128,True,5,,,,,,,,,,,,,,,,,,,,,,,,,,
age_class,lstm,,80m,36,False,False,0.4217094836570537,0.6355468906850953,0.8266014303122545,0.7002022401757237,0.8857756358526694,3,43350,9295,9305,40,0,108.21483101844788,32,160,1355,5.0,3279619,3072,128,True,5,,,,,,,,,,,,,,,,,,,,,,,,,,
age_class,lstm,,80m,37,True,False,0.4155320132149957,0.642122444278005,0.8280193899692935,0.6945106468747456,0.8873078044652073,3,43350,9295,9305,40,0,108.21483101844788,32,160,1355,5.0,3279619,3072,128,True,5,0.84959630911188,0.8578224074088721,0.833570539788605,0.9588784635106347,0.8952581664910432,0.8235560588901473,0.8546529968454258,,,0.735449166218397,0.6945106468747456,0.6791613974046579,0.6335078534031413,0.6524137931034483,0.7976102941176471,,,0.7373455131649651,0.6899812159751342,0.6698370852128025,0.8876647695439482,0.6316326530612245,0.6313653136531365,0.8069456812110418,,
age_class,lstm,,80m,38,False,False,0.4089070362203261,0.640841021955879,0.8336541574512989,0.6991481216967741,0.8869854924057439,3,43350,9295,9305,40,0,108.21483101844788,32,160,1355,5.0,3279619,3072,128,True,5,,,,,,,,,,,,,,,,,,,,,,,,,,
age_class,lstm,,80m,39,False,False,0.4084207736950844,0.6416521114518143,0.8340612141635662,0.699127930645087,0.8867464941907669,3,43350,9295,9305,40,0,108.21483101844788,32,160,1355,5.0,3279619,3072,128,True,5,,,,,,,,,,,,,,,,,,,,,,,,,,
age_class,lstm,,80m,40,False,False,0.406590525448116,0.6405639064959648,0.8343216385237184,0.6998999496440569,0.8865130808512237,3,43350,9295,9305,40,0,108.21483101844788,32,160,1355,5.0,3279619,3072,128,True,5,,,,,,,,,,,,,,,,,,,,,,,,,,
age_class,lstm,,120m,1,False,False,0.8531673330006715,0.7715600171802248,0.5816136856304541,0.6248074438296712,0.8282020388878178,3,43350,9295,9305,33,0,107.25888152917226,32,240,1355,5.0,3279619,3072,128,True,5,,,,,,,,,,,,,,,,,,,,,,,,,,
age_class,lstm,,120m,2,False,False,0.7478411555262723,0.7194942772099894,0.6474610621734032,0.6568437996700757,0.8517332999008008,3,43350,9295,9305,33,0,107.25888152917226,32,240,1355,5.0,3279619,3072,128,True,5,,,,,,,,,,,,,,,,,,,,,,,,,,
age_class,lstm,,120m,3,False,False,0.6982181037998529,0.6901441781991524,0.6796236612668675,0.6549826210047117,0.8646974072955383,3,43350,9295,9305,33,0,107.25888152917226,32,240,1355,5.0,3279619,3072,128,True,5,,,,,,,,,,,,,,,,,,,,,,,,,,
age_class,lstm,,120m,4,False,False,0.6673742735289647,0.6545278386764465,0.6967280390321652,0.6860231836460889,0.8753199283331292,3,43350,9295,9305,33,0,107.25888152917226,32,240,1355,5.0,3279619,3072,128,True,5,,,,,,,,,,,,,,,,,,,,,,,,,,
age_class,lstm,,120m,5,False,False,0.6291287471128858,0.6618249859458468,0.7142465858497613,0.6678301035615547,0.8777181921611877,3,43350,9295,9305,33,0,107.25888152917226,32,240,1355,5.0,3279619,3072,128,True,5,,,,,,,,,,,,,,,,,,,,,,,,,,
age_class,lstm,,120m,6,False,False,0.6113754755897918,0.634723210219352,0.7261895009462571,0.7175568738959748,0.8778035530616162,3,43350,9295,9305,33,0,107.25888152917226,32,240,1355,5.0,3279619,3072,128,True,5,,,,,,,,,,,,,,,,,,,,,,,,,,
age_class,lstm,,120m,7,False,False,0.5903872861059204,0.6491312816458533,0.7360237920814838,0.7102486070254063,0.8765802927319113,3,43350,9295,9305,33,0,107.25888152917226,32,240,1355,5.0,3279619,3072,128,True,5,,,,,,,,,,,,,,,,,,,,,,,,,,
age_class,lstm,,120m,8,False,False,0.5788256927317539,0.6417248935998288,0.7390038770533888,0.717946652347525,0.875659832173489,3,43350,9295,9305,33,0,107.25888152917226,32,240,1355,5.0,3279619,3072,128,True,5,,,,,,,,,,,,,,,,,,,,,,,,,,
age_class,lstm,,120m,9,False,False,0.5691119898383042,0.6244532094840531,0.7509441948411713,0.722492524045184,0.8790464485290913,3,43350,9295,9305,33,0,107.25888152917226,32,240,1355,5.0,3279619,3072,128,True,5,,,,,,,,,,,,,,,,,,,,,,,,,,
age_class,lstm,,120m,10,False,False,0.5519802815553914,0.6207977255035819,0.7568257579168777,0.7085737763240338,0.88629063821784,3,43350,9295,9305,33,0,107.25888152917226,32,240,1355,5.0,3279619,3072,128,True,5,,,,,,,,,,,,,,,,,,,,,,,,,,
age_class,lstm,,120m,11,False,False,0.5394145947770401,0.6245643908327276,0.7641002498832726,0.6843823719684661,0.8934471247416199,3,43350,9295,9305,33,0,107.25888152917226,32,240,1355,5.0,3279619,3072,128,True,5,,,,,,,,,,,,,,,,,,,,,,,,,,
age_class,lstm,,120m,12,False,False,0.5282925483539718,0.6146643358446565,0.7712327146220278,0.6950904061751078,0.8924629646514358,3,43350,9295,9305,33,0,107.25888152917226,32,240,1355,5.0,3279619,3072,128,True,5,,,,,,,,,,,,,,,,,,,,,,,,,,
age_class,lstm,,120m,13,False,False,0.5255364041977413,0.6102032513692854,0.7732917189101887,0.7228491087263574,0.8881477007529783,3,43350,9295,9305,33,0,107.25888152917226,32,240,1355,5.0,3279619,3072,128,True,5,,,,,,,,,,,,,,,,,,,,,,,,,,
age_class,lstm,,120m,14,False,False,0.5185603440894112,0.6237264986510171,0.7782345077662551,0.7024017151995299,0.8930808554855437,3,43350,9295,9305,33,0,107.25888152917226,32,240,1355,5.0,3279619,3072,128,True,5,,,,,,,,,,,,,,,,,,,,,,,,,,
age_class,lstm,,120m,15,False,False,0.5045803979138876,0.6082161158307257,0.7817258829984928,0.7136080320826651,0.8880516443795349,3,43350,9295,9305,33,0,107.25888152917226,32,240,1355,5.0,3279619,3072,128,True,5,,,,,,,,,,,,,,,,,,,,,,,,,,
age_class,lstm,,120m,16,False,False,0.4941831941436869,0.6187448303631521,0.7902509734661085,0.719649787248353,0.8838830701452043,3,43350,9295,9305,33,0,107.25888152917226,32,240,1355,5.0,3279619,3072,128,True,5,,,,,,,,,,,,,,,,,,,,,,,,,,
age_class,lstm,,120m,17,False,False,0.4815172639767603,0.6027582089961249,0.7963693966186086,0.7059380387377915,0.8953030125270965,3,43350,9295,9305,33,0,107.25888152917226,32,240,1355,5.0,3279619,3072,128,True,5,,,,,,,,,,,,,,,,,,,,,,,,,,
age_class,lstm,,120m,18,False,False,0.4760321597409496,0.624835509536342,0.7961933091946373,0.7202283562368801,0.8838071644382173,3,43350,9295,9305,33,0,107.25888152917226,32,240,1355,5.0,3279619,3072,128,True,5,,,,,,,,,,,,,,,,,,,,,,,,,,
age_class,lstm,,120m,19,False,False,0.4610116762823437,0.6067559275786167,0.8044460381025212,0.7178149879287335,0.8933987378585604,3,43350,9295,9305,33,0,107.25888152917226,32,240,1355,5.0,3279619,3072,128,True,5,,,,,,,,,,,,,,,,,,,,,,,,,,
age_class,lstm,,120m,20,False,False,0.4534215100276291,0.6168156654235816,0.8102017901490207,0.7023345178927322,0.8994815454134669,3,43350,9295,9305,33,0,107.25888152917226,32,240,1355,5.0,3279619,3072,128,True,5,,,,,,,,,,,,,,,,,,,,,,,,,,
age_class,lstm,,120m,21,False,False,0.4466485624357353,0.5978820987578808,0.8128408455144417,0.7251829562390041,0.8983321101925728,3,43350,9295,9305,33,0,107.25888152917226,32,240,1355,5.0,3279619,3072,128,True,5,,,,,,,,,,,,,,,,,,,,,,,,,,
age_class,lstm,,120m,22,False,False,0.4358720275343771,0.6276100008381253,0.8180880216033728,0.6912404000686753,0.8961278413277302,3,43350,9295,9305,33,0,107.25888152917226,32,240,1355,5.0,3279619,3072,128,True,5,,,,,,,,,,,,,,,,,,,,,,,,,,
age_class,lstm,,120m,23,True,False,0.4296659004330772,0.608862475184358,0.8215754588428353,0.7119495427255574,0.8999197139260309,3,43350,9295,9305,33,0,107.25888152917226,32,240,1355,5.0,3279619,3072,128,True,5,0.8617762399077278,0.8620844418368031,0.8446543062641525,0.9621763434980187,0.8933614330874605,0.8099660249150623,0.8829258675078865,,,0.756750941366326,0.7119495427255574,0.6998582854680878,0.6534031413612565,0.6513793103448275,0.8310661764705882,,,0.7572272971520688,0.6933080575830929,0.6803793394346793,0.900203360217905,0.6061224489795919,0.6276752767527676,0.846126447016919,,
age_class,lstm,,120m,24,False,False,0.4223658341753716,0.6087574452915263,0.8249771460779994,0.7171579534955344,0.8978920650120866,3,43350,9295,9305,33,0,107.25888152917226,32,240,1355,5.0,3279619,3072,128,True,5,,,,,,,,,,,,,,,,,,,,,,,,,,
age_class,lstm,,120m,25,False,False,0.4090408645231693,0.6058753086329147,0.8312774985560196,0.7226862992895299,0.8980447257399714,3,43350,9295,9305,33,0,107.25888152917226,32,240,1355,5.0,3279619,3072,128,True,5,,,,,,,,,,,,,,,,,,,,,,,,,,
age_class,lstm,,120m,26,False,False,0.4014573705292628,0.6047431000655156,0.8357069169519352,0.7262062416589673,0.897001399913146,3,43350,9295,9305,33,0,107.25888152917226,32,240,1355,5.0,3279619,3072,128,True,5,,,,,,,,,,,,,,,,,,,,,,,,,,
age_class,lstm,,120m,27,False,False,0.3938897045178396,0.6193989819259398,0.8393949642711608,0.7154351629620977,0.8995122626681141,3,43350,9295,9305,33,0,107.25888152917226,32,240,1355,5.0,3279619,3072,128,True,5,,,,,,,,,,,,,,,,,,,,,,,,,,
age_class,lstm,,120m,28,False,False,0.3813346427025954,0.613865515216183,0.8484719499344635,0.7227435183316873,0.8966349766512257,3,43350,9295,9305,33,0,107.25888152917226,32,240,1355,5.0,3279619,3072,128,True,5,,,,,,,,,,,,,,,,,,,,,,,,,,
age_class,lstm,,120m,29,False,False,0.3746380905159067,0.6150859245213852,0.8496185079152547,0.7215607377632404,0.8964261946253992,3,43350,9295,9305,33,0,107.25888152917226,32,240,1355,5.0,3279619,3072,128,True,5,,,,,,,,,,,,,,,,,,,,,,,,,,
age_class,lstm,,120m,30,False,False,0.3671976048668638,0.6452845369442103,0.8550815790565834,0.7034016081157142,0.8990075152384552,3,43350,9295,9305,33,0,107.25888152917226,32,240,1355,5.0,3279619,3072,128,True,5,,,,,,,,,,,,,,,,,,,,,,,,,,
age_class,lstm,,120m,31,False,False,0.3601298882433287,0.6365703772863692,0.8568172898345586,0.7092008803882629,0.897497018703033,3,43350,9295,9305,33,0,107.25888152917226,32,240,1355,5.0,3279619,3072,128,True,5,,,,,,,,,,,,,,,,,,,,,,,,,,
age_class,lstm,,120m,32,False,False,0.3533823889033329,0.6263587758482112,0.8606939019441388,0.72128216275678,0.896162147705892,3,43350,9295,9305,33,0,107.25888152917226,32,240,1355,5.0,3279619,3072,128,True,5,,,,,,,,,,,,,,,,,,,,,,,,,,
age_class,lstm,,120m,33,False,False,0.3461292711701222,0.6292503389060465,0.864023263777007,0.7197969965202184,0.8971311745284529,3,43350,9295,9305,33,0,107.25888152917226,32,240,1355,5.0,3279619,3072,128,True,5,,,,,,,,,,,,,,,,,,,,,,,,,,
age_class,lstm,,240m,1,False,False,0.852136593993554,0.7761768073084022,0.5834895745209302,0.6136270106977616,0.8328820147647953,3,43346,9295,9305,35,0,152.35240578651428,32,480,1355,4.999538638985006,3279619,3072,128,True,5,,,,,,,,,,,,,,,,,,,,,,,,,,
age_class,lstm,,240m,2,False,False,0.7395553733636647,0.7103130483383643,0.652206314529592,0.6545964334009465,0.8503990969965886,3,43346,9295,9305,35,0,152.35240578651428,32,480,1355,4.999538638985006,3279619,3072,128,True,5,,,,,,,,,,,,,,,,,,,,,,,,,,
age_class,lstm,,240m,3,False,False,0.6824653977679045,0.672885784812997,0.6890126519707893,0.697573476312352,0.8631560048054318,3,43346,9295,9305,35,0,152.35240578651428,32,480,1355,4.999538638985006,3279619,3072,128,True,5,,,,,,,,,,,,,,,,,,,,,,,,,,
age_class,lstm,,240m,4,False,False,0.6432979047829216,0.6579316319221448,0.7079163671515416,0.7038836025473558,0.8688901040645924,3,43346,9295,9305,35,0,152.35240578651428,32,480,1355,4.999538638985006,3279619,3072,128,True,5,,,,,,,,,,,,,,,,,,,,,,,,,,
age_class,lstm,,240m,5,False,False,0.6125766503400005,0.650351420466524,0.7231532919548966,0.7178859066193728,0.875283579902057,3,43346,9295,9305,35,0,152.35240578651428,32,480,1355,4.999538638985006,3279619,3072,128,True,5,,,,,,,,,,,,,,,,,,,,,,,,,,
age_class,lstm,,240m,6,False,False,0.5920549394438309,0.6211266982484851,0.7311993767830952,0.7268788452824712,0.8842586648971498,3,43346,9295,9305,35,0,152.35240578651428,32,480,1355,4.999538638985006,3279619,3072,128,True,5,,,,,,,,,,,,,,,,,,,,,,,,,,
age_class,lstm,,240m,7,False,False,0.564227551842013,0.6413918801633949,0.751481025348363,0.672594585541384,0.8896789254399087,3,43346,9295,9305,35,0,152.35240578651428,32,480,1355,4.999538638985006,3279619,3072,128,True,5,,,,,,,,,,,,,,,,,,,,,,,,,,
age_class,lstm,,240m,8,False,False,0.5452684671262884,0.6098907315775937,0.7598859183691578,0.7208788815670699,0.8919838869055795,3,43346,9295,9305,35,0,152.35240578651428,32,480,1355,4.999538638985006,3279619,3072,128,True,5,,,,,,,,,,,,,,,,,,,,,,,,,,
age_class,lstm,,240m,9,False,False,0.5278583614237554,0.6318042287684179,0.771545172546284,0.7228539252855862,0.880562560933802,3,43346,9295,9305,35,0,152.35240578651428,32,480,1355,4.999538638985006,3279619,3072,128,True,5,,,,,,,,,,,,,,,,,,,,,,,,,,
age_class,lstm,,240m,10,False,False,0.5235764430899011,0.6173943567686404,0.7750943637506605,0.7175945147421668,0.8858552526509925,3,43346,9295,9305,35,0,152.35240578651428,32,480,1355,4.999538638985006,3279619,3072,128,True,5,,,,,,,,,,,,,,,,,,,,,,,,,,
age_class,lstm,,240m,11,False,False,0.5017362249888717,0.64443304433561,0.7874337802943425,0.6788340187582526,0.8969569234354952,3,43346,9295,9305,35,0,152.35240578651428,32,480,1355,4.999538638985006,3279619,3072,128,True,5,,,,,,,,,,,,,,,,,,,,,,,,,,
age_class,lstm,,240m,12,False,False,0.4818808436421239,0.6005964627408289,0.7969845530982095,0.7328313469728025,0.8939657642416514,3,43346,9295,9305,35,0,152.35240578651428,32,480,1355,4.999538638985006,3279619,3072,128,True,5,,,,,,,,,,,,,,,,,,,,,,,,,,
age_class,lstm,,240m,13,False,False,0.4784372868419865,0.5967199815865035,0.7964597121777258,0.7180776397488043,0.8967022365653797,3,43346,9295,9305,35,0,152.35240578651428,32,480,1355,4.999538638985006,3279619,3072,128,True,5,,,,,,,,,,,,,,,,,,,,,,,,,,
age_class,lstm,,240m,14,False,False,0.4665247432687134,0.5987265649247131,0.80134322524927,0.7292100798615166,0.8944714855660738,3,43346,9295,9305,35,0,152.35240578651428,32,480,1355,4.999538638985006,3279619,3072,128,True,5,,,,,,,,,,,,,,,,,,,,,,,,,,
age_class,lstm,,240m,15,False,False,0.4513689606387631,0.6041049459789825,0.8138920501766164,0.7271613186708156,0.894302912447225,3,43346,9295,9305,35,0,152.35240578651428,32,480,1355,4.999538638985006,3279619,3072,128,True,5,,,,,,,,,,,,,,,,,,,,,,,,,,
age_class,lstm,,240m,16,False,False,0.4331328121064602,0.6197932185057096,0.8223116981691683,0.6965991839505256,0.8971313335881407,3,43346,9295,9305,35,0,152.35240578651428,32,480,1355,4.999538638985006,3279619,3072,128,True,5,,,,,,,,,,,,,,,,,,,,,,,,,,
age_class,lstm,,240m,17,False,False,0.4249478690692331,0.613755953869812,0.8261869848194098,0.7098241502323984,0.8997819876086144,3,43346,9295,9305,35,0,152.35240578651428,32,480,1355,4.999538638985006,3279619,3072,128,True,5,,,,,,,,,,,,,,,,,,,,,,,,,,
age_class,lstm,,240m,18,False,False,0.4084918172175314,0.6090748049547238,0.8344164497505638,0.7125851205710664,0.8975214207974794,3,43346,9295,9305,35,0,152.35240578651428,32,480,1355,4.999538638985006,3279619,3072,128,True,5,,,,,,,,,,,,,,,,,,,,,,,,,,
age_class,lstm,,240m,19,False,False,0.3929739748345839,0.6128422577769734,0.8408322215884351,0.7264479745229018,0.8959580062162719,3,43346,9295,9305,35,0,152.35240578651428,32,480,1355,4.999538638985006,3279619,3072,128,True,5,,,,,,,,,,,,,,,,,,,,,,,,,,
age_class,lstm,,240m,20,False,False,0.3839068779792243,0.638802798574108,0.8472910111668871,0.701701002074417,0.8956667741805875,3,43346,9295,9305,35,0,152.35240578651428,32,480,1355,4.999538638985006,3279619,3072,128,True,5,,,,,,,,,,,,,,,,,,,,,,,,,,
age_class,lstm,,240m,21,False,False,0.3726063276951025,0.6230344721166725,0.8502943365717468,0.7168587006927704,0.899183836320474,3,43346,9295,9305,35,0,152.35240578651428,32,480,1355,4.999538638985006,3279619,3072,128,True,5,,,,,,,,,,,,,,,,,,,,,,,,,,
age_class,lstm,,240m,22,False,False,0.3647251502789805,0.6339939648903719,0.8536963025423502,0.7105596700225495,0.8963194912751584,3,43346,9295,9305,35,0,152.35240578651428,32,480,1355,4.999538638985006,3279619,3072,128,True,5,,,,,,,,,,,,,,,,,,,,,,,,,,
age_class,lstm,,240m,23,False,False,0.3489161311331527,0.6522043761545256,0.8621230027902277,0.7013309102301329,0.8955185681914447,3,43346,9295,9305,35,0,152.35240578651428,32,480,1355,4.999538638985006,3279619,3072,128,True,5,,,,,,,,,,,,,,,,,,,,,,,,,,
age_class,lstm,,240m,24,False,False,0.3390031869006752,0.6592288439539313,0.8701793768425707,0.702106641763042,0.896482768442817,3,43346,9295,9305,35,0,152.35240578651428,32,480,1355,4.999538638985006,3279619,3072,128,True,5,,,,,,,,,,,,,,,,,,,,,,,,,,
age_class,lstm,,240m,25,True,False,0.3317301246944222,0.6598968345802148,0.8735651319518896,0.6934581302280797,0.9008351001131091,3,43346,9295,9305,35,0,152.35240578651428,32,480,1355,4.999538638985006,3279619,3072,128,True,5,0.9031744566972731,0.9079264335478107,0.8996287318863009,0.9793699215320723,0.9211801896733404,0.9023782559456399,0.9002208550244518,,,0.7598708983324368,0.6934581302280797,0.6941628970401744,0.556020942408377,0.6931034482758621,0.83125,,,0.7680816765180011,0.6929838636075131,0.6903426599068766,0.9041235782496777,0.5459183673469388,0.6870848708487085,0.8459483526268923,,
age_class,lstm,,240m,26,False,False,0.3182900918045444,0.6830757597494408,0.8767478371003685,0.6942455325694098,0.8985032095559337,3,43346,9295,9305,35,0,152.35240578651428,32,480,1355,4.999538638985006,3279619,3072,128,True,5,,,,,,,,,,,,,,,,,,,,,,,,,,
age_class,lstm,,240m,27,False,False,0.3126697934555841,0.6567596404253635,0.8789744801538418,0.7094841812424555,0.8982209472702172,3,43346,9295,9305,35,0,152.35240578651428,32,480,1355,4.999538638985006,3279619,3072,128,True,5,,,,,,,,,,,,,,,,,,,,,,,,,,
age_class,lstm,,240m,28,False,False,0.3001679535739473,0.6585868148793451,0.8863321023320343,0.7272258964065857,0.8959732179636163,3,43346,9295,9305,35,0,152.35240578651428,32,480,1355,4.999538638985006,3279619,3072,128,True,5,,,,,,,,,,,,,,,,,,,,,,,,,,
age_class,lstm,,240m,29,False,False,0.2872030167035005,0.7040393232209122,0.8923253454004215,0.6922154844967414,0.8981549432962369,3,43346,9295,9305,35,0,152.35240578651428,32,480,1355,4.999538638985006,3279619,3072,128,True,5,,,,,,,,,,,,,,,,,,,,,,,,,,
age_class,lstm,,240m,30,False,False,0.281298748332386,0.6881104970760663,0.8951872109894209,0.7091410594748822,0.8965189338921195,3,43346,9295,9305,35,0,152.35240578651428,32,480,1355,4.999538638985006,3279619,3072,128,True,5,,,,,,,,,,,,,,,,,,,,,,,,,,
age_class,lstm,,240m,31,False,False,0.2754095189160944,0.6800880103293383,0.8976364320786058,0.7083480042585729,0.9002173016381009,3,43346,9295,9305,35,0,152.35240578651428,32,480,1355,4.999538638985006,3279619,3072,128,True,5,,,,,,,,,,,,,,,,,,,,,,,,,,
age_class,lstm,,240m,32,False,False,0.2653131007169129,0.6869359372956192,0.9028044506224262,0.711468183274393,0.8979784951643331,3,43346,9295,9305,35,0,152.35240578651428,32,480,1355,4.999538638985006,3279619,3072,128,True,5,,,,,,,,,,,,,,,,,,,,,,,,,,
age_class,lstm,,240m,33,False,False,0.2573402316754654,0.7224105618024398,0.907272118057018,0.6979399242094383,0.8976236553474065,3,43346,9295,9305,35,0,152.35240578651428,32,480,1355,4.999538638985006,3279619,3072,128,True,5,,,,,,,,,,,,,,,,,,,,,,,,,,
age_class,lstm,,240m,34,False,False,0.2460682655518822,0.696653259307098,0.910401888551393,0.7112843597449813,0.8974220964962486,3,43346,9295,9305,35,0,152.35240578651428,32,480,1355,4.999538638985006,3279619,3072,128,True,5,,,,,,,,,,,,,,,,,,,,,,,,,,
age_class,lstm,,240m,35,False,False,0.2407436614075502,0.71505929501612,0.9136529969692004,0.7017667546346938,0.8999155645853848,3,43346,9295,9305,35,0,152.35240578651428,32,480,1355,4.999538638985006,3279619,3072,128,True,5,,,,,,,,,,,,,,,,,,,,,,,,,,
age_class,transformer,,30s,1,False,False,0.911014597861412,0.8473134495931136,0.5440492530966984,0.5668681015012974,0.7728108089760833,3,43350,9295,9305,40,0,38.21414989233017,32,1,1355,5.0,592131,3072,128,True,5,,,,,,,,,,,,,,,,,,,,,,,,,,
age_class,transformer,,30s,2,False,False,0.8431875414226845,0.8701890542213477,0.5886884437594441,0.557873463656992,0.7851613856685876,3,43350,9295,9305,40,0,38.21414989233017,32,1,1355,5.0,592131,3072,128,True,5,,,,,,,,,,,,,,,,,,,,,,,,,,
age_class,transformer,,30s,3,False,False,0.8181496344910636,0.861941720773739,0.6039195571507806,0.5599167224210501,0.7845040049177031,3,43350,9295,9305,40,0,38.21414989233017,32,1,1355,5.0,592131,3072,128,True,5,,,,,,,,,,,,,,,,,,,,,,,,,,
age_class,transformer,,30s,4,False,False,0.8075101962084039,0.8450511278549531,0.6122154914189483,0.5904898111076892,0.7860934894202082,3,43350,9295,9305,40,0,38.21414989233017,32,1,1355,5.0,592131,3072,128,True,5,,,,,,,,,,,,,,,,,,,,,,,,,,
age_class,transformer,,30s,5,False,False,0.7988038623566721,0.8184901965889256,0.6150013385968242,0.5829266161691251,0.7877753956278889,3,43350,9295,9305,40,0,38.21414989233017,32,1,1355,5.0,592131,3072,128,True,5,,,,,,,,,,,,,,,,,,,,,,,,,,
age_class,transformer,,30s,6,False,False,0.7888295101761955,0.8229766713732862,0.6238210406799354,0.5745777291328157,0.7871639356855177,3,43350,9295,9305,40,0,38.21414989233017,32,1,1355,5.0,592131,3072,128,True,5,,,,,,,,,,,,,,,,,,,,,,,,,,
age_class,transformer,,30s,7,False,False,0.7804360252928156,0.8216801917700437,0.6277888281890123,0.5978123373830485,0.7921297397885706,3,43350,9295,9305,40,0,38.21414989233017,32,1,1355,5.0,592131,3072,128,True,5,,,,,,,,,,,,,,,,,,,,,,,,,,
age_class,transformer,,30s,8,False,False,0.7764756215017422,0.8327664569669542,0.6294551345154661,0.5941739811107688,0.787547091154536,3,43350,9295,9305,40,0,38.21414989233017,32,1,1355,5.0,592131,3072,128,True,5,,,,,,,,,,,,,,,,,,,,,,,,,,
age_class,transformer,,30s,9,False,False,0.7677349923968727,0.8424703891717215,0.6379230814673149,0.5974757446307644,0.7876844892981115,3,43350,9295,9305,40,0,38.21414989233017,32,1,1355,5.0,592131,3072,128,True,5,,,,,,,,,,,,,,,,,,,,,,,,,,
age_class,transformer,,30s,10,False,False,0.7664648382473982,0.8401340980373319,0.6380451344443201,0.5998581515563438,0.7862700326455494,3,43350,9295,9305,40,0,38.21414989233017,32,1,1355,5.0,592131,3072,128,True,5,,,,,,,,,,,,,,,,,,,,,,,,,,
age_class,transformer,,30s,11,False,False,0.7628828903190542,0.8294340388116944,0.6368720213289014,0.5883981655037895,0.7983467689024225,3,43350,9295,9305,40,0,38.21414989233017,32,1,1355,5.0,592131,3072,128,True,5,,,,,,,,,,,,,,,,,,,,,,,,,,
age_class,transformer,,30s,12,False,False,0.7577559636043429,0.8229836702988057,0.6412534571318537,0.5817581879294415,0.7984029491931001,3,43350,9295,9305,40,0,38.21414989233017,32,1,1355,5.0,592131,3072,128,True,5,,,,,,,,,,,,,,,,,,,,,,,,,,
age_class,transformer,,30s,13,False,False,0.7539112497531006,0.8082223207095158,0.6444864556142007,0.6096947602384518,0.7971771541752606,3,43350,9295,9305,40,0,38.21414989233017,32,1,1355,5.0,592131,3072,128,True,5,,,,,,,,,,,,,,,,,,,,,,,,,,
age_class,transformer,,30s,14,False,False,0.7513959250180642,0.8310879688740033,0.6485001571865477,0.6036318272569906,0.791729943018565,3,43350,9295,9305,40,0,38.21414989233017,32,1,1355,5.0,592131,3072,128,True,5,,,,,,,,,,,,,,,,,,,,,,,,,,
age_class,transformer,,30s,15,False,False,0.7478845007746827,0.816384626422408,0.649773573689626,0.5923004922315559,0.7974923323368953,3,43350,9295,9305,40,0,38.21414989233017,32,1,1355,5.0,592131,3072,128,True,5,,,,,,,,,,,,,,,,,,,,,,,,,,
age_class,transformer,,30s,16,False,False,0.7442032335016279,0.8151451705283154,0.6502836119473456,0.5996025066462765,0.7947655814675704,3,43350,9295,9305,40,0,38.21414989233017,32,1,1355,5.0,592131,3072,128,True,5,,,,,,,,,,,,,,,,,,,,,,,,,,
age_class,transformer,,30s,17,False,False,0.73976673152345,0.8211058600927438,0.6548204371667302,0.5953454271670755,0.7984647723804179,3,43350,9295,9305,40,0,38.21414989233017,32,1,1355,5.0,592131,3072,128,True,5,,,,,,,,,,,,,,,,,,,,,,,,,,
age_class,transformer,,30s,18,False,False,0.739077766345859,0.8220482589866347,0.6530236032923207,0.5925745515754596,0.7973417977663028,3,43350,9295,9305,40,0,38.21414989233017,32,1,1355,5.0,592131,3072,128,True,5,,,,,,,,,,,,,,,,,,,,,,,,,,
age_class,transformer,,30s,19,False,False,0.7353717048687919,0.8030169856554722,0.6558877819557621,0.6062940437503762,0.8018213257268324,3,43350,9295,9305,40,0,38.21414989233017,32,1,1355,5.0,592131,3072,128,True,5,,,,,,,,,,,,,,,,,,,,,,,,,,
age_class,transformer,,30s,20,False,False,0.7317206846691471,0.8144836367811805,0.6586872294933732,0.5981955226575194,0.7990850456858817,3,43350,9295,9305,40,0,38.21414989233017,32,1,1355,5.0,592131,3072,128,True,5,,,,,,,,,,,,,,,,,,,,,,,,,,
age_class,transformer,,30s,21,False,False,0.7314847815710506,0.8150534575828113,0.6580240508227996,0.6092743168760554,0.7983988094606826,3,43350,9295,9305,40,0,38.21414989233017,32,1,1355,5.0,592131,3072,128,True,5,,,,,,,,,,,,,,,,,,,,,,,,,,
age_class,transformer,,30s,22,False,False,0.7302189911415558,0.8069951765123011,0.6584976156047738,0.60816196382868,0.8014250252789039,3,43350,9295,9305,40,0,38.21414989233017,32,1,1355,5.0,592131,3072,128,True,5,,,,,,,,,,,,,,,,,,,,,,,,,,
age_class,transformer,,30s,23,False,False,0.7243836331284995,0.8099174365745943,0.6628945709017748,0.585655038780271,0.8006454879534752,3,43350,9295,9305,40,0,38.21414989233017,32,1,1355,5.0,592131,3072,128,True,5,,,,,,,,,,,,,,,,,,,,,,,,,,
age_class,transformer,,30s,24,False,False,0.72044149053688,0.8286482651558148,0.6643140453954427,0.5908802710017028,0.8016525690495359,3,43350,9295,9305,40,0,38.21414989233017,32,1,1355,5.0,592131,3072,128,True,5,,,,,,,,,,,,,,,,,,,,,,,,,,
age_class,transformer,,30s,25,False,False,0.7176633163416949,0.8444183277404071,0.6660103182087561,0.597209592674405,0.7962382888953803,3,43350,9295,9305,40,0,38.21414989233017,32,1,1355,5.0,592131,3072,128,True,5,,,,,,,,,,,,,,,,,,,,,,,,,,
age_class,transformer,,30s,26,False,False,0.7177339369065484,0.8184477611919319,0.6679266569834912,0.5925323065676893,0.8021493949455585,3,43350,9295,9305,40,0,38.21414989233017,32,1,1355,5.0,592131,3072,128,True,5,,,,,,,,,,,,,,,,,,,,,,,,,,
age_class,transformer,,30s,27,False,False,0.7111573024797054,0.8316753816963717,0.6693573894304858,0.6038316359221066,0.797949167688831,3,43350,9295,9305,40,0,38.21414989233017,32,1,1355,5.0,592131,3072,128,True,5,,,,,,,,,,,,,,,,,,,,,,,,,,
age_class,transformer,,30s,28,False,False,0.7110598381030381,0.8223931927268001,0.6726514201893412,0.6122830667742815,0.7979655223662713,3,43350,9295,9305,40,0,38.21414989233017,32,1,1355,5.0,592131,3072,128,True,5,,,,,,,,,,,,,,,,,,,,,,,,,,
age_class,transformer,,30s,29,False,False,0.708616738690637,0.8277371647795276,0.6710610781848567,0.5899970352827898,0.8017509440498797,3,43350,9295,9305,40,0,38.21414989233017,32,1,1355,5.0,592131,3072,128,True,5,,,,,,,,,,,,,,,,,,,,,,,,,,
age_class,transformer,,30s,30,False,False,0.7037458855305576,0.8327597092658746,0.6736060470767389,0.5985096853328802,0.8008503889370209,3,43350,9295,9305,40,0,38.21414989233017,32,1,1355,5.0,592131,3072,128,True,5,,,,,,,,,,,,,,,,,,,,,,,,,,
age_class,transformer,,30s,31,False,False,0.7005860237651768,0.8170281980164658,0.6766990356788568,0.6123934405410476,0.8018411384667908,3,43350,9295,9305,40,0,38.21414989233017,32,1,1355,5.0,592131,3072,128,True,5,,,,,,,,,,,,,,,,,,,,,,,,,,
age_class,transformer,,30s,32,False,False,0.6988665333118681,0.8338784901540468,0.6754631137822514,0.598906278209063,0.8001999197131416,3,43350,9295,9305,40,0,38.21414989233017,32,1,1355,5.0,592131,3072,128,True,5,,,,,,,,,,,,,,,,,,,,,,,,,,
age_class,transformer,,30s,33,True,False,0.6969750544961624,0.8215036553551652,0.678175835767342,0.5994235085259958,0.8021809287957845,3,43350,9295,9305,40,0,38.21414989233017,32,1,1355,5.0,592131,3072,128,True,5,0.683760092272203,0.6845022760991831,0.6436635360475559,0.8630212847364268,0.702845100105374,0.6559456398640997,0.6947160883280757,,,0.6242065626681012,0.5994235085259958,0.5687581559454434,0.5403141361256545,0.613103448275862,0.6448529411764706,,,0.6131112305212252,0.5814940808102903,0.5524637318635217,0.7990216486481224,0.5142857142857142,0.5874538745387454,0.6427426536064114,,
age_class,transformer,,30s,34,False,False,0.6957569749765055,0.821378874971124,0.6776865373560241,0.6014557203997324,0.8005845112044904,3,43350,9295,9305,40,0,38.21414989233017,32,1,1355,5.0,592131,3072,128,True,5,,,,,,,,,,,,,,,,,,,,,,,,,,
age_class,transformer,,30s,35,False,False,0.6904702982000551,0.8220567446103848,0.6789240867070125,0.6063364967308461,0.7999683911206397,3,43350,9295,9305,40,0,38.21414989233017,32,1,1355,5.0,592131,3072,128,True,5,,,,,,,,,,,,,,,,,,,,,,,,,,
age_class,transformer,,30s,36,False,False,0.6907707235007412,0.824037096345213,0.6823855616092427,0.6028825702062736,0.8012621949220419,3,43350,9295,9305,40,0,38.21414989233017,32,1,1355,5.0,592131,3072,128,True,5,,,,,,,,,,,,,,,,,,,,,,,,,,
age_class,transformer,,30s,37,False,False,0.6881493733718459,0.82118958073832,0.6812119785725993,0.6079590709726751,0.8008882230702404,3,43350,9295,9305,40,0,38.21414989233017,32,1,1355,5.0,592131,3072,128,True,5,,,,,,,,,,,,,,,,,,,,,,,,,,
age_class,transformer,,30s,38,False,False,0.6903423524920366,0.8232172738870925,0.6843306620558947,0.6056600876494306,0.8010131991305695,3,43350,9295,9305,40,0,38.21414989233017,32,1,1355,5.0,592131,3072,128,True,5,,,,,,,,,,,,,,,,,,,,,,,,,,
age_class,transformer,,30s,39,False,False,0.68859627903539,0.8235172342523058,0.6828829048098702,0.6037898820839042,0.800983819880884,3,43350,9295,9305,40,0,38.21414989233017,32,1,1355,5.0,592131,3072,128,True,5,,,,,,,,,,,,,,,,,,,,,,,,,,
age_class,transformer,,30s,40,False,False,0.6878160874461358,0.8235608504368709,0.6840566488179044,0.6047102409297354,0.8009976046510466,3,43350,9295,9305,40,0,38.21414989233017,32,1,1355,5.0,592131,3072,128,True,5,,,,,,,,,,,,,,,,,,,,,,,,,,
age_class,transformer,,10m,1,False,False,0.8452936741142537,0.7842882970445191,0.5888252774937953,0.6113041260013664,0.8178156555272696,3,43350,9295,9305,33,0,38.74178233544032,32,20,1355,5.0,592131,3072,128,True,5,,,,,,,,,,,,,,,,,,,,,,,,,,
age_class,transformer,,10m,2,False,False,0.7803181705755345,0.8007498785011739,0.6266949275385842,0.626338361847718,0.807263521288259,3,43350,9295,9305,33,0,38.74178233544032,32,20,1355,5.0,592131,3072,128,True,5,,,,,,,,,,,,,,,,,,,,,,,,,,
age_class,transformer,,10m,3,False,False,0.7549528013546162,0.7771943277348236,0.6407321077516749,0.6320730054975592,0.8161784663039185,3,43350,9295,9305,33,0,38.74178233544032,32,20,1355,5.0,592131,3072,128,True,5,,,,,,,,,,,,,,,,,,,,,,,,,,
age_class,transformer,,10m,4,False,False,0.751456702338508,0.748801942253831,0.6429210702875031,0.646951385717674,0.8299449474618973,3,43350,9295,9305,33,0,38.74178233544032,32,20,1355,5.0,592131,3072,128,True,5,,,,,,,,,,,,,,,,,,,,,,,,,,
age_class,transformer,,10m,5,False,False,0.7357832936487121,0.7449262462552354,0.6518348583108411,0.6387959995787446,0.8272414374284568,3,43350,9295,9305,33,0,38.74178233544032,32,20,1355,5.0,592131,3072,128,True,5,,,,,,,,,,,,,,,,,,,,,,,,,,
age_class,transformer,,10m,6,False,False,0.729552602223459,0.7548091364778967,0.6591916626610634,0.6381140194839445,0.8329133721647523,3,43350,9295,9305,33,0,38.74178233544032,32,20,1355,5.0,592131,3072,128,True,5,,,,,,,,,,,,,,,,,,,,,,,,,,
age_class,transformer,,10m,7,False,False,0.7246918866928611,0.743302685756591,0.6597140949525249,0.6261412524027484,0.8335409374790785,3,43350,9295,9305,33,0,38.74178233544032,32,20,1355,5.0,592131,3072,128,True,5,,,,,,,,,,,,,,,,,,,,,,,,,,
age_class,transformer,,10m,8,False,False,0.717777533011453,0.7434324194565456,0.6655793905534019,0.6485101875648255,0.8324935616868854,3,43350,9295,9305,33,0,38.74178233544032,32,20,1355,5.0,592131,3072,128,True,5,,,,,,,,,,,,,,,,,,,,,,,,,,
age_class,transformer,,10m,9,False,False,0.7113598859901384,0.788691597603033,0.6674089060958318,0.5929194720856387,0.8285721965880896,3,43350,9295,9305,33,0,38.74178233544032,32,20,1355,5.0,592131,3072,128,True,5,,,,,,,,,,,,,,,,,,,,,,,,,,
age_class,transformer,,10m,10,False,False,0.7124706456432981,0.7401780926456626,0.6671154862082166,0.6354775694805815,0.8317246335154579,3,43350,9295,9305,33,0,38.74178233544032,32,20,1355,5.0,592131,3072,128,True,5,,,,,,,,,,,,,,,,,,,,,,,,,,
age_class,transformer,,10m,11,False,False,0.708279831087713,0.7354201090919388,0.6687929004651912,0.6382430045948692,0.8358705792711681,3,43350,9295,9305,33,0,38.74178233544032,32,20,1355,5.0,592131,3072,128,True,5,,,,,,,,,,,,,,,,,,,,,,,,,,
age_class,transformer,,10m,12,False,False,0.7012468213633545,0.761050136298374,0.6722958017394652,0.6482778953339776,0.8281335730270204,3,43350,9295,9305,33,0,38.74178233544032,32,20,1355,5.0,592131,3072,128,True,5,,,,,,,,,,,,,,,,,,,,,,,,,,
age_class,transformer,,10m,13,False,False,0.703747961026162,0.7352197567130239,0.6731967220047984,0.6210900689938369,0.8397164557892628,3,43350,9295,9305,33,0,38.74178233544032,32,20,1355,5.0,592131,3072,128,True,5,,,,,,,,,,,,,,,,,,,,,,,,,,
age_class,transformer,,10m,14,False,False,0.698566096348746,0.7536707868365718,0.6734496055974732,0.6060041696313839,0.838736885948105,3,43350,9295,9305,33,0,38.74178233544032,32,20,1355,5.0,592131,3072,128,True,5,,,,,,,,,,,,,,,,,,,,,,,,,,
age_class,transformer,,10m,15,False,False,0.692076153273951,0.7297104008804411,0.6755974513437458,0.6458867734672854,0.8378192170129312,3,43350,9295,9305,33,0,38.74178233544032,32,20,1355,5.0,592131,3072,128,True,5,,,,,,,,,,,,,,,,,,,,,,,,,,
age_class,transformer,,10m,16,False,False,0.6905377103410653,0.7499235569757438,0.6804893304288709,0.6436878161627533,0.8372010721976512,3,43350,9295,9305,33,0,38.74178233544032,32,20,1355,5.0,592131,3072,128,True,5,,,,,,,,,,,,,,,,,,,,,,,,,,
age_class,transformer,,10m,17,False,False,0.6873828198285526,0.7458984225523478,0.6852329049092752,0.6434706395647264,0.8302315381132602,3,43350,9295,9305,33,0,38.74178233544032,32,20,1355,5.0,592131,3072,128,True,5,,,,,,,,,,,,,,,,,,,,,,,,,,
age_class,transformer,,10m,18,False,False,0.6832606270266515,0.7481399542801863,0.6832701370067387,0.6583455771729164,0.8354687217539309,3,43350,9295,9305,33,0,38.74178233544032,32,20,1355,5.0,592131,3072,128,True,5,,,,,,,,,,,,,,,,,,,,,,,,,,
age_class,transformer,,10m,19,False,False,0.681748437947468,0.7437210129947672,0.687002732508787,0.6250187109055574,0.8420012576516692,3,43350,9295,9305,33,0,38.74178233544032,32,20,1355,5.0,592131,3072,128,True,5,,,,,,,,,,,,,,,,,,,,,,,,,,
age_class,transformer,,10m,20,False,False,0.6785141432354057,0.7345813442777087,0.6835201998119853,0.6279332535957153,0.8426837627958279,3,43350,9295,9305,33,0,38.74178233544032,32,20,1355,5.0,592131,3072,128,True,5,,,,,,,,,,,,,,,,,,,,,,,,,,
age_class,transformer,,10m,21,False,False,0.677959643276505,0.7242064057273722,0.6875686734164739,0.6448273981464765,0.8417931051724085,3,43350,9295,9305,33,0,38.74178233544032,32,20,1355,5.0,592131,3072,128,True,5,,,,,,,,,,,,,,,,,,,,,,,,,,
age_class,transformer,,10m,22,False,False,0.6722379546814449,0.7414325877631333,0.6916214468451328,0.6161779330345606,0.8391435044979283,3,43350,9295,9305,33,0,38.74178233544032,32,20,1355,5.0,592131,3072,128,True,5,,,,,,,,,,,,,,,,,,,,,,,,,,
age_class,transformer,,10m,23,True,False,0.6712542891639877,0.7224617961210997,0.6926842442015176,0.6421055443751792,0.8433091544454111,3,43350,9295,9305,33,0,38.74178233544032,32,20,1355,5.0,592131,3072,128,True,5,0.710957324106113,0.7023495866778996,0.6665334128572823,0.8792284377057143,0.6998946259220232,0.6757266893167233,0.7314274447949527,,,0.662614308768155,0.6421055443751792,0.6086791291897774,0.6146596858638743,0.6155172413793103,0.696139705882353,,,0.6637291778613649,0.6344956141512639,0.6022994057546623,0.8434524506522215,0.5897959183673469,0.6121771217712177,0.7015138023152271,,
age_class,transformer,,10m,24,False,False,0.668533707707261,0.7233990915428252,0.6927805184313919,0.6434484594975379,0.8420415995736734,3,43350,9295,9305,33,0,38.74178233544032,32,20,1355,5.0,592131,3072,128,True,5,,,,,,,,,,,,,,,,,,,,,,,,,,
age_class,transformer,,10m,25,False,False,0.665062251253249,0.7600255490952502,0.6978930848389062,0.6539999057485423,0.831505187091821,3,43350,9295,9305,33,0,38.74178233544032,32,20,1355,5.0,592131,3072,128,True,5,,,,,,,,,,,,,,,,,,,,,,,,,,
age_class,transformer,,10m,26,False,False,0.6610337455654914,0.7328688892002321,0.6979326439804594,0.6494530649866013,0.8362399425162805,3,43350,9295,9305,33,0,38.74178233544032,32,20,1355,5.0,592131,3072,128,True,5,,,,,,,,,,,,,,,,,,,,,,,,,,
age_class,transformer,,10m,27,False,False,0.6598469052705248,0.7356307323996004,0.6970657124057987,0.647266187798463,0.8372638582296511,3,43350,9295,9305,33,0,38.74178233544032,32,20,1355,5.0,592131,3072,128,True,5,,,,,,,,,,,,,,,,,,,,,,,,,,
age_class,transformer,,10m,28,False,False,0.6559688960859658,0.728050319823993,0.7017707123853216,0.6511335972374145,0.8409429482848093,3,43350,9295,9305,33,0,38.74178233544032,32,20,1355,5.0,592131,3072,128,True,5,,,,,,,,,,,,,,,,,,,,,,,,,,
age_class,transformer,,10m,29,False,False,0.6563513535446774,0.7249228451314826,0.6975259360125253,0.645999023413301,0.840622725339223,3,43350,9295,9305,33,0,38.74178233544032,32,20,1355,5.0,592131,3072,128,True,5,,,,,,,,,,,,,,,,,,,,,,,,,,
age_class,transformer,,10m,30,False,False,0.6512879990788892,0.7213511565861489,0.702422509248659,0.6485529657791984,0.8407066331478955,3,43350,9295,9305,33,0,38.74178233544032,32,20,1355,5.0,592131,3072,128,True,5,,,,,,,,,,,,,,,,,,,,,,,,,,
age_class,transformer,,10m,31,False,False,0.648215335410909,0.7219139909603186,0.7075367730110508,0.6505532870306454,0.8420933339626657,3,43350,9295,9305,33,0,38.74178233544032,32,20,1355,5.0,592131,3072,128,True,5,,,,,,,,,,,,,,,,,,,,,,,,,,
age_class,transformer,,10m,32,False,False,0.6462604535959721,0.7231821334573644,0.7047193208492333,0.6487394708289527,0.842131274938585,3,43350,9295,9305,33,0,38.74178233544032,32,20,1355,5.0,592131,3072,128,True,5,,,,,,,,,,,,,,,,,,,,,,,,,,
age_class,transformer,,10m,33,False,False,0.6443490384331761,0.7224894124054665,0.705430658937127,0.6459771265429805,0.8430063890948315,3,43350,9295,9305,33,0,38.74178233544032,32,20,1355,5.0,592131,3072,128,True,5,,,,,,,,,,,,,,,,,,,,,,,,,,
age_class,transformer,,40m,1,False,False,0.8201373519479472,0.749638584674591,0.6054971911627381,0.6466519183047835,0.8251471358057816,3,43350,9295,9305,36,0,64.58243715365728,32,80,1355,5.0,592131,3072,128,True,5,,,,,,,,,,,,,,,,,,,,,,,,,,
age_class,transformer,,40m,2,False,False,0.7368172285136054,0.7327915661337556,0.6522836497123309,0.6543741880214805,0.8366804081419938,3,43350,9295,9305,36,0,64.58243715365728,32,80,1355,5.0,592131,3072,128,True,5,,,,,,,,,,,,,,,,,,,,,,,,,,
age_class,transformer,,40m,3,False,False,0.7037563255473954,0.7181045632422643,0.6744806795641569,0.6664617427581251,0.843555655808972,3,43350,9295,9305,36,0,64.58243715365728,32,80,1355,5.0,592131,3072,128,True,5,,,,,,,,,,,,,,,,,,,,,,,,,,
age_class,transformer,,40m,4,False,False,0.6846237554847163,0.719653471905163,0.6840823103775282,0.626896626948306,0.862686692432865,3,43350,9295,9305,36,0,64.58243715365728,32,80,1355,5.0,592131,3072,128,True,5,,,,,,,,,,,,,,,,,,,,,,,,,,
age_class,transformer,,40m,5,False,False,0.6736262397975108,0.6848617431038871,0.6904999973635556,0.6719795704434509,0.8545894830048106,3,43350,9295,9305,36,0,64.58243715365728,32,80,1355,5.0,592131,3072,128,True,5,,,,,,,,,,,,,,,,,,,,,,,,,,
age_class,transformer,,40m,6,False,False,0.6618611239946974,0.6804029613556947,0.6945248293910201,0.6617669515450159,0.8650312458963181,3,43350,9295,9305,36,0,64.58243715365728,32,80,1355,5.0,592131,3072,128,True,5,,,,,,,,,,,,,,,,,,,,,,,,,,
age_class,transformer,,40m,7,False,False,0.656620898475009,0.6861131878999563,0.6999112921365875,0.6790213402114773,0.8582114127225209,3,43350,9295,9305,36,0,64.58243715365728,32,80,1355,5.0,592131,3072,128,True,5,,,,,,,,,,,,,,,,,,,,,,,,,,
age_class,transformer,,40m,8,False,False,0.6413344383019752,0.6804861788085355,0.7064973668520812,0.6658065225548606,0.8655887940501389,3,43350,9295,9305,36,0,64.58243715365728,32,80,1355,5.0,592131,3072,128,True,5,,,,,,,,,,,,,,,,,,,,,,,,,,
age_class,transformer,,40m,9,False,False,0.6424063932744415,0.7556923997985733,0.7057214376903168,0.6159322199271476,0.8681954584782772,3,43350,9295,9305,36,0,64.58243715365728,32,80,1355,5.0,592131,3072,128,True,5,,,,,,,,,,,,,,,,,,,,,,,,,,
age_class,transformer,,40m,10,False,False,0.6372980380058288,0.6857894352522507,0.7056590568973781,0.6642253260303941,0.8680980873761577,3,43350,9295,9305,36,0,64.58243715365728,32,80,1355,5.0,592131,3072,128,True,5,,,,,,,,,,,,,,,,,,,,,,,,,,
age_class,transformer,,40m,11,False,False,0.6332272614382267,0.7046827951639554,0.7129037109469754,0.6821006348919779,0.8532287578151907,3,43350,9295,9305,36,0,64.58243715365728,32,80,1355,5.0,592131,3072,128,True,5,,,,,,,,,,,,,,,,,,,,,,,,,,
age_class,transformer,,40m,12,False,False,0.6240347818327335,0.6869475743474339,0.7171843019353838,0.6692400035930604,0.8683008149575994,3,43350,9295,9305,36,0,64.58243715365728,32,80,1355,5.0,592131,3072,128,True,5,,,,,,,,,,,,,,,,,,,,,,,,,,
age_class,transformer,,40m,13,False,False,0.6209837108884854,0.6718024041269209,0.719438968661703,0.6888353506685215,0.8648337580130864,3,43350,9295,9305,36,0,64.58243715365728,32,80,1355,5.0,592131,3072,128,True,5,,,,,,,,,,,,,,,,,,,,,,,,,,
age_class,transformer,,40m,14,False,False,0.6191304415815017,0.7161915582440885,0.7194320435613014,0.6815206897436715,0.8537058558981246,3,43350,9295,9305,36,0,64.58243715365728,32,80,1355,5.0,592131,3072,128,True,5,,,,,,,,,,,,,,,,,,,,,,,,,,
age_class,transformer,,40m,15,False,False,0.616819148088409,0.6946634465805492,0.7207300907158863,0.6914328987146403,0.8594099770688585,3,43350,9295,9305,36,0,64.58243715365728,32,80,1355,5.0,592131,3072,128,True,5,,,,,,,,,,,,,,,,,,,,,,,,,,
age_class,transformer,,40m,16,False,False,0.6080189538978238,0.6828582862938136,0.726991338842152,0.66074977034504,0.8690555549475562,3,43350,9295,9305,36,0,64.58243715365728,32,80,1355,5.0,592131,3072,128,True,5,,,,,,,,,,,,,,,,,,,,,,,,,,
age_class,transformer,,40m,17,False,False,0.6064814204190704,0.6707348585898291,0.7268002905268051,0.6690350310100571,0.8716824425130175,3,43350,9295,9305,36,0,64.58243715365728,32,80,1355,5.0,592131,3072,128,True,5,,,,,,,,,,,,,,,,,,,,,,,,,,
age_class,transformer,,40m,18,False,False,0.6050550232956566,0.6844515685947946,0.7276439330124171,0.6832423784642941,0.8606873659496257,3,43350,9295,9305,36,0,64.58243715365728,32,80,1355,5.0,592131,3072,128,True,5,,,,,,,,,,,,,,,,,,,,,,,,,,
age_class,transformer,,40m,19,False,False,0.5953792521092856,0.6602049153616764,0.7301295008258163,0.687381340512374,0.8734643304648015,3,43350,9295,9305,36,0,64.58243715365728,32,80,1355,5.0,592131,3072,128,True,5,,,,,,,,,,,,,,,,,,,,,,,,,,
age_class,transformer,,40m,20,False,False,0.5952177949086468,0.6766773555020994,0.7321379938527143,0.6831780241885524,0.8633112001257622,3,43350,9295,9305,36,0,64.58243715365728,32,80,1355,5.0,592131,3072,128,True,5,,,,,,,,,,,,,,,,,,,,,,,,,,
age_class,transformer,,40m,21,False,False,0.5921809667493233,0.6692461305436683,0.7308933620794619,0.6790355044798204,0.8695017996191012,3,43350,9295,9305,36,0,64.58243715365728,32,80,1355,5.0,592131,3072,128,True,5,,,,,,,,,,,,,,,,,,,,,,,,,,
age_class,transformer,,40m,22,False,False,0.592484975867618,0.6700974317569127,0.7331178388402063,0.6851386248668089,0.8669307472372013,3,43350,9295,9305,36,0,64.58243715365728,32,80,1355,5.0,592131,3072,128,True,5,,,,,,,,,,,,,,,,,,,,,,,,,,
age_class,transformer,,40m,23,False,False,0.588371546089718,0.6667339789925114,0.7367627336807101,0.6851580658892913,0.8670866426434273,3,43350,9295,9305,36,0,64.58243715365728,32,80,1355,5.0,592131,3072,128,True,5,,,,,,,,,,,,,,,,,,,,,,,,,,
age_class,transformer,,40m,24,False,False,0.5857523972930381,0.6950217139599079,0.7364159534318017,0.6498632446750139,0.8737106676771355,3,43350,9295,9305,36,0,64.58243715365728,32,80,1355,5.0,592131,3072,128,True,5,,,,,,,,,,,,,,,,,,,,,,,,,,
age_class,transformer,,40m,25,False,False,0.5798469589394544,0.672301448629132,0.7415934198630202,0.6696820185918743,0.8722045406277044,3,43350,9295,9305,36,0,64.58243715365728,32,80,1355,5.0,592131,3072,128,True,5,,,,,,,,,,,,,,,,,,,,,,,,,,
age_class,transformer,,40m,26,True,False,0.5750651848879927,0.6690205823547933,0.7441626748449165,0.6672631589194623,0.8762528291399807,3,43350,9295,9305,36,0,64.58243715365728,32,80,1355,5.0,592131,3072,128,True,5,0.7682122260668973,0.7444861946310916,0.7300836450746334,0.9138122001089938,0.689567966280295,0.7530388825972065,0.7908517350157729,,,0.7176976869284561,0.6672631589194623,0.6598940863618145,0.5486910994764398,0.6920689655172414,0.7610294117647058,,,0.7253089736700699,0.6766004214279153,0.6625910426877349,0.8774885304886952,0.5653061224489796,0.6981549815498155,0.766340160284951,,
age_class,transformer,,40m,27,False,False,0.5725017844406929,0.6637783344937243,0.7449804949511418,0.6905616435507224,0.868338801883667,3,43350,9295,9305,36,0,64.58243715365728,32,80,1355,5.0,592131,3072,128,True,5,,,,,,,,,,,,,,,,,,,,,,,,,,
age_class,transformer,,40m,28,False,False,0.5705060159183841,0.6726674538552601,0.7452400555024296,0.6914171481013419,0.8664467682308619,3,43350,9295,9305,36,0,64.58243715365728,32,80,1355,5.0,592131,3072,128,True,5,,,,,,,,,,,,,,,,,,,,,,,,,,
age_class,transformer,,40m,29,False,False,0.5691888449280045,0.6605501025834989,0.7487682886605186,0.6840552707362058,0.8728043770332792,3,43350,9295,9305,36,0,64.58243715365728,32,80,1355,5.0,592131,3072,128,True,5,,,,,,,,,,,,,,,,,,,,,,,,,,
age_class,transformer,,40m,30,False,False,0.5653685371878513,0.6659261265065223,0.7508918960377596,0.6843548421354461,0.8736695815798355,3,43350,9295,9305,36,0,64.58243715365728,32,80,1355,5.0,592131,3072,128,True,5,,,,,,,,,,,,,,,,,,,,,,,,,,
age_class,transformer,,40m,31,False,False,0.563173855269519,0.665926296054323,0.7515506615396402,0.6726540325464,0.8741414331951876,3,43350,9295,9305,36,0,64.58243715365728,32,80,1355,5.0,592131,3072,128,True,5,,,,,,,,,,,,,,,,,,,,,,,,,,
age_class,transformer,,40m,32,False,False,0.5580006084090148,0.6606173062080847,0.7529219472315328,0.6908804966742069,0.8701564816165738,3,43350,9295,9305,36,0,64.58243715365728,32,80,1355,5.0,592131,3072,128,True,5,,,,,,,,,,,,,,,,,,,,,,,,,,
age_class,transformer,,40m,33,False,False,0.5542558872548492,0.6640295675007357,0.7548012801960877,0.6907633217576614,0.8696891454541475,3,43350,9295,9305,36,0,64.58243715365728,32,80,1355,5.0,592131,3072,128,True,5,,,,,,,,,,,,,,,,,,,,,,,,,,
age_class,transformer,,40m,34,False,False,0.552950900963571,0.664776552409623,0.7559758765310892,0.687578118086014,0.8706651826669325,3,43350,9295,9305,36,0,64.58243715365728,32,80,1355,5.0,592131,3072,128,True,5,,,,,,,,,,,,,,,,,,,,,,,,,,
age_class,transformer,,40m,35,False,False,0.5522493034979327,0.6646459664754678,0.7561925006891993,0.6919661628417391,0.8704130082799763,3,43350,9295,9305,36,0,64.58243715365728,32,80,1355,5.0,592131,3072,128,True,5,,,,,,,,,,,,,,,,,,,,,,,,,,
age_class,transformer,,40m,36,False,False,0.5508288172124579,0.6616350551136339,0.756994174497487,0.6849983450683036,0.8734134486239341,3,43350,9295,9305,36,0,64.58243715365728,32,80,1355,5.0,592131,3072,128,True,5,,,,,,,,,,,,,,,,,,,,,,,,,,
age_class,transformer,,80m,1,False,False,0.8062220131182203,0.7163637797059136,0.6126921131672153,0.6708942538470524,0.8436042401094882,3,43350,9295,9305,34,0,69.15249849955241,32,160,1355,5.0,592131,3072,128,True,5,,,,,,,,,,,,,,,,,,,,,,,,,,
age_class,transformer,,80m,2,False,False,0.701753847469783,0.7553749585356874,0.6738294385323611,0.619242269168003,0.8651375373171252,3,43350,9295,9305,34,0,69.15249849955241,32,160,1355,5.0,592131,3072,128,True,5,,,,,,,,,,,,,,,,,,,,,,,,,,
age_class,transformer,,80m,3,False,False,0.6683807745331849,0.7042975433864153,0.6939393481030663,0.6937288000594714,0.8604047906001373,3,43350,9295,9305,34,0,69.15249849955241,32,160,1355,5.0,592131,3072,128,True,5,,,,,,,,,,,,,,,,,,,,,,,,,,
age_class,transformer,,80m,4,False,False,0.6520329187128096,0.6700590051842864,0.704490161533569,0.6964492356339539,0.8665359077436472,3,43350,9295,9305,34,0,69.15249849955241,32,160,1355,5.0,592131,3072,128,True,5,,,,,,,,,,,,,,,,,,,,,,,,,,
age_class,transformer,,80m,5,False,False,0.6335230854033324,0.6835610995567121,0.7142350945409873,0.6906265288205913,0.8700088547083252,3,43350,9295,9305,34,0,69.15249849955241,32,160,1355,5.0,592131,3072,128,True,5,,,,,,,,,,,,,,,,,,,,,,,,,,
age_class,transformer,,80m,6,False,False,0.6224655252701958,0.7324278133860707,0.7181854361226451,0.678107271433578,0.8543532633115746,3,43350,9295,9305,34,0,69.15249849955241,32,160,1355,5.0,592131,3072,128,True,5,,,,,,,,,,,,,,,,,,,,,,,,,,
age_class,transformer,,80m,7,False,False,0.6147375260119895,0.6765125400312104,0.7235484519239891,0.7057724128196142,0.8691079288301814,3,43350,9295,9305,34,0,69.15249849955241,32,160,1355,5.0,592131,3072,128,True,5,,,,,,,,,,,,,,,,,,,,,,,,,,
age_class,transformer,,80m,8,False,False,0.6076792208381178,0.6485009612095747,0.7243256733220642,0.711979207597464,0.8737264462074604,3,43350,9295,9305,34,0,69.15249849955241,32,160,1355,5.0,592131,3072,128,True,5,,,,,,,,,,,,,,,,,,,,,,,,,,
age_class,transformer,,80m,9,False,False,0.598876108454998,0.6425446010392606,0.7303769159243494,0.6836282319842543,0.8838754314492515,3,43350,9295,9305,34,0,69.15249849955241,32,160,1355,5.0,592131,3072,128,True,5,,,,,,,,,,,,,,,,,,,,,,,,,,
age_class,transformer,,80m,10,False,False,0.5867038088053843,0.6322276560769022,0.7369080442238315,0.7043787722707786,0.8867062465973058,3,43350,9295,9305,34,0,69.15249849955241,32,160,1355,5.0,592131,3072,128,True,5,,,,,,,,,,,,,,,,,,,,,,,,,,
age_class,transformer,,80m,11,False,False,0.5871525127912475,0.7269420893234614,0.738195747093414,0.6233078234904722,0.8837706897733613,3,43350,9295,9305,34,0,69.15249849955241,32,160,1355,5.0,592131,3072,128,True,5,,,,,,,,,,,,,,,,,,,,,,,,,,
age_class,transformer,,80m,12,False,False,0.5797176737026359,0.7103842734777523,0.738911392837847,0.6322723606051918,0.889424805516542,3,43350,9295,9305,34,0,69.15249849955241,32,160,1355,5.0,592131,3072,128,True,5,,,,,,,,,,,,,,,,,,,,,,,,,,
age_class,transformer,,80m,13,False,False,0.5765640827583745,0.6470372313706704,0.7413501581160377,0.7028078792448555,0.8839806819012631,3,43350,9295,9305,34,0,69.15249849955241,32,160,1355,5.0,592131,3072,128,True,5,,,,,,,,,,,,,,,,,,,,,,,,,,
age_class,transformer,,80m,14,False,False,0.5687735559783592,0.655324670968997,0.7464907949340067,0.7201020260965914,0.8762926755821155,3,43350,9295,9305,34,0,69.15249849955241,32,160,1355,5.0,592131,3072,128,True,5,,,,,,,,,,,,,,,,,,,,,,,,,,
age_class,transformer,,80m,15,False,False,0.5685859691986713,0.6402821283945799,0.7447508184324688,0.7111472216617285,0.8805461821635762,3,43350,9295,9305,34,0,69.15249849955241,32,160,1355,5.0,592131,3072,128,True,5,,,,,,,,,,,,,,,,,,,,,,,,,,
age_class,transformer,,80m,16,False,False,0.5562923116062477,0.6539873054169916,0.7499637942731082,0.7132395619829445,0.8759936995670712,3,43350,9295,9305,34,0,69.15249849955241,32,160,1355,5.0,592131,3072,128,True,5,,,,,,,,,,,,,,,,,,,,,,,,,,
age_class,transformer,,80m,17,False,False,0.5534194473851786,0.6342387499124404,0.7566959647293278,0.7023134108761758,0.8911429930581498,3,43350,9295,9305,34,0,69.15249849955241,32,160,1355,5.0,592131,3072,128,True,5,,,,,,,,,,,,,,,,,,,,,,,,,,
age_class,transformer,,80m,18,False,False,0.5480151080377099,0.6506722640452557,0.7573163077033822,0.7114188871071087,0.8811305812160309,3,43350,9295,9305,34,0,69.15249849955241,32,160,1355,5.0,592131,3072,128,True,5,,,,,,,,,,,,,,,,,,,,,,,,,,
age_class,transformer,,80m,19,False,False,0.5437254047228803,0.6375021846593227,0.7612085227337664,0.7025934903659965,0.8855859125624317,3,43350,9295,9305,34,0,69.15249849955241,32,160,1355,5.0,592131,3072,128,True,5,,,,,,,,,,,,,,,,,,,,,,,,,,
age_class,transformer,,80m,20,False,False,0.5387260136623558,0.637484861039038,0.7624506730263896,0.7089584461695854,0.8827873867752926,3,43350,9295,9305,34,0,69.15249849955241,32,160,1355,5.0,592131,3072,128,True,5,,,,,,,,,,,,,,,,,,,,,,,,,,
age_class,transformer,,80m,21,False,False,0.5289746007622319,0.6365655919824511,0.7667049245265166,0.7119324203774307,0.8861812855423518,3,43350,9295,9305,34,0,69.15249849955241,32,160,1355,5.0,592131,3072,128,True,5,,,,,,,,,,,,,,,,,,,,,,,,,,
age_class,transformer,,80m,22,False,False,0.5278671120442321,0.6334820046612112,0.7681543943529583,0.7115458898399584,0.8876443677346325,3,43350,9295,9305,34,0,69.15249849955241,32,160,1355,5.0,592131,3072,128,True,5,,,,,,,,,,,,,,,,,,,,,,,,,,
age_class,transformer,,80m,23,False,False,0.5220204198291695,0.6430191326231133,0.7732761364696176,0.715292695025293,0.8815842529957797,3,43350,9295,9305,34,0,69.15249849955241,32,160,1355,5.0,592131,3072,128,True,5,,,,,,,,,,,,,,,,,,,,,,,,,,
age_class,transformer,,80m,24,True,False,0.516722863333723,0.6351027814017117,0.7736810148630836,0.7058509313636993,0.8916802539607978,3,43350,9295,9305,34,0,69.15249849955241,32,160,1355,5.0,592131,3072,128,True,5,0.8018915801614763,0.782259466722017,0.7651463099729998,0.9313977608165948,0.7875658587987355,0.7029822574556437,0.8562302839116719,,,0.7466379774072082,0.7058509313636993,0.6908540699985792,0.6785340314136126,0.6048275862068966,0.8341911764705883,,,0.7489521762493283,0.6914926086491678,0.6756398337055168,0.8918363049883994,0.6316326530612245,0.6029520295202953,0.839893143365984,,
age_class,transformer,,80m,25,False,False,0.5125703538330368,0.6620933614154219,0.7757576639884185,0.7131948036029722,0.8781347617053349,3,43350,9295,9305,34,0,69.15249849955241,32,160,1355,5.0,592131,3072,128,True,5,,,,,,,,,,,,,,,,,,,,,,,,,,
age_class,transformer,,80m,26,False,False,0.5107227791785643,0.6283043597769262,0.7768770873124774,0.7122204426544042,0.8885987743901365,3,43350,9295,9305,34,0,69.15249849955241,32,160,1355,5.0,592131,3072,128,True,5,,,,,,,,,,,,,,,,,,,,,,,,,,
age_class,transformer,,80m,27,False,False,0.5038197895152347,0.6364075059464954,0.7822177965269675,0.7155552782586224,0.8872313376139752,3,43350,9295,9305,34,0,69.15249849955241,32,160,1355,5.0,592131,3072,128,True,5,,,,,,,,,,,,,,,,,,,,,,,,,,
age_class,transformer,,80m,28,False,False,0.5014170451560235,0.6393092049232666,0.7817046668154344,0.7132822981602823,0.8851955205218175,3,43350,9295,9305,34,0,69.15249849955241,32,160,1355,5.0,592131,3072,128,True,5,,,,,,,,,,,,,,,,,,,,,,,,,,
age_class,transformer,,80m,29,False,False,0.4933505529928372,0.6367320350737518,0.7870045649798723,0.7189660238982757,0.8860085439460343,3,43350,9295,9305,34,0,69.15249849955241,32,160,1355,5.0,592131,3072,128,True,5,,,,,,,,,,,,,,,,,,,,,,,,,,
age_class,transformer,,80m,30,False,False,0.4919709578737393,0.6608184673056415,0.7869061219628447,0.700968763385477,0.8904267816609704,3,43350,9295,9305,34,0,69.15249849955241,32,160,1355,5.0,592131,3072,128,True,5,,,,,,,,,,,,,,,,,,,,,,,,,,
age_class,transformer,,80m,31,False,False,0.4914157070283109,0.6305964452082781,0.7879731620789977,0.7142290960886973,0.8871980640564961,3,43350,9295,9305,34,0,69.15249849955241,32,160,1355,5.0,592131,3072,128,True,5,,,,,,,,,,,,,,,,,,,,,,,,,,
age_class,transformer,,80m,32,False,False,0.4840007940268159,0.6367248982335368,0.7919476680404659,0.7156953633592812,0.8847749991454522,3,43350,9295,9305,34,0,69.15249849955241,32,160,1355,5.0,592131,3072,128,True,5,,,,,,,,,,,,,,,,,,,,,,,,,,
age_class,transformer,,80m,33,False,False,0.4798557905356089,0.6339902160115111,0.7934687021072465,0.714634116284174,0.8889628249165695,3,43350,9295,9305,34,0,69.15249849955241,32,160,1355,5.0,592131,3072,128,True,5,,,,,,,,,,,,,,,,,,,,,,,,,,
age_class,transformer,,80m,34,False,False,0.4785496489330696,0.634845866504185,0.796279618967576,0.7158521836248491,0.888059461522405,3,43350,9295,9305,34,0,69.15249849955241,32,160,1355,5.0,592131,3072,128,True,5,,,,,,,,,,,,,,,,,,,,,,,,,,
age_class,transformer,,120m,1,False,False,0.7917294396688644,0.7224485066964332,0.6223005310733917,0.675900997472468,0.8509169491170935,3,43350,9295,9305,22,0,69.48177880048752,32,240,1355,5.0,592131,3072,128,True,5,,,,,,,,,,,,,,,,,,,,,,,,,,
age_class,transformer,,120m,2,False,False,0.6756286336173923,0.7420560352740716,0.6867683249673657,0.6837261849133949,0.8487879838940531,3,43350,9295,9305,22,0,69.48177880048752,32,240,1355,5.0,592131,3072,128,True,5,,,,,,,,,,,,,,,,,,,,,,,,,,
age_class,transformer,,120m,3,False,False,0.6365521798469341,0.6639447727339315,0.7088882801517341,0.7041641953314995,0.8695164278753733,3,43350,9295,9305,22,0,69.48177880048752,32,240,1355,5.0,592131,3072,128,True,5,,,,,,,,,,,,,,,,,,,,,,,,,,
age_class,transformer,,120m,4,False,False,0.6198824381525816,0.6056660481715087,0.7160667652501957,0.7233000687637395,0.8879179614306851,3,43350,9295,9305,22,0,69.48177880048752,32,240,1355,5.0,592131,3072,128,True,5,,,,,,,,,,,,,,,,,,,,,,,,,,
age_class,transformer,,120m,5,False,False,0.6026663830728541,0.6295001535854268,0.7320378215186786,0.6954758658744234,0.8909558387745563,3,43350,9295,9305,22,0,69.48177880048752,32,240,1355,5.0,592131,3072,128,True,5,,,,,,,,,,,,,,,,,,,,,,,,,,
age_class,transformer,,120m,6,False,False,0.5900216500761875,0.6096763976226897,0.7357900076996516,0.7151822947088206,0.8927581873963927,3,43350,9295,9305,22,0,69.48177880048752,32,240,1355,5.0,592131,3072,128,True,5,,,,,,,,,,,,,,,,,,,,,,,,,,
age_class,transformer,,120m,7,False,False,0.5793289557295275,0.6093845410588097,0.7417189340517171,0.7054087393668427,0.8942092545636408,3,43350,9295,9305,22,0,69.48177880048752,32,240,1355,5.0,592131,3072,128,True,5,,,,,,,,,,,,,,,,,,,,,,,,,,
age_class,transformer,,120m,8,False,False,0.5742690741369606,0.6246388190308202,0.7446871877753946,0.7249056069439872,0.885207431696943,3,43350,9295,9305,22,0,69.48177880048752,32,240,1355,5.0,592131,3072,128,True,5,,,,,,,,,,,,,,,,,,,,,,,,,,
age_class,transformer,,120m,9,False,False,0.5624778398400497,0.6060079393751073,0.7502639031345458,0.7263623318076102,0.8913147517245426,3,43350,9295,9305,22,0,69.48177880048752,32,240,1355,5.0,592131,3072,128,True,5,,,,,,,,,,,,,,,,,,,,,,,,,,
age_class,transformer,,120m,10,False,False,0.5497897163628157,0.5987672900948363,0.7553397726817135,0.717580693407531,0.8963802014670227,3,43350,9295,9305,22,0,69.48177880048752,32,240,1355,5.0,592131,3072,128,True,5,,,,,,,,,,,,,,,,,,,,,,,,,,
age_class,transformer,,120m,11,False,False,0.5462197504516566,0.6065902642404731,0.7593695691814876,0.7185683115094746,0.8953936504910699,3,43350,9295,9305,22,0,69.48177880048752,32,240,1355,5.0,592131,3072,128,True,5,,,,,,,,,,,,,,,,,,,,,,,,,,
age_class,transformer,,120m,12,True,False,0.5444408958950945,0.6218174428885954,0.7591602644506171,0.6853743353723507,0.9018852075361833,3,43350,9295,9305,22,0,69.48177880048752,32,240,1355,5.0,592131,3072,128,True,5,0.7964244521337946,0.7465799280668205,0.7526283249760809,0.9307367663796234,0.6077976817702845,0.8043790109475274,0.8275630914826498,,,0.7566433566433567,0.6853743353723507,0.6917692079858407,0.5057591623036649,0.7417241379310345,0.8086397058823529,,,0.768833960236432,0.6965056592703424,0.6972980542098325,0.906560889864647,0.513265306122449,0.7571955719557195,0.8190560997328584,,
age_class,transformer,,120m,13,False,False,0.5383298032094038,0.6064314676267348,0.7630981380093121,0.7273446488181841,0.8931281362660192,3,43350,9295,9305,22,0,69.48177880048752,32,240,1355,5.0,592131,3072,128,True,5,,,,,,,,,,,,,,,,,,,,,,,,,,
age_class,transformer,,120m,14,False,False,0.5302878221948529,0.6343898876243025,0.7688333982570842,0.7264619750680557,0.8876394546971391,3,43350,9295,9305,22,0,69.48177880048752,32,240,1355,5.0,592131,3072,128,True,5,,,,,,,,,,,,,,,,,,,,,,,,,,
age_class,transformer,,120m,15,False,False,0.5312861131783038,0.607073106234788,0.7679468288158285,0.7076073869248006,0.900362789707517,3,43350,9295,9305,22,0,69.48177880048752,32,240,1355,5.0,592131,3072,128,True,5,,,,,,,,,,,,,,,,,,,,,,,,,,
age_class,transformer,,120m,16,False,False,0.5242006750750294,0.597296208011777,0.7716954080392583,0.7195891366566486,0.9006443472223867,3,43350,9295,9305,22,0,69.48177880048752,32,240,1355,5.0,592131,3072,128,True,5,,,,,,,,,,,,,,,,,,,,,,,,,,
age_class,transformer,,120m,17,False,False,0.5145540678569878,0.6066136978947392,0.7751005752670683,0.7220938625043806,0.8945456376165203,3,43350,9295,9305,22,0,69.48177880048752,32,240,1355,5.0,592131,3072,128,True,5,,,,,,,,,,,,,,,,,,,,,,,,,,
age_class,transformer,,120m,18,False,False,0.5115505816477255,0.6233319987655648,0.7760131826399429,0.7316568963747261,0.8882341264737903,3,43350,9295,9305,22,0,69.48177880048752,32,240,1355,5.0,592131,3072,128,True,5,,,,,,,,,,,,,,,,,,,,,,,,,,
age_class,transformer,,120m,19,False,False,0.5041768260013136,0.6411576422906294,0.7806202892067758,0.6977261260615458,0.9012527232768986,3,43350,9295,9305,22,0,69.48177880048752,32,240,1355,5.0,592131,3072,128,True,5,,,,,,,,,,,,,,,,,,,,,,,,,,
age_class,transformer,,120m,20,False,False,0.4970484886367428,0.6052572575514518,0.7862532743960973,0.730949269263582,0.8927375940231096,3,43350,9295,9305,22,0,69.48177880048752,32,240,1355,5.0,592131,3072,128,True,5,,,,,,,,,,,,,,,,,,,,,,,,,,
age_class,transformer,,120m,21,False,False,0.4955474647133683,0.6077192052902234,0.7858468103871113,0.7238378463409195,0.8967988297954914,3,43350,9295,9305,22,0,69.48177880048752,32,240,1355,5.0,592131,3072,128,True,5,,,,,,,,,,,,,,,,,,,,,,,,,,
age_class,transformer,,120m,22,False,False,0.4907425787168391,0.6096684970671031,0.7867629129781714,0.7226529661331945,0.9014585664680804,3,43350,9295,9305,22,0,69.48177880048752,32,240,1355,5.0,592131,3072,128,True,5,,,,,,,,,,,,,,,,,,,,,,,,,,
age_class,transformer,,240m,1,False,False,0.7588884131365421,0.6278197323012699,0.6424699276555011,0.7135272612384908,0.8829677442799418,3,43346,9295,9305,23,0,170.75119520823162,32,480,1355,4.999538638985006,592131,3072,128,True,5,,,,,,,,,,,,,,,,,,,,,,,,,,
age_class,transformer,,240m,2,False,False,0.6275357356565624,0.6101958697973368,0.7136466765932209,0.727580213300341,0.8868263127076356,3,43346,9295,9305,23,0,170.75119520823162,32,480,1355,4.999538638985006,592131,3072,128,True,5,,,,,,,,,,,,,,,,,,,,,,,,,,
age_class,transformer,,240m,3,False,False,0.5774180295035819,0.6235045384822063,0.7410233130457046,0.7193646987139323,0.89975288684902,3,43346,9295,9305,23,0,170.75119520823162,32,480,1355,4.999538638985006,592131,3072,128,True,5,,,,,,,,,,,,,,,,,,,,,,,,,,
age_class,transformer,,240m,4,False,False,0.5420782446355235,0.6455681821618945,0.7608107404403196,0.7182307120808243,0.907818544067681,3,43346,9295,9305,23,0,170.75119520823162,32,480,1355,4.999538638985006,592131,3072,128,True,5,,,,,,,,,,,,,,,,,,,,,,,,,,
age_class,transformer,,240m,5,False,False,0.5161741910338077,0.6307830485398568,0.7743942766255386,0.7329933112439776,0.8882848117633241,3,43346,9295,9305,23,0,170.75119520823162,32,480,1355,4.999538638985006,592131,3072,128,True,5,,,,,,,,,,,,,,,,,,,,,,,,,,
age_class,transformer,,240m,6,False,False,0.5004904225784219,0.6001047811276045,0.7844563991759617,0.7348959030263126,0.9006482731300766,3,43346,9295,9305,23,0,170.75119520823162,32,480,1355,4.999538638985006,592131,3072,128,True,5,,,,,,,,,,,,,,,,,,,,,,,,,,
age_class,transformer,,240m,7,False,False,0.4747207002503801,0.665847199312008,0.7980873022520792,0.6986690787074895,0.9107179232388022,3,43346,9295,9305,23,0,170.75119520823162,32,480,1355,4.999538638985006,592131,3072,128,True,5,,,,,,,,,,,,,,,,,,,,,,,,,,
age_class,transformer,,240m,8,False,False,0.4585690114536971,0.6075897791473502,0.8028469650126014,0.7458018387441635,0.9000034530762088,3,43346,9295,9305,23,0,170.75119520823162,32,480,1355,4.999538638985006,592131,3072,128,True,5,,,,,,,,,,,,,,,,,,,,,,,,,,
age_class,transformer,,240m,9,False,False,0.4428119280902844,0.6016122016729111,0.8123413556651613,0.7357533656177763,0.9087177986883788,3,43346,9295,9305,23,0,170.75119520823162,32,480,1355,4.999538638985006,592131,3072,128,True,5,,,,,,,,,,,,,,,,,,,,,,,,,,
age_class,transformer,,240m,10,False,False,0.4307214958861478,0.6619270205658055,0.8177838322550715,0.7153049963892398,0.9124220311423744,3,43346,9295,9305,23,0,170.75119520823162,32,480,1355,4.999538638985006,592131,3072,128,True,5,,,,,,,,,,,,,,,,,,,,,,,,,,
age_class,transformer,,240m,11,False,False,0.4210127554464333,0.7019505361512889,0.823001136551623,0.690083611662755,0.9113999030511298,3,43346,9295,9305,23,0,170.75119520823162,32,480,1355,4.999538638985006,592131,3072,128,True,5,,,,,,,,,,,,,,,,,,,,,,,,,,
age_class,transformer,,240m,12,False,False,0.411696211741159,0.6280560747117622,0.8273020779466719,0.7448164840046868,0.9053207946969865,3,43346,9295,9305,23,0,170.75119520823162,32,480,1355,4.999538638985006,592131,3072,128,True,5,,,,,,,,,,,,,,,,,,,,,,,,,,
age_class,transformer,,240m,13,True,False,0.4028421317332508,0.6622162529478284,0.8318345532457312,0.7145280413573626,0.9134297521180418,3,43346,9295,9305,23,0,170.75119520823162,32,480,1355,4.999538638985006,592131,3072,128,True,5,0.8623171688275735,0.8477752733202223,0.8505154324747264,0.9622853841999915,0.8360379346680716,0.8157040392600982,0.8915838460324972,,,0.7812802582033351,0.7145280413573626,0.7221558900505537,0.5947643979057592,0.6817241379310345,0.8670955882352941,,,0.7860290166577109,0.7070345317006517,0.7097040694212408,0.9141126592056116,0.563265306122449,0.6833948339483394,0.8744434550311665,,
age_class,transformer,,240m,14,False,False,0.3944678909528988,0.6494842208653384,0.8343438984652511,0.7472592185005432,0.8945680093310994,3,43346,9295,9305,23,0,170.75119520823162,32,480,1355,4.999538638985006,592131,3072,128,True,5,,,,,,,,,,,,,,,,,,,,,,,,,,
age_class,transformer,,240m,15,False,False,0.3916090947843107,0.6155102611389642,0.8362597341365724,0.7506871617124915,0.90512732649885,3,43346,9295,9305,23,0,170.75119520823162,32,480,1355,4.999538638985006,592131,3072,128,True,5,,,,,,,,,,,,,,,,,,,,,,,,,,
age_class,transformer,,240m,16,False,False,0.3770734989136514,0.6580066049945426,0.8442868314399906,0.7412164588709649,0.8946641421231364,3,43346,9295,9305,23,0,170.75119520823162,32,480,1355,4.999538638985006,592131,3072,128,True,5,,,,,,,,,,,,,,,,,,,,,,,,,,
age_class,transformer,,240m,17,False,False,0.3680950736397772,0.6722363752710235,0.8465712020208594,0.7398048485958745,0.8959346736679644,3,43346,9295,9305,23,0,170.75119520823162,32,480,1355,4.999538638985006,592131,3072,128,True,5,,,,,,,,,,,,,,,,,,,,,,,,,,
age_class,transformer,,240m,18,False,False,0.3591942864134189,0.65366433570948,0.8528709479851772,0.7462321851470323,0.8975147084867136,3,43346,9295,9305,23,0,170.75119520823162,32,480,1355,4.999538638985006,592131,3072,128,True,5,,,,,,,,,,,,,,,,,,,,,,,,,,
age_class,transformer,,240m,19,False,False,0.355322122015566,0.6423329002918768,0.8542813555470823,0.7487372605658981,0.9066681249785,3,43346,9295,9305,23,0,170.75119520823162,32,480,1355,4.999538638985006,592131,3072,128,True,5,,,,,,,,,,,,,,,,,,,,,,,,,,
age_class,transformer,,240m,20,False,False,0.3442700326687484,0.654712631357428,0.8582578619777909,0.7420975883131732,0.9074661245558664,3,43346,9295,9305,23,0,170.75119520823162,32,480,1355,4.999538638985006,592131,3072,128,True,5,,,,,,,,,,,,,,,,,,,,,,,,,,
age_class,transformer,,240m,21,False,False,0.340958433470431,0.6674529347097828,0.8597971513341403,0.7309619135612361,0.9112349168106536,3,43346,9295,9305,23,0,170.75119520823162,32,480,1355,4.999538638985006,592131,3072,128,True,5,,,,,,,,,,,,,,,,,,,,,,,,,,
age_class,transformer,,240m,22,False,False,0.3314830887132295,0.7339070574194594,0.8654181455956985,0.7126053315350332,0.9101710216253958,3,43346,9295,9305,23,0,170.75119520823162,32,480,1355,4.999538638985006,592131,3072,128,True,5,,,,,,,,,,,,,,,,,,,,,,,,,,
age_class,transformer,,240m,23,False,False,0.3295861633797617,0.6767464975377063,0.8670794557294307,0.736080931469898,0.9059446058331944,3,43346,9295,9305,23,0,170.75119520823162,32,480,1355,4.999538638985006,592131,3072,128,True,5,,,,,,,,,,,,,,,,,,,,,,,,,,
apnea_binary,lstm,,30s,1,False,False,0.6550414501659729,0.6563846970617081,0.6042946833371026,0.5986092972658554,0.641755851923111,2,48380,10360,10385,24,0,28.42631815671921,32,1,1512,5.0,3279362,3072,128,True,5,,,,,,,,,,,,,,,,,,,,,,,,,,
apnea_binary,lstm,,30s,2,False,False,0.6385411688689113,0.6598520187337427,0.6257007680359213,0.5873610019696728,0.6497387969615024,2,48380,10360,10385,24,0,28.42631815671921,32,1,1512,5.0,3279362,3072,128,True,5,,,,,,,,,,,,,,,,,,,,,,,,,,
apnea_binary,lstm,,30s,3,False,False,0.6349387403015462,0.6600888016601327,0.6308172896371133,0.5897553709239751,0.6518995457541106,2,48380,10360,10385,24,0,28.42631815671921,32,1,1512,5.0,3279362,3072,128,True,5,,,,,,,,,,,,,,,,,,,,,,,,,,
apnea_binary,lstm,,30s,4,False,False,0.62822929177712,0.6485481874362843,0.6380575807287273,0.6062241847484122,0.6544621339023292,2,48380,10360,10385,24,0,28.42631815671921,32,1,1512,5.0,3279362,3072,128,True,5,,,,,,,,,,,,,,,,,,,,,,,,,,
apnea_binary,lstm,,30s,5,False,False,0.625856335993984,0.6489212931353153,0.6395437817739371,0.6008325200159961,0.6531996976044192,2,48380,10360,10385,24,0,28.42631815671921,32,1,1512,5.0,3279362,3072,128,True,5,,,,,,,,,,,,,,,,,,,,,,,,,,
apnea_binary,lstm,,30s,6,False,False,0.6210555264012485,0.651174199443066,0.6453632636748974,0.6058525290207473,0.6533206931234834,2,48380,10360,10385,24,0,28.42631815671921,32,1,1512,5.0,3279362,3072,128,True,5,,,,,,,,,,,,,,,,,,,,,,,,,,
apnea_binary,lstm,,30s,7,False,False,0.6183186365878991,0.6482969078318033,0.6488998425159702,0.6088844082638634,0.6573919033676465,2,48380,10360,10385,24,0,28.42631815671921,32,1,1512,5.0,3279362,3072,128,True,5,,,,,,,,,,,,,,,,,,,,,,,,,,
apnea_binary,lstm,,30s,8,False,False,0.6140340898883594,0.6475260120100956,0.6524911894924494,0.6020568306072054,0.6544470327666678,2,48380,10360,10385,24,0,28.42631815671921,32,1,1512,5.0,3279362,3072,128,True,5,,,,,,,,,,,,,,,,,,,,,,,,,,
apnea_binary,lstm,,30s,9,False,False,0.611432180581087,0.6506605866332772,0.6547913913516601,0.603697168164196,0.6570380893521147,2,48380,10360,10385,24,0,28.42631815671921,32,1,1512,5.0,3279362,3072,128,True,5,,,,,,,,,,,,,,,,,,,,,,,,,,
apnea_binary,lstm,,30s,10,False,False,0.6063384761737368,0.6516745102911843,0.6634014242792068,0.602927010245468,0.6510107413818658,2,48380,10360,10385,24,0,28.42631815671921,32,1,1512,5.0,3279362,3072,128,True,5,,,,,,,,,,,,,,,,,,,,,,,,,,
apnea_binary,lstm,,30s,11,False,False,0.6037790657765316,0.6511693373610155,0.665726523076376,0.5979863288113821,0.6570824605902307,2,48380,10360,10385,24,0,28.42631815671921,32,1,1512,5.0,3279362,3072,128,True,5,,,,,,,,,,,,,,,,,,,,,,,,,,
apnea_binary,lstm,,30s,12,False,False,0.5984138483841491,0.6518364869489633,0.6709824777863417,0.6014878347301884,0.656869124423104,2,48380,10360,10385,24,0,28.42631815671921,32,1,1512,5.0,3279362,3072,128,True,5,,,,,,,,,,,,,,,,,,,,,,,,,,
apnea_binary,lstm,,30s,13,False,False,0.5950924256361433,0.6527570109569888,0.6778493404490884,0.604508434730002,0.6558285070290193,2,48380,10360,10385,24,0,28.42631815671921,32,1,1512,5.0,3279362,3072,128,True,5,,,,,,,,,,,,,,,,,,,,,,,,,,
apnea_binary,lstm,,30s,14,True,False,0.5914156601664546,0.6501860356238818,0.6768595397322823,0.6049021828598382,0.6591355065918321,2,48380,10360,10385,24,0,28.42631815671921,32,1,1512,5.0,3279362,3072,128,True,5,0.7010954940057875,0.7007901465902306,0.7008181562481097,0.7730622866175154,0.7202279202279203,0.6813523729525409,,,,0.6055019305019305,0.6049021828598382,0.6048555855183396,0.6319169027384325,0.5778874629812438,,,,0.6127106403466538,0.6125428176667501,0.6124582939004249,0.6651725039641694,0.633046800382044,0.5920388349514563,,,
apnea_binary,lstm,,30s,15,False,False,0.5868937412314594,0.651685297166979,0.6814144913682922,0.6064164911858773,0.6576983445613074,2,48380,10360,10385,24,0,28.42631815671921,32,1,1512,5.0,3279362,3072,128,True,5,,,,,,,,,,,,,,,,,,,,,,,,,,
apnea_binary,lstm,,30s,16,False,False,0.5825521878143538,0.6556306290810633,0.6876364096649692,0.6032734974136975,0.6560124798768046,2,48380,10360,10385,24,0,28.42631815671921,32,1,1512,5.0,3279362,3072,128,True,5,,,,,,,,,,,,,,,,,,,,,,,,,,
apnea_binary,lstm,,30s,17,False,False,0.5790358712477052,0.6539627802878273,0.6919833227267078,0.6048036526104923,0.6570313031627557,2,48380,10360,10385,24,0,28.42631815671921,32,1,1512,5.0,3279362,3072,128,True,5,,,,,,,,,,,,,,,,,,,,,,,,,,
apnea_binary,lstm,,30s,18,False,False,0.5770927050232937,0.6539917122443211,0.6905958291090588,0.6046607511230304,0.6573244143416045,2,48380,10360,10385,24,0,28.42631815671921,32,1,1512,5.0,3279362,3072,128,True,5,,,,,,,,,,,,,,,,,,,,,,,,,,
apnea_binary,lstm,,30s,19,False,False,0.5712390883937756,0.6551694571281492,0.6986271813025278,0.6058080645657444,0.6553913384733124,2,48380,10360,10385,24,0,28.42631815671921,32,1,1512,5.0,3279362,3072,128,True,5,,,,,,,,,,,,,,,,,,,,,,,,,,
apnea_binary,lstm,,30s,20,False,False,0.5669032230954764,0.6574761314281625,0.7025456584885397,0.6030315995924558,0.6534624200781717,2,48380,10360,10385,24,0,28.42631815671921,32,1,1512,5.0,3279362,3072,128,True,5,,,,,,,,,,,,,,,,,,,,,,,,,,
apnea_binary,lstm,,30s,21,False,False,0.5623513369286243,0.6573561161641449,0.7041251653599407,0.5978799683435452,0.6521369318780312,2,48380,10360,10385,24,0,28.42631815671921,32,1,1512,5.0,3279362,3072,128,True,5,,,,,,,,,,,,,,,,,,,,,,,,,,
apnea_binary,lstm,,30s,22,False,False,0.5577083631653882,0.6653166240706867,0.7129822018944236,0.6003033277496419,0.6529365649763648,2,48380,10360,10385,24,0,28.42631815671921,32,1,1512,5.0,3279362,3072,128,True,5,,,,,,,,,,,,,,,,,,,,,,,,,,
apnea_binary,lstm,,30s,23,False,False,0.5530191820778596,0.6576725410678672,0.7139481911216476,0.6008583410936392,0.6562449441491023,2,48380,10360,10385,24,0,28.42631815671921,32,1,1512,5.0,3279362,3072,128,True,5,,,,,,,,,,,,,,,,,,,,,,,,,,
apnea_binary,lstm,,30s,24,False,False,0.5492252846870997,0.6615168395189706,0.716725101395408,0.603120248851801,0.653646243778938,2,48380,10360,10385,24,0,28.42631815671921,32,1,1512,5.0,3279362,3072,128,True,5,,,,,,,,,,,,,,,,,,,,,,,,,,
apnea_binary,lstm,,10m,1,False,False,0.6476008476724108,0.6493395979800279,0.6139471227669464,0.6029516195035828,0.6609684115935707,2,48380,10360,10385,29,0,40.308416525522865,32,20,1512,5.0,3279362,3072,128,True,5,,,,,,,,,,,,,,,,,,,,,,,,,,
apnea_binary,lstm,,10m,2,False,False,0.6283610292484367,0.6385598701859994,0.637044626628835,0.6186152258598558,0.6757223329949561,2,48380,10360,10385,29,0,40.308416525522865,32,20,1512,5.0,3279362,3072,128,True,5,,,,,,,,,,,,,,,,,,,,,,,,,,
apnea_binary,lstm,,10m,3,False,False,0.6185663849472655,0.6341832086386368,0.6477606687182496,0.6225343434315187,0.6809654845833252,2,48380,10360,10385,29,0,40.308416525522865,32,20,1512,5.0,3279362,3072,128,True,5,,,,,,,,,,,,,,,,,,,,,,,,,,
apnea_binary,lstm,,10m,4,False,False,0.6092484159329649,0.6358716487424254,0.6577436741863454,0.6222997165274473,0.6880800770344353,2,48380,10360,10385,29,0,40.308416525522865,32,20,1512,5.0,3279362,3072,128,True,5,,,,,,,,,,,,,,,,,,,,,,,,,,
apnea_binary,lstm,,10m,5,False,False,0.6040716769380873,0.6293619276473881,0.6617478676067504,0.6283127650272613,0.6862668035090564,2,48380,10360,10385,29,0,40.308416525522865,32,20,1512,5.0,3279362,3072,128,True,5,,,,,,,,,,,,,,,,,,,,,,,,,,
apnea_binary,lstm,,10m,6,False,False,0.5987690927963604,0.6304743093873543,0.6645232650902537,0.6318670317039954,0.6906055462183307,2,48380,10360,10385,29,0,40.308416525522865,32,20,1512,5.0,3279362,3072,128,True,5,,,,,,,,,,,,,,,,,,,,,,,,,,
apnea_binary,lstm,,10m,7,False,False,0.5951589346671213,0.6260310704183394,0.6710844244653569,0.6335790530469338,0.696004836092087,2,48380,10360,10385,29,0,40.308416525522865,32,20,1512,5.0,3279362,3072,128,True,5,,,,,,,,,,,,,,,,,,,,,,,,,,
apnea_binary,lstm,,10m,8,False,False,0.5923095092836517,0.6226204486427159,0.6722192564695715,0.6353676986708203,0.6992341673448196,2,48380,10360,10385,29,0,40.308416525522865,32,20,1512,5.0,3279362,3072,128,True,5,,,,,,,,,,,,,,,,,,,,,,,,,,
apnea_binary,lstm,,10m,9,False,False,0.587005825730679,0.6212925771028379,0.6800800223311774,0.6376997055278546,0.7001839914911626,2,48380,10360,10385,29,0,40.308416525522865,32,20,1512,5.0,3279362,3072,128,True,5,,,,,,,,,,,,,,,,,,,,,,,,,,
apnea_binary,lstm,,10m,10,False,False,0.586731663648133,0.6257214059240569,0.678941498093115,0.6368043573301565,0.6984142129651639,2,48380,10360,10385,29,0,40.308416525522865,32,20,1512,5.0,3279362,3072,128,True,5,,,,,,,,,,,,,,,,,,,,,,,,,,
apnea_binary,lstm,,10m,11,False,False,0.582039595320482,0.6220699388087947,0.6853195158319055,0.6405494389741668,0.7027643654213822,2,48380,10360,10385,29,0,40.308416525522865,32,20,1512,5.0,3279362,3072,128,True,5,,,,,,,,,,,,,,,,,,,,,,,,,,
apnea_binary,lstm,,10m,12,False,False,0.5778743108179314,0.6198271325196079,0.6892141729814976,0.6404011309072706,0.7059706534596981,2,48380,10360,10385,29,0,40.308416525522865,32,20,1512,5.0,3279362,3072,128,True,5,,,,,,,,,,,,,,,,,,,,,,,,,,
apnea_binary,lstm,,10m,13,False,False,0.575157482893125,0.6204108620242262,0.6901019928319383,0.6372812549230169,0.7034870945881072,2,48380,10360,10385,29,0,40.308416525522865,32,20,1512,5.0,3279362,3072,128,True,5,,,,,,,,,,,,,,,,,,,,,,,,,,
apnea_binary,lstm,,10m,14,False,False,0.5715208993957476,0.6226832656326441,0.693747689148781,0.6388516798149086,0.7043170604614049,2,48380,10360,10385,29,0,40.308416525522865,32,20,1512,5.0,3279362,3072,128,True,5,,,,,,,,,,,,,,,,,,,,,,,,,,
apnea_binary,lstm,,10m,15,False,False,0.5693334807463548,0.6169173666409083,0.6945703479092811,0.645097956965492,0.7083265051963753,2,48380,10360,10385,29,0,40.308416525522865,32,20,1512,5.0,3279362,3072,128,True,5,,,,,,,,,,,,,,,,,,,,,,,,,,
apnea_binary,lstm,,10m,16,False,False,0.565965689184647,0.6180596157390639,0.695935542827605,0.6417561315737714,0.707954886755465,2,48380,10360,10385,29,0,40.308416525522865,32,20,1512,5.0,3279362,3072,128,True,5,,,,,,,,,,,,,,,,,,,,,,,,,,
apnea_binary,lstm,,10m,17,False,False,0.5615245830229167,0.6211612912678811,0.7001915175371707,0.6446895737844285,0.7067234171073494,2,48380,10360,10385,29,0,40.308416525522865,32,20,1512,5.0,3279362,3072,128,True,5,,,,,,,,,,,,,,,,,,,,,,,,,,
apnea_binary,lstm,,10m,18,False,False,0.5588448754072485,0.6210748315778017,0.7021174191900778,0.6321589869934477,0.7024704339339297,2,48380,10360,10385,29,0,40.308416525522865,32,20,1512,5.0,3279362,3072,128,True,5,,,,,,,,,,,,,,,,,,,,,,,,,,
apnea_binary,lstm,,10m,19,True,False,0.5553758526129287,0.616324967399067,0.7066619778715537,0.6446651509600874,0.7102931018571601,2,48380,10360,10385,29,0,40.308416525522865,32,20,1512,5.0,3279362,3072,128,True,5,0.7321207110376189,0.7306073707585677,0.7289703506311482,0.8162773231714853,0.8269434269434269,0.6342713145737086,,,,0.646042471042471,0.6446651509600874,0.6439669661992452,0.7067044381491974,0.5826258637709772,,,,0.636783822821377,0.6361809515861314,0.6345106654137664,0.7015710722267041,0.7098376313276027,0.5625242718446601,,,
apnea_binary,lstm,,10m,20,False,False,0.5509073336935576,0.6243330738259099,0.7107142387066788,0.6405376004295433,0.707736964317508,2,48380,10360,10385,29,0,40.308416525522865,32,20,1512,5.0,3279362,3072,128,True,5,,,,,,,,,,,,,,,,,,,,,,,,,,
apnea_binary,lstm,,10m,21,False,False,0.5483969951326466,0.6264176152847909,0.7133142892697701,0.6348773778462611,0.7008485533205253,2,48380,10360,10385,29,0,40.308416525522865,32,20,1512,5.0,3279362,3072,128,True,5,,,,,,,,,,,,,,,,,,,,,,,,,,
apnea_binary,lstm,,10m,22,False,False,0.5485092832806584,0.6198275089724183,0.7141956220704646,0.637921468501548,0.704471315765679,2,48380,10360,10385,29,0,40.308416525522865,32,20,1512,5.0,3279362,3072,128,True,5,,,,,,,,,,,,,,,,,,,,,,,,,,
apnea_binary,lstm,,10m,23,False,False,0.5426523085762125,0.6214505973469797,0.7187436422211726,0.6383851292964828,0.703806287851882,2,48380,10360,10385,29,0,40.308416525522865,32,20,1512,5.0,3279362,3072,128,True,5,,,,,,,,,,,,,,,,,,,,,,,,,,
apnea_binary,lstm,,10m,24,False,False,0.5399834567503083,0.6212812249264662,0.7197656901562823,0.6361910834319102,0.7049670058829178,2,48380,10360,10385,29,0,40.308416525522865,32,20,1512,5.0,3279362,3072,128,True,5,,,,,,,,,,,,,,,,,,,,,,,,,,
apnea_binary,lstm,,10m,25,False,False,0.5366297543492382,0.6230230417030659,0.7249527915424597,0.6384410594285619,0.7034283865928016,2,48380,10360,10385,29,0,40.308416525522865,32,20,1512,5.0,3279362,3072,128,True,5,,,,,,,,,,,,,,,,,,,,,,,,,,
apnea_binary,lstm,,10m,26,False,False,0.5319870047724016,0.6236153789468714,0.728942925414996,0.6377287891965358,0.7066294544854568,2,48380,10360,10385,29,0,40.308416525522865,32,20,1512,5.0,3279362,3072,128,True,5,,,,,,,,,,,,,,,,,,,,,,,,,,
apnea_binary,lstm,,10m,27,False,False,0.5304593562389909,0.6235511994269823,0.7298199164221844,0.6435432857274692,0.7069746179738936,2,48380,10360,10385,29,0,40.308416525522865,32,20,1512,5.0,3279362,3072,128,True,5,,,,,,,,,,,,,,,,,,,,,,,,,,
apnea_binary,lstm,,10m,28,False,False,0.5251673457247011,0.6221101948653409,0.73347686892416,0.6378403698100332,0.7056376454532999,2,48380,10360,10385,29,0,40.308416525522865,32,20,1512,5.0,3279362,3072,128,True,5,,,,,,,,,,,,,,,,,,,,,,,,,,
apnea_binary,lstm,,10m,29,False,False,0.5238170928751057,0.6220983311476395,0.7335019795330588,0.6404796195259548,0.7075498220955714,2,48380,10360,10385,29,0,40.308416525522865,32,20,1512,5.0,3279362,3072,128,True,5,,,,,,,,,,,,,,,,,,,,,,,,,,
apnea_binary,lstm,,40m,1,False,False,0.6396230324480641,0.6360246635311819,0.6216771220131153,0.6196553398827518,0.6920481148282898,2,48380,10360,10385,28,0,47.46943604151408,32,80,1512,5.0,3279362,3072,128,True,5,,,,,,,,,,,,,,,,,,,,,,,,,,
apnea_binary,lstm,,40m,2,False,False,0.6139201957955741,0.6216672477574883,0.6561927564867506,0.6394346582249454,0.7058942715426556,2,48380,10360,10385,28,0,47.46943604151408,32,80,1512,5.0,3279362,3072,128,True,5,,,,,,,,,,,,,,,,,,,,,,,,,,
apnea_binary,lstm,,40m,3,False,False,0.5996263640091507,0.6117494694514625,0.6694512434537634,0.6431491647300858,0.7143534616556997,2,48380,10360,10385,28,0,47.46943604151408,32,80,1512,5.0,3279362,3072,128,True,5,,,,,,,,,,,,,,,,,,,,,,,,,,
apnea_binary,lstm,,40m,4,False,False,0.5874026463809413,0.60439669561202,0.6804417843267067,0.6564323846650764,0.7284089275676824,2,48380,10360,10385,28,0,47.46943604151408,32,80,1512,5.0,3279362,3072,128,True,5,,,,,,,,,,,,,,,,,,,,,,,,,,
apnea_binary,lstm,,40m,5,False,False,0.5777291449449831,0.6010658745599989,0.6905408302090368,0.6561767839614754,0.7278946872899706,2,48380,10360,10385,28,0,47.46943604151408,32,80,1512,5.0,3279362,3072,128,True,5,,,,,,,,,,,,,,,,,,,,,,,,,,
apnea_binary,lstm,,40m,6,False,False,0.5745523571031751,0.6056331264006125,0.6901901192745377,0.6525000302954882,0.7296779449778004,2,48380,10360,10385,28,0,47.46943604151408,32,80,1512,5.0,3279362,3072,128,True,5,,,,,,,,,,,,,,,,,,,,,,,,,,
apnea_binary,lstm,,40m,7,False,False,0.5672681847206075,0.602194603529676,0.6968460972660888,0.6538385315730256,0.7342828405422613,2,48380,10360,10385,28,0,47.46943604151408,32,80,1512,5.0,3279362,3072,128,True,5,,,,,,,,,,,,,,,,,,,,,,,,,,
apnea_binary,lstm,,40m,8,False,False,0.5623017404926075,0.5938953653265611,0.7036003724369957,0.6641761911020753,0.7374326391471773,2,48380,10360,10385,28,0,47.46943604151408,32,80,1512,5.0,3279362,3072,128,True,5,,,,,,,,,,,,,,,,,,,,,,,,,,
apnea_binary,lstm,,40m,9,False,False,0.5577696364100386,0.5931650309949308,0.7076314200211722,0.6662283608649409,0.7373822274547968,2,48380,10360,10385,28,0,47.46943604151408,32,80,1512,5.0,3279362,3072,128,True,5,,,,,,,,,,,,,,,,,,,,,,,,,,
apnea_binary,lstm,,40m,10,False,False,0.5545420052296567,0.5994384848012887,0.7087179880334017,0.65911320911251,0.7422941235142393,2,48380,10360,10385,28,0,47.46943604151408,32,80,1512,5.0,3279362,3072,128,True,5,,,,,,,,,,,,,,,,,,,,,,,,,,
apnea_binary,lstm,,40m,11,False,False,0.5518756771097503,0.5898816119750034,0.7108792012193944,0.6687642330534029,0.7451360453854379,2,48380,10360,10385,28,0,47.46943604151408,32,80,1512,5.0,3279362,3072,128,True,5,,,,,,,,,,,,,,,,,,,,,,,,,,
apnea_binary,lstm,,40m,12,False,False,0.5473969555827595,0.589876837896104,0.7163327930022596,0.6677848964406996,0.7439794848275535,2,48380,10360,10385,28,0,47.46943604151408,32,80,1512,5.0,3279362,3072,128,True,5,,,,,,,,,,,,,,,,,,,,,,,,,,
apnea_binary,lstm,,40m,13,False,False,0.5426639004451472,0.5881896971735715,0.7188200594962459,0.6705711491871021,0.745289480381108,2,48380,10360,10385,28,0,47.46943604151408,32,80,1512,5.0,3279362,3072,128,True,5,,,,,,,,,,,,,,,,,,,,,,,,,,
apnea_binary,lstm,,40m,14,False,False,0.5367089887032976,0.5997790495861451,0.7217887864464932,0.6636201523723231,0.7473695965666356,2,48380,10360,10385,28,0,47.46943604151408,32,80,1512,5.0,3279362,3072,128,True,5,,,,,,,,,,,,,,,,,,,,,,,,,,
apnea_binary,lstm,,40m,15,False,False,0.5338074294039413,0.592834726171604,0.7258386712607628,0.6620554137105261,0.7390166923479191,2,48380,10360,10385,28,0,47.46943604151408,32,80,1512,5.0,3279362,3072,128,True,5,,,,,,,,,,,,,,,,,,,,,,,,,,
apnea_binary,lstm,,40m,16,False,False,0.5308190514352411,0.5930878714705066,0.7277611028976002,0.6638627027117725,0.740522182356467,2,48380,10360,10385,28,0,47.46943604151408,32,80,1512,5.0,3279362,3072,128,True,5,,,,,,,,,,,,,,,,,,,,,,,,,,
apnea_binary,lstm,,40m,17,False,False,0.5263663278379042,0.6080713000997153,0.7312394521340342,0.6568829950958596,0.738172669368092,2,48380,10360,10385,28,0,47.46943604151408,32,80,1512,5.0,3279362,3072,128,True,5,,,,,,,,,,,,,,,,,,,,,,,,,,
apnea_binary,lstm,,40m,18,True,False,0.5219394329166847,0.582514576378016,0.7360524584380107,0.6748844809730352,0.7534596049281904,2,48380,10360,10385,28,0,47.46943604151408,32,80,1512,5.0,3279362,3072,128,True,5,0.7632699462587846,0.7631053105433618,0.7631503823655523,0.8443384089583166,0.7735856735856735,0.75262494750105,,,,0.6747104247104247,0.6748844809730352,0.6746938274567236,0.6670443814919735,0.6827245804540968,,,,0.6623013962445835,0.6623095112248588,0.662294770412162,0.7338161552656226,0.6613180515759313,0.6633009708737864,,,
apnea_binary,lstm,,40m,19,False,False,0.5171250402114272,0.5882619411328585,0.7409273780336358,0.6731949248998151,0.7455124365309522,2,48380,10360,10385,28,0,47.46943604151408,32,80,1512,5.0,3279362,3072,128,True,5,,,,,,,,,,,,,,,,,,,,,,,,,,
apnea_binary,lstm,,40m,20,False,False,0.514895291703454,0.5895169748302592,0.7407966199650367,0.6716398807942452,0.7479285250198786,2,48380,10360,10385,28,0,47.46943604151408,32,80,1512,5.0,3279362,3072,128,True,5,,,,,,,,,,,,,,,,,,,,,,,,,,
apnea_binary,lstm,,40m,21,False,False,0.5103878625935393,0.5898795092428053,0.7436350247354028,0.6751312260723903,0.7481198992884754,2,48380,10360,10385,28,0,47.46943604151408,32,80,1512,5.0,3279362,3072,128,True,5,,,,,,,,,,,,,,,,,,,,,,,,,,
apnea_binary,lstm,,40m,22,False,False,0.5074302404071733,0.5861733802497157,0.7450199115675806,0.6737662511990022,0.7492199890563375,2,48380,10360,10385,28,0,47.46943604151408,32,80,1512,5.0,3279362,3072,128,True,5,,,,,,,,,,,,,,,,,,,,,,,,,,
apnea_binary,lstm,,40m,23,False,False,0.5030959748566373,0.5897233242233748,0.7507670701286829,0.6712512595931828,0.7466748883960823,2,48380,10360,10385,28,0,47.46943604151408,32,80,1512,5.0,3279362,3072,128,True,5,,,,,,,,,,,,,,,,,,,,,,,,,,
apnea_binary,lstm,,40m,24,False,False,0.4989594778821408,0.589629593134847,0.7528224307308726,0.6717177168947217,0.746508533539902,2,48380,10360,10385,28,0,47.46943604151408,32,80,1512,5.0,3279362,3072,128,True,5,,,,,,,,,,,,,,,,,,,,,,,,,,
apnea_binary,lstm,,40m,25,False,False,0.4962987742871477,0.5896534567634111,0.7546253604842432,0.6714346172095151,0.7470972354667882,2,48380,10360,10385,28,0,47.46943604151408,32,80,1512,5.0,3279362,3072,128,True,5,,,,,,,,,,,,,,,,,,,,,,,,,,
apnea_binary,lstm,,40m,26,False,False,0.4898675695388166,0.5875985810195157,0.7587347740224683,0.6745456375895231,0.7499478451518363,2,48380,10360,10385,28,0,47.46943604151408,32,80,1512,5.0,3279362,3072,128,True,5,,,,,,,,,,,,,,,,,,,,,,,,,,
apnea_binary,lstm,,40m,27,False,False,0.4880967392045242,0.5862404035785483,0.7611555632135221,0.6782370263067377,0.7521250001165212,2,48380,10360,10385,28,0,47.46943604151408,32,80,1512,5.0,3279362,3072,128,True,5,,,,,,,,,,,,,,,,,,,,,,,,,,
apnea_binary,lstm,,40m,28,False,False,0.48724797636135,0.5914777036799427,0.7619292998755409,0.6717682404473665,0.7485149338113495,2,48380,10360,10385,28,0,47.46943604151408,32,80,1512,5.0,3279362,3072,128,True,5,,,,,,,,,,,,,,,,,,,,,,,,,,
apnea_binary,lstm,,80m,1,False,False,0.6404253099909889,0.6183209450088413,0.6249350568544185,0.6487594230620441,0.7099300593698351,2,48380,10360,10385,37,0,86.03226480484008,32,160,1512,5.0,3279362,3072,128,True,5,,,,,,,,,,,,,,,,,,,,,,,,,,
apnea_binary,lstm,,80m,2,False,False,0.5934343304502023,0.5929807878829337,0.6760823416010313,0.6724911374044877,0.7426963170940195,2,48380,10360,10385,37,0,86.03226480484008,32,160,1512,5.0,3279362,3072,128,True,5,,,,,,,,,,,,,,,,,,,,,,,,,,
apnea_binary,lstm,,80m,3,False,False,0.5717426167139588,0.5942231571812427,0.695248847159809,0.6696513781650628,0.7493457013498738,2,48380,10360,10385,37,0,86.03226480484008,32,160,1512,5.0,3279362,3072,128,True,5,,,,,,,,,,,,,,,,,,,,,,,,,,
apnea_binary,lstm,,80m,4,False,False,0.564538112288913,0.5759762875361792,0.6981753527322616,0.6852947564569007,0.7616239500282913,2,48380,10360,10385,37,0,86.03226480484008,32,160,1512,5.0,3279362,3072,128,True,5,,,,,,,,,,,,,,,,,,,,,,,,,,
apnea_binary,lstm,,80m,5,False,False,0.5498769885649016,0.5800449953576312,0.7141317515530032,0.679591747322578,0.7627653348770049,2,48380,10360,10385,37,0,86.03226480484008,32,160,1512,5.0,3279362,3072,128,True,5,,,,,,,,,,,,,,,,,,,,,,,,,,
apnea_binary,lstm,,80m,6,False,False,0.543401256160531,0.5676692355093348,0.7185172023055266,0.690041546766446,0.768726648004646,2,48380,10360,10385,37,0,86.03226480484008,32,160,1512,5.0,3279362,3072,128,True,5,,,,,,,,,,,,,,,,,,,,,,,,,,
apnea_binary,lstm,,80m,7,False,False,0.5372157614282361,0.5666789678533105,0.724572200863675,0.6920925047097832,0.7701589068269251,2,48380,10360,10385,37,0,86.03226480484008,32,160,1512,5.0,3279362,3072,128,True,5,,,,,,,,,,,,,,,,,,,,,,,,,,
apnea_binary,lstm,,80m,8,False,False,0.5326885046792356,0.5652098077604669,0.7290208554803262,0.6901830500006059,0.7714845441740844,2,48380,10360,10385,37,0,86.03226480484008,32,160,1512,5.0,3279362,3072,128,True,5,,,,,,,,,,,,,,,,,,,,,,,,,,
apnea_binary,lstm,,80m,9,False,False,0.5256521882647175,0.5645852751713462,0.7332642748854425,0.6913880646962481,0.7727191645529737,2,48380,10360,10385,37,0,86.03226480484008,32,160,1512,5.0,3279362,3072,128,True,5,,,,,,,,,,,,,,,,,,,,,,,,,,
apnea_binary,lstm,,80m,10,False,False,0.5206466116704148,0.5656630457138002,0.734545685154673,0.6897797005314295,0.7704066586686578,2,48380,10360,10385,37,0,86.03226480484008,32,160,1512,5.0,3279362,3072,128,True,5,,,,,,,,,,,,,,,,,,,,,,,,,,
apnea_binary,lstm,,80m,11,False,False,0.5167429788835091,0.5570283374270877,0.7390664323465668,0.6986809810518033,0.7798089985989501,2,48380,10360,10385,37,0,86.03226480484008,32,160,1512,5.0,3279362,3072,128,True,5,,,,,,,,,,,,,,,,,,,,,,,,,,
apnea_binary,lstm,,80m,12,False,False,0.5116818228133605,0.5566069382958431,0.7431825551523157,0.700024982125662,0.7792127088174786,2,48380,10360,10385,37,0,86.03226480484008,32,160,1512,5.0,3279362,3072,128,True,5,,,,,,,,,,,,,,,,,,,,,,,,,,
apnea_binary,lstm,,80m,13,False,False,0.5055479492836621,0.5573449458855,0.7468589858972051,0.6990894574497537,0.780684323809364,2,48380,10360,10385,37,0,86.03226480484008,32,160,1512,5.0,3279362,3072,128,True,5,,,,,,,,,,,,,,,,,,,,,,,,,,
apnea_binary,lstm,,80m,14,False,False,0.501657053896,0.5572561537436997,0.7498082346045387,0.7010033865694973,0.780194692789767,2,48380,10360,10385,37,0,86.03226480484008,32,160,1512,5.0,3279362,3072,128,True,5,,,,,,,,,,,,,,,,,,,,,,,,,,
apnea_binary,lstm,,80m,15,False,False,0.4963552891493533,0.5593285747936794,0.7544684063583686,0.69480148065703,0.7764530042404362,2,48380,10360,10385,37,0,86.03226480484008,32,160,1512,5.0,3279362,3072,128,True,5,,,,,,,,,,,,,,,,,,,,,,,,,,
apnea_binary,lstm,,80m,16,False,False,0.491192519487355,0.5550044116366324,0.7560204180531773,0.7053383446731676,0.7829665714922254,2,48380,10360,10385,37,0,86.03226480484008,32,160,1512,5.0,3279362,3072,128,True,5,,,,,,,,,,,,,,,,,,,,,,,,,,
apnea_binary,lstm,,80m,17,False,False,0.4852525104590318,0.5625924789307201,0.7627723172032286,0.6990928132576786,0.7782622694396826,2,48380,10360,10385,37,0,86.03226480484008,32,160,1512,5.0,3279362,3072,128,True,5,,,,,,,,,,,,,,,,,,,,,,,,,,
apnea_binary,lstm,,80m,18,False,False,0.4826591770108843,0.5586019375609615,0.7633843306039862,0.6998790044809358,0.7802239069620895,2,48380,10360,10385,37,0,86.03226480484008,32,160,1512,5.0,3279362,3072,128,True,5,,,,,,,,,,,,,,,,,,,,,,,,,,
apnea_binary,lstm,,80m,19,False,False,0.4773222114685992,0.5613332101737211,0.7662017357943439,0.7002520584619027,0.7761742857489091,2,48380,10360,10385,37,0,86.03226480484008,32,160,1512,5.0,3279362,3072,128,True,5,,,,,,,,,,,,,,,,,,,,,,,,,,
apnea_binary,lstm,,80m,20,False,False,0.4739138555186699,0.5580517236790602,0.7673164399959864,0.7015387311503802,0.7839686716686849,2,48380,10360,10385,37,0,86.03226480484008,32,160,1512,5.0,3279362,3072,128,True,5,,,,,,,,,,,,,,,,,,,,,,,,,,
apnea_binary,lstm,,80m,21,False,False,0.4708704214812606,0.5816236094618396,0.770846531787313,0.6877373185416777,0.777837349582901,2,48380,10360,10385,37,0,86.03226480484008,32,160,1512,5.0,3279362,3072,128,True,5,,,,,,,,,,,,,,,,,,,,,,,,,,
apnea_binary,lstm,,80m,22,False,False,0.4606385667790258,0.5581603202120218,0.7780296701758272,0.699011714566164,0.7819989802072584,2,48380,10360,10385,37,0,86.03226480484008,32,160,1512,5.0,3279362,3072,128,True,5,,,,,,,,,,,,,,,,,,,,,,,,,,
apnea_binary,lstm,,80m,23,False,False,0.4610266406657332,0.5556592959234613,0.7773916743887345,0.7033639177938918,0.7839231818279273,2,48380,10360,10385,37,0,86.03226480484008,32,160,1512,5.0,3279362,3072,128,True,5,,,,,,,,,,,,,,,,,,,,,,,,,,
apnea_binary,lstm,,80m,24,False,False,0.4545244979262106,0.5596168875694275,0.782301670205912,0.7013718729230112,0.7822595773359918,2,48380,10360,10385,37,0,86.03226480484008,32,160,1512,5.0,3279362,3072,128,True,5,,,,,,,,,,,,,,,,,,,,,,,,,,
apnea_binary,lstm,,80m,25,False,False,0.4503414350090168,0.5600448414165541,0.7860077670241468,0.70484914245125,0.7832103709379576,2,48380,10360,10385,37,0,86.03226480484008,32,160,1512,5.0,3279362,3072,128,True,5,,,,,,,,,,,,,,,,,,,,,,,,,,
apnea_binary,lstm,,80m,26,False,False,0.4465961233822458,0.5667647511342317,0.7847211602776492,0.6993702267127904,0.7834202953670274,2,48380,10360,10385,37,0,86.03226480484008,32,160,1512,5.0,3279362,3072,128,True,5,,,,,,,,,,,,,,,,,,,,,,,,,,
apnea_binary,lstm,,80m,27,True,False,0.4410257236604702,0.5578442325923434,0.7898690829602212,0.7051316828351357,0.7856307101169219,2,48380,10360,10385,37,0,86.03226480484008,32,160,1512,5.0,3279362,3072,128,True,5,0.816597767672592,0.8162027101338316,0.8163329677870452,0.9006283011091915,0.8413512413512414,0.7910541789164217,,,,0.7055984555984556,0.7051316828351357,0.7052018375671267,0.7261567516525024,0.684106614017769,,,,0.6875300914780934,0.6872971318886139,0.6871665896063018,0.7637385410001762,0.7157593123209169,0.6588349514563107,,,
apnea_binary,lstm,,80m,28,False,False,0.4382788852306869,0.5635385962987038,0.7922136685471419,0.7054329598132679,0.7822679482124265,2,48380,10360,10385,37,0,86.03226480484008,32,160,1512,5.0,3279362,3072,128,True,5,,,,,,,,,,,,,,,,,,,,,,,,,,
apnea_binary,lstm,,80m,29,False,False,0.435557710365502,0.5633717704923917,0.7937814918915297,0.704899945654555,0.7838754734252639,2,48380,10360,10385,37,0,86.03226480484008,32,160,1512,5.0,3279362,3072,128,True,5,,,,,,,,,,,,,,,,,,,,,,,,,,
apnea_binary,lstm,,80m,30,False,False,0.4319722260656116,0.5630705632758417,0.795703923528367,0.7045605429697223,0.7835871349510192,2,48380,10360,10385,37,0,86.03226480484008,32,160,1512,5.0,3279362,3072,128,True,5,,,,,,,,,,,,,,,,,,,,,,,,,,
apnea_binary,lstm,,80m,31,False,False,0.4300399294097643,0.5599161618924969,0.7968937544326036,0.7040412316933686,0.783788241062598,2,48380,10360,10385,37,0,86.03226480484008,32,160,1512,5.0,3279362,3072,128,True,5,,,,,,,,,,,,,,,,,,,,,,,,,,
apnea_binary,lstm,,80m,32,False,False,0.4269249017177509,0.5667564301647274,0.7995936064184699,0.7022315190530656,0.7815152218515298,2,48380,10360,10385,37,0,86.03226480484008,32,160,1512,5.0,3279362,3072,128,True,5,,,,,,,,,,,,,,,,,,,,,,,,,,
apnea_binary,lstm,,80m,33,False,False,0.4249650579979223,0.5686596482416838,0.8004907337750681,0.7004782026292755,0.7818998720132145,2,48380,10360,10385,37,0,86.03226480484008,32,160,1512,5.0,3279362,3072,128,True,5,,,,,,,,,,,,,,,,,,,,,,,,,,
apnea_binary,lstm,,80m,34,False,False,0.4179436742717345,0.5641712877280923,0.8038885461607007,0.7038017575111837,0.7829440875791295,2,48380,10360,10385,37,0,86.03226480484008,32,160,1512,5.0,3279362,3072,128,True,5,,,,,,,,,,,,,,,,,,,,,,,,,,
apnea_binary,lstm,,80m,35,False,False,0.4188294867214559,0.5640004551548755,0.805218228968754,0.7030925634364219,0.7837879800553149,2,48380,10360,10385,37,0,86.03226480484008,32,160,1512,5.0,3279362,3072,128,True,5,,,,,,,,,,,,,,,,,,,,,,,,,,
apnea_binary,lstm,,80m,36,False,False,0.4147716566298115,0.5644648570811887,0.8076706243652905,0.7046037956051967,0.7827970845486486,2,48380,10360,10385,37,0,86.03226480484008,32,160,1512,5.0,3279362,3072,128,True,5,,,,,,,,,,,,,,,,,,,,,,,,,,
apnea_binary,lstm,,80m,37,False,False,0.4135431657994567,0.5643332198780016,0.8072352655510993,0.7038355952410915,0.7831747061570685,2,48380,10360,10385,37,0,86.03226480484008,32,160,1512,5.0,3279362,3072,128,True,5,,,,,,,,,,,,,,,,,,,,,,,,,,
apnea_binary,lstm,,120m,1,False,False,0.6412726103840608,0.6244391619929015,0.6228067575400629,0.6429118345362972,0.7039382643202111,2,48380,10360,10385,34,0,124.2636005004247,32,240,1512,5.0,3279362,3072,128,True,5,,,,,,,,,,,,,,,,,,,,,,,,,,
apnea_binary,lstm,,120m,2,False,False,0.6022902681936948,0.5898421444948115,0.6689645694265602,0.6750865751836139,0.7497838580045807,2,48380,10360,10385,34,0,124.2636005004247,32,240,1512,5.0,3279362,3072,128,True,5,,,,,,,,,,,,,,,,,,,,,,,,,,
apnea_binary,lstm,,120m,3,False,False,0.5692423775059076,0.5834901257831617,0.6991430855143581,0.6806436998900973,0.7628637532660867,2,48380,10360,10385,34,0,124.2636005004247,32,240,1512,5.0,3279362,3072,128,True,5,,,,,,,,,,,,,,,,,,,,,,,,,,
apnea_binary,lstm,,120m,4,False,False,0.5535337001738246,0.5647391949381148,0.7109361658920668,0.6988148405012458,0.7761674249860407,2,48380,10360,10385,34,0,124.2636005004247,32,240,1512,5.0,3279362,3072,128,True,5,,,,,,,,,,,,,,,,,,,,,,,,,,
apnea_binary,lstm,,120m,5,False,False,0.542548387072312,0.5529832049226209,0.7206702105274134,0.7070041304402541,0.7874244453828279,2,48380,10360,10385,34,0,124.2636005004247,32,240,1512,5.0,3279362,3072,128,True,5,,,,,,,,,,,,,,,,,,,,,,,,,,
apnea_binary,lstm,,120m,6,False,False,0.5332279149881815,0.5664045199924455,0.7265009315198312,0.6965586189731787,0.7778262940601268,2,48380,10360,10385,34,0,124.2636005004247,32,240,1512,5.0,3279362,3072,128,True,5,,,,,,,,,,,,,,,,,,,,,,,,,,
apnea_binary,lstm,,120m,7,False,False,0.5302000354493438,0.5628711398964222,0.7306348146541343,0.694918374633075,0.7853146862272982,2,48380,10360,10385,34,0,124.2636005004247,32,240,1512,5.0,3279362,3072,128,True,5,,,,,,,,,,,,,,,,,,,,,,,,,,
apnea_binary,lstm,,120m,8,False,False,0.5189404319415856,0.5456405522280218,0.7381996291698097,0.7084804994933662,0.7932443857799504,2,48380,10360,10385,34,0,124.2636005004247,32,240,1512,5.0,3279362,3072,128,True,5,,,,,,,,,,,,,,,,,,,,,,,,,,
apnea_binary,lstm,,120m,9,False,False,0.5129011809382373,0.5415934415397496,0.7420624578961412,0.7124465983759753,0.797424380131007,2,48380,10360,10385,34,0,124.2636005004247,32,240,1512,5.0,3279362,3072,128,True,5,,,,,,,,,,,,,,,,,,,,,,,,,,
apnea_binary,lstm,,120m,10,False,False,0.5055618771692602,0.5428895940651765,0.7480999354371887,0.711101571916362,0.794175473332047,2,48380,10360,10385,34,0,124.2636005004247,32,240,1512,5.0,3279362,3072,128,True,5,,,,,,,,,,,,,,,,,,,,,,,,,,
apnea_binary,lstm,,120m,11,False,False,0.5032990429089945,0.5421055247884919,0.7508922300186476,0.7164553905927382,0.7970603495446821,2,48380,10360,10385,34,0,124.2636005004247,32,240,1512,5.0,3279362,3072,128,True,5,,,,,,,,,,,,,,,,,,,,,,,,,,
apnea_binary,lstm,,120m,12,False,False,0.4947675728364245,0.5361020677798504,0.7556820658458625,0.7170550548255119,0.8010112540747432,2,48380,10360,10385,34,0,124.2636005004247,32,240,1512,5.0,3279362,3072,128,True,5,,,,,,,,,,,,,,,,,,,,,,,,,,
apnea_binary,lstm,,120m,13,False,False,0.4913144310257956,0.5393518500346475,0.756955672852355,0.7186335895865552,0.8003109528909819,2,48380,10360,10385,34,0,124.2636005004247,32,240,1512,5.0,3279362,3072,128,True,5,,,,,,,,,,,,,,,,,,,,,,,,,,
apnea_binary,lstm,,120m,14,False,False,0.4877336687024539,0.5359698609035448,0.7595505269381793,0.7210940493135974,0.8017040046906738,2,48380,10360,10385,34,0,124.2636005004247,32,240,1512,5.0,3279362,3072,128,True,5,,,,,,,,,,,,,,,,,,,,,,,,,,
apnea_binary,lstm,,120m,15,False,False,0.4804047058021889,0.5371605094335254,0.7650576048308093,0.7147290138492328,0.8001910573311819,2,48380,10360,10385,34,0,124.2636005004247,32,240,1512,5.0,3279362,3072,128,True,5,,,,,,,,,,,,,,,,,,,,,,,,,,
apnea_binary,lstm,,120m,16,False,False,0.4747687503689328,0.5325508126420865,0.7673798917184049,0.7202058788161828,0.8031431242758214,2,48380,10360,10385,34,0,124.2636005004247,32,240,1512,5.0,3279362,3072,128,True,5,,,,,,,,,,,,,,,,,,,,,,,,,,
apnea_binary,lstm,,120m,17,False,False,0.47075846718086,0.5370543606493003,0.7731924335872257,0.719544318570575,0.8026823718477545,2,48380,10360,10385,34,0,124.2636005004247,32,240,1512,5.0,3279362,3072,128,True,5,,,,,,,,,,,,,,,,,,,,,,,,,,
apnea_binary,lstm,,120m,18,False,False,0.4642646555887761,0.5441215993814947,0.7782303755634289,0.7112240589056151,0.800301109187736,2,48380,10360,10385,34,0,124.2636005004247,32,240,1512,5.0,3279362,3072,128,True,5,,,,,,,,,,,,,,,,,,,,,,,,,,
apnea_binary,lstm,,120m,19,False,False,0.459580398468303,0.5353913910140402,0.7805578589282915,0.720408252677422,0.8032284363706192,2,48380,10360,10385,34,0,124.2636005004247,32,240,1512,5.0,3279362,3072,128,True,5,,,,,,,,,,,,,,,,,,,,,,,,,,
apnea_binary,lstm,,120m,20,False,False,0.4574097244564094,0.53410596042066,0.7819574719616719,0.7218236578865681,0.8034288340338582,2,48380,10360,10385,34,0,124.2636005004247,32,240,1512,5.0,3279362,3072,128,True,5,,,,,,,,,,,,,,,,,,,,,,,,,,
apnea_binary,lstm,,120m,21,False,False,0.449821213389192,0.5345597449646954,0.7874887886857648,0.7188797753845896,0.8039873709761767,2,48380,10360,10385,34,0,124.2636005004247,32,240,1512,5.0,3279362,3072,128,True,5,,,,,,,,,,,,,,,,,,,,,,,,,,
apnea_binary,lstm,,120m,22,False,False,0.4448634791788162,0.5389101227277955,0.7893369653974442,0.7216338683050467,0.8043168367408766,2,48380,10360,10385,34,0,124.2636005004247,32,240,1512,5.0,3279362,3072,128,True,5,,,,,,,,,,,,,,,,,,,,,,,,,,
apnea_binary,lstm,,120m,23,False,False,0.4380377808672773,0.5329846082046685,0.793062113116712,0.7234758339881819,0.8051650731239868,2,48380,10360,10385,34,0,124.2636005004247,32,240,1512,5.0,3279362,3072,128,True,5,,,,,,,,,,,,,,,,,,,,,,,,,,
apnea_binary,lstm,,120m,24,True,False,0.4338769648724619,0.534124164507656,0.7967937478857261,0.7228843728414465,0.8054288023401168,2,48380,10360,10385,34,0,124.2636005004247,32,240,1512,5.0,3279362,3072,128,True,5,0.8207523770152956,0.8199286612558347,0.8199843922618983,0.9073801814561999,0.8723646723646724,0.7674926501469971,,,,0.7238416988416988,0.7228843728414465,0.7228714509534493,0.7660056657223796,0.6797630799605133,,,,0.6989889263360616,0.6985935775818103,0.6981079496860811,0.7791003978078839,0.7468958930276982,0.6502912621359224,,,
apnea_binary,lstm,,120m,25,False,False,0.4301039086658632,0.5550094303016957,0.797694781147112,0.7093708139791772,0.7964134802804337,2,48380,10360,10385,34,0,124.2636005004247,32,240,1512,5.0,3279362,3072,128,True,5,,,,,,,,,,,,,,,,,,,,,,,,,,
apnea_binary,lstm,,120m,26,False,False,0.4235222586056771,0.538438048970285,0.802110966327682,0.7196050027638807,0.8051652968445152,2,48380,10360,10385,34,0,124.2636005004247,32,240,1512,5.0,3279362,3072,128,True,5,,,,,,,,,,,,,,,,,,,,,,,,,,
apnea_binary,lstm,,120m,27,False,False,0.4167100385626075,0.5437291439205523,0.8086506987808961,0.7230384603553242,0.8037520169803881,2,48380,10360,10385,34,0,124.2636005004247,32,240,1512,5.0,3279362,3072,128,True,5,,,,,,,,,,,,,,,,,,,,,,,,,,
apnea_binary,lstm,,120m,28,False,False,0.4131513718338533,0.5478798481948587,0.8071599422712401,0.716728702504831,0.7981359978448256,2,48380,10360,10385,34,0,124.2636005004247,32,240,1512,5.0,3279362,3072,128,True,5,,,,,,,,,,,,,,,,,,,,,,,,,,
apnea_binary,lstm,,120m,29,False,False,0.4070995919908458,0.5443932862815709,0.8125425354740768,0.7242315432894562,0.8028872252781825,2,48380,10360,10385,34,0,124.2636005004247,32,240,1512,5.0,3279362,3072,128,True,5,,,,,,,,,,,,,,,,,,,,,,,,,,
apnea_binary,lstm,,120m,30,False,False,0.40523230180902,0.5460039811474936,0.8142142712701301,0.7222448117811231,0.802002634309221,2,48380,10360,10385,34,0,124.2636005004247,32,240,1512,5.0,3279362,3072,128,True,5,,,,,,,,,,,,,,,,,,,,,,,,,,
apnea_binary,lstm,,120m,31,False,False,0.4015967852865285,0.5484971406837228,0.8155902864848685,0.7176505242983797,0.8019448771261606,2,48380,10360,10385,34,0,124.2636005004247,32,240,1512,5.0,3279362,3072,128,True,5,,,,,,,,,,,,,,,,,,,,,,,,,,
apnea_binary,lstm,,120m,32,False,False,0.3943946018402317,0.5478255982794817,0.8242866937533044,0.7211679703048286,0.8037118964323101,2,48380,10360,10385,34,0,124.2636005004247,32,240,1512,5.0,3279362,3072,128,True,5,,,,,,,,,,,,,,,,,,,,,,,,,,
apnea_binary,lstm,,120m,33,False,False,0.3928861689966737,0.5444267713195109,0.8224047399393892,0.7220766485173388,0.8048941662075735,2,48380,10360,10385,34,0,124.2636005004247,32,240,1512,5.0,3279362,3072,128,True,5,,,,,,,,,,,,,,,,,,,,,,,,,,
apnea_binary,lstm,,120m,34,False,False,0.3900370670429386,0.547196815418921,0.8219888679149494,0.7211205229094482,0.8041318757940912,2,48380,10360,10385,34,0,124.2636005004247,32,240,1512,5.0,3279362,3072,128,True,5,,,,,,,,,,,,,,,,,,,,,,,,,,
apnea_binary,lstm,,240m,1,False,False,0.6339866267200737,0.6033594906560242,0.6290293339432357,0.6710640800844918,0.7367832157402306,2,48380,10360,10385,31,0,172.06104166110356,32,480,1512,5.0,3279362,3072,128,True,5,,,,,,,,,,,,,,,,,,,,,,,,,,
apnea_binary,lstm,,240m,2,False,False,0.5773743534541514,0.5584071858509166,0.695287615615209,0.7086644164110194,0.7881935779158009,2,48380,10360,10385,31,0,172.06104166110356,32,480,1512,5.0,3279362,3072,128,True,5,,,,,,,,,,,,,,,,,,,,,,,,,,
apnea_binary,lstm,,240m,3,False,False,0.5457403739704086,0.5453032408441816,0.7217634792603294,0.7169400251872028,0.7964284509124534,2,48380,10360,10385,31,0,172.06104166110356,32,480,1512,5.0,3279362,3072,128,True,5,,,,,,,,,,,,,,,,,,,,,,,,,,
apnea_binary,lstm,,240m,4,False,False,0.522483978174402,0.5322472660237758,0.7373754405253775,0.7262825944496801,0.8081111741878713,2,48380,10360,10385,31,0,172.06104166110356,32,480,1512,5.0,3279362,3072,128,True,5,,,,,,,,,,,,,,,,,,,,,,,,,,
apnea_binary,lstm,,240m,5,False,False,0.5092327066569744,0.5419137473041947,0.7469315229080034,0.7224174494554736,0.817905043686094,2,48380,10360,10385,31,0,172.06104166110356,32,480,1512,5.0,3279362,3072,128,True,5,,,,,,,,,,,,,,,,,,,,,,,,,,
apnea_binary,lstm,,240m,6,False,False,0.4947425423155347,0.5218570475412612,0.7564185553895759,0.7327792521582039,0.8216514862966515,2,48380,10360,10385,31,0,172.06104166110356,32,480,1512,5.0,3279362,3072,128,True,5,,,,,,,,,,,,,,,,,,,,,,,,,,
apnea_binary,lstm,,240m,7,False,False,0.4815370851728038,0.5012401479321558,0.767334849884199,0.750005826055425,0.8324761667724678,2,48380,10360,10385,31,0,172.06104166110356,32,480,1512,5.0,3279362,3072,128,True,5,,,,,,,,,,,,,,,,,,,,,,,,,,
apnea_binary,lstm,,240m,8,False,False,0.4777433224136349,0.5197162327619133,0.7696328979403317,0.7262436297909984,0.8186724983151048,2,48380,10360,10385,31,0,172.06104166110356,32,480,1512,5.0,3279362,3072,128,True,5,,,,,,,,,,,,,,,,,,,,,,,,,,
apnea_binary,lstm,,240m,9,False,False,0.4686492873450457,0.5031119645792546,0.7749611503496425,0.7482193244199347,0.8337242103830561,2,48380,10360,10385,31,0,172.06104166110356,32,480,1512,5.0,3279362,3072,128,True,5,,,,,,,,,,,,,,,,,,,,,,,,,,
apnea_binary,lstm,,240m,10,False,False,0.4595666695695714,0.5018006313491512,0.7795345033270276,0.752099384116029,0.8348847979104503,2,48380,10360,10385,31,0,172.06104166110356,32,480,1512,5.0,3279362,3072,128,True,5,,,,,,,,,,,,,,,,,,,,,,,,,,
apnea_binary,lstm,,240m,11,False,False,0.4525522525126207,0.4990760079451969,0.7847960733093031,0.7484904923436311,0.833750683978907,2,48380,10360,10385,31,0,172.06104166110356,32,480,1512,5.0,3279362,3072,128,True,5,,,,,,,,,,,,,,,,,,,,,,,,,,
apnea_binary,lstm,,240m,12,False,False,0.4459372601857999,0.50437399305432,0.7902288962767754,0.7457813299626107,0.8316727490685303,2,48380,10360,10385,31,0,172.06104166110356,32,480,1512,5.0,3279362,3072,128,True,5,,,,,,,,,,,,,,,,,,,,,,,,,,
apnea_binary,lstm,,240m,13,False,False,0.4360344225042563,0.5074228809837209,0.7962969031217666,0.7444380746238466,0.8296494578971947,2,48380,10360,10385,31,0,172.06104166110356,32,480,1512,5.0,3279362,3072,128,True,5,,,,,,,,,,,,,,,,,,,,,,,,,,
apnea_binary,lstm,,240m,14,False,False,0.428697264253625,0.519792999448003,0.7991086759461392,0.7367964338947786,0.8348683171648643,2,48380,10360,10385,31,0,172.06104166110356,32,480,1512,5.0,3279362,3072,128,True,5,,,,,,,,,,,,,,,,,,,,,,,,,,
apnea_binary,lstm,,240m,15,False,False,0.4213810437176039,0.501256570277527,0.8044821753137588,0.7543058278265458,0.8371325367018188,2,48380,10360,10385,31,0,172.06104166110356,32,480,1512,5.0,3279362,3072,128,True,5,,,,,,,,,,,,,,,,,,,,,,,,,,
apnea_binary,lstm,,240m,16,False,False,0.4120632250257738,0.5085583177772728,0.8100951143370295,0.7465962319870019,0.8357354020024852,2,48380,10360,10385,31,0,172.06104166110356,32,480,1512,5.0,3279362,3072,128,True,5,,,,,,,,,,,,,,,,,,,,,,,,,,
apnea_binary,lstm,,240m,17,False,False,0.4056221829706501,0.5250982377980207,0.8143292262359881,0.7410160827094794,0.8313018390759597,2,48380,10360,10385,31,0,172.06104166110356,32,480,1512,5.0,3279362,3072,128,True,5,,,,,,,,,,,,,,,,,,,,,,,,,,
apnea_binary,lstm,,240m,18,False,False,0.3979440883596656,0.5039317346907951,0.817680278873055,0.7487690244013845,0.8327559106497496,2,48380,10360,10385,31,0,172.06104166110356,32,480,1512,5.0,3279362,3072,128,True,5,,,,,,,,,,,,,,,,,,,,,,,,,,
apnea_binary,lstm,,240m,19,False,False,0.3899907356946613,0.5085902311857142,0.8226387694468333,0.750928020716521,0.835119070590352,2,48380,10360,10385,31,0,172.06104166110356,32,480,1512,5.0,3279362,3072,128,True,5,,,,,,,,,,,,,,,,,,,,,,,,,,
apnea_binary,lstm,,240m,20,False,False,0.3840669242100757,0.5075486010796315,0.8263727887835406,0.7480300009228471,0.8376888737256086,2,48380,10360,10385,31,0,172.06104166110356,32,480,1512,5.0,3279362,3072,128,True,5,,,,,,,,,,,,,,,,,,,,,,,,,,
apnea_binary,lstm,,240m,21,True,False,0.378122557663336,0.51037938709885,0.830395614309936,0.7575387758944859,0.8387507072831286,2,48380,10360,10385,31,0,172.06104166110356,32,480,1512,5.0,3279362,3072,128,True,5,0.8561389003720545,0.8556032298157455,0.8558130261773218,0.9341753105108839,0.8897028897028897,0.8215035699286014,,,,0.7583011583011583,0.7575387758944859,0.7576669310323245,0.7918791312559018,0.72319842053307,,,,0.7342320654790563,0.7339147448558525,0.7336981566820276,0.815677673612077,0.772683858643744,0.6951456310679611,,,
apnea_binary,lstm,,240m,22,False,False,0.3681185908064264,0.5192283136273903,0.8367982982220697,0.7431279112798959,0.8376232303939253,2,48380,10360,10385,31,0,172.06104166110356,32,480,1512,5.0,3279362,3072,128,True,5,,,,,,,,,,,,,,,,,,,,,,,,,,
apnea_binary,lstm,,240m,23,False,False,0.3614386677840565,0.5097053550845407,0.8384234964873352,0.7464644233090689,0.8337973483524382,2,48380,10360,10385,31,0,172.06104166110356,32,480,1512,5.0,3279362,3072,128,True,5,,,,,,,,,,,,,,,,,,,,,,,,,,
apnea_binary,lstm,,240m,24,False,False,0.3588989939877887,0.5247597240343057,0.840759637798697,0.7422995860238057,0.8352135738701879,2,48380,10360,10385,31,0,172.06104166110356,32,480,1512,5.0,3279362,3072,128,True,5,,,,,,,,,,,,,,,,,,,,,,,,,,
apnea_binary,lstm,,240m,25,False,False,0.3491097735392747,0.5157668877292324,0.8475738775822774,0.7543319285548493,0.835659821750669,2,48380,10360,10385,31,0,172.06104166110356,32,480,1512,5.0,3279362,3072,128,True,5,,,,,,,,,,,,,,,,,,,,,,,,,,
apnea_binary,lstm,,240m,26,False,False,0.3413956526391217,0.5429325446083739,0.8515657379160109,0.740196146973201,0.8342213360403518,2,48380,10360,10385,31,0,172.06104166110356,32,480,1512,5.0,3279362,3072,128,True,5,,,,,,,,,,,,,,,,,,,,,,,,,,
apnea_binary,lstm,,240m,27,False,False,0.3387816737436371,0.5180425683734039,0.853166252914258,0.7498898642482477,0.834146352376611,2,48380,10360,10385,31,0,172.06104166110356,32,480,1512,5.0,3279362,3072,128,True,5,,,,,,,,,,,,,,,,,,,,,,,,,,
apnea_binary,lstm,,240m,28,False,False,0.3327190147667396,0.5140972721070396,0.8563934704211899,0.7507525865355664,0.8355061257477159,2,48380,10360,10385,31,0,172.06104166110356,32,480,1512,5.0,3279362,3072,128,True,5,,,,,,,,,,,,,,,,,,,,,,,,,,
apnea_binary,lstm,,240m,29,False,False,0.327981869661399,0.5297630033207676,0.8595793383277633,0.7510479908498304,0.8340179927234899,2,48380,10360,10385,31,0,172.06104166110356,32,480,1512,5.0,3279362,3072,128,True,5,,,,,,,,,,,,,,,,,,,,,,,,,,
apnea_binary,lstm,,240m,30,False,False,0.3214423864624036,0.5224645679751878,0.8643124658874344,0.7502239535705331,0.836436150627303,2,48380,10360,10385,31,0,172.06104166110356,32,480,1512,5.0,3279362,3072,128,True,5,,,,,,,,,,,,,,,,,,,,,,,,,,
apnea_binary,lstm,,240m,31,False,False,0.3156313823934131,0.5217393350417089,0.8657244120074863,0.7523794076439712,0.8352891727653815,2,48380,10360,10385,31,0,172.06104166110356,32,480,1512,5.0,3279362,3072,128,True,5,,,,,,,,,,,,,,,,,,,,,,,,,,
apnea_binary,transformer,,30s,1,False,False,0.6743129563509014,0.6602376460108518,0.5796267322516797,0.5905054872120414,0.640237199690147,2,48380,10360,10385,15,0,20.168067439397177,32,1,1512,5.0,592002,3072,128,True,5,,,,,,,,,,,,,,,,,,,,,,,,,,
apnea_binary,transformer,,30s,2,False,False,0.650712625075589,0.6654069051779375,0.61109416273213,0.5846528649744073,0.6413774472928417,2,48380,10360,10385,15,0,20.168067439397177,32,1,1512,5.0,592002,3072,128,True,5,,,,,,,,,,,,,,,,,,,,,,,,,,
apnea_binary,transformer,,30s,3,False,False,0.6426903933077225,0.657595021015889,0.6184084950779616,0.5855661108143707,0.6485507477392575,2,48380,10360,10385,15,0,20.168067439397177,32,1,1512,5.0,592002,3072,128,True,5,,,,,,,,,,,,,,,,,,,,,,,,,,
apnea_binary,transformer,,30s,4,False,False,0.6394953527791581,0.651353641780647,0.623528495242061,0.5978151826072204,0.6520883845233867,2,48380,10360,10385,15,0,20.168067439397177,32,1,1512,5.0,592002,3072,128,True,5,,,,,,,,,,,,,,,,,,,,,,,,,,
apnea_binary,transformer,,30s,5,True,False,0.6351797386406374,0.6471570220232931,0.6274727155029549,0.6032550404701114,0.6544634762254992,2,48380,10360,10385,15,0,20.168067439397177,32,1,1512,5.0,592002,3072,128,True,5,0.6383216205043406,0.6371462827153713,0.6357001682822528,0.701699118154389,0.711965811965812,0.5623267534649307,,,,0.6049227799227799,0.6032550404701114,0.6018030493391924,0.6783758262511803,0.5281342546890424,,,,0.597303803562831,0.5967345443755159,0.5950602502383762,0.6472055340733116,0.6662846227316142,0.5271844660194175,,,
apnea_binary,transformer,,30s,6,False,False,0.6337257099575423,0.651472185799514,0.6276939674881716,0.5919392561478867,0.6454545861310051,2,48380,10360,10385,15,0,20.168067439397177,32,1,1512,5.0,592002,3072,128,True,5,,,,,,,,,,,,,,,,,,,,,,,,,,
apnea_binary,transformer,,30s,7,False,False,0.6315166199636045,0.6515599616706141,0.6313996369645256,0.5995539571966699,0.6510550007597176,2,48380,10360,10385,15,0,20.168067439397177,32,1,1512,5.0,592002,3072,128,True,5,,,,,,,,,,,,,,,,,,,,,,,,,,
apnea_binary,transformer,,30s,8,False,False,0.6306127937927183,0.6501381274355885,0.6341085742387716,0.594228756104541,0.649275788684775,2,48380,10360,10385,15,0,20.168067439397177,32,1,1512,5.0,592002,3072,128,True,5,,,,,,,,,,,,,,,,,,,,,,,,,,
apnea_binary,transformer,,30s,9,False,False,0.6278242329025426,0.6528337471273414,0.6368737924386811,0.5997394588013987,0.648584771902939,2,48380,10360,10385,15,0,20.168067439397177,32,1,1512,5.0,592002,3072,128,True,5,,,,,,,,,,,,,,,,,,,,,,,,,,
apnea_binary,transformer,,30s,10,False,False,0.6257221298062048,0.6519663011245286,0.6367142486210104,0.595372340871783,0.6508893170651222,2,48380,10360,10385,15,0,20.168067439397177,32,1,1512,5.0,592002,3072,128,True,5,,,,,,,,,,,,,,,,,,,,,,,,,,
apnea_binary,transformer,,30s,11,False,False,0.625456811032447,0.6523959871424672,0.6389700667525111,0.5999266383100896,0.651635313166792,2,48380,10360,10385,15,0,20.168067439397177,32,1,1512,5.0,592002,3072,128,True,5,,,,,,,,,,,,,,,,,,,,,,,,,,
apnea_binary,transformer,,30s,12,False,False,0.6249857676576218,0.6605184726273231,0.6406825111361021,0.5963119670907102,0.6465964743509076,2,48380,10360,10385,15,0,20.168067439397177,32,1,1512,5.0,592002,3072,128,True,5,,,,,,,,,,,,,,,,,,,,,,,,,,
apnea_binary,transformer,,30s,13,False,False,0.6230630582893816,0.649256309763345,0.6394742874373283,0.6001690022157654,0.6530781987141663,2,48380,10360,10385,15,0,20.168067439397177,32,1,1512,5.0,592002,3072,128,True,5,,,,,,,,,,,,,,,,,,,,,,,,,,
apnea_binary,transformer,,30s,14,False,False,0.6232451736508149,0.6506298794709577,0.6389047005384678,0.5984548368844307,0.6512576915583719,2,48380,10360,10385,15,0,20.168067439397177,32,1,1512,5.0,592002,3072,128,True,5,,,,,,,,,,,,,,,,,,,,,,,,,,
apnea_binary,transformer,,30s,15,False,False,0.6218310771031831,0.6663051190063299,0.642431535984665,0.5940177130728295,0.654167232959254,2,48380,10360,10385,15,0,20.168067439397177,32,1,1512,5.0,592002,3072,128,True,5,,,,,,,,,,,,,,,,,,,,,,,,,,
apnea_binary,transformer,,10m,1,False,False,0.6525638495313574,0.6381334620092827,0.611423036496535,0.6141014777673064,0.6737909723173812,2,48380,10360,10385,28,0,44.55076299111048,32,20,1512,5.0,592002,3072,128,True,5,,,,,,,,,,,,,,,,,,,,,,,,,,
apnea_binary,transformer,,10m,2,False,False,0.622447754090953,0.6276737751187504,0.641909572064969,0.627379570773523,0.6930299123668047,2,48380,10360,10385,28,0,44.55076299111048,32,20,1512,5.0,592002,3072,128,True,5,,,,,,,,,,,,,,,,,,,,,,,,,,
apnea_binary,transformer,,10m,3,False,False,0.6101565925579221,0.622475540822077,0.6525859739215472,0.6278173172739281,0.7010355277520655,2,48380,10360,10385,28,0,44.55076299111048,32,20,1512,5.0,592002,3072,128,True,5,,,,,,,,,,,,,,,,,,,,,,,,,,
apnea_binary,transformer,,10m,4,False,False,0.6038683411551685,0.6272739680577429,0.6571153961536154,0.6260388322907025,0.6954956481696398,2,48380,10360,10385,28,0,44.55076299111048,32,20,1512,5.0,592002,3072,128,True,5,,,,,,,,,,,,,,,,,,,,,,,,,,
apnea_binary,transformer,,10m,5,False,False,0.6002991690424762,0.6176692709039077,0.6632953152902754,0.6403715811541555,0.7060359612105891,2,48380,10360,10385,28,0,44.55076299111048,32,20,1512,5.0,592002,3072,128,True,5,,,,,,,,,,,,,,,,,,,,,,,,,,
apnea_binary,transformer,,10m,6,False,False,0.5983968008545225,0.6244737733745207,0.6645654779212108,0.6380859963067469,0.7025075342548754,2,48380,10360,10385,28,0,44.55076299111048,32,20,1512,5.0,592002,3072,128,True,5,,,,,,,,,,,,,,,,,,,,,,,,,,
apnea_binary,transformer,,10m,7,False,False,0.5962541316205088,0.632738933001706,0.664871805128,0.6227924609910633,0.7041380653953747,2,48380,10360,10385,28,0,44.55076299111048,32,20,1512,5.0,592002,3072,128,True,5,,,,,,,,,,,,,,,,,,,,,,,,,,
apnea_binary,transformer,,10m,8,False,False,0.5925314881723742,0.6186414044336003,0.6703470716910449,0.646124647756689,0.7085111864925002,2,48380,10360,10385,28,0,44.55076299111048,32,20,1512,5.0,592002,3072,128,True,5,,,,,,,,,,,,,,,,,,,,,,,,,,
apnea_binary,transformer,,10m,9,False,False,0.5907953678009282,0.622544320623847,0.6757967661159597,0.6345415174031267,0.7038581910144515,2,48380,10360,10385,28,0,44.55076299111048,32,20,1512,5.0,592002,3072,128,True,5,,,,,,,,,,,,,,,,,,,,,,,,,,
apnea_binary,transformer,,10m,10,False,False,0.5893760357872915,0.6261511362657584,0.673614544803121,0.6373539640947196,0.7085815652420331,2,48380,10360,10385,28,0,44.55076299111048,32,20,1512,5.0,592002,3072,128,True,5,,,,,,,,,,,,,,,,,,,,,,,,,,
apnea_binary,transformer,,10m,11,False,False,0.5881700370443809,0.6202549359513065,0.6757547755027805,0.6400748718034764,0.7069090305723424,2,48380,10360,10385,28,0,44.55076299111048,32,20,1512,5.0,592002,3072,128,True,5,,,,,,,,,,,,,,,,,,,,,,,,,,
apnea_binary,transformer,,10m,12,False,False,0.5872592906510352,0.6225624297576521,0.6759338146570402,0.645851895145917,0.7106327096191437,2,48380,10360,10385,28,0,44.55076299111048,32,20,1512,5.0,592002,3072,128,True,5,,,,,,,,,,,,,,,,,,,,,,,,,,
apnea_binary,transformer,,10m,13,False,False,0.5863369568264548,0.629995190084671,0.6757846381533907,0.6411154519108063,0.7027375562447391,2,48380,10360,10385,28,0,44.55076299111048,32,20,1512,5.0,592002,3072,128,True,5,,,,,,,,,,,,,,,,,,,,,,,,,,
apnea_binary,transformer,,10m,14,False,False,0.5838677093232649,0.6453211820723928,0.6773769225470192,0.6303598078613529,0.7069435953939672,2,48380,10360,10385,28,0,44.55076299111048,32,20,1512,5.0,592002,3072,128,True,5,,,,,,,,,,,,,,,,,,,,,,,,,,
apnea_binary,transformer,,10m,15,False,False,0.5838205073430747,0.6213141456534044,0.677683694189364,0.6423552365052243,0.706225359281186,2,48380,10360,10385,28,0,44.55076299111048,32,20,1512,5.0,592002,3072,128,True,5,,,,,,,,,,,,,,,,,,,,,,,,,,
apnea_binary,transformer,,10m,16,False,False,0.5818783861884109,0.6193349099067187,0.6792339879698133,0.6481318869801178,0.7093556382700066,2,48380,10360,10385,28,0,44.55076299111048,32,20,1512,5.0,592002,3072,128,True,5,,,,,,,,,,,,,,,,,,,,,,,,,,
apnea_binary,transformer,,10m,17,False,False,0.5808843344240555,0.6210696812301989,0.6798841031726375,0.6447367415291485,0.7052744911057107,2,48380,10360,10385,28,0,44.55076299111048,32,20,1512,5.0,592002,3072,128,True,5,,,,,,,,,,,,,,,,,,,,,,,,,,
apnea_binary,transformer,,10m,18,True,False,0.5794674718710153,0.6229875607840343,0.6826289713521969,0.6428253292653484,0.7116404773823206,2,48380,10360,10385,28,0,44.55076299111048,32,20,1512,5.0,592002,3072,128,True,5,0.6864820173625465,0.6870775746878224,0.6862512800102989,0.7686888860513388,0.6491656491656491,0.7249895002099958,,,,0.6413127413127413,0.6428253292653484,0.6402691593608402,0.5746931067044382,0.7109575518262586,,,,0.6342802118440057,0.6347664617353326,0.6332021826286489,0.7078557691416067,0.5753581661891117,0.6941747572815534,,,
apnea_binary,transformer,,10m,19,False,False,0.5783762284180703,0.630702060622138,0.6832189168182448,0.6379420694335303,0.7099994686637452,2,48380,10360,10385,28,0,44.55076299111048,32,20,1512,5.0,592002,3072,128,True,5,,,,,,,,,,,,,,,,,,,,,,,,,,
apnea_binary,transformer,,10m,20,False,False,0.5782219608986165,0.6249707994774042,0.683531098608797,0.641763216057168,0.7022040200714601,2,48380,10360,10385,28,0,44.55076299111048,32,20,1512,5.0,592002,3072,128,True,5,,,,,,,,,,,,,,,,,,,,,,,,,,
apnea_binary,transformer,,10m,21,False,False,0.5764351001994183,0.6190890181018579,0.6822719955857293,0.646247134745942,0.7097315260443321,2,48380,10360,10385,28,0,44.55076299111048,32,20,1512,5.0,592002,3072,128,True,5,,,,,,,,,,,,,,,,,,,,,,,,,,
apnea_binary,transformer,,10m,22,False,False,0.575875072821254,0.6200442557629471,0.6862372239734693,0.6446632866223514,0.7102132895586833,2,48380,10360,10385,28,0,44.55076299111048,32,20,1512,5.0,592002,3072,128,True,5,,,,,,,,,,,,,,,,,,,,,,,,,,
apnea_binary,transformer,,10m,23,False,False,0.5757908545874919,0.6204809436466703,0.6849330876630331,0.6412858523798737,0.7056480857446212,2,48380,10360,10385,28,0,44.55076299111048,32,20,1512,5.0,592002,3072,128,True,5,,,,,,,,,,,,,,,,,,,,,,,,,,
apnea_binary,transformer,,10m,24,False,False,0.5738001129902213,0.6381740790996773,0.6870596776098666,0.6323344211744023,0.7033501216946456,2,48380,10360,10385,28,0,44.55076299111048,32,20,1512,5.0,592002,3072,128,True,5,,,,,,,,,,,,,,,,,,,,,,,,,,
apnea_binary,transformer,,10m,25,False,False,0.5744392094014843,0.622126812870438,0.687549813106302,0.6441803299318491,0.7068323690046394,2,48380,10360,10385,28,0,44.55076299111048,32,20,1512,5.0,592002,3072,128,True,5,,,,,,,,,,,,,,,,,,,,,,,,,,
apnea_binary,transformer,,10m,26,False,False,0.5719357905135563,0.6200378046072588,0.6869843372363322,0.6475606538978176,0.7099658360109884,2,48380,10360,10385,28,0,44.55076299111048,32,20,1512,5.0,592002,3072,128,True,5,,,,,,,,,,,,,,,,,,,,,,,,,,
apnea_binary,transformer,,10m,27,False,False,0.569960264535717,0.6217380583516419,0.6881622623957777,0.643959405910137,0.7096869124423104,2,48380,10360,10385,28,0,44.55076299111048,32,20,1512,5.0,592002,3072,128,True,5,,,,,,,,,,,,,,,,,,,,,,,,,,
apnea_binary,transformer,,10m,28,False,False,0.5706590098356994,0.6175391057283262,0.6891925409355061,0.6416946084284845,0.7084350282959859,2,48380,10360,10385,28,0,44.55076299111048,32,20,1512,5.0,592002,3072,128,True,5,,,,,,,,,,,,,,,,,,,,,,,,,,
apnea_binary,transformer,,40m,1,False,False,0.6348135414671533,0.6036225109026699,0.6321430836340538,0.6551512117729199,0.723612937385285,2,48380,10360,10385,34,0,82.8263127287229,32,80,1512,5.0,592002,3072,128,True,5,,,,,,,,,,,,,,,,,,,,,,,,,,
apnea_binary,transformer,,40m,2,False,False,0.5955164359048557,0.6018860746994902,0.6714245373212193,0.6569763984164315,0.7380709511012177,2,48380,10360,10385,34,0,82.8263127287229,32,80,1512,5.0,592002,3072,128,True,5,,,,,,,,,,,,,,,,,,,,,,,,,,
apnea_binary,transformer,,40m,3,False,False,0.5819612942140129,0.5932277693711653,0.6818950715002794,0.6659719212093587,0.7394120065214536,2,48380,10360,10385,34,0,82.8263127287229,32,80,1512,5.0,592002,3072,128,True,5,,,,,,,,,,,,,,,,,,,,,,,,,,
apnea_binary,transformer,,40m,4,False,False,0.5738969696558621,0.6039618144624482,0.6882940802722407,0.6622895745301636,0.742071782595848,2,48380,10360,10385,34,0,82.8263127287229,32,80,1512,5.0,592002,3072,128,True,5,,,,,,,,,,,,,,,,,,,,,,,,,,
apnea_binary,transformer,,40m,5,False,False,0.568447923990457,0.5914974312524538,0.6942345768469246,0.6673968345409581,0.741046695135104,2,48380,10360,10385,34,0,82.8263127287229,32,80,1512,5.0,592002,3072,128,True,5,,,,,,,,,,,,,,,,,,,,,,,,,,
apnea_binary,transformer,,40m,6,False,False,0.5634193553023715,0.5929526231003545,0.6994628056156826,0.6715130126113126,0.753420658912886,2,48380,10360,10385,34,0,82.8263127287229,32,80,1512,5.0,592002,3072,128,True,5,,,,,,,,,,,,,,,,,,,,,,,,,,
apnea_binary,transformer,,40m,7,False,False,0.5596617527075078,0.6017779268813409,0.7006894477495066,0.6572270586250323,0.7459522524462442,2,48380,10360,10385,34,0,82.8263127287229,32,80,1512,5.0,592002,3072,128,True,5,,,,,,,,,,,,,,,,,,,,,,,,,,
apnea_binary,transformer,,40m,8,False,False,0.5570882016688943,0.5915032390461925,0.7018998423450334,0.6751257262760693,0.745118483323965,2,48380,10360,10385,34,0,82.8263127287229,32,80,1512,5.0,592002,3072,128,True,5,,,,,,,,,,,,,,,,,,,,,,,,,,
apnea_binary,transformer,,40m,9,False,False,0.5521700740304059,0.5938176109984115,0.7051099661767448,0.6721376589697483,0.7438070522303538,2,48380,10360,10385,34,0,82.8263127287229,32,80,1512,5.0,592002,3072,128,True,5,,,,,,,,,,,,,,,,,,,,,,,,,,
apnea_binary,transformer,,40m,10,False,False,0.5507397239146128,0.6000155591596508,0.7085268209165732,0.6686516270541506,0.7450476944201305,2,48380,10360,10385,34,0,82.8263127287229,32,80,1512,5.0,592002,3072,128,True,5,,,,,,,,,,,,,,,,,,,,,,,,,,
apnea_binary,transformer,,40m,11,False,False,0.5475875456602232,0.58470250570636,0.7091087409021051,0.6781958244427728,0.7523971561392175,2,48380,10360,10385,34,0,82.8263127287229,32,80,1512,5.0,592002,3072,128,True,5,,,,,,,,,,,,,,,,,,,,,,,,,,
apnea_binary,transformer,,40m,12,False,False,0.5491370102919642,0.5823899823726374,0.7090022387586437,0.6785342017418508,0.7524354496363144,2,48380,10360,10385,34,0,82.8263127287229,32,80,1512,5.0,592002,3072,128,True,5,,,,,,,,,,,,,,,,,,,,,,,,,,
apnea_binary,transformer,,40m,13,False,False,0.5449966135474462,0.5852787172011887,0.7113753964236955,0.6796619396383371,0.7542668818112415,2,48380,10360,10385,34,0,82.8263127287229,32,80,1512,5.0,592002,3072,128,True,5,,,,,,,,,,,,,,,,,,,,,,,,,,
apnea_binary,transformer,,40m,14,False,False,0.5443212391572237,0.5946947787259076,0.7128791355796815,0.6714450575008366,0.7522798333654932,2,48380,10360,10385,34,0,82.8263127287229,32,80,1512,5.0,592002,3072,128,True,5,,,,,,,,,,,,,,,,,,,,,,,,,,
apnea_binary,transformer,,40m,15,False,False,0.5425897789671679,0.5848229591450635,0.7127960090370842,0.674742138786894,0.7528253013002824,2,48380,10360,10385,34,0,82.8263127287229,32,80,1512,5.0,592002,3072,128,True,5,,,,,,,,,,,,,,,,,,,,,,,,,,
apnea_binary,transformer,,40m,16,False,False,0.5388202764466559,0.586074756609427,0.7161039685189202,0.6759157393916853,0.7503283378403699,2,48380,10360,10385,34,0,82.8263127287229,32,80,1512,5.0,592002,3072,128,True,5,,,,,,,,,,,,,,,,,,,,,,,,,,
apnea_binary,transformer,,40m,17,False,False,0.5382219496419874,0.5824718617564463,0.7207067653518724,0.67849113554015,0.7541690040801031,2,48380,10360,10385,34,0,82.8263127287229,32,80,1512,5.0,592002,3072,128,True,5,,,,,,,,,,,,,,,,,,,,,,,,,,
apnea_binary,transformer,,40m,18,False,False,0.5375500512103396,0.587162217670426,0.7187027199626947,0.6808529718009595,0.7559229357353461,2,48380,10360,10385,34,0,82.8263127287229,32,80,1512,5.0,592002,3072,128,True,5,,,,,,,,,,,,,,,,,,,,,,,,,,
apnea_binary,transformer,,40m,19,False,False,0.5334549029142515,0.5888227558964468,0.7226900333788195,0.6808200662399198,0.7549901889226645,2,48380,10360,10385,34,0,82.8263127287229,32,80,1512,5.0,592002,3072,128,True,5,,,,,,,,,,,,,,,,,,,,,,,,,,
apnea_binary,transformer,,40m,20,False,False,0.5327671253617118,0.5822125841751983,0.721584850354275,0.6767101337009807,0.7555088476808105,2,48380,10360,10385,34,0,82.8263127287229,32,80,1512,5.0,592002,3072,128,True,5,,,,,,,,,,,,,,,,,,,,,,,,,,
apnea_binary,transformer,,40m,21,False,False,0.5290255682780852,0.5875937641357363,0.7235891179612305,0.6758393947613974,0.751425742961892,2,48380,10360,10385,34,0,82.8263127287229,32,80,1512,5.0,592002,3072,128,True,5,,,,,,,,,,,,,,,,,,,,,,,,,,
apnea_binary,transformer,,40m,22,False,False,0.5278029773342753,0.5970590446446393,0.7280498919936131,0.6800127147833592,0.753929418037654,2,48380,10360,10385,34,0,82.8263127287229,32,80,1512,5.0,592002,3072,128,True,5,,,,,,,,,,,,,,,,,,,,,,,,,,
apnea_binary,transformer,,40m,23,False,False,0.526229433290916,0.5876911632802956,0.7263112686464219,0.6779163602161513,0.755689464720671,2,48380,10360,10385,34,0,82.8263127287229,32,80,1512,5.0,592002,3072,128,True,5,,,,,,,,,,,,,,,,,,,,,,,,,,
apnea_binary,transformer,,40m,24,True,False,0.522829336511936,0.5805406284148168,0.7295486568901101,0.6840439722698406,0.7581633476794123,2,48380,10360,10385,34,0,82.8263127287229,32,80,1512,5.0,592002,3072,128,True,5,0.7398925175692435,0.7394392283094509,0.7394657824193711,0.823328771031417,0.7682946682946683,0.7105837883242335,,,,0.683976833976834,0.6840439722698406,0.6839300814870612,0.6810198300283287,0.6870681145113524,,,,0.663649494463168,0.6636419358129098,0.6636359086857315,0.7365234929201324,0.6645654250238777,0.6627184466019418,,,
apnea_binary,transformer,,40m,25,False,False,0.5214971219276091,0.5870312771741948,0.7312517937675435,0.679220557679347,0.7547894929653877,2,48380,10360,10385,34,0,82.8263127287229,32,80,1512,5.0,592002,3072,128,True,5,,,,,,,,,,,,,,,,,,,,,,,,,,
apnea_binary,transformer,,40m,26,False,False,0.5203842104935065,0.5870045436855449,0.7324704104208515,0.6814910413910943,0.7555334010087931,2,48380,10360,10385,34,0,82.8263127287229,32,80,1512,5.0,592002,3072,128,True,5,,,,,,,,,,,,,,,,,,,,,,,,,,
apnea_binary,transformer,,40m,27,False,False,0.5162285397027139,0.5932774346767705,0.736015655755261,0.6761976272573634,0.7531554382265674,2,48380,10360,10385,34,0,82.8263127287229,32,80,1512,5.0,592002,3072,128,True,5,,,,,,,,,,,,,,,,,,,,,,,,,,
apnea_binary,transformer,,40m,28,False,False,0.5138582929346669,0.5846388972864188,0.7372580753513135,0.6835337030315063,0.7558292714074911,2,48380,10360,10385,34,0,82.8263127287229,32,80,1512,5.0,592002,3072,128,True,5,,,,,,,,,,,,,,,,,,,,,,,,,,
apnea_binary,transformer,,40m,29,False,False,0.5126641871516199,0.5897573957111845,0.7380534696998369,0.6793004445513331,0.7556622826764805,2,48380,10360,10385,34,0,82.8263127287229,32,80,1512,5.0,592002,3072,128,True,5,,,,,,,,,,,,,,,,,,,,,,,,,,
apnea_binary,transformer,,40m,30,False,False,0.5101150640183709,0.5905515260678,0.7397423077179482,0.6766114170178612,0.7536223802559177,2,48380,10360,10385,34,0,82.8263127287229,32,80,1512,5.0,592002,3072,128,True,5,,,,,,,,,,,,,,,,,,,,,,,,,,
apnea_binary,transformer,,40m,31,False,False,0.5084346140253982,0.587366927314449,0.7421646182460966,0.6824312269113424,0.7544752215532358,2,48380,10360,10385,34,0,82.8263127287229,32,80,1512,5.0,592002,3072,128,True,5,,,,,,,,,,,,,,,,,,,,,,,,,,
apnea_binary,transformer,,40m,32,False,False,0.5060352703518688,0.587603087821062,0.7427653754617216,0.6789671009641423,0.7547760697336887,2,48380,10360,10385,34,0,82.8263127287229,32,80,1512,5.0,592002,3072,128,True,5,,,,,,,,,,,,,,,,,,,,,,,,,,
apnea_binary,transformer,,40m,33,False,False,0.5047136066570022,0.5888519704572022,0.7426255321047426,0.6805641858856584,0.7560274691522018,2,48380,10360,10385,34,0,82.8263127287229,32,80,1512,5.0,592002,3072,128,True,5,,,,,,,,,,,,,,,,,,,,,,,,,,
apnea_binary,transformer,,40m,34,False,False,0.503372544833775,0.5897822408142237,0.7455191323523958,0.679353671393695,0.7558471317630017,2,48380,10360,10385,34,0,82.8263127287229,32,80,1512,5.0,592002,3072,128,True,5,,,,,,,,,,,,,,,,,,,,,,,,,,
apnea_binary,transformer,,80m,1,False,False,0.6143449100545242,0.5901346829867271,0.6570004668282703,0.6669513510389489,0.7497028898167075,2,48380,10360,10385,28,0,87.58677285512289,32,160,1512,5.0,592002,3072,128,True,5,,,,,,,,,,,,,,,,,,,,,,,,,,
apnea_binary,transformer,,80m,2,False,False,0.5645580033025943,0.5772989136832101,0.6997067921889426,0.6883559990193584,0.7690720911437432,2,48380,10360,10385,28,0,87.58677285512289,32,160,1512,5.0,592002,3072,128,True,5,,,,,,,,,,,,,,,,,,,,,,,,,,
apnea_binary,transformer,,80m,3,False,False,0.5464438442752203,0.5614948123118132,0.7123779661158913,0.6912734079254861,0.7727183628877473,2,48380,10360,10385,28,0,87.58677285512289,32,160,1512,5.0,592002,3072,128,True,5,,,,,,,,,,,,,,,,,,,,,,,,,,
apnea_binary,transformer,,80m,4,False,False,0.5390494273634379,0.5693680616419288,0.718361735329396,0.6893413947297036,0.7691338380095585,2,48380,10360,10385,28,0,87.58677285512289,32,160,1512,5.0,592002,3072,128,True,5,,,,,,,,,,,,,,,,,,,,,,,,,,
apnea_binary,transformer,,80m,5,False,False,0.5297511530420217,0.5561350890568324,0.7265294865042871,0.6956402462044414,0.786602570735304,2,48380,10360,10385,28,0,87.58677285512289,32,160,1512,5.0,592002,3072,128,True,5,,,,,,,,,,,,,,,,,,,,,,,,,,
apnea_binary,transformer,,80m,6,False,False,0.5253885648944447,0.545258070741381,0.7311983076577784,0.7088408759777287,0.790693990400525,2,48380,10360,10385,28,0,87.58677285512289,32,160,1512,5.0,592002,3072,128,True,5,,,,,,,,,,,,,,,,,,,,,,,,,,
apnea_binary,transformer,,80m,7,False,False,0.5175712054576102,0.5539736102446626,0.7363698281589923,0.705407977687606,0.7873991276763732,2,48380,10360,10385,28,0,87.58677285512289,32,160,1512,5.0,592002,3072,128,True,5,,,,,,,,,,,,,,,,,,,,,,,,,,
apnea_binary,transformer,,80m,8,False,False,0.5117729635635847,0.5452241513259622,0.7412018939108398,0.7063430362790801,0.7905158715732308,2,48380,10360,10385,28,0,87.58677285512289,32,160,1512,5.0,592002,3072,128,True,5,,,,,,,,,,,,,,,,,,,,,,,,,,
apnea_binary,transformer,,80m,9,False,False,0.5094032300213439,0.547170161050259,0.7398319469508046,0.7124933932531482,0.7935462779895355,2,48380,10360,10385,28,0,87.58677285512289,32,160,1512,5.0,592002,3072,128,True,5,,,,,,,,,,,,,,,,,,,,,,,,,,
apnea_binary,transformer,,80m,10,False,False,0.5039469967503447,0.5478970920257127,0.7453963826706371,0.7084037819955311,0.7915756730026187,2,48380,10360,10385,28,0,87.58677285512289,32,160,1512,5.0,592002,3072,128,True,5,,,,,,,,,,,,,,,,,,,,,,,,,,
apnea_binary,transformer,,80m,11,False,False,0.5033513607590491,0.5927471350518894,0.7456981715066553,0.6912629676341648,0.7878304049248346,2,48380,10360,10385,28,0,87.58677285512289,32,160,1512,5.0,592002,3072,128,True,5,,,,,,,,,,,,,,,,,,,,,,,,,,
apnea_binary,transformer,,80m,12,False,False,0.497696425299745,0.5474133126754098,0.749541086101355,0.7125176296437157,0.7954308065031829,2,48380,10360,10385,28,0,87.58677285512289,32,160,1512,5.0,592002,3072,128,True,5,,,,,,,,,,,,,,,,,,,,,,,,,,
apnea_binary,transformer,,80m,13,False,False,0.4940345515294132,0.5488113433237701,0.7520030112218268,0.7070925932658256,0.7905192833112875,2,48380,10360,10385,28,0,87.58677285512289,32,160,1512,5.0,592002,3072,128,True,5,,,,,,,,,,,,,,,,,,,,,,,,,,
apnea_binary,transformer,,80m,14,False,False,0.4919154601729867,0.5483862719940863,0.753674969235658,0.7107713044864356,0.7939000360749352,2,48380,10360,10385,28,0,87.58677285512289,32,160,1512,5.0,592002,3072,128,True,5,,,,,,,,,,,,,,,,,,,,,,,,,,
apnea_binary,transformer,,80m,15,False,False,0.4898240693150694,0.5437636849042532,0.7567722919045892,0.7175320456352591,0.7981032973609368,2,48380,10360,10385,28,0,87.58677285512289,32,160,1512,5.0,592002,3072,128,True,5,,,,,,,,,,,,,,,,,,,,,,,,,,
apnea_binary,transformer,,80m,16,False,False,0.4849730283009607,0.5486748964169771,0.7603170928034431,0.7086086727127139,0.7901985612905691,2,48380,10360,10385,28,0,87.58677285512289,32,160,1512,5.0,592002,3072,128,True,5,,,,,,,,,,,,,,,,,,,,,,,,,,
apnea_binary,transformer,,80m,17,False,False,0.4803991094607369,0.5518166847210593,0.7635098921953185,0.7174555145711976,0.7949102088337915,2,48380,10360,10385,28,0,87.58677285512289,32,160,1512,5.0,592002,3072,128,True,5,,,,,,,,,,,,,,,,,,,,,,,,,,
apnea_binary,transformer,,80m,18,True,False,0.4777507730558323,0.5462302693989286,0.762811495906834,0.7165361164167057,0.7992101173880255,2,48380,10360,10385,28,0,87.58677285512289,32,160,1512,5.0,592002,3072,128,True,5,0.7786275320380323,0.7780402511607887,0.7780814166338739,0.8642248727675018,0.8154253154253154,0.7406551868962621,,,,0.7172779922779923,0.7165361164167057,0.7165884835255762,0.7499527856468367,0.6831194471865746,,,,0.6945594607607126,0.6942631281238119,0.694022608421033,0.773379679342736,0.7304680038204393,0.6580582524271845,,,
apnea_binary,transformer,,80m,19,False,False,0.4763637828353812,0.5488720882813443,0.7665457289144815,0.7100045023756323,0.7973664551575504,2,48380,10360,10385,28,0,87.58677285512289,32,160,1512,5.0,592002,3072,128,True,5,,,,,,,,,,,,,,,,,,,,,,,,,,
apnea_binary,transformer,,80m,20,False,False,0.471496715078476,0.5509669437831893,0.7688825283323393,0.7119638281192467,0.7951932712322434,2,48380,10360,10385,28,0,87.58677285512289,32,160,1512,5.0,592002,3072,128,True,5,,,,,,,,,,,,,,,,,,,,,,,,,,
apnea_binary,transformer,,80m,21,False,False,0.4672250241176705,0.5575050149645124,0.7722610675991608,0.7075156114981165,0.7959445061229512,2,48380,10360,10385,28,0,87.58677285512289,32,160,1512,5.0,592002,3072,128,True,5,,,,,,,,,,,,,,,,,,,,,,,,,,
apnea_binary,transformer,,80m,22,False,False,0.4646057375480735,0.552169900603276,0.772536233036023,0.7113975355319468,0.7912057883958026,2,48380,10360,10385,28,0,87.58677285512289,32,160,1512,5.0,592002,3072,128,True,5,,,,,,,,,,,,,,,,,,,,,,,,,,
apnea_binary,transformer,,80m,23,False,False,0.4610115713745959,0.5594312474994586,0.7766863466149481,0.7069114728547765,0.7924324480525594,2,48380,10360,10385,28,0,87.58677285512289,32,160,1512,5.0,592002,3072,128,True,5,,,,,,,,,,,,,,,,,,,,,,,,,,
apnea_binary,transformer,,80m,24,False,False,0.4571444515996651,0.556392328941684,0.7786834690656614,0.71256554312353,0.7908927288031791,2,48380,10360,10385,28,0,87.58677285512289,32,160,1512,5.0,592002,3072,128,True,5,,,,,,,,,,,,,,,,,,,,,,,,,,
apnea_binary,transformer,,80m,25,False,False,0.4541230208078363,0.5591349204534729,0.7791768523603887,0.7136306392720879,0.793364318626505,2,48380,10360,10385,28,0,87.58677285512289,32,160,1512,5.0,592002,3072,128,True,5,,,,,,,,,,,,,,,,,,,,,,,,,,
apnea_binary,transformer,,80m,26,False,False,0.4488441055251725,0.554474603255283,0.783330863297264,0.7122865449813427,0.7920043401782493,2,48380,10360,10385,28,0,87.58677285512289,32,160,1512,5.0,592002,3072,128,True,5,,,,,,,,,,,,,,,,,,,,,,,,,,
apnea_binary,transformer,,80m,27,False,False,0.4461343920245649,0.5806493449855495,0.7851355280586696,0.7007041603628748,0.7910158123805077,2,48380,10360,10385,28,0,87.58677285512289,32,160,1512,5.0,592002,3072,128,True,5,,,,,,,,,,,,,,,,,,,,,,,,,,
apnea_binary,transformer,,80m,28,False,False,0.4422350259963615,0.5571460050965829,0.7864459462947493,0.7131927995547962,0.7933310029111634,2,48380,10360,10385,28,0,87.58677285512289,32,160,1512,5.0,592002,3072,128,True,5,,,,,,,,,,,,,,,,,,,,,,,,,,
apnea_binary,transformer,,120m,1,False,False,0.5977565386414577,0.5521906765271338,0.6738882145434014,0.7065652653372074,0.7868269437818278,2,48380,10360,10385,25,0,105.8108519633611,32,240,1512,5.0,592002,3072,128,True,5,,,,,,,,,,,,,,,,,,,,,,,,,,
apnea_binary,transformer,,120m,2,False,False,0.5437384954879677,0.5399543101262863,0.7189267838574853,0.7208203645339575,0.7975085736231633,2,48380,10360,10385,25,0,105.8108519633611,32,240,1512,5.0,592002,3072,128,True,5,,,,,,,,,,,,,,,,,,,,,,,,,,
apnea_binary,transformer,,120m,3,False,False,0.5272350511653406,0.5454933695811562,0.7304014005189982,0.718143641629543,0.8025221506627255,2,48380,10360,10385,25,0,105.8108519633611,32,240,1512,5.0,592002,3072,128,True,5,,,,,,,,,,,,,,,,,,,,,,,,,,
apnea_binary,transformer,,120m,4,False,False,0.5123553272834146,0.5380771239291747,0.742080397708285,0.7185178142131516,0.8039873896195538,2,48380,10360,10385,25,0,105.8108519633611,32,240,1512,5.0,592002,3072,128,True,5,,,,,,,,,,,,,,,,,,,,,,,,,,
apnea_binary,transformer,,120m,5,False,False,0.5036446313145437,0.527094160313772,0.7471194165860273,0.7269445275628352,0.8088844641939956,2,48380,10360,10385,25,0,105.8108519633611,32,240,1512,5.0,592002,3072,128,True,5,,,,,,,,,,,,,,,,,,,,,,,,,,
apnea_binary,transformer,,120m,6,False,False,0.495481616487775,0.5353106137868521,0.7530947586176482,0.7271681548742643,0.8031911496158999,2,48380,10360,10385,25,0,105.8108519633611,32,240,1512,5.0,592002,3072,128,True,5,,,,,,,,,,,,,,,,,,,,,,,,,,
apnea_binary,transformer,,120m,7,False,False,0.4881580964845781,0.5362055691973123,0.7568551962294088,0.7228489504244631,0.8051931873370453,2,48380,10360,10385,25,0,105.8108519633611,32,240,1512,5.0,592002,3072,128,True,5,,,,,,,,,,,,,,,,,,,,,,,,,,
apnea_binary,transformer,,120m,8,False,False,0.4788017227290927,0.5420258385334236,0.7628809816966053,0.7158126601582636,0.8038709057978108,2,48380,10360,10385,25,0,105.8108519633611,32,240,1512,5.0,592002,3072,128,True,5,,,,,,,,,,,,,,,,,,,,,,,,,,
apnea_binary,transformer,,120m,9,False,False,0.4737404229942556,0.534811114620518,0.7669399603460922,0.7175179698853525,0.8082447726300306,2,48380,10360,10385,25,0,105.8108519633611,32,240,1512,5.0,592002,3072,128,True,5,,,,,,,,,,,,,,,,,,,,,,,,,,
apnea_binary,transformer,,120m,10,False,False,0.4710631856646307,0.5335135388558435,0.7677022271520382,0.7286414477701122,0.8147835270846325,2,48380,10360,10385,25,0,105.8108519633611,32,240,1512,5.0,592002,3072,128,True,5,,,,,,,,,,,,,,,,,,,,,,,,,,
apnea_binary,transformer,,120m,11,False,False,0.4619017731162722,0.5282968846527306,0.7737933959269533,0.7311855230446127,0.8167799345058153,2,48380,10360,10385,25,0,105.8108519633611,32,240,1512,5.0,592002,3072,128,True,5,,,,,,,,,,,,,,,,,,,,,,,,,,
apnea_binary,transformer,,120m,12,False,False,0.4595325748922412,0.5590432356223176,0.7751458047762122,0.7193318772855615,0.8119215076526403,2,48380,10360,10385,25,0,105.8108519633611,32,240,1512,5.0,592002,3072,128,True,5,,,,,,,,,,,,,,,,,,,,,,,,,,
apnea_binary,transformer,,120m,13,False,False,0.4560828912154659,0.5384936747403679,0.7802328910686743,0.7281104843829089,0.8116266626396972,2,48380,10360,10385,25,0,105.8108519633611,32,240,1512,5.0,592002,3072,128,True,5,,,,,,,,,,,,,,,,,,,,,,,,,,
apnea_binary,transformer,,120m,14,False,False,0.4505804234962416,0.5370797434368649,0.784296194417992,0.7343121106447159,0.8183681265363307,2,48380,10360,10385,25,0,105.8108519633611,32,240,1512,5.0,592002,3072,128,True,5,,,,,,,,,,,,,,,,,,,,,,,,,,
apnea_binary,transformer,,120m,15,True,False,0.448345062125562,0.523981759907196,0.7852647647901743,0.7366349822468439,0.8191364760474549,2,48380,10360,10385,25,0,105.8108519633611,32,240,1512,5.0,592002,3072,128,True,5,0.797354278627532,0.7975049729774635,0.7973525328610915,0.8838661226775465,0.7879120879120879,0.8070978580428392,,,,0.7361969111969112,0.7366349822468439,0.7361939002616968,0.7169027384324834,0.7563672260612043,,,,0.7197881559942224,0.7198781539488692,0.7197808574450675,0.8023241253326657,0.7088825214899713,0.730873786407767,,,
apnea_binary,transformer,,120m,16,False,False,0.4421194459003276,0.5366437187065949,0.7880867168981407,0.7307416242296789,0.815196571110036,2,48380,10360,10385,25,0,105.8108519633611,32,240,1512,5.0,592002,3072,128,True,5,,,,,,,,,,,,,,,,,,,,,,,,,,
apnea_binary,transformer,,120m,17,False,False,0.4387396208310531,0.5537748035086628,0.7915020673945495,0.7267697459000882,0.8093967655604618,2,48380,10360,10385,25,0,105.8108519633611,32,240,1512,5.0,592002,3072,128,True,5,,,,,,,,,,,,,,,,,,,,,,,,,,
apnea_binary,transformer,,120m,18,False,False,0.435543114969483,0.5546287341467662,0.793579077136406,0.7258689911229559,0.8121493110805982,2,48380,10360,10385,25,0,105.8108519633611,32,240,1512,5.0,592002,3072,128,True,5,,,,,,,,,,,,,,,,,,,,,,,,,,
apnea_binary,transformer,,120m,19,False,False,0.431307881166246,0.530333557161125,0.7965216080293779,0.7327212712546154,0.8167168080300755,2,48380,10360,10385,25,0,105.8108519633611,32,240,1512,5.0,592002,3072,128,True,5,,,,,,,,,,,,,,,,,,,,,,,,,,
apnea_binary,transformer,,120m,20,False,False,0.4257743237628676,0.5351299664688847,0.7996403661670356,0.7376709947267207,0.8167956322295522,2,48380,10360,10385,25,0,105.8108519633611,32,240,1512,5.0,592002,3072,128,True,5,,,,,,,,,,,,,,,,,,,,,,,,,,
apnea_binary,transformer,,120m,21,False,False,0.4211987014938455,0.5388499900180861,0.8022629205535547,0.7314462506769877,0.8133868398263555,2,48380,10360,10385,25,0,105.8108519633611,32,240,1512,5.0,592002,3072,128,True,5,,,,,,,,,,,,,,,,,,,,,,,,,,
apnea_binary,transformer,,120m,22,False,False,0.4184011943974047,0.544263338766503,0.8041015760881364,0.7251635257236659,0.8077302154149038,2,48380,10360,10385,25,0,105.8108519633611,32,240,1512,5.0,592002,3072,128,True,5,,,,,,,,,,,,,,,,,,,,,,,,,,
apnea_binary,transformer,,120m,23,False,False,0.4107940677154552,0.5516526854176319,0.8068942980114757,0.7308805173910085,0.8105446196611193,2,48380,10360,10385,25,0,105.8108519633611,32,240,1512,5.0,592002,3072,128,True,5,,,,,,,,,,,,,,,,,,,,,,,,,,
apnea_binary,transformer,,120m,24,False,False,0.4066430001034131,0.544572833237961,0.8101903602953582,0.7339532256305423,0.8126877131753679,2,48380,10360,10385,25,0,105.8108519633611,32,240,1512,5.0,592002,3072,128,True,5,,,,,,,,,,,,,,,,,,,,,,,,,,
apnea_binary,transformer,,120m,25,False,False,0.4015357061721609,0.5548440234541433,0.8129553733711651,0.7294239103178976,0.8108497185316103,2,48380,10360,10385,25,0,105.8108519633611,32,240,1512,5.0,592002,3072,128,True,5,,,,,,,,,,,,,,,,,,,,,,,,,,
apnea_binary,transformer,,240m,1,False,False,0.5653485144771491,0.5093168130482486,0.7019353800958169,0.7437669130388984,0.8317505292388748,2,48380,10360,10385,23,0,136.5198218345642,32,480,1512,5.0,592002,3072,128,True,5,,,,,,,,,,,,,,,,,,,,,,,,,,
apnea_binary,transformer,,240m,2,False,False,0.5001079812824554,0.4863627076148987,0.75433267403028,0.7558872523110797,0.8452340536202176,2,48380,10360,10385,23,0,136.5198218345642,32,480,1512,5.0,592002,3072,128,True,5,,,,,,,,,,,,,,,,,,,,,,,,,,
apnea_binary,transformer,,240m,3,False,False,0.4734734525706168,0.4820579547679562,0.7696482566075173,0.7662737574888117,0.845581678034466,2,48380,10360,10385,23,0,136.5198218345642,32,480,1512,5.0,592002,3072,128,True,5,,,,,,,,,,,,,,,,,,,,,,,,,,
apnea_binary,transformer,,240m,4,False,False,0.4552067950546569,0.478553954606811,0.7820381882960632,0.7731571720606618,0.8522460142789628,2,48380,10360,10385,23,0,136.5198218345642,32,480,1512,5.0,592002,3072,128,True,5,,,,,,,,,,,,,,,,,,,,,,,,,,
apnea_binary,transformer,,240m,5,False,False,0.4395200265814027,0.5056870697317897,0.7925890542018219,0.7579952589891374,0.8430046785555484,2,48380,10360,10385,23,0,136.5198218345642,32,480,1512,5.0,592002,3072,128,True,5,,,,,,,,,,,,,,,,,,,,,,,,,,
apnea_binary,transformer,,240m,6,False,False,0.4246117265227414,0.5663384335841911,0.8021066074405008,0.7294040551210095,0.8481691550914597,2,48380,10360,10385,23,0,136.5198218345642,32,480,1512,5.0,592002,3072,128,True,5,,,,,,,,,,,,,,,,,,,,,,,,,,
apnea_binary,transformer,,240m,7,False,False,0.4122440888030118,0.5099286995569251,0.8119906832632579,0.765771132035195,0.8422513369631988,2,48380,10360,10385,23,0,136.5198218345642,32,480,1512,5.0,592002,3072,128,True,5,,,,,,,,,,,,,,,,,,,,,,,,,,
apnea_binary,transformer,,240m,8,False,False,0.399688551399076,0.5061212008293992,0.8171749727398614,0.7640549159323506,0.8479326824930296,2,48380,10360,10385,23,0,136.5198218345642,32,480,1512,5.0,592002,3072,128,True,5,,,,,,,,,,,,,,,,,,,,,,,,,,
apnea_binary,transformer,,240m,9,False,False,0.389153844702091,0.5345844662327564,0.8237393884600941,0.7588509900099463,0.8422974420354095,2,48380,10360,10385,23,0,136.5198218345642,32,480,1512,5.0,592002,3072,128,True,5,,,,,,,,,,,,,,,,,,,,,,,,,,
apnea_binary,transformer,,240m,10,False,False,0.3790262790813383,0.5066426949611502,0.8291847667320158,0.7614029887198246,0.8488022468998393,2,48380,10360,10385,23,0,136.5198218345642,32,480,1512,5.0,592002,3072,128,True,5,,,,,,,,,,,,,,,,,,,,,,,,,,
apnea_binary,transformer,,240m,11,False,False,0.3676901009049284,0.5006084467683519,0.8366517285038915,0.7673718524152962,0.8469430174492691,2,48380,10360,10385,23,0,136.5198218345642,32,480,1512,5.0,592002,3072,128,True,5,,,,,,,,,,,,,,,,,,,,,,,,,,
apnea_binary,transformer,,240m,12,False,False,0.3589344073938604,0.4978935378398674,0.8410209317181178,0.7723331347813644,0.8510670816682466,2,48380,10360,10385,23,0,136.5198218345642,32,480,1512,5.0,592002,3072,128,True,5,,,,,,,,,,,,,,,,,,,,,,,,,,
apnea_binary,transformer,,240m,13,True,False,0.348566804389512,0.5064621541030618,0.8465897092314565,0.7719781648764363,0.852474265147977,2,48380,10360,10385,23,0,136.5198218345642,32,480,1512,5.0,592002,3072,128,True,5,0.864716825134353,0.8637289049090813,0.8639213494140341,0.9417565477750275,0.9266178266178267,0.800839983200336,,,,0.7734555984555984,0.7719781648764363,0.7718577914329734,0.8385269121813032,0.7054294175715696,,,,0.7472315840154068,0.746540740534676,0.7451435462892522,0.8299081796348328,0.830945558739255,0.6621359223300971,,,
apnea_binary,transformer,,240m,14,False,False,0.3389361807769268,0.5157648396422965,0.8509812111450079,0.7591042602913773,0.8452500123512374,2,48380,10360,10385,23,0,136.5198218345642,32,480,1512,5.0,592002,3072,128,True,5,,,,,,,,,,,,,,,,,,,,,,,,,,
apnea_binary,transformer,,240m,15,False,False,0.3271744294445492,0.5349108548928412,0.8589426331131497,0.7606834475706281,0.8447873955854348,2,48380,10360,10385,23,0,136.5198218345642,32,480,1512,5.0,592002,3072,128,True,5,,,,,,,,,,,,,,,,,,,,,,,,,,
apnea_binary,transformer,,240m,16,False,False,0.3206110403366747,0.556881011867155,0.8623068906143245,0.7570529294804931,0.8383341210160269,2,48380,10360,10385,23,0,136.5198218345642,32,480,1512,5.0,592002,3072,128,True,5,,,,,,,,,,,,,,,,,,,,,,,,,,
apnea_binary,transformer,,240m,17,False,False,0.3062533393902639,0.590495968279231,0.8694973878300212,0.7396592177052426,0.8390895506666405,2,48380,10360,10385,23,0,136.5198218345642,32,480,1512,5.0,592002,3072,128,True,5,,,,,,,,,,,,,,,,,,,,,,,,,,
apnea_binary,transformer,,240m,18,False,False,0.2982780375427429,0.5744736623119664,0.8724007400193876,0.7451407435165325,0.8415810889037416,2,48380,10360,10385,23,0,136.5198218345642,32,480,1512,5.0,592002,3072,128,True,5,,,,,,,,,,,,,,,,,,,,,,,,,,
apnea_binary,transformer,,240m,19,False,False,0.2909820755905926,0.5627081310196733,0.8775109882417735,0.7581917601865084,0.839097082591094,2,48380,10360,10385,23,0,136.5198218345642,32,480,1512,5.0,592002,3072,128,True,5,,,,,,,,,,,,,,,,,,,,,,,,,,
apnea_binary,transformer,,240m,20,False,False,0.2795202189200966,0.6079830560214731,0.8834358868378188,0.7487905575022349,0.8323750637370464,2,48380,10360,10385,23,0,136.5198218345642,32,480,1512,5.0,592002,3072,128,True,5,,,,,,,,,,,,,,,,,,,,,,,,,,
apnea_binary,transformer,,240m,21,False,False,0.2692238755514918,0.5478267697984187,0.88915447332079,0.7541472659021018,0.8370455280596811,2,48380,10360,10385,23,0,136.5198218345642,32,480,1512,5.0,592002,3072,128,True,5,,,,,,,,,,,,,,,,,,,,,,,,,,
apnea_binary,transformer,,240m,22,False,False,0.2595927118639061,0.6146882415738345,0.8919467593554111,0.7525254785055842,0.8312808466330526,2,48380,10360,10385,23,0,136.5198218345642,32,480,1512,5.0,592002,3072,128,True,5,,,,,,,,,,,,,,,,,,,,,,,,,,
apnea_binary,transformer,,240m,23,False,False,0.2491312921860337,0.6786586589909889,0.8984882268166603,0.7414596086568659,0.8212345830921346,2,48380,10360,10385,23,0,136.5198218345642,32,480,1512,5.0,592002,3072,128,True,5,,,,,,,,,,,,,,,,,,,,,,,,,,
bmi_binary,lstm,,30s,1,False,False,0.6623573669764012,0.6684346479804046,0.5931802435071766,0.5879783722495086,0.6230678609084502,2,43265,9275,9285,24,0,26.057104821999868,32,1,1353,5.0,3279362,3072,128,True,5,,,,,,,,,,,,,,,,,,,,,,,,,,
bmi_binary,lstm,,30s,2,False,False,0.6471665678417753,0.6573551437604138,0.6175723362178993,0.5932460964612507,0.6418278681141683,2,43265,9275,9285,24,0,26.057104821999868,32,1,1353,5.0,3279362,3072,128,True,5,,,,,,,,,,,,,,,,,,,,,,,,,,
bmi_binary,lstm,,30s,3,False,False,0.6397692618295111,0.6675524944500781,0.6268765914095442,0.5853033819189463,0.6435706186850625,2,43265,9275,9285,24,0,26.057104821999868,32,1,1353,5.0,3279362,3072,128,True,5,,,,,,,,,,,,,,,,,,,,,,,,,,
bmi_binary,lstm,,30s,4,False,False,0.6360200064555352,0.6905639264782806,0.6313377785484687,0.5741020668754205,0.6400719777046608,2,43265,9275,9285,24,0,26.057104821999868,32,1,1353,5.0,3279362,3072,128,True,5,,,,,,,,,,,,,,,,,,,,,,,,,,
bmi_binary,lstm,,30s,5,False,False,0.6312690053804615,0.6600944810736211,0.6370061992454312,0.6015407520438277,0.6462786705450384,2,43265,9275,9285,24,0,26.057104821999868,32,1,1353,5.0,3279362,3072,128,True,5,,,,,,,,,,,,,,,,,,,,,,,,,,
bmi_binary,lstm,,30s,6,False,False,0.6266544101046204,0.6566206844926201,0.641465862711322,0.6002741881646083,0.6463250573543359,2,43265,9275,9285,24,0,26.057104821999868,32,1,1353,5.0,3279362,3072,128,True,5,,,,,,,,,,,,,,,,,,,,,,,,,,
bmi_binary,lstm,,30s,7,False,False,0.6231675402836815,0.6545618997429902,0.6462287498613394,0.6033355586285823,0.6497504225411812,2,43265,9275,9285,24,0,26.057104821999868,32,1,1353,5.0,3279362,3072,128,True,5,,,,,,,,,,,,,,,,,,,,,,,,,,
bmi_binary,lstm,,30s,8,False,False,0.6208322128505083,0.664937425989989,0.6485551945775091,0.5955153677830232,0.6471070102098666,2,43265,9275,9285,24,0,26.057104821999868,32,1,1353,5.0,3279362,3072,128,True,5,,,,,,,,,,,,,,,,,,,,,,,,,,
bmi_binary,lstm,,30s,9,False,False,0.6154126451798813,0.6537350932093001,0.6564435686335012,0.6101428427616974,0.6566761241714749,2,43265,9275,9285,24,0,26.057104821999868,32,1,1353,5.0,3279362,3072,128,True,5,,,,,,,,,,,,,,,,,,,,,,,,,,
bmi_binary,lstm,,30s,10,False,False,0.6113695895053273,0.6660792771054085,0.6607758938350532,0.5999904630203614,0.6507292610430278,2,43265,9275,9285,24,0,26.057104821999868,32,1,1353,5.0,3279362,3072,128,True,5,,,,,,,,,,,,,,,,,,,,,,,,,,
bmi_binary,lstm,,30s,11,False,False,0.6093008115169535,0.652808441421735,0.661184085203286,0.6068430478067597,0.6559813287131966,2,43265,9275,9285,24,0,26.057104821999868,32,1,1353,5.0,3279362,3072,128,True,5,,,,,,,,,,,,,,,,,,,,,,,,,,
bmi_binary,lstm,,30s,12,False,False,0.604212656691214,0.6518141178107969,0.6673364792825094,0.6148082802176551,0.6585624592691495,2,43265,9275,9285,24,0,26.057104821999868,32,1,1353,5.0,3279362,3072,128,True,5,,,,,,,,,,,,,,,,,,,,,,,,,,
bmi_binary,lstm,,30s,13,False,False,0.6003655146418673,0.657125621934464,0.6717610982686228,0.6155112350918464,0.6560690689258712,2,43265,9275,9285,24,0,26.057104821999868,32,1,1353,5.0,3279362,3072,128,True,5,,,,,,,,,,,,,,,,,,,,,,,,,,
bmi_binary,lstm,,30s,14,True,False,0.596651925973695,0.6546921016777943,0.6764193811209898,0.6124534409952368,0.6609294846322169,2,43265,9275,9285,24,0,26.057104821999868,32,1,1353,5.0,3279362,3072,128,True,5,0.6697330405639662,0.6957504440327482,0.6536614351336815,0.7705956669033991,0.6311140408701384,0.7603868471953579,,,,0.6017250673854447,0.6124534409952368,0.5878294311333131,0.5817891373801917,0.6431177446102819,,,,0.6102315562735595,0.6253114298206783,0.5941184623872393,0.6810246563884189,0.5858144972720187,0.6648083623693379,,,
bmi_binary,lstm,,30s,15,False,False,0.5917442190885461,0.6558306402658838,0.6804743277031808,0.6149020605174341,0.6563771663514165,2,43265,9275,9285,24,0,26.057104821999868,32,1,1353,5.0,3279362,3072,128,True,5,,,,,,,,,,,,,,,,,,,,,,,,,,
bmi_binary,lstm,,30s,16,False,False,0.5866546440293965,0.6686231989680597,0.6829955858108427,0.6085958651894945,0.6599016101600623,2,43265,9275,9285,24,0,26.057104821999868,32,1,1353,5.0,3279362,3072,128,True,5,,,,,,,,,,,,,,,,,,,,,,,,,,
bmi_binary,lstm,,30s,17,False,False,0.583758860841991,0.6588949885458316,0.6893648323513399,0.6091323202941629,0.656057386125814,2,43265,9275,9285,24,0,26.057104821999868,32,1,1353,5.0,3279362,3072,128,True,5,,,,,,,,,,,,,,,,,,,,,,,,,,
bmi_binary,lstm,,30s,18,False,False,0.5792580752583248,0.6552315549516292,0.6910830765189873,0.6174600903893737,0.6585100058811374,2,43265,9275,9285,24,0,26.057104821999868,32,1,1353,5.0,3279362,3072,128,True,5,,,,,,,,,,,,,,,,,,,,,,,,,,
bmi_binary,lstm,,30s,19,False,False,0.573366562250817,0.6751338676622293,0.6954159308622204,0.6097356667143516,0.6556782382019615,2,43265,9275,9285,24,0,26.057104821999868,32,1,1353,5.0,3279362,3072,128,True,5,,,,,,,,,,,,,,,,,,,,,,,,,,
bmi_binary,lstm,,30s,20,False,False,0.5698518275939066,0.6628197495892363,0.7010585064944173,0.6100378035276228,0.6560125093382926,2,43265,9275,9285,24,0,26.057104821999868,32,1,1353,5.0,3279362,3072,128,True,5,,,,,,,,,,,,,,,,,,,,,,,,,,
bmi_binary,lstm,,30s,21,False,False,0.5644340904368206,0.6629748875111583,0.704436189975889,0.6112292636921888,0.6558569241121337,2,43265,9275,9285,24,0,26.057104821999868,32,1,1353,5.0,3279362,3072,128,True,5,,,,,,,,,,,,,,,,,,,,,,,,,,
bmi_binary,lstm,,30s,22,False,False,0.5600604187701047,0.6672696778652161,0.7088772888565312,0.6123730389585618,0.6595626765003523,2,43265,9275,9285,24,0,26.057104821999868,32,1,1353,5.0,3279362,3072,128,True,5,,,,,,,,,,,,,,,,,,,,,,,,,,
bmi_binary,lstm,,30s,23,False,False,0.5555388739167453,0.6622972814349152,0.7136510967258243,0.6086965333079014,0.6532112070107396,2,43265,9275,9285,24,0,26.057104821999868,32,1,1353,5.0,3279362,3072,128,True,5,,,,,,,,,,,,,,,,,,,,,,,,,,
bmi_binary,lstm,,30s,24,False,False,0.5514572762015733,0.6615539499563027,0.71453773417707,0.6151018072576415,0.6588530987236343,2,43265,9275,9285,24,0,26.057104821999868,32,1,1353,5.0,3279362,3072,128,True,5,,,,,,,,,,,,,,,,,,,,,,,,,,
bmi_binary,lstm,,10m,1,False,False,0.6606041786230659,0.6569583038821053,0.5992722453075333,0.6013073609587845,0.651651169074754,2,43265,9275,9285,40,0,51.386930561065675,32,20,1353,5.0,3279362,3072,128,True,5,,,,,,,,,,,,,,,,,,,,,,,,,,
bmi_binary,lstm,,10m,2,False,False,0.6434246444005051,0.6482835740798889,0.6242316034012972,0.6195265684357764,0.6611370199057959,2,43265,9275,9285,40,0,51.386930561065675,32,20,1353,5.0,3279362,3072,128,True,5,,,,,,,,,,,,,,,,,,,,,,,,,,
bmi_binary,lstm,,10m,3,False,False,0.6343706502971465,0.6523705947881118,0.6353339202768367,0.6221492378363772,0.6673562167861439,2,43265,9275,9285,40,0,51.386930561065675,32,20,1353,5.0,3279362,3072,128,True,5,,,,,,,,,,,,,,,,,,,,,,,,,,
bmi_binary,lstm,,10m,4,False,False,0.6265997936170968,0.6430612226637868,0.6418745513452311,0.6218734601751625,0.6704895119715586,2,43265,9275,9285,40,0,51.386930561065675,32,20,1353,5.0,3279362,3072,128,True,5,,,,,,,,,,,,,,,,,,,,,,,,,,
bmi_binary,lstm,,10m,5,False,False,0.6206023865795598,0.640816094078465,0.6486925610329866,0.6277108864622574,0.6769163765835359,2,43265,9275,9285,40,0,51.386930561065675,32,20,1353,5.0,3279362,3072,128,True,5,,,,,,,,,,,,,,,,,,,,,,,,,,
bmi_binary,lstm,,10m,6,False,False,0.6147937541226769,0.6400429302984171,0.657467374908994,0.6212772664897027,0.6777681083400887,2,43265,9275,9285,40,0,51.386930561065675,32,20,1353,5.0,3279362,3072,128,True,5,,,,,,,,,,,,,,,,,,,,,,,,,,
bmi_binary,lstm,,10m,7,False,False,0.6093343076713648,0.6425954374727213,0.6636321432533161,0.624283269488553,0.6740966360953486,2,43265,9275,9285,40,0,51.386930561065675,32,20,1353,5.0,3279362,3072,128,True,5,,,,,,,,,,,,,,,,,,,,,,,,,,
bmi_binary,lstm,,10m,8,False,False,0.6045240223249314,0.6412863535444049,0.6669952657757536,0.6266114846428137,0.6750411414704963,2,43265,9275,9285,40,0,51.386930561065675,32,20,1353,5.0,3279362,3072,128,True,5,,,,,,,,,,,,,,,,,,,,,,,,,,
bmi_binary,lstm,,10m,9,False,False,0.6031275879147837,0.6469905938935087,0.6685412647633717,0.6252492860511076,0.6809133247500516,2,43265,9275,9285,40,0,51.386930561065675,32,20,1353,5.0,3279362,3072,128,True,5,,,,,,,,,,,,,,,,,,,,,,,,,,
bmi_binary,lstm,,10m,10,False,False,0.6011926719415784,0.6357138381042892,0.6690979090615832,0.6318504654575896,0.6868057741113389,2,43265,9275,9285,40,0,51.386930561065675,32,20,1353,5.0,3279362,3072,128,True,5,,,,,,,,,,,,,,,,,,,,,,,,,,
bmi_binary,lstm,,10m,11,False,False,0.5924901139194754,0.6434164526263337,0.6814171242998435,0.6194737176736128,0.6858353864331167,2,43265,9275,9285,40,0,51.386930561065675,32,20,1353,5.0,3279362,3072,128,True,5,,,,,,,,,,,,,,,,,,,,,,,,,,
bmi_binary,lstm,,10m,12,False,False,0.5898259586555261,0.6468221804009615,0.6815417148525607,0.6313330843121983,0.6884641224124319,2,43265,9275,9285,40,0,51.386930561065675,32,20,1353,5.0,3279362,3072,128,True,5,,,,,,,,,,,,,,,,,,,,,,,,,,
bmi_binary,lstm,,10m,13,False,False,0.5888093282897308,0.6367524664035704,0.6805102009590853,0.6275227960304972,0.6846288525423998,2,43265,9275,9285,40,0,51.386930561065675,32,20,1353,5.0,3279362,3072,128,True,5,,,,,,,,,,,,,,,,,,,,,,,,,,
bmi_binary,lstm,,10m,14,False,False,0.5851480966845675,0.6405553710042948,0.6866432016769328,0.6366083586328211,0.689658099279958,2,43265,9275,9285,40,0,51.386930561065675,32,20,1353,5.0,3279362,3072,128,True,5,,,,,,,,,,,,,,,,,,,,,,,,,,
bmi_binary,lstm,,10m,15,False,False,0.5810820162881802,0.6427282461965823,0.6902391274134917,0.634551947398259,0.6850567450288494,2,43265,9275,9285,40,0,51.386930561065675,32,20,1353,5.0,3279362,3072,128,True,5,,,,,,,,,,,,,,,,,,,,,,,,,,
bmi_binary,lstm,,10m,16,False,False,0.5780571581462374,0.6355023340073557,0.6917740399266087,0.6332784957004117,0.6887907639650522,2,43265,9275,9285,40,0,51.386930561065675,32,20,1353,5.0,3279362,3072,128,True,5,,,,,,,,,,,,,,,,,,,,,,,,,,
bmi_binary,lstm,,10m,17,False,False,0.5752123910168698,0.6397672704159411,0.6954211266510177,0.62668234969985,0.6890611903210254,2,43265,9275,9285,40,0,51.386930561065675,32,20,1353,5.0,3279362,3072,128,True,5,,,,,,,,,,,,,,,,,,,,,,,,,,
bmi_binary,lstm,,10m,18,False,False,0.5718049087304539,0.6418753286513357,0.6966075133018568,0.6293039594360466,0.6869893079861608,2,43265,9275,9285,40,0,51.386930561065675,32,20,1353,5.0,3279362,3072,128,True,5,,,,,,,,,,,,,,,,,,,,,,,,,,
bmi_binary,lstm,,10m,19,False,False,0.567746662370982,0.6374189619555306,0.6996708866247008,0.6338603839164136,0.6907891850650898,2,43265,9275,9285,40,0,51.386930561065675,32,20,1353,5.0,3279362,3072,128,True,5,,,,,,,,,,,,,,,,,,,,,,,,,,
bmi_binary,lstm,,10m,20,False,False,0.5650564078098224,0.6401144764237006,0.7040044358648406,0.6295584113511251,0.6883489104000763,2,43265,9275,9285,40,0,51.386930561065675,32,20,1353,5.0,3279362,3072,128,True,5,,,,,,,,,,,,,,,,,,,,,,,,,,
bmi_binary,lstm,,10m,21,False,False,0.5600588270739766,0.6414710520798306,0.7071350866836077,0.6240011338409126,0.6858210544720488,2,43265,9275,9285,40,0,51.386930561065675,32,20,1353,5.0,3279362,3072,128,True,5,,,,,,,,,,,,,,,,,,,,,,,,,,
bmi_binary,lstm,,10m,22,False,False,0.5584126950646637,0.6514063967206086,0.7094481944793309,0.6355582312081763,0.6869036606106846,2,43265,9275,9285,40,0,51.386930561065675,32,20,1353,5.0,3279362,3072,128,True,5,,,,,,,,,,,,,,,,,,,,,,,,,,
bmi_binary,lstm,,10m,23,False,False,0.5550680994946158,0.647927707918892,0.7110375448336008,0.6245779886509942,0.686887182829198,2,43265,9275,9285,40,0,51.386930561065675,32,20,1353,5.0,3279362,3072,128,True,5,,,,,,,,,,,,,,,,,,,,,,,,,,
bmi_binary,lstm,,10m,24,False,False,0.5502237031601157,0.6389809202633778,0.7153997187261328,0.6425277764531973,0.6900360285897457,2,43265,9275,9285,40,0,51.386930561065675,32,20,1353,5.0,3279362,3072,128,True,5,,,,,,,,,,,,,,,,,,,,,,,,,,
bmi_binary,lstm,,10m,25,False,False,0.5479639943770476,0.6392854749995743,0.7172883210143199,0.6398461632201082,0.6916087030237524,2,43265,9275,9285,40,0,51.386930561065675,32,20,1353,5.0,3279362,3072,128,True,5,,,,,,,,,,,,,,,,,,,,,,,,,,
bmi_binary,lstm,,10m,26,False,False,0.5444195357434504,0.6395236962246444,0.7206884069520292,0.636256550050599,0.6893939249439702,2,43265,9275,9285,40,0,51.386930561065675,32,20,1353,5.0,3279362,3072,128,True,5,,,,,,,,,,,,,,,,,,,,,,,,,,
bmi_binary,lstm,,10m,27,False,False,0.5396652568437785,0.6394814002546018,0.7245554891117942,0.6369882483217565,0.6906524883569372,2,43265,9275,9285,40,0,51.386930561065675,32,20,1353,5.0,3279362,3072,128,True,5,,,,,,,,,,,,,,,,,,,,,,,,,,
bmi_binary,lstm,,10m,28,False,False,0.5373241799893124,0.6418214534749239,0.7250873466286025,0.6390751249079416,0.690654872601847,2,43265,9275,9285,40,0,51.386930561065675,32,20,1353,5.0,3279362,3072,128,True,5,,,,,,,,,,,,,,,,,,,,,,,,,,
bmi_binary,lstm,,10m,29,False,False,0.5338094330186667,0.6464506802597457,0.7292137719641612,0.6325119609619634,0.6888893392462606,2,43265,9275,9285,40,0,51.386930561065675,32,20,1353,5.0,3279362,3072,128,True,5,,,,,,,,,,,,,,,,,,,,,,,,,,
bmi_binary,lstm,,10m,30,False,False,0.5307021815363802,0.6475899083338015,0.7325102800115774,0.639244936128728,0.6907223202411796,2,43265,9275,9285,40,0,51.386930561065675,32,20,1353,5.0,3279362,3072,128,True,5,,,,,,,,,,,,,,,,,,,,,,,,,,
bmi_binary,lstm,,10m,31,True,False,0.5269091161719419,0.6449410500230814,0.7329540131252638,0.638138778948707,0.6922348852118534,2,43265,9275,9285,40,0,51.386930561065675,32,20,1353,5.0,3279362,3072,128,True,5,0.7772333294811048,0.7588090805812653,0.7458896195803927,0.8440117762712469,0.8045814106789717,0.713036750483559,,,,0.6720215633423181,0.638138778948707,0.6345770320016935,0.7349840255591055,0.5412935323383085,,,,0.6778675282714055,0.6442218124441572,0.6373957107917878,0.7056730061566288,0.7323460639127046,0.5560975609756098,,,
bmi_binary,lstm,,10m,32,False,False,0.5247999028485593,0.6501742987105789,0.7361749049138775,0.6361080645759488,0.6918708904889821,2,43265,9275,9285,40,0,51.386930561065675,32,20,1353,5.0,3279362,3072,128,True,5,,,,,,,,,,,,,,,,,,,,,,,,,,
bmi_binary,lstm,,10m,33,False,False,0.5246320596199208,0.6456374637328711,0.7365067532503962,0.6361081970339993,0.6909751561680415,2,43265,9275,9285,40,0,51.386930561065675,32,20,1353,5.0,3279362,3072,128,True,5,,,,,,,,,,,,,,,,,,,,,,,,,,
bmi_binary,lstm,,10m,34,False,False,0.5226042511503669,0.6512711683437831,0.7373888579337464,0.6368939381897754,0.6903630675165175,2,43265,9275,9285,40,0,51.386930561065675,32,20,1353,5.0,3279362,3072,128,True,5,,,,,,,,,,,,,,,,,,,,,,,,,,
bmi_binary,lstm,,10m,35,False,False,0.5175457407033169,0.6474546949497131,0.741897100431091,0.6340931127112044,0.6900778588421047,2,43265,9275,9285,40,0,51.386930561065675,32,20,1353,5.0,3279362,3072,128,True,5,,,,,,,,,,,,,,,,,,,,,,,,,,
bmi_binary,lstm,,10m,36,False,False,0.5165572552870812,0.6486653348120718,0.7445930517959578,0.637534372864114,0.6906834570491526,2,43265,9275,9285,40,0,51.386930561065675,32,20,1353,5.0,3279362,3072,128,True,5,,,,,,,,,,,,,,,,,,,,,,,,,,
bmi_binary,lstm,,10m,37,False,False,0.5135552215917832,0.6498529278043146,0.7453842524885597,0.6369400335913615,0.6907352481469119,2,43265,9275,9285,40,0,51.386930561065675,32,20,1353,5.0,3279362,3072,128,True,5,,,,,,,,,,,,,,,,,,,,,,,,,,
bmi_binary,lstm,,10m,38,False,False,0.5135828022349023,0.6501996118039134,0.7436397998696909,0.6382552095751275,0.6908781438918294,2,43265,9275,9285,40,0,51.386930561065675,32,20,1353,5.0,3279362,3072,128,True,5,,,,,,,,,,,,,,,,,,,,,,,,,,
bmi_binary,lstm,,10m,39,False,False,0.514692811431908,0.6490196048795694,0.7462963716181152,0.6362997313750736,0.6907724158758921,2,43265,9275,9285,40,0,51.386930561065675,32,20,1353,5.0,3279362,3072,128,True,5,,,,,,,,,,,,,,,,,,,,,,,,,,
bmi_binary,lstm,,10m,40,False,False,0.5110976007495687,0.6485897513926833,0.7466481743336959,0.6360350801901038,0.690737764849872,2,43265,9275,9285,40,0,51.386930561065675,32,20,1353,5.0,3279362,3072,128,True,5,,,,,,,,,,,,,,,,,,,,,,,,,,
bmi_binary,lstm,,40m,1,False,False,0.6605946571747305,0.6556431662554368,0.598788405804493,0.6043721753320723,0.6517819581538526,2,43265,9275,9285,40,0,43.77918357451757,32,80,1353,5.0,3279362,3072,128,True,5,,,,,,,,,,,,,,,,,,,,,,,,,,
bmi_binary,lstm,,40m,2,False,False,0.6393243018663041,0.6586208218448567,0.6283547200075483,0.6107937416220284,0.6558298231949942,2,43265,9275,9285,40,0,43.77918357451757,32,80,1353,5.0,3279362,3072,128,True,5,,,,,,,,,,,,,,,,,,,,,,,,,,
bmi_binary,lstm,,40m,3,False,False,0.6286513978396484,0.6442103874201401,0.6413274060964772,0.622438393760696,0.6701782355528005,2,43265,9275,9285,40,0,43.77918357451757,32,80,1353,5.0,3279362,3072,128,True,5,,,,,,,,,,,,,,,,,,,,,,,,,,
bmi_binary,lstm,,40m,4,False,False,0.6212002705993176,0.647995894437209,0.6520725268364085,0.6177126878917447,0.6822819343114035,2,43265,9275,9285,40,0,43.77918357451757,32,80,1353,5.0,3279362,3072,128,True,5,,,,,,,,,,,,,,,,,,,,,,,,,,
bmi_binary,lstm,,40m,5,False,False,0.6131251590900527,0.6377868512248736,0.661548663821627,0.6338081954445027,0.6837814124266846,2,43265,9275,9285,40,0,43.77918357451757,32,80,1353,5.0,3279362,3072,128,True,5,,,,,,,,,,,,,,,,,,,,,,,,,,
bmi_binary,lstm,,40m,6,False,False,0.6063122520429695,0.6353940847749016,0.6664553691305118,0.6334077747577342,0.6900524798796221,2,43265,9275,9285,40,0,43.77918357451757,32,80,1353,5.0,3279362,3072,128,True,5,,,,,,,,,,,,,,,,,,,,,,,,,,
bmi_binary,lstm,,40m,7,False,False,0.5988467380674839,0.6365787726592503,0.6745170466498955,0.6311072433360355,0.685357504278395,2,43265,9275,9285,40,0,43.77918357451757,32,80,1353,5.0,3279362,3072,128,True,5,,,,,,,,,,,,,,,,,,,,,,,,,,
bmi_binary,lstm,,40m,8,False,False,0.5944436006262634,0.6341558163249589,0.6784861192749101,0.6349891914230763,0.6929276937993738,2,43265,9275,9285,40,0,43.77918357451757,32,80,1353,5.0,3279362,3072,128,True,5,,,,,,,,,,,,,,,,,,,,,,,,,,
bmi_binary,lstm,,40m,9,False,False,0.591695799671073,0.6431717783357255,0.6795314673545083,0.6363380117516783,0.6966513015328045,2,43265,9275,9285,40,0,43.77918357451757,32,80,1353,5.0,3279362,3072,128,True,5,,,,,,,,,,,,,,,,,,,,,,,,,,
bmi_binary,lstm,,40m,10,False,False,0.5836587697825486,0.6299025402428969,0.6886382953222601,0.6442674804889291,0.6964543364116584,2,43265,9275,9285,40,0,43.77918357451757,32,80,1353,5.0,3279362,3072,128,True,5,,,,,,,,,,,,,,,,,,,,,,,,,,
bmi_binary,lstm,,40m,11,False,False,0.5816257386128778,0.6278297165204894,0.6900486491586647,0.6494590413216135,0.7041580436475768,2,43265,9275,9285,40,0,43.77918357451757,32,80,1353,5.0,3279362,3072,128,True,5,,,,,,,,,,,,,,,,,,,,,,,,,,
bmi_binary,lstm,,40m,12,False,False,0.5753591836800702,0.6248447941062907,0.6978672657655534,0.6492683017288425,0.7046213819083496,2,43265,9275,9285,40,0,43.77918357451757,32,80,1353,5.0,3279362,3072,128,True,5,,,,,,,,,,,,,,,,,,,,,,,,,,
bmi_binary,lstm,,40m,13,False,False,0.5697273432030563,0.6268632296860379,0.7013379698044981,0.6508636264894907,0.7056089626415314,2,43265,9275,9285,40,0,43.77918357451757,32,80,1353,5.0,3279362,3072,128,True,5,,,,,,,,,,,,,,,,,,,,,,,,,,
bmi_binary,lstm,,40m,14,False,False,0.568604582726549,0.6273448860291844,0.7031216044085791,0.6501306036378278,0.7062647359581221,2,43265,9275,9285,40,0,43.77918357451757,32,80,1353,5.0,3279362,3072,128,True,5,,,,,,,,,,,,,,,,,,,,,,,,,,
bmi_binary,lstm,,40m,15,False,False,0.5635899794497105,0.6352914368238732,0.7054513578540563,0.6453455565622368,0.7016344793603866,2,43265,9275,9285,40,0,43.77918357451757,32,80,1353,5.0,3279362,3072,128,True,5,,,,,,,,,,,,,,,,,,,,,,,,,,
bmi_binary,lstm,,40m,16,False,False,0.5607017988443899,0.6281975497261212,0.7111218313657338,0.6511405962731602,0.7060994283110538,2,43265,9275,9285,40,0,43.77918357451757,32,80,1353,5.0,3279362,3072,128,True,5,,,,,,,,,,,,,,,,,,,,,,,,,,
bmi_binary,lstm,,40m,17,False,False,0.5563452822837226,0.6294883213724409,0.7106534772258695,0.6525984295773528,0.7110980772389384,2,43265,9275,9285,40,0,43.77918357451757,32,80,1353,5.0,3279362,3072,128,True,5,,,,,,,,,,,,,,,,,,,,,,,,,,
bmi_binary,lstm,,40m,18,False,False,0.5548234657818742,0.6312303335840168,0.7135105872962645,0.649152400934624,0.7079244088397205,2,43265,9275,9285,40,0,43.77918357451757,32,80,1353,5.0,3279362,3072,128,True,5,,,,,,,,,,,,,,,,,,,,,,,,,,
bmi_binary,lstm,,40m,19,False,False,0.5509020794668212,0.6270173021532455,0.7143458661284297,0.650153651338621,0.7063318656981334,2,43265,9275,9285,40,0,43.77918357451757,32,80,1353,5.0,3279362,3072,128,True,5,,,,,,,,,,,,,,,,,,,,,,,,,,
bmi_binary,lstm,,40m,20,False,False,0.5499102413612997,0.6333689006448113,0.7152010674636518,0.6434552477230461,0.7029447014130625,2,43265,9275,9285,40,0,43.77918357451757,32,80,1353,5.0,3279362,3072,128,True,5,,,,,,,,,,,,,,,,,,,,,,,,,,
bmi_binary,lstm,,40m,21,False,False,0.5417838180866267,0.635365855571716,0.7247239282968396,0.6477423849866748,0.7077569818638437,2,43265,9275,9285,40,0,43.77918357451757,32,80,1353,5.0,3279362,3072,128,True,5,,,,,,,,,,,,,,,,,,,,,,,,,,
bmi_binary,lstm,,40m,22,False,False,0.5396808684592053,0.6555570424277828,0.7263219489244398,0.6332770386618558,0.707393808380886,2,43265,9275,9285,40,0,43.77918357451757,32,80,1353,5.0,3279362,3072,128,True,5,,,,,,,,,,,,,,,,,,,,,,,,,,
bmi_binary,lstm,,40m,23,False,False,0.5363691022709368,0.6504428596895018,0.7293881018349103,0.6383415722240766,0.7097177318943091,2,43265,9275,9285,40,0,43.77918357451757,32,80,1353,5.0,3279362,3072,128,True,5,,,,,,,,,,,,,,,,,,,,,,,,,,
bmi_binary,lstm,,40m,24,False,False,0.5305450299823407,0.6304154696233188,0.7319940098611609,0.6521884719109459,0.7100690901191593,2,43265,9275,9285,40,0,43.77918357451757,32,80,1353,5.0,3279362,3072,128,True,5,,,,,,,,,,,,,,,,,,,,,,,,,,
bmi_binary,lstm,,40m,25,False,False,0.529252077869345,0.629439316676312,0.7334860682733022,0.6451391869195027,0.7094837050106231,2,43265,9275,9285,40,0,43.77918357451757,32,80,1353,5.0,3279362,3072,128,True,5,,,,,,,,,,,,,,,,,,,,,,,,,,
bmi_binary,lstm,,40m,26,False,False,0.5233801259645131,0.6448117217670554,0.7389433614394694,0.6502408087358733,0.7061454707294199,2,43265,9275,9285,40,0,43.77918357451757,32,80,1353,5.0,3279362,3072,128,True,5,,,,,,,,,,,,,,,,,,,,,,,,,,
bmi_binary,lstm,,40m,27,False,False,0.5199786882200476,0.6340132245927487,0.7410569573205795,0.6489919942354256,0.7113536153100314,2,43265,9275,9285,40,0,43.77918357451757,32,80,1353,5.0,3279362,3072,128,True,5,,,,,,,,,,,,,,,,,,,,,,,,,,
bmi_binary,lstm,,40m,28,False,False,0.5151280048075239,0.6336533036836074,0.7433665906317697,0.6521585363915248,0.7110540216913304,2,43265,9275,9285,40,0,43.77918357451757,32,80,1353,5.0,3279362,3072,128,True,5,,,,,,,,,,,,,,,,,,,,,,,,,,
bmi_binary,lstm,,40m,29,False,False,0.5135124088783671,0.635126519100364,0.7460236596458703,0.6499323139361763,0.7089892920911947,2,43265,9275,9285,40,0,43.77918357451757,32,80,1353,5.0,3279362,3072,128,True,5,,,,,,,,,,,,,,,,,,,,,,,,,,
bmi_binary,lstm,,40m,30,False,False,0.5101710590615819,0.6362024240416658,0.7471549135586499,0.6508514403488415,0.7104237597952728,2,43265,9275,9285,40,0,43.77918357451757,32,80,1353,5.0,3279362,3072,128,True,5,,,,,,,,,,,,,,,,,,,,,,,,,,
bmi_binary,lstm,,40m,31,False,False,0.5077026884390221,0.643896576542096,0.7480788140596133,0.6484381871261371,0.7092338626357033,2,43265,9275,9285,40,0,43.77918357451757,32,80,1353,5.0,3279362,3072,128,True,5,,,,,,,,,,,,,,,,,,,,,,,,,,
bmi_binary,lstm,,40m,32,False,False,0.5022643780540926,0.6389485949968713,0.75258791720909,0.6496627618033368,0.7090982520835651,2,43265,9275,9285,40,0,43.77918357451757,32,80,1353,5.0,3279362,3072,128,True,5,,,,,,,,,,,,,,,,,,,,,,,,,,
bmi_binary,lstm,,40m,33,False,False,0.5003336993143295,0.6454615724890058,0.7529921049511086,0.6484327563460652,0.7102165954042354,2,43265,9275,9285,40,0,43.77918357451757,32,80,1353,5.0,3279362,3072,128,True,5,,,,,,,,,,,,,,,,,,,,,,,,,,
bmi_binary,lstm,,40m,34,False,False,0.4994271536187107,0.639614928822633,0.7558325693717494,0.6507648127837913,0.7093555386009252,2,43265,9275,9285,40,0,43.77918357451757,32,80,1353,5.0,3279362,3072,128,True,5,,,,,,,,,,,,,,,,,,,,,,,,,,
bmi_binary,lstm,,40m,35,True,False,0.4944745705001797,0.6380051246614791,0.7588667889005201,0.6517306968882954,0.7115912450526919,2,43265,9275,9285,40,0,43.77918357451757,32,80,1353,5.0,3279362,3072,128,True,5,0.7925343811394892,0.782997256113499,0.7656207054986559,0.8667280721774754,0.8066908371786421,0.7593036750483559,,,,0.6794609164420485,0.6517306968882954,0.64604019415139,0.7309904153354633,0.5724709784411277,,,,0.6983306408185245,0.674434646584524,0.6638949471726886,0.7362562971693629,0.7370226032735776,0.6118466898954704,,,
bmi_binary,lstm,,40m,36,False,False,0.4955425707788036,0.6404810529256445,0.7570506917730582,0.651436904932208,0.7107924700247432,2,43265,9275,9285,40,0,43.77918357451757,32,80,1353,5.0,3279362,3072,128,True,5,,,,,,,,,,,,,,,,,,,,,,,,,,
bmi_binary,lstm,,40m,37,False,False,0.4915505856217008,0.6409237012516135,0.7620900968903045,0.6495998442293326,0.7101921436481067,2,43265,9275,9285,40,0,43.77918357451757,32,80,1353,5.0,3279362,3072,128,True,5,,,,,,,,,,,,,,,,,,,,,,,,,,
bmi_binary,lstm,,40m,38,False,False,0.4923265317788802,0.6405378487425031,0.76070542236344,0.6501339150890912,0.7099396786037862,2,43265,9275,9285,40,0,43.77918357451757,32,80,1353,5.0,3279362,3072,128,True,5,,,,,,,,,,,,,,,,,,,,,,,,,,
bmi_binary,lstm,,40m,39,False,False,0.490043026806095,0.6410937443833467,0.7604639488759883,0.6496979956447793,0.7100988666889196,2,43265,9275,9285,40,0,43.77918357451757,32,80,1353,5.0,3279362,3072,128,True,5,,,,,,,,,,,,,,,,,,,,,,,,,,
bmi_binary,lstm,,40m,40,False,False,0.4896368467696179,0.6412681778807524,0.7642144477354649,0.649360227615914,0.7101189208377707,2,43265,9275,9285,40,0,43.77918357451757,32,80,1353,5.0,3279362,3072,128,True,5,,,,,,,,,,,,,,,,,,,,,,,,,,
bmi_binary,lstm,,80m,1,False,False,0.6571593339093555,0.6522718599221777,0.6058146295561968,0.6122625689444152,0.6586222243415509,2,43265,9275,9285,29,0,72.70342233578364,32,160,1353,5.0,3279362,3072,128,True,5,,,,,,,,,,,,,,,,,,,,,,,,,,
bmi_binary,lstm,,80m,2,False,False,0.6317977166411423,0.6474114081416169,0.639801361487921,0.625568774868999,0.6762181107243336,2,43265,9275,9285,29,0,72.70342233578364,32,160,1353,5.0,3279362,3072,128,True,5,,,,,,,,,,,,,,,,,,,,,,,,,,
bmi_binary,lstm,,80m,3,False,False,0.6191956272307647,0.6384644526805517,0.6547908806575127,0.637055669469479,0.6866367046556355,2,43265,9275,9285,29,0,72.70342233578364,32,160,1353,5.0,3279362,3072,128,True,5,,,,,,,,,,,,,,,,,,,,,,,,,,
bmi_binary,lstm,,80m,4,False,False,0.608394016520241,0.6380774887617064,0.6654037988547589,0.6355584961242775,0.6859765602233772,2,43265,9275,9285,29,0,72.70342233578364,32,160,1353,5.0,3279362,3072,128,True,5,,,,,,,,,,,,,,,,,,,,,,,,,,
bmi_binary,lstm,,80m,5,False,False,0.6002925043696822,0.6316448879306207,0.6743317960598707,0.636415897085393,0.6958574009611156,2,43265,9275,9285,29,0,72.70342233578364,32,160,1353,5.0,3279362,3072,128,True,5,,,,,,,,,,,,,,,,,,,,,,,,,,
bmi_binary,lstm,,80m,6,False,False,0.595179135863056,0.6255139313939446,0.6784875409447283,0.6526547242488303,0.7063909684802823,2,43265,9275,9285,29,0,72.70342233578364,32,160,1353,5.0,3279362,3072,128,True,5,,,,,,,,,,,,,,,,,,,,,,,,,,
bmi_binary,lstm,,80m,7,False,False,0.5870773258904123,0.6240303962314225,0.6878068862370886,0.6531563428862079,0.7067871770010438,2,43265,9275,9285,29,0,72.70342233578364,32,160,1353,5.0,3279362,3072,128,True,5,,,,,,,,,,,,,,,,,,,,,,,,,,
bmi_binary,lstm,,80m,8,False,False,0.5801254346014433,0.6260219311714172,0.6915169471967604,0.653347612311181,0.7159786265689656,2,43265,9275,9285,29,0,72.70342233578364,32,160,1353,5.0,3279362,3072,128,True,5,,,,,,,,,,,,,,,,,,,,,,,,,,
bmi_binary,lstm,,80m,9,False,False,0.5782625902354146,0.6328328948329401,0.6917100392839884,0.6499664881132146,0.7145598418980709,2,43265,9275,9285,29,0,72.70342233578364,32,160,1353,5.0,3279362,3072,128,True,5,,,,,,,,,,,,,,,,,,,,,,,,,,
bmi_binary,lstm,,80m,10,False,False,0.5687988148608484,0.6158098870146307,0.7015940361269889,0.6609681888745834,0.718007380562576,2,43265,9275,9285,29,0,72.70342233578364,32,160,1353,5.0,3279362,3072,128,True,5,,,,,,,,,,,,,,,,,,,,,,,,,,
bmi_binary,lstm,,80m,11,False,False,0.5669178698995024,0.6145005453500465,0.7022676271119448,0.6598656080619267,0.7206331494815591,2,43265,9275,9285,29,0,72.70342233578364,32,160,1353,5.0,3279362,3072,128,True,5,,,,,,,,,,,,,,,,,,,,,,,,,,
bmi_binary,lstm,,80m,12,False,False,0.562528771892884,0.616877552094164,0.706914096716899,0.6565096508935621,0.7181722643438823,2,43265,9275,9285,29,0,72.70342233578364,32,160,1353,5.0,3279362,3072,128,True,5,,,,,,,,,,,,,,,,,,,,,,,,,,
bmi_binary,lstm,,80m,13,False,False,0.55759188002153,0.6122619531739433,0.7148276209407501,0.6648089425079078,0.7257860325634871,2,43265,9275,9285,29,0,72.70342233578364,32,160,1353,5.0,3279362,3072,128,True,5,,,,,,,,,,,,,,,,,,,,,,,,,,
bmi_binary,lstm,,80m,14,False,False,0.5515623597461998,0.617447150409061,0.7147446923264256,0.6594234630892396,0.7211084884417106,2,43265,9275,9285,29,0,72.70342233578364,32,160,1353,5.0,3279362,3072,128,True,5,,,,,,,,,,,,,,,,,,,,,,,,,,
bmi_binary,lstm,,80m,15,False,False,0.5469495588522433,0.6188997136807506,0.7177535959321117,0.6562806309241863,0.7228557955695432,2,43265,9275,9285,29,0,72.70342233578364,32,160,1353,5.0,3279362,3072,128,True,5,,,,,,,,,,,,,,,,,,,,,,,,,,
bmi_binary,lstm,,80m,16,False,False,0.5457671487020038,0.6298504079448566,0.7187526154262014,0.6492228686175088,0.7233647788745305,2,43265,9275,9285,29,0,72.70342233578364,32,160,1353,5.0,3279362,3072,128,True,5,,,,,,,,,,,,,,,,,,,,,,,,,,
bmi_binary,lstm,,80m,17,False,False,0.5394260582284102,0.6134443276847469,0.7253156489508332,0.6651679038248587,0.7268495382512358,2,43265,9275,9285,29,0,72.70342233578364,32,160,1353,5.0,3279362,3072,128,True,5,,,,,,,,,,,,,,,,,,,,,,,,,,
bmi_binary,lstm,,80m,18,False,False,0.539581546496342,0.612057901572667,0.7249860510602597,0.6682076836265954,0.7276377431267518,2,43265,9275,9285,29,0,72.70342233578364,32,160,1353,5.0,3279362,3072,128,True,5,,,,,,,,,,,,,,,,,,,,,,,,,,
bmi_binary,lstm,,80m,19,True,False,0.5367327474024094,0.6143959625262134,0.7275395740600723,0.6711742141263861,0.7299108822235998,2,43265,9275,9285,29,0,72.70342233578364,32,160,1353,5.0,3279362,3072,128,True,5,0.7750606725990986,0.7508649808935227,0.7410632320130571,0.8374433416763463,0.8109756097560976,0.6907543520309478,,,,0.7004851752021564,0.6711742141263861,0.6666483382841528,0.7549520766773163,0.587396351575456,,,,0.7165320409262251,0.6887621835799697,0.68052880889677,0.7518457936945475,0.7614964925954794,0.61602787456446,,,
bmi_binary,lstm,,80m,20,False,False,0.5323403336883528,0.6136949178664832,0.728477372499168,0.6628386290061937,0.7285105622049496,2,43265,9275,9285,29,0,72.70342233578364,32,160,1353,5.0,3279362,3072,128,True,5,,,,,,,,,,,,,,,,,,,,,,,,,,
bmi_binary,lstm,,80m,21,False,False,0.5291774860454628,0.6224719646227649,0.7321241277131261,0.6634915147372826,0.7242719310794271,2,43265,9275,9285,29,0,72.70342233578364,32,160,1353,5.0,3279362,3072,128,True,5,,,,,,,,,,,,,,,,,,,,,,,,,,
bmi_binary,lstm,,80m,22,False,False,0.5242218449465542,0.623904441399073,0.7365164818070891,0.6637513974324332,0.7283857867213455,2,43265,9275,9285,29,0,72.70342233578364,32,160,1353,5.0,3279362,3072,128,True,5,,,,,,,,,,,,,,,,,,,,,,,,,,
bmi_binary,lstm,,80m,23,False,False,0.5214760767040012,0.6164666265040395,0.7381922352602166,0.6662634643608369,0.7274843567042317,2,43265,9275,9285,29,0,72.70342233578364,32,160,1353,5.0,3279362,3072,128,True,5,,,,,,,,,,,,,,,,,,,,,,,,,,
bmi_binary,lstm,,80m,24,False,False,0.5149447573205301,0.6392369836681294,0.7442252983275297,0.6578629747958822,0.7253989901398228,2,43265,9275,9285,29,0,72.70342233578364,32,160,1353,5.0,3279362,3072,128,True,5,,,,,,,,,,,,,,,,,,,,,,,,,,
bmi_binary,lstm,,80m,25,False,False,0.5111851388245638,0.617352024050093,0.7466183575187209,0.6676937463905182,0.7288908227764267,2,43265,9275,9285,29,0,72.70342233578364,32,160,1353,5.0,3279362,3072,128,True,5,,,,,,,,,,,,,,,,,,,,,,,,,,
bmi_binary,lstm,,80m,26,False,False,0.508459396695975,0.6286604307796756,0.7459844776606582,0.6635496638214677,0.7292537843265038,2,43265,9275,9285,29,0,72.70342233578364,32,160,1353,5.0,3279362,3072,128,True,5,,,,,,,,,,,,,,,,,,,,,,,,,,
bmi_binary,lstm,,80m,27,False,False,0.5019329634647376,0.6193789178470396,0.7533152830142971,0.6637055669469478,0.7288888359056687,2,43265,9275,9285,29,0,72.70342233578364,32,160,1353,5.0,3279362,3072,128,True,5,,,,,,,,,,,,,,,,,,,,,,,,,,
bmi_binary,lstm,,80m,28,False,False,0.5005257318106109,0.6270615608223044,0.7547584308845336,0.6637581527930105,0.7282401358489767,2,43265,9275,9285,29,0,72.70342233578364,32,160,1353,5.0,3279362,3072,128,True,5,,,,,,,,,,,,,,,,,,,,,,,,,,
bmi_binary,lstm,,80m,29,False,False,0.4967866641626762,0.622713324663774,0.75495496558029,0.6679786636572198,0.7295971420851017,2,43265,9275,9285,29,0,72.70342233578364,32,160,1353,5.0,3279362,3072,128,True,5,,,,,,,,,,,,,,,,,,,,,,,,,,
bmi_binary,lstm,,120m,1,False,False,0.6563232459120154,0.6556853988614044,0.6064849436878497,0.611230323356593,0.6551937331447131,2,43265,9275,9285,30,0,62.82507328192393,32,240,1353,5.0,3279362,3072,128,True,5,,,,,,,,,,,,,,,,,,,,,,,,,,
bmi_binary,lstm,,120m,2,False,False,0.6327221120972999,0.6573473099878213,0.6380822566681414,0.6099033586063294,0.6764034460286428,2,43265,9275,9285,30,0,62.82507328192393,32,240,1353,5.0,3279362,3072,128,True,5,,,,,,,,,,,,,,,,,,,,,,,,,,
bmi_binary,lstm,,120m,3,False,False,0.6176695767901584,0.6327787235612176,0.6585441591046157,0.637935190925034,0.6926114899411356,2,43265,9275,9285,30,0,62.82507328192393,32,240,1353,5.0,3279362,3072,128,True,5,,,,,,,,,,,,,,,,,,,,,,,,,,
bmi_binary,lstm,,120m,4,False,False,0.6046392717100245,0.6295144219282823,0.6701209184369536,0.6430737685375041,0.7040920795384101,2,43265,9275,9285,30,0,62.82507328192393,32,240,1353,5.0,3279362,3072,128,True,5,,,,,,,,,,,,,,,,,,,,,,,,,,
bmi_binary,lstm,,120m,5,False,False,0.5920324207419924,0.622855577995835,0.6829849966020178,0.6476410545780151,0.7065606472430181,2,43265,9275,9285,30,0,62.82507328192393,32,240,1353,5.0,3279362,3072,128,True,5,,,,,,,,,,,,,,,,,,,,,,,,,,
bmi_binary,lstm,,120m,6,False,False,0.586997195159054,0.6162149203883991,0.6874437994157765,0.6496589205198713,0.7141629975786667,2,43265,9275,9285,30,0,62.82507328192393,32,240,1353,5.0,3279362,3072,128,True,5,,,,,,,,,,,,,,,,,,,,,,,,,,
bmi_binary,lstm,,120m,7,False,False,0.5786520720768096,0.6122308773364661,0.6929744902708058,0.6640818802685189,0.7247489125194051,2,43265,9275,9285,30,0,62.82507328192393,32,240,1353,5.0,3279362,3072,128,True,5,,,,,,,,,,,,,,,,,,,,,,,,,,
bmi_binary,lstm,,120m,8,False,False,0.5730392736733119,0.6115346731908238,0.6977647780346276,0.6615159029135473,0.7236942550294323,2,43265,9275,9285,30,0,62.82507328192393,32,240,1353,5.0,3279362,3072,128,True,5,,,,,,,,,,,,,,,,,,,,,,,,,,
bmi_binary,lstm,,120m,9,False,False,0.5682297890963037,0.608105092543476,0.7025035733001483,0.6649097430843651,0.7266302671943796,2,43265,9275,9285,30,0,62.82507328192393,32,240,1353,5.0,3279362,3072,128,True,5,,,,,,,,,,,,,,,,,,,,,,,,,,
bmi_binary,lstm,,120m,10,False,False,0.5641750237362572,0.6112194907697385,0.7073674245080577,0.6636574846746035,0.7234756462628286,2,43265,9275,9285,30,0,62.82507328192393,32,240,1353,5.0,3279362,3072,128,True,5,,,,,,,,,,,,,,,,,,,,,,,,,,
bmi_binary,lstm,,120m,11,False,False,0.5559811369898581,0.6053828087971217,0.715203910803288,0.6655009033639047,0.7335381929542915,2,43265,9275,9285,30,0,62.82507328192393,32,240,1353,5.0,3279362,3072,128,True,5,,,,,,,,,,,,,,,,,,,,,,,,,,
bmi_binary,lstm,,120m,12,False,False,0.5528018707762312,0.6069477353712941,0.7159510652323315,0.6697704237068121,0.7341047160364312,2,43265,9275,9285,30,0,62.82507328192393,32,240,1353,5.0,3279362,3072,128,True,5,,,,,,,,,,,,,,,,,,,,,,,,,,
bmi_binary,lstm,,120m,13,False,False,0.545185403033831,0.6029855440826107,0.7224826626409397,0.6709862561526765,0.7358782498582699,2,43265,9275,9285,30,0,62.82507328192393,32,240,1353,5.0,3279362,3072,128,True,5,,,,,,,,,,,,,,,,,,,,,,,,,,
bmi_binary,lstm,,120m,14,False,False,0.5389080255772494,0.61574029664145,0.7279767534671531,0.6696505491710776,0.7324338107121474,2,43265,9275,9285,30,0,62.82507328192393,32,240,1353,5.0,3279362,3072,128,True,5,,,,,,,,,,,,,,,,,,,,,,,,,,
bmi_binary,lstm,,120m,15,False,False,0.5368391770665858,0.609021630434977,0.7286213882892658,0.6607627464382031,0.7325676993096286,2,43265,9275,9285,30,0,62.82507328192393,32,240,1353,5.0,3279362,3072,128,True,5,,,,,,,,,,,,,,,,,,,,,,,,,,
bmi_binary,lstm,,120m,16,False,False,0.530514954609305,0.6071322510248889,0.7331455815394581,0.6728949766608915,0.7377088995914993,2,43265,9275,9285,30,0,62.82507328192393,32,240,1353,5.0,3279362,3072,128,True,5,,,,,,,,,,,,,,,,,,,,,,,,,,
bmi_binary,lstm,,120m,17,False,False,0.523530099512965,0.6090903967859932,0.7399837113615007,0.6721414228113956,0.7388391906283279,2,43265,9275,9285,30,0,62.82507328192393,32,240,1353,5.0,3279362,3072,128,True,5,,,,,,,,,,,,,,,,,,,,,,,,,,
bmi_binary,lstm,,120m,18,False,False,0.5197309380502463,0.6187423874297232,0.7417090702534397,0.6663878424702896,0.73540328178066,2,43265,9275,9285,30,0,62.82507328192393,32,240,1353,5.0,3279362,3072,128,True,5,,,,,,,,,,,,,,,,,,,,,,,,,,
bmi_binary,lstm,,120m,19,False,False,0.5130688653937464,0.6251669354194579,0.7472963155163467,0.6651822092943165,0.734767695070971,2,43265,9275,9285,30,0,62.82507328192393,32,240,1353,5.0,3279362,3072,128,True,5,,,,,,,,,,,,,,,,,,,,,,,,,,
bmi_binary,lstm,,120m,20,True,False,0.5080679462666176,0.622468258119979,0.7478058024529224,0.6699285786191513,0.7403611071373697,2,43265,9275,9285,30,0,62.82507328192393,32,240,1353,5.0,3279362,3072,128,True,5,0.800947648214492,0.7672352092149706,0.7646802831934418,0.8609839370436152,0.8509887936717205,0.6834816247582205,,,,0.7164420485175202,0.6699285786191513,0.6722129341437613,0.8028753993610224,0.5369817578772803,,,,0.7274098007539042,0.6831560394437036,0.6823215303405448,0.7558890992094421,0.7990646921278254,0.5672473867595819,,,
bmi_binary,lstm,,120m,21,False,False,0.5036552871856527,0.6117495654663949,0.7493720873300531,0.6695803464042938,0.7344092370946121,2,43265,9275,9285,30,0,62.82507328192393,32,240,1353,5.0,3279362,3072,128,True,5,,,,,,,,,,,,,,,,,,,,,,,,,,
bmi_binary,lstm,,120m,22,False,False,0.4959017248008618,0.6266283643920466,0.7584041596911342,0.6718239208642622,0.7375306110554787,2,43265,9275,9285,30,0,62.82507328192393,32,240,1353,5.0,3279362,3072,128,True,5,,,,,,,,,,,,,,,,,,,,,,,,,,
bmi_binary,lstm,,120m,23,False,False,0.492683322124091,0.6140664769568533,0.7602360418162183,0.6704011889434616,0.7387477945734586,2,43265,9275,9285,30,0,62.82507328192393,32,240,1353,5.0,3279362,3072,128,True,5,,,,,,,,,,,,,,,,,,,,,,,,,,
bmi_binary,lstm,,120m,24,False,False,0.4882626198963197,0.6206872506025988,0.7617326011202503,0.668275104774318,0.7362001229210708,2,43265,9275,9285,30,0,62.82507328192393,32,240,1353,5.0,3279362,3072,128,True,5,,,,,,,,,,,,,,,,,,,,,,,,,,
bmi_binary,lstm,,120m,25,False,False,0.4833583225948912,0.6463783686694431,0.7657668984264729,0.6638710070520666,0.7377722675228755,2,43265,9275,9285,30,0,62.82507328192393,32,240,1353,5.0,3279362,3072,128,True,5,,,,,,,,,,,,,,,,,,,,,,,,,,
bmi_binary,lstm,,120m,26,False,False,0.4786889978892318,0.6310785101880282,0.7697359710514874,0.6676928191841643,0.7370994336093759,2,43265,9275,9285,30,0,62.82507328192393,32,240,1353,5.0,3279362,3072,128,True,5,,,,,,,,,,,,,,,,,,,,,,,,,,
bmi_binary,lstm,,120m,27,False,False,0.4771869786589129,0.6147878590876844,0.7713270745860263,0.6700602419213835,0.7378051436110183,2,43265,9275,9285,30,0,62.82507328192393,32,240,1353,5.0,3279362,3072,128,True,5,,,,,,,,,,,,,,,,,,,,,,,,,,
bmi_binary,lstm,,120m,28,False,False,0.4741995178783861,0.6236599771674431,0.7749694946633192,0.6694604718685593,0.736385670158261,2,43265,9275,9285,30,0,62.82507328192393,32,240,1353,5.0,3279362,3072,128,True,5,,,,,,,,,,,,,,,,,,,,,,,,,,
bmi_binary,lstm,,120m,29,False,False,0.4674662613640021,0.6173603669780927,0.7788219839880453,0.6718255103608687,0.7371757029548742,2,43265,9275,9285,30,0,62.82507328192393,32,240,1353,5.0,3279362,3072,128,True,5,,,,,,,,,,,,,,,,,,,,,,,,,,
bmi_binary,lstm,,120m,30,False,False,0.4631136376720267,0.6211578460845022,0.781376896781671,0.6723805095926121,0.7364188641457251,2,43265,9275,9285,30,0,62.82507328192393,32,240,1353,5.0,3279362,3072,128,True,5,,,,,,,,,,,,,,,,,,,,,,,,,,
bmi_binary,lstm,,240m,1,False,False,0.6586689195535167,0.6519923595983705,0.6023264275702078,0.616245185149863,0.6578400330615295,2,43261,9275,9285,28,0,103.96809278329214,32,480,1352,4.999537732578297,3279362,3072,128,True,5,,,,,,,,,,,,,,,,,,,,,,,,,,
bmi_binary,lstm,,240m,2,False,False,0.6315430834045859,0.6430505634510935,0.6364170089325792,0.6138527278410927,0.6794306158239685,2,43261,9275,9285,28,0,103.96809278329214,32,480,1352,4.999537732578297,3279362,3072,128,True,5,,,,,,,,,,,,,,,,,,,,,,,,,,
bmi_binary,lstm,,240m,3,False,False,0.6134032121372549,0.6289530041018586,0.6585276189718352,0.6397285404712327,0.698951250139081,2,43261,9275,9285,28,0,103.96809278329214,32,480,1352,4.999537732578297,3279362,3072,128,True,5,,,,,,,,,,,,,,,,,,,,,,,,,,
bmi_binary,lstm,,240m,4,False,False,0.599758493448659,0.6252309012348761,0.67579250116299,0.6521893991172996,0.7115147107910925,2,43261,9275,9285,28,0,103.96809278329214,32,480,1352,4.999537732578297,3279362,3072,128,True,5,,,,,,,,,,,,,,,,,,,,,,,,,,
bmi_binary,lstm,,240m,5,False,False,0.5855152859947326,0.6257432976244595,0.6895292007402329,0.6541990526600225,0.7147141820185547,2,43261,9275,9285,28,0,103.96809278329214,32,480,1352,4.999537732578297,3279362,3072,128,True,5,,,,,,,,,,,,,,,,,,,,,,,,,,
bmi_binary,lstm,,240m,6,False,False,0.5754749708592193,0.6122844070951251,0.6968252630499718,0.6593094167077287,0.7240911258404465,2,43261,9275,9285,28,0,103.96809278329214,32,480,1352,4.999537732578297,3279362,3072,128,True,5,,,,,,,,,,,,,,,,,,,,,,,,,,
bmi_binary,lstm,,240m,7,False,False,0.5672123136884895,0.613640264924967,0.7033621874719455,0.6600330350378035,0.7246217792825013,2,43261,9275,9285,28,0,103.96809278329214,32,480,1352,4.999537732578297,3279362,3072,128,True,5,,,,,,,,,,,,,,,,,,,,,,,,,,
bmi_binary,lstm,,240m,8,False,False,0.5621179201707592,0.6149245798812722,0.7113553679129023,0.6681634426377167,0.7252438817626456,2,43261,9275,9285,28,0,103.96809278329214,32,480,1352,4.999537732578297,3279362,3072,128,True,5,,,,,,,,,,,,,,,,,,,,,,,,,,
bmi_binary,lstm,,240m,9,False,False,0.555341309044332,0.6184008115771004,0.7143534617315084,0.663417338228983,0.7209791828927778,2,43261,9275,9285,28,0,103.96809278329214,32,480,1352,4.999537732578297,3279362,3072,128,True,5,,,,,,,,,,,,,,,,,,,,,,,,,,
bmi_binary,lstm,,240m,10,False,False,0.5512316028695009,0.607721573316826,0.7218810661659689,0.6724776013436544,0.7346339919147605,2,43261,9275,9285,28,0,103.96809278329214,32,480,1352,4.999537732578297,3279362,3072,128,True,5,,,,,,,,,,,,,,,,,,,,,,,,,,
bmi_binary,lstm,,240m,11,False,False,0.5453604310458181,0.6175835709751777,0.7226736782720826,0.671312235415044,0.7301099401819444,2,43261,9275,9285,28,0,103.96809278329214,32,480,1352,4.999537732578297,3279362,3072,128,True,5,,,,,,,,,,,,,,,,,,,,,,,,,,
bmi_binary,lstm,,240m,12,False,False,0.538624148084349,0.6088042030437295,0.7296410620138907,0.669266685740626,0.7378524841182796,2,43261,9275,9285,28,0,103.96809278329214,32,480,1352,4.999537732578297,3279362,3072,128,True,5,,,,,,,,,,,,,,,,,,,,,,,,,,
bmi_binary,lstm,,240m,13,False,False,0.5312923623778911,0.6097448145025824,0.7350106479894556,0.6637621265345266,0.733613826501147,2,43261,9275,9285,28,0,103.96809278329214,32,480,1352,4.999537732578297,3279362,3072,128,True,5,,,,,,,,,,,,,,,,,,,,,,,,,,
bmi_binary,lstm,,240m,14,False,False,0.5248784213105672,0.6231917294144952,0.7382729649715578,0.6670152962556759,0.735411414704963,2,43261,9275,9285,28,0,103.96809278329214,32,480,1352,4.999537732578297,3279362,3072,128,True,5,,,,,,,,,,,,,,,,,,,,,,,,,,
bmi_binary,lstm,,240m,15,False,False,0.5174276640800642,0.6081954500167518,0.7447696183148479,0.6722167914421503,0.7374585008927672,2,43261,9275,9285,28,0,103.96809278329214,32,480,1352,4.999537732578297,3279362,3072,128,True,5,,,,,,,,,,,,,,,,,,,,,,,,,,
bmi_binary,lstm,,240m,16,False,False,0.5116389866402773,0.6162178714384609,0.7487044151282554,0.6674594280991211,0.7369046143086485,2,43261,9275,9285,28,0,103.96809278329214,32,480,1352,4.999537732578297,3279362,3072,128,True,5,,,,,,,,,,,,,,,,,,,,,,,,,,
bmi_binary,lstm,,240m,17,False,False,0.5020705984601344,0.6142869053375367,0.7551040455218765,0.6755279777894341,0.7416429566756209,2,43261,9275,9285,28,0,103.96809278329214,32,480,1352,4.999537732578297,3279362,3072,128,True,5,,,,,,,,,,,,,,,,,,,,,,,,,,
bmi_binary,lstm,,240m,18,True,False,0.4946185734105511,0.6267416526365152,0.7612685657579021,0.6734531548858477,0.7440898542431612,2,43261,9275,9285,28,0,103.96809278329214,32,480,1352,4.999537732578297,3279362,3072,128,True,5,0.8090890178220568,0.7805258487276482,0.7758457360760895,0.872488299963682,0.8514965717299579,0.7095551257253385,,,,0.7164420485175202,0.6734531548858477,0.6746265172735761,0.7963258785942492,0.5505804311774462,,,,0.7270866989768444,0.6839812232327869,0.6826925162107642,0.7600237900608602,0.7968823070927513,0.5710801393728223,,,
bmi_binary,lstm,,240m,19,False,False,0.4907384441868364,0.6145223095282069,0.7629419770013629,0.6750933829256274,0.7414388653113559,2,43261,9275,9285,28,0,103.96809278329214,32,480,1352,4.999537732578297,3279362,3072,128,True,5,,,,,,,,,,,,,,,,,,,,,,,,,,
bmi_binary,lstm,,240m,20,False,False,0.4822281706650328,0.6187911149626473,0.7688674224571326,0.6732787076332925,0.743105876368954,2,43261,9275,9285,28,0,103.96809278329214,32,480,1352,4.999537732578297,3279362,3072,128,True,5,,,,,,,,,,,,,,,,,,,,,,,,,,
bmi_binary,lstm,,240m,21,False,False,0.4790073079273502,0.6309318510862695,0.7697093672722376,0.667745669946328,0.736201632942847,2,43261,9275,9285,28,0,103.96809278329214,32,480,1352,4.999537732578297,3279362,3072,128,True,5,,,,,,,,,,,,,,,,,,,,,,,,,,
bmi_binary,lstm,,240m,22,False,False,0.4730385820229807,0.638140210668353,0.7741481978245965,0.6710001642479826,0.7413235738241699,2,43261,9275,9285,28,0,103.96809278329214,32,480,1352,4.999537732578297,3279362,3072,128,True,5,,,,,,,,,,,,,,,,,,,,,,,,,,
bmi_binary,lstm,,240m,23,False,False,0.4681581464836323,0.6253114367945175,0.7774282427527361,0.6677966662957842,0.7364362691335654,2,43261,9275,9285,28,0,103.96809278329214,32,480,1352,4.999537732578297,3279362,3072,128,True,5,,,,,,,,,,,,,,,,,,,,,,,,,,
bmi_binary,lstm,,240m,24,False,False,0.4611567375327123,0.6470535817364798,0.7807364940136621,0.6643902426101653,0.7379459200271274,2,43261,9275,9285,28,0,103.96809278329214,32,480,1352,4.999537732578297,3279362,3072,128,True,5,,,,,,,,,,,,,,,,,,,,,,,,,,
bmi_binary,lstm,,240m,25,False,False,0.4571008746938295,0.632777481393994,0.782989892953913,0.6644641542023642,0.7372810335966599,2,43261,9275,9285,28,0,103.96809278329214,32,480,1352,4.999537732578297,3279362,3072,128,True,5,,,,,,,,,,,,,,,,,,,,,,,,,,
bmi_binary,lstm,,240m,26,False,False,0.448118047681745,0.63865620542408,0.7917550118237315,0.6680387996121628,0.7378269991893568,2,43261,9275,9285,28,0,103.96809278329214,32,480,1352,4.999537732578297,3279362,3072,128,True,5,,,,,,,,,,,,,,,,,,,,,,,,,,
bmi_binary,lstm,,240m,27,False,False,0.44330434766706,0.6461665122656809,0.7932962834308612,0.6664250631824902,0.7410726188016256,2,43261,9275,9285,28,0,103.96809278329214,32,480,1352,4.999537732578297,3279362,3072,128,True,5,,,,,,,,,,,,,,,,,,,,,,,,,,
bmi_binary,lstm,,240m,28,False,False,0.4399304652533147,0.6390798066311448,0.7949892920757535,0.6685147213877365,0.7378257540836817,2,43261,9275,9285,28,0,103.96809278329214,32,480,1352,4.999537732578297,3279362,3072,128,True,5,,,,,,,,,,,,,,,,,,,,,,,,,,
bmi_binary,transformer,,30s,1,False,False,0.6841642574865556,0.6741372362751202,0.5726974559122977,0.5846599007094453,0.6251697847291763,2,43265,9275,9285,36,0,20.53239948749542,32,1,1353,5.0,592002,3072,128,True,5,,,,,,,,,,,,,,,,,,,,,,,,,,
bmi_binary,transformer,,30s,2,False,False,0.6574887728520271,0.6643383418774669,0.6054975716859474,0.5952801222852723,0.6378880093674333,2,43265,9275,9285,36,0,20.53239948749542,32,1,1353,5.0,592002,3072,128,True,5,,,,,,,,,,,,,,,,,,,,,,,,,,
bmi_binary,transformer,,30s,3,False,False,0.6495982809175883,0.6717672921126744,0.6168834575009977,0.5823025447840668,0.6360302057338441,2,43265,9275,9285,36,0,20.53239948749542,32,1,1353,5.0,592002,3072,128,True,5,,,,,,,,,,,,,,,,,,,,,,,,,,
bmi_binary,transformer,,30s,4,False,False,0.6436728550687106,0.6672970198685269,0.6223496504477304,0.5940623029686498,0.6430443893418953,2,43265,9275,9285,36,0,20.53239948749542,32,1,1353,5.0,592002,3072,128,True,5,,,,,,,,,,,,,,,,,,,,,,,,,,
bmi_binary,transformer,,30s,5,False,False,0.6394321130188052,0.6671128320244123,0.6300202476383068,0.5955471577151517,0.6493034031122342,2,43265,9275,9285,36,0,20.53239948749542,32,1,1353,5.0,592002,3072,128,True,5,,,,,,,,,,,,,,,,,,,,,,,,,,
bmi_binary,transformer,,30s,6,False,False,0.6373931016916349,0.658493274106491,0.6313967810335221,0.6008509105166393,0.645956188175205,2,43265,9275,9285,36,0,20.53239948749542,32,1,1353,5.0,592002,3072,128,True,5,,,,,,,,,,,,,,,,,,,,,,,,,,
bmi_binary,transformer,,30s,7,False,False,0.6335568257939344,0.6583465823458854,0.633970092657171,0.6078529079840413,0.6443700030200435,2,43265,9275,9285,36,0,20.53239948749542,32,1,1353,5.0,592002,3072,128,True,5,,,,,,,,,,,,,,,,,,,,,,,,,,
bmi_binary,transformer,,30s,8,False,False,0.6316567784483744,0.6571115561636953,0.638059886087909,0.6051193711951426,0.6524190283937077,2,43265,9275,9285,36,0,20.53239948749542,32,1,1353,5.0,592002,3072,128,True,5,,,,,,,,,,,,,,,,,,,,,,,,,,
bmi_binary,transformer,,30s,9,False,False,0.6318522599271635,0.6691547364301759,0.6391581483356263,0.5972828880093675,0.6499923704162891,2,43265,9275,9285,36,0,20.53239948749542,32,1,1353,5.0,592002,3072,128,True,5,,,,,,,,,,,,,,,,,,,,,,,,,,
bmi_binary,transformer,,30s,10,False,False,0.6298263252008778,0.6654853040253056,0.6389212076160702,0.6037292239547736,0.6447454421184812,2,43265,9275,9285,36,0,20.53239948749542,32,1,1353,5.0,592002,3072,128,True,5,,,,,,,,,,,,,,,,,,,,,,,,,,
bmi_binary,transformer,,30s,11,False,False,0.6271211980712575,0.6660748112426614,0.6439467466711888,0.5993496309718712,0.6456986102501339,2,43265,9275,9285,36,0,20.53239948749542,32,1,1353,5.0,592002,3072,128,True,5,,,,,,,,,,,,,,,,,,,,,,,,,,
bmi_binary,transformer,,30s,12,False,False,0.6266469380365939,0.6571870985699471,0.6453799683535024,0.6048932653028786,0.6506717477574853,2,43265,9275,9285,36,0,20.53239948749542,32,1,1353,5.0,592002,3072,128,True,5,,,,,,,,,,,,,,,,,,,,,,,,,,
bmi_binary,transformer,,30s,13,False,False,0.6243461794347883,0.664658391552794,0.6441776309498157,0.6040587795845056,0.6461408611892614,2,43265,9275,9285,36,0,20.53239948749542,32,1,1353,5.0,592002,3072,128,True,5,,,,,,,,,,,,,,,,,,,,,,,,,,
bmi_binary,transformer,,30s,14,False,False,0.6226876145154909,0.6607984551972135,0.6472522883783911,0.6042697852590084,0.6479394295826512,2,43265,9275,9285,36,0,20.53239948749542,32,1,1353,5.0,592002,3072,128,True,5,,,,,,,,,,,,,,,,,,,,,,,,,,
bmi_binary,transformer,,30s,15,False,False,0.6221880072130023,0.6577849956278531,0.6472753857315352,0.6065313740138498,0.6532167702488622,2,43265,9275,9285,36,0,20.53239948749542,32,1,1353,5.0,592002,3072,128,True,5,,,,,,,,,,,,,,,,,,,,,,,,,,
bmi_binary,transformer,,30s,16,False,False,0.6209605931106033,0.6592576563518966,0.6490859236837441,0.6082558453737701,0.6539416601762222,2,43265,9275,9285,36,0,20.53239948749542,32,1,1353,5.0,592002,3072,128,True,5,,,,,,,,,,,,,,,,,,,,,,,,,,
bmi_binary,transformer,,30s,17,False,False,0.6193179597196642,0.6572707096778478,0.6485361646025891,0.6030934253122036,0.6541938073212212,2,43265,9275,9285,36,0,20.53239948749542,32,1,1353,5.0,592002,3072,128,True,5,,,,,,,,,,,,,,,,,,,,,,,,,,
bmi_binary,transformer,,30s,18,False,False,0.6178293050844023,0.6625289705435864,0.6503625194284249,0.6030377929309787,0.6495060904211636,2,43265,9275,9285,36,0,20.53239948749542,32,1,1353,5.0,592002,3072,128,True,5,,,,,,,,,,,,,,,,,,,,,,,,,,
bmi_binary,transformer,,30s,19,False,False,0.61646567588457,0.6601240180252055,0.6512397598334287,0.6094898245725578,0.653515357186379,2,43265,9275,9285,36,0,20.53239948749542,32,1,1353,5.0,592002,3072,128,True,5,,,,,,,,,,,,,,,,,,,,,,,,,,
bmi_binary,transformer,,30s,20,False,False,0.614652229876349,0.6601565496940819,0.6519044829138239,0.6031665421560992,0.6531658533742364,2,43265,9275,9285,36,0,20.53239948749542,32,1,1353,5.0,592002,3072,128,True,5,,,,,,,,,,,,,,,,,,,,,,,,,,
bmi_binary,transformer,,30s,21,False,False,0.613603257901487,0.6591012133678015,0.6535492273893935,0.6100331674958541,0.6557556996699145,2,43265,9275,9285,36,0,20.53239948749542,32,1,1353,5.0,592002,3072,128,True,5,,,,,,,,,,,,,,,,,,,,,,,,,,
bmi_binary,transformer,,30s,22,False,False,0.612148082738844,0.6679245689422937,0.6550950606217861,0.6123811188996444,0.6536047928621006,2,43265,9275,9285,36,0,20.53239948749542,32,1,1353,5.0,592002,3072,128,True,5,,,,,,,,,,,,,,,,,,,,,,,,,,
bmi_binary,transformer,,30s,23,False,False,0.6106051476886476,0.6677315398432174,0.6547531203421189,0.6053363374819194,0.6544761813933528,2,43265,9275,9285,36,0,20.53239948749542,32,1,1353,5.0,592002,3072,128,True,5,,,,,,,,,,,,,,,,,,,,,,,,,,
bmi_binary,transformer,,30s,24,False,False,0.6091724220030875,0.6608833088900522,0.6578388642451953,0.6120449403673857,0.6562559407435664,2,43265,9275,9285,36,0,20.53239948749542,32,1,1353,5.0,592002,3072,128,True,5,,,,,,,,,,,,,,,,,,,,,,,,,,
bmi_binary,transformer,,30s,25,False,False,0.606917376075606,0.6622524416800136,0.6550460863278715,0.6117429360121649,0.655285288149243,2,43265,9275,9285,36,0,20.53239948749542,32,1,1353,5.0,592002,3072,128,True,5,,,,,,,,,,,,,,,,,,,,,,,,,,
bmi_binary,transformer,,30s,26,True,False,0.6054308853479502,0.6609795541840422,0.6582909361217613,0.6116605471047319,0.6573401363788087,2,43265,9275,9285,36,0,20.53239948749542,32,1,1353,5.0,592002,3072,128,True,5,0.6681613313301745,0.663831718919939,0.6403758564605597,0.7399574085573049,0.6745880026367831,0.6530754352030947,,,,0.6279245283018868,0.6116605471047319,0.6008405512261978,0.65814696485623,0.5651741293532339,,,,0.6327409800753904,0.6261975824301167,0.6069369660067765,0.6740120742706146,0.6433359314107561,0.6090592334494773,,,
bmi_binary,transformer,,30s,27,False,False,0.6035123486222937,0.6647037622035353,0.6597880245674745,0.6108522880803648,0.6540366590900661,2,43265,9275,9285,36,0,20.53239948749542,32,1,1353,5.0,592002,3072,128,True,5,,,,,,,,,,,,,,,,,,,,,,,,,,
bmi_binary,transformer,,30s,28,False,False,0.6021350968673466,0.6736709517738568,0.6605375951976886,0.6120649415330165,0.6546887235812417,2,43265,9275,9285,36,0,20.53239948749542,32,1,1353,5.0,592002,3072,128,True,5,,,,,,,,,,,,,,,,,,,,,,,,,,
bmi_binary,transformer,,30s,29,False,False,0.5998657343429761,0.6652269635688906,0.661231472072157,0.60848592500755,0.6537178590540376,2,43265,9275,9285,36,0,20.53239948749542,32,1,1353,5.0,592002,3072,128,True,5,,,,,,,,,,,,,,,,,,,,,,,,,,
bmi_binary,transformer,,30s,30,False,False,0.5989871263200942,0.6644254137177994,0.6645351267198698,0.6120951419685385,0.6552480409454325,2,43265,9275,9285,36,0,20.53239948749542,32,1,1353,5.0,592002,3072,128,True,5,,,,,,,,,,,,,,,,,,,,,,,,,,
bmi_binary,transformer,,30s,31,False,False,0.5969171545446422,0.6648664357655775,0.6651683116810257,0.6118953952283313,0.6559780172619332,2,43265,9275,9285,36,0,20.53239948749542,32,1,1353,5.0,592002,3072,128,True,5,,,,,,,,,,,,,,,,,,,,,,,,,,
bmi_binary,transformer,,30s,32,False,False,0.5960405872141737,0.6654918880475499,0.6670870941706437,0.6114296727226487,0.655113569532529,2,43265,9275,9285,36,0,20.53239948749542,32,1,1353,5.0,592002,3072,128,True,5,,,,,,,,,,,,,,,,,,,,,,,,,,
bmi_binary,transformer,,30s,33,False,False,0.5950023028859648,0.6650537280123832,0.6671556275811595,0.6114548397522505,0.6551833219419411,2,43265,9275,9285,36,0,20.53239948749542,32,1,1353,5.0,592002,3072,128,True,5,,,,,,,,,,,,,,,,,,,,,,,,,,
bmi_binary,transformer,,30s,34,False,False,0.5927824371866645,0.6684155859780119,0.6678689296930085,0.6141236045544376,0.6557586137470264,2,43265,9275,9285,36,0,20.53239948749542,32,1,1353,5.0,592002,3072,128,True,5,,,,,,,,,,,,,,,,,,,,,,,,,,
bmi_binary,transformer,,30s,35,False,False,0.5912492785211465,0.666992922979545,0.6686939827028047,0.6132301750035763,0.6556485411070314,2,43265,9275,9285,36,0,20.53239948749542,32,1,1353,5.0,592002,3072,128,True,5,,,,,,,,,,,,,,,,,,,,,,,,,,
bmi_binary,transformer,,30s,36,False,False,0.590705707868675,0.6665317137864722,0.6687168824247185,0.6113606620783198,0.656331786223303,2,43265,9275,9285,36,0,20.53239948749542,32,1,1353,5.0,592002,3072,128,True,5,,,,,,,,,,,,,,,,,,,,,,,,,,
bmi_binary,transformer,,10m,1,False,False,0.6700240185312297,0.6637297956705736,0.5972628202104071,0.6001237158192001,0.6591132728264958,2,43265,9275,9285,33,0,22.30279414256414,32,20,1353,5.0,592002,3072,128,True,5,,,,,,,,,,,,,,,,,,,,,,,,,,
bmi_binary,transformer,,10m,2,False,False,0.6376050592281634,0.6446353423306241,0.6326934969124902,0.6232285060321396,0.671597205664966,2,43265,9275,9285,33,0,22.30279414256414,32,20,1353,5.0,592002,3072,128,True,5,,,,,,,,,,,,,,,,,,,,,,,,,,
bmi_binary,transformer,,10m,3,False,False,0.626415681027545,0.6417897836602923,0.6436158609900178,0.6266648652371793,0.676744446033941,2,43265,9275,9285,33,0,22.30279414256414,32,20,1353,5.0,592002,3072,128,True,5,,,,,,,,,,,,,,,,,,,,,,,,,,
bmi_binary,transformer,,10m,4,False,False,0.6193525766232489,0.6485911315342165,0.6521087953547735,0.6204205278188398,0.677171702721748,2,43265,9275,9285,33,0,22.30279414256414,32,20,1353,5.0,592002,3072,128,True,5,,,,,,,,,,,,,,,,,,,,,,,,,,
bmi_binary,transformer,,10m,5,False,False,0.6134249859692168,0.6427964933220588,0.6562877714719957,0.6274503414768542,0.6795562920223166,2,43265,9275,9285,33,0,22.30279414256414,32,20,1353,5.0,592002,3072,128,True,5,,,,,,,,,,,,,,,,,,,,,,,,,,
bmi_binary,transformer,,10m,6,False,False,0.6091365115857188,0.6441797959965194,0.6610185594850877,0.624333736005807,0.6795805848287847,2,43265,9275,9285,33,0,22.30279414256414,32,20,1353,5.0,592002,3072,128,True,5,,,,,,,,,,,,,,,,,,,,,,,,,,
bmi_binary,transformer,,10m,7,False,False,0.605581423486986,0.6414464536702857,0.6658817157960905,0.6255964586015609,0.6805156062075141,2,43265,9275,9285,33,0,22.30279414256414,32,20,1353,5.0,592002,3072,128,True,5,,,,,,,,,,,,,,,,,,,,,,,,,,
bmi_binary,transformer,,10m,8,False,False,0.6054731739141839,0.6504897798617895,0.6668873527487954,0.6225403864596082,0.6893141587059378,2,43265,9275,9285,33,0,22.30279414256414,32,20,1353,5.0,592002,3072,128,True,5,,,,,,,,,,,,,,,,,,,,,,,,,,
bmi_binary,transformer,,10m,9,False,False,0.6016225588317553,0.6431360663300897,0.6674195736520594,0.6349395196541255,0.6920376286829961,2,43265,9275,9285,33,0,22.30279414256414,32,20,1353,5.0,592002,3072,128,True,5,,,,,,,,,,,,,,,,,,,,,,,,,,
bmi_binary,transformer,,10m,10,False,False,0.6011523715226096,0.6517136917474134,0.6696268531115444,0.6244933479567021,0.6824502355104138,2,43265,9275,9285,33,0,22.30279414256414,32,20,1353,5.0,592002,3072,128,True,5,,,,,,,,,,,,,,,,,,,,,,,,,,
bmi_binary,transformer,,10m,11,False,False,0.597113871323667,0.6356399904171411,0.6736297461777483,0.6349123657537658,0.691968326630956,2,43265,9275,9285,33,0,22.30279414256414,32,20,1353,5.0,592002,3072,128,True,5,,,,,,,,,,,,,,,,,,,,,,,,,,
bmi_binary,transformer,,10m,12,False,False,0.5970099656458302,0.6402269791400015,0.6729334212261042,0.636465833770445,0.6896395551528831,2,43265,9275,9285,33,0,22.30279414256414,32,20,1353,5.0,592002,3072,128,True,5,,,,,,,,,,,,,,,,,,,,,,,,,,
bmi_binary,transformer,,10m,13,False,False,0.5945207304366542,0.6387148764062763,0.6783615924742028,0.6284021850280016,0.6862943800698319,2,43265,9275,9285,33,0,22.30279414256414,32,20,1353,5.0,592002,3072,128,True,5,,,,,,,,,,,,,,,,,,,,,,,,,,
bmi_binary,transformer,,10m,14,False,False,0.5937198023100085,0.6428136507520136,0.6740524985050154,0.6318189404415622,0.6902252051775204,2,43265,9275,9285,33,0,22.30279414256414,32,20,1353,5.0,592002,3072,128,True,5,,,,,,,,,,,,,,,,,,,,,,,,,,
bmi_binary,transformer,,10m,15,False,False,0.5910963805579015,0.6446976846633253,0.6801070715004292,0.628468811427421,0.683671949093722,2,43265,9275,9285,33,0,22.30279414256414,32,20,1353,5.0,592002,3072,128,True,5,,,,,,,,,,,,,,,,,,,,,,,,,,
bmi_binary,transformer,,10m,16,False,False,0.5906002756971493,0.6626196864994388,0.6799410485165545,0.6221145338271369,0.6910158737727761,2,43265,9275,9285,33,0,22.30279414256414,32,20,1353,5.0,592002,3072,128,True,5,,,,,,,,,,,,,,,,,,,,,,,,,,
bmi_binary,transformer,,10m,17,False,False,0.5891261708980267,0.6524725010774206,0.6834205885840551,0.6280375280148777,0.6893426106951929,2,43265,9275,9285,33,0,22.30279414256414,32,20,1353,5.0,592002,3072,128,True,5,,,,,,,,,,,,,,,,,,,,,,,,,,
bmi_binary,transformer,,10m,18,False,False,0.5868314489262456,0.6402952993076767,0.6793502203906978,0.6368285039128108,0.6914207185584326,2,43265,9275,9285,33,0,22.30279414256414,32,20,1353,5.0,592002,3072,128,True,5,,,,,,,,,,,,,,,,,,,,,,,,,,
bmi_binary,transformer,,10m,19,False,False,0.5863624362315688,0.6396358258961988,0.6825403709601945,0.6361002495509671,0.6931015052532863,2,43265,9275,9285,33,0,22.30279414256414,32,20,1353,5.0,592002,3072,128,True,5,,,,,,,,,,,,,,,,,,,,,,,,,,
bmi_binary,transformer,,10m,20,False,False,0.58492393000173,0.6394712496189415,0.6867122642291299,0.6385708571095534,0.6939200695139849,2,43265,9275,9285,33,0,22.30279414256414,32,20,1353,5.0,592002,3072,128,True,5,,,,,,,,,,,,,,,,,,,,,,,,,,
bmi_binary,transformer,,10m,21,False,False,0.5833462989428105,0.6408109951276342,0.6842139058433817,0.6307762306677476,0.6885437826840239,2,43265,9275,9285,33,0,22.30279414256414,32,20,1353,5.0,592002,3072,128,True,5,,,,,,,,,,,,,,,,,,,,,,,,,,
bmi_binary,transformer,,10m,22,False,False,0.5824676941722498,0.6402575009081242,0.6857029870366663,0.6327192578110512,0.691727094029321,2,43265,9275,9285,33,0,22.30279414256414,32,20,1353,5.0,592002,3072,128,True,5,,,,,,,,,,,,,,,,,,,,,,,,,,
bmi_binary,transformer,,10m,23,True,False,0.5800263340278511,0.638666806863646,0.686569140967169,0.6428177271258193,0.6971951477966928,2,43265,9275,9285,33,0,22.30279414256414,32,20,1353,5.0,592002,3072,128,True,5,0.68829307754536,0.6952612174848811,0.665216532602672,0.7707194312300694,0.6779499011206328,0.7125725338491296,,,,0.6439892183288409,0.6428177271258193,0.6244227161171126,0.6461661341853036,0.639469320066335,,,,0.6501884760366182,0.6527839259575092,0.628344711263737,0.7169676091260412,0.6459859703819174,0.659581881533101,,,
bmi_binary,transformer,,10m,24,False,False,0.578901558318855,0.6394855392525459,0.6889197094438402,0.6357902977127143,0.6936671806039028,2,43265,9275,9285,33,0,22.30279414256414,32,20,1353,5.0,592002,3072,128,True,5,,,,,,,,,,,,,,,,,,,,,,,,,,
bmi_binary,transformer,,10m,25,False,False,0.5778092652480065,0.6444737584314578,0.6904075984745419,0.6366926019529615,0.6952820296811999,2,43265,9275,9285,33,0,22.30279414256414,32,20,1353,5.0,592002,3072,128,True,5,,,,,,,,,,,,,,,,,,,,,,,,,,
bmi_binary,transformer,,10m,26,False,False,0.5766202641059714,0.6426205787247403,0.6907493411229789,0.6346931476801296,0.6929672457732635,2,43265,9275,9285,33,0,22.30279414256414,32,20,1353,5.0,592002,3072,128,True,5,,,,,,,,,,,,,,,,,,,,,,,,,,
bmi_binary,transformer,,10m,27,False,False,0.576228336697987,0.6413836425848084,0.6892628418860904,0.6356298910135161,0.6925163320776311,2,43265,9275,9285,33,0,22.30279414256414,32,20,1353,5.0,592002,3072,128,True,5,,,,,,,,,,,,,,,,,,,,,,,,,,
bmi_binary,transformer,,10m,28,False,False,0.5753322859685517,0.6406865068651595,0.6902983275297754,0.6354382242143913,0.6928863933792169,2,43265,9275,9285,33,0,22.30279414256414,32,20,1353,5.0,592002,3072,128,True,5,,,,,,,,,,,,,,,,,,,,,,,,,,
bmi_binary,transformer,,10m,29,False,False,0.5740902260853405,0.6420473235508181,0.6918738118219177,0.6348573956627936,0.6945567423796883,2,43265,9275,9285,33,0,22.30279414256414,32,20,1353,5.0,592002,3072,128,True,5,,,,,,,,,,,,,,,,,,,,,,,,,,
bmi_binary,transformer,,10m,30,False,False,0.5709963521309345,0.6456819873871508,0.6923453089358642,0.6357677798441234,0.6954766900322669,2,43265,9275,9285,33,0,22.30279414256414,32,20,1353,5.0,592002,3072,128,True,5,,,,,,,,,,,,,,,,,,,,,,,,,,
bmi_binary,transformer,,10m,31,False,False,0.5706936670785197,0.6433694640581177,0.6949470475806749,0.6354693518562671,0.6931927688501052,2,43265,9275,9285,33,0,22.30279414256414,32,20,1353,5.0,592002,3072,128,True,5,,,,,,,,,,,,,,,,,,,,,,,,,,
bmi_binary,transformer,,10m,32,False,False,0.5706143708259649,0.6433474550864124,0.7001707087565936,0.6347450712359396,0.6939859541483212,2,43265,9275,9285,33,0,22.30279414256414,32,20,1353,5.0,592002,3072,128,True,5,,,,,,,,,,,,,,,,,,,,,,,,,,
bmi_binary,transformer,,10m,33,False,False,0.5692798419397139,0.6414184584064946,0.6961416072391682,0.6350062785115953,0.6960741288234016,2,43265,9275,9285,33,0,22.30279414256414,32,20,1353,5.0,592002,3072,128,True,5,,,,,,,,,,,,,,,,,,,,,,,,,,
bmi_binary,transformer,,40m,1,False,False,0.6604517447980142,0.6433542698412893,0.6054406857676189,0.6257862709879781,0.6754292965417853,2,43265,9275,9285,40,0,83.96489003101985,32,80,1353,5.0,592002,3072,128,True,5,,,,,,,,,,,,,,,,,,,,,,,,,,
bmi_binary,transformer,,40m,2,False,False,0.627217660410534,0.6339446087217716,0.6430853932670227,0.6372073339373421,0.6925027153900359,2,43265,9275,9285,40,0,83.96489003101985,32,80,1353,5.0,592002,3072,128,True,5,,,,,,,,,,,,,,,,,,,,,,,,,,
bmi_binary,transformer,,40m,3,False,False,0.6143855813644008,0.6435696331895586,0.6579775886184812,0.6359738845707564,0.6983092524597461,2,43265,9275,9285,40,0,83.96489003101985,32,80,1353,5.0,592002,3072,128,True,5,,,,,,,,,,,,,,,,,,,,,,,,,,
bmi_binary,transformer,,40m,4,False,False,0.6050786833893725,0.6298680637788902,0.6672589122122075,0.6397280106390306,0.7033979463703846,2,43265,9275,9285,40,0,83.96489003101985,32,80,1353,5.0,592002,3072,128,True,5,,,,,,,,,,,,,,,,,,,,,,,,,,
bmi_binary,transformer,,40m,5,False,False,0.5995585915092566,0.6312543300476999,0.6714628727420633,0.6424447252555117,0.6988892332798202,2,43265,9275,9285,40,0,83.96489003101985,32,80,1353,5.0,592002,3072,128,True,5,,,,,,,,,,,,,,,,,,,,,,,,,,
bmi_binary,transformer,,40m,6,False,False,0.5965945895332884,0.6247040379722163,0.6783202939222659,0.6468965078759557,0.7077033363533769,2,43265,9275,9285,40,0,83.96489003101985,32,80,1353,5.0,592002,3072,128,True,5,,,,,,,,,,,,,,,,,,,,,,,,,,
bmi_binary,transformer,,40m,7,False,False,0.5919242125810894,0.6414599402509931,0.6804286940145788,0.6409206629260513,0.7008497978690148,2,43265,9275,9285,40,0,83.96489003101985,32,80,1353,5.0,592002,3072,128,True,5,,,,,,,,,,,,,,,,,,,,,,,,,,
bmi_binary,transformer,,40m,8,False,False,0.5911945837516392,0.6409625467971328,0.6806974023606094,0.6422784904020897,0.7025420819226551,2,43265,9275,9285,40,0,83.96489003101985,32,80,1353,5.0,592002,3072,128,True,5,,,,,,,,,,,,,,,,,,,,,,,,,,
bmi_binary,transformer,,40m,9,False,False,0.5889223122120069,0.6317801313580207,0.684443202696965,0.6456315334933427,0.7084060792946874,2,43265,9275,9285,40,0,83.96489003101985,32,80,1353,5.0,592002,3072,128,True,5,,,,,,,,,,,,,,,,,,,,,,,,,,
bmi_binary,transformer,,40m,10,False,False,0.5861915632977343,0.6282445317008746,0.684581627435805,0.6446804846904985,0.7031704629143951,2,43265,9275,9285,40,0,83.96489003101985,32,80,1353,5.0,592002,3072,128,True,5,,,,,,,,,,,,,,,,,,,,,,,,,,
bmi_binary,transformer,,40m,11,False,False,0.5842734252595081,0.6282250271524702,0.6861803748363167,0.6512447083008811,0.7057750120536826,2,43265,9275,9285,40,0,83.96489003101985,32,80,1353,5.0,592002,3072,128,True,5,,,,,,,,,,,,,,,,,,,,,,,,,,
bmi_binary,transformer,,40m,12,False,False,0.5803906443669288,0.6263978971303955,0.689936235239816,0.6464642972570587,0.7084454193356964,2,43265,9275,9285,40,0,83.96489003101985,32,80,1353,5.0,592002,3072,128,True,5,,,,,,,,,,,,,,,,,,,,,,,,,,
bmi_binary,transformer,,40m,13,False,False,0.5796677132021633,0.6285608716987857,0.6905406297933543,0.63919102570216,0.703567757591171,2,43265,9275,9285,40,0,83.96489003101985,32,80,1353,5.0,592002,3072,128,True,5,,,,,,,,,,,,,,,,,,,,,,,,,,
bmi_binary,transformer,,40m,14,False,False,0.5769415999897144,0.6342071753820641,0.6918659703247145,0.6461253371057386,0.7075260015153201,2,43265,9275,9285,40,0,83.96489003101985,32,80,1353,5.0,592002,3072,128,True,5,,,,,,,,,,,,,,,,,,,,,,,,,,
bmi_binary,transformer,,40m,15,False,False,0.5749738084247701,0.6454485533372412,0.6955524685415708,0.6438781862784057,0.6995538018109665,2,43265,9275,9285,40,0,83.96489003101985,32,80,1353,5.0,592002,3072,128,True,5,,,,,,,,,,,,,,,,,,,,,,,,,,
bmi_binary,transformer,,40m,16,False,False,0.575508435729727,0.6305688428750257,0.6939773157598793,0.6503634648906691,0.7109230206793509,2,43265,9275,9285,40,0,83.96489003101985,32,80,1353,5.0,592002,3072,128,True,5,,,,,,,,,,,,,,,,,,,,,,,,,,
bmi_binary,transformer,,40m,17,False,False,0.5723937712390202,0.6380023929757892,0.6966453373692605,0.641322143277224,0.7063466480165732,2,43265,9275,9285,40,0,83.96489003101985,32,80,1353,5.0,592002,3072,128,True,5,,,,,,,,,,,,,,,,,,,,,,,,,,
bmi_binary,transformer,,40m,18,False,False,0.5726542965168349,0.6261840101329464,0.6972471180903979,0.6523682174855223,0.7138875907999936,2,43265,9275,9285,40,0,83.96489003101985,32,80,1353,5.0,592002,3072,128,True,5,,,,,,,,,,,,,,,,,,,,,,,,,,
bmi_binary,transformer,,40m,19,False,False,0.5709832874864537,0.6332422212834629,0.6971678297158318,0.6491179618414848,0.7104932737801938,2,43265,9275,9285,40,0,83.96489003101985,32,80,1353,5.0,592002,3072,128,True,5,,,,,,,,,,,,,,,,,,,,,,,,,,
bmi_binary,transformer,,40m,20,False,False,0.567813009304021,0.6391022686238559,0.7035445543670764,0.6464941003184291,0.712551459952633,2,43265,9275,9285,40,0,83.96489003101985,32,80,1353,5.0,592002,3072,128,True,5,,,,,,,,,,,,,,,,,,,,,,,,,,
bmi_binary,transformer,,40m,21,False,False,0.5668936443593369,0.634422599678091,0.7008342077984009,0.6485891893037475,0.7115654952076678,2,43265,9275,9285,40,0,83.96489003101985,32,80,1353,5.0,592002,3072,128,True,5,,,,,,,,,,,,,,,,,,,,,,,,,,
bmi_binary,transformer,,40m,22,False,False,0.5632612498023117,0.6379054075688365,0.7059324177694701,0.6441921118581745,0.7101532009812492,2,43265,9275,9285,40,0,83.96489003101985,32,80,1353,5.0,592002,3072,128,True,5,,,,,,,,,,,,,,,,,,,,,,,,,,
bmi_binary,transformer,,40m,23,False,False,0.5638840379693474,0.6421089320684058,0.7035525297435001,0.6448398317252926,0.7106540778535438,2,43265,9275,9285,40,0,83.96489003101985,32,80,1353,5.0,592002,3072,128,True,5,,,,,,,,,,,,,,,,,,,,,,,,,,
bmi_binary,transformer,,40m,24,False,False,0.5602548456923556,0.6316525990750912,0.7072544495715227,0.6523441101203249,0.7120922543830368,2,43265,9275,9285,40,0,83.96489003101985,32,80,1353,5.0,592002,3072,128,True,5,,,,,,,,,,,,,,,,,,,,,,,,,,
bmi_binary,transformer,,40m,25,False,False,0.5591426479260894,0.6366386110827608,0.7088634227944035,0.6472654035466967,0.7107191147563567,2,43265,9275,9285,40,0,83.96489003101985,32,80,1353,5.0,592002,3072,128,True,5,,,,,,,,,,,,,,,,,,,,,,,,,,
bmi_binary,transformer,,40m,26,False,False,0.5571239444004529,0.6275946896995175,0.7095378744314915,0.6498999941718457,0.7115193468228611,2,43265,9275,9285,40,0,83.96489003101985,32,80,1353,5.0,592002,3072,128,True,5,,,,,,,,,,,,,,,,,,,,,,,,,,
bmi_binary,transformer,,40m,27,False,False,0.5552514577509833,0.6305037457152518,0.7112377516451206,0.6542150800841373,0.7139755164539391,2,43265,9275,9285,40,0,83.96489003101985,32,80,1353,5.0,592002,3072,128,True,5,,,,,,,,,,,,,,,,,,,,,,,,,,
bmi_binary,transformer,,40m,28,False,False,0.5534152268371485,0.633629872702524,0.7126028033033742,0.6550734082516068,0.7129053348804433,2,43265,9275,9285,40,0,83.96489003101985,32,80,1353,5.0,592002,3072,128,True,5,,,,,,,,,,,,,,,,,,,,,,,,,,
bmi_binary,transformer,,40m,29,False,False,0.5518410019670403,0.6302734049696807,0.7143474216774683,0.6561008853496098,0.711806754300913,2,43265,9275,9285,40,0,83.96489003101985,32,80,1353,5.0,592002,3072,128,True,5,,,,,,,,,,,,,,,,,,,,,,,,,,
bmi_binary,transformer,,40m,30,False,False,0.5494617003223792,0.640076040733214,0.7150942445960609,0.6447831396796635,0.7103260057539776,2,43265,9275,9285,40,0,83.96489003101985,32,80,1353,5.0,592002,3072,128,True,5,,,,,,,,,,,,,,,,,,,,,,,,,,
bmi_binary,transformer,,40m,31,False,False,0.549101511577671,0.6385433307490902,0.7163843748924185,0.650074971256603,0.7147649134519098,2,43265,9275,9285,40,0,83.96489003101985,32,80,1353,5.0,592002,3072,128,True,5,,,,,,,,,,,,,,,,,,,,,,,,,,
bmi_binary,transformer,,40m,32,False,False,0.5466545329649959,0.6340496510186928,0.718414181507072,0.6536202109791829,0.7129675371809748,2,43265,9275,9285,40,0,83.96489003101985,32,80,1353,5.0,592002,3072,128,True,5,,,,,,,,,,,,,,,,,,,,,,,,,,
bmi_binary,transformer,,40m,33,True,False,0.5462701908652526,0.6308785705553553,0.7176836727277828,0.6561265822114136,0.7151137549737998,2,43265,9275,9285,40,0,83.96489003101985,32,80,1353,5.0,592002,3072,128,True,5,0.7211140644863053,0.7235033195671494,0.6964046064698354,0.802977880602686,0.7175675675675676,0.7294390715667312,,,,0.6640431266846362,0.6561265822114136,0.6412264142886057,0.6787539936102236,0.6334991708126037,,,,0.6735595045772752,0.6680607569910462,0.6479999348602818,0.7328804983963435,0.6824629773967265,0.6536585365853659,,,
bmi_binary,transformer,,40m,34,False,False,0.5450597825827908,0.6354995436616985,0.7184644818427901,0.6519827645584644,0.7128817573474482,2,43265,9275,9285,40,0,83.96489003101985,32,80,1353,5.0,592002,3072,128,True,5,,,,,,,,,,,,,,,,,,,,,,,,,,
bmi_binary,transformer,,40m,35,False,False,0.5433368654316124,0.6417306599077188,0.7214268911077422,0.6483042720370459,0.7119759827062769,2,43265,9275,9285,40,0,83.96489003101985,32,80,1353,5.0,592002,3072,128,True,5,,,,,,,,,,,,,,,,,,,,,,,,,,
bmi_binary,transformer,,40m,36,False,False,0.5432658031773984,0.6375963319922393,0.7216439093242415,0.6485033564870006,0.7124374665543423,2,43265,9275,9285,40,0,83.96489003101985,32,80,1353,5.0,592002,3072,128,True,5,,,,,,,,,,,,,,,,,,,,,,,,,,
bmi_binary,transformer,,40m,37,False,False,0.5418822486614417,0.6337422720055695,0.7222337110427406,0.6541101733081133,0.713804539602308,2,43265,9275,9285,40,0,83.96489003101985,32,80,1353,5.0,592002,3072,128,True,5,,,,,,,,,,,,,,,,,,,,,,,,,,
bmi_binary,transformer,,40m,38,False,False,0.5414179282421998,0.6368497283118112,0.7238510230285009,0.6518701752155093,0.7134951970710877,2,43265,9275,9285,40,0,83.96489003101985,32,80,1353,5.0,592002,3072,128,True,5,,,,,,,,,,,,,,,,,,,,,,,,,,
bmi_binary,transformer,,40m,39,False,False,0.5404965800583521,0.6349099567315649,0.7234745674107377,0.6526967134508501,0.7137731735359412,2,43265,9275,9285,40,0,83.96489003101985,32,80,1353,5.0,592002,3072,128,True,5,,,,,,,,,,,,,,,,,,,,,,,,,,
bmi_binary,transformer,,40m,40,False,False,0.5414364720291862,0.6356521075241006,0.7236607105288995,0.6527102241720046,0.7136979108716269,2,43265,9275,9285,40,0,83.96489003101985,32,80,1353,5.0,592002,3072,128,True,5,,,,,,,,,,,,,,,,,,,,,,,,,,
bmi_binary,transformer,,80m,1,False,False,0.6517687899893065,0.6336794746082748,0.6177942505887498,0.633665273207975,0.6894105881667276,2,43265,9275,9285,23,0,48.47771367629369,32,160,1353,5.0,592002,3072,128,True,5,,,,,,,,,,,,,,,,,,,,,,,,,,
bmi_binary,transformer,,80m,2,False,False,0.617441540021752,0.6446960627679234,0.6557182556430091,0.6290818272852987,0.6964069959043971,2,43265,9275,9285,23,0,48.47771367629369,32,160,1353,5.0,592002,3072,128,True,5,,,,,,,,,,,,,,,,,,,,,,,,,,
bmi_binary,transformer,,80m,3,False,False,0.605170446685955,0.6684297803855649,0.6684602232085366,0.6314128240586206,0.7082699654019573,2,43265,9275,9285,23,0,48.47771367629369,32,160,1353,5.0,592002,3072,128,True,5,,,,,,,,,,,,,,,,,,,,,,,,,,
bmi_binary,transformer,,80m,4,False,False,0.5941717396075362,0.655225454347153,0.6764110423581103,0.6309139870403043,0.7114655423627336,2,43265,9275,9285,23,0,48.47771367629369,32,160,1353,5.0,592002,3072,128,True,5,,,,,,,,,,,,,,,,,,,,,,,,,,
bmi_binary,transformer,,80m,5,False,False,0.5896693855617056,0.6558017807765149,0.6839522803456379,0.6358022189372625,0.7079255744705651,2,43265,9275,9285,23,0,48.47771367629369,32,160,1353,5.0,592002,3072,128,True,5,,,,,,,,,,,,,,,,,,,,,,,,,,
bmi_binary,transformer,,80m,6,False,False,0.5853188425491934,0.622635953015073,0.6867977747998506,0.6565258107757272,0.715351543666121,2,43265,9275,9285,23,0,48.47771367629369,32,160,1353,5.0,592002,3072,128,True,5,,,,,,,,,,,,,,,,,,,,,,,,,,
bmi_binary,transformer,,80m,7,False,False,0.5781389631371436,0.6606865016726471,0.6926773230276084,0.6237784718579625,0.7196349721043346,2,43265,9275,9285,23,0,48.47771367629369,32,160,1353,5.0,592002,3072,128,True,5,,,,,,,,,,,,,,,,,,,,,,,,,,
bmi_binary,transformer,,80m,8,False,False,0.5767001789015428,0.632951978596073,0.6944450068788419,0.6443327823078431,0.7188247262092095,2,43265,9275,9285,23,0,48.47771367629369,32,160,1353,5.0,592002,3072,128,True,5,,,,,,,,,,,,,,,,,,,,,,,,,,
bmi_binary,transformer,,80m,9,False,False,0.5725865624735675,0.6259603751187697,0.6964775930811219,0.6595208197563831,0.7206366728657034,2,43265,9275,9285,23,0,48.47771367629369,32,160,1353,5.0,592002,3072,128,True,5,,,,,,,,,,,,,,,,,,,,,,,,,,
bmi_binary,transformer,,80m,10,False,False,0.5714894644954804,0.6398121120666237,0.6968777771969261,0.6513358394396495,0.7219365366988275,2,43265,9275,9285,23,0,48.47771367629369,32,160,1353,5.0,592002,3072,128,True,5,,,,,,,,,,,,,,,,,,,,,,,,,,
bmi_binary,transformer,,80m,11,False,False,0.5684097109788914,0.6361977199852628,0.7012828051904336,0.648931460906331,0.7252089923121348,2,43265,9275,9285,23,0,48.47771367629369,32,160,1353,5.0,592002,3072,128,True,5,,,,,,,,,,,,,,,,,,,,,,,,,,
bmi_binary,transformer,,80m,12,False,False,0.5667758154177492,0.6316328772958719,0.7045236194821042,0.6554804518409021,0.7222227520544243,2,43265,9275,9285,23,0,48.47771367629369,32,160,1353,5.0,592002,3072,128,True,5,,,,,,,,,,,,,,,,,,,,,,,,,,
bmi_binary,transformer,,80m,13,True,False,0.5646035377784753,0.6159699513970038,0.7032042015124527,0.6681976168147548,0.7297384218418026,2,43265,9275,9285,23,0,48.47771367629369,32,160,1353,5.0,592002,3072,128,True,5,0.7062059401363688,0.7192687771982011,0.6854172426182258,0.7974200479670122,0.68681608437706,0.7517214700193423,,,,0.6618867924528302,0.6681976168147548,0.6453813204186252,0.6501597444089456,0.6862354892205639,,,,0.674313408723748,0.6819883982716901,0.6543579411660143,0.7481319642280043,0.6618862042088854,0.7020905923344948,,,
bmi_binary,transformer,,80m,14,False,False,0.5605235225132376,0.6378754794886813,0.7088124275617789,0.6546668944945135,0.7227203704586758,2,43265,9275,9285,23,0,48.47771367629369,32,160,1353,5.0,592002,3072,128,True,5,,,,,,,,,,,,,,,,,,,,,,,,,,
bmi_binary,transformer,,80m,15,False,False,0.5600184762049422,0.6309645579188982,0.7076027778025702,0.6568512602058928,0.7244549351220467,2,43265,9275,9285,23,0,48.47771367629369,32,160,1353,5.0,592002,3072,128,True,5,,,,,,,,,,,,,,,,,,,,,,,,,,
bmi_binary,transformer,,80m,16,False,False,0.5555126164130472,0.6238096414486353,0.7119972165872529,0.6595120775250478,0.7263988364884841,2,43265,9275,9285,23,0,48.47771367629369,32,160,1353,5.0,592002,3072,128,True,5,,,,,,,,,,,,,,,,,,,,,,,,,,
bmi_binary,transformer,,80m,17,False,False,0.5539066407551838,0.633349070375499,0.7109981970931634,0.6574530171294751,0.7225435124696009,2,43265,9275,9285,23,0,48.47771367629369,32,160,1353,5.0,592002,3072,128,True,5,,,,,,,,,,,,,,,,,,,,,,,,,,
bmi_binary,transformer,,80m,18,False,False,0.5524493210080537,0.6419267402890557,0.7144933245270557,0.6509346240045777,0.7232599515733367,2,43265,9275,9285,23,0,48.47771367629369,32,160,1353,5.0,592002,3072,128,True,5,,,,,,,,,,,,,,,,,,,,,,,,,,
bmi_binary,transformer,,80m,19,False,False,0.5490338805044757,0.620197269395998,0.7178101503399894,0.6659658311212839,0.728603415298375,2,43265,9275,9285,23,0,48.47771367629369,32,160,1353,5.0,592002,3072,128,True,5,,,,,,,,,,,,,,,,,,,,,,,,,,
bmi_binary,transformer,,80m,20,False,False,0.5469501002419275,0.620384750179846,0.7195642996395462,0.6589365472954716,0.7255764839275403,2,43265,9275,9285,23,0,48.47771367629369,32,160,1353,5.0,592002,3072,128,True,5,,,,,,,,,,,,,,,,,,,,,,,,,,
bmi_binary,transformer,,80m,21,False,False,0.5438846618681027,0.643519231219176,0.7208891110292253,0.6493308219286952,0.7247487535697446,2,43265,9275,9285,23,0,48.47771367629369,32,160,1353,5.0,592002,3072,128,True,5,,,,,,,,,,,,,,,,,,,,,,,,,,
bmi_binary,transformer,,80m,22,False,False,0.5421576854095119,0.6237931884523993,0.7223745519827512,0.6633085901694933,0.7275559635263512,2,43265,9275,9285,23,0,48.47771367629369,32,160,1353,5.0,592002,3072,128,True,5,,,,,,,,,,,,,,,,,,,,,,,,,,
bmi_binary,transformer,,80m,23,False,False,0.5402104520451936,0.6392710803911049,0.7236702414543619,0.6487189981932722,0.7253818765596936,2,43265,9275,9285,23,0,48.47771367629369,32,160,1353,5.0,592002,3072,128,True,5,,,,,,,,,,,,,,,,,,,,,,,,,,
bmi_binary,transformer,,120m,1,False,False,0.6498130442447833,0.6283202149154684,0.6250780005839685,0.6364104663053212,0.7001920376816662,2,43265,9275,9285,23,0,83.07356673876444,32,240,1353,5.0,592002,3072,128,True,5,,,,,,,,,,,,,,,,,,,,,,,,,,
bmi_binary,transformer,,120m,2,False,False,0.6077308391969864,0.6445444971146288,0.6679437873028947,0.6420847042741564,0.7148856092275576,2,43265,9275,9285,23,0,83.07356673876444,32,240,1353,5.0,592002,3072,128,True,5,,,,,,,,,,,,,,,,,,,,,,,,,,
bmi_binary,transformer,,120m,3,False,False,0.5957984692097317,0.6215485906793743,0.6774034762695894,0.6531770063420914,0.7190277049258499,2,43265,9275,9285,23,0,83.07356673876444,32,240,1353,5.0,592002,3072,128,True,5,,,,,,,,,,,,,,,,,,,,,,,,,,
bmi_binary,transformer,,120m,4,False,False,0.5861722658903327,0.622898652804187,0.6848614541323415,0.6568548365732573,0.7224727268873947,2,43265,9275,9285,23,0,83.07356673876444,32,240,1353,5.0,592002,3072,128,True,5,,,,,,,,,,,,,,,,,,,,,,,,,,
bmi_binary,transformer,,120m,5,False,False,0.5777414168455167,0.6376395736036274,0.689566397080668,0.6467015296255676,0.7235982494344041,2,43265,9275,9285,23,0,83.07356673876444,32,240,1353,5.0,592002,3072,128,True,5,,,,,,,,,,,,,,,,,,,,,,,,,,
bmi_binary,transformer,,120m,6,False,False,0.5749234974866491,0.6127562926464646,0.6955491598122631,0.6660549753892941,0.7271954656960141,2,43265,9275,9285,23,0,83.07356673876444,32,240,1353,5.0,592002,3072,128,True,5,,,,,,,,,,,,,,,,,,,,,,,,,,
bmi_binary,transformer,,120m,7,False,False,0.5711018535851964,0.6291860697083075,0.7008041933521955,0.6547454421184811,0.7274088291238164,2,43265,9275,9285,23,0,83.07356673876444,32,240,1353,5.0,592002,3072,128,True,5,,,,,,,,,,,,,,,,,,,,,,,,,,
bmi_binary,transformer,,120m,8,False,False,0.5647850677799823,0.617677505035606,0.7038746813993311,0.663561849962117,0.7291706006707676,2,43265,9275,9285,23,0,83.07356673876444,32,240,1353,5.0,592002,3072,128,True,5,,,,,,,,,,,,,,,,,,,,,,,,,,
bmi_binary,transformer,,120m,9,False,False,0.5627998110353362,0.6264041186342985,0.7066164003320204,0.6638752457096837,0.7327512596760607,2,43265,9275,9285,23,0,83.07356673876444,32,240,1353,5.0,592002,3072,128,True,5,,,,,,,,,,,,,,,,,,,,,,,,,,
bmi_binary,transformer,,120m,10,False,False,0.5592671815913413,0.6156581665627718,0.7068821633351992,0.6631244734792492,0.7328513449790451,2,43265,9275,9285,23,0,83.07356673876444,32,240,1353,5.0,592002,3072,128,True,5,,,,,,,,,,,,,,,,,,,,,,,,,,
bmi_binary,transformer,,120m,11,False,False,0.5565856914692197,0.6345825029769033,0.7110668643828997,0.6554634972104334,0.7294504050567185,2,43265,9275,9285,23,0,83.07356673876444,32,240,1353,5.0,592002,3072,128,True,5,,,,,,,,,,,,,,,,,,,,,,,,,,
bmi_binary,transformer,,120m,12,False,False,0.5547707681600846,0.6179324587721708,0.7129676114289503,0.6629391646665501,0.7323533292006421,2,43265,9275,9285,23,0,83.07356673876444,32,240,1353,5.0,592002,3072,128,True,5,,,,,,,,,,,,,,,,,,,,,,,,,,
bmi_binary,transformer,,120m,13,True,False,0.5510292808802627,0.6228069167252821,0.7152078506774926,0.6669942354256406,0.7401366702165424,2,43265,9275,9285,23,0,83.07356673876444,32,240,1353,5.0,592002,3072,128,True,5,0.766023344504796,0.7144448283732145,0.7171391308522835,0.8068224799786814,0.8425840474620963,0.5863056092843327,,,,0.718167115902965,0.6669942354256406,0.6707123728598277,0.813258785942492,0.5207296849087893,,,,0.7373182552504038,0.6857055952810949,0.6881758253112729,0.7579539461356088,0.8208885424785659,0.5505226480836237,,,
bmi_binary,transformer,,120m,14,False,False,0.5489592836562518,0.6281202364417742,0.7187102904669069,0.6533884093907459,0.7316112197267126,2,43265,9275,9285,23,0,83.07356673876444,32,240,1353,5.0,592002,3072,128,True,5,,,,,,,,,,,,,,,,,,,,,,,,,,
bmi_binary,transformer,,120m,15,False,False,0.5470780725088145,0.6257732473807837,0.7225294884921247,0.6658415854698817,0.7381309639237253,2,43265,9275,9285,23,0,83.07356673876444,32,240,1353,5.0,592002,3072,128,True,5,,,,,,,,,,,,,,,,,,,,,,,,,,
bmi_binary,transformer,,120m,16,False,False,0.5450940791360356,0.6133814454657048,0.7220225835119451,0.668099465399308,0.736347601714537,2,43265,9275,9285,23,0,83.07356673876444,32,240,1353,5.0,592002,3072,128,True,5,,,,,,,,,,,,,,,,,,,,,,,,,,
bmi_binary,transformer,,120m,17,False,False,0.5417799388254693,0.622313069134067,0.7222050863903484,0.6606120091766937,0.7356930470120113,2,43265,9275,9285,23,0,83.07356673876444,32,240,1353,5.0,592002,3072,128,True,5,,,,,,,,,,,,,,,,,,,,,,,,,,
bmi_binary,transformer,,120m,18,False,False,0.5395366685921975,0.6362589133074984,0.7223950355034943,0.6621037517418233,0.7318926401008802,2,43265,9275,9285,23,0,83.07356673876444,32,240,1353,5.0,592002,3072,128,True,5,,,,,,,,,,,,,,,,,,,,,,,,,,
bmi_binary,transformer,,120m,19,False,False,0.5377948457238909,0.6281559642884288,0.7241701974654751,0.6595073090352286,0.7355630526812158,2,43265,9275,9285,23,0,83.07356673876444,32,240,1353,5.0,592002,3072,128,True,5,,,,,,,,,,,,,,,,,,,,,,,,,,
bmi_binary,transformer,,120m,20,False,False,0.532921024877309,0.6484243999787097,0.7283391135155536,0.6632483217564997,0.7376900110734931,2,43265,9275,9285,23,0,83.07356673876444,32,240,1353,5.0,592002,3072,128,True,5,,,,,,,,,,,,,,,,,,,,,,,,,,
bmi_binary,transformer,,120m,21,False,False,0.5336912362965135,0.6261478260263921,0.730814572179388,0.6648971595695643,0.7320763064337524,2,43265,9275,9285,23,0,83.07356673876444,32,240,1353,5.0,592002,3072,128,True,5,,,,,,,,,,,,,,,,,,,,,,,,,,
bmi_binary,transformer,,120m,22,False,False,0.5303404994084217,0.6156975761835145,0.7347324838165523,0.6726153577162113,0.7375424792968068,2,43265,9275,9285,23,0,83.07356673876444,32,240,1353,5.0,592002,3072,128,True,5,,,,,,,,,,,,,,,,,,,,,,,,,,
bmi_binary,transformer,,120m,23,False,False,0.5253406269955633,0.6324009725604096,0.7333869912748999,0.6700295116536592,0.7393813414291694,2,43265,9275,9285,23,0,83.07356673876444,32,240,1353,5.0,592002,3072,128,True,5,,,,,,,,,,,,,,,,,,,,,,,,,,
bmi_binary,transformer,,240m,1,False,False,0.6451847757042337,0.6817074506302085,0.6302800727276808,0.6214156851525121,0.7088613376143775,2,43261,9275,9285,19,0,90.73615426619848,32,480,1352,4.999537732578297,592002,3072,128,True,5,,,,,,,,,,,,,,,,,,,,,,,,,,
bmi_binary,transformer,,240m,2,False,False,0.5992494782033397,0.6094721775877507,0.6751916701862416,0.6630468530616354,0.7272525286241847,2,43261,9275,9285,19,0,90.73615426619848,32,480,1352,4.999537732578297,592002,3072,128,True,5,,,,,,,,,,,,,,,,,,,,,,,,,,
bmi_binary,transformer,,240m,3,False,False,0.5823225211161371,0.6187056483219897,0.6931891264006889,0.6647015190289236,0.7280129173090882,2,43261,9275,9285,19,0,90.73615426619848,32,480,1352,4.999537732578297,592002,3072,128,True,5,,,,,,,,,,,,,,,,,,,,,,,,,,
bmi_binary,transformer,,240m,4,False,False,0.5709711164101734,0.6200657738958086,0.6999198136257538,0.662444831221952,0.739179395885323,2,43261,9275,9285,19,0,90.73615426619848,32,480,1352,4.999537732578297,592002,3072,128,True,5,,,,,,,,,,,,,,,,,,,,,,,,,,
bmi_binary,transformer,,240m,5,False,False,0.5583925807498915,0.6117351790194242,0.711326368400542,0.6665890462490529,0.7366652361197209,2,43261,9275,9285,19,0,90.73615426619848,32,480,1352,4.999537732578297,592002,3072,128,True,5,,,,,,,,,,,,,,,,,,,,,,,,,,
bmi_binary,transformer,,240m,6,False,False,0.5507721731678237,0.6066286489969958,0.7197110403455509,0.6750789449981192,0.7421217660366961,2,43261,9275,9285,19,0,90.73615426619848,32,480,1352,4.999537732578297,592002,3072,128,True,5,,,,,,,,,,,,,,,,,,,,,,,,,,
bmi_binary,transformer,,240m,7,False,False,0.5400598856907954,0.6234223252615196,0.7267604378351247,0.6672635226423791,0.7380285208674413,2,43261,9275,9285,19,0,90.73615426619848,32,480,1352,4.999537732578297,592002,3072,128,True,5,,,,,,,,,,,,,,,,,,,,,,,,,,
bmi_binary,transformer,,240m,8,False,False,0.531430943613065,0.6278746309884475,0.732007909862155,0.6666430891336714,0.7374206973651444,2,43261,9275,9285,19,0,90.73615426619848,32,480,1352,4.999537732578297,592002,3072,128,True,5,,,,,,,,,,,,,,,,,,,,,,,,,,
bmi_binary,transformer,,240m,9,True,False,0.523112359441756,0.6298503619255724,0.7387703153437146,0.6671337137528545,0.743691976750963,2,43261,9275,9285,19,0,90.73615426619848,32,480,1352,4.999537732578297,592002,3072,128,True,5,0.7914287695614988,0.7506820885259816,0.7508991013411253,0.8462060575965691,0.851925105485232,0.6494390715667312,,,,0.714177897574124,0.6671337137528545,0.6694441770253962,0.8015974440894569,0.532669983416252,,,,0.7389337641357028,0.6906294046238536,0.6920461047215427,0.7592440681004071,0.8171473109898675,0.5641114982578397,,,
bmi_binary,transformer,,240m,10,False,False,0.5176788488750124,0.6162377693839471,0.7443854898636242,0.665976030391175,0.7409664669199264,2,43261,9275,9285,19,0,90.73615426619848,32,480,1352,4.999537732578297,592002,3072,128,True,5,,,,,,,,,,,,,,,,,,,,,,,,,,
bmi_binary,transformer,,240m,11,False,False,0.5145883927623921,0.6174072794065963,0.7462821173966979,0.6703878106803576,0.7375387969630018,2,43261,9275,9285,19,0,90.73615426619848,32,480,1352,4.999537732578297,592002,3072,128,True,5,,,,,,,,,,,,,,,,,,,,,,,,,,
bmi_binary,transformer,,240m,12,False,False,0.5052642345205265,0.6171032952812483,0.7512513759497752,0.6691311811549282,0.74059624666868,2,43261,9275,9285,19,0,90.73615426619848,32,480,1352,4.999537732578297,592002,3072,128,True,5,,,,,,,,,,,,,,,,,,,,,,,,,,
bmi_binary,transformer,,240m,13,False,False,0.4953632929964344,0.6407041793820671,0.7594106229443642,0.6587381251357696,0.7326463264084264,2,43261,9275,9285,19,0,90.73615426619848,32,480,1352,4.999537732578297,592002,3072,128,True,5,,,,,,,,,,,,,,,,,,,,,,,,,,
bmi_binary,transformer,,240m,14,False,False,0.4889085844456385,0.6449640904475415,0.7634906430314456,0.6553728959038672,0.7350747328321121,2,43261,9275,9285,19,0,90.73615426619848,32,480,1352,4.999537732578297,592002,3072,128,True,5,,,,,,,,,,,,,,,,,,,,,,,,,,
bmi_binary,transformer,,240m,15,False,False,0.4818107332684748,0.6407059469891365,0.7674645772633417,0.6666552752743207,0.7387737563513634,2,43261,9275,9285,19,0,90.73615426619848,32,480,1352,4.999537732578297,592002,3072,128,True,5,,,,,,,,,,,,,,,,,,,,,,,,,,
bmi_binary,transformer,,240m,16,False,False,0.4743540807657733,0.632176349053807,0.7732617342119008,0.6690029617620099,0.7378440597862657,2,43261,9275,9285,19,0,90.73615426619848,32,480,1352,4.999537732578297,592002,3072,128,True,5,,,,,,,,,,,,,,,,,,,,,,,,,,
bmi_binary,transformer,,240m,17,False,False,0.4696063573881083,0.649151844354974,0.7778206970390683,0.6672196790276519,0.7393106088301834,2,43261,9275,9285,19,0,90.73615426619848,32,480,1352,4.999537732578297,592002,3072,128,True,5,,,,,,,,,,,,,,,,,,,,,,,,,,
bmi_binary,transformer,,240m,18,False,False,0.4623830899534558,0.6670025853198173,0.7805689545944225,0.6619287746570661,0.7321259782027033,2,43261,9275,9285,19,0,90.73615426619848,32,480,1352,4.999537732578297,592002,3072,128,True,5,,,,,,,,,,,,,,,,,,,,,,,,,,
bmi_binary,transformer,,240m,19,False,False,0.4543868543950929,0.6718001258598184,0.7858806550388071,0.664813446081626,0.7323795294030381,2,43261,9275,9285,19,0,90.73615426619848,32,480,1352,4.999537732578297,592002,3072,128,True,5,,,,,,,,,,,,,,,,,,,,,,,,,,
depression_extreme_binary,lstm,,30s,1,False,False,0.6184663626304824,0.6021366190027307,0.6373935113661443,0.6980593607305936,0.783531202435312,2,5615,1215,1205,12,0,1.5154151439666748,32,1,176,5.0,3279362,3072,128,True,5,,,,,,,,,,,,,,,,,,,,,,,,,,
depression_extreme_binary,lstm,,30s,2,True,False,0.5423150193712484,0.5528188952693233,0.7340881335981755,0.7118721461187214,0.7932496194824963,2,5615,1215,1205,12,0,1.5154151439666748,32,1,176,5.0,3279362,3072,128,True,5,0.7471059661620659,0.7692246008975208,0.636943177484166,0.8504836312808062,0.7398984771573605,0.7985507246376812,,,,0.6946502057613169,0.7118721461187214,0.5623645025587354,0.6904109589041096,0.7333333333333333,,,,0.7012448132780082,0.6987435181491823,0.5586080586080586,0.723877143996809,0.7018348623853211,0.6956521739130435,,,
depression_extreme_binary,lstm,,30s,3,False,False,0.5027061028450807,0.5333073481610773,0.7523622452733024,0.7071917808219178,0.7869710806697108,2,5615,1215,1205,12,0,1.5154151439666748,32,1,176,5.0,3279362,3072,128,True,5,,,,,,,,,,,,,,,,,,,,,,,,,,
depression_extreme_binary,lstm,,30s,4,False,False,0.4644549946751004,0.5336931351280997,0.7921547855513867,0.716609589041096,0.7880974124809741,2,5615,1215,1205,12,0,1.5154151439666748,32,1,176,5.0,3279362,3072,128,True,5,,,,,,,,,,,,,,,,,,,,,,,,,,
depression_extreme_binary,lstm,,30s,5,False,False,0.4238139921124238,0.5245574332068487,0.8172375487383212,0.6787100456621005,0.7770547945205479,2,5615,1215,1205,12,0,1.5154151439666748,32,1,176,5.0,3279362,3072,128,True,5,,,,,,,,,,,,,,,,,,,,,,,,,,
depression_extreme_binary,lstm,,30s,6,False,False,0.3947662124226163,0.5440189053492291,0.8317692930184654,0.6281392694063928,0.7510958904109589,2,5615,1215,1205,12,0,1.5154151439666748,32,1,176,5.0,3279362,3072,128,True,5,,,,,,,,,,,,,,,,,,,,,,,,,,
depression_extreme_binary,lstm,,30s,7,False,False,0.3593197969698205,0.5355336618031004,0.8579055396159788,0.6549657534246576,0.7726712328767124,2,5615,1215,1205,12,0,1.5154151439666748,32,1,176,5.0,3279362,3072,128,True,5,,,,,,,,,,,,,,,,,,,,,,,,,,
depression_extreme_binary,lstm,,30s,8,False,False,0.3251966172631893,0.5565792902016345,0.8796343706319429,0.5988013698630137,0.7641704718417047,2,5615,1215,1205,12,0,1.5154151439666748,32,1,176,5.0,3279362,3072,128,True,5,,,,,,,,,,,,,,,,,,,,,,,,,,
depression_extreme_binary,lstm,,30s,9,False,False,0.2982203359701542,0.5587152804857419,0.8912499080409034,0.6124429223744292,0.7682115677321157,2,5615,1215,1205,12,0,1.5154151439666748,32,1,176,5.0,3279362,3072,128,True,5,,,,,,,,,,,,,,,,,,,,,,,,,,
depression_extreme_binary,lstm,,30s,10,False,False,0.2680394955357588,0.5882445621392364,0.9043566541602296,0.6238013698630137,0.7323287671232876,2,5615,1215,1205,12,0,1.5154151439666748,32,1,176,5.0,3279362,3072,128,True,5,,,,,,,,,,,,,,,,,,,,,,,,,,
depression_extreme_binary,lstm,,30s,11,False,False,0.2418421357312801,0.5769064633444013,0.9222592510851172,0.6224315068493151,0.7472983257229833,2,5615,1215,1205,12,0,1.5154151439666748,32,1,176,5.0,3279362,3072,128,True,5,,,,,,,,,,,,,,,,,,,,,,,,,,
depression_extreme_binary,lstm,,30s,12,False,False,0.2189618385883706,0.5998810432575367,0.9382785257117634,0.6023401826484018,0.7473592085235921,2,5615,1215,1205,12,0,1.5154151439666748,32,1,176,5.0,3279362,3072,128,True,5,,,,,,,,,,,,,,,,,,,,,,,,,,
depression_extreme_binary,lstm,,10m,1,False,False,0.6114029133203087,0.5597412471418027,0.6619083351725152,0.71837899543379,0.7948934550989346,2,5615,1215,1205,12,0,1.6227721254030862,32,20,176,5.0,3279362,3072,128,True,5,,,,,,,,,,,,,,,,,,,,,,,,,,
depression_extreme_binary,lstm,,10m,2,True,False,0.5339038689701237,0.5311154061874735,0.7233348046788788,0.7279109589041096,0.8053805175038052,2,5615,1215,1205,12,0,1.6227721254030862,32,20,176,5.0,3279362,3072,128,True,5,0.7743544078361532,0.7916118590450967,0.6633770935233471,0.8693795335834621,0.7687309644670051,0.8144927536231884,,,,0.7168724279835391,0.7279109589041096,0.5803513337670787,0.7141552511415525,0.7416666666666667,,,,0.733609958506224,0.701076984443558,0.577816439842349,0.7405345033905065,0.7412844036697248,0.6608695652173913,,,
depression_extreme_binary,lstm,,10m,3,False,False,0.4948659581577576,0.5530729306578146,0.7692253365702935,0.7406392694063928,0.7991400304414003,2,5615,1215,1205,12,0,1.6227721254030862,32,20,176,5.0,3279362,3072,128,True,5,,,,,,,,,,,,,,,,,,,,,,,,,,
depression_extreme_binary,lstm,,10m,4,False,False,0.4597111078239612,0.5220989738472205,0.7901456632090046,0.7231164383561643,0.8014687975646879,2,5615,1215,1205,12,0,1.6227721254030862,32,20,176,5.0,3279362,3072,128,True,5,,,,,,,,,,,,,,,,,,,,,,,,,,
depression_extreme_binary,lstm,,10m,5,False,False,0.4345387518671295,0.5334692605728966,0.8017332450526006,0.6816780821917808,0.7832648401826484,2,5615,1215,1205,12,0,1.6227721254030862,32,20,176,5.0,3279362,3072,128,True,5,,,,,,,,,,,,,,,,,,,,,,,,,,
depression_extreme_binary,lstm,,10m,6,False,False,0.4067810278541789,0.5423110154430562,0.8137511954682557,0.678824200913242,0.7911872146118721,2,5615,1215,1205,12,0,1.6227721254030862,32,20,176,5.0,3279362,3072,128,True,5,,,,,,,,,,,,,,,,,,,,,,,,,,
depression_extreme_binary,lstm,,10m,7,False,False,0.3680569944642849,0.545870761959641,0.8491642757301552,0.7065639269406392,0.7862709284627094,2,5615,1215,1205,12,0,1.6227721254030862,32,20,176,5.0,3279362,3072,128,True,5,,,,,,,,,,,,,,,,,,,,,,,,,,
depression_extreme_binary,lstm,,10m,8,False,False,0.3570320357091704,0.5426872621347875,0.8528647097770912,0.6746575342465753,0.7791476407914764,2,5615,1215,1205,12,0,1.6227721254030862,32,20,176,5.0,3279362,3072,128,True,5,,,,,,,,,,,,,,,,,,,,,,,,,,
depression_extreme_binary,lstm,,10m,9,False,False,0.3363005975687599,0.5203669418032768,0.8633598175531523,0.6688356164383562,0.7906849315068493,2,5615,1215,1205,12,0,1.6227721254030862,32,20,176,5.0,3279362,3072,128,True,5,,,,,,,,,,,,,,,,,,,,,,,,,,
depression_extreme_binary,lstm,,10m,10,False,False,0.3025357285595746,0.5620563209792714,0.8845288015890531,0.6277397260273972,0.7608751902587519,2,5615,1215,1205,12,0,1.6227721254030862,32,20,176,5.0,3279362,3072,128,True,5,,,,,,,,,,,,,,,,,,,,,,,,,,
depression_extreme_binary,lstm,,10m,11,False,False,0.28922333924609,0.5566375808951295,0.8946457735599205,0.592579908675799,0.7789421613394216,2,5615,1215,1205,12,0,1.6227721254030862,32,20,176,5.0,3279362,3072,128,True,5,,,,,,,,,,,,,,,,,,,,,,,,,,
depression_extreme_binary,lstm,,10m,12,False,False,0.2630578723690495,0.5962701315742461,0.9095659530640772,0.5897260273972603,0.7785692541856926,2,5615,1215,1205,12,0,1.6227721254030862,32,20,176,5.0,3279362,3072,128,True,5,,,,,,,,,,,,,,,,,,,,,,,,,,
depression_extreme_binary,lstm,,40m,1,False,False,0.5974650568974835,0.5374456817721143,0.6654057235341719,0.7221461187214613,0.8158980213089803,2,5615,1215,1205,14,0,2.900879136721293,32,80,176,5.0,3279362,3072,128,True,5,,,,,,,,,,,,,,,,,,,,,,,,,,
depression_extreme_binary,lstm,,40m,2,False,False,0.5292913058243579,0.522141421135561,0.7339174575148973,0.7146689497716895,0.8071080669710807,2,5615,1215,1205,14,0,2.900879136721293,32,80,176,5.0,3279362,3072,128,True,5,,,,,,,,,,,,,,,,,,,,,,,,,,
depression_extreme_binary,lstm,,40m,3,False,False,0.4967669156599766,0.5156049997227673,0.7505561686161994,0.6957762557077626,0.8037747336377473,2,5615,1215,1205,14,0,2.900879136721293,32,80,176,5.0,3279362,3072,128,True,5,,,,,,,,,,,,,,,,,,,,,,,,,,
depression_extreme_binary,lstm,,40m,4,True,False,0.4725783333540599,0.4763248635908213,0.7798079894063121,0.6823630136986302,0.825083713850837,2,5615,1215,1205,14,0,2.900879136721293,32,80,176,5.0,3279362,3072,128,True,5,0.8801424755120214,0.788981828882513,0.7541034596632901,0.9022835282866181,0.9098477157360406,0.6681159420289855,,,,0.8353909465020576,0.6823630136986302,0.6381861063464837,0.8730593607305936,0.49166666666666664,,,,0.829045643153527,0.6177104108496211,0.5938219970677558,0.7417311527722378,0.8788990825688073,0.3565217391304348,,,
depression_extreme_binary,lstm,,40m,5,False,False,0.4429774161332012,0.522785796819891,0.7914411829618186,0.722431506849315,0.8147336377473364,2,5615,1215,1205,14,0,2.900879136721293,32,80,176,5.0,3279362,3072,128,True,5,,,,,,,,,,,,,,,,,,,,,,,,,,
depression_extreme_binary,lstm,,40m,6,False,False,0.4259495865842219,0.5365252121485801,0.8019922018686088,0.6988584474885844,0.7954718417047184,2,5615,1215,1205,14,0,2.900879136721293,32,80,176,5.0,3279362,3072,128,True,5,,,,,,,,,,,,,,,,,,,,,,,,,,
depression_extreme_binary,lstm,,40m,7,False,False,0.3918050189954515,0.519357767664356,0.8376502611638343,0.722203196347032,0.8062100456621004,2,5615,1215,1205,14,0,2.900879136721293,32,80,176,5.0,3279362,3072,128,True,5,,,,,,,,,,,,,,,,,,,,,,,,,,
depression_extreme_binary,lstm,,40m,8,False,False,0.3681788178660035,0.5442584129517951,0.8431185168836901,0.6973744292237443,0.7918264840182648,2,5615,1215,1205,14,0,2.900879136721293,32,80,176,5.0,3279362,3072,128,True,5,,,,,,,,,,,,,,,,,,,,,,,,,,
depression_extreme_binary,lstm,,40m,9,False,False,0.356820521607849,0.5178813457489013,0.8584690649599058,0.6312785388127854,0.8153500761035009,2,5615,1215,1205,14,0,2.900879136721293,32,80,176,5.0,3279362,3072,128,True,5,,,,,,,,,,,,,,,,,,,,,,,,,,
depression_extreme_binary,lstm,,40m,10,False,False,0.3263817944753839,0.533937223801397,0.8635209298903848,0.7096461187214612,0.7929756468797564,2,5615,1215,1205,14,0,2.900879136721293,32,80,176,5.0,3279362,3072,128,True,5,,,,,,,,,,,,,,,,,,,,,,,,,,
depression_extreme_binary,lstm,,40m,11,False,False,0.303502831770603,0.5171983646267235,0.888946516589421,0.6695776255707763,0.8038203957382039,2,5615,1215,1205,14,0,2.900879136721293,32,80,176,5.0,3279362,3072,128,True,5,,,,,,,,,,,,,,,,,,,,,,,,,,
depression_extreme_binary,lstm,,40m,12,False,False,0.2808796866812668,0.5316781499258285,0.9009048775104832,0.6602739726027398,0.7943531202435312,2,5615,1215,1205,14,0,2.900879136721293,32,80,176,5.0,3279362,3072,128,True,5,,,,,,,,,,,,,,,,,,,,,,,,,,
depression_extreme_binary,lstm,,40m,13,False,False,0.2608179123350688,0.5608094885516068,0.9096358419774884,0.6337328767123288,0.7936834094368341,2,5615,1215,1205,14,0,2.900879136721293,32,80,176,5.0,3279362,3072,128,True,5,,,,,,,,,,,,,,,,,,,,,,,,,,
depression_extreme_binary,lstm,,40m,14,False,False,0.2331472248688194,0.5858490273785689,0.9219127492091516,0.6157534246575342,0.7698477929984778,2,5615,1215,1205,14,0,2.900879136721293,32,80,176,5.0,3279362,3072,128,True,5,,,,,,,,,,,,,,,,,,,,,,,,,,
depression_extreme_binary,lstm,,80m,1,False,False,0.6081553742807037,0.5127047421019755,0.6466416537923931,0.7352168949771689,0.8251293759512939,2,5615,1215,1205,13,0,3.7904736518859865,32,160,176,5.0,3279362,3072,128,True,5,,,,,,,,,,,,,,,,,,,,,,,,,,
depression_extreme_binary,lstm,,80m,2,False,False,0.5368109125275752,0.4871631371140971,0.723219304053557,0.7348173515981735,0.8355555555555556,2,5615,1215,1205,13,0,3.7904736518859865,32,160,176,5.0,3279362,3072,128,True,5,,,,,,,,,,,,,,,,,,,,,,,,,,
depression_extreme_binary,lstm,,80m,3,True,False,0.5017518132686191,0.484378571618241,0.74768925182079,0.7361301369863014,0.8404642313546423,2,5615,1215,1205,13,0,3.7904736518859865,32,160,176,5.0,3279362,3072,128,True,5,0.822439893143366,0.8071838446259104,0.7061829663162635,0.8871433826234092,0.8274111675126904,0.7869565217391304,,,,0.7851851851851852,0.7361301369863014,0.626466940177464,0.7972602739726027,0.675,,,,0.7908713692946058,0.6821699242122058,0.6046587926509186,0.7361148783406463,0.8165137614678899,0.5478260869565217,,,
depression_extreme_binary,lstm,,80m,4,False,False,0.4727327241816907,0.5060722365300842,0.776765982490988,0.7351027397260275,0.8216666666666667,2,5615,1215,1205,13,0,3.7904736518859865,32,160,176,5.0,3279362,3072,128,True,5,,,,,,,,,,,,,,,,,,,,,,,,,,
depression_extreme_binary,lstm,,80m,5,False,False,0.4556973252621275,0.49467470930437,0.7939755756639446,0.7417808219178081,0.8221841704718418,2,5615,1215,1205,13,0,3.7904736518859865,32,160,176,5.0,3279362,3072,128,True,5,,,,,,,,,,,,,,,,,,,,,,,,,,
depression_extreme_binary,lstm,,80m,6,False,False,0.4296703065386438,0.5075296208201122,0.8082373280364894,0.745433789954338,0.8194292237442923,2,5615,1215,1205,13,0,3.7904736518859865,32,160,176,5.0,3279362,3072,128,True,5,,,,,,,,,,,,,,,,,,,,,,,,,,
depression_extreme_binary,lstm,,80m,7,False,False,0.4108565993321759,0.5444233616193136,0.8227337600235416,0.7281392694063927,0.7963394216133942,2,5615,1215,1205,13,0,3.7904736518859865,32,160,176,5.0,3279362,3072,128,True,5,,,,,,,,,,,,,,,,,,,,,,,,,,
depression_extreme_binary,lstm,,80m,8,False,False,0.3796028082644631,0.5098778377835153,0.8378150518649305,0.6662100456621005,0.7913850837138509,2,5615,1215,1205,13,0,3.7904736518859865,32,160,176,5.0,3279362,3072,128,True,5,,,,,,,,,,,,,,,,,,,,,,,,,,
depression_extreme_binary,lstm,,80m,9,False,False,0.351333483098239,0.5229169393272557,0.8657926874126388,0.6498287671232876,0.7826864535768646,2,5615,1215,1205,13,0,3.7904736518859865,32,160,176,5.0,3279362,3072,128,True,5,,,,,,,,,,,,,,,,,,,,,,,,,,
depression_extreme_binary,lstm,,80m,10,False,False,0.3321551017138115,0.5405924450713421,0.8755212241594938,0.6545091324200913,0.7712937595129375,2,5615,1215,1205,13,0,3.7904736518859865,32,160,176,5.0,3279362,3072,128,True,5,,,,,,,,,,,,,,,,,,,,,,,,,,
depression_extreme_binary,lstm,,80m,11,False,False,0.3057929317651852,0.5447663685912458,0.8803943206061944,0.6183219178082191,0.8067427701674278,2,5615,1215,1205,13,0,3.7904736518859865,32,160,176,5.0,3279362,3072,128,True,5,,,,,,,,,,,,,,,,,,,,,,,,,,
depression_extreme_binary,lstm,,80m,12,False,False,0.2915955414250825,0.5560950268443229,0.8916420216287795,0.642351598173516,0.7687975646879757,2,5615,1215,1205,13,0,3.7904736518859865,32,160,176,5.0,3279362,3072,128,True,5,,,,,,,,,,,,,,,,,,,,,,,,,,
depression_extreme_binary,lstm,,80m,13,False,False,0.2747424659061304,0.5848356310722759,0.905326270874715,0.5914954337899544,0.7875418569254187,2,5615,1215,1205,13,0,3.7904736518859865,32,160,176,5.0,3279362,3072,128,True,5,,,,,,,,,,,,,,,,,,,,,,,,,,
depression_extreme_binary,lstm,,120m,1,False,False,0.6014389311853309,0.5049618054809885,0.6622305598469801,0.7002853881278539,0.8212252663622528,2,5615,1215,1205,12,0,3.5880682190259297,32,240,176,5.0,3279362,3072,128,True,5,,,,,,,,,,,,,,,,,,,,,,,,,,
depression_extreme_binary,lstm,,120m,2,True,False,0.5414435976547316,0.4953205271512883,0.7269226807915838,0.735730593607306,0.8337671232876713,2,5615,1215,1205,12,0,3.5880682190259297,32,240,176,5.0,3279362,3072,128,True,5,0.8046304541406946,0.7677451629515192,0.6774298031441777,0.8545922165820643,0.8166497461928934,0.7188405797101449,,,,0.7777777777777778,0.735730593607306,0.6213048216248165,0.7881278538812785,0.6833333333333333,,,,0.7784232365145228,0.6558436378141205,0.5855751531865507,0.7046509772636618,0.8073394495412844,0.5043478260869565,,,
depression_extreme_binary,lstm,,120m,3,False,False,0.5076038333632961,0.489501326761128,0.7442095196056795,0.7190639269406393,0.8243226788432267,2,5615,1215,1205,12,0,3.5880682190259297,32,240,176,5.0,3279362,3072,128,True,5,,,,,,,,,,,,,,,,,,,,,,,,,,
depression_extreme_binary,lstm,,120m,4,False,False,0.4852902525466994,0.4774923923574848,0.7620105936879276,0.6837899543378996,0.8280441400304414,2,5615,1215,1205,12,0,3.5880682190259297,32,240,176,5.0,3279362,3072,128,True,5,,,,,,,,,,,,,,,,,,,,,,,,,,
depression_extreme_binary,lstm,,120m,5,False,False,0.4577279020130687,0.4859960497161488,0.7871875229897742,0.7341324200913242,0.8263470319634705,2,5615,1215,1205,12,0,3.5880682190259297,32,240,176,5.0,3279362,3072,128,True,5,,,,,,,,,,,,,,,,,,,,,,,,,,
depression_extreme_binary,lstm,,120m,6,False,False,0.4345559032814691,0.5038963983088364,0.8069771205767675,0.7131849315068493,0.8133409436834094,2,5615,1215,1205,12,0,3.5880682190259297,32,240,176,5.0,3279362,3072,128,True,5,,,,,,,,,,,,,,,,,,,,,,,,,,
depression_extreme_binary,lstm,,120m,7,False,False,0.4015570195997175,0.4943132516287972,0.8274038107849628,0.7098744292237442,0.8069939117199392,2,5615,1215,1205,12,0,3.5880682190259297,32,240,176,5.0,3279362,3072,128,True,5,,,,,,,,,,,,,,,,,,,,,,,,,,
depression_extreme_binary,lstm,,120m,8,False,False,0.3867841588261927,0.501290617312914,0.8392746266460678,0.7305365296803653,0.811324200913242,2,5615,1215,1205,12,0,3.5880682190259297,32,240,176,5.0,3279362,3072,128,True,5,,,,,,,,,,,,,,,,,,,,,,,,,,
depression_extreme_binary,lstm,,120m,9,False,False,0.3625050628811572,0.4981273382779502,0.8492518207901125,0.6857876712328768,0.8074809741248097,2,5615,1215,1205,12,0,3.5880682190259297,32,240,176,5.0,3279362,3072,128,True,5,,,,,,,,,,,,,,,,,,,,,,,,,,
depression_extreme_binary,lstm,,120m,10,False,False,0.3511341753806371,0.548707685892474,0.8594739939674834,0.6535958904109589,0.7710806697108068,2,5615,1215,1205,12,0,3.5880682190259297,32,240,176,5.0,3279362,3072,128,True,5,,,,,,,,,,,,,,,,,,,,,,,,,,
depression_extreme_binary,lstm,,120m,11,False,False,0.3152259552149717,0.5267473857098646,0.8759729272419627,0.6316780821917808,0.7846194824961948,2,5615,1215,1205,12,0,3.5880682190259297,32,240,176,5.0,3279362,3072,128,True,5,,,,,,,,,,,,,,,,,,,,,,,,,,
depression_extreme_binary,lstm,,120m,12,False,False,0.3045060398795195,0.5447717361980015,0.879179724858383,0.6876141552511416,0.7825342465753425,2,5615,1215,1205,12,0,3.5880682190259297,32,240,176,5.0,3279362,3072,128,True,5,,,,,,,,,,,,,,,,,,,,,,,,,,
depression_extreme_binary,lstm,,240m,1,False,False,0.6108398191226134,0.4982197591797314,0.6465614654601632,0.7341324200913242,0.8350913242009133,2,5615,1215,1205,15,0,7.221135044097901,32,480,176,5.0,3279362,3072,128,True,5,,,,,,,,,,,,,,,,,,,,,,,,,,
depression_extreme_binary,lstm,,240m,2,False,False,0.5333238102130771,0.5386853029698502,0.7363400279555654,0.7337328767123288,0.8288356164383561,2,5615,1215,1205,15,0,7.221135044097901,32,480,176,5.0,3279362,3072,128,True,5,,,,,,,,,,,,,,,,,,,,,,,,,,
depression_extreme_binary,lstm,,240m,3,False,False,0.4921843032749869,0.4846044372874523,0.7610475980283969,0.7362442922374429,0.8367123287671233,2,5615,1215,1205,15,0,7.221135044097901,32,480,176,5.0,3279362,3072,128,True,5,,,,,,,,,,,,,,,,,,,,,,,,,,
depression_extreme_binary,lstm,,240m,4,False,False,0.465454033051658,0.494907924226282,0.7813381887736335,0.7252283105022831,0.8163546423135465,2,5615,1215,1205,15,0,7.221135044097901,32,480,176,5.0,3279362,3072,128,True,5,,,,,,,,,,,,,,,,,,,,,,,,,,
depression_extreme_binary,lstm,,240m,5,True,False,0.4411537084108151,0.462214280450295,0.8046877069079673,0.7075913242009132,0.8392313546423135,2,5615,1215,1205,15,0,7.221135044097901,32,480,176,5.0,3279362,3072,128,True,5,0.8692787177203918,0.8264069741778857,0.756755171197578,0.9171870815861105,0.883248730964467,0.7695652173913043,,,,0.8139917695473251,0.7075913242009132,0.6348653766369159,0.8401826484018264,0.575,,,,0.8240663900414937,0.6694056641404069,0.6200411698912449,0.7531870761866772,0.8605504587155963,0.4782608695652174,,,
depression_extreme_binary,lstm,,240m,6,False,False,0.4232845924894192,0.4846056836132159,0.8167932023835798,0.7393835616438356,0.829771689497717,2,5615,1215,1205,15,0,7.221135044097901,32,480,176,5.0,3279362,3072,128,True,5,,,,,,,,,,,,,,,,,,,,,,,,,,
depression_extreme_binary,lstm,,240m,7,False,False,0.4010571992036389,0.479726746739674,0.8262451261678805,0.7159817351598173,0.818820395738204,2,5615,1215,1205,15,0,7.221135044097901,32,480,176,5.0,3279362,3072,128,True,5,,,,,,,,,,,,,,,,,,,,,,,,,,
depression_extreme_binary,lstm,,240m,8,False,False,0.3624591845385431,0.4963504024003268,0.8506591628043846,0.6857305936073059,0.8090715372907153,2,5615,1215,1205,15,0,7.221135044097901,32,480,176,5.0,3279362,3072,128,True,5,,,,,,,,,,,,,,,,,,,,,,,,,,
depression_extreme_binary,lstm,,240m,9,False,False,0.3389799994384191,0.5236993396233138,0.8600831310233208,0.6502283105022831,0.7828767123287671,2,5615,1215,1205,15,0,7.221135044097901,32,480,176,5.0,3279362,3072,128,True,5,,,,,,,,,,,,,,,,,,,,,,,,,,
depression_extreme_binary,lstm,,240m,10,False,False,0.3084032773493871,0.5245420991147988,0.8837305966306187,0.6446917808219178,0.7885388127853882,2,5615,1215,1205,15,0,7.221135044097901,32,480,176,5.0,3279362,3072,128,True,5,,,,,,,,,,,,,,,,,,,,,,,,,,
depression_extreme_binary,lstm,,240m,11,False,False,0.2834884539472133,0.5394496511039419,0.8974288236592364,0.703310502283105,0.788021308980213,2,5615,1215,1205,15,0,7.221135044097901,32,480,176,5.0,3279362,3072,128,True,5,,,,,,,,,,,,,,,,,,,,,,,,,,
depression_extreme_binary,lstm,,240m,12,False,False,0.2657739299859517,0.5405969006043894,0.904517766497462,0.6666666666666667,0.786689497716895,2,5615,1215,1205,15,0,7.221135044097901,32,480,176,5.0,3279362,3072,128,True,5,,,,,,,,,,,,,,,,,,,,,,,,,,
depression_extreme_binary,lstm,,240m,13,False,False,0.2298374838045634,0.5546172361315033,0.9177996027367028,0.6715753424657535,0.7827777777777778,2,5615,1215,1205,15,0,7.221135044097901,32,480,176,5.0,3279362,3072,128,True,5,,,,,,,,,,,,,,,,,,,,,,,,,,
depression_extreme_binary,lstm,,240m,14,False,False,0.1975404731949205,0.5748485145745454,0.948052674170529,0.6367009132420092,0.7733713850837138,2,5615,1215,1205,15,0,7.221135044097901,32,480,176,5.0,3279362,3072,128,True,5,,,,,,,,,,,,,,,,,,,,,,,,,,
depression_extreme_binary,lstm,,240m,15,False,False,0.1778681178133559,0.6356492079825068,0.946418009269477,0.5964041095890411,0.7906088280060883,2,5615,1215,1205,15,0,7.221135044097901,32,480,176,5.0,3279362,3072,128,True,5,,,,,,,,,,,,,,,,,,,,,,,,,,
depression_extreme_binary,transformer,,30s,1,False,False,0.6524899429544634,0.5604608585314496,0.6346862355624219,0.7111301369863013,0.7897640791476407,2,5615,1215,1205,12,0,2.102605164051056,32,1,176,5.0,592002,3072,128,True,5,,,,,,,,,,,,,,,,,,,,,,,,,,
depression_extreme_binary,transformer,,30s,2,True,False,0.6022938460562767,0.6745086080743452,0.6823372323990289,0.7015410958904109,0.8047184170471842,2,5615,1215,1205,12,0,2.102605164051056,32,1,176,5.0,592002,3072,128,True,5,0.6042742653606411,0.7258132862502759,0.5348685399578521,0.8136662988302803,0.5646700507614213,0.8869565217391304,,,,0.5489711934156378,0.7015410958904109,0.4761513623746672,0.5114155251141552,0.8916666666666667,,,,0.566804979253112,0.6711009174311926,0.47714260064637115,0.7346310331072996,0.5422018348623853,0.8,,,
depression_extreme_binary,transformer,,30s,3,False,False,0.5729515945922022,0.5687738904246578,0.7071956153902744,0.7134703196347032,0.7828538812785388,2,5615,1215,1205,12,0,2.102605164051056,32,1,176,5.0,592002,3072,128,True,5,,,,,,,,,,,,,,,,,,,,,,,,,,
depression_extreme_binary,transformer,,30s,4,False,False,0.5450333260683109,0.5494145581751694,0.7223048627970279,0.667351598173516,0.7690563165905631,2,5615,1215,1205,12,0,2.102605164051056,32,1,176,5.0,592002,3072,128,True,5,,,,,,,,,,,,,,,,,,,,,,,,,,
depression_extreme_binary,transformer,,30s,5,False,False,0.5374125897884369,0.6563971048029362,0.7384955491797249,0.6719178082191781,0.7453500761035007,2,5615,1215,1205,12,0,2.102605164051056,32,1,176,5.0,592002,3072,128,True,5,,,,,,,,,,,,,,,,,,,,,,,,,,
depression_extreme_binary,transformer,,30s,6,False,False,0.5244720121419334,0.690467625390355,0.7303038328551461,0.6815639269406393,0.7478082191780822,2,5615,1215,1205,12,0,2.102605164051056,32,1,176,5.0,592002,3072,128,True,5,,,,,,,,,,,,,,,,,,,,,,,,,,
depression_extreme_binary,transformer,,30s,7,False,False,0.5075165755177649,0.658321825859478,0.75242845582285,0.6470319634703197,0.7421308980213089,2,5615,1215,1205,12,0,2.102605164051056,32,1,176,5.0,592002,3072,128,True,5,,,,,,,,,,,,,,,,,,,,,,,,,,
depression_extreme_binary,transformer,,30s,8,False,False,0.4994441127310028,0.696087591442061,0.7476605605826528,0.6753424657534246,0.7521765601217656,2,5615,1215,1205,12,0,2.102605164051056,32,1,176,5.0,592002,3072,128,True,5,,,,,,,,,,,,,,,,,,,,,,,,,,
depression_extreme_binary,transformer,,30s,9,False,False,0.4741633492395056,0.67988219378907,0.7673905686750533,0.6573059360730593,0.7159893455098936,2,5615,1215,1205,12,0,2.102605164051056,32,1,176,5.0,592002,3072,128,True,5,,,,,,,,,,,,,,,,,,,,,,,,,,
depression_extreme_binary,transformer,,30s,10,False,False,0.4636992509675047,0.8166246023197723,0.7766953579048039,0.650513698630137,0.7260121765601217,2,5615,1215,1205,12,0,2.102605164051056,32,1,176,5.0,592002,3072,128,True,5,,,,,,,,,,,,,,,,,,,,,,,,,,
depression_extreme_binary,transformer,,30s,11,False,False,0.4520327695596462,0.6910066354421922,0.7826079599794011,0.6731735159817351,0.7337823439878234,2,5615,1215,1205,12,0,2.102605164051056,32,1,176,5.0,592002,3072,128,True,5,,,,,,,,,,,,,,,,,,,,,,,,,,
depression_extreme_binary,transformer,,30s,12,False,False,0.4327939390499254,0.6920221155072436,0.7800912234238211,0.678824200913242,0.7343074581430746,2,5615,1215,1205,12,0,2.102605164051056,32,1,176,5.0,592002,3072,128,True,5,,,,,,,,,,,,,,,,,,,,,,,,,,
depression_extreme_binary,transformer,,10m,1,True,False,0.6340038571204868,0.5446618098535655,0.6577628190980651,0.7505136986301371,0.8301141552511415,2,5615,1215,1205,11,0,2.20661967198054,32,20,176,5.0,592002,3072,128,True,5,0.7050756901157613,0.7290642242330612,0.596875809635192,0.799070109615243,0.697258883248731,0.7608695652173914,,,,0.6773662551440329,0.7505136986301371,0.5632798573975044,0.6593607305936073,0.8416666666666667,,,,0.6904564315352697,0.7083366573593937,0.5554820403726923,0.7476665337056243,0.6862385321100918,0.7304347826086957,,,
depression_extreme_binary,transformer,,10m,2,False,False,0.5748013751164994,0.5093291439637235,0.7105738247627456,0.7283675799086757,0.817275494672755,2,5615,1215,1205,11,0,2.20661967198054,32,20,176,5.0,592002,3072,128,True,5,,,,,,,,,,,,,,,,,,,,,,,,,,
depression_extreme_binary,transformer,,10m,3,False,False,0.5609459076571018,0.5172018045015296,0.7318023982932391,0.7325342465753424,0.8206316590563166,2,5615,1215,1205,11,0,2.20661967198054,32,20,176,5.0,592002,3072,128,True,5,,,,,,,,,,,,,,,,,,,,,,,,,,
depression_extreme_binary,transformer,,10m,4,False,False,0.5502134803460309,0.5117140706674552,0.7292223938792025,0.7363013698630136,0.8032420091324202,2,5615,1215,1205,11,0,2.20661967198054,32,20,176,5.0,592002,3072,128,True,5,,,,,,,,,,,,,,,,,,,,,,,,,,
depression_extreme_binary,transformer,,10m,5,False,False,0.5193902364397092,0.6251334517090409,0.7442543956448171,0.7184931506849315,0.7946423135464231,2,5615,1215,1205,11,0,2.20661967198054,32,20,176,5.0,592002,3072,128,True,5,,,,,,,,,,,,,,,,,,,,,,,,,,
depression_extreme_binary,transformer,,10m,6,False,False,0.5123237707842065,0.6004734614749013,0.756240712131244,0.7126141552511416,0.796248097412481,2,5615,1215,1205,11,0,2.20661967198054,32,20,176,5.0,592002,3072,128,True,5,,,,,,,,,,,,,,,,,,,,,,,,,,
depression_extreme_binary,transformer,,10m,7,False,False,0.5010190527670529,0.5127285076757517,0.7654300007356727,0.7112442922374429,0.8025875190258751,2,5615,1215,1205,11,0,2.20661967198054,32,20,176,5.0,592002,3072,128,True,5,,,,,,,,,,,,,,,,,,,,,,,,,,
depression_extreme_binary,transformer,,10m,8,False,False,0.5060037076314007,0.609455511182424,0.7489663797542853,0.7073630136986302,0.7776940639269406,2,5615,1215,1205,11,0,2.20661967198054,32,20,176,5.0,592002,3072,128,True,5,,,,,,,,,,,,,,,,,,,,,,,,,,
depression_extreme_binary,transformer,,10m,9,False,False,0.4767348942858559,0.6101450484721258,0.7595350548076216,0.7178082191780822,0.7719558599695585,2,5615,1215,1205,11,0,2.20661967198054,32,20,176,5.0,592002,3072,128,True,5,,,,,,,,,,,,,,,,,,,,,,,,,,
depression_extreme_binary,transformer,,10m,10,False,False,0.4634829088979179,0.5484454104929795,0.7858110792319576,0.6959474885844749,0.7884703196347032,2,5615,1215,1205,11,0,2.20661967198054,32,20,176,5.0,592002,3072,128,True,5,,,,,,,,,,,,,,,,,,,,,,,,,,
depression_extreme_binary,transformer,,10m,11,False,False,0.4593184440346138,0.6285208563991044,0.778554403001545,0.7435502283105022,0.7904870624048707,2,5615,1215,1205,11,0,2.20661967198054,32,20,176,5.0,592002,3072,128,True,5,,,,,,,,,,,,,,,,,,,,,,,,,,
depression_extreme_binary,transformer,,40m,1,False,False,0.6329313639647602,0.4880413249686912,0.6529699109835945,0.7374429223744292,0.8288203957382039,2,5615,1215,1205,12,0,2.92353405157725,32,80,176,5.0,592002,3072,128,True,5,,,,,,,,,,,,,,,,,,,,,,,,,,
depression_extreme_binary,transformer,,40m,2,True,False,0.581832287562074,0.5143452198417099,0.6957102920620908,0.7539383561643835,0.8329375951293759,2,5615,1215,1205,12,0,2.92353405157725,32,80,176,5.0,592002,3072,128,True,5,0.7335707925200357,0.7509159126020746,0.6219539988615469,0.827471786949165,0.7279187817258883,0.7739130434782608,,,,0.7102880658436214,0.7539383561643835,0.5842374186323231,0.6995433789954338,0.8083333333333333,,,,0.7103734439834025,0.7037893897088153,0.565377130638512,0.7493418428400479,0.7119266055045872,0.6956521739130435,,,
depression_extreme_binary,transformer,,40m,3,False,False,0.5467279682282561,0.4800129510738231,0.714582505701464,0.7139840182648401,0.8255936073059361,2,5615,1215,1205,12,0,2.92353405157725,32,80,176,5.0,592002,3072,128,True,5,,,,,,,,,,,,,,,,,,,,,,,,,,
depression_extreme_binary,transformer,,40m,4,False,False,0.5471122038863327,0.5819029825705069,0.7283999117192672,0.7178082191780822,0.796392694063927,2,5615,1215,1205,12,0,2.92353405157725,32,80,176,5.0,592002,3072,128,True,5,,,,,,,,,,,,,,,,,,,,,,,,,,
depression_extreme_binary,transformer,,40m,5,False,False,0.5226295751115624,0.5732158277015137,0.751038769955124,0.7450342465753425,0.8076636225266361,2,5615,1215,1205,12,0,2.92353405157725,32,80,176,5.0,592002,3072,128,True,5,,,,,,,,,,,,,,,,,,,,,,,,,,
depression_extreme_binary,transformer,,40m,6,False,False,0.5080523333428486,0.5472486647068228,0.7408416096520267,0.6986301369863013,0.7807914764079148,2,5615,1215,1205,12,0,2.92353405157725,32,80,176,5.0,592002,3072,128,True,5,,,,,,,,,,,,,,,,,,,,,,,,,,
depression_extreme_binary,transformer,,40m,7,False,False,0.4901187827304762,0.6073286501959028,0.7675134260281027,0.7118721461187214,0.7821993911719939,2,5615,1215,1205,12,0,2.92353405157725,32,80,176,5.0,592002,3072,128,True,5,,,,,,,,,,,,,,,,,,,,,,,,,,
depression_extreme_binary,transformer,,40m,8,False,False,0.4827383247370818,0.5754333492169165,0.7634804678878835,0.6857876712328768,0.7665981735159817,2,5615,1215,1205,12,0,2.92353405157725,32,80,176,5.0,592002,3072,128,True,5,,,,,,,,,,,,,,,,,,,,,,,,,,
depression_extreme_binary,transformer,,40m,9,False,False,0.4482993587519798,0.5850904919973616,0.7799198116677701,0.7031963470319634,0.7847869101978691,2,5615,1215,1205,12,0,2.92353405157725,32,80,176,5.0,592002,3072,128,True,5,,,,,,,,,,,,,,,,,,,,,,,,,,
depression_extreme_binary,transformer,,40m,10,False,False,0.44122270750129,0.6445219213089335,0.7989215037151475,0.6716324200913242,0.7685540334855404,2,5615,1215,1205,12,0,2.92353405157725,32,80,176,5.0,592002,3072,128,True,5,,,,,,,,,,,,,,,,,,,,,,,,,,
depression_extreme_binary,transformer,,40m,11,False,False,0.4244258721864128,0.688552004908338,0.8012322518943573,0.6447488584474885,0.7352587519025875,2,5615,1215,1205,12,0,2.92353405157725,32,80,176,5.0,592002,3072,128,True,5,,,,,,,,,,,,,,,,,,,,,,,,,,
depression_extreme_binary,transformer,,40m,12,False,False,0.4065533202562816,0.6800021491423556,0.8064202162877951,0.6607876712328766,0.757716894977169,2,5615,1215,1205,12,0,2.92353405157725,32,80,176,5.0,592002,3072,128,True,5,,,,,,,,,,,,,,,,,,,,,,,,,,
depression_extreme_binary,transformer,,80m,1,True,False,0.6313589264427246,0.5458329559844217,0.6580460531155742,0.7535388127853881,0.8350304414003045,2,5615,1215,1205,11,0,3.6511031945546466,32,160,176,5.0,592002,3072,128,True,5,0.6870881567230632,0.7312727138968587,0.5866341556902526,0.8037461928934011,0.6726903553299493,0.7898550724637681,,,,0.6493827160493827,0.7535388127853881,0.5472825934841021,0.6237442922374429,0.8833333333333333,,,,0.6589211618257261,0.6986836856800958,0.5350333899455565,0.7385640207419226,0.6495412844036698,0.7478260869565218,,,
depression_extreme_binary,transformer,,80m,2,False,False,0.5611612402214499,0.5521010699340836,0.7128529390127272,0.7284246575342466,0.8215677321156774,2,5615,1215,1205,11,0,3.6511031945546466,32,160,176,5.0,592002,3072,128,True,5,,,,,,,,,,,,,,,,,,,,,,,,,,
depression_extreme_binary,transformer,,80m,3,False,False,0.5501848311479455,0.5298847038559462,0.7309482822040756,0.7245433789954339,0.8038280060882801,2,5615,1215,1205,11,0,3.6511031945546466,32,160,176,5.0,592002,3072,128,True,5,,,,,,,,,,,,,,,,,,,,,,,,,,
depression_extreme_binary,transformer,,80m,4,False,False,0.5129150887418834,0.5616748731322739,0.751374972412271,0.7324771689497718,0.8005631659056317,2,5615,1215,1205,11,0,3.6511031945546466,32,160,176,5.0,592002,3072,128,True,5,,,,,,,,,,,,,,,,,,,,,,,,,,
depression_extreme_binary,transformer,,80m,5,False,False,0.4930907395888096,0.5312036192466202,0.7685529316559994,0.6786529680365296,0.8002739726027397,2,5615,1215,1205,11,0,3.6511031945546466,32,160,176,5.0,592002,3072,128,True,5,,,,,,,,,,,,,,,,,,,,,,,,,,
depression_extreme_binary,transformer,,80m,6,False,False,0.4649773157396596,0.6433908897172277,0.7724527330243507,0.6462328767123288,0.7764764079147641,2,5615,1215,1205,11,0,3.6511031945546466,32,160,176,5.0,592002,3072,128,True,5,,,,,,,,,,,,,,,,,,,,,,,,,,
depression_extreme_binary,transformer,,80m,7,False,False,0.4706516079359148,0.6959427859312223,0.7712065033473112,0.7106164383561644,0.7693911719939117,2,5615,1215,1205,11,0,3.6511031945546466,32,160,176,5.0,592002,3072,128,True,5,,,,,,,,,,,,,,,,,,,,,,,,,,
depression_extreme_binary,transformer,,80m,8,False,False,0.4332612127516806,0.6815378453505874,0.803549621128522,0.695148401826484,0.7743226788432269,2,5615,1215,1205,11,0,3.6511031945546466,32,160,176,5.0,592002,3072,128,True,5,,,,,,,,,,,,,,,,,,,,,,,,,,
depression_extreme_binary,transformer,,80m,9,False,False,0.4113068992393099,0.6959966803283848,0.8129522548370485,0.6761986301369862,0.7644292237442922,2,5615,1215,1205,11,0,3.6511031945546466,32,160,176,5.0,592002,3072,128,True,5,,,,,,,,,,,,,,,,,,,,,,,,,,
depression_extreme_binary,transformer,,80m,10,False,False,0.4017120239889632,0.697694735958743,0.8201221216802765,0.6427511415525113,0.7628462709284628,2,5615,1215,1205,11,0,3.6511031945546466,32,160,176,5.0,592002,3072,128,True,5,,,,,,,,,,,,,,,,,,,,,,,,,,
depression_extreme_binary,transformer,,80m,11,False,False,0.3664734980939014,0.757919998522158,0.8437659089237107,0.6500570776255707,0.7500913242009132,2,5615,1215,1205,11,0,3.6511031945546466,32,160,176,5.0,592002,3072,128,True,5,,,,,,,,,,,,,,,,,,,,,,,,,,
depression_extreme_binary,transformer,,120m,1,True,False,0.6216631355502196,0.6135755399127065,0.662933127344957,0.7494292237442922,0.835882800608828,2,5615,1215,1205,11,0,4.109647762775421,32,240,176,5.0,592002,3072,128,True,5,0.6153161175422974,0.7271227837857721,0.5419652908152568,0.8081809755020967,0.5788832487309644,0.8753623188405797,,,,0.588477366255144,0.7494292237442922,0.5097073901421727,0.5488584474885845,0.95,,,,0.5925311203319502,0.6814319904268049,0.49387981704036177,0.7510490626246509,0.5715596330275229,0.7913043478260869,,,
depression_extreme_binary,transformer,,120m,2,False,False,0.5785123115337436,0.5003147093111595,0.711015228426396,0.7511415525114156,0.8340258751902588,2,5615,1215,1205,11,0,4.109647762775421,32,240,176,5.0,592002,3072,128,True,5,,,,,,,,,,,,,,,,,,,,,,,,,,
depression_extreme_binary,transformer,,120m,3,False,False,0.5411716809149629,0.4784286806612839,0.7334547193408372,0.7481164383561644,0.8257001522070015,2,5615,1215,1205,11,0,4.109647762775421,32,240,176,5.0,592002,3072,128,True,5,,,,,,,,,,,,,,,,,,,,,,,,,,
depression_extreme_binary,transformer,,120m,4,False,False,0.5292182265597587,0.5316455262923927,0.736217170602516,0.7352739726027397,0.813675799086758,2,5615,1215,1205,11,0,4.109647762775421,32,240,176,5.0,592002,3072,128,True,5,,,,,,,,,,,,,,,,,,,,,,,,,,
depression_extreme_binary,transformer,,120m,5,False,False,0.4929583717114354,0.6225248739062023,0.7653358346207606,0.7414954337899543,0.8034474885844749,2,5615,1215,1205,11,0,4.109647762775421,32,240,176,5.0,592002,3072,128,True,5,,,,,,,,,,,,,,,,,,,,,,,,,,
depression_extreme_binary,transformer,,120m,6,False,False,0.5009350202626027,0.5731943805031325,0.7515324063856397,0.7111872146118721,0.7879984779299848,2,5615,1215,1205,11,0,4.109647762775421,32,240,176,5.0,592002,3072,128,True,5,,,,,,,,,,,,,,,,,,,,,,,,,,
depression_extreme_binary,transformer,,120m,7,False,False,0.4558569494465686,0.6147658053248998,0.7802942691091003,0.6904680365296804,0.747351598173516,2,5615,1215,1205,11,0,4.109647762775421,32,240,176,5.0,592002,3072,128,True,5,,,,,,,,,,,,,,,,,,,,,,,,,,
depression_extreme_binary,transformer,,120m,8,False,False,0.439489982325587,0.6716554119263166,0.7945214448613256,0.7264269406392694,0.789041095890411,2,5615,1215,1205,11,0,4.109647762775421,32,240,176,5.0,592002,3072,128,True,5,,,,,,,,,,,,,,,,,,,,,,,,,,
depression_extreme_binary,transformer,,120m,9,False,False,0.439354552250299,0.6662078370773252,0.7955822849996321,0.6686643835616438,0.7535083713850836,2,5615,1215,1205,11,0,4.109647762775421,32,240,176,5.0,592002,3072,128,True,5,,,,,,,,,,,,,,,,,,,,,,,,,,
depression_extreme_binary,transformer,,120m,10,False,False,0.3937893232329021,0.6189060043405603,0.8209902155521224,0.702568493150685,0.7805251141552512,2,5615,1215,1205,11,0,4.109647762775421,32,240,176,5.0,592002,3072,128,True,5,,,,,,,,,,,,,,,,,,,,,,,,,,
depression_extreme_binary,transformer,,120m,11,False,False,0.3471330115281357,0.7376973630714809,0.8430449496064151,0.666324200913242,0.7577777777777779,2,5615,1215,1205,11,0,4.109647762775421,32,240,176,5.0,592002,3072,128,True,5,,,,,,,,,,,,,,,,,,,,,,,,,,
depression_extreme_binary,transformer,,240m,1,False,False,0.6119557218262901,0.518575238568302,0.6728293974839992,0.7629566210045662,0.82441400304414,2,5615,1215,1205,12,0,5.9219208319981895,32,480,176,5.0,592002,3072,128,True,5,,,,,,,,,,,,,,,,,,,,,,,,,,
depression_extreme_binary,transformer,,240m,2,True,False,0.5540786139050022,0.5054533473994016,0.723411314647245,0.7687785388127855,0.8274885844748859,2,5615,1215,1205,12,0,5.9219208319981895,32,480,176,5.0,592002,3072,128,True,5,0.739626001780944,0.7612219524755388,0.6293219946522789,0.834611932612374,0.7325888324873097,0.7898550724637681,,,,0.7102880658436214,0.7687785388127855,0.5884938381840155,0.6958904109589041,0.8416666666666667,,,,0.7145228215767635,0.7021938571998405,0.5672237674041778,0.7463901076984444,0.7174311926605504,0.6869565217391305,,,
depression_extreme_binary,transformer,,240m,3,False,False,0.5309080696381954,0.482753411683526,0.7395284337526669,0.679337899543379,0.822054794520548,2,5615,1215,1205,12,0,5.9219208319981895,32,480,176,5.0,592002,3072,128,True,5,,,,,,,,,,,,,,,,,,,,,,,,,,
depression_extreme_binary,transformer,,240m,4,False,False,0.5001867323397317,0.5247542522571705,0.7660325167365556,0.727283105022831,0.8088432267884322,2,5615,1215,1205,12,0,5.9219208319981895,32,480,176,5.0,592002,3072,128,True,5,,,,,,,,,,,,,,,,,,,,,,,,,,
depression_extreme_binary,transformer,,240m,5,False,False,0.4533579991209857,0.5796939103446379,0.7877929816817479,0.7083904109589041,0.785662100456621,2,5615,1215,1205,12,0,5.9219208319981895,32,480,176,5.0,592002,3072,128,True,5,,,,,,,,,,,,,,,,,,,,,,,,,,
depression_extreme_binary,transformer,,240m,6,False,False,0.3986366626230182,0.6837614796779774,0.8217008754505996,0.6357876712328767,0.7539193302891933,2,5615,1215,1205,12,0,5.9219208319981895,32,480,176,5.0,592002,3072,128,True,5,,,,,,,,,,,,,,,,,,,,,,,,,,
depression_extreme_binary,transformer,,240m,7,False,False,0.3747006760573451,0.7479456464940137,0.8333480467887884,0.6117579908675799,0.7325951293759513,2,5615,1215,1205,12,0,5.9219208319981895,32,480,176,5.0,592002,3072,128,True,5,,,,,,,,,,,,,,,,,,,,,,,,,,
depression_extreme_binary,transformer,,240m,8,False,False,0.3369089760118473,0.8321184383498298,0.8562495402045169,0.6377853881278539,0.7493911719939117,2,5615,1215,1205,12,0,5.9219208319981895,32,480,176,5.0,592002,3072,128,True,5,,,,,,,,,,,,,,,,,,,,,,,,,,
depression_extreme_binary,transformer,,240m,9,False,False,0.3198133042876676,0.9974430252004552,0.8720591480909292,0.5698630136986301,0.7609208523592086,2,5615,1215,1205,12,0,5.9219208319981895,32,480,176,5.0,592002,3072,128,True,5,,,,,,,,,,,,,,,,,,,,,,,,,,
depression_extreme_binary,transformer,,240m,10,False,False,0.253279266583394,1.0668095930123034,0.8992282792613846,0.6049086757990868,0.7375418569254185,2,5615,1215,1205,12,0,5.9219208319981895,32,480,176,5.0,592002,3072,128,True,5,,,,,,,,,,,,,,,,,,,,,,,,,,
depression_extreme_binary,transformer,,240m,11,False,False,0.2367847549592212,1.6946275753984723,0.9082182005443978,0.5315068493150685,0.7071232876712329,2,5615,1215,1205,12,0,5.9219208319981895,32,480,176,5.0,592002,3072,128,True,5,,,,,,,,,,,,,,,,,,,,,,,,,,
depression_extreme_binary,transformer,,240m,12,False,False,0.2535494421098716,1.3125958650691028,0.902393143529758,0.5707191780821917,0.7028691019786909,2,5615,1215,1205,12,0,5.9219208319981895,32,480,176,5.0,592002,3072,128,True,5,,,,,,,,,,,,,,,,,,,,,,,,,,
osa_binary_apples_postqc,lstm,,30s,1,False,False,0.6719469535806276,0.6492539652386067,0.5824947560167808,0.5850427350427351,0.6202952602952603,2,3795,805,820,14,0,0.8055513978004456,32,1,119,5.0,3279362,3072,128,True,5,,,,,,,,,,,,,,,,,,,,,,,,,,
osa_binary_apples_postqc,lstm,,30s,2,False,False,0.6155665879507153,0.626135632192126,0.6526026716714506,0.5888500388500388,0.6243978243978243,2,3795,805,820,14,0,0.8055513978004456,32,1,119,5.0,3279362,3072,128,True,5,,,,,,,,,,,,,,,,,,,,,,,,,,
osa_binary_apples_postqc,lstm,,30s,3,False,False,0.574208933672572,0.6238837183632465,0.7107087657319497,0.5652292152292152,0.6227816627816629,2,3795,805,820,14,0,0.8055513978004456,32,1,119,5.0,3279362,3072,128,True,5,,,,,,,,,,,,,,,,,,,,,,,,,,
osa_binary_apples_postqc,lstm,,30s,4,True,False,0.5398496782120037,0.6275359212241558,0.7384922168249062,0.5824397824397824,0.6316239316239316,2,3795,805,820,14,0,0.8055513978004456,32,1,119,5.0,3279362,3072,128,True,5,0.7575757575757576,0.803909527489512,0.6763693449450067,0.8878935747405609,0.8696428571428572,0.738176197836167,,,,0.7068322981366459,0.5824397824397824,0.5308857808857809,0.4222222222222222,0.7426573426573426,,,,0.7109756097560975,0.5911011523687579,0.5514668377650429,0.6540204865556979,0.42727272727272725,0.7549295774647887,,,
osa_binary_apples_postqc,lstm,,30s,5,False,False,0.5069120084658285,0.6195280066188078,0.7590127511591963,0.5695415695415695,0.6233721833721834,2,3795,805,820,14,0,0.8055513978004456,32,1,119,5.0,3279362,3072,128,True,5,,,,,,,,,,,,,,,,,,,,,,,,,,
osa_binary_apples_postqc,lstm,,30s,6,False,False,0.4795058374819548,0.6309069283260321,0.7870377014793553,0.5852369852369852,0.6296037296037296,2,3795,805,820,14,0,0.8055513978004456,32,1,119,5.0,3279362,3072,128,True,5,,,,,,,,,,,,,,,,,,,,,,,,,,
osa_binary_apples_postqc,lstm,,30s,7,False,False,0.4589714103772235,0.632877682825053,0.8017346544491057,0.5721833721833722,0.6204817404817404,2,3795,805,820,14,0,0.8055513978004456,32,1,119,5.0,3279362,3072,128,True,5,,,,,,,,,,,,,,,,,,,,,,,,,,
osa_binary_apples_postqc,lstm,,30s,8,False,False,0.4181328104261667,0.6367145601266659,0.8499351402075513,0.582012432012432,0.6132867132867132,2,3795,805,820,14,0,0.8055513978004456,32,1,119,5.0,3279362,3072,128,True,5,,,,,,,,,,,,,,,,,,,,,,,,,,
osa_binary_apples_postqc,lstm,,30s,9,False,False,0.3932565923029255,0.636241784117977,0.8520824133362773,0.5572261072261072,0.6248951048951049,2,3795,805,820,14,0,0.8055513978004456,32,1,119,5.0,3279362,3072,128,True,5,,,,,,,,,,,,,,,,,,,,,,,,,,
osa_binary_apples_postqc,lstm,,30s,10,False,False,0.3618971758287729,0.6423729324562949,0.8761564362994039,0.5502719502719502,0.6267909867909869,2,3795,805,820,14,0,0.8055513978004456,32,1,119,5.0,3279362,3072,128,True,5,,,,,,,,,,,,,,,,,,,,,,,,,,
osa_binary_apples_postqc,lstm,,30s,11,False,False,0.3338395510423482,0.6706383402303139,0.8879195186575403,0.5254856254856255,0.6232944832944833,2,3795,805,820,14,0,0.8055513978004456,32,1,119,5.0,3279362,3072,128,True,5,,,,,,,,,,,,,,,,,,,,,,,,,,
osa_binary_apples_postqc,lstm,,30s,12,False,False,0.3085996681758066,0.655382183693951,0.9002152793111062,0.5655400155400155,0.6197668997668998,2,3795,805,820,14,0,0.8055513978004456,32,1,119,5.0,3279362,3072,128,True,5,,,,,,,,,,,,,,,,,,,,,,,,,,
osa_binary_apples_postqc,lstm,,30s,13,False,False,0.2796693774119353,0.679818057162421,0.9235510046367852,0.5476689976689977,0.6178243978243978,2,3795,805,820,14,0,0.8055513978004456,32,1,119,5.0,3279362,3072,128,True,5,,,,,,,,,,,,,,,,,,,,,,,,,,
osa_binary_apples_postqc,lstm,,30s,14,False,False,0.2572241330256732,0.6758696272876692,0.9373564804592625,0.5372183372183372,0.6148096348096348,2,3795,805,820,14,0,0.8055513978004456,32,1,119,5.0,3279362,3072,128,True,5,,,,,,,,,,,,,,,,,,,,,,,,,,
osa_binary_apples_postqc,lstm,,10m,1,False,False,0.6595116796386729,0.6375881567504835,0.5964064914992272,0.5497668997668997,0.6369541569541569,2,3795,805,820,27,0,1.4616881926854453,32,20,119,5.0,3279362,3072,128,True,5,,,,,,,,,,,,,,,,,,,,,,,,,,
osa_binary_apples_postqc,lstm,,10m,2,False,False,0.6062570840159581,0.6286107516436843,0.6638165157871495,0.5934731934731935,0.6597668997668997,2,3795,805,820,27,0,1.4616881926854453,32,20,119,5.0,3279362,3072,128,True,5,,,,,,,,,,,,,,,,,,,,,,,,,,
osa_binary_apples_postqc,lstm,,10m,3,False,False,0.5763840942043561,0.6857078368619361,0.6896417531463899,0.5871406371406371,0.6401087801087801,2,3795,805,820,27,0,1.4616881926854453,32,20,119,5.0,3279362,3072,128,True,5,,,,,,,,,,,,,,,,,,,,,,,,,,
osa_binary_apples_postqc,lstm,,10m,4,False,False,0.541440812306913,0.5998682731427021,0.7275543718260101,0.5847707847707848,0.6733488733488733,2,3795,805,820,27,0,1.4616881926854453,32,20,119,5.0,3279362,3072,128,True,5,,,,,,,,,,,,,,,,,,,,,,,,,,
osa_binary_apples_postqc,lstm,,10m,5,False,False,0.5051282719268472,0.6364976377220628,0.7690922389048356,0.6327117327117328,0.6853768453768454,2,3795,805,820,27,0,1.4616881926854453,32,20,119,5.0,3279362,3072,128,True,5,,,,,,,,,,,,,,,,,,,,,,,,,,
osa_binary_apples_postqc,lstm,,10m,6,False,False,0.4918653984943083,0.5885017159562673,0.7723034886288364,0.5632867132867133,0.6878321678321677,2,3795,805,820,27,0,1.4616881926854453,32,20,119,5.0,3279362,3072,128,True,5,,,,,,,,,,,,,,,,,,,,,,,,,,
osa_binary_apples_postqc,lstm,,10m,7,False,False,0.461960528710457,0.589687405721001,0.7942826782954294,0.570979020979021,0.685905205905206,2,3795,805,820,27,0,1.4616881926854453,32,20,119,5.0,3279362,3072,128,True,5,,,,,,,,,,,,,,,,,,,,,,,,,,
osa_binary_apples_postqc,lstm,,10m,8,False,False,0.426197292289558,0.5909321098594191,0.8218260101567675,0.5881895881895882,0.6957886557886559,2,3795,805,820,27,0,1.4616881926854453,32,20,119,5.0,3279362,3072,128,True,5,,,,,,,,,,,,,,,,,,,,,,,,,,
osa_binary_apples_postqc,lstm,,10m,9,False,False,0.4070399795282185,0.6029040272931875,0.8246936409803489,0.5832167832167832,0.6883605283605284,2,3795,805,820,27,0,1.4616881926854453,32,20,119,5.0,3279362,3072,128,True,5,,,,,,,,,,,,,,,,,,,,,,,,,,
osa_binary_apples_postqc,lstm,,10m,10,False,False,0.3868168543449974,0.5948421625246912,0.8479093066902186,0.5631701631701631,0.6957886557886557,2,3795,805,820,27,0,1.4616881926854453,32,20,119,5.0,3279362,3072,128,True,5,,,,,,,,,,,,,,,,,,,,,,,,,,
osa_binary_apples_postqc,lstm,,10m,11,False,False,0.365977163489157,0.5971630899802498,0.8565991388827556,0.5815073815073815,0.6967832167832169,2,3795,805,820,27,0,1.4616881926854453,32,20,119,5.0,3279362,3072,128,True,5,,,,,,,,,,,,,,,,,,,,,,,,,,
osa_binary_apples_postqc,lstm,,10m,12,False,False,0.3369501160695776,0.5857144766712781,0.8781477699271363,0.5889665889665889,0.7138150738150738,2,3795,805,820,27,0,1.4616881926854453,32,20,119,5.0,3279362,3072,128,True,5,,,,,,,,,,,,,,,,,,,,,,,,,,
osa_binary_apples_postqc,lstm,,10m,13,False,False,0.3090759001701716,0.6087942455866322,0.9002483992051226,0.5655400155400155,0.7075213675213674,2,3795,805,820,27,0,1.4616881926854453,32,20,119,5.0,3279362,3072,128,True,5,,,,,,,,,,,,,,,,,,,,,,,,,,
osa_binary_apples_postqc,lstm,,10m,14,False,False,0.2873099091024738,0.5858276431604942,0.9080619342018106,0.6111888111888112,0.7171484071484071,2,3795,805,820,27,0,1.4616881926854453,32,20,119,5.0,3279362,3072,128,True,5,,,,,,,,,,,,,,,,,,,,,,,,,,
osa_binary_apples_postqc,lstm,,10m,15,False,False,0.267158079964056,0.6508199896871674,0.9178323029366308,0.5463092463092463,0.7077700077700078,2,3795,805,820,27,0,1.4616881926854453,32,20,119,5.0,3279362,3072,128,True,5,,,,,,,,,,,,,,,,,,,,,,,,,,
osa_binary_apples_postqc,lstm,,10m,16,False,False,0.2483104216408509,0.6353845209068393,0.9250275999116804,0.5523698523698524,0.7050815850815851,2,3795,805,820,27,0,1.4616881926854453,32,20,119,5.0,3279362,3072,128,True,5,,,,,,,,,,,,,,,,,,,,,,,,,,
osa_binary_apples_postqc,lstm,,10m,17,True,False,0.2291645980124731,0.6134431915623801,0.9389365754029588,0.5766511266511267,0.7212432012432011,2,3795,805,820,27,0,1.4616881926854453,32,20,119,5.0,3279362,3072,128,True,5,0.9475625823451911,0.9655511702362553,0.9081463504045146,0.9956607418856259,0.9910714285714286,0.9400309119010819,,,,0.808695652173913,0.5766511266511267,0.5677837280004463,0.2777777777777778,0.8755244755244755,,,,0.8134146341463414,0.6195262483994879,0.614537343423078,0.7338668373879642,0.35454545454545455,0.8845070422535212,,,
osa_binary_apples_postqc,lstm,,10m,18,False,False,0.2053001645937738,0.6551441613931833,0.9458738132037978,0.5476301476301476,0.7156177156177156,2,3795,805,820,27,0,1.4616881926854453,32,20,119,5.0,3279362,3072,128,True,5,,,,,,,,,,,,,,,,,,,,,,,,,,
osa_binary_apples_postqc,lstm,,10m,19,False,False,0.1891380220258974,0.6725823945510462,0.9543221461691322,0.5372183372183372,0.7097435897435898,2,3795,805,820,27,0,1.4616881926854453,32,20,119,5.0,3279362,3072,128,True,5,,,,,,,,,,,,,,,,,,,,,,,,,,
osa_binary_apples_postqc,lstm,,10m,20,False,False,0.1705431338807025,0.7500401363239525,0.96505437182601,0.5262237762237763,0.706029526029526,2,3795,805,820,27,0,1.4616881926854453,32,20,119,5.0,3279362,3072,128,True,5,,,,,,,,,,,,,,,,,,,,,,,,,,
osa_binary_apples_postqc,lstm,,10m,21,False,False,0.1624474940151565,0.6836947664340831,0.9688672996246412,0.5684537684537685,0.7097902097902098,2,3795,805,820,27,0,1.4616881926854453,32,20,119,5.0,3279362,3072,128,True,5,,,,,,,,,,,,,,,,,,,,,,,,,,
osa_binary_apples_postqc,lstm,,10m,22,False,False,0.1449212613470155,0.692372655350229,0.9716314307794216,0.5594017094017094,0.7036985236985237,2,3795,805,820,27,0,1.4616881926854453,32,20,119,5.0,3279362,3072,128,True,5,,,,,,,,,,,,,,,,,,,,,,,,,,
osa_binary_apples_postqc,lstm,,10m,23,False,False,0.1305480476895811,0.7703538097580027,0.977161073084566,0.5358974358974359,0.7042890442890443,2,3795,805,820,27,0,1.4616881926854453,32,20,119,5.0,3279362,3072,128,True,5,,,,,,,,,,,,,,,,,,,,,,,,,,
osa_binary_apples_postqc,lstm,,10m,24,False,False,0.1146862647161182,0.7586252012978429,0.9822780967100906,0.546969696969697,0.7018958818958819,2,3795,805,820,27,0,1.4616881926854453,32,20,119,5.0,3279362,3072,128,True,5,,,,,,,,,,,,,,,,,,,,,,,,,,
osa_binary_apples_postqc,lstm,,10m,25,False,False,0.1004584870201796,0.8376099657938347,0.9850601678074632,0.5373737373737374,0.700932400932401,2,3795,805,820,27,0,1.4616881926854453,32,20,119,5.0,3279362,3072,128,True,5,,,,,,,,,,,,,,,,,,,,,,,,,,
osa_binary_apples_postqc,lstm,,10m,26,False,False,0.0927269333985797,0.8934988567732877,0.9899881320379776,0.5346153846153846,0.7074592074592074,2,3795,805,820,27,0,1.4616881926854453,32,20,119,5.0,3279362,3072,128,True,5,,,,,,,,,,,,,,,,,,,,,,,,,,
osa_binary_apples_postqc,lstm,,10m,27,False,False,0.0865076442854049,0.8120499010041634,0.9902116913225878,0.5386946386946387,0.702999222999223,2,3795,805,820,27,0,1.4616881926854453,32,20,119,5.0,3279362,3072,128,True,5,,,,,,,,,,,,,,,,,,,,,,,,,,
osa_binary_apples_postqc,lstm,,40m,1,False,False,0.6592807156138112,0.6014554481328644,0.6071690770589534,0.570979020979021,0.6754467754467754,2,3795,805,820,40,0,4.153795448939006,32,80,119,5.0,3279362,3072,128,True,5,,,,,,,,,,,,,,,,,,,,,,,,,,
osa_binary_apples_postqc,lstm,,40m,2,False,False,0.5732724966896067,0.5943027716615926,0.7037397880326783,0.5840714840714841,0.6711111111111111,2,3795,805,820,40,0,4.153795448939006,32,80,119,5.0,3279362,3072,128,True,5,,,,,,,,,,,,,,,,,,,,,,,,,,
osa_binary_apples_postqc,lstm,,40m,3,False,False,0.554370840029283,0.6021401755187823,0.7230390262751158,0.5665112665112665,0.6643512043512043,2,3795,805,820,40,0,4.153795448939006,32,80,119,5.0,3279362,3072,128,True,5,,,,,,,,,,,,,,,,,,,,,,,,,,
osa_binary_apples_postqc,lstm,,40m,4,False,False,0.5193911144698875,0.5998611061469369,0.7477492272024729,0.5454545454545454,0.6574825174825174,2,3795,805,820,40,0,4.153795448939006,32,80,119,5.0,3279362,3072,128,True,5,,,,,,,,,,,,,,,,,,,,,,,,,,
osa_binary_apples_postqc,lstm,,40m,5,False,False,0.4826671122091089,0.6128605268016365,0.7713085118127623,0.6128593628593628,0.6764102564102563,2,3795,805,820,40,0,4.153795448939006,32,80,119,5.0,3279362,3072,128,True,5,,,,,,,,,,,,,,,,,,,,,,,,,,
osa_binary_apples_postqc,lstm,,40m,6,False,False,0.4497911629940681,0.5982228783346851,0.7960352726871274,0.5915306915306915,0.6830924630924631,2,3795,805,820,40,0,4.153795448939006,32,80,119,5.0,3279362,3072,128,True,5,,,,,,,,,,,,,,,,,,,,,,,,,,
osa_binary_apples_postqc,lstm,,40m,7,False,False,0.4316230674113523,0.6245933872202168,0.8146652130713181,0.5463092463092463,0.675027195027195,2,3795,805,820,40,0,4.153795448939006,32,80,119,5.0,3279362,3072,128,True,5,,,,,,,,,,,,,,,,,,,,,,,,,,
osa_binary_apples_postqc,lstm,,40m,8,False,False,0.4016237491047272,0.6002069395151197,0.8284030691101789,0.6062548562548562,0.672043512043512,2,3795,805,820,40,0,4.153795448939006,32,80,119,5.0,3279362,3072,128,True,5,,,,,,,,,,,,,,,,,,,,,,,,,,
osa_binary_apples_postqc,lstm,,40m,9,False,False,0.3748978009729674,0.601756219093844,0.8493693420181055,0.5956876456876457,0.6925563325563326,2,3795,805,820,40,0,4.153795448939006,32,80,119,5.0,3279362,3072,128,True,5,,,,,,,,,,,,,,,,,,,,,,,,,,
osa_binary_apples_postqc,lstm,,40m,10,False,False,0.356027098983644,0.6118106954586432,0.8539371274011923,0.5873348873348874,0.6819735819735819,2,3795,805,820,40,0,4.153795448939006,32,80,119,5.0,3279362,3072,128,True,5,,,,,,,,,,,,,,,,,,,,,,,,,,
osa_binary_apples_postqc,lstm,,40m,11,False,False,0.3279033338678055,0.6190357308210053,0.876654614705233,0.5695804195804196,0.6835742035742035,2,3795,805,820,40,0,4.153795448939006,32,80,119,5.0,3279362,3072,128,True,5,,,,,,,,,,,,,,,,,,,,,,,,,,
osa_binary_apples_postqc,lstm,,40m,12,False,False,0.292371249194987,0.6132763399100452,0.900488518436741,0.5854700854700855,0.6973115773115773,2,3795,805,820,40,0,4.153795448939006,32,80,119,5.0,3279362,3072,128,True,5,,,,,,,,,,,,,,,,,,,,,,,,,,
osa_binary_apples_postqc,lstm,,40m,13,False,False,0.2762128035345253,0.6483504760339394,0.9015028151909914,0.566977466977467,0.6901010101010101,2,3795,805,820,40,0,4.153795448939006,32,80,119,5.0,3279362,3072,128,True,5,,,,,,,,,,,,,,,,,,,,,,,,,,
osa_binary_apples_postqc,lstm,,40m,14,False,False,0.2572593490125633,0.6430231292055261,0.9157374696400972,0.5598290598290598,0.672867132867133,2,3795,805,820,40,0,4.153795448939006,32,80,119,5.0,3279362,3072,128,True,5,,,,,,,,,,,,,,,,,,,,,,,,,,
osa_binary_apples_postqc,lstm,,40m,15,False,False,0.2271895292797892,0.6601103860769213,0.9340596710090528,0.5780497280497281,0.6938461538461538,2,3795,805,820,40,0,4.153795448939006,32,80,119,5.0,3279362,3072,128,True,5,,,,,,,,,,,,,,,,,,,,,,,,,,
osa_binary_apples_postqc,lstm,,40m,16,False,False,0.2052383338706138,0.7214220820006376,0.9394692536983882,0.5385780885780885,0.6981662781662782,2,3795,805,820,40,0,4.153795448939006,32,80,119,5.0,3279362,3072,128,True,5,,,,,,,,,,,,,,,,,,,,,,,,,,
osa_binary_apples_postqc,lstm,,40m,17,False,False,0.1820026396723447,0.7023199468665982,0.9590610510046368,0.517016317016317,0.6919502719502719,2,3795,805,820,40,0,4.153795448939006,32,80,119,5.0,3279362,3072,128,True,5,,,,,,,,,,,,,,,,,,,,,,,,,,
osa_binary_apples_postqc,lstm,,40m,18,False,False,0.163477557391046,0.711893663087987,0.9606590858909252,0.5364413364413364,0.6936752136752137,2,3795,805,820,40,0,4.153795448939006,32,80,119,5.0,3279362,3072,128,True,5,,,,,,,,,,,,,,,,,,,,,,,,,,
osa_binary_apples_postqc,lstm,,40m,19,False,False,0.1477095545437653,0.7346217362777047,0.9677163833075736,0.5315850815850816,0.7018181818181819,2,3795,805,820,40,0,4.153795448939006,32,80,119,5.0,3279362,3072,128,True,5,,,,,,,,,,,,,,,,,,,,,,,,,,
osa_binary_apples_postqc,lstm,,40m,20,False,False,0.1300873085581581,0.744556903246767,0.9709276330315744,0.5461926961926962,0.7043045843045843,2,3795,805,820,40,0,4.153795448939006,32,80,119,5.0,3279362,3072,128,True,5,,,,,,,,,,,,,,,,,,,,,,,,,,
osa_binary_apples_postqc,lstm,,40m,21,False,False,0.1124868853191927,0.7789394155052137,0.982707275336719,0.5330613830613831,0.702004662004662,2,3795,805,820,40,0,4.153795448939006,32,80,119,5.0,3279362,3072,128,True,5,,,,,,,,,,,,,,,,,,,,,,,,,,
osa_binary_apples_postqc,lstm,,40m,22,False,False,0.1013344395714315,0.824787222635672,0.9820724773680723,0.5275835275835276,0.7124009324009324,2,3795,805,820,40,0,4.153795448939006,32,80,119,5.0,3279362,3072,128,True,5,,,,,,,,,,,,,,,,,,,,,,,,,,
osa_binary_apples_postqc,lstm,,40m,23,False,False,0.0859691937803751,0.8650864521538989,0.9906408699492162,0.5241258741258742,0.7112820512820512,2,3795,805,820,40,0,4.153795448939006,32,80,119,5.0,3279362,3072,128,True,5,,,,,,,,,,,,,,,,,,,,,,,,,,
osa_binary_apples_postqc,lstm,,40m,24,False,False,0.0792360833088949,0.8592243541101491,0.9891987745639216,0.537995337995338,0.7126495726495726,2,3795,805,820,40,0,4.153795448939006,32,80,119,5.0,3279362,3072,128,True,5,,,,,,,,,,,,,,,,,,,,,,,,,,
osa_binary_apples_postqc,lstm,,40m,25,False,False,0.0708478151731026,0.9107035348874442,0.989353334069331,0.5261849261849262,0.7105982905982905,2,3795,805,820,40,0,4.153795448939006,32,80,119,5.0,3279362,3072,128,True,5,,,,,,,,,,,,,,,,,,,,,,,,,,
osa_binary_apples_postqc,lstm,,40m,26,False,False,0.0610122726800727,0.9479734274171154,0.9944703576948554,0.5324786324786325,0.7135586635586635,2,3795,805,820,40,0,4.153795448939006,32,80,119,5.0,3279362,3072,128,True,5,,,,,,,,,,,,,,,,,,,,,,,,,,
osa_binary_apples_postqc,lstm,,40m,27,False,False,0.0546341038111484,1.018459660777394,0.9943502980790462,0.5234654234654235,0.7097435897435898,2,3795,805,820,40,0,4.153795448939006,32,80,119,5.0,3279362,3072,128,True,5,,,,,,,,,,,,,,,,,,,,,,,,,,
osa_binary_apples_postqc,lstm,,40m,28,False,False,0.0521855523561928,0.9554542858408104,0.9952776551115036,0.5373348873348873,0.7185858585858586,2,3795,805,820,40,0,4.153795448939006,32,80,119,5.0,3279362,3072,128,True,5,,,,,,,,,,,,,,,,,,,,,,,,,,
osa_binary_apples_postqc,lstm,,40m,29,False,False,0.0454660663098999,0.8354764713263659,0.99647963126518,0.5684926184926185,0.717078477078477,2,3795,805,820,40,0,4.153795448939006,32,80,119,5.0,3279362,3072,128,True,5,,,,,,,,,,,,,,,,,,,,,,,,,,
osa_binary_apples_postqc,lstm,,40m,30,False,False,0.0406505199259684,1.019980934465894,0.9962050121439612,0.5276223776223776,0.7155400155400156,2,3795,805,820,40,0,4.153795448939006,32,80,119,5.0,3279362,3072,128,True,5,,,,,,,,,,,,,,,,,,,,,,,,,,
osa_binary_apples_postqc,lstm,,40m,31,False,False,0.0361500133199516,0.9605895364506644,0.9974069882976376,0.5442501942501943,0.7162393162393162,2,3795,805,820,40,0,4.153795448939006,32,80,119,5.0,3279362,3072,128,True,5,,,,,,,,,,,,,,,,,,,,,,,,,,
osa_binary_apples_postqc,lstm,,40m,32,False,False,0.0331172261980996,0.940004547486394,0.9977161073084566,0.5504662004662004,0.7201709401709402,2,3795,805,820,40,0,4.153795448939006,32,80,119,5.0,3279362,3072,128,True,5,,,,,,,,,,,,,,,,,,,,,,,,,,
osa_binary_apples_postqc,lstm,,40m,33,False,False,0.0297150752854402,1.043214211848952,0.9981797858246854,0.544988344988345,0.7165190365190366,2,3795,805,820,40,0,4.153795448939006,32,80,119,5.0,3279362,3072,128,True,5,,,,,,,,,,,,,,,,,,,,,,,,,,
osa_binary_apples_postqc,lstm,,40m,34,False,False,0.0282265454187145,1.0495644897407626,0.9977161073084566,0.5408313908313908,0.7179564879564879,2,3795,805,820,40,0,4.153795448939006,32,80,119,5.0,3279362,3072,128,True,5,,,,,,,,,,,,,,,,,,,,,,,,,,
osa_binary_apples_postqc,lstm,,40m,35,False,False,0.0246189940460664,1.0028268908862,0.999227202472952,0.5540015540015539,0.7202797202797203,2,3795,805,820,40,0,4.153795448939006,32,80,119,5.0,3279362,3072,128,True,5,,,,,,,,,,,,,,,,,,,,,,,,,,
osa_binary_apples_postqc,lstm,,40m,36,False,False,0.0251100602175682,1.0039507390549465,0.998334345330095,0.5456487956487956,0.720932400932401,2,3795,805,820,40,0,4.153795448939006,32,80,119,5.0,3279362,3072,128,True,5,,,,,,,,,,,,,,,,,,,,,,,,,,
osa_binary_apples_postqc,lstm,,40m,37,True,False,0.0243941925937243,1.0260485390698688,0.9990726429675424,0.5435897435897437,0.721973581973582,2,3795,805,820,40,0,4.153795448939006,32,80,119,5.0,3279362,3072,128,True,5,0.9989459815546772,0.9993817619783616,0.9979113303312261,0.9999988960035328,1.0,0.9987635239567233,,,,0.8621118012422361,0.5435897435897437,0.551261770244821,0.13333333333333333,0.9538461538461539,,,,0.8560975609756097,0.6096030729833546,0.6281836486881138,0.7614980793854034,0.2727272727272727,0.9464788732394366,,,
osa_binary_apples_postqc,lstm,,40m,38,False,False,0.0237347298361881,1.0446465978711288,0.998643464340914,0.5463869463869464,0.721134421134421,2,3795,805,820,40,0,4.153795448939006,32,80,119,5.0,3279362,3072,128,True,5,,,,,,,,,,,,,,,,,,,,,,,,,,
osa_binary_apples_postqc,lstm,,40m,39,False,False,0.0226691450084386,1.0766287837339483,0.9990726429675424,0.5373737373737374,0.720963480963481,2,3795,805,820,40,0,4.153795448939006,32,80,119,5.0,3279362,3072,128,True,5,,,,,,,,,,,,,,,,,,,,,,,,,,
osa_binary_apples_postqc,lstm,,40m,40,False,False,0.0223739428156115,1.0650988410718694,0.9995363214837713,0.5373737373737374,0.7213053613053614,2,3795,805,820,40,0,4.153795448939006,32,80,119,5.0,3279362,3072,128,True,5,,,,,,,,,,,,,,,,,,,,,,,,,,
osa_binary_apples_postqc,lstm,,80m,1,False,False,0.6624295907215324,0.6061243666625171,0.5824781960697726,0.5785936285936286,0.6687024087024087,2,3795,805,820,24,0,3.2476498603820803,32,160,119,5.0,3279362,3072,128,True,5,,,,,,,,,,,,,,,,,,,,,,,,,,
osa_binary_apples_postqc,lstm,,80m,2,False,False,0.5889695522656396,0.6122163423840303,0.6929896224332082,0.6011655011655012,0.6751359751359751,2,3795,805,820,24,0,3.2476498603820803,32,160,119,5.0,3279362,3072,128,True,5,,,,,,,,,,,,,,,,,,,,,,,,,,
osa_binary_apples_postqc,lstm,,80m,3,False,False,0.5494755035411071,0.5903287657299398,0.7232115257231178,0.6006216006216006,0.6894017094017093,2,3795,805,820,24,0,3.2476498603820803,32,160,119,5.0,3279362,3072,128,True,5,,,,,,,,,,,,,,,,,,,,,,,,,,
osa_binary_apples_postqc,lstm,,80m,4,False,False,0.5125158300355803,0.5910767976541697,0.7515276551115037,0.5623543123543123,0.6820512820512821,2,3795,805,820,24,0,3.2476498603820803,32,160,119,5.0,3279362,3072,128,True,5,,,,,,,,,,,,,,,,,,,,,,,,,,
osa_binary_apples_postqc,lstm,,80m,5,False,False,0.4984127468349748,0.5740685254150296,0.7680793221461691,0.5785936285936286,0.7093861693861694,2,3795,805,820,24,0,3.2476498603820803,32,160,119,5.0,3279362,3072,128,True,5,,,,,,,,,,,,,,,,,,,,,,,,,,
osa_binary_apples_postqc,lstm,,80m,6,False,False,0.4676307714346683,0.5766387655868294,0.7796188452196953,0.5714452214452215,0.7025796425796426,2,3795,805,820,24,0,3.2476498603820803,32,160,119,5.0,3279362,3072,128,True,5,,,,,,,,,,,,,,,,,,,,,,,,,,
osa_binary_apples_postqc,lstm,,80m,7,False,False,0.4305109410732003,0.5775987012786155,0.8047071649370723,0.5468142968142968,0.7047707847707847,2,3795,805,820,24,0,3.2476498603820803,32,160,119,5.0,3279362,3072,128,True,5,,,,,,,,,,,,,,,,,,,,,,,,,,
osa_binary_apples_postqc,lstm,,80m,8,False,False,0.404055563090504,0.5767043388408163,0.8279407705895341,0.5703185703185703,0.7093706293706294,2,3795,805,820,24,0,3.2476498603820803,32,160,119,5.0,3279362,3072,128,True,5,,,,,,,,,,,,,,,,,,,,,,,,,,
osa_binary_apples_postqc,lstm,,80m,9,False,False,0.3653128150580585,0.5626856661361197,0.8693723780083904,0.6160839160839161,0.7312043512043511,2,3795,805,820,24,0,3.2476498603820803,32,160,119,5.0,3279362,3072,128,True,5,,,,,,,,,,,,,,,,,,,,,,,,,,
osa_binary_apples_postqc,lstm,,80m,10,False,False,0.3362760567029003,0.5604258850864742,0.8827334952528152,0.5869075369075369,0.7351670551670552,2,3795,805,820,24,0,3.2476498603820803,32,160,119,5.0,3279362,3072,128,True,5,,,,,,,,,,,,,,,,,,,,,,,,,,
osa_binary_apples_postqc,lstm,,80m,11,False,False,0.3135730295077614,0.5704130711762802,0.8961953521748731,0.5931623931623932,0.7304739704739704,2,3795,805,820,24,0,3.2476498603820803,32,160,119,5.0,3279362,3072,128,True,5,,,,,,,,,,,,,,,,,,,,,,,,,,
osa_binary_apples_postqc,lstm,,80m,12,False,False,0.3048399108514798,0.6244935039777934,0.8913543276661515,0.5482905982905983,0.7296969696969697,2,3795,805,820,24,0,3.2476498603820803,32,160,119,5.0,3279362,3072,128,True,5,,,,,,,,,,,,,,,,,,,,,,,,,,
osa_binary_apples_postqc,lstm,,80m,13,False,False,0.2683152396766878,0.6127947810273733,0.9034775888717156,0.5620435120435121,0.7222377622377623,2,3795,805,820,24,0,3.2476498603820803,32,160,119,5.0,3279362,3072,128,True,5,,,,,,,,,,,,,,,,,,,,,,,,,,
osa_binary_apples_postqc,lstm,,80m,14,True,False,0.2462048087666628,0.5819655873020243,0.9213706116140428,0.57999222999223,0.7481429681429681,2,3795,805,820,24,0,3.2476498603820803,32,160,119,5.0,3279362,3072,128,True,5,0.9246376811594202,0.9528427909030691,0.8746167004912888,0.9925932877014794,0.9928571428571429,0.9128284389489953,,,,0.7801242236024845,0.57999222999223,0.5590406189555126,0.32222222222222224,0.8377622377622378,,,,0.8,0.6962868117797696,0.6527254134344238,0.8008706786171575,0.5545454545454546,0.8380281690140845,,,
osa_binary_apples_postqc,lstm,,80m,15,False,False,0.2239128010821122,0.628828305487307,0.9303336829322146,0.552991452991453,0.7282517482517482,2,3795,805,820,24,0,3.2476498603820803,32,160,119,5.0,3279362,3072,128,True,5,,,,,,,,,,,,,,,,,,,,,,,,,,
osa_binary_apples_postqc,lstm,,80m,16,False,False,0.2034237760093372,0.668332841862803,0.9347303488628836,0.5524087024087024,0.732043512043512,2,3795,805,820,24,0,3.2476498603820803,32,160,119,5.0,3279362,3072,128,True,5,,,,,,,,,,,,,,,,,,,,,,,,,,
osa_binary_apples_postqc,lstm,,80m,17,False,False,0.1746492856576037,0.7761873591760671,0.9568640980348864,0.5213286713286713,0.7369230769230769,2,3795,805,820,24,0,3.2476498603820803,32,160,119,5.0,3279362,3072,128,True,5,,,,,,,,,,,,,,,,,,,,,,,,,,
osa_binary_apples_postqc,lstm,,80m,18,False,False,0.1581452843307349,0.6585923451074162,0.9611572642967544,0.5891996891996891,0.7446309246309246,2,3795,805,820,24,0,3.2476498603820803,32,160,119,5.0,3279362,3072,128,True,5,,,,,,,,,,,,,,,,,,,,,,,,,,
osa_binary_apples_postqc,lstm,,80m,19,False,False,0.1414321158635914,0.736672102849676,0.969725656877898,0.5358197358197359,0.7426728826728827,2,3795,805,820,24,0,3.2476498603820803,32,160,119,5.0,3279362,3072,128,True,5,,,,,,,,,,,,,,,,,,,,,,,,,,
osa_binary_apples_postqc,lstm,,80m,20,False,False,0.1208895780901977,0.6608738959576033,0.9792214064914992,0.5738539238539239,0.7465112665112664,2,3795,805,820,24,0,3.2476498603820803,32,160,119,5.0,3279362,3072,128,True,5,,,,,,,,,,,,,,,,,,,,,,,,,,
osa_binary_apples_postqc,lstm,,80m,21,False,False,0.1080212036081453,0.7029097627408756,0.976955453742548,0.5454545454545454,0.744957264957265,2,3795,805,820,24,0,3.2476498603820803,32,160,119,5.0,3279362,3072,128,True,5,,,,,,,,,,,,,,,,,,,,,,,,,,
osa_binary_apples_postqc,lstm,,80m,22,False,False,0.0925991103386847,0.8244723494748891,0.9832744535217488,0.5261072261072262,0.729044289044289,2,3795,805,820,24,0,3.2476498603820803,32,160,119,5.0,3279362,3072,128,True,5,,,,,,,,,,,,,,,,,,,,,,,,,,
osa_binary_apples_postqc,lstm,,80m,23,False,False,0.0832120091469077,0.7721735793611277,0.9905208103334068,0.5517482517482517,0.7406837606837607,2,3795,805,820,24,0,3.2476498603820803,32,160,119,5.0,3279362,3072,128,True,5,,,,,,,,,,,,,,,,,,,,,,,,,,
osa_binary_apples_postqc,lstm,,80m,24,False,False,0.0787840415130962,0.9510447559519584,0.9876531795098256,0.5227661227661228,0.7402331002331002,2,3795,805,820,24,0,3.2476498603820803,32,160,119,5.0,3279362,3072,128,True,5,,,,,,,,,,,,,,,,,,,,,,,,,,
osa_binary_apples_postqc,lstm,,120m,1,False,False,0.6668209846311879,0.6217682001013193,0.5772935526606315,0.5598679098679098,0.6271484071484071,2,3795,805,820,29,0,5.859228893121084,32,240,119,5.0,3279362,3072,128,True,5,,,,,,,,,,,,,,,,,,,,,,,,,,
osa_binary_apples_postqc,lstm,,120m,2,False,False,0.6005433976571708,0.6269987224051671,0.6712367520423934,0.5475524475524476,0.6499922299922299,2,3795,805,820,29,0,5.859228893121084,32,240,119,5.0,3279362,3072,128,True,5,,,,,,,,,,,,,,,,,,,,,,,,,,
osa_binary_apples_postqc,lstm,,120m,3,False,False,0.5394569992233799,0.6163517188581621,0.7335656325899758,0.5691530691530692,0.6635431235431235,2,3795,805,820,29,0,5.859228893121084,32,240,119,5.0,3279362,3072,128,True,5,,,,,,,,,,,,,,,,,,,,,,,,,,
osa_binary_apples_postqc,lstm,,120m,4,False,False,0.5155021182476139,0.5894648939556216,0.7554923824243762,0.5889277389277389,0.6793473193473194,2,3795,805,820,29,0,5.859228893121084,32,240,119,5.0,3279362,3072,128,True,5,,,,,,,,,,,,,,,,,,,,,,,,,,
osa_binary_apples_postqc,lstm,,120m,5,False,False,0.4851206913138881,0.6032249832005234,0.7642001545595054,0.6184537684537685,0.6856876456876457,2,3795,805,820,29,0,5.859228893121084,32,240,119,5.0,3279362,3072,128,True,5,,,,,,,,,,,,,,,,,,,,,,,,,,
osa_binary_apples_postqc,lstm,,120m,6,False,False,0.4508242288911138,0.5791460343399403,0.7984557849414882,0.5934731934731935,0.7055011655011655,2,3795,805,820,29,0,5.859228893121084,32,240,119,5.0,3279362,3072,128,True,5,,,,,,,,,,,,,,,,,,,,,,,,,,
osa_binary_apples_postqc,lstm,,120m,7,False,False,0.4313309248099999,0.5973353423687242,0.8153869507617576,0.6336052836052837,0.7160839160839161,2,3795,805,820,29,0,5.859228893121084,32,240,119,5.0,3279362,3072,128,True,5,,,,,,,,,,,,,,,,,,,,,,,,,,
osa_binary_apples_postqc,lstm,,120m,8,False,False,0.4015719685315772,0.5803947900022779,0.8312706999337602,0.6222999222999223,0.7081274281274282,2,3795,805,820,29,0,5.859228893121084,32,240,119,5.0,3279362,3072,128,True,5,,,,,,,,,,,,,,,,,,,,,,,,,,
osa_binary_apples_postqc,lstm,,120m,9,False,False,0.3772189879998545,0.5681386682927979,0.84804730624862,0.6513986013986014,0.7321833721833723,2,3795,805,820,29,0,5.859228893121084,32,240,119,5.0,3279362,3072,128,True,5,,,,,,,,,,,,,,,,,,,,,,,,,,
osa_binary_apples_postqc,lstm,,120m,10,False,False,0.3425625056538814,0.5780452037820164,0.8700264959152131,0.6044289044289044,0.7386790986790986,2,3795,805,820,29,0,5.859228893121084,32,240,119,5.0,3279362,3072,128,True,5,,,,,,,,,,,,,,,,,,,,,,,,,,
osa_binary_apples_postqc,lstm,,120m,11,False,False,0.3162820167967139,0.5911355404379945,0.8900654117906823,0.5885392385392385,0.7384615384615384,2,3795,805,820,29,0,5.859228893121084,32,240,119,5.0,3279362,3072,128,True,5,,,,,,,,,,,,,,,,,,,,,,,,,,
osa_binary_apples_postqc,lstm,,120m,12,False,False,0.3011786013841629,0.5692887620155855,0.8919560057407816,0.6237762237762238,0.7486713286713287,2,3795,805,820,29,0,5.859228893121084,32,240,119,5.0,3279362,3072,128,True,5,,,,,,,,,,,,,,,,,,,,,,,,,,
osa_binary_apples_postqc,lstm,,120m,13,False,False,0.2563194686873314,0.5838809900402282,0.918347041289468,0.6417249417249418,0.7501010101010102,2,3795,805,820,29,0,5.859228893121084,32,240,119,5.0,3279362,3072,128,True,5,,,,,,,,,,,,,,,,,,,,,,,,,,
osa_binary_apples_postqc,lstm,,120m,14,False,False,0.2388893334055135,0.5902516984791489,0.9322560167807464,0.5952991452991453,0.7440870240870241,2,3795,805,820,29,0,5.859228893121084,32,240,119,5.0,3279362,3072,128,True,5,,,,,,,,,,,,,,,,,,,,,,,,,,
osa_binary_apples_postqc,lstm,,120m,15,False,False,0.2148575799581404,0.6229462083452236,0.9348504084786928,0.5641802641802641,0.7419580419580419,2,3795,805,820,29,0,5.859228893121084,32,240,119,5.0,3279362,3072,128,True,5,,,,,,,,,,,,,,,,,,,,,,,,,,
osa_binary_apples_postqc,lstm,,120m,16,False,False,0.1826846513116783,0.6560889927496821,0.9597482888054758,0.5767676767676767,0.7463714063714063,2,3795,805,820,29,0,5.859228893121084,32,240,119,5.0,3279362,3072,128,True,5,,,,,,,,,,,,,,,,,,,,,,,,,,
osa_binary_apples_postqc,lstm,,120m,17,False,False,0.1679266106744685,0.6251624089590511,0.9542200264959152,0.6017094017094018,0.7613209013209014,2,3795,805,820,29,0,5.859228893121084,32,240,119,5.0,3279362,3072,128,True,5,,,,,,,,,,,,,,,,,,,,,,,,,,
osa_binary_apples_postqc,lstm,,120m,18,False,False,0.1454160757176332,0.6216323215398729,0.965226871274012,0.621056721056721,0.7586324786324786,2,3795,805,820,29,0,5.859228893121084,32,240,119,5.0,3279362,3072,128,True,5,,,,,,,,,,,,,,,,,,,,,,,,,,
osa_binary_apples_postqc,lstm,,120m,19,True,False,0.1288401161964703,0.6203532461053837,0.9712367520423936,0.6266122766122766,0.7716083916083916,2,3795,805,820,29,0,5.859228893121084,32,240,119,5.0,3279362,3072,128,True,5,0.9604743083003953,0.976077776551115,0.928988400627921,0.999104106866858,0.9982142857142857,0.9539412673879444,,,,0.8111801242236025,0.6266122766122766,0.6029026144299919,0.3888888888888889,0.8643356643356643,,,,0.8121951219512196,0.6918053777208706,0.6586104352527711,0.7978745198463508,0.5272727272727272,0.856338028169014,,,
osa_binary_apples_postqc,lstm,,120m,20,False,False,0.1113976924963619,0.7518133806145709,0.9766118348421284,0.5573815073815074,0.7565345765345765,2,3795,805,820,29,0,5.859228893121084,32,240,119,5.0,3279362,3072,128,True,5,,,,,,,,,,,,,,,,,,,,,,,,,,
osa_binary_apples_postqc,lstm,,120m,21,False,False,0.0979139612999907,0.7108724031759345,0.9832399536321484,0.5593628593628593,0.7618803418803418,2,3795,805,820,29,0,5.859228893121084,32,240,119,5.0,3279362,3072,128,True,5,,,,,,,,,,,,,,,,,,,,,,,,,,
osa_binary_apples_postqc,lstm,,120m,22,False,False,0.0801143492006344,0.8922024792580872,0.9900226319275778,0.5414918414918415,0.7566744366744367,2,3795,805,820,29,0,5.859228893121084,32,240,119,5.0,3279362,3072,128,True,5,,,,,,,,,,,,,,,,,,,,,,,,,,
osa_binary_apples_postqc,lstm,,120m,23,False,False,0.0731222304941323,0.7123104836629784,0.9917227864870832,0.5822843822843823,0.7702874902874903,2,3795,805,820,29,0,5.859228893121084,32,240,119,5.0,3279362,3072,128,True,5,,,,,,,,,,,,,,,,,,,,,,,,,,
osa_binary_apples_postqc,lstm,,120m,24,False,False,0.0587517635678389,0.9377910246760208,0.9938521196732172,0.5463480963480963,0.751872571872572,2,3795,805,820,29,0,5.859228893121084,32,240,119,5.0,3279362,3072,128,True,5,,,,,,,,,,,,,,,,,,,,,,,,,,
osa_binary_apples_postqc,lstm,,120m,25,False,False,0.0485869061928217,0.8324241325351762,0.9958613932435416,0.5656565656565656,0.7503185703185703,2,3795,805,820,29,0,5.859228893121084,32,240,119,5.0,3279362,3072,128,True,5,,,,,,,,,,,,,,,,,,,,,,,,,,
osa_binary_apples_postqc,lstm,,120m,26,False,False,0.0449739099196765,0.8931129104232196,0.9943847979686464,0.5546231546231546,0.7568453768453769,2,3795,805,820,29,0,5.859228893121084,32,240,119,5.0,3279362,3072,128,True,5,,,,,,,,,,,,,,,,,,,,,,,,,,
osa_binary_apples_postqc,lstm,,120m,27,False,False,0.0357811014093115,0.8941688289183267,0.9967887502759992,0.5587801087801088,0.7630303030303031,2,3795,805,820,29,0,5.859228893121084,32,240,119,5.0,3279362,3072,128,True,5,,,,,,,,,,,,,,,,,,,,,,,,,,
osa_binary_apples_postqc,lstm,,120m,28,False,False,0.0333270804900111,0.8212934071603029,0.9966686906601898,0.5704739704739704,0.7642424242424243,2,3795,805,820,29,0,5.859228893121084,32,240,119,5.0,3279362,3072,128,True,5,,,,,,,,,,,,,,,,,,,,,,,,,,
osa_binary_apples_postqc,lstm,,120m,29,False,False,0.0276045963146057,1.020041963624658,0.9977161073084566,0.556060606060606,0.7580574980574981,2,3795,805,820,29,0,5.859228893121084,32,240,119,5.0,3279362,3072,128,True,5,,,,,,,,,,,,,,,,,,,,,,,,,,
osa_binary_apples_postqc,lstm,,240m,1,False,False,0.6699194023260486,0.6043489385835873,0.5842128505188783,0.6227661227661228,0.6975135975135975,2,3795,805,820,20,0,6.8640874544779455,32,480,119,5.0,3279362,3072,128,True,5,,,,,,,,,,,,,,,,,,,,,,,,,,
osa_binary_apples_postqc,lstm,,240m,2,False,False,0.596735584680899,0.5628641037467104,0.6780511702362553,0.6265345765345764,0.7316083916083915,2,3795,805,820,20,0,6.8640874544779455,32,480,119,5.0,3279362,3072,128,True,5,,,,,,,,,,,,,,,,,,,,,,,,,,
osa_binary_apples_postqc,lstm,,240m,3,False,False,0.5649658127264543,0.5645282486210699,0.6991554427025833,0.6283993783993784,0.7354778554778554,2,3795,805,820,20,0,6.8640874544779455,32,480,119,5.0,3279362,3072,128,True,5,,,,,,,,,,,,,,,,,,,,,,,,,,
osa_binary_apples_postqc,lstm,,240m,4,False,False,0.5169196775622361,0.544715446344814,0.7450706557739015,0.6315850815850815,0.7430924630924631,2,3795,805,820,20,0,6.8640874544779455,32,480,119,5.0,3279362,3072,128,True,5,,,,,,,,,,,,,,,,,,,,,,,,,,
osa_binary_apples_postqc,lstm,,240m,5,False,False,0.482062627361383,0.5451779975654175,0.7797057849414881,0.6291763791763791,0.7493939393939393,2,3795,805,820,20,0,6.8640874544779455,32,480,119,5.0,3279362,3072,128,True,5,,,,,,,,,,,,,,,,,,,,,,,,,,
osa_binary_apples_postqc,lstm,,240m,6,False,False,0.4649020286416819,0.5390346614840609,0.7931842018105542,0.6287878787878788,0.7515462315462316,2,3795,805,820,20,0,6.8640874544779455,32,480,119,5.0,3279362,3072,128,True,5,,,,,,,,,,,,,,,,,,,,,,,,,,
osa_binary_apples_postqc,lstm,,240m,7,False,False,0.4343481289303821,0.5451035676905828,0.812897438728196,0.6142968142968144,0.7498368298368299,2,3795,805,820,20,0,6.8640874544779455,32,480,119,5.0,3279362,3072,128,True,5,,,,,,,,,,,,,,,,,,,,,,,,,,
osa_binary_apples_postqc,lstm,,240m,8,False,False,0.401401023313462,0.5395811960563897,0.8302067233384853,0.6687257187257187,0.7642890442890443,2,3795,805,820,20,0,6.8640874544779455,32,480,119,5.0,3279362,3072,128,True,5,,,,,,,,,,,,,,,,,,,,,,,,,,
osa_binary_apples_postqc,lstm,,240m,9,False,False,0.3611001908465022,0.538993738711991,0.8578687348200487,0.6616161616161615,0.7744211344211345,2,3795,805,820,20,0,6.8640874544779455,32,480,119,5.0,3279362,3072,128,True,5,,,,,,,,,,,,,,,,,,,,,,,,,,
osa_binary_apples_postqc,lstm,,240m,10,True,False,0.3179934163181521,0.5087631860690087,0.8832661735482447,0.657070707070707,0.7983216783216783,2,3795,805,820,20,0,6.8640874544779455,32,480,119,5.0,3279362,3072,128,True,5,0.9125164690382082,0.9368734820048576,0.8561942155363298,0.9827119673217046,0.9714285714285714,0.9023183925811438,,,,0.7962732919254658,0.657070707070707,0.6117058823529411,0.4777777777777778,0.8363636363636363,,,,0.8060975609756098,0.6767605633802817,0.6464740956455955,0.783943661971831,0.5,0.8535211267605634,,,
osa_binary_apples_postqc,lstm,,240m,11,False,False,0.3006242281834598,0.5502377628724767,0.894822256568779,0.5967754467754468,0.771064491064491,2,3795,805,820,20,0,6.8640874544779455,32,480,119,5.0,3279362,3072,128,True,5,,,,,,,,,,,,,,,,,,,,,,,,,,
osa_binary_apples_postqc,lstm,,240m,12,False,False,0.2619754491980053,0.5395113173478879,0.91503367189225,0.6301087801087801,0.7918104118104119,2,3795,805,820,20,0,6.8640874544779455,32,480,119,5.0,3279362,3072,128,True,5,,,,,,,,,,,,,,,,,,,,,,,,,,
osa_binary_apples_postqc,lstm,,240m,13,False,False,0.2251664879804229,0.5852747726329365,0.9321014572753368,0.5642579642579643,0.7777466977466977,2,3795,805,820,20,0,6.8640874544779455,32,480,119,5.0,3279362,3072,128,True,5,,,,,,,,,,,,,,,,,,,,,,,,,,
osa_binary_apples_postqc,lstm,,240m,14,False,False,0.2052895534808142,0.6019136511020778,0.938954515345551,0.576068376068376,0.7883760683760683,2,3795,805,820,20,0,6.8640874544779455,32,480,119,5.0,3279362,3072,128,True,5,,,,,,,,,,,,,,,,,,,,,,,,,,
osa_binary_apples_postqc,lstm,,240m,15,False,False,0.1672583368220348,0.6745494867518822,0.9630105983660852,0.5580808080808081,0.7816317016317016,2,3795,805,820,20,0,6.8640874544779455,32,480,119,5.0,3279362,3072,128,True,5,,,,,,,,,,,,,,,,,,,,,,,,,,
osa_binary_apples_postqc,lstm,,240m,16,False,False,0.1452975300107548,0.5869635180749508,0.967372764407154,0.6155011655011655,0.7882983682983684,2,3795,805,820,20,0,6.8640874544779455,32,480,119,5.0,3279362,3072,128,True,5,,,,,,,,,,,,,,,,,,,,,,,,,,
osa_binary_apples_postqc,lstm,,240m,17,False,False,0.130921964306134,0.6993683663538154,0.9686271803930228,0.5927738927738928,0.7910023310023309,2,3795,805,820,20,0,6.8640874544779455,32,480,119,5.0,3279362,3072,128,True,5,,,,,,,,,,,,,,,,,,,,,,,,,,
osa_binary_apples_postqc,lstm,,240m,18,False,False,0.0963515729458121,0.6902210302373267,0.9778483108854052,0.574009324009324,0.7888422688422689,2,3795,805,820,20,0,6.8640874544779455,32,480,119,5.0,3279362,3072,128,True,5,,,,,,,,,,,,,,,,,,,,,,,,,,
osa_binary_apples_postqc,lstm,,240m,19,False,False,0.0825464970538974,0.8265188153300966,0.9877732391256347,0.5338383838383838,0.7818337218337218,2,3795,805,820,20,0,6.8640874544779455,32,480,119,5.0,3279362,3072,128,True,5,,,,,,,,,,,,,,,,,,,,,,,,,,
osa_binary_apples_postqc,lstm,,240m,20,False,False,0.0686942432267157,0.7458727247365143,0.990126131596379,0.5795260295260295,0.7867288267288268,2,3795,805,820,20,0,6.8640874544779455,32,480,119,5.0,3279362,3072,128,True,5,,,,,,,,,,,,,,,,,,,,,,,,,,
osa_binary_apples_postqc,transformer,,30s,1,False,False,0.7305954771707809,0.6449742549694844,0.5102326672554648,0.553030303030303,0.6195959595959597,2,3795,805,820,12,0,1.2552311023076375,32,1,119,5.0,592002,3072,128,True,5,,,,,,,,,,,,,,,,,,,,,,,,,,
osa_binary_apples_postqc,transformer,,30s,2,True,False,0.6794297746204733,0.6537764852091392,0.5795181055420623,0.589005439005439,0.6296814296814296,2,3795,805,820,12,0,1.2552311023076375,32,1,119,5.0,592002,3072,128,True,5,0.6031620553359683,0.6476291675866637,0.5304952544061534,0.7184146610730846,0.7107142857142857,0.5845440494590417,,,,0.6236024844720497,0.589005439005439,0.49688434001844023,0.5444444444444444,0.6335664335664336,,,,0.6634146341463415,0.6174135723431498,0.5421552205471803,0.6445198463508321,0.5545454545454546,0.680281690140845,,,
osa_binary_apples_postqc,transformer,,30s,3,False,False,0.6551382569927472,0.6682400362832206,0.6123150805917421,0.5855089355089356,0.6289976689976691,2,3795,805,820,12,0,1.2552311023076375,32,1,119,5.0,592002,3072,128,True,5,,,,,,,,,,,,,,,,,,,,,,,,,,
osa_binary_apples_postqc,transformer,,30s,4,False,False,0.6558167317168043,0.6290023439419196,0.6252097593287701,0.55,0.619114219114219,2,3795,805,820,12,0,1.2552311023076375,32,1,119,5.0,592002,3072,128,True,5,,,,,,,,,,,,,,,,,,,,,,,,,,
osa_binary_apples_postqc,transformer,,30s,5,False,False,0.6181840502226306,0.660415952842428,0.6588512916758666,0.5712898212898212,0.616985236985237,2,3795,805,820,12,0,1.2552311023076375,32,1,119,5.0,592002,3072,128,True,5,,,,,,,,,,,,,,,,,,,,,,,,,,
osa_binary_apples_postqc,transformer,,30s,6,False,False,0.5995027462484337,0.682550076890436,0.6749199602561272,0.5849261849261849,0.6128671328671329,2,3795,805,820,12,0,1.2552311023076375,32,1,119,5.0,592002,3072,128,True,5,,,,,,,,,,,,,,,,,,,,,,,,,,
osa_binary_apples_postqc,transformer,,30s,7,False,False,0.5863196845032638,0.7080941820736998,0.677532291896666,0.5937839937839937,0.6148251748251748,2,3795,805,820,12,0,1.2552311023076375,32,1,119,5.0,592002,3072,128,True,5,,,,,,,,,,,,,,,,,,,,,,,,,,
osa_binary_apples_postqc,transformer,,30s,8,False,False,0.5767211770351697,0.7819987154895475,0.7011578162949879,0.5661616161616162,0.6005594405594405,2,3795,805,820,12,0,1.2552311023076375,32,1,119,5.0,592002,3072,128,True,5,,,,,,,,,,,,,,,,,,,,,,,,,,
osa_binary_apples_postqc,transformer,,30s,9,False,False,0.5700827557107676,0.7192240992688245,0.6976719474497681,0.53997668997669,0.5978865578865579,2,3795,805,820,12,0,1.2552311023076375,32,1,119,5.0,592002,3072,128,True,5,,,,,,,,,,,,,,,,,,,,,,,,,,
osa_binary_apples_postqc,transformer,,30s,10,False,False,0.5629289515561894,0.7326307688440595,0.7132631375579599,0.5466588966588967,0.5998756798756799,2,3795,805,820,12,0,1.2552311023076375,32,1,119,5.0,592002,3072,128,True,5,,,,,,,,,,,,,,,,,,,,,,,,,,
osa_binary_apples_postqc,transformer,,30s,11,False,False,0.5644118695076904,0.8390034709657942,0.7120639213954516,0.5857420357420358,0.616907536907537,2,3795,805,820,12,0,1.2552311023076375,32,1,119,5.0,592002,3072,128,True,5,,,,,,,,,,,,,,,,,,,,,,,,,,
osa_binary_apples_postqc,transformer,,30s,12,False,False,0.531362334290355,0.7931133042951548,0.7289412673879443,0.5621600621600622,0.6021600621600622,2,3795,805,820,12,0,1.2552311023076375,32,1,119,5.0,592002,3072,128,True,5,,,,,,,,,,,,,,,,,,,,,,,,,,
osa_binary_apples_postqc,transformer,,10m,1,False,False,0.695978805198971,0.5974957033343937,0.5901302715831309,0.5428515928515928,0.6655788655788656,2,3795,805,820,18,0,2.396950892607371,32,20,119,5.0,592002,3072,128,True,5,,,,,,,,,,,,,,,,,,,,,,,,,,
osa_binary_apples_postqc,transformer,,10m,2,False,False,0.64700565470066,0.6012162428464949,0.6321814970192096,0.6186091686091686,0.6784615384615384,2,3795,805,820,18,0,2.396950892607371,32,20,119,5.0,592002,3072,128,True,5,,,,,,,,,,,,,,,,,,,,,,,,,,
osa_binary_apples_postqc,transformer,,10m,3,False,False,0.6162642914158868,0.6918818142843542,0.6594350298079046,0.6287490287490287,0.6858119658119659,2,3795,805,820,18,0,2.396950892607371,32,20,119,5.0,592002,3072,128,True,5,,,,,,,,,,,,,,,,,,,,,,,,,,
osa_binary_apples_postqc,transformer,,10m,4,False,False,0.5969668039691307,0.5944915775926958,0.6727588871715611,0.6102564102564103,0.6925563325563325,2,3795,805,820,18,0,2.396950892607371,32,20,119,5.0,592002,3072,128,True,5,,,,,,,,,,,,,,,,,,,,,,,,,,
osa_binary_apples_postqc,transformer,,10m,5,False,False,0.5726731865380906,0.6963377449083032,0.7043525060719806,0.6421134421134421,0.6827505827505828,2,3795,805,820,18,0,2.396950892607371,32,20,119,5.0,592002,3072,128,True,5,,,,,,,,,,,,,,,,,,,,,,,,,,
osa_binary_apples_postqc,transformer,,10m,6,False,False,0.5762816245376828,0.6006658284560494,0.7067730183263414,0.6294483294483294,0.7067443667443667,2,3795,805,820,18,0,2.396950892607371,32,20,119,5.0,592002,3072,128,True,5,,,,,,,,,,,,,,,,,,,,,,,,,,
osa_binary_apples_postqc,transformer,,10m,7,False,False,0.5405456071157544,0.7731373619589006,0.7177122433208214,0.6341103341103341,0.7057187257187256,2,3795,805,820,18,0,2.396950892607371,32,20,119,5.0,592002,3072,128,True,5,,,,,,,,,,,,,,,,,,,,,,,,,,
osa_binary_apples_postqc,transformer,,10m,8,True,False,0.5390239381036268,0.6134444646213366,0.7196525171119452,0.6515151515151515,0.7098679098679098,2,3795,805,820,18,0,2.396950892607371,32,20,119,5.0,592002,3072,128,True,5,0.7090909090909091,0.7732556855818062,0.6335544885744233,0.8540461470523295,0.8642857142857143,0.682225656877898,,,,0.639751552795031,0.6515151515151515,0.5255081300813008,0.6666666666666666,0.6363636363636364,,,,0.6317073170731707,0.6144686299615878,0.525462962962963,0.6986427656850192,0.5909090909090909,0.6380281690140845,,,
osa_binary_apples_postqc,transformer,,10m,9,False,False,0.5136138432817496,0.6330874981347078,0.7320172775447118,0.6309246309246309,0.6891841491841492,2,3795,805,820,18,0,2.396950892607371,32,20,119,5.0,592002,3072,128,True,5,,,,,,,,,,,,,,,,,,,,,,,,,,
osa_binary_apples_postqc,transformer,,10m,10,False,False,0.4996942778349865,0.6761674459676564,0.7496508611172444,0.6356254856254857,0.7027039627039626,2,3795,805,820,18,0,2.396950892607371,32,20,119,5.0,592002,3072,128,True,5,,,,,,,,,,,,,,,,,,,,,,,,,,
osa_binary_apples_postqc,transformer,,10m,11,False,False,0.4865425397284888,0.6645177900420953,0.7590279311106205,0.6258352758352759,0.7037140637140638,2,3795,805,820,18,0,2.396950892607371,32,20,119,5.0,592002,3072,128,True,5,,,,,,,,,,,,,,,,,,,,,,,,,,
osa_binary_apples_postqc,transformer,,10m,12,False,False,0.4991737120079271,0.7938417080766667,0.7577238352837271,0.6498445998445999,0.682113442113442,2,3795,805,820,18,0,2.396950892607371,32,20,119,5.0,592002,3072,128,True,5,,,,,,,,,,,,,,,,,,,,,,,,,,
osa_binary_apples_postqc,transformer,,10m,13,False,False,0.4577745585337929,0.8635413337198103,0.7799417641863546,0.5718725718725719,0.6846309246309246,2,3795,805,820,18,0,2.396950892607371,32,20,119,5.0,592002,3072,128,True,5,,,,,,,,,,,,,,,,,,,,,,,,,,
osa_binary_apples_postqc,transformer,,10m,14,False,False,0.4450541996516101,0.8405197510808151,0.7960338926915433,0.6374125874125873,0.677995337995338,2,3795,805,820,18,0,2.396950892607371,32,20,119,5.0,592002,3072,128,True,5,,,,,,,,,,,,,,,,,,,,,,,,,,
osa_binary_apples_postqc,transformer,,10m,15,False,False,0.4149100645767998,0.7971669605800084,0.8056152020313535,0.6033022533022533,0.6722610722610722,2,3795,805,820,18,0,2.396950892607371,32,20,119,5.0,592002,3072,128,True,5,,,,,,,,,,,,,,,,,,,,,,,,,,
osa_binary_apples_postqc,transformer,,10m,16,False,False,0.3900102624858635,1.010155915695688,0.8206737138441157,0.5434343434343434,0.666993006993007,2,3795,805,820,18,0,2.396950892607371,32,20,119,5.0,592002,3072,128,True,5,,,,,,,,,,,,,,,,,,,,,,,,,,
osa_binary_apples_postqc,transformer,,10m,17,False,False,0.3657073744357967,0.9165208199009393,0.8320600574078163,0.6156565656565657,0.6551048951048951,2,3795,805,820,18,0,2.396950892607371,32,20,119,5.0,592002,3072,128,True,5,,,,,,,,,,,,,,,,,,,,,,,,,,
osa_binary_apples_postqc,transformer,,10m,18,False,False,0.3471182068817229,0.8780102913424095,0.8513772355928462,0.5824009324009324,0.6736285936285936,2,3795,805,820,18,0,2.396950892607371,32,20,119,5.0,592002,3072,128,True,5,,,,,,,,,,,,,,,,,,,,,,,,,,
osa_binary_apples_postqc,transformer,,40m,1,False,False,0.694548184370649,0.6365105269118125,0.583502152793111,0.6111111111111112,0.6847863247863247,2,3795,805,820,19,0,3.594518860181173,32,80,119,5.0,592002,3072,128,True,5,,,,,,,,,,,,,,,,,,,,,,,,,,
osa_binary_apples_postqc,transformer,,40m,2,False,False,0.608194439927894,0.6349284639269669,0.6728775667917862,0.6422688422688423,0.7084537684537684,2,3795,805,820,19,0,3.594518860181173,32,80,119,5.0,592002,3072,128,True,5,,,,,,,,,,,,,,,,,,,,,,,,,,
osa_binary_apples_postqc,transformer,,40m,3,False,False,0.5725055797612086,0.6430872347784339,0.6996315411790682,0.6442890442890443,0.7234343434343435,2,3795,805,820,19,0,3.594518860181173,32,80,119,5.0,592002,3072,128,True,5,,,,,,,,,,,,,,,,,,,,,,,,,,
osa_binary_apples_postqc,transformer,,40m,4,False,False,0.5268849305013423,0.5938845503404274,0.7235178847427688,0.6352758352758352,0.7311732711732711,2,3795,805,820,19,0,3.594518860181173,32,80,119,5.0,592002,3072,128,True,5,,,,,,,,,,,,,,,,,,,,,,,,,,
osa_binary_apples_postqc,transformer,,40m,5,False,False,0.5170407573539121,0.6323783227005361,0.7435388606756459,0.6007770007770008,0.7170629370629371,2,3795,805,820,19,0,3.594518860181173,32,80,119,5.0,592002,3072,128,True,5,,,,,,,,,,,,,,,,,,,,,,,,,,
osa_binary_apples_postqc,transformer,,40m,6,False,False,0.4895984762742114,0.6487221546795057,0.7585118127621993,0.6515151515151515,0.734902874902875,2,3795,805,820,19,0,3.594518860181173,32,80,119,5.0,592002,3072,128,True,5,,,,,,,,,,,,,,,,,,,,,,,,,,
osa_binary_apples_postqc,transformer,,40m,7,False,False,0.4662520035924647,0.6164816865269441,0.7732280856701259,0.6436674436674437,0.7263869463869463,2,3795,805,820,19,0,3.594518860181173,32,80,119,5.0,592002,3072,128,True,5,,,,,,,,,,,,,,,,,,,,,,,,,,
osa_binary_apples_postqc,transformer,,40m,8,False,False,0.4404121039099058,0.6995210255895342,0.801851954073747,0.5897435897435898,0.7295260295260295,2,3795,805,820,19,0,3.594518860181173,32,80,119,5.0,592002,3072,128,True,5,,,,,,,,,,,,,,,,,,,,,,,,,,
osa_binary_apples_postqc,transformer,,40m,9,True,False,0.4533269685561792,0.6523137839684575,0.7890428350629278,0.6719891219891221,0.7403574203574204,2,3795,805,820,19,0,3.594518860181173,32,80,119,5.0,592002,3072,128,True,5,0.7725955204216074,0.8392981342459704,0.6980104894140902,0.9085730845661293,0.9339285714285714,0.7446676970633694,,,,0.7192546583850932,0.6719891219891221,0.5749934589220304,0.6111111111111112,0.7328671328671329,,,,0.7426829268292683,0.7208066581306019,0.6267508860945181,0.8158386683738796,0.6909090909090909,0.7507042253521127,,,
osa_binary_apples_postqc,transformer,,40m,10,False,False,0.4289431461546575,0.7436450957141307,0.7880657981894458,0.6372960372960372,0.7132867132867133,2,3795,805,820,19,0,3.594518860181173,32,80,119,5.0,592002,3072,128,True,5,,,,,,,,,,,,,,,,,,,,,,,,,,
osa_binary_apples_postqc,transformer,,40m,11,False,False,0.405540576168828,0.7732470454636567,0.8149205122543608,0.6000000000000001,0.7170940170940172,2,3795,805,820,19,0,3.594518860181173,32,80,119,5.0,592002,3072,128,True,5,,,,,,,,,,,,,,,,,,,,,,,,,,
osa_binary_apples_postqc,transformer,,40m,12,False,False,0.3691520584823272,1.0622032124896228,0.8436658202693752,0.5477078477078476,0.7171095571095571,2,3795,805,820,19,0,3.594518860181173,32,80,119,5.0,592002,3072,128,True,5,,,,,,,,,,,,,,,,,,,,,,,,,,
osa_binary_apples_postqc,transformer,,40m,13,False,False,0.367555470099091,0.8722373700289993,0.8412798079046147,0.5945221445221445,0.7111266511266511,2,3795,805,820,19,0,3.594518860181173,32,80,119,5.0,592002,3072,128,True,5,,,,,,,,,,,,,,,,,,,,,,,,,,
osa_binary_apples_postqc,transformer,,40m,14,False,False,0.3503497493596887,0.8786216244194078,0.8528193309781409,0.6352369852369852,0.7047397047397048,2,3795,805,820,19,0,3.594518860181173,32,80,119,5.0,592002,3072,128,True,5,,,,,,,,,,,,,,,,,,,,,,,,,,
osa_binary_apples_postqc,transformer,,40m,15,False,False,0.3281314261031873,1.1462270008851283,0.8624862000441598,0.5634421134421135,0.7009479409479409,2,3795,805,820,19,0,3.594518860181173,32,80,119,5.0,592002,3072,128,True,5,,,,,,,,,,,,,,,,,,,,,,,,,,
osa_binary_apples_postqc,transformer,,40m,16,False,False,0.313491256357378,1.1148077574853572,0.8633293773459925,0.5668997668997668,0.6985547785547785,2,3795,805,820,19,0,3.594518860181173,32,80,119,5.0,592002,3072,128,True,5,,,,,,,,,,,,,,,,,,,,,,,,,,
osa_binary_apples_postqc,transformer,,40m,17,False,False,0.2931751931923023,1.072092958710949,0.8770147935526607,0.6104506604506604,0.7057498057498057,2,3795,805,820,19,0,3.594518860181173,32,80,119,5.0,592002,3072,128,True,5,,,,,,,,,,,,,,,,,,,,,,,,,,
osa_binary_apples_postqc,transformer,,40m,18,False,False,0.2636255638990478,1.1350793021436063,0.893654780304703,0.6228438228438229,0.7035897435897436,2,3795,805,820,19,0,3.594518860181173,32,80,119,5.0,592002,3072,128,True,5,,,,,,,,,,,,,,,,,,,,,,,,,,
osa_binary_apples_postqc,transformer,,40m,19,False,False,0.2836634383920938,1.1019465826312949,0.8812748399205123,0.6083139083139083,0.7060295260295261,2,3795,805,820,19,0,3.594518860181173,32,80,119,5.0,592002,3072,128,True,5,,,,,,,,,,,,,,,,,,,,,,,,,,
osa_binary_apples_postqc,transformer,,80m,1,False,False,0.6560387681988074,0.5602133571731378,0.6135336166924266,0.585936285936286,0.7414918414918416,2,3795,805,820,16,0,3.2675285816192625,32,160,119,5.0,592002,3072,128,True,5,,,,,,,,,,,,,,,,,,,,,,,,,,
osa_binary_apples_postqc,transformer,,80m,2,False,False,0.5792481154399741,0.5350324040984515,0.7031174100242878,0.6397047397047397,0.7671328671328672,2,3795,805,820,16,0,3.2675285816192625,32,160,119,5.0,592002,3072,128,True,5,,,,,,,,,,,,,,,,,,,,,,,,,,
osa_binary_apples_postqc,transformer,,80m,3,False,False,0.5044583045054173,0.5237336990255747,0.7499958600132479,0.6817793317793318,0.7804506604506605,2,3795,805,820,16,0,3.2675285816192625,32,160,119,5.0,592002,3072,128,True,5,,,,,,,,,,,,,,,,,,,,,,,,,,
osa_binary_apples_postqc,transformer,,80m,4,False,False,0.4701183192657702,0.5626597879095847,0.7721296091852505,0.683993783993784,0.7767676767676768,2,3795,805,820,16,0,3.2675285816192625,32,160,119,5.0,592002,3072,128,True,5,,,,,,,,,,,,,,,,,,,,,,,,,,
osa_binary_apples_postqc,transformer,,80m,5,False,False,0.4775988250538923,0.5495439584581008,0.7716314307794215,0.6453379953379954,0.7862315462315462,2,3795,805,820,16,0,3.2675285816192625,32,160,119,5.0,592002,3072,128,True,5,,,,,,,,,,,,,,,,,,,,,,,,,,
osa_binary_apples_postqc,transformer,,80m,6,True,False,0.4148364804321912,0.6390720174919744,0.8096323691764187,0.6023698523698524,0.7911111111111111,2,3795,805,820,16,0,3.2675285816192625,32,160,119,5.0,592002,3072,128,True,5,0.8714097496706192,0.7938962795319056,0.7669125465178097,0.9164832192536985,0.6839285714285714,0.9038639876352396,,,,0.8198757763975155,0.6023698523698524,0.5913290689410092,0.32222222222222224,0.8825174825174825,,,,0.8402439024390244,0.6887964148527529,0.676943018426458,0.8367605633802815,0.4818181818181818,0.895774647887324,,,
osa_binary_apples_postqc,transformer,,80m,7,False,False,0.3948671516772158,0.6724409655754611,0.816501987193641,0.6914141414141415,0.772944832944833,2,3795,805,820,16,0,3.2675285816192625,32,160,119,5.0,592002,3072,128,True,5,,,,,,,,,,,,,,,,,,,,,,,,,,
osa_binary_apples_postqc,transformer,,80m,8,False,False,0.3781089432861494,0.6264032186188313,0.8301018436741003,0.7324009324009324,0.7877544677544678,2,3795,805,820,16,0,3.2675285816192625,32,160,119,5.0,592002,3072,128,True,5,,,,,,,,,,,,,,,,,,,,,,,,,,
osa_binary_apples_postqc,transformer,,80m,9,False,False,0.3478831455641584,0.8386668856099525,0.852835890925149,0.639121989121989,0.7738461538461539,2,3795,805,820,16,0,3.2675285816192625,32,160,119,5.0,592002,3072,128,True,5,,,,,,,,,,,,,,,,,,,,,,,,,,
osa_binary_apples_postqc,transformer,,80m,10,False,False,0.3442544159171452,0.721506290776389,0.853129829984544,0.6806526806526807,0.7714840714840715,2,3795,805,820,16,0,3.2675285816192625,32,160,119,5.0,592002,3072,128,True,5,,,,,,,,,,,,,,,,,,,,,,,,,,
osa_binary_apples_postqc,transformer,,80m,11,False,False,0.3271348684005272,0.9024539393667848,0.8578852947670568,0.6481351981351982,0.7625330225330226,2,3795,805,820,16,0,3.2675285816192625,32,160,119,5.0,592002,3072,128,True,5,,,,,,,,,,,,,,,,,,,,,,,,,,
osa_binary_apples_postqc,transformer,,80m,12,False,False,0.3068727859002642,0.8311164134777851,0.8730831861338044,0.6693473193473194,0.760901320901321,2,3795,805,820,16,0,3.2675285816192625,32,160,119,5.0,592002,3072,128,True,5,,,,,,,,,,,,,,,,,,,,,,,,,,
osa_binary_apples_postqc,transformer,,80m,13,False,False,0.3035216168177772,0.8880863300761821,0.8802439832192537,0.6440947940947941,0.7714840714840714,2,3795,805,820,16,0,3.2675285816192625,32,160,119,5.0,592002,3072,128,True,5,,,,,,,,,,,,,,,,,,,,,,,,,,
osa_binary_apples_postqc,transformer,,80m,14,False,False,0.2477406404667064,1.153232703297775,0.8997681607418857,0.6272727272727272,0.7365656565656566,2,3795,805,820,16,0,3.2675285816192625,32,160,119,5.0,592002,3072,128,True,5,,,,,,,,,,,,,,,,,,,,,,,,,,
osa_binary_apples_postqc,transformer,,80m,15,False,False,0.2166576447007056,1.0050804838630725,0.9157719695296976,0.6675213675213675,0.758896658896659,2,3795,805,820,16,0,3.2675285816192625,32,160,119,5.0,592002,3072,128,True,5,,,,,,,,,,,,,,,,,,,,,,,,,,
osa_binary_apples_postqc,transformer,,80m,16,False,False,0.1988204533069815,1.3691136330736349,0.9229672665047473,0.5954933954933954,0.7351903651903652,2,3795,805,820,16,0,3.2675285816192625,32,160,119,5.0,592002,3072,128,True,5,,,,,,,,,,,,,,,,,,,,,,,,,,
osa_binary_apples_postqc,transformer,,120m,1,False,False,0.6500246239116855,0.555364788022841,0.607712795319055,0.647047397047397,0.75002331002331,2,3795,805,820,15,0,3.941082739830017,32,240,119,5.0,592002,3072,128,True,5,,,,,,,,,,,,,,,,,,,,,,,,,,
osa_binary_apples_postqc,transformer,,120m,2,False,False,0.5465235322674586,0.537602716943492,0.7211470523294325,0.6784382284382284,0.775027195027195,2,3795,805,820,15,0,3.941082739830017,32,240,119,5.0,592002,3072,128,True,5,,,,,,,,,,,,,,,,,,,,,,,,,,
osa_binary_apples_postqc,transformer,,120m,3,False,False,0.4773478242169884,0.5491000434626704,0.7662563479796864,0.6664335664335664,0.7798135198135199,2,3795,805,820,15,0,3.941082739830017,32,240,119,5.0,592002,3072,128,True,5,,,,,,,,,,,,,,,,,,,,,,,,,,
osa_binary_apples_postqc,transformer,,120m,4,False,False,0.4470987497032552,0.5689063200299044,0.7896279531905498,0.6976301476301476,0.7842579642579642,2,3795,805,820,15,0,3.941082739830017,32,240,119,5.0,592002,3072,128,True,5,,,,,,,,,,,,,,,,,,,,,,,,,,
osa_binary_apples_postqc,transformer,,120m,5,True,False,0.4025190650788535,0.5929337059488948,0.8189224994480018,0.6328671328671329,0.7912198912198913,2,3795,805,820,15,0,3.941082739830017,32,240,119,5.0,592002,3072,128,True,5,0.8729907773386034,0.8036832082137337,0.7723896086055415,0.9211282843894899,0.7053571428571429,0.9020092735703246,,,,0.8136645962732919,0.6328671328671329,0.6081275800295973,0.4,0.8657342657342657,,,,0.8512195121951219,0.7066581306017925,0.6959307485623275,0.8589756722151087,0.509090909090909,0.9042253521126761,,,
osa_binary_apples_postqc,transformer,,120m,6,False,False,0.3983733356077523,0.6150438311677542,0.8285038087878118,0.6839160839160838,0.7883139083139084,2,3795,805,820,15,0,3.941082739830017,32,240,119,5.0,592002,3072,128,True,5,,,,,,,,,,,,,,,,,,,,,,,,,,
osa_binary_apples_postqc,transformer,,120m,7,False,False,0.3500818035662252,0.6640246776320179,0.8534375689997793,0.7061383061383062,0.7885159285159284,2,3795,805,820,15,0,3.941082739830017,32,240,119,5.0,592002,3072,128,True,5,,,,,,,,,,,,,,,,,,,,,,,,,,
osa_binary_apples_postqc,transformer,,120m,8,False,False,0.3409007133623985,0.6862975849868348,0.8486476043276661,0.6909479409479409,0.7880963480963481,2,3795,805,820,15,0,3.941082739830017,32,240,119,5.0,592002,3072,128,True,5,,,,,,,,,,,,,,,,,,,,,,,,,,
osa_binary_apples_postqc,transformer,,120m,9,False,False,0.3156038192813732,0.8314963716897905,0.8718467100905277,0.6896270396270396,0.7799999999999999,2,3795,805,820,15,0,3.941082739830017,32,240,119,5.0,592002,3072,128,True,5,,,,,,,,,,,,,,,,,,,,,,,,,,
osa_binary_apples_postqc,transformer,,120m,10,False,False,0.2739805133367872,0.8988037276712264,0.900092459704129,0.7017871017871018,0.7692307692307694,2,3795,805,820,15,0,3.941082739830017,32,240,119,5.0,592002,3072,128,True,5,,,,,,,,,,,,,,,,,,,,,,,,,,
osa_binary_apples_postqc,transformer,,120m,11,False,False,0.3251580349188077,1.2475267013037428,0.8797471848090086,0.5657342657342658,0.7573426573426574,2,3795,805,820,15,0,3.941082739830017,32,240,119,5.0,592002,3072,128,True,5,,,,,,,,,,,,,,,,,,,,,,,,,,
osa_binary_apples_postqc,transformer,,120m,12,False,False,0.2445228802513856,1.0290093027286649,0.904490505630382,0.6604506604506604,0.7538461538461539,2,3795,805,820,15,0,3.941082739830017,32,240,119,5.0,592002,3072,128,True,5,,,,,,,,,,,,,,,,,,,,,,,,,,
osa_binary_apples_postqc,transformer,,120m,13,False,False,0.2151441821310674,1.0697881072944735,0.9217997902406712,0.6548174048174049,0.7602952602952603,2,3795,805,820,15,0,3.941082739830017,32,240,119,5.0,592002,3072,128,True,5,,,,,,,,,,,,,,,,,,,,,,,,,,
osa_binary_apples_postqc,transformer,,120m,14,False,False,0.2349891489379019,1.170675201667762,0.9114967432104216,0.6306915306915307,0.7514529914529915,2,3795,805,820,15,0,3.941082739830017,32,240,119,5.0,592002,3072,128,True,5,,,,,,,,,,,,,,,,,,,,,,,,,,
osa_binary_apples_postqc,transformer,,120m,15,False,False,0.1940582107806551,1.2590373554585144,0.9341466107308456,0.6404428904428905,0.7507614607614608,2,3795,805,820,15,0,3.941082739830017,32,240,119,5.0,592002,3072,128,True,5,,,,,,,,,,,,,,,,,,,,,,,,,,
osa_binary_apples_postqc,transformer,,240m,1,False,False,0.648123760656877,0.525843823585451,0.6331971737690439,0.6783993783993784,0.7757731157731157,2,3795,805,820,14,0,4.494394214948018,32,480,119,5.0,592002,3072,128,True,5,,,,,,,,,,,,,,,,,,,,,,,,,,
osa_binary_apples_postqc,transformer,,240m,2,False,False,0.4940190517776725,0.5731001173857576,0.7579460145727533,0.7134809634809636,0.8081118881118882,2,3795,805,820,14,0,4.494394214948018,32,480,119,5.0,592002,3072,128,True,5,,,,,,,,,,,,,,,,,,,,,,,,,,
osa_binary_apples_postqc,transformer,,240m,3,False,False,0.4038582089076086,0.598702975367167,0.818355321262972,0.7441724941724942,0.8146542346542346,2,3795,805,820,14,0,4.494394214948018,32,480,119,5.0,592002,3072,128,True,5,,,,,,,,,,,,,,,,,,,,,,,,,,
osa_binary_apples_postqc,transformer,,240m,4,True,False,0.3746535121098808,0.6250585242920781,0.8412977478472069,0.7167055167055167,0.8212587412587412,2,3795,805,820,14,0,4.494394214948018,32,480,119,5.0,592002,3072,128,True,5,0.8648221343873518,0.888964175314639,0.7917494114844477,0.9471809450209759,0.9232142857142858,0.8547140649149922,,,,0.7900621118012422,0.7167055167055167,0.635706615896682,0.6222222222222222,0.8111888111888111,,,,0.8365853658536585,0.7903969270166453,0.722331726152571,0.8763892445582586,0.7272727272727273,0.8535211267605634,,,
osa_binary_apples_postqc,transformer,,240m,5,False,False,0.3065101006481801,0.8769320777796717,0.8722579487745639,0.6113442113442114,0.7970085470085471,2,3795,805,820,14,0,4.494394214948018,32,480,119,5.0,592002,3072,128,True,5,,,,,,,,,,,,,,,,,,,,,,,,,,
osa_binary_apples_postqc,transformer,,240m,6,False,False,0.3101199721394791,0.9386703123170766,0.8803985427246632,0.6466200466200467,0.7865967365967365,2,3795,805,820,14,0,4.494394214948018,32,480,119,5.0,592002,3072,128,True,5,,,,,,,,,,,,,,,,,,,,,,,,,,
osa_binary_apples_postqc,transformer,,240m,7,False,False,0.2239295295772188,0.9246309443105082,0.9171285051887834,0.7292540792540793,0.8157964257964258,2,3795,805,820,14,0,4.494394214948018,32,480,119,5.0,592002,3072,128,True,5,,,,,,,,,,,,,,,,,,,,,,,,,,
osa_binary_apples_postqc,transformer,,240m,8,False,False,0.1831692867854681,1.4088155820704014,0.9270548134245972,0.5759518259518259,0.77998445998446,2,3795,805,820,14,0,4.494394214948018,32,480,119,5.0,592002,3072,128,True,5,,,,,,,,,,,,,,,,,,,,,,,,,,
osa_binary_apples_postqc,transformer,,240m,9,False,False,0.1463085006662351,1.251805912106882,0.9534472289688674,0.6779331779331779,0.8042191142191144,2,3795,805,820,14,0,4.494394214948018,32,480,119,5.0,592002,3072,128,True,5,,,,,,,,,,,,,,,,,,,,,,,,,,
osa_binary_apples_postqc,transformer,,240m,10,False,False,0.1327888190059165,2.1388133784927432,0.9518340141311548,0.5727661227661227,0.7931623931623931,2,3795,805,820,14,0,4.494394214948018,32,480,119,5.0,592002,3072,128,True,5,,,,,,,,,,,,,,,,,,,,,,,,,,
osa_binary_apples_postqc,transformer,,240m,11,False,False,0.1218120748699889,1.364158302001794,0.9628063590196512,0.670979020979021,0.802828282828283,2,3795,805,820,14,0,4.494394214948018,32,480,119,5.0,592002,3072,128,True,5,,,,,,,,,,,,,,,,,,,,,,,,,,
osa_binary_apples_postqc,transformer,,240m,12,False,False,0.089071016118166,2.588239950751811,0.9698470964892912,0.5699300699300699,0.7766200466200466,2,3795,805,820,14,0,4.494394214948018,32,480,119,5.0,592002,3072,128,True,5,,,,,,,,,,,,,,,,,,,,,,,,,,
osa_binary_apples_postqc,transformer,,240m,13,False,False,0.0716238141943343,2.581123627226942,0.9736420843453302,0.5566433566433566,0.772991452991453,2,3795,805,820,14,0,4.494394214948018,32,480,119,5.0,592002,3072,128,True,5,,,,,,,,,,,,,,,,,,,,,,,,,,
osa_binary_apples_postqc,transformer,,240m,14,False,False,0.0583240992723527,2.20123409065831,0.980853941267388,0.6272727272727272,0.7848484848484847,2,3795,805,820,14,0,4.494394214948018,32,480,119,5.0,592002,3072,128,True,5,,,,,,,,,,,,,,,,,,,,,,,,,,
sex_binary,lstm,,30s,1,False,False,0.6280173961692831,0.6325396372355975,0.6438217721974708,0.6330951858412629,0.7061052499568905,2,33335,7145,7155,28,0,16.219809556007384,32,1,1042,5.0,3279362,3072,128,True,5,,,,,,,,,,,,,,,,,,,,,,,,,,
sex_binary,lstm,,30s,2,False,False,0.5851456302635956,0.6067889115208092,0.6898301876603213,0.6590351695380225,0.7289900221034314,2,33335,7145,7155,28,0,16.219809556007384,32,1,1042,5.0,3279362,3072,128,True,5,,,,,,,,,,,,,,,,,,,,,,,,,,
sex_binary,lstm,,30s,3,False,False,0.567563969725627,0.605596186273827,0.7022813734755411,0.6579341129626436,0.7329530027746862,2,33335,7145,7155,28,0,16.219809556007384,32,1,1042,5.0,3279362,3072,128,True,5,,,,,,,,,,,,,,,,,,,,,,,,,,
sex_binary,lstm,,30s,4,False,False,0.5574785409525128,0.6007295860369944,0.7093128122046712,0.6699254205138656,0.7415294085372545,2,33335,7145,7155,28,0,16.219809556007384,32,1,1042,5.0,3279362,3072,128,True,5,,,,,,,,,,,,,,,,,,,,,,,,,,
sex_binary,lstm,,30s,5,False,False,0.547760964210591,0.6069007580558932,0.7173825390396472,0.6674744478061169,0.7377279710303961,2,33335,7145,7155,28,0,16.219809556007384,32,1,1042,5.0,3279362,3072,128,True,5,,,,,,,,,,,,,,,,,,,,,,,,,,
sex_binary,lstm,,30s,6,False,False,0.5388289530022992,0.6084731858539114,0.726603339183655,0.6618223965763195,0.740203359408067,2,33335,7145,7155,28,0,16.219809556007384,32,1,1042,5.0,3279362,3072,128,True,5,,,,,,,,,,,,,,,,,,,,,,,,,,
sex_binary,lstm,,30s,7,False,False,0.5320971682830892,0.5917121265925587,0.7293579046847576,0.6798004420686303,0.752220493486542,2,33335,7145,7155,28,0,16.219809556007384,32,1,1042,5.0,3279362,3072,128,True,5,,,,,,,,,,,,,,,,,,,,,,,,,,
sex_binary,lstm,,30s,8,False,False,0.5252283988586158,0.5830483683470331,0.736508113946267,0.6833130849179352,0.7574104497499647,2,33335,7145,7155,28,0,16.219809556007384,32,1,1042,5.0,3279362,3072,128,True,5,,,,,,,,,,,,,,,,,,,,,,,,,,
sex_binary,lstm,,30s,9,False,False,0.51722359077423,0.5832290805120248,0.7421738535619459,0.6839074085686069,0.7583939740715775,2,33335,7145,7155,28,0,16.219809556007384,32,1,1042,5.0,3279362,3072,128,True,5,,,,,,,,,,,,,,,,,,,,,,,,,,
sex_binary,lstm,,30s,10,False,False,0.5129509453081881,0.5872705392815835,0.7446552720399622,0.6731990014265334,0.7522452618707969,2,33335,7145,7155,28,0,16.219809556007384,32,1,1042,5.0,3279362,3072,128,True,5,,,,,,,,,,,,,,,,,,,,,,,,,,
sex_binary,lstm,,30s,11,False,False,0.5079756746410841,0.5958438688470735,0.7496537239548176,0.6747550594911508,0.7503823031462118,2,33335,7145,7155,28,0,16.219809556007384,32,1,1042,5.0,3279362,3072,128,True,5,,,,,,,,,,,,,,,,,,,,,,,,,,
sex_binary,lstm,,30s,12,False,False,0.5015312988789914,0.5879425366079999,0.7527730525178884,0.6764992318665644,0.7594352651627972,2,33335,7145,7155,28,0,16.219809556007384,32,1,1042,5.0,3279362,3072,128,True,5,,,,,,,,,,,,,,,,,,,,,,,,,,
sex_binary,lstm,,30s,13,False,False,0.495570313699853,0.5896100711580587,0.7581656541109761,0.6762131413522283,0.7586454985813045,2,33335,7145,7155,28,0,16.219809556007384,32,1,1042,5.0,3279362,3072,128,True,5,,,,,,,,,,,,,,,,,,,,,,,,,,
sex_binary,lstm,,30s,14,False,False,0.4885927001441528,0.5821453681602772,0.762786139237658,0.6861759495853648,0.7624287517047861,2,33335,7145,7155,28,0,16.219809556007384,32,1,1042,5.0,3279362,3072,128,True,5,,,,,,,,,,,,,,,,,,,,,,,,,,
sex_binary,lstm,,30s,15,False,False,0.4796565021015955,0.589801253802798,0.770573259529274,0.679031524823251,0.7552291075543571,2,33335,7145,7155,28,0,16.219809556007384,32,1,1042,5.0,3279362,3072,128,True,5,,,,,,,,,,,,,,,,,,,,,,,,,,
sex_binary,lstm,,30s,16,False,False,0.4774597148595229,0.597749981390504,0.7699059718284506,0.675157937640106,0.7531229327021054,2,33335,7145,7155,28,0,16.219809556007384,32,1,1042,5.0,3279362,3072,128,True,5,,,,,,,,,,,,,,,,,,,,,,,,,,
sex_binary,lstm,,30s,17,False,False,0.4713808651715718,0.5877609246047416,0.7714499527474011,0.6764876706745466,0.759589126992836,2,33335,7145,7155,28,0,16.219809556007384,32,1,1042,5.0,3279362,3072,128,True,5,,,,,,,,,,,,,,,,,,,,,,,,,,
sex_binary,lstm,,30s,18,True,False,0.4658111576869853,0.5882025885823893,0.7786519508572971,0.6833503158752803,0.7624325139910019,2,33335,7145,7155,28,0,16.219809556007384,32,1,1042,5.0,3279362,3072,128,True,5,0.8047997600119994,0.8042379820890149,0.8042045191199174,0.8896085468700778,0.7591130012150669,0.849362962962963,,,,0.682855143456963,0.6833503158752803,0.6827990674346617,0.6571428571428571,0.7095577746077033,,,,0.6838574423480084,0.6823714945484911,0.6824932381298849,0.7635320131573272,0.6573551263001486,0.7073878627968337,,,
sex_binary,lstm,,30s,19,False,False,0.4600810786004865,0.5900814145907728,0.783413860762342,0.6781967675690929,0.7581268125597654,2,33335,7145,7155,28,0,16.219809556007384,32,1,1042,5.0,3279362,3072,128,True,5,,,,,,,,,,,,,,,,,,,,,,,,,,
sex_binary,lstm,,30s,20,False,False,0.4506778532782469,0.5917738602368293,0.788372224472346,0.6828306500917056,0.757917652960449,2,33335,7145,7155,28,0,16.219809556007384,32,1,1042,5.0,3279362,3072,128,True,5,,,,,,,,,,,,,,,,,,,,,,,,,,
sex_binary,lstm,,30s,21,False,False,0.446242956082038,0.5954689291868284,0.7918296836325998,0.6807766769606998,0.7574251461804957,2,33335,7145,7155,28,0,16.219809556007384,32,1,1042,5.0,3279362,3072,128,True,5,,,,,,,,,,,,,,,,,,,,,,,,,,
sex_binary,lstm,,30s,22,False,False,0.440076827909057,0.5904455928972671,0.7964745691013007,0.6794608565471618,0.7597148108667366,2,33335,7145,7155,28,0,16.219809556007384,32,1,1042,5.0,3279362,3072,128,True,5,,,,,,,,,,,,,,,,,,,,,,,,,,
sex_binary,lstm,,30s,23,False,False,0.4363785487932834,0.5980036855202776,0.797738184600153,0.6757101315232557,0.7563861281371981,2,33335,7145,7155,28,0,16.219809556007384,32,1,1042,5.0,3279362,3072,128,True,5,,,,,,,,,,,,,,,,,,,,,,,,,,
sex_binary,lstm,,30s,24,False,False,0.4278279671966538,0.5923569759428292,0.8032868997794879,0.6821601009546802,0.758663722155163,2,33335,7145,7155,28,0,16.219809556007384,32,1,1042,5.0,3279362,3072,128,True,5,,,,,,,,,,,,,,,,,,,,,,,,,,
sex_binary,lstm,,30s,25,False,False,0.4186972412235897,0.5985831417346684,0.812459151253319,0.679424409399445,0.757904563339656,2,33335,7145,7155,28,0,16.219809556007384,32,1,1042,5.0,3279362,3072,128,True,5,,,,,,,,,,,,,,,,,,,,,,,,,,
sex_binary,lstm,,30s,26,False,False,0.4165851785831943,0.6010151955445718,0.8125228927591017,0.6810841262874073,0.7598720822686584,2,33335,7145,7155,28,0,16.219809556007384,32,1,1042,5.0,3279362,3072,128,True,5,,,,,,,,,,,,,,,,,,,,,,,,,,
sex_binary,lstm,,30s,27,False,False,0.4114455178775618,0.5973768715928534,0.8164892849106701,0.682784209371228,0.7594140239218699,2,33335,7145,7155,28,0,16.219809556007384,32,1,1042,5.0,3279362,3072,128,True,5,,,,,,,,,,,,,,,,,,,,,,,,,,
sex_binary,lstm,,30s,28,False,False,0.4071089981305683,0.6071851782610235,0.8167200936051483,0.6804468890595852,0.7572056402940853,2,33335,7145,7155,28,0,16.219809556007384,32,1,1042,5.0,3279362,3072,128,True,5,,,,,,,,,,,,,,,,,,,,,,,,,,
sex_binary,lstm,,10m,1,False,False,0.6194654321659804,0.6180733366101,0.6492029251608838,0.6596675079556678,0.7282932545343387,2,33335,7145,7155,40,0,26.104269683361053,32,20,1042,5.0,3279362,3072,128,True,5,,,,,,,,,,,,,,,,,,,,,,,,,,
sex_binary,lstm,,10m,2,False,False,0.5722119642400091,0.5857428541293588,0.6974268304756761,0.6862192550673292,0.7569989888855795,2,33335,7145,7155,40,0,26.104269683361053,32,20,1042,5.0,3279362,3072,128,True,5,,,,,,,,,,,,,,,,,,,,,,,,,,
sex_binary,lstm,,10m,3,False,False,0.548847808250695,0.585353844744747,0.7177077179244858,0.6794941684563653,0.7668200843379159,2,33335,7145,7155,40,0,26.104269683361053,32,20,1042,5.0,3279362,3072,128,True,5,,,,,,,,,,,,,,,,,,,,,,,,,,
sex_binary,lstm,,10m,4,False,False,0.5330788999710981,0.5638823288399661,0.7296270644885469,0.6981586352306752,0.7794233904469283,2,33335,7145,7155,40,0,26.104269683361053,32,20,1042,5.0,3279362,3072,128,True,5,,,,,,,,,,,,,,,,,,,,,,,,,,
sex_binary,lstm,,10m,5,False,False,0.5174326366528553,0.5550332457682234,0.7428672877008236,0.7066378877898136,0.7862322271166778,2,33335,7145,7155,40,0,26.104269683361053,32,20,1042,5.0,3279362,3072,128,True,5,,,,,,,,,,,,,,,,,,,,,,,,,,
sex_binary,lstm,,10m,6,False,False,0.5080316241836734,0.5506249366814311,0.7491104360739841,0.7109660845573826,0.7915492781113322,2,33335,7145,7155,40,0,26.104269683361053,32,20,1042,5.0,3279362,3072,128,True,5,,,,,,,,,,,,,,,,,,,,,,,,,,
sex_binary,lstm,,10m,7,False,False,0.4974447121197483,0.5463694904090809,0.7590468295756266,0.709500164600022,0.7959567180323244,2,33335,7145,7155,40,0,26.104269683361053,32,20,1042,5.0,3279362,3072,128,True,5,,,,,,,,,,,,,,,,,,,,,,,,,,
sex_binary,lstm,,10m,8,False,False,0.4896445134384478,0.5468238219587515,0.7600407902434634,0.7103682337633835,0.7958011710115847,2,33335,7145,7155,40,0,26.104269683361053,32,20,1042,5.0,3279362,3072,128,True,5,,,,,,,,,,,,,,,,,,,,,,,,,,
sex_binary,lstm,,10m,9,False,False,0.4818998469447417,0.5573406627830548,0.7678640205211287,0.7124043752253453,0.79450204574313,2,33335,7145,7155,40,0,26.104269683361053,32,20,1042,5.0,3279362,3072,128,True,5,,,,,,,,,,,,,,,,,,,,,,,,,,
sex_binary,lstm,,10m,10,False,False,0.4732101616802933,0.5441724595863391,0.7718448494667207,0.7190412832531234,0.8046688404320359,2,33335,7145,7155,40,0,26.104269683361053,32,20,1042,5.0,3279362,3072,128,True,5,,,,,,,,,,,,,,,,,,,,,,,,,,
sex_binary,lstm,,10m,11,False,False,0.4689301854669734,0.5328032929134836,0.7766184600153008,0.7237772569798248,0.8079118135787181,2,33335,7145,7155,40,0,26.104269683361053,32,20,1042,5.0,3279362,3072,128,True,5,,,,,,,,,,,,,,,,,,,,,,,,,,
sex_binary,lstm,,10m,12,False,False,0.4619999157840637,0.5355991547636588,0.7788182800054003,0.7236673276794532,0.8078212051856845,2,33335,7145,7155,40,0,26.104269683361053,32,20,1042,5.0,3279362,3072,128,True,5,,,,,,,,,,,,,,,,,,,,,,,,,,
sex_binary,lstm,,10m,13,False,False,0.4566343330122889,0.5262381101922609,0.784312713199226,0.7271631186217491,0.8124902415701274,2,33335,7145,7155,40,0,26.104269683361053,32,20,1042,5.0,3279362,3072,128,True,5,,,,,,,,,,,,,,,,,,,,,,,,,,
sex_binary,lstm,,10m,14,False,False,0.451747357368791,0.5398518375160812,0.7894085144682957,0.717242636108542,0.8059465285071561,2,33335,7145,7155,40,0,26.104269683361053,32,20,1042,5.0,3279362,3072,128,True,5,,,,,,,,,,,,,,,,,,,,,,,,,,
sex_binary,lstm,,10m,15,False,False,0.4469804864639962,0.5561743866779989,0.7888465505602809,0.7174609270900283,0.8053055681835997,2,33335,7145,7155,40,0,26.104269683361053,32,20,1042,5.0,3279362,3072,128,True,5,,,,,,,,,,,,,,,,,,,,,,,,,,
sex_binary,lstm,,10m,16,False,False,0.4413525952925581,0.5416831710273524,0.7916710769092301,0.7152217789343325,0.810750772052484,2,33335,7145,7155,40,0,26.104269683361053,32,20,1042,5.0,3279362,3072,128,True,5,,,,,,,,,,,,,,,,,,,,,,,,,,
sex_binary,lstm,,10m,17,False,False,0.4335679430099411,0.5352499745749694,0.7983800819045047,0.7258976579768306,0.8140220407267483,2,33335,7145,7155,40,0,26.104269683361053,32,20,1042,5.0,3279362,3072,128,True,5,,,,,,,,,,,,,,,,,,,,,,,,,,
sex_binary,lstm,,10m,18,False,False,0.4301201899718251,0.5486070535873683,0.8008876468205751,0.7097157122478093,0.8090550391121004,2,33335,7145,7155,40,0,26.104269683361053,32,20,1042,5.0,3279362,3072,128,True,5,,,,,,,,,,,,,,,,,,,,,,,,,,
sex_binary,lstm,,10m,19,False,False,0.4225503090369535,0.5325705713538376,0.8066900769542324,0.7231850888056308,0.8107088774278504,2,33335,7145,7155,40,0,26.104269683361053,32,20,1042,5.0,3279362,3072,128,True,5,,,,,,,,,,,,,,,,,,,,,,,,,,
sex_binary,lstm,,10m,20,False,False,0.4187278485037101,0.5311669712887518,0.8050440124206831,0.7255843300779107,0.8115330532520262,2,33335,7145,7155,40,0,26.104269683361053,32,20,1042,5.0,3279362,3072,128,True,5,,,,,,,,,,,,,,,,,,,,,,,,,,
sex_binary,lstm,,10m,21,False,False,0.4107411764918622,0.5329278121593534,0.812165591107511,0.7263763697073256,0.8114390352871096,2,33335,7145,7155,40,0,26.104269683361053,32,20,1042,5.0,3279362,3072,128,True,5,,,,,,,,,,,,,,,,,,,,,,,,,,
sex_binary,lstm,,10m,22,False,False,0.4089810176242215,0.5277424557589416,0.8126434003870213,0.7301065197284884,0.816193428540076,2,33335,7145,7155,40,0,26.104269683361053,32,20,1042,5.0,3279362,3072,128,True,5,,,,,,,,,,,,,,,,,,,,,,,,,,
sex_binary,lstm,,10m,23,False,False,0.3999683930104294,0.5333712875175677,0.8185683362584941,0.7274921227132354,0.8145339467950024,2,33335,7145,7155,40,0,26.104269683361053,32,20,1042,5.0,3279362,3072,128,True,5,,,,,,,,,,,,,,,,,,,,,,,,,,
sex_binary,lstm,,10m,24,False,False,0.3941213700337551,0.5309670485133804,0.8203486071733945,0.7264030192346883,0.8140907808311516,2,33335,7145,7155,40,0,26.104269683361053,32,20,1042,5.0,3279362,3072,128,True,5,,,,,,,,,,,,,,,,,,,,,,,,,,
sex_binary,lstm,,10m,25,False,False,0.3890703115673174,0.5354892166491736,0.8236511948157148,0.7261120299101754,0.8122944459249737,2,33335,7145,7155,40,0,26.104269683361053,32,20,1042,5.0,3279362,3072,128,True,5,,,,,,,,,,,,,,,,,,,,,,,,,,
sex_binary,lstm,,10m,26,False,False,0.3849111795496937,0.5319391815540588,0.829474047072589,0.7264759135301218,0.8164514978601998,2,33335,7145,7155,40,0,26.104269683361053,32,20,1042,5.0,3279362,3072,128,True,5,,,,,,,,,,,,,,,,,,,,,,,,,,
sex_binary,lstm,,10m,27,False,False,0.3794573234925299,0.5301086804639884,0.832844606453355,0.729419314636861,0.8173111018795756,2,33335,7145,7155,40,0,26.104269683361053,32,20,1042,5.0,3279362,3072,128,True,5,,,,,,,,,,,,,,,,,,,,,,,,,,
sex_binary,lstm,,10m,28,False,False,0.3730488619275834,0.5316647967981909,0.8363155123531795,0.7262019720650248,0.8171085262811368,2,33335,7145,7155,40,0,26.104269683361053,32,20,1042,5.0,3279362,3072,128,True,5,,,,,,,,,,,,,,,,,,,,,,,,,,
sex_binary,lstm,,10m,29,False,False,0.3695522646586076,0.536615956772283,0.8367452679897395,0.727533272718722,0.8145999043752253,2,33335,7145,7155,40,0,26.104269683361053,32,20,1042,5.0,3279362,3072,128,True,5,,,,,,,,,,,,,,,,,,,,,,,,,,
sex_binary,lstm,,10m,30,False,False,0.3639495205652129,0.5407247785340663,0.8386333468340759,0.7289721512439058,0.8160358044238215,2,33335,7145,7155,40,0,26.104269683361053,32,20,1042,5.0,3279362,3072,128,True,5,,,,,,,,,,,,,,,,,,,,,,,,,,
sex_binary,lstm,,10m,31,False,False,0.3593438866686674,0.5369472211895496,0.8413958777732775,0.7319035992538132,0.8171392124280856,2,33335,7145,7155,40,0,26.104269683361053,32,20,1042,5.0,3279362,3072,128,True,5,,,,,,,,,,,,,,,,,,,,,,,,,,
sex_binary,lstm,,10m,32,False,False,0.3576388851185869,0.5373619591672576,0.8446280005400297,0.7258998134533085,0.8169006599677071,2,33335,7145,7155,40,0,26.104269683361053,32,20,1042,5.0,3279362,3072,128,True,5,,,,,,,,,,,,,,,,,,,,,,,,,,
sex_binary,lstm,,10m,33,False,False,0.3544930162924384,0.53527947089904,0.8464862067413708,0.7253987631484065,0.8161598031070214,2,33335,7145,7155,40,0,26.104269683361053,32,20,1042,5.0,3279362,3072,128,True,5,,,,,,,,,,,,,,,,,,,,,,,,,,
sex_binary,lstm,,10m,34,False,False,0.3502159772872996,0.5353475484879723,0.8503843751406327,0.7295521703688608,0.8176981078835572,2,33335,7145,7155,40,0,26.104269683361053,32,20,1042,5.0,3279362,3072,128,True,5,,,,,,,,,,,,,,,,,,,,,,,,,,
sex_binary,lstm,,10m,35,True,False,0.3483514402551738,0.533220569481793,0.8496057873183025,0.7307988195826998,0.8184709441770781,2,33335,7145,7155,40,0,26.104269683361053,32,20,1042,5.0,3279362,3072,128,True,5,0.8757162141892906,0.8756390531479232,0.8756798653736969,0.9462377012735701,0.8694410692588093,0.8818370370370371,,,,0.731000699790063,0.7307988195826998,0.7308392329342772,0.7414835164835165,0.720114122681883,,,,0.7424178895877009,0.7427971866215544,0.7420505710701789,0.8215113676014537,0.7491827637444279,0.7364116094986808,,,
sex_binary,lstm,,10m,36,False,False,0.3459358593978427,0.535589027175376,0.8510805454299987,0.7311897446348231,0.8177276575065449,2,33335,7145,7155,40,0,26.104269683361053,32,20,1042,5.0,3279362,3072,128,True,5,,,,,,,,,,,,,,,,,,,,,,,,,,
sex_binary,lstm,,10m,37,False,False,0.3440024114319351,0.5353203915648731,0.8528356689617929,0.7309467636500446,0.8183521186374252,2,33335,7145,7155,40,0,26.104269683361053,32,20,1042,5.0,3279362,3072,128,True,5,,,,,,,,,,,,,,,,,,,,,,,,,,
sex_binary,lstm,,10m,38,False,False,0.3431176848357561,0.5356604200589065,0.8523718014490798,0.7288592826574282,0.8182623724349829,2,33335,7145,7155,40,0,26.104269683361053,32,20,1042,5.0,3279362,3072,128,True,5,,,,,,,,,,,,,,,,,,,,,,,,,,
sex_binary,lstm,,10m,39,False,False,0.3434752341580566,0.5352426579650922,0.8529165924125827,0.7312691053596903,0.8184080042639243,2,33335,7145,7155,40,0,26.104269683361053,32,20,1042,5.0,3279362,3072,128,True,5,,,,,,,,,,,,,,,,,,,,,,,,,,
sex_binary,lstm,,10m,40,False,False,0.3399727616171367,0.5348305234632098,0.8540191080509428,0.7303495007132668,0.8184686711291561,2,33335,7145,7155,40,0,26.104269683361053,32,20,1042,5.0,3279362,3072,128,True,5,,,,,,,,,,,,,,,,,,,,,,,,,,
sex_binary,lstm,,40m,1,False,False,0.6052646171551371,0.5887353142088656,0.6690794383691103,0.6912225078772867,0.7565615447320155,2,33335,7145,7155,40,0,52.04575819174449,32,80,1042,5.0,3279362,3072,128,True,5,,,,,,,,,,,,,,,,,,,,,,,,,,
sex_binary,lstm,,40m,2,False,False,0.5583901052659502,0.5757226947139743,0.7130904639755187,0.6901676960699785,0.774133302503488,2,33335,7145,7155,40,0,52.04575819174449,32,80,1042,5.0,3279362,3072,128,True,5,,,,,,,,,,,,,,,,,,,,,,,,,,
sex_binary,lstm,,40m,3,False,False,0.5319737134155742,0.5763095614875089,0.7341389856442104,0.6887503723095735,0.7838026916022637,2,33335,7145,7155,40,0,52.04575819174449,32,80,1042,5.0,3279362,3072,128,True,5,,,,,,,,,,,,,,,,,,,,,,,,,,
sex_binary,lstm,,40m,4,False,False,0.5118617988256781,0.5433934156756204,0.7462530399171954,0.7185304353278676,0.7994707325484786,2,33335,7145,7155,40,0,52.04575819174449,32,80,1042,5.0,3279362,3072,128,True,5,,,,,,,,,,,,,,,,,,,,,,,,,,
sex_binary,lstm,,40m,5,False,False,0.4944521038942078,0.5436030513469451,0.7603184195130732,0.7182382702889123,0.8046162076154945,2,33335,7145,7155,40,0,52.04575819174449,32,80,1042,5.0,3279362,3072,128,True,5,,,,,,,,,,,,,,,,,,,,,,,,,,
sex_binary,lstm,,40m,6,False,False,0.485619285617326,0.5241454718953834,0.7668902299626479,0.7333342477778997,0.8171974886739508,2,33335,7145,7155,40,0,52.04575819174449,32,80,1042,5.0,3279362,3072,128,True,5,,,,,,,,,,,,,,,,,,,,,,,,,,
sex_binary,lstm,,40m,7,False,False,0.4671670150306247,0.5269578725829501,0.7786335358444714,0.7387201956388832,0.82176372842564,2,33335,7145,7155,40,0,52.04575819174449,32,80,1042,5.0,3279362,3072,128,True,5,,,,,,,,,,,,,,,,,,,,,,,,,,
sex_binary,lstm,,40m,8,False,False,0.4575666164876246,0.5194816097627577,0.7834522118716529,0.7317538916148045,0.8215017008668934,2,33335,7145,7155,40,0,52.04575819174449,32,80,1042,5.0,3279362,3072,128,True,5,,,,,,,,,,,,,,,,,,,,,,,,,,
sex_binary,lstm,,40m,9,False,False,0.4433384203814273,0.5023258703000234,0.7940347329103101,0.74861990719694,0.8334128246931385,2,33335,7145,7155,40,0,52.04575819174449,32,80,1042,5.0,3279362,3072,128,True,5,,,,,,,,,,,,,,,,,,,,,,,,,,
sex_binary,lstm,,40m,10,False,False,0.4339980739738624,0.5092322350174001,0.7982747671121913,0.7531534620871283,0.8343255710053142,2,33335,7145,7155,40,0,52.04575819174449,32,80,1042,5.0,3279362,3072,128,True,5,,,,,,,,,,,,,,,,,,,,,,,,,,
sex_binary,lstm,,40m,11,False,False,0.4262469016720692,0.5140216773418883,0.8029866252643896,0.7522085795801916,0.8343800457744822,2,33335,7145,7155,40,0,52.04575819174449,32,80,1042,5.0,3279362,3072,128,True,5,,,,,,,,,,,,,,,,,,,,,,,,,,
sex_binary,lstm,,40m,12,False,False,0.4177562565492049,0.5207464942446616,0.8098796363800009,0.7274987850950762,0.8366117869291906,2,33335,7145,7155,40,0,52.04575819174449,32,80,1042,5.0,3279362,3072,128,True,5,,,,,,,,,,,,,,,,,,,,,,,,,,
sex_binary,lstm,,40m,13,False,False,0.4116490936357971,0.4984424986690804,0.8105110661086359,0.7494385963537176,0.8371662930507439,2,33335,7145,7155,40,0,52.04575819174449,32,80,1042,5.0,3279362,3072,128,True,5,,,,,,,,,,,,,,,,,,,,,,,,,,
sex_binary,lstm,,40m,14,False,False,0.4036571793198961,0.5081842930626419,0.8161294991224517,0.739810866736687,0.8337000517314355,2,33335,7145,7155,40,0,52.04575819174449,32,80,1042,5.0,3279362,3072,128,True,5,,,,,,,,,,,,,,,,,,,,,,,,,,
sex_binary,lstm,,40m,15,False,False,0.3994886859042258,0.4918355789611688,0.8197097070338868,0.758653650201439,0.8444307582574345,2,33335,7145,7155,40,0,52.04575819174449,32,80,1042,5.0,3279362,3072,128,True,5,,,,,,,,,,,,,,,,,,,,,,,,,,
sex_binary,lstm,,40m,16,False,False,0.3940793045728983,0.4970833553122506,0.8202915980378921,0.7556894781395495,0.8418728347259018,2,33335,7145,7155,40,0,52.04575819174449,32,80,1042,5.0,3279362,3072,128,True,5,,,,,,,,,,,,,,,,,,,,,,,,,,
sex_binary,lstm,,40m,17,False,False,0.3856070860127414,0.4956094563549594,0.8285961207866432,0.7513708830399273,0.8445340251759653,2,33335,7145,7155,40,0,52.04575819174449,32,80,1042,5.0,3279362,3072,128,True,5,,,,,,,,,,,,,,,,,,,,,,,,,,
sex_binary,lstm,,40m,18,False,False,0.3798356833729015,0.4998018437870071,0.8297250348769182,0.7578190888996881,0.8456910065683246,2,33335,7145,7155,40,0,52.04575819174449,32,80,1042,5.0,3279362,3072,128,True,5,,,,,,,,,,,,,,,,,,,,,,,,,,
sex_binary,lstm,,40m,19,False,False,0.3686618164532614,0.4908334412447133,0.8358006120336618,0.7541081422144189,0.845587935602201,2,33335,7145,7155,40,0,52.04575819174449,32,80,1042,5.0,3279362,3072,128,True,5,,,,,,,,,,,,,,,,,,,,,,,,,,
sex_binary,lstm,,40m,20,False,False,0.3645307016601551,0.4890857325161646,0.839188101345574,0.7619180213509742,0.8482954883917794,2,33335,7145,7155,40,0,52.04575819174449,32,80,1042,5.0,3279362,3072,128,True,5,,,,,,,,,,,,,,,,,,,,,,,,,,
sex_binary,lstm,,40m,21,False,False,0.356349089460536,0.4900844359956812,0.8427640790243462,0.7584998275618817,0.8470498189399759,2,33335,7145,7155,40,0,52.04575819174449,32,80,1042,5.0,3279362,3072,128,True,5,,,,,,,,,,,,,,,,,,,,,,,,,,
sex_binary,lstm,,40m,22,False,False,0.3518728981932475,0.5093062431537829,0.8458699608478466,0.7488023388879309,0.8480992616513301,2,33335,7145,7155,40,0,52.04575819174449,32,80,1042,5.0,3279362,3072,128,True,5,,,,,,,,,,,,,,,,,,,,,,,,,,
sex_binary,lstm,,40m,23,False,False,0.3438663749362604,0.5113009653949003,0.8500938121596688,0.7454258829615463,0.8465042090577041,2,33335,7145,7155,40,0,52.04575819174449,32,80,1042,5.0,3279362,3072,128,True,5,,,,,,,,,,,,,,,,,,,,,,,,,,
sex_binary,lstm,,40m,24,False,False,0.3381140358934915,0.5075433796106142,0.8544244723459791,0.7638264018435202,0.8484372403630607,2,33335,7145,7155,40,0,52.04575819174449,32,80,1042,5.0,3279362,3072,128,True,5,,,,,,,,,,,,,,,,,,,,,,,,,,
sex_binary,lstm,,40m,25,False,False,0.3335244338158744,0.5107484307883084,0.8564890868997795,0.7508574877333793,0.8486559232493612,2,33335,7145,7155,40,0,52.04575819174449,32,80,1042,5.0,3279362,3072,128,True,5,,,,,,,,,,,,,,,,,,,,,,,,,,
sex_binary,lstm,,40m,26,False,False,0.3250072157229193,0.4963577756271068,0.8616986814274785,0.7719198241131194,0.850285737800003,2,33335,7145,7155,40,0,52.04575819174449,32,80,1042,5.0,3279362,3072,128,True,5,,,,,,,,,,,,,,,,,,,,,,,,,,
sex_binary,lstm,,40m,27,False,False,0.3183425827828844,0.4916211779819159,0.8637274380090905,0.7669634039284539,0.851965951309746,2,33335,7145,7155,40,0,52.04575819174449,32,80,1042,5.0,3279362,3072,128,True,5,,,,,,,,,,,,,,,,,,,,,,,,,,
sex_binary,lstm,,40m,28,False,False,0.3152710939331606,0.4956678875473682,0.8666050042752351,0.7679837281121161,0.8525871988211502,2,33335,7145,7155,40,0,52.04575819174449,32,80,1042,5.0,3279362,3072,128,True,5,,,,,,,,,,,,,,,,,,,,,,,,,,
sex_binary,lstm,,40m,29,False,False,0.3092924618785378,0.5001353609657855,0.8704949552225372,0.7688345534636547,0.8516618723644402,2,33335,7145,7155,40,0,52.04575819174449,32,80,1042,5.0,3279362,3072,128,True,5,,,,,,,,,,,,,,,,,,,,,,,,,,
sex_binary,lstm,,40m,30,False,False,0.3038599387385667,0.509004345027361,0.8730906619864093,0.7662622862159238,0.8531437820382186,2,33335,7145,7155,40,0,52.04575819174449,32,80,1042,5.0,3279362,3072,128,True,5,,,,,,,,,,,,,,,,,,,,,,,,,,
sex_binary,lstm,,40m,31,False,False,0.2980364061106408,0.499845019141388,0.876890229962648,0.7648275226912887,0.8524149566553276,2,33335,7145,7155,40,0,52.04575819174449,32,80,1042,5.0,3279362,3072,128,True,5,,,,,,,,,,,,,,,,,,,,,,,,,,
sex_binary,lstm,,40m,32,True,False,0.296868278625506,0.4920253493971054,0.8754754781512983,0.7701648743553167,0.8549168377984354,2,33335,7145,7155,40,0,52.04575819174449,32,80,1042,5.0,3279362,3072,128,True,5,0.9049347532623369,0.9049794068673778,0.9049291463159252,0.9656847126591961,0.9085662211421628,0.9013925925925926,,,,0.7703289013296011,0.7701648743553167,0.7702048639617193,0.7788461538461539,0.7614835948644794,,,,0.7688329839273236,0.7694474393002623,0.7685435889556538,0.8521594326196646,0.7797919762258544,0.7591029023746702,,,
sex_binary,lstm,,40m,33,False,False,0.290994092037568,0.4958048133686591,0.8798736150488278,0.7671526939536926,0.8533472198272485,2,33335,7145,7155,40,0,52.04575819174449,32,80,1042,5.0,3279362,3072,128,True,5,,,,,,,,,,,,,,,,,,,,,,,,,,
sex_binary,lstm,,40m,34,False,False,0.2860548718500945,0.496438431479115,0.8829503712704199,0.7645690614663511,0.8535676662852126,2,33335,7145,7155,40,0,52.04575819174449,32,80,1042,5.0,3279362,3072,128,True,5,,,,,,,,,,,,,,,,,,,,,,,,,,
sex_binary,lstm,,40m,35,False,False,0.284403049934656,0.4980583883191089,0.8821376715719365,0.771866916963208,0.8543227101001708,2,33335,7145,7155,40,0,52.04575819174449,32,80,1042,5.0,3279362,3072,128,True,5,,,,,,,,,,,,,,,,,,,,,,,,,,
sex_binary,lstm,,40m,36,False,False,0.2819158551600699,0.4988935435064361,0.8843947527113991,0.7710791882867489,0.8539366054772617,2,33335,7145,7155,40,0,52.04575819174449,32,80,1042,5.0,3279362,3072,128,True,5,,,,,,,,,,,,,,,,,,,,,,,,,,
sex_binary,lstm,,40m,37,False,False,0.2783046078490624,0.4975930480668393,0.8861720354619504,0.7730236240221975,0.8543829850605885,2,33335,7145,7155,40,0,52.04575819174449,32,80,1042,5.0,3279362,3072,128,True,5,,,,,,,,,,,,,,,,,,,,,,,,,,
sex_binary,lstm,,40m,38,False,False,0.2786852446384867,0.4956047723475163,0.8873582197020836,0.7708305246821652,0.8548140411656818,2,33335,7145,7155,40,0,52.04575819174449,32,80,1042,5.0,3279362,3072,128,True,5,,,,,,,,,,,,,,,,,,,,,,,,,,
sex_binary,lstm,,40m,39,False,False,0.2765901318505838,0.4958604369674886,0.887331578236803,0.7734564828894358,0.8548562493141666,2,33335,7145,7155,40,0,52.04575819174449,32,80,1042,5.0,3279362,3072,128,True,5,,,,,,,,,,,,,,,,,,,,,,,,,,
sex_binary,lstm,,40m,40,False,False,0.275580259829925,0.4958461387454421,0.8874107555915576,0.7742383329936825,0.8548593453621984,2,33335,7145,7155,40,0,52.04575819174449,32,80,1042,5.0,3279362,3072,128,True,5,,,,,,,,,,,,,,,,,,,,,,,,,,
sex_binary,lstm,,80m,1,False,False,0.6074526647693914,0.5864044640262782,0.6676368030241664,0.6979366211534543,0.7568850621561034,2,33335,7145,7155,40,0,49.49358509381612,32,160,1042,5.0,3279362,3072,128,True,5,,,,,,,,,,,,,,,,,,,,,,,,,,
sex_binary,lstm,,80m,2,False,False,0.5478235651532338,0.5581837087556814,0.7235818550020251,0.7179943095420984,0.7957175385242431,2,33335,7145,7155,40,0,49.49358509381612,32,160,1042,5.0,3279362,3072,128,True,5,,,,,,,,,,,,,,,,,,,,,,,,,,
sex_binary,lstm,,80m,3,False,False,0.5125172001410411,0.5597626676669565,0.7488432653795959,0.7101746327851891,0.8039266510949822,2,33335,7145,7155,40,0,49.49358509381612,32,160,1042,5.0,3279362,3072,128,True,5,,,,,,,,,,,,,,,,,,,,,,,,,,
sex_binary,lstm,,80m,4,False,False,0.4870603661693088,0.5196849214021271,0.7657162413932765,0.7445981799940431,0.8235626890940728,2,33335,7145,7155,40,0,49.49358509381612,32,160,1042,5.0,3279362,3072,128,True,5,,,,,,,,,,,,,,,,,,,,,,,,,,
sex_binary,lstm,,80m,5,False,False,0.4660002098450762,0.5178381061996089,0.7829674272084965,0.7474800520449594,0.8292565565675409,2,33335,7145,7155,40,0,49.49358509381612,32,160,1042,5.0,3279362,3072,128,True,5,,,,,,,,,,,,,,,,,,,,,,,,,,
sex_binary,lstm,,80m,6,False,False,0.4538581265678322,0.4994327737077121,0.7878473606048333,0.7598411217883401,0.8377755482748349,2,33335,7145,7155,40,0,49.49358509381612,32,160,1042,5.0,3279362,3072,128,True,5,,,,,,,,,,,,,,,,,,,,,,,,,,
sex_binary,lstm,,80m,7,False,False,0.4358784793108786,0.5031869668656918,0.7993232527789028,0.7615602122556473,0.8450751673433556,2,33335,7145,7155,40,0,49.49358509381612,32,160,1042,5.0,3279362,3072,128,True,5,,,,,,,,,,,,,,,,,,,,,,,,,,
sex_binary,lstm,,80m,8,False,False,0.4204494554071711,0.4869184009277211,0.8095447459610279,0.763075316267185,0.8468051135740151,2,33335,7145,7155,40,0,49.49358509381612,32,160,1042,5.0,3279362,3072,128,True,5,,,,,,,,,,,,,,,,,,,,,,,,,,
sex_binary,lstm,,80m,9,False,False,0.4061132053814317,0.4740022174914956,0.818907465910625,0.7770024376479441,0.8573591886002728,2,33335,7145,7155,40,0,49.49358509381612,32,160,1042,5.0,3279362,3072,128,True,5,,,,,,,,,,,,,,,,,,,,,,,,,,
sex_binary,lstm,,80m,10,False,False,0.3978688262115806,0.4747779094230219,0.8212220692138068,0.768879426564876,0.8595642410371369,2,33335,7145,7155,40,0,49.49358509381612,32,160,1042,5.0,3279362,3072,128,True,5,,,,,,,,,,,,,,,,,,,,,,,,,,
sex_binary,lstm,,80m,11,False,False,0.3913715719354194,0.4716296993055237,0.8272329058098196,0.7764153642363343,0.858486659560126,2,33335,7145,7155,40,0,49.49358509381612,32,160,1042,5.0,3279362,3072,128,True,5,,,,,,,,,,,,,,,,,,,,,,,,,,
sex_binary,lstm,,80m,12,False,False,0.3787345512760477,0.4761605009029928,0.8345145853021916,0.7768601762004045,0.860068230628145,2,33335,7145,7155,40,0,49.49358509381612,32,160,1042,5.0,3279362,3072,128,True,5,,,,,,,,,,,,,,,,,,,,,,,,,,
sex_binary,lstm,,80m,13,False,False,0.3686338833484475,0.4694097223150054,0.8392120066603663,0.7821111128529104,0.8635427019485508,2,33335,7145,7155,40,0,49.49358509381612,32,160,1042,5.0,3279362,3072,128,True,5,,,,,,,,,,,,,,,,,,,,,,,,,,
sex_binary,lstm,,80m,14,False,False,0.3579230784779816,0.4570886421654089,0.8453680032401782,0.7801598187832139,0.8697926039723471,2,33335,7145,7155,40,0,49.49358509381612,32,160,1042,5.0,3279362,3072,128,True,5,,,,,,,,,,,,,,,,,,,,,,,,,,
sex_binary,lstm,,80m,15,False,False,0.3489455844859983,0.4562179693690207,0.8486519148553171,0.7925453825774795,0.8711612531548337,2,33335,7145,7155,40,0,49.49358509381612,32,160,1042,5.0,3279362,3072,128,True,5,,,,,,,,,,,,,,,,,,,,,,,,,,
sex_binary,lstm,,80m,16,False,False,0.3438301594687917,0.4608165712499218,0.8516629404617254,0.7846296891411013,0.8698977128435046,2,33335,7145,7155,40,0,49.49358509381612,32,160,1042,5.0,3279362,3072,128,True,5,,,,,,,,,,,,,,,,,,,,,,,,,,
sex_binary,lstm,,80m,17,False,False,0.3331492466799265,0.4570051092422451,0.8558115926375951,0.7853850856703923,0.8734744321299243,2,33335,7145,7155,40,0,49.49358509381612,32,160,1042,5.0,3279362,3072,128,True,5,,,,,,,,,,,,,,,,,,,,,,,,,,
sex_binary,lstm,,80m,18,False,False,0.3211620083505359,0.4577379324245987,0.863997344853967,0.7876683231176812,0.8724966296185983,2,33335,7145,7155,40,0,49.49358509381612,32,160,1042,5.0,3279362,3072,128,True,5,,,,,,,,,,,,,,,,,,,,,,,,,,
sex_binary,lstm,,80m,19,False,False,0.3166149424347935,0.4585259468677246,0.8670449664731561,0.7950976626796884,0.8749100970356319,2,33335,7145,7155,40,0,49.49358509381612,32,160,1042,5.0,3279362,3072,128,True,5,,,,,,,,,,,,,,,,,,,,,,,,,,
sex_binary,lstm,,80m,20,False,False,0.3090147076347554,0.4571102386174959,0.8693179874893119,0.786996598266213,0.8756555783731247,2,33335,7145,7155,40,0,49.49358509381612,32,160,1042,5.0,3279362,3072,128,True,5,,,,,,,,,,,,,,,,,,,,,,,,,,
sex_binary,lstm,,80m,21,False,False,0.3015145444715328,0.4569977040179048,0.872599657981189,0.7873506842658056,0.8752982395635747,2,33335,7145,7155,40,0,49.49358509381612,32,160,1042,5.0,3279362,3072,128,True,5,,,,,,,,,,,,,,,,,,,,,,,,,,
sex_binary,lstm,,80m,22,False,False,0.2906388516903138,0.4732287547903681,0.8806004140227712,0.7910298866611277,0.8737578185010425,2,33335,7145,7155,40,0,49.49358509381612,32,160,1042,5.0,3279362,3072,128,True,5,,,,,,,,,,,,,,,,,,,,,,,,,,
sex_binary,lstm,,80m,23,False,False,0.2851143742503479,0.463032238215646,0.8823132082264524,0.7916684955557994,0.8743548462949318,2,33335,7145,7155,40,0,49.49358509381612,32,160,1042,5.0,3279362,3072,128,True,5,,,,,,,,,,,,,,,,,,,,,,,,,,
sex_binary,lstm,,80m,24,False,False,0.2768071021998109,0.4642374410422387,0.8865046847576616,0.7931254017024345,0.8779153015315642,2,33335,7145,7155,40,0,49.49358509381612,32,160,1042,5.0,3279362,3072,128,True,5,,,,,,,,,,,,,,,,,,,,,,,,,,
sex_binary,lstm,,80m,25,False,False,0.2682491411941241,0.4686305219055974,0.8909722874758111,0.79256615353263,0.8763108432223982,2,33335,7145,7155,40,0,49.49358509381612,32,160,1042,5.0,3279362,3072,128,True,5,,,,,,,,,,,,,,,,,,,,,,,,,,
sex_binary,lstm,,80m,26,False,False,0.2616019750429948,0.4598897465110409,0.8933952027361505,0.7942723111410701,0.8786314683889577,2,33335,7145,7155,40,0,49.49358509381612,32,160,1042,5.0,3279362,3072,128,True,5,,,,,,,,,,,,,,,,,,,,,,,,,,
sex_binary,lstm,,80m,27,False,False,0.2544723814549753,0.4654575345731432,0.8966435083929616,0.7926868602153909,0.8780998103180699,2,33335,7145,7155,40,0,49.49358509381612,32,160,1042,5.0,3279362,3072,128,True,5,,,,,,,,,,,,,,,,,,,,,,,,,,
sex_binary,lstm,,80m,28,False,False,0.2503154848524704,0.4776083260878889,0.8989665721614688,0.7953561239046261,0.8764499694314245,2,33335,7145,7155,40,0,49.49358509381612,32,160,1042,5.0,3279362,3072,128,True,5,,,,,,,,,,,,,,,,,,,,,,,,,,
sex_binary,lstm,,80m,29,False,False,0.2397835201376361,0.4726783598487072,0.9067305431798748,0.7961060337665188,0.8772251571538305,2,33335,7145,7155,40,0,49.49358509381612,32,160,1042,5.0,3279362,3072,128,True,5,,,,,,,,,,,,,,,,,,,,,,,,,,
sex_binary,lstm,,80m,30,False,False,0.2352728196119858,0.484225571516346,0.9067599207956436,0.7959369268392094,0.8754301547240206,2,33335,7145,7155,40,0,49.49358509381612,32,160,1042,5.0,3279362,3072,128,True,5,,,,,,,,,,,,,,,,,,,,,,,,,,
sex_binary,lstm,,80m,31,True,False,0.2294235288502305,0.4693294105119351,0.9087602988164348,0.7993231803859479,0.8798894436519258,2,33335,7145,7155,40,0,49.49358509381612,32,160,1042,5.0,3279362,3072,128,True,5,0.9327433628318584,0.9328091355024526,0.9327406680938948,0.9813761036857028,0.9380923450789793,0.927525925925926,,,,0.7997200839748075,0.7993231803859479,0.7994586036714206,0.8203296703296703,0.7783166904422254,,,,0.7888190076869322,0.7900290903958568,0.7886699861262942,0.8734057718168169,0.8104011887072808,0.7696569920844327,,,
sex_binary,lstm,,80m,32,False,False,0.2228577474076583,0.4848783344968871,0.9120880338418612,0.7985948252888339,0.8772115972472607,2,33335,7145,7155,40,0,49.49358509381612,32,160,1042,5.0,3279362,3072,128,True,5,,,,,,,,,,,,,,,,,,,,,,,,,,
sex_binary,lstm,,80m,33,False,False,0.2171677637546338,0.4870148186336621,0.916788443364385,0.799851859980248,0.8764901788653571,2,33335,7145,7155,40,0,49.49358509381612,32,160,1042,5.0,3279362,3072,128,True,5,,,,,,,,,,,,,,,,,,,,,,,,,,
sex_binary,lstm,,80m,34,False,False,0.2124141463918522,0.4830186935010033,0.9187131272219972,0.7978178739947641,0.8777191923625588,2,33335,7145,7155,40,0,49.49358509381612,32,160,1042,5.0,3279362,3072,128,True,5,,,,,,,,,,,,,,,,,,,,,,,,,,
sex_binary,lstm,,80m,35,False,False,0.2093280611330375,0.4841426455031916,0.9188249223707304,0.7981925349971,0.8789417394303273,2,33335,7145,7155,40,0,49.49358509381612,32,160,1042,5.0,3279362,3072,128,True,5,,,,,,,,,,,,,,,,,,,,,,,,,,
sex_binary,lstm,,80m,36,False,False,0.2049878749359989,0.4921556515615248,0.921015525853922,0.7968659372011726,0.8787540170243451,2,33335,7145,7155,40,0,49.49358509381612,32,160,1042,5.0,3279362,3072,128,True,5,,,,,,,,,,,,,,,,,,,,,,,,,,
sex_binary,lstm,,80m,37,False,False,0.2025697140862098,0.4903041377694895,0.9235691553035416,0.7992704691884436,0.8787954413632018,2,33335,7145,7155,40,0,49.49358509381612,32,160,1042,5.0,3279362,3072,128,True,5,,,,,,,,,,,,,,,,,,,,,,,,,,
sex_binary,lstm,,80m,38,False,False,0.1978749979730487,0.4932069597334358,0.9253476801224068,0.7984464893166747,0.8782278064303741,2,33335,7145,7155,40,0,49.49358509381612,32,160,1042,5.0,3279362,3072,128,True,5,,,,,,,,,,,,,,,,,,,,,,,,,,
sex_binary,lstm,,80m,39,False,False,0.1977599898454076,0.4932498324284443,0.9254308446964584,0.7968982693483406,0.878461773604427,2,33335,7145,7155,40,0,49.49358509381612,32,160,1042,5.0,3279362,3072,128,True,5,,,,,,,,,,,,,,,,,,,,,,,,,,
sex_binary,lstm,,80m,40,False,False,0.1983288262922831,0.4932599599625031,0.9251982899059448,0.7973421015503754,0.8785325908043454,2,33335,7145,7155,40,0,49.49358509381612,32,160,1042,5.0,3279362,3072,128,True,5,,,,,,,,,,,,,,,,,,,,,,,,,,
sex_binary,lstm,,120m,1,False,False,0.6088881287292971,0.5924562209882129,0.6645241978308807,0.682977222492201,0.7613253045100405,2,33335,7145,7155,32,0,50.1728654384613,32,240,1042,5.0,3279362,3072,128,True,5,,,,,,,,,,,,,,,,,,,,,,,,,,
sex_binary,lstm,,120m,2,False,False,0.5450711524556275,0.539673088621309,0.7275616938931642,0.7320086297440078,0.8060266338511703,2,33335,7145,7155,32,0,50.1728654384613,32,240,1042,5.0,3279362,3072,128,True,5,,,,,,,,,,,,,,,,,,,,,,,,,,
sex_binary,lstm,,120m,3,False,False,0.50409855852067,0.5142047720742943,0.7545799738985645,0.7449630433760248,0.8256245003213618,2,33335,7145,7155,32,0,50.1728654384613,32,240,1042,5.0,3279362,3072,128,True,5,,,,,,,,,,,,,,,,,,,,,,,,,,
sex_binary,lstm,,120m,4,False,False,0.4731625830606844,0.4960922771104155,0.7769202376130687,0.7587725933125362,0.8436212788637895,2,33335,7145,7155,32,0,50.1728654384613,32,240,1042,5.0,3279362,3072,128,True,5,,,,,,,,,,,,,,,,,,,,,,,,,,
sex_binary,lstm,,120m,5,False,False,0.4464093216242989,0.48589683905442,0.7942481166464155,0.7710356868523773,0.8481945729021335,2,33335,7145,7155,32,0,50.1728654384613,32,240,1042,5.0,3279362,3072,128,True,5,,,,,,,,,,,,,,,,,,,,,,,,,,
sex_binary,lstm,,120m,6,False,False,0.4266936733525286,0.4793914413539741,0.8050691688042843,0.7783447116364377,0.8575622736749697,2,33335,7145,7155,32,0,50.1728654384613,32,240,1042,5.0,3279362,3072,128,True,5,,,,,,,,,,,,,,,,,,,,,,,,,,
sex_binary,lstm,,120m,7,False,False,0.4129137081311027,0.4700309103439536,0.8144630214661805,0.7803884952422755,0.8591175087394772,2,33335,7145,7155,32,0,50.1728654384613,32,240,1042,5.0,3279362,3072,128,True,5,,,,,,,,,,,,,,,,,,,,,,,,,,
sex_binary,lstm,,120m,8,False,False,0.4034475922834861,0.4586505916295475,0.8201427028486566,0.7789020002821715,0.8701157686821024,2,33335,7145,7155,32,0,50.1728654384613,32,240,1042,5.0,3279362,3072,128,True,5,,,,,,,,,,,,,,,,,,,,,,,,,,
sex_binary,lstm,,120m,9,False,False,0.3862249687132993,0.4511024346837136,0.8298567481211467,0.7896343136179085,0.8708735166402785,2,33335,7145,7155,32,0,50.1728654384613,32,240,1042,5.0,3279362,3072,128,True,5,,,,,,,,,,,,,,,,,,,,,,,,,,
sex_binary,lstm,,120m,10,False,False,0.3752483442874975,0.4499177864917598,0.8352871967958237,0.7898496653132887,0.8735849884779985,2,33335,7145,7155,32,0,50.1728654384613,32,240,1042,5.0,3279362,3072,128,True,5,,,,,,,,,,,,,,,,,,,,,,,,,,
sex_binary,lstm,,120m,11,False,False,0.3609225931724759,0.4485900260794822,0.8439412987714324,0.7922481227759401,0.8754557069179038,2,33335,7145,7155,32,0,50.1728654384613,32,240,1042,5.0,3279362,3072,128,True,5,,,,,,,,,,,,,,,,,,,,,,,,,,
sex_binary,lstm,,120m,12,False,False,0.3525280971415883,0.4490906679813807,0.8485239368165249,0.7876932090733804,0.8808174742518537,2,33335,7145,7155,32,0,50.1728654384613,32,240,1042,5.0,3279362,3072,128,True,5,,,,,,,,,,,,,,,,,,,,,,,,,,
sex_binary,lstm,,120m,13,False,False,0.343966883340482,0.4442559134843384,0.8521053867962738,0.7951746719756705,0.8818471257700929,2,33335,7145,7155,32,0,50.1728654384613,32,240,1042,5.0,3279362,3072,128,True,5,,,,,,,,,,,,,,,,,,,,,,,,,,
sex_binary,lstm,,120m,14,False,False,0.3266854938090035,0.4490472488590184,0.8613349084199631,0.7945828957062908,0.8814914329607626,2,33335,7145,7155,32,0,50.1728654384613,32,240,1042,5.0,3279362,3072,128,True,5,,,,,,,,,,,,,,,,,,,,,,,,,,
sex_binary,lstm,,120m,15,False,False,0.3190948456557093,0.4413350521892497,0.8653040367220197,0.7967918671912966,0.882567094104184,2,33335,7145,7155,32,0,50.1728654384613,32,240,1042,5.0,3279362,3072,128,True,5,,,,,,,,,,,,,,,,,,,,,,,,,,
sex_binary,lstm,,120m,16,False,False,0.306181353003399,0.4590240506712084,0.8723417037937087,0.7924748397109309,0.880505008543525,2,33335,7145,7155,32,0,50.1728654384613,32,240,1042,5.0,3279362,3072,128,True,5,,,,,,,,,,,,,,,,,,,,,,,,,,
sex_binary,lstm,,120m,17,False,False,0.3001153687969827,0.4440530571176757,0.8740935871472931,0.8047978946873384,0.8838392563214246,2,33335,7145,7155,32,0,50.1728654384613,32,240,1042,5.0,3279362,3072,128,True,5,,,,,,,,,,,,,,,,,,,,,,,,,,
sex_binary,lstm,,120m,18,False,False,0.2914157699538221,0.4487695744648273,0.8798106205841321,0.8005743365051496,0.8887918358389113,2,33335,7145,7155,32,0,50.1728654384613,32,240,1042,5.0,3279362,3072,128,True,5,,,,,,,,,,,,,,,,,,,,,,,,,,
sex_binary,lstm,,120m,19,False,False,0.27930506739424,0.448273996601078,0.8865846091535035,0.7992904563339656,0.8897691680644605,2,33335,7145,7155,32,0,50.1728654384613,32,240,1042,5.0,3279362,3072,128,True,5,,,,,,,,,,,,,,,,,,,,,,,,,,
sex_binary,lstm,,120m,20,False,False,0.271347516338847,0.455619635775508,0.8909272219972099,0.7980118668777727,0.8866187236444013,2,33335,7145,7155,32,0,50.1728654384613,32,240,1042,5.0,3279362,3072,128,True,5,,,,,,,,,,,,,,,,,,,,,,,,,,
sex_binary,lstm,,120m,21,False,False,0.260355012803416,0.4460352696014334,0.8944285045677512,0.807756971986644,0.8880561129312912,2,33335,7145,7155,32,0,50.1728654384613,32,240,1042,5.0,3279362,3072,128,True,5,,,,,,,,,,,,,,,,,,,,,,,,,,
sex_binary,lstm,,120m,22,True,False,0.2533016147017389,0.4424444472627092,0.8983582917060438,0.8112270931636124,0.8901160822059538,2,33335,7145,7155,32,0,50.1728654384613,32,240,1042,5.0,3279362,3072,128,True,5,0.927673616319184,0.9275342873858062,0.9276362001900439,0.9779728077044237,0.9163426488456865,0.938725925925926,,,,0.8111966410076977,0.8112270931636124,0.8111611155966837,0.8096153846153846,0.8128388017118402,,,,0.8149545772187282,0.8146159636487669,0.8144116352680308,0.8944261311733781,0.8089153046062407,0.8203166226912929,,,
sex_binary,lstm,,120m,23,False,False,0.2423806432320007,0.4786718158329008,0.9024148148148148,0.7981121945101974,0.8861011741468231,2,33335,7145,7155,32,0,50.1728654384613,32,240,1042,5.0,3279362,3072,128,True,5,,,,,,,,,,,,,,,,,,,,,,,,,,
sex_binary,lstm,,120m,24,False,False,0.2329497244845485,0.4577921447176629,0.908171189415418,0.807443840040131,0.8886609788214638,2,33335,7145,7155,32,0,50.1728654384613,32,240,1042,5.0,3279362,3072,128,True,5,,,,,,,,,,,,,,,,,,,,,,,,,,
sex_binary,lstm,,120m,25,False,False,0.2259081335198813,0.4565980176499375,0.9116010080554432,0.8062608753585929,0.8891737862707906,2,33335,7145,7155,32,0,50.1728654384613,32,240,1042,5.0,3279362,3072,128,True,5,,,,,,,,,,,,,,,,,,,,,,,,,,
sex_binary,lstm,,120m,26,False,False,0.2173919782335296,0.466496445266745,0.9141999549975248,0.8079983853521657,0.8886749698233293,2,33335,7145,7155,32,0,50.1728654384613,32,240,1042,5.0,3279362,3072,128,True,5,,,,,,,,,,,,,,,,,,,,,,,,,,
sex_binary,lstm,,120m,27,False,False,0.2105227930749287,0.4835477027924766,0.9187529634129876,0.8086703061560407,0.8857790283895848,2,33335,7145,7155,32,0,50.1728654384613,32,240,1042,5.0,3279362,3072,128,True,5,,,,,,,,,,,,,,,,,,,,,,,,,,
sex_binary,lstm,,120m,28,False,False,0.2029381325152997,0.5062254838421263,0.919924953872463,0.7953800300982897,0.887649354924676,2,33335,7145,7155,32,0,50.1728654384613,32,240,1042,5.0,3279362,3072,128,True,5,,,,,,,,,,,,,,,,,,,,,,,,,,
sex_binary,lstm,,120m,29,False,False,0.1927127467306618,0.4828579867424207,0.9263346744070924,0.8132242400965654,0.8886549042968444,2,33335,7145,7155,32,0,50.1728654384613,32,240,1042,5.0,3279362,3072,128,True,5,,,,,,,,,,,,,,,,,,,,,,,,,,
sex_binary,lstm,,120m,30,False,False,0.1907297362205916,0.4839306133476648,0.9263070338868638,0.8103707811446755,0.8880080262105939,2,33335,7145,7155,32,0,50.1728654384613,32,240,1042,5.0,3279362,3072,128,True,5,,,,,,,,,,,,,,,,,,,,,,,,,,
sex_binary,lstm,,120m,31,False,False,0.1837757886064022,0.4873054306372802,0.9309327483011566,0.8120353968428149,0.888934371619821,2,33335,7145,7155,32,0,50.1728654384613,32,240,1042,5.0,3279362,3072,128,True,5,,,,,,,,,,,,,,,,,,,,,,,,,,
sex_binary,lstm,,120m,32,False,False,0.1765214686341348,0.5044612731735051,0.9353679852391882,0.8039556912417112,0.8891057124045711,2,33335,7145,7155,32,0,50.1728654384613,32,240,1042,5.0,3279362,3072,128,True,5,,,,,,,,,,,,,,,,,,,,,,,,,,
sex_binary,lstm,,240m,1,False,False,0.5949860587208743,0.5662075059492326,0.6808496467305702,0.7133931510714677,0.7927070433133201,2,33335,7145,7155,32,0,150.60393664836883,32,480,1042,5.0,3279362,3072,128,True,5,,,,,,,,,,,,,,,,,,,,,,,,,,
sex_binary,lstm,,240m,2,False,False,0.5170910107288401,0.5192143738102963,0.7474389721434679,0.7484118057406217,0.8276059318712671,2,33335,7145,7155,32,0,150.60393664836883,32,480,1042,5.0,3279362,3072,128,True,5,,,,,,,,,,,,,,,,,,,,,,,,,,
sex_binary,lstm,,240m,3,False,False,0.4701768002786146,0.494027555610351,0.7800809054497997,0.7722004279600571,0.8475531814832813,2,33335,7145,7155,32,0,150.60393664836883,32,480,1042,5.0,3279362,3072,128,True,5,,,,,,,,,,,,,,,,,,,,,,,,,,
sex_binary,lstm,,240m,4,False,False,0.4351208769561684,0.4628194210661133,0.800872714999325,0.7807935288677086,0.8665919957360757,2,33335,7145,7155,32,0,150.60393664836883,32,480,1042,5.0,3279362,3072,128,True,5,,,,,,,,,,,,,,,,,,,,,,,,,,
sex_binary,lstm,,240m,5,False,False,0.4007792943704427,0.4521525375654515,0.8206658296206291,0.7947645435876534,0.8721180887586022,2,33335,7145,7155,32,0,150.60393664836883,32,480,1042,5.0,3279362,3072,128,True,5,,,,,,,,,,,,,,,,,,,,,,,,,,
sex_binary,lstm,,240m,6,False,False,0.377940003752476,0.4413370645530078,0.8341037577066739,0.802066318132652,0.8794491385932185,2,33335,7145,7155,32,0,150.60393664836883,32,480,1042,5.0,3279362,3072,128,True,5,,,,,,,,,,,,,,,,,,,,,,,,,,
sex_binary,lstm,,240m,7,False,False,0.3560695633862139,0.4344107776192037,0.8456613203726204,0.804861187314825,0.8847051308178271,2,33335,7145,7155,32,0,150.60393664836883,32,480,1042,5.0,3279362,3072,128,True,5,,,,,,,,,,,,,,,,,,,,,,,,,,
sex_binary,lstm,,240m,8,False,False,0.3294682230104727,0.4313329003047409,0.8603944826965484,0.8162264269254283,0.8937078114467557,2,33335,7145,7155,32,0,150.60393664836883,32,480,1042,5.0,3279362,3072,128,True,5,,,,,,,,,,,,,,,,,,,,,,,,,,
sex_binary,lstm,,240m,9,False,False,0.3076672330751257,0.4514207012007669,0.8728660816344899,0.7925477340063645,0.8940272922512581,2,33335,7145,7155,32,0,150.60393664836883,32,480,1042,5.0,3279362,3072,128,True,5,,,,,,,,,,,,,,,,,,,,,,,,,,
sex_binary,lstm,,240m,10,False,False,0.3019544921027536,0.4075530896118423,0.8745410287565816,0.8199544214701133,0.9001671082127574,2,33335,7145,7155,32,0,150.60393664836883,32,480,1042,5.0,3279362,3072,128,True,5,,,,,,,,,,,,,,,,,,,,,,,,,,
sex_binary,lstm,,240m,11,False,False,0.2814372007387661,0.4314326126230105,0.8848531479231357,0.8154443808687746,0.8977151949334545,2,33335,7145,7155,32,0,150.60393664836883,32,480,1042,5.0,3279362,3072,128,True,5,,,,,,,,,,,,,,,,,,,,,,,,,,
sex_binary,lstm,,240m,12,False,False,0.2628808664036455,0.427500439507716,0.8931865532604293,0.822439685849101,0.902509719239391,2,33335,7145,7155,32,0,150.60393664836883,32,480,1042,5.0,3279362,3072,128,True,5,,,,,,,,,,,,,,,,,,,,,,,,,,
sex_binary,lstm,,240m,13,False,False,0.2464562406903964,0.4307381640872061,0.8997411817649971,0.8217422912323056,0.9017625527111977,2,33335,7145,7155,32,0,150.60393664836883,32,480,1042,5.0,3279362,3072,128,True,5,,,,,,,,,,,,,,,,,,,,,,,,,,
sex_binary,lstm,,240m,14,False,False,0.2347373723787079,0.4477857973418759,0.9061690742990864,0.8212567211675628,0.9028785016695146,2,33335,7145,7155,32,0,150.60393664836883,32,480,1042,5.0,3279362,3072,128,True,5,,,,,,,,,,,,,,,,,,,,,,,,,,
sex_binary,lstm,,240m,15,False,False,0.2227408102877104,0.4134380278010064,0.9117416947932137,0.828651769058331,0.9057562195294008,2,33335,7145,7155,32,0,150.60393664836883,32,480,1042,5.0,3279362,3072,128,True,5,,,,,,,,,,,,,,,,,,,,,,,,,,
sex_binary,lstm,,240m,16,False,False,0.2104329317463951,0.426853968427263,0.9170050672787002,0.8310510103306108,0.9070056120769387,2,33335,7145,7155,32,0,150.60393664836883,32,480,1042,5.0,3279362,3072,128,True,5,,,,,,,,,,,,,,,,,,,,,,,,,,
sex_binary,lstm,,240m,17,False,False,0.1990091389187883,0.4409021846892701,0.9223142522838756,0.8207088382373688,0.9079169475317836,2,33335,7145,7155,32,0,150.60393664836883,32,480,1042,5.0,3279362,3072,128,True,5,,,,,,,,,,,,,,,,,,,,,,,,,,
sex_binary,lstm,,240m,18,False,False,0.1870634709830332,0.4345976837245295,0.9284523288780884,0.8247724992553809,0.9043795754887052,2,33335,7145,7155,32,0,150.60393664836883,32,480,1042,5.0,3279362,3072,128,True,5,,,,,,,,,,,,,,,,,,,,,,,,,,
sex_binary,lstm,,240m,19,False,False,0.1783362811748388,0.4702676918516633,0.9320858197200844,0.8146113871862802,0.9062311297831982,2,33335,7145,7155,32,0,150.60393664836883,32,480,1042,5.0,3279362,3072,128,True,5,,,,,,,,,,,,,,,,,,,,,,,,,,
sex_binary,lstm,,240m,20,False,False,0.1710247907995981,0.4333750509022832,0.9351595877773278,0.8310012384192127,0.9099015535106832,2,33335,7145,7155,32,0,150.60393664836883,32,480,1042,5.0,3279362,3072,128,True,5,,,,,,,,,,,,,,,,,,,,,,,,,,
sex_binary,lstm,,240m,21,False,False,0.161092736985849,0.4413136825059326,0.9394616173889564,0.8340347776332084,0.9075712091047328,2,33335,7145,7155,32,0,150.60393664836883,32,480,1042,5.0,3279362,3072,128,True,5,,,,,,,,,,,,,,,,,,,,,,,,,,
sex_binary,lstm,,240m,22,True,False,0.1551232586043589,0.4373557636002046,0.9416295576256696,0.8346735824802872,0.9109020081202679,2,33335,7145,7155,32,0,150.60393664836883,32,480,1042,5.0,3279362,3072,128,True,5,0.9645117744112794,0.9646919130552181,0.9645115596709085,0.994354423293281,0.9791616038882138,0.9502222222222222,,,,0.8352694191742477,0.8346735824802872,0.8348999517656995,0.8662087912087912,0.8031383737517832,,,,0.8251572327044026,0.8274457299454654,0.8251375037266855,0.9086333786808956,0.8659732540861813,0.7889182058047494,,,
sex_binary,lstm,,240m,23,False,False,0.1467044330946738,0.4651364937330811,0.945299905494802,0.8332907463435281,0.9070952015174556,2,33335,7145,7155,32,0,150.60393664836883,32,480,1042,5.0,3279362,3072,128,True,5,,,,,,,,,,,,,,,,,,,,,,,,,,
sex_binary,lstm,,240m,24,False,False,0.1383571544840084,0.4694525830411177,0.9487984429143604,0.8354037011490649,0.908001990876456,2,33335,7145,7155,32,0,150.60393664836883,32,480,1042,5.0,3279362,3072,128,True,5,,,,,,,,,,,,,,,,,,,,,,,,,,
sex_binary,lstm,,240m,25,False,False,0.1322576072549237,0.4789630900184702,0.9518032401782096,0.8294271527331443,0.9067471900424826,2,33335,7145,7155,32,0,150.60393664836883,32,480,1042,5.0,3279362,3072,128,True,5,,,,,,,,,,,,,,,,,,,,,,,,,,
sex_binary,lstm,,240m,26,False,False,0.1242776028100064,0.492500737628543,0.954223410287566,0.8332113856186609,0.9074955714756,2,33335,7145,7155,32,0,150.60393664836883,32,480,1042,5.0,3279362,3072,128,True,5,,,,,,,,,,,,,,,,,,,,,,,,,,
sex_binary,lstm,,240m,27,False,False,0.1165846542943198,0.4858747112523683,0.9574742090814996,0.8337345785455629,0.9084560517941402,2,33335,7145,7155,32,0,150.60393664836883,32,480,1042,5.0,3279362,3072,128,True,5,,,,,,,,,,,,,,,,,,,,,,,,,,
sex_binary,lstm,,240m,28,False,False,0.1097827462452372,0.5020519984944706,0.9612613293731156,0.8339081923782352,0.908021860450534,2,33335,7145,7155,32,0,150.60393664836883,32,480,1042,5.0,3279362,3072,128,True,5,,,,,,,,,,,,,,,,,,,,,,,,,,
sex_binary,lstm,,240m,29,False,False,0.1044259179337138,0.5026679693223964,0.9631103190675488,0.831224036306062,0.9080481964540452,2,33335,7145,7155,32,0,150.60393664836883,32,480,1042,5.0,3279362,3072,128,True,5,,,,,,,,,,,,,,,,,,,,,,,,,,
sex_binary,lstm,,240m,30,False,False,0.098980614717296,0.5445192999569497,0.9663758066693668,0.8229491621075073,0.9050419730055964,2,33335,7145,7155,32,0,150.60393664836883,32,480,1042,5.0,3279362,3072,128,True,5,,,,,,,,,,,,,,,,,,,,,,,,,,
sex_binary,lstm,,240m,31,False,False,0.0923214389218286,0.5242623147262069,0.9674633904864768,0.8306163878917088,0.906518905488235,2,33335,7145,7155,32,0,150.60393664836883,32,480,1042,5.0,3279362,3072,128,True,5,,,,,,,,,,,,,,,,,,,,,,,,,,
sex_binary,lstm,,240m,32,False,False,0.0851038881974973,0.543095852863213,0.9710742270824896,0.8272512972049348,0.9066179790252544,2,33335,7145,7155,32,0,150.60393664836883,32,480,1042,5.0,3279362,3072,128,True,5,,,,,,,,,,,,,,,,,,,,,,,,,,
sex_binary,transformer,,30s,1,False,False,0.6486078594226932,0.6234327125332421,0.6233491832050763,0.6420707858475333,0.7243606464861814,2,33335,7145,7155,40,0,20.739003586769105,32,1,1042,5.0,592002,3072,128,True,5,,,,,,,,,,,,,,,,,,,,,,,,,,
sex_binary,transformer,,30s,2,False,False,0.5994721515042432,0.5986855643165954,0.6758143647900634,0.6633137903466007,0.7346669592889279,2,33335,7145,7155,40,0,20.739003586769105,32,1,1042,5.0,592002,3072,128,True,5,,,,,,,,,,,,,,,,,,,,,,,,,,
sex_binary,transformer,,30s,3,False,False,0.5841129451940956,0.604290938410749,0.6900552810404572,0.6546526939536925,0.7372456929660924,2,33335,7145,7155,40,0,20.739003586769105,32,1,1042,5.0,592002,3072,128,True,5,,,,,,,,,,,,,,,,,,,,,,,,,,
sex_binary,transformer,,30s,4,False,False,0.5740173167940629,0.599798988023782,0.6973782908059943,0.663566568951733,0.745835031587528,2,33335,7145,7155,40,0,20.739003586769105,32,1,1042,5.0,592002,3072,128,True,5,,,,,,,,,,,,,,,,,,,,,,,,,,
sex_binary,transformer,,30s,5,False,False,0.5676373712551974,0.5898607233381505,0.7017335943476891,0.6694806085497955,0.7468370146258876,2,33335,7145,7155,40,0,20.739003586769105,32,1,1042,5.0,592002,3072,128,True,5,,,,,,,,,,,,,,,,,,,,,,,,,,
sex_binary,transformer,,30s,6,False,False,0.5636521753278543,0.6028460235342101,0.7056185680212411,0.6648469219795896,0.7394947563135865,2,33335,7145,7155,40,0,20.739003586769105,32,1,1042,5.0,592002,3072,128,True,5,,,,,,,,,,,,,,,,,,,,,,,,,,
sex_binary,transformer,,30s,7,False,False,0.5578538944808121,0.6127332738598716,0.7093414427793528,0.6608716354971704,0.7447507485381951,2,33335,7145,7155,40,0,20.739003586769105,32,1,1042,5.0,592002,3072,128,True,5,,,,,,,,,,,,,,,,,,,,,,,,,,
sex_binary,transformer,,30s,8,False,False,0.5528342087944355,0.5907270192808001,0.7134380540929751,0.669637566427866,0.7460601809032621,2,33335,7145,7155,40,0,20.739003586769105,32,1,1042,5.0,592002,3072,128,True,5,,,,,,,,,,,,,,,,,,,,,,,,,,
sex_binary,transformer,,30s,9,False,False,0.5498241075497438,0.5859650960871188,0.7170424103325683,0.6769232728754839,0.7530341662616984,2,33335,7145,7155,40,0,20.739003586769105,32,1,1042,5.0,592002,3072,128,True,5,,,,,,,,,,,,,,,,,,,,,,,,,,
sex_binary,transformer,,30s,10,False,False,0.545065720342027,0.5858789086049883,0.7172032581791998,0.6703324136633695,0.7522824536376606,2,33335,7145,7155,40,0,20.739003586769105,32,1,1042,5.0,592002,3072,128,True,5,,,,,,,,,,,,,,,,,,,,,,,,,,
sex_binary,transformer,,30s,11,False,False,0.54277428689882,0.6042956739810066,0.7190517438459115,0.66721794610525,0.7521372920944961,2,33335,7145,7155,40,0,20.739003586769105,32,1,1042,5.0,592002,3072,128,True,5,,,,,,,,,,,,,,,,,,,,,,,,,,
sex_binary,transformer,,30s,12,False,False,0.5394359726141967,0.6036074845877621,0.7227796048782683,0.6696606888119013,0.7443645655343231,2,33335,7145,7155,40,0,20.739003586769105,32,1,1042,5.0,592002,3072,128,True,5,,,,,,,,,,,,,,,,,,,,,,,,,,
sex_binary,transformer,,30s,13,False,False,0.5360652132801017,0.5846862220030051,0.7252916610413573,0.6760798937154144,0.7536524744869967,2,33335,7145,7155,40,0,20.739003586769105,32,1,1042,5.0,592002,3072,128,True,5,,,,,,,,,,,,,,,,,,,,,,,,,,
sex_binary,transformer,,30s,14,False,False,0.5349652684779115,0.5857596144007168,0.7283923135772468,0.6793074258124187,0.7585355300904516,2,33335,7145,7155,40,0,20.739003586769105,32,1,1042,5.0,592002,3072,128,True,5,,,,,,,,,,,,,,,,,,,,,,,,,,
sex_binary,transformer,,30s,15,False,False,0.5334572073775681,0.5811498979324223,0.7273719544574951,0.6804594300136383,0.7575951152983963,2,33335,7145,7155,40,0,20.739003586769105,32,1,1042,5.0,592002,3072,128,True,5,,,,,,,,,,,,,,,,,,,,,,,,,,
sex_binary,transformer,,30s,16,False,False,0.5301917180711762,0.5880787873493365,0.7305978488816884,0.6794647755953034,0.757714567885752,2,33335,7145,7155,40,0,20.739003586769105,32,1,1042,5.0,592002,3072,128,True,5,,,,,,,,,,,,,,,,,,,,,,,,,,
sex_binary,transformer,,30s,17,False,False,0.527459524604751,0.6040637721499836,0.7324117366455155,0.668405613644558,0.7524332586101488,2,33335,7145,7155,40,0,20.739003586769105,32,1,1042,5.0,592002,3072,128,True,5,,,,,,,,,,,,,,,,,,,,,,,,,,
sex_binary,transformer,,30s,18,False,False,0.5249079380182736,0.6099840332403977,0.7340709959047748,0.6638942013763698,0.7439612562900723,2,33335,7145,7155,40,0,20.739003586769105,32,1,1042,5.0,592002,3072,128,True,5,,,,,,,,,,,,,,,,,,,,,,,,,,
sex_binary,transformer,,30s,19,False,False,0.5234858105614283,0.587556515655958,0.7344798343908915,0.679402070825038,0.7590003292000438,2,33335,7145,7155,40,0,20.739003586769105,32,1,1042,5.0,592002,3072,128,True,5,,,,,,,,,,,,,,,,,,,,,,,,,,
sex_binary,transformer,,30s,20,False,False,0.5193365635132707,0.6062065625499394,0.7373153143422888,0.6688913796617078,0.7502840134188209,2,33335,7145,7155,40,0,20.739003586769105,32,1,1042,5.0,592002,3072,128,True,5,,,,,,,,,,,,,,,,,,,,,,,,,,
sex_binary,transformer,,30s,21,False,False,0.516986018643666,0.597617129323531,0.7370080644435444,0.6765192190120863,0.7531042780329513,2,33335,7145,7155,40,0,20.739003586769105,32,1,1042,5.0,592002,3072,128,True,5,,,,,,,,,,,,,,,,,,,,,,,,,,
sex_binary,transformer,,30s,22,False,False,0.5131032310532401,0.604694789535437,0.7402738040592232,0.6735142888495242,0.7590626420654951,2,33335,7145,7155,40,0,20.739003586769105,32,1,1042,5.0,592002,3072,128,True,5,,,,,,,,,,,,,,,,,,,,,,,,,,
sex_binary,transformer,,30s,23,False,False,0.5115824575972768,0.60054274165939,0.7440771072408983,0.6727957313727642,0.7562858396952548,2,33335,7145,7155,40,0,20.739003586769105,32,1,1042,5.0,592002,3072,128,True,5,,,,,,,,,,,,,,,,,,,,,,,,,,
sex_binary,transformer,,30s,24,False,False,0.5076343418079569,0.5917590640365369,0.7448415012825705,0.6750233183364425,0.7585252229938393,2,33335,7145,7155,40,0,20.739003586769105,32,1,1042,5.0,592002,3072,128,True,5,,,,,,,,,,,,,,,,,,,,,,,,,,
sex_binary,transformer,,30s,25,False,False,0.5056730836544935,0.5925544562291398,0.7466028441564285,0.6775524760546159,0.7562488438807982,2,33335,7145,7155,40,0,20.739003586769105,32,1,1042,5.0,592002,3072,128,True,5,,,,,,,,,,,,,,,,,,,,,,,,,,
sex_binary,transformer,,30s,26,False,False,0.5023772658499996,0.590022398067405,0.7497655011025606,0.6778587496668809,0.7583804141650076,2,33335,7145,7155,40,0,20.739003586769105,32,1,1042,5.0,592002,3072,128,True,5,,,,,,,,,,,,,,,,,,,,,,,,,,
sex_binary,transformer,,30s,27,False,False,0.5020658566557665,0.5915533617962649,0.7477648800684038,0.6810129955636375,0.7599236569422019,2,33335,7145,7155,40,0,20.739003586769105,32,1,1042,5.0,592002,3072,128,True,5,,,,,,,,,,,,,,,,,,,,,,,,,,
sex_binary,transformer,,30s,28,False,False,0.4982419097845533,0.5900535724144703,0.7509205616308897,0.6809240331708235,0.759518819269176,2,33335,7145,7155,40,0,20.739003586769105,32,1,1042,5.0,592002,3072,128,True,5,,,,,,,,,,,,,,,,,,,,,,,,,,
sex_binary,transformer,,30s,29,False,False,0.4960403434917704,0.5857286332160797,0.751958345709014,0.6782400730510574,0.7597467119186092,2,33335,7145,7155,40,0,20.739003586769105,32,1,1042,5.0,592002,3072,128,True,5,,,,,,,,,,,,,,,,,,,,,,,,,,
sex_binary,transformer,,30s,30,False,False,0.4938062937028658,0.5934234877288384,0.7544415102830656,0.678784820742738,0.7591726889373109,2,33335,7145,7155,40,0,20.739003586769105,32,1,1042,5.0,592002,3072,128,True,5,,,,,,,,,,,,,,,,,,,,,,,,,,
sex_binary,transformer,,30s,31,False,False,0.489200914608801,0.5911945581686422,0.7581917825480402,0.6771460707623332,0.7601700866893448,2,33335,7145,7155,40,0,20.739003586769105,32,1,1042,5.0,592002,3072,128,True,5,,,,,,,,,,,,,,,,,,,,,,,,,,
sex_binary,transformer,,30s,32,True,False,0.4872896632369319,0.5956969851000982,0.7601010215561856,0.6828688608110862,0.7606051794140238,2,33335,7145,7155,40,0,20.739003586769105,32,1,1042,5.0,592002,3072,128,True,5,0.767421628918554,0.7672365420098106,0.7672828650968366,0.8554505611808649,0.7523693803159174,0.7821037037037037,,,,0.682855143456963,0.6828688608110862,0.6828081155006432,0.6821428571428572,0.6835948644793153,,,,0.6918238993710691,0.6918407712483386,0.6913097736804851,0.7662658046709296,0.6921248142644874,0.6915567282321899,,,
sex_binary,transformer,,30s,33,False,False,0.4856434298738182,0.595626234516053,0.7600355429548624,0.6786893919204904,0.7597995798780393,2,33335,7145,7155,40,0,20.739003586769105,32,1,1042,5.0,592002,3072,128,True,5,,,,,,,,,,,,,,,,,,,,,,,,,,
sex_binary,transformer,,30s,34,False,False,0.4838990360377735,0.5936804437403749,0.7592417712974213,0.6766601087927764,0.7593088366697496,2,33335,7145,7155,40,0,20.739003586769105,32,1,1042,5.0,592002,3072,128,True,5,,,,,,,,,,,,,,,,,,,,,,,,,,
sex_binary,transformer,,30s,35,False,False,0.4819158269455358,0.5930714939631642,0.7609856802124118,0.680675957423461,0.7605170792118011,2,33335,7145,7155,40,0,20.739003586769105,32,1,1042,5.0,592002,3072,128,True,5,,,,,,,,,,,,,,,,,,,,,,,,,,
sex_binary,transformer,,30s,36,False,False,0.481840345474024,0.5944007928676752,0.7635943386886279,0.679206902227587,0.7598867003182266,2,33335,7145,7155,40,0,20.739003586769105,32,1,1042,5.0,592002,3072,128,True,5,,,,,,,,,,,,,,,,,,,,,,,,,,
sex_binary,transformer,,30s,37,False,False,0.4807504951998589,0.5952028093386397,0.7643161603888213,0.6820654559420608,0.7605007759715321,2,33335,7145,7155,40,0,20.739003586769105,32,1,1042,5.0,592002,3072,128,True,5,,,,,,,,,,,,,,,,,,,,,,,,,,
sex_binary,transformer,,30s,38,False,False,0.4784258790668454,0.596157957645794,0.7660326897979389,0.6799681773290903,0.7604807496355286,2,33335,7145,7155,40,0,20.739003586769105,32,1,1042,5.0,592002,3072,128,True,5,,,,,,,,,,,,,,,,,,,,,,,,,,
sex_binary,transformer,,30s,39,False,False,0.4784114726715866,0.5964856062133967,0.7645671391926556,0.6795455079870201,0.7604664451098118,2,33335,7145,7155,40,0,20.739003586769105,32,1,1042,5.0,592002,3072,128,True,5,,,,,,,,,,,,,,,,,,,,,,,,,,
sex_binary,transformer,,30s,40,False,False,0.476815842209825,0.5962630170804792,0.7653698753431439,0.6801635418789485,0.760471265539026,2,33335,7145,7155,40,0,20.739003586769105,32,1,1042,5.0,592002,3072,128,True,5,,,,,,,,,,,,,,,,,,,,,,,,,,
sex_binary,transformer,,10m,1,False,False,0.6129731569598421,0.5897453554490799,0.6654474506097835,0.6826049129187504,0.7523848975560816,2,33335,7145,7155,40,0,27.07189267873764,32,20,1042,5.0,592002,3072,128,True,5,,,,,,,,,,,,,,,,,,,,,,,,,,
sex_binary,transformer,,10m,2,False,False,0.5598765458752409,0.5949272099702486,0.7078691778047792,0.6847088539135615,0.7706542458967566,2,33335,7145,7155,40,0,27.07189267873764,32,20,1042,5.0,592002,3072,128,True,5,,,,,,,,,,,,,,,,,,,,,,,,,,
sex_binary,transformer,,10m,3,False,False,0.5402920581088603,0.5789408326691227,0.721360640835246,0.6849165634650656,0.7834454703641579,2,33335,7145,7155,40,0,27.07189267873764,32,20,1042,5.0,592002,3072,128,True,5,,,,,,,,,,,,,,,,,,,,,,,,,,
sex_binary,transformer,,10m,4,False,False,0.5282061705743782,0.5616731950834634,0.7314897529364115,0.6968649574391372,0.7834350456961013,2,33335,7145,7155,40,0,27.07189267873764,32,20,1042,5.0,592002,3072,128,True,5,,,,,,,,,,,,,,,,,,,,,,,,,,
sex_binary,transformer,,10m,5,False,False,0.5204681505072648,0.6051264374259471,0.7359718014490797,0.6892349626122807,0.7876420263046511,2,33335,7145,7155,40,0,27.07189267873764,32,20,1042,5.0,592002,3072,128,True,5,,,,,,,,,,,,,,,,,,,,,,,,,,
sex_binary,transformer,,10m,6,False,False,0.5186900504314508,0.5427946129072121,0.7376962962962963,0.7129291357715037,0.7977184085529307,2,33335,7145,7155,40,0,27.07189267873764,32,20,1042,5.0,592002,3072,128,True,5,,,,,,,,,,,,,,,,,,,,,,,,,,
sex_binary,transformer,,10m,7,False,False,0.5112042150174515,0.5583890023892204,0.7425841951307321,0.7080279741656347,0.7889174413318493,2,33335,7145,7155,40,0,27.07189267873764,32,20,1042,5.0,592002,3072,128,True,5,,,,,,,,,,,,,,,,,,,,,,,,,,
sex_binary,transformer,,10m,8,False,False,0.5037273619545799,0.538316527816113,0.7464863417487961,0.717622979730683,0.8040687557805961,2,33335,7145,7155,40,0,27.07189267873764,32,20,1042,5.0,592002,3072,128,True,5,,,,,,,,,,,,,,,,,,,,,,,,,,
sex_binary,transformer,,10m,9,False,False,0.4978787364470864,0.5381921563764149,0.7519728095045227,0.7186048972425577,0.8022624664921385,2,33335,7145,7155,40,0,27.07189267873764,32,20,1042,5.0,592002,3072,128,True,5,,,,,,,,,,,,,,,,,,,,,,,,,,
sex_binary,transformer,,10m,10,False,False,0.4991346960127112,0.5342436608816044,0.749850924800864,0.7185570848552304,0.8062464924519133,2,33335,7145,7155,40,0,27.07189267873764,32,20,1042,5.0,592002,3072,128,True,5,,,,,,,,,,,,,,,,,,,,,,,,,,
sex_binary,transformer,,10m,11,False,False,0.4931465834696575,0.5377909443526939,0.7601869402817155,0.7159677697480835,0.801351444561145,2,33335,7145,7155,40,0,27.07189267873764,32,20,1042,5.0,592002,3072,128,True,5,,,,,,,,,,,,,,,,,,,,,,,,,,
sex_binary,transformer,,10m,12,False,False,0.4895028541975692,0.5383993528746824,0.7586636334998424,0.7246451301907793,0.8079884701603675,2,33335,7145,7155,40,0,27.07189267873764,32,20,1042,5.0,592002,3072,128,True,5,,,,,,,,,,,,,,,,,,,,,,,,,,
sex_binary,transformer,,10m,13,False,False,0.4858357974305331,0.5644711440472105,0.7620897169344314,0.7092467981376683,0.8054851389694471,2,33335,7145,7155,40,0,27.07189267873764,32,20,1042,5.0,592002,3072,128,True,5,,,,,,,,,,,,,,,,,,,,,,,,,,
sex_binary,transformer,,10m,14,False,False,0.4821091396797538,0.5574739750070619,0.7652095405247288,0.7168791443934097,0.8027749212271322,2,33335,7145,7155,40,0,27.07189267873764,32,20,1042,5.0,592002,3072,128,True,5,,,,,,,,,,,,,,,,,,,,,,,,,,
sex_binary,transformer,,10m,15,False,False,0.4778696188303382,0.5538310282458953,0.7664144007920436,0.7170792118010378,0.8037833315044443,2,33335,7145,7155,40,0,27.07189267873764,32,20,1042,5.0,592002,3072,128,True,5,,,,,,,,,,,,,,,,,,,,,,,,,,
sex_binary,transformer,,10m,16,False,False,0.4765848568127004,0.5281256708921962,0.7683318662526439,0.7264933532943518,0.8112110642567133,2,33335,7145,7155,40,0,27.07189267873764,32,20,1042,5.0,592002,3072,128,True,5,,,,,,,,,,,,,,,,,,,,,,,,,,
sex_binary,transformer,,10m,17,False,False,0.4725839929207344,0.5283574052420924,0.7708454074974124,0.7302013606935147,0.8128520089040774,2,33335,7145,7155,40,0,27.07189267873764,32,20,1042,5.0,592002,3072,128,True,5,,,,,,,,,,,,,,,,,,,,,,,,,,
sex_binary,transformer,,10m,18,False,False,0.4696586252242277,0.5350277007710609,0.7706444714459295,0.7279816118261196,0.8108308382060166,2,33335,7145,7155,40,0,27.07189267873764,32,20,1042,5.0,592002,3072,128,True,5,,,,,,,,,,,,,,,,,,,,,,,,,,
sex_binary,transformer,,10m,19,False,False,0.4640629547082521,0.5298018766458924,0.7760833805859322,0.7265452806822279,0.8133610540671881,2,33335,7145,7155,40,0,27.07189267873764,32,20,1042,5.0,592002,3072,128,True,5,,,,,,,,,,,,,,,,,,,,,,,,,,
sex_binary,transformer,,10m,20,False,False,0.4635538077415225,0.5349692078342464,0.7744793933666352,0.7239367622391873,0.8128149347086581,2,33335,7145,7155,40,0,27.07189267873764,32,20,1042,5.0,592002,3072,128,True,5,,,,,,,,,,,,,,,,,,,,,,,,,,
sex_binary,transformer,,10m,21,False,False,0.4608880410125378,0.532608889048545,0.7798782233022816,0.7297089322945243,0.8152864824191499,2,33335,7145,7155,40,0,27.07189267873764,32,20,1042,5.0,592002,3072,128,True,5,,,,,,,,,,,,,,,,,,,,,,,,,,
sex_binary,transformer,,10m,22,False,False,0.4550170823714893,0.5436285016835362,0.781374888618874,0.7227592842250474,0.8091405919330315,2,33335,7145,7155,40,0,27.07189267873764,32,20,1042,5.0,592002,3072,128,True,5,,,,,,,,,,,,,,,,,,,,,,,,,,
sex_binary,transformer,,10m,23,False,False,0.4536305727282081,0.5370419794900839,0.7828095675262139,0.7213062971265538,0.813883110470129,2,33335,7145,7155,40,0,27.07189267873764,32,20,1042,5.0,592002,3072,128,True,5,,,,,,,,,,,,,,,,,,,,,,,,,,
sex_binary,transformer,,10m,24,False,False,0.4514708349403277,0.5404165736189082,0.7847992349579227,0.7198709457446976,0.8098348513113134,2,33335,7145,7155,40,0,27.07189267873764,32,20,1042,5.0,592002,3072,128,True,5,,,,,,,,,,,,,,,,,,,,,,,,,,
sex_binary,transformer,,10m,25,False,False,0.4458299476032549,0.5559753649963876,0.7881668061743397,0.7252488595569908,0.8149852643789876,2,33335,7145,7155,40,0,27.07189267873764,32,20,1042,5.0,592002,3072,128,True,5,,,,,,,,,,,,,,,,,,,,,,,,,,
sex_binary,transformer,,10m,26,False,False,0.4437815031101272,0.5321240218975396,0.7871927636019981,0.7273318336442445,0.8178937467667852,2,33335,7145,7155,40,0,27.07189267873764,32,20,1042,5.0,592002,3072,128,True,5,,,,,,,,,,,,,,,,,,,,,,,,,,
sex_binary,transformer,,10m,27,False,False,0.4411551938245406,0.528003053384865,0.788375212636695,0.7306759574234609,0.8168827891081815,2,33335,7145,7155,40,0,27.07189267873764,32,20,1042,5.0,592002,3072,128,True,5,,,,,,,,,,,,,,,,,,,,,,,,,,
sex_binary,transformer,,10m,28,False,False,0.4359540676183744,0.5312562562019529,0.7909948247153593,0.7288743709927732,0.817166959288928,2,33335,7145,7155,40,0,27.07189267873764,32,20,1042,5.0,592002,3072,128,True,5,,,,,,,,,,,,,,,,,,,,,,,,,,
sex_binary,transformer,,10m,29,False,False,0.4353322836695465,0.5283130560745469,0.7941647000585033,0.7295680425138342,0.8174844021883964,2,33335,7145,7155,40,0,27.07189267873764,32,20,1042,5.0,592002,3072,128,True,5,,,,,,,,,,,,,,,,,,,,,,,,,,
sex_binary,transformer,,10m,30,False,False,0.4335404543446085,0.5311777070279385,0.7951653840961252,0.7313796225172831,0.8176473170196423,2,33335,7145,7155,40,0,27.07189267873764,32,20,1042,5.0,592002,3072,128,True,5,,,,,,,,,,,,,,,,,,,,,,,,,,
sex_binary,transformer,,10m,31,False,False,0.4309894817065349,0.5313143251741408,0.799291877053238,0.7308936605477261,0.816647920553056,2,33335,7145,7155,40,0,27.07189267873764,32,20,1042,5.0,592002,3072,128,True,5,,,,,,,,,,,,,,,,,,,,,,,,,,
sex_binary,transformer,,10m,32,False,False,0.4285539008856928,0.5287073567040406,0.8009424238333108,0.7307564938627706,0.8181442523239955,2,33335,7145,7155,40,0,27.07189267873764,32,20,1042,5.0,592002,3072,128,True,5,,,,,,,,,,,,,,,,,,,,,,,,,,
sex_binary,transformer,,10m,33,False,False,0.4261856384598835,0.5292838213909248,0.8001643310382072,0.7308203743474785,0.8184404147920554,2,33335,7145,7155,40,0,27.07189267873764,32,20,1042,5.0,592002,3072,128,True,5,,,,,,,,,,,,,,,,,,,,,,,,,,
sex_binary,transformer,,10m,34,False,False,0.4234817711223775,0.5347084574802844,0.8020429503622699,0.729774772303303,0.8186724616325187,2,33335,7145,7155,40,0,27.07189267873764,32,20,1042,5.0,592002,3072,128,True,5,,,,,,,,,,,,,,,,,,,,,,,,,,
sex_binary,transformer,,10m,35,False,False,0.4211183211498395,0.530253594700818,0.8008629944646956,0.7357701321503034,0.8189658807668794,2,33335,7145,7155,40,0,27.07189267873764,32,20,1042,5.0,592002,3072,128,True,5,,,,,,,,,,,,,,,,,,,,,,,,,,
sex_binary,transformer,,10m,36,False,False,0.4193356546984452,0.5300944454858485,0.8032587642320328,0.7306659638507,0.8196443463811509,2,33335,7145,7155,40,0,27.07189267873764,32,20,1042,5.0,592002,3072,128,True,5,,,,,,,,,,,,,,,,,,,,,,,,,,
sex_binary,transformer,,10m,37,False,False,0.4190773324011969,0.5298304165135405,0.8052790603483191,0.7308405574454077,0.8184909705130818,2,33335,7145,7155,40,0,27.07189267873764,32,20,1042,5.0,592002,3072,128,True,5,,,,,,,,,,,,,,,,,,,,,,,,,,
sex_binary,transformer,,10m,38,True,False,0.4178681436696473,0.528728804444833,0.8062939381665992,0.7348718863162516,0.8199050806540107,2,33335,7145,7155,40,0,27.07189267873764,32,20,1042,5.0,592002,3072,128,True,5,0.8119094045297736,0.8120468385761217,0.8119092418663436,0.8960812078664326,0.823086269744836,0.8010074074074074,,,,0.7353393981805458,0.7348718863162516,0.7349438936052561,0.7596153846153846,0.7101283880171184,,,,0.7418588399720475,0.7431025965726652,0.741719816546262,0.8261995867752395,0.7640416047548291,0.7221635883905013,,,
sex_binary,transformer,,10m,39,False,False,0.4177685630595074,0.5286411974378363,0.8052643715404347,0.7333452211126961,0.8197230016773527,2,33335,7145,7155,40,0,27.07189267873764,32,20,1042,5.0,592002,3072,128,True,5,,,,,,,,,,,,,,,,,,,,,,,,,,
sex_binary,transformer,,10m,40,False,False,0.4179540948002739,0.5288327382526838,0.8052307546915081,0.7334825837500587,0.819675737956765,2,33335,7145,7155,40,0,27.07189267873764,32,20,1042,5.0,592002,3072,128,True,5,,,,,,,,,,,,,,,,,,,,,,,,,,
sex_binary,transformer,,40m,1,False,False,0.5933524857329807,0.5669380212597617,0.6811235407947437,0.7097288410590836,0.7811871580630497,2,33335,7145,7155,40,0,37.198731271425885,32,80,1042,5.0,592002,3072,128,True,5,,,,,,,,,,,,,,,,,,,,,,,,,,
sex_binary,transformer,,40m,2,False,False,0.5368393499471803,0.5527469424287117,0.7302689617928986,0.7170345346522237,0.7981305356555,2,33335,7145,7155,40,0,37.198731271425885,32,80,1042,5.0,592002,3072,128,True,5,,,,,,,,,,,,,,,,,,,,,,,,,,
sex_binary,transformer,,40m,3,False,False,0.509460949138739,0.5384649237608726,0.7480557220647136,0.7208085780125724,0.8068656628678028,2,33335,7145,7155,40,0,37.198731271425885,32,80,1042,5.0,592002,3072,128,True,5,,,,,,,,,,,,,,,,,,,,,,,,,,
sex_binary,transformer,,40m,4,False,False,0.4913379905444491,0.5401877208803816,0.7618733540344719,0.7246259268548856,0.8212683215500619,2,33335,7145,7155,40,0,37.198731271425885,32,80,1042,5.0,592002,3072,128,True,5,,,,,,,,,,,,,,,,,,,,,,,,,,
sex_binary,transformer,,40m,5,False,False,0.4827971215805622,0.5252996973865428,0.7670077494262184,0.7328694486683074,0.8182116599520308,2,33335,7145,7155,40,0,37.198731271425885,32,80,1042,5.0,592002,3072,128,True,5,,,,,,,,,,,,,,,,,,,,,,,,,,
sex_binary,transformer,,40m,6,False,False,0.4708772332911121,0.5162819439168573,0.7736144097925386,0.7397477700616074,0.8277898136100703,2,33335,7145,7155,40,0,37.198731271425885,32,80,1042,5.0,592002,3072,128,True,5,,,,,,,,,,,,,,,,,,,,,,,,,,
sex_binary,transformer,,40m,7,False,False,0.4545034772562662,0.544382829391681,0.7845674272084965,0.7292915536674452,0.8334471947453403,2,33335,7145,7155,40,0,37.198731271425885,32,80,1042,5.0,592002,3072,128,True,5,,,,,,,,,,,,,,,,,,,,,,,,,,
sex_binary,transformer,,40m,8,False,False,0.4499508547384163,0.527980031601777,0.7865237298051393,0.7304314088194259,0.8267971187158063,2,33335,7145,7155,40,0,37.198731271425885,32,80,1042,5.0,592002,3072,128,True,5,,,,,,,,,,,,,,,,,,,,,,,,,,
sex_binary,transformer,,40m,9,False,False,0.44253586916636,0.5240503323920712,0.7920293686152738,0.7394344421626875,0.8339729742440156,2,33335,7145,7155,40,0,37.198731271425885,32,80,1042,5.0,592002,3072,128,True,5,,,,,,,,,,,,,,,,,,,,,,,,,,
sex_binary,transformer,,40m,10,False,False,0.4381735965383809,0.5164530057102922,0.7928089554925521,0.7504069931495039,0.833876800802621,2,33335,7145,7155,40,0,37.198731271425885,32,80,1042,5.0,592002,3072,128,True,5,,,,,,,,,,,,,,,,,,,,,,,,,,
sex_binary,transformer,,40m,11,False,False,0.4344364089391498,0.5006302439557496,0.7968012420683137,0.7525724632001379,0.8366086125001959,2,33335,7145,7155,40,0,37.198731271425885,32,80,1042,5.0,592002,3072,128,True,5,,,,,,,,,,,,,,,,,,,,,,,,,,
sex_binary,transformer,,40m,12,False,False,0.4314661602235831,0.5965403083573696,0.7970517258449215,0.7099081375115612,0.8272704221598659,2,33335,7145,7155,40,0,37.198731271425885,32,80,1042,5.0,592002,3072,128,True,5,,,,,,,,,,,,,,,,,,,,,,,,,,
sex_binary,transformer,,40m,13,False,False,0.4261917882672275,0.5749873966917114,0.8026557130642186,0.7267929645247763,0.8361739508708125,2,33335,7145,7155,40,0,37.198731271425885,32,80,1042,5.0,592002,3072,128,True,5,,,,,,,,,,,,,,,,,,,,,,,,,,
sex_binary,transformer,,40m,14,False,False,0.4188420441745371,0.4960769034082694,0.8059234417892984,0.7605334216425514,0.842626467683529,2,33335,7145,7155,40,0,37.198731271425885,32,80,1042,5.0,592002,3072,128,True,5,,,,,,,,,,,,,,,,,,,,,,,,,,
sex_binary,transformer,,40m,15,False,False,0.4146028819708375,0.5086341862414916,0.8094314477296252,0.7530886018403851,0.8381919079493972,2,33335,7145,7155,40,0,37.198731271425885,32,80,1042,5.0,592002,3072,128,True,5,,,,,,,,,,,,,,,,,,,,,,,,,,
sex_binary,transformer,,40m,16,False,False,0.4135719454331396,0.4977026525413014,0.8078680437424058,0.7594343245912433,0.8424932200467151,2,33335,7145,7155,40,0,37.198731271425885,32,80,1042,5.0,592002,3072,128,True,5,,,,,,,,,,,,,,,,,,,,,,,,,,
sex_binary,transformer,,40m,17,False,False,0.4086599530103737,0.4976321807851985,0.8114143917915486,0.7515250975842988,0.8426029533946795,2,33335,7145,7155,40,0,37.198731271425885,32,80,1042,5.0,592002,3072,128,True,5,,,,,,,,,,,,,,,,,,,,,,,,,,
sex_binary,transformer,,40m,18,False,False,0.4070211544071911,0.5411616570637559,0.8134030601683093,0.7482583750058786,0.8452942813249519,2,33335,7145,7155,40,0,37.198731271425885,32,80,1042,5.0,592002,3072,128,True,5,,,,,,,,,,,,,,,,,,,,,,,,,,
sex_binary,transformer,,40m,19,False,False,0.3991649247769636,0.4906062562787674,0.8188997434858918,0.7623885030803719,0.8473077314981737,2,33335,7145,7155,40,0,37.198731271425885,32,80,1042,5.0,592002,3072,128,True,5,,,,,,,,,,,,,,,,,,,,,,,,,,
sex_binary,transformer,,40m,20,False,False,0.3935151536465227,0.5076300949337934,0.8226318347509113,0.7578563198570332,0.8455470991205657,2,33335,7145,7155,40,0,37.198731271425885,32,80,1042,5.0,592002,3072,128,True,5,,,,,,,,,,,,,,,,,,,,,,,,,,
sex_binary,transformer,,40m,21,False,False,0.392868261878523,0.5064641104159946,0.821944124926871,0.752656330830368,0.839775634493894,2,33335,7145,7155,40,0,37.198731271425885,32,80,1042,5.0,592002,3072,128,True,5,,,,,,,,,,,,,,,,,,,,,,,,,,
sex_binary,transformer,,40m,22,False,False,0.3898780874732518,0.4957314332729457,0.8253122001710094,0.7630016381621232,0.8486639964885329,2,33335,7145,7155,40,0,37.198731271425885,32,80,1042,5.0,592002,3072,128,True,5,,,,,,,,,,,,,,,,,,,,,,,,,,
sex_binary,transformer,,40m,23,False,False,0.3844226935679755,0.5017405892060802,0.8274754151478332,0.7554719709676914,0.8424102537975576,2,33335,7145,7155,40,0,37.198731271425885,32,80,1042,5.0,592002,3072,128,True,5,,,,,,,,,,,,,,,,,,,,,,,,,,
sex_binary,transformer,,40m,24,False,False,0.3808277127722026,0.4977267680633643,0.8296413662751452,0.7593081312410841,0.8471981157216535,2,33335,7145,7155,40,0,37.198731271425885,32,80,1042,5.0,592002,3072,128,True,5,,,,,,,,,,,,,,,,,,,,,,,,,,
sex_binary,transformer,,40m,25,False,False,0.3774152915302881,0.4978324225225842,0.8312670176859727,0.7656644354219247,0.8496965089119156,2,33335,7145,7155,40,0,37.198731271425885,32,80,1042,5.0,592002,3072,128,True,5,,,,,,,,,,,,,,,,,,,,,,,,,,
sex_binary,transformer,,40m,26,False,False,0.3761687001394192,0.497747913042593,0.8318145447999641,0.7624080983210798,0.8498317944537632,2,33335,7145,7155,40,0,37.198731271425885,32,80,1042,5.0,592002,3072,128,True,5,,,,,,,,,,,,,,,,,,,,,,,,,,
sex_binary,transformer,,40m,27,False,False,0.3675231716193698,0.4935180041946841,0.8364756131587237,0.7623036556881064,0.8496177752347509,2,33335,7145,7155,40,0,37.198731271425885,32,80,1042,5.0,592002,3072,128,True,5,,,,,,,,,,,,,,,,,,,,,,,,,,
sex_binary,transformer,,40m,28,False,False,0.3666944991519502,0.5142993160275166,0.8368319157553665,0.7615026022479661,0.8510144848019313,2,33335,7145,7155,40,0,37.198731271425885,32,80,1042,5.0,592002,3072,128,True,5,,,,,,,,,,,,,,,,,,,,,,,,,,
sex_binary,transformer,,40m,29,False,False,0.3633336099509769,0.4960539152064967,0.8378311057108141,0.7603327663777022,0.8481817184242291,2,33335,7145,7155,40,0,37.198731271425885,32,80,1042,5.0,592002,3072,128,True,5,,,,,,,,,,,,,,,,,,,,,,,,,,
sex_binary,transformer,,40m,30,False,False,0.3620828661583202,0.4991813108543986,0.8394208991494532,0.7610771895721967,0.8487357150695239,2,33335,7145,7155,40,0,37.198731271425885,32,80,1042,5.0,592002,3072,128,True,5,,,,,,,,,,,,,,,,,,,,,,,,,,
sex_binary,transformer,,40m,31,False,False,0.3562647207952322,0.502765958345879,0.8412915530354169,0.7670535420357103,0.850227304792212,2,33335,7145,7155,40,0,37.198731271425885,32,80,1042,5.0,592002,3072,128,True,5,,,,,,,,,,,,,,,,,,,,,,,,,,
sex_binary,transformer,,40m,32,False,False,0.3539638001503608,0.5114753170769226,0.8450468025741416,0.7607148735715069,0.8508871549278111,2,33335,7145,7155,40,0,37.198731271425885,32,80,1042,5.0,592002,3072,128,True,5,,,,,,,,,,,,,,,,,,,,,,,,,,
sex_binary,transformer,,40m,33,False,False,0.3521088617359731,0.5033331432986543,0.8444422573241528,0.7598144722609772,0.848097262936778,2,33335,7145,7155,40,0,37.198731271425885,32,80,1042,5.0,592002,3072,128,True,5,,,,,,,,,,,,,,,,,,,,,,,,,,
sex_binary,transformer,,40m,34,False,False,0.3493222863014015,0.4998657204998048,0.8473529364115027,0.7666784891285605,0.8506787399476414,2,33335,7145,7155,40,0,37.198731271425885,32,80,1042,5.0,592002,3072,128,True,5,,,,,,,,,,,,,,,,,,,,,,,,,,
sex_binary,transformer,,40m,35,False,False,0.3481132558484797,0.4975070356113081,0.8479515053327933,0.7668683670110203,0.851238458403223,2,33335,7145,7155,40,0,37.198731271425885,32,80,1042,5.0,592002,3072,128,True,5,,,,,,,,,,,,,,,,,,,,,,,,,,
sex_binary,transformer,,40m,36,False,False,0.3445878099622765,0.5017745116859821,0.8514742000810045,0.7640840792588296,0.8507727579125581,2,33335,7145,7155,40,0,37.198731271425885,32,80,1042,5.0,592002,3072,128,True,5,,,,,,,,,,,,,,,,,,,,,,,,,,
sex_binary,transformer,,40m,37,False,False,0.3447223180668347,0.4998527454654181,0.8504976643715405,0.7649394115157311,0.8512344609741186,2,33335,7145,7155,40,0,37.198731271425885,32,80,1042,5.0,592002,3072,128,True,5,,,,,,,,,,,,,,,,,,,,,,,,,,
sex_binary,transformer,,40m,38,False,False,0.3439825685061453,0.5021850820101584,0.8507830070653886,0.7616001865466915,0.8507707983884875,2,33335,7145,7155,40,0,37.198731271425885,32,80,1042,5.0,592002,3072,128,True,5,,,,,,,,,,,,,,,,,,,,,,,,,,
sex_binary,transformer,,40m,39,False,False,0.3398250398221752,0.5011367763940733,0.8512262094415193,0.7660069602294994,0.8513676302299698,2,33335,7145,7155,40,0,37.198731271425885,32,80,1042,5.0,592002,3072,128,True,5,,,,,,,,,,,,,,,,,,,,,,,,,,
sex_binary,transformer,,40m,40,True,False,0.340980703924234,0.5008803481735326,0.8523327122991764,0.7655895816024204,0.8514620792901819,2,33335,7145,7155,40,0,37.198731271425885,32,80,1042,5.0,592002,3072,128,True,5,0.8575371231438428,0.8575460420323118,0.8575229906098367,0.9344356995634759,0.8582624544349939,0.8568296296296296,,,,0.7657102869139258,0.7655895816024204,0.7656083549956001,0.771978021978022,0.7592011412268188,,,,0.7772187281621243,0.7776296032022958,0.7768745824127306,0.861406767633602,0.7845468053491828,0.770712401055409,,,
sex_binary,transformer,,80m,1,False,False,0.5828117928316126,0.560151904208248,0.6921293371135413,0.7103390368547287,0.7965897226881535,2,33335,7145,7155,40,0,51.384392197926836,32,160,1042,5.0,592002,3072,128,True,5,,,,,,,,,,,,,,,,,,,,,,,,,,
sex_binary,transformer,,80m,2,False,False,0.5114047945743739,0.523754970972316,0.7481159713784258,0.7497170447241774,0.8240565283503942,2,33335,7145,7155,40,0,51.384392197926836,32,160,1042,5.0,592002,3072,128,True,5,,,,,,,,,,,,,,,,,,,,,,,,,,
sex_binary,transformer,,80m,3,False,False,0.4740258522900538,0.5007572105228693,0.7754875568156249,0.7572085011992288,0.8419871925506732,2,33335,7145,7155,40,0,51.384392197926836,32,160,1042,5.0,592002,3072,128,True,5,,,,,,,,,,,,,,,,,,,,,,,,,,
sex_binary,transformer,,80m,4,False,False,0.4536313911526389,0.4987092045635673,0.7888943611898654,0.7670286560800113,0.8487138859713753,2,33335,7145,7155,40,0,51.384392197926836,32,160,1042,5.0,592002,3072,128,True,5,,,,,,,,,,,,,,,,,,,,,,,,,,
sex_binary,transformer,,80m,5,False,False,0.4405057707057465,0.4901935244499177,0.7956158138697629,0.7679657004906648,0.8510447398535844,2,33335,7145,7155,40,0,51.384392197926836,32,160,1042,5.0,592002,3072,128,True,5,,,,,,,,,,,,,,,,,,,,,,,,,,
sex_binary,transformer,,80m,6,False,False,0.4217743224846971,0.4899867328628116,0.8061017235947977,0.7636908027778213,0.8570099230298944,2,33335,7145,7155,40,0,51.384392197926836,32,160,1042,5.0,592002,3072,128,True,5,,,,,,,,,,,,,,,,,,,,,,,,,,
sex_binary,transformer,,80m,7,False,False,0.4175758572091079,0.5060606147210193,0.8096976193690653,0.7595213274599866,0.8569609349281246,2,33335,7145,7155,40,0,51.384392197926836,32,160,1042,5.0,592002,3072,128,True,5,,,,,,,,,,,,,,,,,,,,,,,,,,
sex_binary,transformer,,80m,8,False,False,0.4072290070253243,0.5079749057725061,0.8159442509338013,0.7615351303475412,0.8487903074101363,2,33335,7145,7155,40,0,51.384392197926836,32,160,1042,5.0,592002,3072,128,True,5,,,,,,,,,,,,,,,,,,,,,,,,,,
sex_binary,transformer,,80m,9,False,False,0.3998514662926855,0.4845622386879817,0.8207549615228837,0.779848842313179,0.8604802009687886,2,33335,7145,7155,40,0,51.384392197926836,32,160,1042,5.0,592002,3072,128,True,5,,,,,,,,,,,,,,,,,,,,,,,,,,
sex_binary,transformer,,80m,10,False,False,0.3926052203596094,0.4634143556182079,0.8247235947977138,0.7878266526626013,0.8675369174334937,2,33335,7145,7155,40,0,51.384392197926836,32,160,1042,5.0,592002,3072,128,True,5,,,,,,,,,,,,,,,,,,,,,,,,,,
sex_binary,transformer,,80m,11,False,False,0.3862711110402212,0.470751469121937,0.8289432068763782,0.7855663416469408,0.8672502390619367,2,33335,7145,7155,40,0,51.384392197926836,32,160,1042,5.0,592002,3072,128,True,5,,,,,,,,,,,,,,,,,,,,,,,,,,
sex_binary,transformer,,80m,12,False,False,0.3822818279677609,0.5559633070559998,0.8298741730795194,0.7481241476070293,0.8672728911601951,2,33335,7145,7155,40,0,51.384392197926836,32,160,1042,5.0,592002,3072,128,True,5,,,,,,,,,,,,,,,,,,,,,,,,,,
sex_binary,transformer,,80m,13,False,False,0.3754917965669118,0.4650719808397633,0.8329613878763332,0.7891154316439624,0.8702149989810475,2,33335,7145,7155,40,0,51.384392197926836,32,160,1042,5.0,592002,3072,128,True,5,,,,,,,,,,,,,,,,,,,,,,,,,,
sex_binary,transformer,,80m,14,False,False,0.3730093460355149,0.4696351478928198,0.8352194680707439,0.7862890141242496,0.8685272217083915,2,33335,7145,7155,40,0,51.384392197926836,32,160,1042,5.0,592002,3072,128,True,5,,,,,,,,,,,,,,,,,,,,,,,,,,
sex_binary,transformer,,80m,15,False,False,0.3654466946398244,0.473252970042806,0.8403102920660637,0.7856590271354893,0.8749377655155116,2,33335,7145,7155,40,0,51.384392197926836,32,160,1042,5.0,592002,3072,128,True,5,,,,,,,,,,,,,,,,,,,,,,,,,,
sex_binary,transformer,,80m,16,False,False,0.3580898063846555,0.4636599908974556,0.8431318302506638,0.788435672743804,0.8706474267529902,2,33335,7145,7155,40,0,51.384392197926836,32,160,1042,5.0,592002,3072,128,True,5,,,,,,,,,,,,,,,,,,,,,,,,,,
sex_binary,transformer,,80m,17,False,False,0.35599812834324,0.4598185519829257,0.8446372170469376,0.7949124876549983,0.872678199118998,2,33335,7145,7155,40,0,51.384392197926836,32,160,1042,5.0,592002,3072,128,True,5,,,,,,,,,,,,,,,,,,,,,,,,,,
sex_binary,transformer,,80m,18,False,False,0.35434568114182,0.4949110684505787,0.8458951082309527,0.7746318054270979,0.8736718737752974,2,33335,7145,7155,40,0,51.384392197926836,32,160,1042,5.0,592002,3072,128,True,5,,,,,,,,,,,,,,,,,,,,,,,,,,
sex_binary,transformer,,80m,19,False,False,0.3460432135819208,0.4505867937964272,0.850008901489582,0.7943777335360787,0.8783395384928908,2,33335,7145,7155,40,0,51.384392197926836,32,160,1042,5.0,592002,3072,128,True,5,,,,,,,,,,,,,,,,,,,,,,,,,,
sex_binary,transformer,,80m,20,False,False,0.340901157651077,0.4571251383021296,0.8542808064443544,0.7957848677713157,0.8774514038030443,2,33335,7145,7155,40,0,51.384392197926836,32,160,1042,5.0,592002,3072,128,True,5,,,,,,,,,,,,,,,,,,,,,,,,,,
sex_binary,transformer,,80m,21,False,False,0.3407779991725082,0.453594350572897,0.8542611313622249,0.7937544089291593,0.8760668824755843,2,33335,7145,7155,40,0,51.384392197926836,32,160,1042,5.0,592002,3072,128,True,5,,,,,,,,,,,,,,,,,,,,,,,,,,
sex_binary,transformer,,80m,22,False,False,0.3361083586301441,0.4665506222099587,0.8558583952117367,0.7905284444514117,0.8757405433368343,2,33335,7145,7155,40,0,51.384392197926836,32,160,1042,5.0,592002,3072,128,True,5,,,,,,,,,,,,,,,,,,,,,,,,,,
sex_binary,transformer,,80m,23,False,False,0.3296716759985169,0.4649629096496013,0.8591425588407362,0.7970526798451192,0.8764248875233183,2,33335,7145,7155,40,0,51.384392197926836,32,160,1042,5.0,592002,3072,128,True,5,,,,,,,,,,,,,,,,,,,,,,,,,,
sex_binary,transformer,,80m,24,False,False,0.3277699799369224,0.4678234176589026,0.8600070473876062,0.7942793654277249,0.8772980122587827,2,33335,7145,7155,40,0,51.384392197926836,32,160,1042,5.0,592002,3072,128,True,5,,,,,,,,,,,,,,,,,,,,,,,,,,
sex_binary,transformer,,80m,25,False,False,0.3226840917309918,0.4623903044292858,0.8628300796543811,0.7962653430734743,0.8782105234280697,2,33335,7145,7155,40,0,51.384392197926836,32,160,1042,5.0,592002,3072,128,True,5,,,,,,,,,,,,,,,,,,,,,,,,,,
sex_binary,transformer,,80m,26,False,False,0.3195536196491109,0.4527940472307699,0.8628826155438549,0.7975584330077911,0.8807605304823565,2,33335,7145,7155,40,0,51.384392197926836,32,160,1042,5.0,592002,3072,128,True,5,,,,,,,,,,,,,,,,,,,,,,,,,,
sex_binary,transformer,,80m,27,False,False,0.3126738277836255,0.4801475100078476,0.8677789838441115,0.7943324685300435,0.8776809424526971,2,33335,7145,7155,40,0,51.384392197926836,32,160,1042,5.0,592002,3072,128,True,5,,,,,,,,,,,,,,,,,,,,,,,,,,
sex_binary,transformer,,80m,28,False,False,0.3097823948226841,0.4663699278950775,0.869852562890959,0.7918570017714097,0.8780344405950682,2,33335,7145,7155,40,0,51.384392197926836,32,160,1042,5.0,592002,3072,128,True,5,,,,,,,,,,,,,,,,,,,,,,,,,,
sex_binary,transformer,,80m,29,False,False,0.3075743230302526,0.4536822336257297,0.8718855587057288,0.7996562994779828,0.8814996629618598,2,33335,7145,7155,40,0,51.384392197926836,32,160,1042,5.0,592002,3072,128,True,5,,,,,,,,,,,,,,,,,,,,,,,,,,
sex_binary,transformer,,80m,30,False,False,0.3047507854126303,0.4744503472008181,0.8717645470500877,0.7952095515041306,0.881571303161888,2,33335,7145,7155,40,0,51.384392197926836,32,160,1042,5.0,592002,3072,128,True,5,,,,,,,,,,,,,,,,,,,,,,,,,,
sex_binary,transformer,,80m,31,False,False,0.299945132556626,0.4597086932919424,0.8762819495072229,0.8038202881284193,0.881773055760217,2,33335,7145,7155,40,0,51.384392197926836,32,160,1042,5.0,592002,3072,128,True,5,,,,,,,,,,,,,,,,,,,,,,,,,,
sex_binary,transformer,,80m,32,False,False,0.2956592169250704,0.4765047466696518,0.8791358624724359,0.7958963646909438,0.8808718706400589,2,33335,7145,7155,40,0,51.384392197926836,32,160,1042,5.0,592002,3072,128,True,5,,,,,,,,,,,,,,,,,,,,,,,,,,
sex_binary,transformer,,80m,33,False,False,0.2951526384223468,0.4606959354593838,0.8767450699788488,0.798451975984073,0.8807194196673511,2,33335,7145,7155,40,0,51.384392197926836,32,160,1042,5.0,592002,3072,128,True,5,,,,,,,,,,,,,,,,,,,,,,,,,,
sex_binary,transformer,,80m,34,False,False,0.2938739756071104,0.462755754110361,0.8784073174024571,0.7982556316721795,0.8811359752943205,2,33335,7145,7155,40,0,51.384392197926836,32,160,1042,5.0,592002,3072,128,True,5,,,,,,,,,,,,,,,,,,,,,,,,,,
sex_binary,transformer,,80m,35,False,False,0.2906210650635281,0.4610491604342838,0.8811093470140858,0.7979180056747817,0.8809986518474394,2,33335,7145,7155,40,0,51.384392197926836,32,160,1042,5.0,592002,3072,128,True,5,,,,,,,,,,,,,,,,,,,,,,,,,,
sex_binary,transformer,,80m,36,False,False,0.2865667526034807,0.462001437247008,0.882335862472436,0.7997252747252748,0.881108973052625,2,33335,7145,7155,40,0,51.384392197926836,32,160,1042,5.0,592002,3072,128,True,5,,,,,,,,,,,,,,,,,,,,,,,,,,
sex_binary,transformer,,80m,37,True,False,0.2858273365847332,0.4609862313686008,0.8841333153323433,0.8003380179022119,0.8819258594472574,2,33335,7145,7155,40,0,51.384392197926836,32,160,1042,5.0,592002,3072,128,True,5,0.8910154492275386,0.8910355339543674,0.8910056548416045,0.9566534593402638,0.8926488456865127,0.8894222222222222,,,,0.8004198740377887,0.8003380179022119,0.800344311449996,0.8046703296703297,0.7960057061340942,,,,0.8019566736547868,0.8024468080935597,0.8016485576177297,0.8846609714310358,0.8106983655274889,0.7941952506596306,,,
sex_binary,transformer,,80m,38,False,False,0.2858562564624559,0.4618092264033765,0.8833435218937041,0.7995295182706024,0.8818021350974276,2,33335,7145,7155,40,0,51.384392197926836,32,160,1042,5.0,592002,3072,128,True,5,,,,,,,,,,,,,,,,,,,,,,,,,,
sex_binary,transformer,,80m,39,False,False,0.2835580351315321,0.4626174948363974,0.8833547275100131,0.8007450110517158,0.8816847204151055,2,33335,7145,7155,40,0,51.384392197926836,32,160,1042,5.0,592002,3072,128,True,5,,,,,,,,,,,,,,,,,,,,,,,,,,
sex_binary,transformer,,80m,40,False,False,0.2835178405390662,0.4623565328212949,0.884037703073669,0.8009668291765296,0.8816929504162029,2,33335,7145,7155,40,0,51.384392197926836,32,160,1042,5.0,592002,3072,128,True,5,,,,,,,,,,,,,,,,,,,,,,,,,,
sex_binary,transformer,,120m,1,False,False,0.5689828450817102,0.5173144771825025,0.7041968318257504,0.756253625119531,0.827511404430092,2,33335,7145,7155,39,0,64.2426952958107,32,240,1042,5.0,592002,3072,128,True,5,,,,,,,,,,,,,,,,,,,,,,,,,,
sex_binary,transformer,,120m,2,False,False,0.4825603212796356,0.5204073729675245,0.773132874308087,0.73705048517816,0.8484928908466711,2,33335,7145,7155,39,0,64.2426952958107,32,240,1042,5.0,592002,3072,128,True,5,,,,,,,,,,,,,,,,,,,,,,,,,,
sex_binary,transformer,,120m,3,False,False,0.4423212128912506,0.4615752165804717,0.7960209261509383,0.7890474361587059,0.865403230863288,2,33335,7145,7155,39,0,64.2426952958107,32,240,1042,5.0,592002,3072,128,True,5,,,,,,,,,,,,,,,,,,,,,,,,,,
sex_binary,transformer,,120m,4,False,False,0.4129395076953902,0.4779411237877177,0.8146676927230998,0.783068340361493,0.8676053832045273,2,33335,7145,7155,39,0,64.2426952958107,32,240,1042,5.0,592002,3072,128,True,5,,,,,,,,,,,,,,,,,,,,,,,,,,
sex_binary,transformer,,120m,5,False,False,0.3944743394869565,0.4659504945750333,0.8262035911975159,0.7806336317035318,0.8826211377780565,2,33335,7145,7155,39,0,64.2426952958107,32,240,1042,5.0,592002,3072,128,True,5,,,,,,,,,,,,,,,,,,,,,,,,,,
sex_binary,transformer,,120m,6,False,False,0.3731204375881689,0.426024996358419,0.8373901534584403,0.8066304415983445,0.8889351946199308,2,33335,7145,7155,39,0,64.2426952958107,32,240,1042,5.0,592002,3072,128,True,5,,,,,,,,,,,,,,,,,,,,,,,,,,
sex_binary,transformer,,120m,7,False,False,0.3597993996201631,0.4629716703030844,0.8443145312992215,0.78809981031807,0.8806642002790362,2,33335,7145,7155,39,0,64.2426952958107,32,240,1042,5.0,592002,3072,128,True,5,,,,,,,,,,,,,,,,,,,,,,,,,,
sex_binary,transformer,,120m,8,False,False,0.3474722934641794,0.4784685122958424,0.8498470635884974,0.7826307786364848,0.8867550673292471,2,33335,7145,7155,39,0,64.2426952958107,32,240,1042,5.0,592002,3072,128,True,5,,,,,,,,,,,,,,,,,,,,,,,,,,
sex_binary,transformer,,120m,9,False,False,0.343868958066299,0.4486204486530589,0.851427145493002,0.8023420231694126,0.889173551127902,2,33335,7145,7155,39,0,64.2426952958107,32,240,1042,5.0,592002,3072,128,True,5,,,,,,,,,,,,,,,,,,,,,,,,,,
sex_binary,transformer,,120m,10,False,False,0.3320686659606228,0.465894790493249,0.8570647495612259,0.7895524055117493,0.8901402235425061,2,33335,7145,7155,39,0,64.2426952958107,32,240,1042,5.0,592002,3072,128,True,5,,,,,,,,,,,,,,,,,,,,,,,,,,
sex_binary,transformer,,120m,11,False,False,0.3186670461274237,0.4755453828876047,0.8636661896404302,0.7857003730933831,0.8900844946779327,2,33335,7145,7155,39,0,64.2426952958107,32,240,1042,5.0,592002,3072,128,True,5,,,,,,,,,,,,,,,,,,,,,,,,,,
sex_binary,transformer,,120m,12,False,False,0.314208423658631,0.464905189258223,0.8661707663921516,0.8025322929566867,0.8863429794171592,2,33335,7145,7155,39,0,64.2426952958107,32,240,1042,5.0,592002,3072,128,True,5,,,,,,,,,,,,,,,,,,,,,,,,,,
sex_binary,transformer,,120m,13,False,False,0.3055391205435341,0.4382945039082107,0.8725553395436749,0.8170016146478343,0.8909939881801507,2,33335,7145,7155,39,0,64.2426952958107,32,240,1042,5.0,592002,3072,128,True,5,,,,,,,,,,,,,,,,,,,,,,,,,,
sex_binary,transformer,,120m,14,False,False,0.2944867461378899,0.438209145798226,0.8760755411547636,0.8133083036792024,0.8949198162750231,2,33335,7145,7155,39,0,64.2426952958107,32,240,1042,5.0,592002,3072,128,True,5,,,,,,,,,,,,,,,,,,,,,,,,,,
sex_binary,transformer,,120m,15,False,False,0.290761670408103,0.4394176359356826,0.8781145132982313,0.8170664748945776,0.8963643774200123,2,33335,7145,7155,39,0,64.2426952958107,32,240,1042,5.0,592002,3072,128,True,5,,,,,,,,,,,,,,,,,,,,,,,,,,
sex_binary,transformer,,120m,16,False,False,0.284386056737598,0.4554960601224692,0.8825146393051618,0.7989044300920193,0.8925297455753947,2,33335,7145,7155,39,0,64.2426952958107,32,240,1042,5.0,592002,3072,128,True,5,,,,,,,,,,,,,,,,,,,,,,,,,,
sex_binary,transformer,,120m,17,False,False,0.2806322039827622,0.4258872949885187,0.8835397236848026,0.8189246915709112,0.897947908012102,2,33335,7145,7155,39,0,64.2426952958107,32,240,1042,5.0,592002,3072,128,True,5,,,,,,,,,,,,,,,,,,,,,,,,,,
sex_binary,transformer,,120m,18,False,False,0.2694154505234743,0.4390042771402149,0.8882129967148193,0.8164415826684015,0.8970108636014484,2,33335,7145,7155,39,0,64.2426952958107,32,240,1042,5.0,592002,3072,128,True,5,,,,,,,,,,,,,,,,,,,,,,,,,,
sex_binary,transformer,,120m,19,False,False,0.2635721869137542,0.4347436846845879,0.893569245308492,0.8182272969541158,0.8954614287281906,2,33335,7145,7155,39,0,64.2426952958107,32,240,1042,5.0,592002,3072,128,True,5,,,,,,,,,,,,,,,,,,,,,,,,,,
sex_binary,transformer,,120m,20,False,False,0.2562691791379525,0.4438066382521595,0.8937773997569867,0.823093970936339,0.8980411421673904,2,33335,7145,7155,39,0,64.2426952958107,32,240,1042,5.0,592002,3072,128,True,5,,,,,,,,,,,,,,,,,,,,,,,,,,
sex_binary,transformer,,120m,21,False,False,0.2542333001780764,0.4440276819480058,0.8954872057963188,0.821551237635403,0.8969843708360113,2,33335,7145,7155,39,0,64.2426952958107,32,240,1042,5.0,592002,3072,128,True,5,,,,,,,,,,,,,,,,,,,,,,,,,,
sex_binary,transformer,,120m,22,False,False,0.2491842513823234,0.4485327857119625,0.8996460645335493,0.8122609380633632,0.9019842140740856,2,33335,7145,7155,39,0,64.2426952958107,32,240,1042,5.0,592002,3072,128,True,5,,,,,,,,,,,,,,,,,,,,,,,,,,
sex_binary,transformer,,120m,23,False,False,0.2415670895502273,0.4453183359162135,0.9011210746591064,0.8224535984700037,0.8988647693248263,2,33335,7145,7155,39,0,64.2426952958107,32,240,1042,5.0,592002,3072,128,True,5,,,,,,,,,,,,,,,,,,,,,,,,,,
sex_binary,transformer,,120m,24,False,False,0.234652074325276,0.4512863012816707,0.906432752801404,0.8215772993055447,0.8984772930350677,2,33335,7145,7155,39,0,64.2426952958107,32,240,1042,5.0,592002,3072,128,True,5,,,,,,,,,,,,,,,,,,,,,,,,,,
sex_binary,transformer,,120m,25,False,False,0.2311666924457813,0.4407904032563062,0.9073963367985238,0.8246255349500713,0.900799211487514,2,33335,7145,7155,39,0,64.2426952958107,32,240,1042,5.0,592002,3072,128,True,5,,,,,,,,,,,,,,,,,,,,,,,,,,
sex_binary,transformer,,120m,26,False,False,0.2233185883617587,0.4403023694844576,0.9098506187840332,0.8220889310404289,0.9023881111755576,2,33335,7145,7155,39,0,64.2426952958107,32,240,1042,5.0,592002,3072,128,True,5,,,,,,,,,,,,,,,,,,,,,,,,,,
sex_binary,transformer,,120m,27,False,False,0.2189293383148382,0.4611281882974132,0.912882309527024,0.8205673605994577,0.8984292455048519,2,33335,7145,7155,39,0,64.2426952958107,32,240,1042,5.0,592002,3072,128,True,5,,,,,,,,,,,,,,,,,,,,,,,,,,
sex_binary,transformer,,120m,28,False,False,0.2129357645692935,0.4589616299092644,0.9156744700958552,0.8202499176999891,0.9006155648915992,2,33335,7145,7155,39,0,64.2426952958107,32,240,1042,5.0,592002,3072,128,True,5,,,,,,,,,,,,,,,,,,,,,,,,,,
sex_binary,transformer,,120m,29,True,False,0.2082128068630853,0.4508949560915531,0.9180264164529048,0.8267390776128294,0.9026972065024848,2,33335,7145,7155,39,0,64.2426952958107,32,240,1042,5.0,592002,3072,128,True,5,0.9377531123443827,0.9376482156518609,0.9377279563316845,0.9825458836235991,0.9292223572296476,0.9460740740740741,,,,0.826592022393282,0.8267390776128294,0.8265813695057989,0.8189560439560439,0.8345221112696148,,,,0.8216631726065688,0.8209484174746243,0.8210015527950311,0.8987297847232297,0.8089153046062407,0.8329815303430079,,,
sex_binary,transformer,,120m,30,False,False,0.2027195621783075,0.4598232942581844,0.9196181990009452,0.8213335345111379,0.9011616842501292,2,33335,7145,7155,39,0,64.2426952958107,32,240,1042,5.0,592002,3072,128,True,5,,,,,,,,,,,,,,,,,,,,,,,,,,
sex_binary,transformer,,120m,31,False,False,0.1991869766878119,0.4688630477793155,0.9214213761756896,0.8222364832029596,0.9012419071655876,2,33335,7145,7155,39,0,64.2426952958107,32,240,1042,5.0,592002,3072,128,True,5,,,,,,,,,,,,,,,,,,,,,,,,,,
sex_binary,transformer,,120m,32,False,False,0.195399455219905,0.4621917349713261,0.9242573601548084,0.8249316126099293,0.9015872144973428,2,33335,7145,7155,39,0,64.2426952958107,32,240,1042,5.0,592002,3072,128,True,5,,,,,,,,,,,,,,,,,,,,,,,,,,
sex_binary,transformer,,120m,33,False,False,0.1921778885543444,0.4687629658079714,0.9263257099140452,0.8254446160116631,0.9010865952877364,2,33335,7145,7155,39,0,64.2426952958107,32,240,1042,5.0,592002,3072,128,True,5,,,,,,,,,,,,,,,,,,,,,,,,,,
sex_binary,transformer,,120m,34,False,False,0.1898255205228623,0.4705515915234661,0.9284037712074164,0.8217031007508896,0.9018067595742344,2,33335,7145,7155,39,0,64.2426952958107,32,240,1042,5.0,592002,3072,128,True,5,,,,,,,,,,,,,,,,,,,,,,,,,,
sex_binary,transformer,,120m,35,False,False,0.1859096655343021,0.4695672200308387,0.9280215741865804,0.8257191453339813,0.9021880437679296,2,33335,7145,7155,39,0,64.2426952958107,32,240,1042,5.0,592002,3072,128,True,5,,,,,,,,,,,,,,,,,,,,,,,,,,
sex_binary,transformer,,120m,36,False,False,0.1828023761500791,0.4721023005401445,0.9306693218126998,0.8260260068034675,0.9017163079431268,2,33335,7145,7155,39,0,64.2426952958107,32,240,1042,5.0,592002,3072,128,True,5,,,,,,,,,,,,,,,,,,,,,,,,,,
sex_binary,transformer,,120m,37,False,False,0.1790844650287865,0.4692886104443592,0.931773583547095,0.8269556050226521,0.902198742769356,2,33335,7145,7155,39,0,64.2426952958107,32,240,1042,5.0,592002,3072,128,True,5,,,,,,,,,,,,,,,,,,,,,,,,,,
sex_binary,transformer,,120m,38,False,False,0.1801854708396961,0.4709560307779039,0.931996678817335,0.8259354767913969,0.90192315530404,2,33335,7145,7155,39,0,64.2426952958107,32,240,1042,5.0,592002,3072,128,True,5,,,,,,,,,,,,,,,,,,,,,,,,,,
sex_binary,transformer,,120m,39,False,False,0.1752599776309702,0.4711062069119399,0.933580495927276,0.8273835650797134,0.90215151823925,2,33335,7145,7155,39,0,64.2426952958107,32,240,1042,5.0,592002,3072,128,True,5,,,,,,,,,,,,,,,,,,,,,,,,,,
sex_binary,transformer,,240m,1,False,False,0.5532441325893606,0.5072449775489583,0.7162802574141578,0.7538003009828973,0.8423781567932781,2,33335,7145,7155,31,0,85.55894205967586,32,480,1042,5.0,592002,3072,128,True,5,,,,,,,,,,,,,,,,,,,,,,,,,,
sex_binary,transformer,,240m,2,False,False,0.45191689308873,0.4921400147980956,0.7900718329508123,0.7742302989449923,0.8655276606417833,2,33335,7145,7155,31,0,85.55894205967586,32,480,1042,5.0,592002,3072,128,True,5,,,,,,,,,,,,,,,,,,,,,,,,,,
sex_binary,transformer,,240m,3,False,False,0.3882675059672791,0.4251071939108003,0.8287602088114847,0.818993274913389,0.892331128215579,2,33335,7145,7155,31,0,85.55894205967586,32,480,1042,5.0,592002,3072,128,True,5,,,,,,,,,,,,,,,,,,,,,,,,,,
sex_binary,transformer,,240m,4,False,False,0.3519090169003937,0.5080101731108818,0.8497158543719905,0.7927172328384882,0.8907468921948237,2,33335,7145,7155,31,0,85.55894205967586,32,480,1042,5.0,592002,3072,128,True,5,,,,,,,,,,,,,,,,,,,,,,,,,,
sex_binary,transformer,,240m,5,False,False,0.3275494571021423,0.4476648140529221,0.8593056568111246,0.8019095562069884,0.9043138922418524,2,33335,7145,7155,31,0,85.55894205967586,32,480,1042,5.0,592002,3072,128,True,5,,,,,,,,,,,,,,,,,,,,,,,,,,
sex_binary,transformer,,240m,6,False,False,0.3028500930925386,0.4230571983451189,0.8735776877728274,0.8142365302315373,0.9045987678512644,2,33335,7145,7155,31,0,85.55894205967586,32,480,1042,5.0,592002,3072,128,True,5,,,,,,,,,,,,,,,,,,,,,,,,,,
sex_binary,transformer,,240m,7,False,False,0.2902239110849957,0.4281066611649024,0.880079033346834,0.825333510996849,0.9059576977943598,2,33335,7145,7155,31,0,85.55894205967586,32,480,1042,5.0,592002,3072,128,True,5,,,,,,,,,,,,,,,,,,,,,,,,,,
sex_binary,transformer,,240m,8,False,False,0.2739452262734372,0.4255273119146962,0.8891753386436254,0.8306922214732486,0.9079390901537836,2,33335,7145,7155,31,0,85.55894205967586,32,480,1042,5.0,592002,3072,128,True,5,,,,,,,,,,,,,,,,,,,,,,,,,,
sex_binary,transformer,,240m,9,False,False,0.2542036612508214,0.436824877000172,0.8958469915845371,0.8238858146133468,0.9006808954241193,2,33335,7145,7155,31,0,85.55894205967586,32,480,1042,5.0,592002,3072,128,True,5,,,,,,,,,,,,,,,,,,,,,,,,,,
sex_binary,transformer,,240m,10,False,False,0.2389452945440449,0.4512545557915539,0.9042643085369696,0.8325563167217946,0.908029698546817,2,33335,7145,7155,31,0,85.55894205967586,32,480,1042,5.0,592002,3072,128,True,5,,,,,,,,,,,,,,,,,,,,,,,,,,
sex_binary,transformer,,240m,11,False,False,0.231662751404138,0.4595243509454774,0.9075185905224789,0.8201597795927325,0.9050571005314232,2,33335,7145,7155,31,0,85.55894205967586,32,480,1042,5.0,592002,3072,128,True,5,,,,,,,,,,,,,,,,,,,,,,,,,,
sex_binary,transformer,,240m,12,False,False,0.2231819902226112,0.4716879371770034,0.9092508077944288,0.815129485350598,0.9037737298364974,2,33335,7145,7155,31,0,85.55894205967586,32,480,1042,5.0,592002,3072,128,True,5,,,,,,,,,,,,,,,,,,,,,,,,,,
sex_binary,transformer,,240m,13,False,False,0.2063017047486849,0.4516369593746183,0.9186244903469692,0.8219194322083052,0.9058773573074572,2,33335,7145,7155,31,0,85.55894205967586,32,480,1042,5.0,592002,3072,128,True,5,,,,,,,,,,,,,,,,,,,,,,,,,,
sex_binary,transformer,,240m,14,False,False,0.1986416914553518,0.4581240615159002,0.9213245218487016,0.8234946936088163,0.9013636328008654,2,33335,7145,7155,31,0,85.55894205967586,32,480,1042,5.0,592002,3072,128,True,5,,,,,,,,,,,,,,,,,,,,,,,,,,
sex_binary,transformer,,240m,15,False,False,0.1894641287465029,0.4913059011883799,0.9255020566131138,0.8204452822498471,0.9049589675659576,2,33335,7145,7155,31,0,85.55894205967586,32,480,1042,5.0,592002,3072,128,True,5,,,,,,,,,,,,,,,,,,,,,,,,,,
sex_binary,transformer,,240m,16,False,False,0.1853440239258894,0.5268872823433245,0.9276645245488502,0.8152403944130049,0.901580434544058,2,33335,7145,7155,31,0,85.55894205967586,32,480,1042,5.0,592002,3072,128,True,5,,,,,,,,,,,,,,,,,,,,,,,,,,
sex_binary,transformer,,240m,17,False,False,0.1763691584644323,0.4797117542869107,0.9323198685927726,0.8285716245238357,0.905354908999702,2,33335,7145,7155,31,0,85.55894205967586,32,480,1042,5.0,592002,3072,128,True,5,,,,,,,,,,,,,,,,,,,,,,,,,,
sex_binary,transformer,,240m,18,False,False,0.1673380593820519,0.4811861807755485,0.9353179424868368,0.8292801884278347,0.907592920631437,2,33335,7145,7155,31,0,85.55894205967586,32,480,1042,5.0,592002,3072,128,True,5,,,,,,,,,,,,,,,,,,,,,,,,,,
sex_binary,transformer,,240m,19,False,False,0.1579791233408427,0.486892854489068,0.9394299896494308,0.832038610462291,0.912995798780392,2,33335,7145,7155,31,0,85.55894205967586,32,480,1042,5.0,592002,3072,128,True,5,,,,,,,,,,,,,,,,,,,,,,,,,,
sex_binary,transformer,,240m,20,False,False,0.1531396605288971,0.483731452242176,0.9401886593762656,0.8308864103086642,0.90979683654434,2,33335,7145,7155,31,0,85.55894205967586,32,480,1042,5.0,592002,3072,128,True,5,,,,,,,,,,,,,,,,,,,,,,,,,,
sex_binary,transformer,,240m,21,True,False,0.1451157157954308,0.4646422143798762,0.9445683722604744,0.8335341192331207,0.9152123340283113,2,33335,7145,7155,31,0,85.55894205967586,32,480,1042,5.0,592002,3072,128,True,5,0.9667916604169792,0.9665807029386616,0.9667637500626425,0.9950729868142746,0.9496354799513973,0.9835259259259259,,,,0.8328901329601119,0.8335341192331207,0.832833939440682,0.7994505494505495,0.8676176890156919,,,,0.8336827393431167,0.8321774278914952,0.832747633957861,0.9117675747940738,0.8068350668647846,0.8575197889182058,,,
sex_binary,transformer,,240m,22,False,False,0.1417425127486802,0.4945404295761991,0.9456781152963412,0.8314627063378847,0.9114540844319732,2,33335,7145,7155,31,0,85.55894205967586,32,480,1042,5.0,592002,3072,128,True,5,,,,,,,,,,,,,,,,,,,,,,,,,,
sex_binary,transformer,,240m,23,False,False,0.1291027569575915,0.5062476446965489,0.9511777777777776,0.8309767443683278,0.9112406138797008,2,33335,7145,7155,31,0,85.55894205967586,32,480,1042,5.0,592002,3072,128,True,5,,,,,,,,,,,,,,,,,,,,,,,,,,
sex_binary,transformer,,240m,24,False,False,0.1226048850567959,0.5098025442724767,0.954207974438594,0.8309912448464516,0.9124962769042656,2,33335,7145,7155,31,0,85.55894205967586,32,480,1042,5.0,592002,3072,128,True,5,,,,,,,,,,,,,,,,,,,,,,,,,,
sex_binary,transformer,,240m,25,False,False,0.1212804660592208,0.6011734165362049,0.9549058908239954,0.817163667288489,0.904389255537615,2,33335,7145,7155,31,0,85.55894205967586,32,480,1042,5.0,592002,3072,128,True,5,,,,,,,,,,,,,,,,,,,,,,,,,,
sex_binary,transformer,,240m,26,False,False,0.1106817932715923,0.5295694478951066,0.9599165384096124,0.833902705710837,0.913727524258908,2,33335,7145,7155,31,0,85.55894205967586,32,480,1042,5.0,592002,3072,128,True,5,,,,,,,,,,,,,,,,,,,,,,,,,,
sex_binary,transformer,,240m,27,False,False,0.1042555980128435,0.5407417958890374,0.96256204491247,0.8327781348466085,0.9099029251775328,2,33335,7145,7155,31,0,85.55894205967586,32,480,1042,5.0,592002,3072,128,True,5,,,,,,,,,,,,,,,,,,,,,,,,,,
sex_binary,transformer,,240m,28,False,False,0.1007167722839312,0.5335218112605531,0.9633346564061024,0.8339928438180935,0.912250748538195,2,33335,7145,7155,31,0,85.55894205967586,32,480,1042,5.0,592002,3072,128,True,5,,,,,,,,,,,,,,,,,,,,,,,,,,
sex_binary,transformer,,240m,29,False,False,0.0946885421089867,0.5522134244702678,0.9662269114801314,0.8335017870859525,0.9114601197661112,2,33335,7145,7155,31,0,85.55894205967586,32,480,1042,5.0,592002,3072,128,True,5,,,,,,,,,,,,,,,,,,,,,,,,,,
sex_binary,transformer,,240m,30,False,False,0.0881736825573287,0.5765075061042735,0.9683582557040638,0.8310615917605932,0.9123415136931542,2,33335,7145,7155,31,0,85.55894205967586,32,480,1042,5.0,592002,3072,128,True,5,,,,,,,,,,,,,,,,,,,,,,,,,,
sex_binary,transformer,,240m,31,False,False,0.0843684282271744,0.6214931561062185,0.9709103910715088,0.8274588108040319,0.9114532614318634,2,33335,7145,7155,31,0,85.55894205967586,32,480,1042,5.0,592002,3072,128,True,5,,,,,,,,,,,,,,,,,,,,,,,,,,
sleep_efficiency_binary,lstm,,30s,1,False,False,0.6629216195177989,0.6631394067613205,0.6060811716617338,0.6046267880259226,0.6410160140985366,2,47095,10100,10105,16,0,8.797992324829101,32,1,1472,5.0,3279362,3072,128,True,5,,,,,,,,,,,,,,,,,,,,,,,,,,
sleep_efficiency_binary,lstm,,30s,2,False,False,0.6523322425168061,0.6626345731952403,0.6224164053270187,0.6112425343490517,0.6469816186700756,2,47095,10100,10105,16,0,8.797992324829101,32,1,1472,5.0,3279362,3072,128,True,5,,,,,,,,,,,,,,,,,,,,,,,,,,
sleep_efficiency_binary,lstm,,30s,3,False,False,0.6490553049540517,0.6734428418272793,0.6288540616800579,0.5994092003435914,0.6483589884219398,2,47095,10100,10105,16,0,8.797992324829101,32,1,1472,5.0,3279362,3072,128,True,5,,,,,,,,,,,,,,,,,,,,,,,,,,
sleep_efficiency_binary,lstm,,30s,4,False,False,0.6463921191535668,0.6587217262711855,0.6303609070329218,0.6172872415503552,0.6509856877270949,2,47095,10100,10105,16,0,8.797992324829101,32,1,1472,5.0,3279362,3072,128,True,5,,,,,,,,,,,,,,,,,,,,,,,,,,
sleep_efficiency_binary,lstm,,30s,5,False,False,0.6442089793193314,0.6567919556693276,0.6342284531442535,0.6177800450862809,0.6557290024156246,2,47095,10100,10105,16,0,8.797992324829101,32,1,1472,5.0,3279362,3072,128,True,5,,,,,,,,,,,,,,,,,,,,,,,,,,
sleep_efficiency_binary,lstm,,30s,6,True,False,0.6401260559909953,0.6610977131305354,0.6367767751710256,0.6117911916408906,0.6578239013747686,2,47095,10100,10105,16,0,8.797992324829101,32,1,1472,5.0,3279362,3072,128,True,5,0.6597303323070389,0.6470297858218472,0.6450360994204167,0.7002714459544279,0.5914671070740435,0.7025924645696509,,,,0.6262376237623762,0.6117911916408906,0.6124504763243097,0.5249406175771971,0.698641765704584,,,,0.6275111331024246,0.6091049821697276,0.6088528264284507,0.6508444540638592,0.5266242038216561,0.6915857605177993,,,
sleep_efficiency_binary,lstm,,30s,7,False,False,0.6381945211665369,0.6625354951915174,0.6419245739571462,0.6152771112518097,0.6489681976376079,2,47095,10100,10105,16,0,8.797992324829101,32,1,1472,5.0,3279362,3072,128,True,5,,,,,,,,,,,,,,,,,,,,,,,,,,
sleep_efficiency_binary,lstm,,30s,8,False,False,0.6359978884138971,0.6576388601737447,0.6430063826149455,0.6216325427775247,0.655584548875061,2,47095,10100,10105,16,0,8.797992324829101,32,1,1472,5.0,3279362,3072,128,True,5,,,,,,,,,,,,,,,,,,,,,,,,,,
sleep_efficiency_binary,lstm,,30s,9,False,False,0.632953240931167,0.6616856060877885,0.6465782750184605,0.6127088466703499,0.6480902653154225,2,47095,10100,10105,16,0,8.797992324829101,32,1,1472,5.0,3279362,3072,128,True,5,,,,,,,,,,,,,,,,,,,,,,,,,,
sleep_efficiency_binary,lstm,,30s,10,False,False,0.6311722783908709,0.6655345028697854,0.6464118187650574,0.6078560223253713,0.6511297178276316,2,47095,10100,10105,16,0,8.797992324829101,32,1,1472,5.0,3279362,3072,128,True,5,,,,,,,,,,,,,,,,,,,,,,,,,,
sleep_efficiency_binary,lstm,,30s,11,False,False,0.6287332655973705,0.6622181082007909,0.6483007475831494,0.6181496477382253,0.6546248321362751,2,47095,10100,10105,16,0,8.797992324829101,32,1,1472,5.0,3279362,3072,128,True,5,,,,,,,,,,,,,,,,,,,,,,,,,,
sleep_efficiency_binary,lstm,,30s,12,False,False,0.6260530772223343,0.6641931679933378,0.6535804935154371,0.610408559134408,0.6520047263972513,2,47095,10100,10105,16,0,8.797992324829101,32,1,1472,5.0,3279362,3072,128,True,5,,,,,,,,,,,,,,,,,,,,,,,,,,
sleep_efficiency_binary,lstm,,30s,13,False,False,0.6222647644301764,0.6677296823794299,0.6568841863134045,0.606693175356597,0.6529172799825784,2,47095,10100,10105,16,0,8.797992324829101,32,1,1472,5.0,3279362,3072,128,True,5,,,,,,,,,,,,,,,,,,,,,,,,,,
sleep_efficiency_binary,lstm,,30s,14,False,False,0.618367506982111,0.665620015139627,0.6613874107313523,0.6099744322879069,0.645110013751719,2,47095,10100,10105,16,0,8.797992324829101,32,1,1472,5.0,3279362,3072,128,True,5,,,,,,,,,,,,,,,,,,,,,,,,,,
sleep_efficiency_binary,lstm,,30s,15,False,False,0.6153949265786829,0.6672161747441433,0.6622944474589565,0.612896975025104,0.649501490105618,2,47095,10100,10105,16,0,8.797992324829101,32,1,1472,5.0,3279362,3072,128,True,5,,,,,,,,,,,,,,,,,,,,,,,,,,
sleep_efficiency_binary,lstm,,30s,16,False,False,0.6116671060500777,0.6671862395447079,0.6663694335511299,0.6164812940327218,0.6499017619137877,2,47095,10100,10105,16,0,8.797992324829101,32,1,1472,5.0,3279362,3072,128,True,5,,,,,,,,,,,,,,,,,,,,,,,,,,
sleep_efficiency_binary,lstm,,10m,1,False,False,0.6599425008980657,0.6560052401476567,0.6134437853112988,0.6209965761849263,0.6574826893684291,2,47095,10100,10105,25,0,16.87525949875514,32,20,1472,5.0,3279362,3072,128,True,5,,,,,,,,,,,,,,,,,,,,,,,,,,
sleep_efficiency_binary,lstm,,10m,2,False,False,0.6490695437867116,0.6518255489887578,0.6279828803620535,0.6252765466651073,0.6685763139747307,2,47095,10100,10105,25,0,16.87525949875514,32,20,1472,5.0,3279362,3072,128,True,5,,,,,,,,,,,,,,,,,,,,,,,,,,
sleep_efficiency_binary,lstm,,10m,3,False,False,0.6423141962062631,0.6492768408992503,0.635700803661638,0.6257959664312878,0.6700454895571624,2,47095,10100,10105,25,0,16.87525949875514,32,20,1472,5.0,3279362,3072,128,True,5,,,,,,,,,,,,,,,,,,,,,,,,,,
sleep_efficiency_binary,lstm,,10m,4,False,False,0.6376929361788074,0.6521973605911331,0.6399351767304909,0.6266751085821212,0.676296452379128,2,47095,10100,10105,25,0,16.87525949875514,32,20,1472,5.0,3279362,3072,128,True,5,,,,,,,,,,,,,,,,,,,,,,,,,,
sleep_efficiency_binary,lstm,,10m,5,False,False,0.6351463368027842,0.6463592335729316,0.6426576617591805,0.6305469635317318,0.6754647758389154,2,47095,10100,10105,25,0,16.87525949875514,32,20,1472,5.0,3279362,3072,128,True,5,,,,,,,,,,,,,,,,,,,,,,,,,,
sleep_efficiency_binary,lstm,,10m,6,False,False,0.6303736736268447,0.6526194745243186,0.6490812081022854,0.626565820727591,0.6729351652827571,2,47095,10100,10105,25,0,16.87525949875514,32,20,1472,5.0,3279362,3072,128,True,5,,,,,,,,,,,,,,,,,,,,,,,,,,
sleep_efficiency_binary,lstm,,10m,7,False,False,0.6300818454613034,0.6450236722030261,0.6482599493885457,0.6367920990123765,0.6777756695393377,2,47095,10100,10105,25,0,16.87525949875514,32,20,1472,5.0,3279362,3072,128,True,5,,,,,,,,,,,,,,,,,,,,,,,,,,
sleep_efficiency_binary,lstm,,10m,8,False,False,0.6265538281095371,0.6477401306605575,0.6521416197815679,0.6281039162153333,0.6755730555029056,2,47095,10100,10105,25,0,16.87525949875514,32,20,1472,5.0,3279362,3072,128,True,5,,,,,,,,,,,,,,,,,,,,,,,,,,
sleep_efficiency_binary,lstm,,10m,9,False,False,0.6253634962917627,0.6469236208660768,0.6515181961565399,0.6380396339865064,0.6771076626513799,2,47095,10100,10105,25,0,16.87525949875514,32,20,1472,5.0,3279362,3072,128,True,5,,,,,,,,,,,,,,,,,,,,,,,,,,
sleep_efficiency_binary,lstm,,10m,10,False,False,0.6220707553766224,0.6451749522379129,0.6576531437967953,0.6385128786259573,0.678150877730684,2,47095,10100,10105,25,0,16.87525949875514,32,20,1472,5.0,3279362,3072,128,True,5,,,,,,,,,,,,,,,,,,,,,,,,,,
sleep_efficiency_binary,lstm,,10m,11,False,False,0.6190049906156159,0.6481799861700228,0.6603006307450361,0.6330228778597324,0.6779003222176965,2,47095,10100,10105,25,0,16.87525949875514,32,20,1472,5.0,3279362,3072,128,True,5,,,,,,,,,,,,,,,,,,,,,,,,,,
sleep_efficiency_binary,lstm,,10m,12,False,False,0.6169378841938341,0.6439121059379955,0.6633233031428596,0.6415797942484747,0.6824306667365678,2,47095,10100,10105,25,0,16.87525949875514,32,20,1472,5.0,3279362,3072,128,True,5,,,,,,,,,,,,,,,,,,,,,,,,,,
sleep_efficiency_binary,lstm,,10m,13,False,False,0.6145973781046435,0.6428861710812785,0.6656564927120324,0.6376234529316165,0.6811814783299526,2,47095,10100,10105,25,0,16.87525949875514,32,20,1472,5.0,3279362,3072,128,True,5,,,,,,,,,,,,,,,,,,,,,,,,,,
sleep_efficiency_binary,lstm,,10m,14,False,False,0.6136558210537152,0.6430125157195743,0.6657993054221543,0.6380005161935565,0.6836407171864226,2,47095,10100,10105,25,0,16.87525949875514,32,20,1472,5.0,3279362,3072,128,True,5,,,,,,,,,,,,,,,,,,,,,,,,,,
sleep_efficiency_binary,lstm,,10m,15,True,False,0.6113431818268332,0.6477847774666134,0.6679986497015442,0.6313950534139348,0.6843088652210558,2,47095,10100,10105,25,0,16.87525949875514,32,20,1472,5.0,3279362,3072,128,True,5,0.6954029090136957,0.6793736725482478,0.6790969612446991,0.7474139025366525,0.6092485549132948,0.7494987901832009,,,,0.6463366336633664,0.6313950534139348,0.6323791350571063,0.5415676959619953,0.7212224108658744,,,,0.647105393369619,0.62619349452724,0.6267646898461321,0.6762965802980645,0.532484076433121,0.7199029126213592,,,
sleep_efficiency_binary,lstm,,10m,16,False,False,0.6112665263669154,0.6432742006943958,0.6659144356819031,0.636481374687965,0.6827950066338937,2,47095,10100,10105,25,0,16.87525949875514,32,20,1472,5.0,3279362,3072,128,True,5,,,,,,,,,,,,,,,,,,,,,,,,,,
sleep_efficiency_binary,lstm,,10m,17,False,False,0.6078961786564172,0.6428183223941538,0.6730466603661619,0.6399844335380632,0.6836336598526429,2,47095,10100,10105,25,0,16.87525949875514,32,20,1472,5.0,3279362,3072,128,True,5,,,,,,,,,,,,,,,,,,,,,,,,,,
sleep_efficiency_binary,lstm,,10m,18,False,False,0.606025022756194,0.6444466414073906,0.6732080311169961,0.6316317765527142,0.678129423435994,2,47095,10100,10105,25,0,16.87525949875514,32,20,1472,5.0,3279362,3072,128,True,5,,,,,,,,,,,,,,,,,,,,,,,,,,
sleep_efficiency_binary,lstm,,10m,19,False,False,0.6021268431428309,0.6455268035548748,0.6757723042102919,0.6386342647669668,0.6819861756913163,2,47095,10100,10105,25,0,16.87525949875514,32,20,1472,5.0,3279362,3072,128,True,5,,,,,,,,,,,,,,,,,,,,,,,,,,
sleep_efficiency_binary,lstm,,10m,20,False,False,0.6010462301414551,0.6472388351081622,0.6785344266640558,0.6314890167722578,0.6831192810391622,2,47095,10100,10105,25,0,16.87525949875514,32,20,1472,5.0,3279362,3072,128,True,5,,,,,,,,,,,,,,,,,,,,,,,,,,
sleep_efficiency_binary,lstm,,10m,21,False,False,0.5975403860352173,0.6455712259169852,0.6799017608398035,0.6341945969052583,0.6828331364001146,2,47095,10100,10105,25,0,16.87525949875514,32,20,1472,5.0,3279362,3072,128,True,5,,,,,,,,,,,,,,,,,,,,,,,,,,
sleep_efficiency_binary,lstm,,10m,22,False,False,0.5936113401878815,0.6502615502801272,0.6817203536845726,0.6353380866156657,0.684078493682678,2,47095,10100,10105,25,0,16.87525949875514,32,20,1472,5.0,3279362,3072,128,True,5,,,,,,,,,,,,,,,,,,,,,,,,,,
sleep_efficiency_binary,lstm,,10m,23,False,False,0.5929494903818895,0.6440810878442066,0.6841233273858167,0.6371288346527186,0.6809998628860865,2,47095,10100,10105,25,0,16.87525949875514,32,20,1472,5.0,3279362,3072,128,True,5,,,,,,,,,,,,,,,,,,,,,,,,,,
sleep_efficiency_binary,lstm,,10m,24,False,False,0.5902456568955287,0.6615260022937661,0.6858971402159164,0.6181054889925757,0.6801564711717997,2,47095,10100,10105,25,0,16.87525949875514,32,20,1472,5.0,3279362,3072,128,True,5,,,,,,,,,,,,,,,,,,,,,,,,,,
sleep_efficiency_binary,lstm,,10m,25,False,False,0.5883961798640013,0.6469753725693957,0.6873175415396123,0.6370425335424992,0.6820927212675777,2,47095,10100,10105,25,0,16.87525949875514,32,20,1472,5.0,3279362,3072,128,True,5,,,,,,,,,,,,,,,,,,,,,,,,,,
sleep_efficiency_binary,lstm,,40m,1,False,False,0.6537323219303569,0.6549760440788647,0.6184290668488124,0.626791050494215,0.6710512402760023,2,47095,10100,10105,27,0,33.552953747908276,32,80,1472,5.0,3279362,3072,128,True,5,,,,,,,,,,,,,,,,,,,,,,,,,,
sleep_efficiency_binary,lstm,,40m,2,False,False,0.6368839869201531,0.6434642735566243,0.6428906148834059,0.6377833519512519,0.681334259524376,2,47095,10100,10105,27,0,33.552953747908276,32,80,1472,5.0,3279362,3072,128,True,5,,,,,,,,,,,,,,,,,,,,,,,,,,
sleep_efficiency_binary,lstm,,40m,3,False,False,0.6336077390867303,0.6423517016845174,0.6483527395921075,0.638932285890575,0.6819464126564208,2,47095,10100,10105,27,0,33.552953747908276,32,80,1472,5.0,3279362,3072,128,True,5,,,,,,,,,,,,,,,,,,,,,,,,,,
sleep_efficiency_binary,lstm,,40m,4,False,False,0.6273541544688357,0.6391538569242647,0.6552160701120019,0.6420675568317007,0.6859975843754662,2,47095,10100,10105,27,0,33.552953747908276,32,80,1472,5.0,3279362,3072,128,True,5,,,,,,,,,,,,,,,,,,,,,,,,,,
sleep_efficiency_binary,lstm,,40m,5,False,False,0.6238630100045314,0.643620321963093,0.6588321193301523,0.6377988780855671,0.6901863337755929,2,47095,10100,10105,27,0,33.552953747908276,32,80,1472,5.0,3279362,3072,128,True,5,,,,,,,,,,,,,,,,,,,,,,,,,,
sleep_efficiency_binary,lstm,,40m,6,False,False,0.6199907752596556,0.6388558972472012,0.6607537447424039,0.6391000487964221,0.6884454508426456,2,47095,10100,10105,27,0,33.552953747908276,32,80,1472,5.0,3279362,3072,128,True,5,,,,,,,,,,,,,,,,,,,,,,,,,,
sleep_efficiency_binary,lstm,,40m,7,False,False,0.6168881476653181,0.6380233805486472,0.6630172072665315,0.6423859434042158,0.6934092769660722,2,47095,10100,10105,27,0,33.552953747908276,32,80,1472,5.0,3279362,3072,128,True,5,,,,,,,,,,,,,,,,,,,,,,,,,,
sleep_efficiency_binary,lstm,,40m,8,False,False,0.6146983189002662,0.6344692406323876,0.6648287736498466,0.6445210893297146,0.6953906738342293,2,47095,10100,10105,27,0,33.552953747908276,32,80,1472,5.0,3279362,3072,128,True,5,,,,,,,,,,,,,,,,,,,,,,,,,,
sleep_efficiency_binary,lstm,,40m,9,False,False,0.6124720761066967,0.6425221973598594,0.6682630530198608,0.6384166972484464,0.696819118518847,2,47095,10100,10105,27,0,33.552953747908276,32,80,1472,5.0,3279362,3072,128,True,5,,,,,,,,,,,,,,,,,,,,,,,,,,
sleep_efficiency_binary,lstm,,40m,10,False,False,0.6105165985590182,0.6351224254381539,0.6703178291630785,0.6453054615697931,0.6956398582080824,2,47095,10100,10105,27,0,33.552953747908276,32,80,1472,5.0,3279362,3072,128,True,5,,,,,,,,,,,,,,,,,,,,,,,,,,
sleep_efficiency_binary,lstm,,40m,11,False,False,0.606688635224483,0.632733425173429,0.6707351876531419,0.6398832112078525,0.6954702200678311,2,47095,10100,10105,27,0,33.552953747908276,32,80,1472,5.0,3279362,3072,128,True,5,,,,,,,,,,,,,,,,,,,,,,,,,,
sleep_efficiency_binary,lstm,,40m,12,False,False,0.6042536391689464,0.6476662760677904,0.675977817504005,0.6369437308695844,0.697674245571019,2,47095,10100,10105,27,0,33.552953747908276,32,80,1472,5.0,3279362,3072,128,True,5,,,,,,,,,,,,,,,,,,,,,,,,,,
sleep_efficiency_binary,lstm,,40m,13,False,False,0.6033796761291322,0.6369038978425583,0.6764284244294794,0.6478539656166699,0.7026736204928843,2,47095,10100,10105,27,0,33.552953747908276,32,80,1472,5.0,3279362,3072,128,True,5,,,,,,,,,,,,,,,,,,,,,,,,,,
sleep_efficiency_binary,lstm,,40m,14,False,False,0.5991288560035946,0.6358541892542697,0.6797788382010013,0.6465356556666357,0.7027472385661111,2,47095,10100,10105,27,0,33.552953747908276,32,80,1472,5.0,3279362,3072,128,True,5,,,,,,,,,,,,,,,,,,,,,,,,,,
sleep_efficiency_binary,lstm,,40m,15,False,False,0.5956832039557466,0.6393247302924052,0.6821849992611987,0.6417013820275921,0.6990433279966447,2,47095,10100,10105,27,0,33.552953747908276,32,80,1472,5.0,3279362,3072,128,True,5,,,,,,,,,,,,,,,,,,,,,,,,,,
sleep_efficiency_binary,lstm,,40m,16,False,False,0.5940213549730694,0.6357664705739163,0.6840413742026965,0.6478858244377321,0.7026230294915896,2,47095,10100,10105,27,0,33.552953747908276,32,80,1472,5.0,3279362,3072,128,True,5,,,,,,,,,,,,,,,,,,,,,,,,,,
sleep_efficiency_binary,lstm,,40m,17,True,False,0.5913950199103303,0.6299976084491994,0.6869513948691512,0.650151026942884,0.7052797325472135,2,47095,10100,10105,27,0,33.552953747908276,32,80,1472,5.0,3279362,3072,128,True,5,0.7074636373288035,0.7022290009894132,0.6972796363257786,0.7735753566345447,0.679328378750344,0.7251296232284825,,,,0.6576237623762377,0.650151026942884,0.6494093488404383,0.6052256532066508,0.6950764006791171,,,,0.6490846115784266,0.6393857316595551,0.6364889022601595,0.6903280563972545,0.5959235668789808,0.6828478964401294,,,
sleep_efficiency_binary,lstm,,40m,18,False,False,0.5907030637508012,0.6407240835038742,0.6859572766405884,0.6466364747206303,0.7030856276389388,2,47095,10100,10105,27,0,33.552953747908276,32,80,1472,5.0,3279362,3072,128,True,5,,,,,,,,,,,,,,,,,,,,,,,,,,
sleep_efficiency_binary,lstm,,40m,19,False,False,0.5882250021199839,0.6327130210989773,0.6899971018819785,0.6465290016090721,0.7026769071940444,2,47095,10100,10105,27,0,33.552953747908276,32,80,1472,5.0,3279362,3072,128,True,5,,,,,,,,,,,,,,,,,,,,,,,,,,
sleep_efficiency_binary,lstm,,40m,20,False,False,0.5862552300983078,0.6480940714448985,0.6903555560756818,0.6420992140146551,0.7031829180260436,2,47095,10100,10105,27,0,33.552953747908276,32,80,1472,5.0,3279362,3072,128,True,5,,,,,,,,,,,,,,,,,,,,,,,,,,
sleep_efficiency_binary,lstm,,40m,21,False,False,0.5820995414367159,0.6361942603800557,0.6929826296548642,0.652245038694353,0.7044317434840646,2,47095,10100,10105,27,0,33.552953747908276,32,80,1472,5.0,3279362,3072,128,True,5,,,,,,,,,,,,,,,,,,,,,,,,,,
sleep_efficiency_binary,lstm,,40m,22,False,False,0.5790248217609534,0.637069639215375,0.6967062022865447,0.6467842754537866,0.7001103968641241,2,47095,10100,10105,27,0,33.552953747908276,32,80,1472,5.0,3279362,3072,128,True,5,,,,,,,,,,,,,,,,,,,,,,,,,,
sleep_efficiency_binary,lstm,,40m,23,False,False,0.5795187504115106,0.6303278714831513,0.6942507275503604,0.6521833374333081,0.7037175614693771,2,47095,10100,10105,27,0,33.552953747908276,32,80,1472,5.0,3279362,3072,128,True,5,,,,,,,,,,,,,,,,,,,,,,,,,,
sleep_efficiency_binary,lstm,,40m,24,False,False,0.575245228520193,0.6303770608713131,0.7000015651359637,0.648320354560449,0.702823558589985,2,47095,10100,10105,27,0,33.552953747908276,32,80,1472,5.0,3279362,3072,128,True,5,,,,,,,,,,,,,,,,,,,,,,,,,,
sleep_efficiency_binary,lstm,,40m,25,False,False,0.5724717718272316,0.6408197648454421,0.7014047261777981,0.6495186898362295,0.7035018288576396,2,47095,10100,10105,27,0,33.552953747908276,32,80,1472,5.0,3279362,3072,128,True,5,,,,,,,,,,,,,,,,,,,,,,,,,,
sleep_efficiency_binary,lstm,,40m,26,False,False,0.5677856791562393,0.6410052730541418,0.7055200014385931,0.6460896321717634,0.7022516927519166,2,47095,10100,10105,27,0,33.552953747908276,32,80,1472,5.0,3279362,3072,128,True,5,,,,,,,,,,,,,,,,,,,,,,,,,,
sleep_efficiency_binary,lstm,,40m,27,False,False,0.5667778116475373,0.6386653024371308,0.7035945369238409,0.6529886800366175,0.7039410974758942,2,47095,10100,10105,27,0,33.552953747908276,32,80,1472,5.0,3279362,3072,128,True,5,,,,,,,,,,,,,,,,,,,,,,,,,,
sleep_efficiency_binary,lstm,,80m,1,False,False,0.6483946269327243,0.6443332378935106,0.625750782401478,0.6401118688223124,0.6881376099431784,2,47095,10100,10105,36,0,63.56187334060669,32,160,1472,5.0,3279362,3072,128,True,5,,,,,,,,,,,,,,,,,,,,,,,,,,
sleep_efficiency_binary,lstm,,80m,2,False,False,0.6240046424842435,0.631764124242386,0.6572223413121016,0.6554978646524363,0.7041577576229286,2,47095,10100,10105,36,0,63.56187334060669,32,160,1472,5.0,3279362,3072,128,True,5,,,,,,,,,,,,,,,,,,,,,,,,,,
sleep_efficiency_binary,lstm,,80m,3,False,False,0.6153431109276429,0.6346286530305844,0.6671051140555966,0.6551540716783146,0.7085598401413079,2,47095,10100,10105,36,0,63.56187334060669,32,160,1472,5.0,3279362,3072,128,True,5,,,,,,,,,,,,,,,,,,,,,,,,,,
sleep_efficiency_binary,lstm,,80m,4,False,False,0.6093363108282093,0.6246907620854897,0.6734122266518583,0.6621753122366103,0.7132294762651783,2,47095,10100,10105,36,0,63.56187334060669,32,160,1472,5.0,3279362,3072,128,True,5,,,,,,,,,,,,,,,,,,,,,,,,,,
sleep_efficiency_binary,lstm,,80m,5,False,False,0.6046077201252266,0.6409611250150322,0.6764694367004308,0.6544172860317217,0.711501538498764,2,47095,10100,10105,36,0,63.56187334060669,32,160,1472,5.0,3279362,3072,128,True,5,,,,,,,,,,,,,,,,,,,,,,,,,,
sleep_efficiency_binary,lstm,,80m,6,False,False,0.5981888892088919,0.6187775160062431,0.6841259629035185,0.6657279740612738,0.7218839854981873,2,47095,10100,10105,36,0,63.56187334060669,32,160,1472,5.0,3279362,3072,128,True,5,,,,,,,,,,,,,,,,,,,,,,,,,,
sleep_efficiency_binary,lstm,,80m,7,False,False,0.5911155836257425,0.623151494819339,0.6897596579117052,0.6631357145449632,0.7226392815230936,2,47095,10100,10105,36,0,63.56187334060669,32,160,1472,5.0,3279362,3072,128,True,5,,,,,,,,,,,,,,,,,,,,,,,,,,
sleep_efficiency_binary,lstm,,80m,8,False,False,0.5890371832767608,0.6171137355813886,0.6905438005440203,0.6637301436873158,0.724445132254435,2,47095,10100,10105,36,0,63.56187334060669,32,160,1472,5.0,3279362,3072,128,True,5,,,,,,,,,,,,,,,,,,,,,,,,,,
sleep_efficiency_binary,lstm,,80m,9,False,False,0.5844571688560205,0.6226033299984318,0.6928802488309291,0.6639390407671927,0.7241232573426516,2,47095,10100,10105,36,0,63.56187334060669,32,160,1472,5.0,3279362,3072,128,True,5,,,,,,,,,,,,,,,,,,,,,,,,,,
sleep_efficiency_binary,lstm,,80m,10,False,False,0.5796554810644677,0.6167964675638935,0.7000720010115821,0.6693945614169513,0.7273055502905605,2,47095,10100,10105,36,0,63.56187334060669,32,160,1472,5.0,3279362,3072,128,True,5,,,,,,,,,,,,,,,,,,,,,,,,,,
sleep_efficiency_binary,lstm,,80m,11,False,False,0.5756709729268402,0.6173984642784194,0.7010033758412844,0.6695732127806299,0.7265885655061722,2,47095,10100,10105,36,0,63.56187334060669,32,160,1472,5.0,3279362,3072,128,True,5,,,,,,,,,,,,,,,,,,,,,,,,,,
sleep_efficiency_binary,lstm,,80m,12,False,False,0.5739189791152882,0.6267801716776178,0.7016121518868832,0.6619268940875673,0.7250790018107102,2,47095,10100,10105,36,0,63.56187334060669,32,160,1472,5.0,3279362,3072,128,True,5,,,,,,,,,,,,,,,,,,,,,,,,,,
sleep_efficiency_binary,lstm,,80m,13,False,False,0.5693654662206783,0.6194176629510256,0.706450186955253,0.6623225080554425,0.7243562703402442,2,47095,10100,10105,36,0,63.56187334060669,32,160,1472,5.0,3279362,3072,128,True,5,,,,,,,,,,,,,,,,,,,,,,,,,,
sleep_efficiency_binary,lstm,,80m,14,False,False,0.5665557022015751,0.6197338760489285,0.7084844640988732,0.6651295121567615,0.727279417991765,2,47095,10100,10105,36,0,63.56187334060669,32,160,1472,5.0,3279362,3072,128,True,5,,,,,,,,,,,,,,,,,,,,,,,,,,
sleep_efficiency_binary,lstm,,80m,15,False,False,0.5615990989893431,0.6236701079642418,0.7126132832565941,0.6666922074936786,0.725677302404736,2,47095,10100,10105,36,0,63.56187334060669,32,160,1472,5.0,3279362,3072,128,True,5,,,,,,,,,,,,,,,,,,,,,,,,,,
sleep_efficiency_binary,lstm,,80m,16,False,False,0.5621177205944253,0.6149268022858271,0.7112747637572359,0.6697827147748308,0.7269994636426328,2,47095,10100,10105,36,0,63.56187334060669,32,160,1472,5.0,3279362,3072,128,True,5,,,,,,,,,,,,,,,,,,,,,,,,,,
sleep_efficiency_binary,lstm,,80m,17,False,False,0.5588019867809807,0.6130934998068479,0.7145330247969867,0.6688953054615698,0.7312940327218321,2,47095,10100,10105,36,0,63.56187334060669,32,160,1472,5.0,3279362,3072,128,True,5,,,,,,,,,,,,,,,,,,,,,,,,,,
sleep_efficiency_binary,lstm,,80m,18,False,False,0.5567330247075811,0.6349407259308466,0.7156442713312094,0.6635119712544713,0.7286710838854856,2,47095,10100,10105,36,0,63.56187334060669,32,160,1472,5.0,3279362,3072,128,True,5,,,,,,,,,,,,,,,,,,,,,,,,,,
sleep_efficiency_binary,lstm,,80m,19,False,False,0.55296987379568,0.6151163650267195,0.7196591067269544,0.6662762280768967,0.72568371449657,2,47095,10100,10105,36,0,63.56187334060669,32,160,1472,5.0,3279362,3072,128,True,5,,,,,,,,,,,,,,,,,,,,,,,,,,
sleep_efficiency_binary,lstm,,80m,20,False,False,0.5488055069123323,0.6148810687395606,0.7209937300367859,0.6685948646806658,0.7270518290592776,2,47095,10100,10105,36,0,63.56187334060669,32,160,1472,5.0,3279362,3072,128,True,5,,,,,,,,,,,,,,,,,,,,,,,,,,
sleep_efficiency_binary,lstm,,80m,21,False,False,0.5453088808203974,0.6187725581272994,0.7260980951106009,0.6615336997769883,0.7247014949449326,2,47095,10100,10105,36,0,63.56187334060669,32,160,1472,5.0,3279362,3072,128,True,5,,,,,,,,,,,,,,,,,,,,,,,,,,
sleep_efficiency_binary,lstm,,80m,22,False,False,0.5432861856068126,0.6246886530489024,0.726587135876351,0.6612326540817602,0.7290413519431864,2,47095,10100,10105,36,0,63.56187334060669,32,160,1472,5.0,3279362,3072,128,True,5,,,,,,,,,,,,,,,,,,,,,,,,,,
sleep_efficiency_binary,lstm,,80m,23,False,False,0.5383874628267694,0.6353594967398313,0.7314021077862041,0.6675810282736955,0.7303137488960313,2,47095,10100,10105,36,0,63.56187334060669,32,160,1472,5.0,3279362,3072,128,True,5,,,,,,,,,,,,,,,,,,,,,,,,,,
sleep_efficiency_binary,lstm,,80m,24,False,False,0.5371161576459736,0.6230537762028155,0.7291873071945161,0.6663853142933189,0.7291148490335485,2,47095,10100,10105,36,0,63.56187334060669,32,160,1472,5.0,3279362,3072,128,True,5,,,,,,,,,,,,,,,,,,,,,,,,,,
sleep_efficiency_binary,lstm,,80m,25,False,False,0.5310767823665913,0.6190665726142355,0.7349483871440398,0.6688382418770089,0.7293979086095439,2,47095,10100,10105,36,0,63.56187334060669,32,160,1472,5.0,3279362,3072,128,True,5,,,,,,,,,,,,,,,,,,,,,,,,,,
sleep_efficiency_binary,lstm,,80m,26,True,False,0.5295575482182878,0.6302720836601635,0.7363355400323246,0.6653543386471696,0.7315584407728386,2,47095,10100,10105,36,0,63.56187334060669,32,160,1472,5.0,3279362,3072,128,True,5,0.7605265951799554,0.7522101479990664,0.749662256851129,0.837566725456789,0.7158271401045968,0.7885931558935361,,,,0.6793069306930694,0.6653543386471696,0.6666906948150906,0.5814726840855107,0.7492359932088285,,,,0.675507174666007,0.6587565188712303,0.6586749617094383,0.7204156823944097,0.5836942675159236,0.7338187702265372,,,
sleep_efficiency_binary,lstm,,80m,27,False,False,0.5259558217833535,0.6273034920078693,0.739600147246469,0.6681153692598671,0.7301429412547535,2,47095,10100,10105,36,0,63.56187334060669,32,160,1472,5.0,3279362,3072,128,True,5,,,,,,,,,,,,,,,,,,,,,,,,,,
sleep_efficiency_binary,lstm,,80m,28,False,False,0.5230926228855456,0.6307160638582588,0.7404220862472692,0.6646282398203001,0.7298668381934839,2,47095,10100,10105,36,0,63.56187334060669,32,160,1472,5.0,3279362,3072,128,True,5,,,,,,,,,,,,,,,,,,,,,,,,,,
sleep_efficiency_binary,lstm,,80m,29,False,False,0.5207196390835112,0.6246145659154004,0.7437987219927482,0.6662262218261154,0.728012291859063,2,47095,10100,10105,36,0,63.56187334060669,32,160,1472,5.0,3279362,3072,128,True,5,,,,,,,,,,,,,,,,,,,,,,,,,,
sleep_efficiency_binary,lstm,,80m,30,False,False,0.5179225685047437,0.6210096064652547,0.745577591781904,0.6670061580278179,0.7288468114965984,2,47095,10100,10105,36,0,63.56187334060669,32,160,1472,5.0,3279362,3072,128,True,5,,,,,,,,,,,,,,,,,,,,,,,,,,
sleep_efficiency_binary,lstm,,80m,31,False,False,0.5169487038189242,0.6350810511277454,0.7453874777134629,0.6637303453254237,0.7301789134932188,2,47095,10100,10105,36,0,63.56187334060669,32,160,1472,5.0,3279362,3072,128,True,5,,,,,,,,,,,,,,,,,,,,,,,,,,
sleep_efficiency_binary,lstm,,80m,32,False,False,0.5132901538467569,0.6203579168980664,0.74987409932134,0.6683575366275623,0.7295308284503305,2,47095,10100,10105,36,0,63.56187334060669,32,160,1472,5.0,3279362,3072,128,True,5,,,,,,,,,,,,,,,,,,,,,,,,,,
sleep_efficiency_binary,lstm,,80m,33,False,False,0.5110427963865298,0.6289523796988006,0.7502639751656214,0.6688459041251125,0.7292047997935227,2,47095,10100,10105,36,0,63.56187334060669,32,160,1472,5.0,3279362,3072,128,True,5,,,,,,,,,,,,,,,,,,,,,,,,,,
sleep_efficiency_binary,lstm,,80m,34,False,False,0.5091651897766317,0.6217748066458372,0.7499599201504737,0.667081772318314,0.7286363013118575,2,47095,10100,10105,36,0,63.56187334060669,32,160,1472,5.0,3279362,3072,128,True,5,,,,,,,,,,,,,,,,,,,,,,,,,,
sleep_efficiency_binary,lstm,,80m,35,False,False,0.5065065374102533,0.6277849006180716,0.752422421348112,0.6672102157931032,0.7298503240324395,2,47095,10100,10105,36,0,63.56187334060669,32,160,1472,5.0,3279362,3072,128,True,5,,,,,,,,,,,,,,,,,,,,,,,,,,
sleep_efficiency_binary,lstm,,80m,36,False,False,0.5045185862193506,0.6327185054344706,0.7540553766987315,0.6657596312442281,0.7294179917650997,2,47095,10100,10105,36,0,63.56187334060669,32,160,1472,5.0,3279362,3072,128,True,5,,,,,,,,,,,,,,,,,,,,,,,,,,
sleep_efficiency_binary,lstm,,120m,1,False,False,0.6478931467995571,0.6452559640147898,0.626529102157138,0.6429805741846764,0.7066620021051019,2,47095,10100,10105,28,0,64.7548640648524,32,240,1472,5.0,3279362,3072,128,True,5,,,,,,,,,,,,,,,,,,,,,,,,,,
sleep_efficiency_binary,lstm,,120m,2,False,False,0.6142438567473207,0.6197810793159032,0.6719879291386357,0.6673608394597712,0.717877516947683,2,47095,10100,10105,28,0,64.7548640648524,32,240,1472,5.0,3279362,3072,128,True,5,,,,,,,,,,,,,,,,,,,,,,,,,,
sleep_efficiency_binary,lstm,,120m,3,False,False,0.6002088941071289,0.612158220593292,0.6826133374892688,0.6701450584548876,0.7295403256052168,2,47095,10100,10105,28,0,64.7548640648524,32,240,1472,5.0,3279362,3072,128,True,5,,,,,,,,,,,,,,,,,,,,,,,,,,
sleep_efficiency_binary,lstm,,120m,4,False,False,0.5913887131795064,0.617221126957695,0.6903927435158891,0.6646911509099929,0.7287243163459948,2,47095,10100,10105,28,0,64.7548640648524,32,240,1472,5.0,3279362,3072,128,True,5,,,,,,,,,,,,,,,,,,,,,,,,,,
sleep_efficiency_binary,lstm,,120m,5,False,False,0.5855833952550182,0.6031151286210163,0.6943774892916632,0.6709820582411512,0.7375991757034145,2,47095,10100,10105,28,0,64.7548640648524,32,240,1472,5.0,3279362,3072,128,True,5,,,,,,,,,,,,,,,,,,,,,,,,,,
sleep_efficiency_binary,lstm,,120m,6,False,False,0.5819697798127417,0.6047423856329209,0.6973169478345416,0.6777296758869052,0.7374361109654834,2,47095,10100,10105,28,0,64.7548640648524,32,240,1472,5.0,3279362,3072,128,True,5,,,,,,,,,,,,,,,,,,,,,,,,,,
sleep_efficiency_binary,lstm,,120m,7,False,False,0.574383359850687,0.611444782313734,0.702968620498676,0.6688005355508149,0.7385806491940525,2,47095,10100,10105,28,0,64.7548640648524,32,240,1472,5.0,3279362,3072,128,True,5,,,,,,,,,,,,,,,,,,,,,,,,,,
sleep_efficiency_binary,lstm,,120m,8,False,False,0.5739899449888113,0.6272375628971818,0.7036842824860143,0.6622303594400913,0.7354581217813516,2,47095,10100,10105,28,0,64.7548640648524,32,240,1472,5.0,3279362,3072,128,True,5,,,,,,,,,,,,,,,,,,,,,,,,,,
sleep_efficiency_binary,lstm,,120m,9,False,False,0.5710577361129856,0.5955418847811104,0.7052890891755481,0.6811528860462397,0.7458676286148672,2,47095,10100,10105,28,0,64.7548640648524,32,240,1472,5.0,3279362,3072,128,True,5,,,,,,,,,,,,,,,,,,,,,,,,,,
sleep_efficiency_binary,lstm,,120m,10,False,False,0.5658939465163734,0.5998072256428181,0.709577918509983,0.676866664784711,0.7422059410652138,2,47095,10100,10105,28,0,64.7548640648524,32,240,1472,5.0,3279362,3072,128,True,5,,,,,,,,,,,,,,,,,,,,,,,,,,
sleep_efficiency_binary,lstm,,120m,11,False,False,0.5624569691819665,0.6071786047208427,0.7129417620043788,0.6758260105093782,0.7464737729312938,2,47095,10100,10105,28,0,64.7548640648524,32,240,1472,5.0,3279362,3072,128,True,5,,,,,,,,,,,,,,,,,,,,,,,,,,
sleep_efficiency_binary,lstm,,120m,12,False,False,0.5567979705031225,0.6000231825951302,0.7179890923819362,0.6786935060430941,0.7418981203295573,2,47095,10100,10105,28,0,64.7548640648524,32,240,1472,5.0,3279362,3072,128,True,5,,,,,,,,,,,,,,,,,,,,,,,,,,
sleep_efficiency_binary,lstm,,120m,13,False,False,0.5548716583934379,0.5986515293971146,0.7192322432470568,0.6784858187918651,0.7436736850170786,2,47095,10100,10105,28,0,64.7548640648524,32,240,1472,5.0,3279362,3072,128,True,5,,,,,,,,,,,,,,,,,,,,,,,,,,
sleep_efficiency_binary,lstm,,120m,14,False,False,0.55326003722292,0.5978912266646281,0.7223745510224334,0.6816743221935,0.7462317668740851,2,47095,10100,10105,28,0,64.7548640648524,32,240,1472,5.0,3279362,3072,128,True,5,,,,,,,,,,,,,,,,,,,,,,,,,,
sleep_efficiency_binary,lstm,,120m,15,False,False,0.5448585612567092,0.6037840685986057,0.7267030605972121,0.6818771701301372,0.7428814892184104,2,47095,10100,10105,28,0,64.7548640648524,32,240,1472,5.0,3279362,3072,128,True,5,,,,,,,,,,,,,,,,,,,,,,,,,,
sleep_efficiency_binary,lstm,,120m,16,False,False,0.5420947826893318,0.617130202586108,0.7280396391376853,0.672284640418762,0.7460735616145566,2,47095,10100,10105,28,0,64.7548640648524,32,240,1472,5.0,3279362,3072,128,True,5,,,,,,,,,,,,,,,,,,,,,,,,,,
sleep_efficiency_binary,lstm,,120m,17,False,False,0.5385980161831806,0.608026881878919,0.7295381688137572,0.6766456694183547,0.7398494368247643,2,47095,10100,10105,28,0,64.7548640648524,32,240,1472,5.0,3279362,3072,128,True,5,,,,,,,,,,,,,,,,,,,,,,,,,,
sleep_efficiency_binary,lstm,,120m,18,True,False,0.5336346436317642,0.6161414099683856,0.7336880673558402,0.6742873101073118,0.7468290794413818,2,47095,10100,10105,28,0,64.7548640648524,32,240,1472,5.0,3279362,3072,128,True,5,0.7634993099055102,0.7493856912701283,0.7499179923950949,0.8369657161010817,0.6876410679878888,0.8111303145523678,,,,0.6909900990099009,0.6742873101073118,0.6763657755747613,0.5738717339667458,0.7747028862478778,,,,0.6894606630380999,0.6708615216539897,0.6716254336457308,0.736793849071383,0.587515923566879,0.7542071197411003,,,
sleep_efficiency_binary,lstm,,120m,19,False,False,0.5286504307652826,0.6049523345550688,0.7371229556541321,0.6740346575580012,0.7433300735172541,2,47095,10100,10105,28,0,64.7548640648524,32,240,1472,5.0,3279362,3072,128,True,5,,,,,,,,,,,,,,,,,,,,,,,,,,
sleep_efficiency_binary,lstm,,120m,20,False,False,0.5235699388337675,0.6033487640040935,0.738794953773305,0.6795788989752751,0.7410791066625264,2,47095,10100,10105,28,0,64.7548640648524,32,240,1472,5.0,3279362,3072,128,True,5,,,,,,,,,,,,,,,,,,,,,,,,,,
sleep_efficiency_binary,lstm,,120m,21,False,False,0.5184172411660554,0.603162993393322,0.746181934068481,0.6785461085861539,0.7431724530082389,2,47095,10100,10105,28,0,64.7548640648524,32,240,1472,5.0,3279362,3072,128,True,5,,,,,,,,,,,,,,,,,,,,,,,,,,
sleep_efficiency_binary,lstm,,120m,22,False,False,0.5162641090779234,0.6015964187961994,0.7472739708184444,0.6796660066379265,0.7433340457879816,2,47095,10100,10105,28,0,64.7548640648524,32,240,1472,5.0,3279362,3072,128,True,5,,,,,,,,,,,,,,,,,,,,,,,,,,
sleep_efficiency_binary,lstm,,120m,23,False,False,0.5114467901919776,0.6062161546178383,0.7500540281128866,0.6776008291359,0.7428970153527256,2,47095,10100,10105,28,0,64.7548640648524,32,240,1472,5.0,3279362,3072,128,True,5,,,,,,,,,,,,,,,,,,,,,,,,,,
sleep_efficiency_binary,lstm,,120m,24,False,False,0.5086592731461655,0.6052305197007585,0.7515019691693905,0.6788068266597841,0.7441200109691131,2,47095,10100,10105,28,0,64.7548640648524,32,240,1472,5.0,3279362,3072,128,True,5,,,,,,,,,,,,,,,,,,,,,,,,,,
sleep_efficiency_binary,lstm,,120m,25,False,False,0.5044602206044674,0.6097151567440222,0.7547666049270481,0.6795496614496167,0.745212990333469,2,47095,10100,10105,28,0,64.7548640648524,32,240,1472,5.0,3279362,3072,128,True,5,,,,,,,,,,,,,,,,,,,,,,,,,,
sleep_efficiency_binary,lstm,,120m,26,False,False,0.5008332939167693,0.6352118665393036,0.7561927863121296,0.668078872762321,0.7436359181994523,2,47095,10100,10105,28,0,64.7548640648524,32,240,1472,5.0,3279362,3072,128,True,5,,,,,,,,,,,,,,,,,,,,,,,,,,
sleep_efficiency_binary,lstm,,120m,27,False,False,0.4953703586912696,0.60927703064267,0.7605859517011411,0.6760345043130391,0.7424740995850287,2,47095,10100,10105,28,0,64.7548640648524,32,240,1472,5.0,3279362,3072,128,True,5,,,,,,,,,,,,,,,,,,,,,,,,,,
sleep_efficiency_binary,lstm,,120m,28,False,False,0.4951246674076768,0.6120264970666112,0.7592902998010802,0.6722429013304082,0.7426799317656643,2,47095,10100,10105,28,0,64.7548640648524,32,240,1472,5.0,3279362,3072,128,True,5,,,,,,,,,,,,,,,,,,,,,,,,,,
sleep_efficiency_binary,lstm,,240m,1,False,False,0.6419644976019138,0.6085552804632535,0.6321506281142757,0.6793983953226909,0.7364470667141243,2,47095,10096,10105,23,0,88.99340111811956,32,480,1472,5.0,3279362,3072,128,True,5,,,,,,,,,,,,,,,,,,,,,,,,,,
sleep_efficiency_binary,lstm,,240m,2,False,False,0.5900910985509052,0.5906909969642687,0.6943524138154789,0.6906066813397547,0.7562142706676256,2,47095,10096,10105,23,0,88.99340111811956,32,480,1472,5.0,3279362,3072,128,True,5,,,,,,,,,,,,,,,,,,,,,,,,,,
sleep_efficiency_binary,lstm,,240m,3,False,False,0.5664236553979155,0.5807980428407007,0.7138114971177236,0.7014545566072076,0.7706105836709032,2,47095,10096,10105,23,0,88.99340111811956,32,480,1472,5.0,3279362,3072,128,True,5,,,,,,,,,,,,,,,,,,,,,,,,,,
sleep_efficiency_binary,lstm,,240m,4,False,False,0.5508573281054968,0.5794280076933739,0.7256076224119478,0.6986835786515448,0.7760597028417204,2,47095,10096,10105,23,0,88.99340111811956,32,480,1472,5.0,3279362,3072,128,True,5,,,,,,,,,,,,,,,,,,,,,,,,,,
sleep_efficiency_binary,lstm,,240m,5,False,False,0.5380773765036655,0.5716203714701718,0.7342576008282947,0.7071094258851673,0.783583332728008,2,47095,10096,10105,23,0,88.99340111811956,32,480,1472,5.0,3279362,3072,128,True,5,,,,,,,,,,,,,,,,,,,,,,,,,,
sleep_efficiency_binary,lstm,,240m,6,False,False,0.5322129455085064,0.5618046735621481,0.7387538273283015,0.7093662404368675,0.7841474556558781,2,47095,10096,10105,23,0,88.99340111811956,32,480,1472,5.0,3279362,3072,128,True,5,,,,,,,,,,,,,,,,,,,,,,,,,,
sleep_efficiency_binary,lstm,,240m,7,False,False,0.5260010131517405,0.555237305145445,0.74203506589603,0.7170155358784442,0.7901272837918875,2,47095,10096,10105,23,0,88.99340111811956,32,480,1472,5.0,3279362,3072,128,True,5,,,,,,,,,,,,,,,,,,,,,,,,,,
sleep_efficiency_binary,lstm,,240m,8,False,False,0.5168383348879129,0.557747153774872,0.7488383313500349,0.7153166699354239,0.7928244322249423,2,47095,10096,10105,23,0,88.99340111811956,32,480,1472,5.0,3279362,3072,128,True,5,,,,,,,,,,,,,,,,,,,,,,,,,,
sleep_efficiency_binary,lstm,,240m,9,False,False,0.5092622195412518,0.5734853762926655,0.7544560610199416,0.7035187566131802,0.788996919297209,2,47095,10096,10105,23,0,88.99340111811956,32,480,1472,5.0,3279362,3072,128,True,5,,,,,,,,,,,,,,,,,,,,,,,,,,
sleep_efficiency_binary,lstm,,240m,10,False,False,0.4994800103028396,0.5541890129423368,0.7591935848644787,0.7193256190662977,0.7916529459573545,2,47095,10096,10105,23,0,88.99340111811956,32,480,1472,5.0,3279362,3072,128,True,5,,,,,,,,,,,,,,,,,,,,,,,,,,
sleep_efficiency_binary,lstm,,240m,11,False,False,0.4964461143197293,0.553798262649784,0.76166319815411,0.7158931011466477,0.7942079841614589,2,47095,10096,10105,23,0,88.99340111811956,32,480,1472,5.0,3279362,3072,128,True,5,,,,,,,,,,,,,,,,,,,,,,,,,,
sleep_efficiency_binary,lstm,,240m,12,False,False,0.48332505640248,0.5607182149747283,0.7706146531549287,0.7172370849788096,0.7968381230715341,2,47095,10096,10105,23,0,88.99340111811956,32,480,1472,5.0,3279362,3072,128,True,5,,,,,,,,,,,,,,,,,,,,,,,,,,
sleep_efficiency_binary,lstm,,240m,13,True,False,0.4807387829269873,0.5524608584005746,0.7723615066369852,0.7245677774791506,0.7996496780072365,2,47095,10096,10105,23,0,88.99340111811956,32,480,1472,5.0,3279362,3072,128,True,5,0.7886187493364476,0.7951097493318202,0.7835281754737076,0.8790688030915289,0.8235067437379576,0.7667127549256827,,,,0.7247424722662441,0.7245677774791506,0.7206295167478751,0.7235154394299287,0.7256201155283724,,,,0.7120237506185056,0.7124098695195102,0.7047223576494166,0.7849333168429081,0.714140127388535,0.7106796116504854,,,
sleep_efficiency_binary,lstm,,240m,14,False,False,0.4697807417843344,0.5553821135908601,0.7788683524655744,0.7199677886171381,0.7948719454270892,2,47095,10096,10105,23,0,88.99340111811956,32,480,1472,5.0,3279362,3072,128,True,5,,,,,,,,,,,,,,,,,,,,,,,,,,
sleep_efficiency_binary,lstm,,240m,15,False,False,0.4642233526912993,0.5544530299688482,0.7814851551373234,0.7194390974033154,0.7948927080886811,2,47095,10096,10105,23,0,88.99340111811956,32,480,1472,5.0,3279362,3072,128,True,5,,,,,,,,,,,,,,,,,,,,,,,,,,
sleep_efficiency_binary,lstm,,240m,16,False,False,0.4539261820514005,0.5564490765002563,0.7897165143917819,0.7233386844099651,0.7947582854924484,2,47095,10096,10105,23,0,88.99340111811956,32,480,1472,5.0,3279362,3072,128,True,5,,,,,,,,,,,,,,,,,,,,,,,,,,
sleep_efficiency_binary,lstm,,240m,17,False,False,0.4463908724039904,0.5703408234943111,0.792268009505751,0.7160357158134403,0.7930297384267835,2,47095,10096,10105,23,0,88.99340111811956,32,480,1472,5.0,3279362,3072,128,True,5,,,,,,,,,,,,,,,,,,,,,,,,,,
sleep_efficiency_binary,lstm,,240m,18,False,False,0.4382007902044946,0.5783405622759636,0.80018951941192,0.7165184830060944,0.7958326775641382,2,47095,10096,10105,23,0,88.99340111811956,32,480,1472,5.0,3279362,3072,128,True,5,,,,,,,,,,,,,,,,,,,,,,,,,,
sleep_efficiency_binary,lstm,,240m,19,False,False,0.4311280197380379,0.5689283074743208,0.8038887967567718,0.7218008350262267,0.7962129228097108,2,47095,10096,10105,23,0,88.99340111811956,32,480,1472,5.0,3279362,3072,128,True,5,,,,,,,,,,,,,,,,,,,,,,,,,,
sleep_efficiency_binary,lstm,,240m,20,False,False,0.42210735728665,0.5724027126602439,0.8080642798010214,0.721029045127413,0.7951025744086173,2,47095,10096,10105,23,0,88.99340111811956,32,480,1472,5.0,3279362,3072,128,True,5,,,,,,,,,,,,,,,,,,,,,,,,,,
sleep_efficiency_binary,lstm,,240m,21,False,False,0.4186166049416802,0.5756997484979464,0.8089630008518336,0.722225934884742,0.7947926276207563,2,47095,10096,10105,23,0,88.99340111811956,32,480,1472,5.0,3279362,3072,128,True,5,,,,,,,,,,,,,,,,,,,,,,,,,,
sleep_efficiency_binary,lstm,,240m,22,False,False,0.4097939289069274,0.5764394052999711,0.8166687979156385,0.7203683929740283,0.791958090496956,2,47095,10096,10105,23,0,88.99340111811956,32,480,1472,5.0,3279362,3072,128,True,5,,,,,,,,,,,,,,,,,,,,,,,,,,
sleep_efficiency_binary,lstm,,240m,23,False,False,0.4037128523904966,0.5832709249244817,0.8204698328843915,0.7223559991380166,0.7958201271506203,2,47095,10096,10105,23,0,88.99340111811956,32,480,1472,5.0,3279362,3072,128,True,5,,,,,,,,,,,,,,,,,,,,,,,,,,
sleep_efficiency_binary,transformer,,30s,1,False,False,0.6815929409500545,0.6721662999379753,0.5817968455422026,0.5911063479709157,0.6430867366485327,2,47095,10100,10105,19,0,13.998362187544505,32,1,1472,5.0,592002,3072,128,True,5,,,,,,,,,,,,,,,,,,,,,,,,,,
sleep_efficiency_binary,transformer,,30s,2,False,False,0.6618048649252392,0.6619122153697627,0.6098988237123142,0.6084359335239485,0.6480378394073453,2,47095,10100,10105,19,0,13.998362187544505,32,1,1472,5.0,592002,3072,128,True,5,,,,,,,,,,,,,,,,,,,,,,,,,,
sleep_efficiency_binary,transformer,,30s,3,False,False,0.6564536676600248,0.666858820112625,0.6172237408956898,0.6072912339848933,0.6484250450661171,2,47095,10100,10105,19,0,13.998362187544505,32,1,1472,5.0,592002,3072,128,True,5,,,,,,,,,,,,,,,,,,,,,,,,,,
sleep_efficiency_binary,transformer,,30s,4,False,False,0.6533190837849577,0.6585677773173493,0.6235602485531055,0.6154741116833153,0.6522638716936391,2,47095,10100,10105,19,0,13.998362187544505,32,1,1472,5.0,592002,3072,128,True,5,,,,,,,,,,,,,,,,,,,,,,,,,,
sleep_efficiency_binary,transformer,,30s,5,False,False,0.6506206936714236,0.6624043813554367,0.6256656561311609,0.60980364481044,0.6522166278849373,2,47095,10100,10105,19,0,13.998362187544505,32,1,1472,5.0,592002,3072,128,True,5,,,,,,,,,,,,,,,,,,,,,,,,,,
sleep_efficiency_binary,transformer,,30s,6,False,False,0.6492958454534448,0.668136318202066,0.6271634912484162,0.6112304360625723,0.6543228387419395,2,47095,10100,10105,19,0,13.998362187544505,32,1,1472,5.0,592002,3072,128,True,5,,,,,,,,,,,,,,,,,,,,,,,,,,
sleep_efficiency_binary,transformer,,30s,7,False,False,0.6480653569771487,0.6626288318870092,0.6319714937838413,0.6082286495489355,0.6521569026773508,2,47095,10100,10105,19,0,13.998362187544505,32,1,1472,5.0,592002,3072,128,True,5,,,,,,,,,,,,,,,,,,,,,,,,,,
sleep_efficiency_binary,transformer,,30s,8,False,False,0.6466332709438698,0.6622500053490743,0.6331300131328703,0.6123614242102844,0.6526512991543298,2,47095,10100,10105,19,0,13.998362187544505,32,1,1472,5.0,592002,3072,128,True,5,,,,,,,,,,,,,,,,,,,,,,,,,,
sleep_efficiency_binary,transformer,,30s,9,True,False,0.6457205250190061,0.6685469529652359,0.6328701149323581,0.6097504123499309,0.6560507361807323,2,47095,10100,10105,19,0,13.998362187544505,32,1,1472,5.0,592002,3072,128,True,5,0.6554411296315957,0.6338185968408611,0.6344794347712126,0.6899015695982662,0.5392237819983484,0.7284134116833737,,,,0.6304950495049505,0.6097504123499309,0.6105806614140741,0.4850356294536817,0.7344651952461799,,,,0.6358238495794162,0.6090681879083957,0.6103230890464932,0.6532325149959805,0.489171974522293,0.7289644012944984,,,
sleep_efficiency_binary,transformer,,30s,10,False,False,0.6438056535181162,0.6594279128490108,0.6348589888612746,0.615140198976485,0.652308796664099,2,47095,10100,10105,19,0,13.998362187544505,32,1,1472,5.0,592002,3072,128,True,5,,,,,,,,,,,,,,,,,,,,,,,,,,
sleep_efficiency_binary,transformer,,30s,11,False,False,0.6427071713543151,0.667852062140361,0.637007901510418,0.615327924055023,0.6524001185632075,2,47095,10100,10105,19,0,13.998362187544505,32,1,1472,5.0,592002,3072,128,True,5,,,,,,,,,,,,,,,,,,,,,,,,,,
sleep_efficiency_binary,transformer,,30s,12,False,False,0.6428200472184636,0.6613227075633437,0.6368401703134334,0.6131566849081942,0.6488711693800435,2,47095,10100,10105,19,0,13.998362187544505,32,1,1472,5.0,592002,3072,128,True,5,,,,,,,,,,,,,,,,,,,,,,,,,,
sleep_efficiency_binary,transformer,,30s,13,False,False,0.6405899781711998,0.6626502094174376,0.6390242723568731,0.612971782763168,0.6486084147615226,2,47095,10100,10105,19,0,13.998362187544505,32,1,1472,5.0,592002,3072,128,True,5,,,,,,,,,,,,,,,,,,,,,,,,,,
sleep_efficiency_binary,transformer,,30s,14,False,False,0.6402659798278488,0.6703326109140226,0.6379207040276514,0.6084179877323375,0.6526110925155968,2,47095,10100,10105,19,0,13.998362187544505,32,1,1472,5.0,592002,3072,128,True,5,,,,,,,,,,,,,,,,,,,,,,,,,,
sleep_efficiency_binary,transformer,,30s,15,False,False,0.6397767739066121,0.6675176171028968,0.6415040851951553,0.6154539478725163,0.6510444652355738,2,47095,10100,10105,19,0,13.998362187544505,32,1,1472,5.0,592002,3072,128,True,5,,,,,,,,,,,,,,,,,,,,,,,,,,
sleep_efficiency_binary,transformer,,30s,16,False,False,0.637257312732285,0.6655432377475323,0.641492525072384,0.6200317378381974,0.6533769947049832,2,47095,10100,10105,19,0,13.998362187544505,32,1,1472,5.0,592002,3072,128,True,5,,,,,,,,,,,,,,,,,,,,,,,,,,
sleep_efficiency_binary,transformer,,30s,17,False,False,0.6365306600249615,0.665675699828875,0.64428353356132,0.6084306909331408,0.6497223644891095,2,47095,10100,10105,19,0,13.998362187544505,32,1,1472,5.0,592002,3072,128,True,5,,,,,,,,,,,,,,,,,,,,,,,,,,
sleep_efficiency_binary,transformer,,30s,18,False,False,0.635146835551721,0.6644268190742719,0.6436440018804466,0.6171279474450435,0.6500302255523875,2,47095,10100,10105,19,0,13.998362187544505,32,1,1472,5.0,592002,3072,128,True,5,,,,,,,,,,,,,,,,,,,,,,,,,,
sleep_efficiency_binary,transformer,,30s,19,False,False,0.6349221211733213,0.6867746545064567,0.6432465049181899,0.5977656481253705,0.6493435268118193,2,47095,10100,10105,19,0,13.998362187544505,32,1,1472,5.0,592002,3072,128,True,5,,,,,,,,,,,,,,,,,,,,,,,,,,
sleep_efficiency_binary,transformer,,10m,1,False,False,0.6727738017577226,0.6592252576469195,0.6003066049023102,0.6161237896672569,0.666651960527324,2,47095,10100,10105,29,0,24.465474061171214,32,20,1472,5.0,592002,3072,128,True,5,,,,,,,,,,,,,,,,,,,,,,,,,,
sleep_efficiency_binary,transformer,,10m,2,False,False,0.6507903477596064,0.6502563110436543,0.6262135869215146,0.6234983001907497,0.6746136210574708,2,47095,10100,10105,29,0,24.465474061171214,32,20,1472,5.0,592002,3072,128,True,5,,,,,,,,,,,,,,,,,,,,,,,,,,
sleep_efficiency_binary,transformer,,10m,3,False,False,0.6443667997852204,0.65014314540542,0.6332030559826776,0.6323881210957821,0.6783581012142648,2,47095,10100,10105,29,0,24.465474061171214,32,20,1472,5.0,592002,3072,128,True,5,,,,,,,,,,,,,,,,,,,,,,,,,,
sleep_efficiency_binary,transformer,,10m,4,False,False,0.6397379495419443,0.66862309217453,0.6398033580301322,0.5976527307848964,0.6791263222418931,2,47095,10100,10105,29,0,24.465474061171214,32,20,1472,5.0,592002,3072,128,True,5,,,,,,,,,,,,,,,,,,,,,,,,,,
sleep_efficiency_binary,transformer,,10m,5,False,False,0.6365437780776744,0.6429874186704655,0.641093810253572,0.637933370703596,0.6825152539228695,2,47095,10100,10105,29,0,24.465474061171214,32,20,1472,5.0,592002,3072,128,True,5,,,,,,,,,,,,,,,,,,,,,,,,,,
sleep_efficiency_binary,transformer,,10m,6,False,False,0.6341004249079869,0.6420544904057343,0.6436114051885826,0.6348190701257013,0.6836769918820498,2,47095,10100,10105,29,0,24.465474061171214,32,20,1472,5.0,592002,3072,128,True,5,,,,,,,,,,,,,,,,,,,,,,,,,,
sleep_efficiency_binary,transformer,,10m,7,False,False,0.6314607178143526,0.651338537730793,0.6461008229189947,0.6339812637870057,0.677437966036077,2,47095,10100,10105,29,0,24.465474061171214,32,20,1472,5.0,592002,3072,128,True,5,,,,,,,,,,,,,,,,,,,,,,,,,,
sleep_efficiency_binary,transformer,,10m,8,False,False,0.6302262425954231,0.6402368143053339,0.6481415461393043,0.6364902467647165,0.6852557174485521,2,47095,10100,10105,29,0,24.465474061171214,32,20,1472,5.0,592002,3072,128,True,5,,,,,,,,,,,,,,,,,,,,,,,,,,
sleep_efficiency_binary,transformer,,10m,9,False,False,0.6284831460069757,0.6432242253511259,0.6502366685381696,0.6380345930338067,0.6803689574099989,2,47095,10100,10105,29,0,24.465474061171214,32,20,1472,5.0,592002,3072,128,True,5,,,,,,,,,,,,,,,,,,,,,,,,,,
sleep_efficiency_binary,transformer,,10m,10,False,False,0.6278360975486026,0.6579390315490193,0.6490837865329613,0.6336939294831209,0.6862618109521754,2,47095,10100,10105,29,0,24.465474061171214,32,20,1472,5.0,592002,3072,128,True,5,,,,,,,,,,,,,,,,,,,,,,,,,,
sleep_efficiency_binary,transformer,,10m,11,False,False,0.6265910692472647,0.6418724789713869,0.651546273458843,0.6343835318124443,0.6843593150756747,2,47095,10100,10105,29,0,24.465474061171214,32,20,1472,5.0,592002,3072,128,True,5,,,,,,,,,,,,,,,,,,,,,,,,,,
sleep_efficiency_binary,transformer,,10m,12,False,False,0.624663501506475,0.6571930152118797,0.6522280209954664,0.6218291399328142,0.6845110074243151,2,47095,10100,10105,29,0,24.465474061171214,32,20,1472,5.0,592002,3072,128,True,5,,,,,,,,,,,,,,,,,,,,,,,,,,
sleep_efficiency_binary,transformer,,10m,13,False,False,0.6249794981006047,0.6531109821678388,0.6511122836151957,0.6222781879993063,0.6796276147421654,2,47095,10100,10105,29,0,24.465474061171214,32,20,1472,5.0,592002,3072,128,True,5,,,,,,,,,,,,,,,,,,,,,,,,,,
sleep_efficiency_binary,transformer,,10m,14,False,False,0.6226092665207362,0.652729948983334,0.655264774859711,0.6287671039525102,0.683549314632071,2,47095,10100,10105,29,0,24.465474061171214,32,20,1472,5.0,592002,3072,128,True,5,,,,,,,,,,,,,,,,,,,,,,,,,,
sleep_efficiency_binary,transformer,,10m,15,False,False,0.6222639785183502,0.6449764701635531,0.6568529073803915,0.6406633490476632,0.6839232928309587,2,47095,10100,10105,29,0,24.465474061171214,32,20,1472,5.0,592002,3072,128,True,5,,,,,,,,,,,,,,,,,,,,,,,,,,
sleep_efficiency_binary,transformer,,10m,16,False,False,0.620842774261878,0.6414188176098437,0.6572228646098401,0.640250999116825,0.6843378002895524,2,47095,10100,10105,29,0,24.465474061171214,32,20,1472,5.0,592002,3072,128,True,5,,,,,,,,,,,,,,,,,,,,,,,,,,
sleep_efficiency_binary,transformer,,10m,17,False,False,0.6205374693918638,0.6428837950158828,0.6583059482112208,0.6383245486330953,0.6836870334598276,2,47095,10100,10105,29,0,24.465474061171214,32,20,1472,5.0,592002,3072,128,True,5,,,,,,,,,,,,,,,,,,,,,,,,,,
sleep_efficiency_binary,transformer,,10m,18,False,False,0.6183907296123722,0.6500247770960969,0.6585959074881909,0.639630357020434,0.6853175598562724,2,47095,10100,10105,29,0,24.465474061171214,32,20,1472,5.0,592002,3072,128,True,5,,,,,,,,,,,,,,,,,,,,,,,,,,
sleep_efficiency_binary,transformer,,10m,19,True,False,0.6177330797917652,0.6439100302800094,0.6602807549454728,0.6392891853417161,0.687100020567087,2,47095,10100,10105,29,0,24.465474061171214,32,20,1472,5.0,592002,3072,128,True,5,0.6428495594012104,0.6580147901067042,0.640307694003289,0.7228277192524758,0.7243600330305533,0.5916695471828551,,,,0.6302970297029703,0.6392891853417161,0.6292838964983963,0.6933491686460808,0.5852292020373514,,,,0.6165264720435428,0.628989961453631,0.6137678543177842,0.6709887040587058,0.6848407643312102,0.5731391585760518,,,
sleep_efficiency_binary,transformer,,10m,20,False,False,0.6172595287004667,0.6456310187708033,0.6604311316865439,0.6377633897785611,0.6843687920667503,2,47095,10100,10105,29,0,24.465474061171214,32,20,1472,5.0,592002,3072,128,True,5,,,,,,,,,,,,,,,,,,,,,,,,,,
sleep_efficiency_binary,transformer,,10m,21,False,False,0.6155807665407133,0.6491325288479871,0.6626824822466485,0.637802104295295,0.6837716004823184,2,47095,10100,10105,29,0,24.465474061171214,32,20,1472,5.0,592002,3072,128,True,5,,,,,,,,,,,,,,,,,,,,,,,,,,
sleep_efficiency_binary,transformer,,10m,22,False,False,0.6154349469444987,0.6497540090579798,0.6621959913680611,0.6318852356544569,0.6809519133440066,2,47095,10100,10105,29,0,24.465474061171214,32,20,1472,5.0,592002,3072,128,True,5,,,,,,,,,,,,,,,,,,,,,,,,,,
sleep_efficiency_binary,transformer,,10m,23,False,False,0.6142449367019778,0.6477756777848348,0.6628130117316693,0.6329974714581259,0.6802669083635455,2,47095,10100,10105,29,0,24.465474061171214,32,20,1472,5.0,592002,3072,128,True,5,,,,,,,,,,,,,,,,,,,,,,,,,,
sleep_efficiency_binary,transformer,,10m,24,False,False,0.6127177381809128,0.6482160983935441,0.6654522400901443,0.6375825203956946,0.6806414713129464,2,47095,10100,10105,29,0,24.465474061171214,32,20,1472,5.0,592002,3072,128,True,5,,,,,,,,,,,,,,,,,,,,,,,,,,
sleep_efficiency_binary,transformer,,10m,25,False,False,0.6119669598623856,0.6436378066138466,0.6624692622044213,0.6401935322560481,0.683397763430106,2,47095,10100,10105,29,0,24.465474061171214,32,20,1472,5.0,592002,3072,128,True,5,,,,,,,,,,,,,,,,,,,,,,,,,,
sleep_efficiency_binary,transformer,,10m,26,False,False,0.6107906096438995,0.6480780711976608,0.6664962951947282,0.6366001395335708,0.6819429646447741,2,47095,10100,10105,29,0,24.465474061171214,32,20,1472,5.0,592002,3072,128,True,5,,,,,,,,,,,,,,,,,,,,,,,,,,
sleep_efficiency_binary,transformer,,10m,27,False,False,0.6100791493726772,0.6468817940088782,0.6662146515945501,0.6401144901177164,0.6842581532368965,2,47095,10100,10105,29,0,24.465474061171214,32,20,1472,5.0,592002,3072,128,True,5,,,,,,,,,,,,,,,,,,,,,,,,,,
sleep_efficiency_binary,transformer,,10m,28,False,False,0.6086585918357765,0.6487695018843849,0.6664239469037376,0.6385665143626824,0.6847451495953123,2,47095,10100,10105,29,0,24.465474061171214,32,20,1472,5.0,592002,3072,128,True,5,,,,,,,,,,,,,,,,,,,,,,,,,,
sleep_efficiency_binary,transformer,,10m,29,False,False,0.6081006774819825,0.645846994891025,0.6673111791905612,0.6398795817219087,0.6839005682161883,2,47095,10100,10105,29,0,24.465474061171214,32,20,1472,5.0,592002,3072,128,True,5,,,,,,,,,,,,,,,,,,,,,,,,,,
sleep_efficiency_binary,transformer,,40m,1,False,False,0.6606232895189467,0.6361711311104274,0.6164267917405348,0.6399739483564477,0.6925807459803444,2,47095,10100,10105,26,0,54.17045032978058,32,80,1472,5.0,592002,3072,128,True,5,,,,,,,,,,,,,,,,,,,,,,,,,,
sleep_efficiency_binary,transformer,,40m,2,False,False,0.6324011606665879,0.6466027895766909,0.6492752040884967,0.6416177022127766,0.697533240042102,2,47095,10100,10105,26,0,54.17045032978058,32,80,1472,5.0,592002,3072,128,True,5,,,,,,,,,,,,,,,,,,,,,,,,,,
sleep_efficiency_binary,transformer,,40m,3,False,False,0.6218792481728199,0.633535230112548,0.6602494474689469,0.6454935899245471,0.6985913965052082,2,47095,10100,10105,26,0,54.17045032978058,32,80,1472,5.0,592002,3072,128,True,5,,,,,,,,,,,,,,,,,,,,,,,,,,
sleep_efficiency_binary,transformer,,40m,4,False,False,0.6165098169728542,0.6349564135192645,0.6650132075591976,0.6437145368977574,0.6982293754461244,2,47095,10100,10105,26,0,54.17045032978058,32,80,1472,5.0,592002,3072,128,True,5,,,,,,,,,,,,,,,,,,,,,,,,,,
sleep_efficiency_binary,transformer,,40m,5,False,False,0.6137336954922165,0.6300279983435527,0.6661199489756161,0.6482673237380479,0.702937685759107,2,47095,10100,10105,26,0,54.17045032978058,32,80,1472,5.0,592002,3072,128,True,5,,,,,,,,,,,,,,,,,,,,,,,,,,
sleep_efficiency_binary,transformer,,40m,6,False,False,0.6091296015303155,0.6327070815256326,0.6688942119369161,0.6435994015380955,0.6996686279333304,2,47095,10100,10105,26,0,54.17045032978058,32,80,1472,5.0,592002,3072,128,True,5,,,,,,,,,,,,,,,,,,,,,,,,,,
sleep_efficiency_binary,transformer,,40m,7,False,False,0.6058442901281658,0.6272674033901479,0.670664794592793,0.6479440978509411,0.7054675382809948,2,47095,10100,10105,26,0,54.17045032978058,32,80,1472,5.0,592002,3072,128,True,5,,,,,,,,,,,,,,,,,,,,,,,,,,
sleep_efficiency_binary,transformer,,40m,8,False,False,0.6046625577589676,0.6311981909345872,0.6721972387195798,0.6433425145885171,0.6990308062701386,2,47095,10100,10105,26,0,54.17045032978058,32,80,1472,5.0,592002,3072,128,True,5,,,,,,,,,,,,,,,,,,,,,,,,,,
sleep_efficiency_binary,transformer,,40m,9,False,False,0.6026939385926247,0.6280645261188544,0.6741764934846102,0.6525206779879743,0.7044768499288219,2,47095,10100,10105,26,0,54.17045032978058,32,80,1472,5.0,592002,3072,128,True,5,,,,,,,,,,,,,,,,,,,,,,,,,,
sleep_efficiency_binary,transformer,,40m,10,False,False,0.6013851261503417,0.6306544602271353,0.6741457378493356,0.6508597848924664,0.7071917054147898,2,47095,10100,10105,26,0,54.17045032978058,32,80,1472,5.0,592002,3072,128,True,5,,,,,,,,,,,,,,,,,,,,,,,,,,
sleep_efficiency_binary,transformer,,40m,11,False,False,0.5985307964527856,0.6356674789910269,0.6758184305273252,0.6509720973186164,0.704273457569293,2,47095,10100,10105,26,0,54.17045032978058,32,80,1472,5.0,592002,3072,128,True,5,,,,,,,,,,,,,,,,,,,,,,,,,,
sleep_efficiency_binary,transformer,,40m,12,False,False,0.596942383283161,0.6336590771627898,0.679684715966832,0.6498606680673794,0.7092786396686683,2,47095,10100,10105,26,0,54.17045032978058,32,80,1472,5.0,592002,3072,128,True,5,,,,,,,,,,,,,,,,,,,,,,,,,,
sleep_efficiency_binary,transformer,,40m,13,False,False,0.5942390016074747,0.6382645966274904,0.6823713598576782,0.6483697558969064,0.7058693022111635,2,47095,10100,10105,26,0,54.17045032978058,32,80,1472,5.0,592002,3072,128,True,5,,,,,,,,,,,,,,,,,,,,,,,,,,
sleep_efficiency_binary,transformer,,40m,14,False,False,0.5942668689349007,0.6299134306152269,0.6820301031305669,0.6447408748674229,0.7001812726590824,2,47095,10100,10105,26,0,54.17045032978058,32,80,1472,5.0,592002,3072,128,True,5,,,,,,,,,,,,,,,,,,,,,,,,,,
sleep_efficiency_binary,transformer,,40m,15,False,False,0.5914680311034117,0.6321041579765848,0.6828994005767122,0.64012114417528,0.7037299420492078,2,47095,10100,10105,26,0,54.17045032978058,32,80,1472,5.0,592002,3072,128,True,5,,,,,,,,,,,,,,,,,,,,,,,,,,
sleep_efficiency_binary,transformer,,40m,16,True,False,0.5894967089072447,0.627214259322327,0.6852410057249724,0.6547102662026302,0.7105102653960779,2,47095,10100,10105,26,0,54.17045032978058,32,80,1472,5.0,592002,3072,128,True,5,0.6943624588597516,0.695611063808167,0.6869831648050302,0.7668338260419405,0.7010734929810074,0.6901486346353266,,,,0.6591089108910891,0.6547102662026302,0.6527477056896129,0.6282660332541568,0.6811544991511036,,,,0.647105393369619,0.6425088120709912,0.637354263118775,0.693488652526127,0.6219108280254777,0.6631067961165048,,,
sleep_efficiency_binary,transformer,,40m,17,False,False,0.5884773076928488,0.635415628475718,0.6888512606099806,0.6524049377139884,0.7097417217474764,2,47095,10100,10105,26,0,54.17045032978058,32,80,1472,5.0,592002,3072,128,True,5,,,,,,,,,,,,,,,,,,,,,,,,,,
sleep_efficiency_binary,transformer,,40m,18,False,False,0.5867623675475772,0.6362281330977336,0.687043561872679,0.6423972351382633,0.7029895067528602,2,47095,10100,10105,26,0,54.17045032978058,32,80,1472,5.0,592002,3072,128,True,5,,,,,,,,,,,,,,,,,,,,,,,,,,
sleep_efficiency_binary,transformer,,40m,19,False,False,0.5851112885198746,0.6301708652005338,0.6874602828909517,0.6513017756251789,0.7072707677169323,2,47095,10100,10105,26,0,54.17045032978058,32,80,1472,5.0,592002,3072,128,True,5,,,,,,,,,,,,,,,,,,,,,,,,,,
sleep_efficiency_binary,transformer,,40m,20,False,False,0.5819370751042239,0.6449954644760283,0.6918194910139788,0.6484411357871347,0.7065859442107683,2,47095,10100,10105,26,0,54.17045032978058,32,80,1472,5.0,592002,3072,128,True,5,,,,,,,,,,,,,,,,,,,,,,,,,,
sleep_efficiency_binary,transformer,,40m,21,False,False,0.5822050175832353,0.6539596924451319,0.6928789310720782,0.6195778504571137,0.7033301340086866,2,47095,10100,10105,26,0,54.17045032978058,32,80,1472,5.0,592002,3072,128,True,5,,,,,,,,,,,,,,,,,,,,,,,,,,
sleep_efficiency_binary,transformer,,40m,22,False,False,0.5807509836351711,0.6318957605456361,0.6951334547193797,0.6517788513886816,0.7068938859292895,2,47095,10100,10105,26,0,54.17045032978058,32,80,1472,5.0,592002,3072,128,True,5,,,,,,,,,,,,,,,,,,,,,,,,,,
sleep_efficiency_binary,transformer,,40m,23,False,False,0.5778855055618063,0.6393487012504351,0.695395236791751,0.6464011630486068,0.7016118748714558,2,47095,10100,10105,26,0,54.17045032978058,32,80,1472,5.0,592002,3072,128,True,5,,,,,,,,,,,,,,,,,,,,,,,,,,
sleep_efficiency_binary,transformer,,40m,24,False,False,0.5775230434723297,0.6452184433512168,0.6970992940332925,0.6466209485863152,0.7031091386423304,2,47095,10100,10105,26,0,54.17045032978058,32,80,1472,5.0,592002,3072,128,True,5,,,,,,,,,,,,,,,,,,,,,,,,,,
sleep_efficiency_binary,transformer,,40m,25,False,False,0.5745079488065266,0.6340209789087277,0.7000547036426945,0.6507424315136165,0.7064147736208961,2,47095,10100,10105,26,0,54.17045032978058,32,80,1472,5.0,592002,3072,128,True,5,,,,,,,,,,,,,,,,,,,,,,,,,,
sleep_efficiency_binary,transformer,,40m,26,False,False,0.5737909699881047,0.6378358466790455,0.7003587443860857,0.6499697542838017,0.7060190386701564,2,47095,10100,10105,26,0,54.17045032978058,32,80,1472,5.0,592002,3072,128,True,5,,,,,,,,,,,,,,,,,,,,,,,,,,
sleep_efficiency_binary,transformer,,80m,1,False,False,0.6379015929292172,0.6166466017288736,0.644814224069812,0.6621370009960923,0.7216507103710545,2,47095,10100,10105,26,0,129.90870518684386,32,160,1472,5.0,592002,3072,128,True,5,,,,,,,,,,,,,,,,,,,,,,,,,,
sleep_efficiency_binary,transformer,,80m,2,False,False,0.60890845041111,0.6124010933507787,0.6732163610655446,0.6627770003508503,0.7259859498566353,2,47095,10100,10105,26,0,129.90870518684386,32,160,1472,5.0,592002,3072,128,True,5,,,,,,,,,,,,,,,,,,,,,,,,,,
sleep_efficiency_binary,transformer,,80m,3,False,False,0.598608618865209,0.6116840524248558,0.6843710993505494,0.6605472861527045,0.7268475898196951,2,47095,10100,10105,26,0,129.90870518684386,32,160,1472,5.0,592002,3072,128,True,5,,,,,,,,,,,,,,,,,,,,,,,,,,
sleep_efficiency_binary,transformer,,80m,4,False,False,0.590083341609142,0.6115750368514864,0.6896323157856379,0.6684123821929354,0.7269492557537434,2,47095,10100,10105,26,0,129.90870518684386,32,160,1472,5.0,592002,3072,128,True,5,,,,,,,,,,,,,,,,,,,,,,,,,,
sleep_efficiency_binary,transformer,,80m,5,False,False,0.584360627313495,0.6177797594873031,0.6936266664535418,0.6662820755820285,0.7322152769096136,2,47095,10100,10105,26,0,129.90870518684386,32,160,1472,5.0,592002,3072,128,True,5,,,,,,,,,,,,,,,,,,,,,,,,,,
sleep_efficiency_binary,transformer,,80m,6,False,False,0.5778939795843392,0.6256757730304605,0.6979641434486596,0.6578322290286286,0.7270737672854268,2,47095,10100,10105,26,0,129.90870518684386,32,160,1472,5.0,592002,3072,128,True,5,,,,,,,,,,,,,,,,,,,,,,,,,,
sleep_efficiency_binary,transformer,,80m,7,False,False,0.5738333650348622,0.6225844742756079,0.7009131783401548,0.659464287874694,0.7262459420330767,2,47095,10100,10105,26,0,129.90870518684386,32,160,1472,5.0,592002,3072,128,True,5,,,,,,,,,,,,,,,,,,,,,,,,,,
sleep_efficiency_binary,transformer,,80m,8,False,False,0.5709426224086173,0.6137061012145316,0.7020416651562391,0.665215208352657,0.7281395255052043,2,47095,10100,10105,26,0,129.90870518684386,32,160,1472,5.0,592002,3072,128,True,5,,,,,,,,,,,,,,,,,,,,,,,,,,
sleep_efficiency_binary,transformer,,80m,9,False,False,0.569397834719512,0.6103341081354877,0.7048473497681172,0.6658876714428014,0.7336505369622816,2,47095,10100,10105,26,0,129.90870518684386,32,160,1472,5.0,592002,3072,128,True,5,,,,,,,,,,,,,,,,,,,,,,,,,,
sleep_efficiency_binary,transformer,,80m,10,False,False,0.565743818713647,0.6176135137293598,0.7063887184999738,0.6642142767845981,0.7310622093890768,2,47095,10100,10105,26,0,129.90870518684386,32,160,1472,5.0,592002,3072,128,True,5,,,,,,,,,,,,,,,,,,,,,,,,,,
sleep_efficiency_binary,transformer,,80m,11,False,False,0.5626465912925322,0.62371263494586,0.7111768452358356,0.66568623497292,0.7330217486863276,2,47095,10100,10105,26,0,129.90870518684386,32,160,1472,5.0,592002,3072,128,True,5,,,,,,,,,,,,,,,,,,,,,,,,,,
sleep_efficiency_binary,transformer,,80m,12,False,False,0.5605802700415528,0.6173845676856465,0.7100968919063823,0.6671882372393323,0.7303160475704624,2,47095,10100,10105,26,0,129.90870518684386,32,160,1472,5.0,592002,3072,128,True,5,,,,,,,,,,,,,,,,,,,,,,,,,,
sleep_efficiency_binary,transformer,,80m,13,False,False,0.5567162087090469,0.6162425836478129,0.715114218294508,0.6635456448185055,0.7289456141695132,2,47095,10100,10105,26,0,129.90870518684386,32,160,1472,5.0,592002,3072,128,True,5,,,,,,,,,,,,,,,,,,,,,,,,,,
sleep_efficiency_binary,transformer,,80m,14,False,False,0.5528797247934043,0.6186490786901795,0.7167087540766083,0.667740322379007,0.7335303404861091,2,47095,10100,10105,26,0,129.90870518684386,32,160,1472,5.0,592002,3072,128,True,5,,,,,,,,,,,,,,,,,,,,,,,,,,
sleep_efficiency_binary,transformer,,80m,15,False,False,0.5510153682954069,0.6159576532864335,0.7185900760484818,0.6668291197690034,0.7297170412430587,2,47095,10100,10105,26,0,129.90870518684386,32,160,1472,5.0,592002,3072,128,True,5,,,,,,,,,,,,,,,,,,,,,,,,,,
sleep_efficiency_binary,transformer,,80m,16,True,False,0.5476971736517742,0.6153859944390778,0.721137137403429,0.6707622727034428,0.7344432973476523,2,47095,10100,10105,26,0,129.90870518684386,32,160,1472,5.0,592002,3072,128,True,5,0.7317124960186856,0.7349741000920147,0.7252184540266093,0.8129454212827474,0.7492430498210845,0.720705150362945,,,,0.6733663366336634,0.6707622727034428,0.6679921611239277,0.6551068883610451,0.6864176570458405,,,,0.661850569025235,0.6580035248283965,0.6524952818762485,0.7208666336858162,0.640764331210191,0.675242718446602,,,
sleep_efficiency_binary,transformer,,80m,17,False,False,0.5458862490747142,0.6193995662254862,0.7227828136463491,0.6644641064003969,0.7303786360391824,2,47095,10100,10105,26,0,129.90870518684386,32,160,1472,5.0,592002,3072,128,True,5,,,,,,,,,,,,,,,,,,,,,,,,,,
sleep_efficiency_binary,transformer,,80m,18,False,False,0.5411939763620358,0.6211922398416122,0.7245784004196276,0.6568145614976065,0.7217634260734205,2,47095,10100,10105,26,0,129.90870518684386,32,160,1472,5.0,592002,3072,128,True,5,,,,,,,,,,,,,,,,,,,,,,,,,,
sleep_efficiency_binary,transformer,,80m,19,False,False,0.5412289704381945,0.6266351292392995,0.728013274446163,0.6597619057220863,0.7275157580181394,2,47095,10100,10105,26,0,129.90870518684386,32,160,1472,5.0,592002,3072,128,True,5,,,,,,,,,,,,,,,,,,,,,,,,,,
sleep_efficiency_binary,transformer,,80m,20,False,False,0.5357359641163273,0.6321616880728467,0.730262669775626,0.6639438800817844,0.7324830321532128,2,47095,10100,10105,26,0,129.90870518684386,32,160,1472,5.0,592002,3072,128,True,5,,,,,,,,,,,,,,,,,,,,,,,,,,
sleep_efficiency_binary,transformer,,80m,21,False,False,0.5314556377254761,0.6232858671056162,0.7335080957490241,0.6616026600099205,0.7294309167678218,2,47095,10100,10105,26,0,129.90870518684386,32,160,1472,5.0,592002,3072,128,True,5,,,,,,,,,,,,,,,,,,,,,,,,,,
sleep_efficiency_binary,transformer,,80m,22,False,False,0.5282070299320786,0.6277062843341639,0.7364999982398166,0.6634232504869559,0.7281254511652666,2,47095,10100,10105,26,0,129.90870518684386,32,160,1472,5.0,592002,3072,128,True,5,,,,,,,,,,,,,,,,,,,,,,,,,,
sleep_efficiency_binary,transformer,,80m,23,False,False,0.5249375320579459,0.6363420913243057,0.7391091369783209,0.6599631405538595,0.7261814380023309,2,47095,10100,10105,26,0,129.90870518684386,32,160,1472,5.0,592002,3072,128,True,5,,,,,,,,,,,,,,,,,,,,,,,,,,
sleep_efficiency_binary,transformer,,80m,24,False,False,0.522042826123394,0.6346123478200176,0.7416049579701528,0.6585726441611652,0.7224628078509814,2,47095,10100,10105,26,0,129.90870518684386,32,160,1472,5.0,592002,3072,128,True,5,,,,,,,,,,,,,,,,,,,,,,,,,,
sleep_efficiency_binary,transformer,,80m,25,False,False,0.5194078126256412,0.6572007640753642,0.7443171578196524,0.6588773193423372,0.7236973170033352,2,47095,10100,10105,26,0,129.90870518684386,32,160,1472,5.0,592002,3072,128,True,5,,,,,,,,,,,,,,,,,,,,,,,,,,
sleep_efficiency_binary,transformer,,80m,26,False,False,0.5160562519504963,0.643878270564693,0.7459187486067198,0.6589412386225697,0.7209512882658721,2,47095,10100,10105,26,0,129.90870518684386,32,160,1472,5.0,592002,3072,128,True,5,,,,,,,,,,,,,,,,,,,,,,,,,,
sleep_efficiency_binary,transformer,,120m,1,False,False,0.6223069095677385,0.6179449708154886,0.6623957246003884,0.6723650940238497,0.7315180526598084,2,47095,10100,10105,21,0,50.02051880757014,32,240,1472,5.0,592002,3072,128,True,5,,,,,,,,,,,,,,,,,,,,,,,,,,
sleep_efficiency_binary,transformer,,120m,2,False,False,0.5925710805314959,0.6007467055556798,0.688416024366265,0.6795331271247615,0.74535510487198,2,47095,10100,10105,21,0,50.02051880757014,32,240,1472,5.0,592002,3072,128,True,5,,,,,,,,,,,,,,,,,,,,,,,,,,
sleep_efficiency_binary,transformer,,120m,3,False,False,0.579052668802297,0.6097726820955182,0.698236805356742,0.677091289637011,0.7462131758405285,2,47095,10100,10105,21,0,50.02051880757014,32,240,1472,5.0,592002,3072,128,True,5,,,,,,,,,,,,,,,,,,,,,,,,,,
sleep_efficiency_binary,transformer,,120m,4,False,False,0.5688060240351176,0.6553202517197864,0.7060111116090368,0.6592773693485879,0.7505994902588631,2,47095,10100,10105,21,0,50.02051880757014,32,240,1472,5.0,592002,3072,128,True,5,,,,,,,,,,,,,,,,,,,,,,,,,,
sleep_efficiency_binary,transformer,,120m,5,False,False,0.5636799080747241,0.605249239926291,0.7100880957471212,0.6847293411676459,0.7528487028620514,2,47095,10100,10105,21,0,50.02051880757014,32,240,1472,5.0,592002,3072,128,True,5,,,,,,,,,,,,,,,,,,,,,,,,,,
sleep_efficiency_binary,transformer,,120m,6,False,False,0.5560753116506163,0.5957897100118127,0.7173765343208628,0.688121095782134,0.754848166504684,2,47095,10100,10105,21,0,50.02051880757014,32,240,1472,5.0,592002,3072,128,True,5,,,,,,,,,,,,,,,,,,,,,,,,,,
sleep_efficiency_binary,transformer,,120m,7,False,False,0.5520460593990237,0.6011350160069985,0.7188827279301795,0.6782734938641524,0.749519556880094,2,47095,10100,10105,21,0,50.02051880757014,32,240,1472,5.0,592002,3072,128,True,5,,,,,,,,,,,,,,,,,,,,,,,,,,
sleep_efficiency_binary,transformer,,120m,8,False,False,0.5478171033601824,0.6117207737724379,0.7230767690151413,0.6728607204932875,0.7543345337522029,2,47095,10100,10105,21,0,50.02051880757014,32,240,1472,5.0,592002,3072,128,True,5,,,,,,,,,,,,,,,,,,,,,,,,,,
sleep_efficiency_binary,transformer,,120m,9,False,False,0.5427416036685621,0.6019341237474196,0.725497720372333,0.6868919098758313,0.7518073226895298,2,47095,10100,10105,21,0,50.02051880757014,32,240,1472,5.0,592002,3072,128,True,5,,,,,,,,,,,,,,,,,,,,,,,,,,
sleep_efficiency_binary,transformer,,120m,10,False,False,0.5398101423447116,0.622358614572204,0.7284563458842015,0.6736656598203807,0.752322750021172,2,47095,10100,10105,21,0,50.02051880757014,32,240,1472,5.0,592002,3072,128,True,5,,,,,,,,,,,,,,,,,,,,,,,,,,
sleep_efficiency_binary,transformer,,120m,11,True,False,0.5360671730339686,0.5961480076006144,0.7296789121191856,0.6890585113461762,0.7573194229923902,2,47095,10100,10105,21,0,50.02051880757014,32,240,1472,5.0,592002,3072,128,True,5,0.7162756131224122,0.7408557858985341,0.7151874501838704,0.825413706347573,0.8483897605284888,0.6333218112685793,,,,0.6751485148514852,0.6890585113461762,0.6748362320440852,0.7726840855106888,0.6054329371816638,,,,0.655022266204849,0.6740353101230598,0.6535487997137281,0.747901057448519,0.759235668789809,0.5888349514563107,,,
sleep_efficiency_binary,transformer,,120m,12,False,False,0.5311909530658684,0.6405997856064598,0.7359297273932761,0.6594941303146764,0.7452448491545314,2,47095,10100,10105,21,0,50.02051880757014,32,240,1472,5.0,592002,3072,128,True,5,,,,,,,,,,,,,,,,,,,,,,,,,,
sleep_efficiency_binary,transformer,,120m,13,False,False,0.5264893902868131,0.5971993474913115,0.738814120742295,0.6884535970222084,0.7531274675463465,2,47095,10100,10105,21,0,50.02051880757014,32,240,1472,5.0,592002,3072,128,True,5,,,,,,,,,,,,,,,,,,,,,,,,,,
sleep_efficiency_binary,transformer,,120m,14,False,False,0.5201235108446931,0.6112588548660278,0.7438300580127872,0.6799674556093706,0.7454043247341402,2,47095,10100,10105,21,0,50.02051880757014,32,240,1472,5.0,592002,3072,128,True,5,,,,,,,,,,,,,,,,,,,,,,,,,,
sleep_efficiency_binary,transformer,,120m,15,False,False,0.5178188229571584,0.6193774699928737,0.7465768097847924,0.678902201484863,0.7413506930301772,2,47095,10100,10105,21,0,50.02051880757014,32,240,1472,5.0,592002,3072,128,True,5,,,,,,,,,,,,,,,,,,,,,,,,,,
sleep_efficiency_binary,transformer,,120m,16,False,False,0.5137982545504969,0.6041968815633566,0.7477034270007742,0.6818356326798914,0.7479098798640154,2,47095,10100,10105,21,0,50.02051880757014,32,240,1472,5.0,592002,3072,128,True,5,,,,,,,,,,,,,,,,,,,,,,,,,,
sleep_efficiency_binary,transformer,,120m,17,False,False,0.5101417002625773,0.6149124592601662,0.7515614395787586,0.679619024958765,0.7432705499477757,2,47095,10100,10105,21,0,50.02051880757014,32,240,1472,5.0,592002,3072,128,True,5,,,,,,,,,,,,,,,,,,,,,,,,,,
sleep_efficiency_binary,transformer,,120m,18,False,False,0.5039254146980776,0.6211802302728785,0.7539958063870678,0.6789511995451045,0.7459972617544934,2,47095,10100,10105,21,0,50.02051880757014,32,240,1472,5.0,592002,3072,128,True,5,,,,,,,,,,,,,,,,,,,,,,,,,,
sleep_efficiency_binary,transformer,,120m,19,False,False,0.4987433388628313,0.6241709246257744,0.7589682814017414,0.6786870536236385,0.7498838362859873,2,47095,10100,10105,21,0,50.02051880757014,32,240,1472,5.0,592002,3072,128,True,5,,,,,,,,,,,,,,,,,,,,,,,,,,
sleep_efficiency_binary,transformer,,120m,20,False,False,0.4940515993329696,0.6403409985976644,0.7615850698017339,0.6706209243897423,0.738287265746928,2,47095,10100,10105,21,0,50.02051880757014,32,240,1472,5.0,592002,3072,128,True,5,,,,,,,,,,,,,,,,,,,,,,,,,,
sleep_efficiency_binary,transformer,,120m,21,False,False,0.4898047767952124,0.6198983884329843,0.7650315039510407,0.6820725574567789,0.7467922199952415,2,47095,10100,10105,21,0,50.02051880757014,32,240,1472,5.0,592002,3072,128,True,5,,,,,,,,,,,,,,,,,,,,,,,,,,
sleep_efficiency_binary,transformer,,240m,1,False,False,0.5825510118737672,0.6053298550249091,0.7006211924737606,0.6962479913285117,0.7865302586030865,2,47095,10096,10105,14,0,55.623540341854095,32,480,1472,5.0,592002,3072,128,True,5,,,,,,,,,,,,,,,,,,,,,,,,,,
sleep_efficiency_binary,transformer,,240m,2,False,False,0.5358775545044909,0.5633569474076696,0.7359232527730737,0.7183896649160656,0.7907811966556981,2,47095,10096,10105,14,0,55.623540341854095,32,480,1472,5.0,592002,3072,128,True,5,,,,,,,,,,,,,,,,,,,,,,,,,,
sleep_efficiency_binary,transformer,,240m,3,False,False,0.5132156367501404,0.5746866858987913,0.7513310220699394,0.7121797122363707,0.7939055837637197,2,47095,10096,10105,14,0,55.623540341854095,32,480,1472,5.0,592002,3072,128,True,5,,,,,,,,,,,,,,,,,,,,,,,,,,
sleep_efficiency_binary,transformer,,240m,4,True,False,0.4997778363555135,0.5722349490114323,0.7614795301623584,0.7230581766145845,0.801554919560324,2,47095,10096,10105,14,0,55.623540341854095,32,480,1472,5.0,592002,3072,128,True,5,0.7815691687015607,0.7707716282047585,0.7700929370555039,0.8539896000758878,0.7235342691990091,0.8180089872105081,,,,0.7360340729001584,0.7230581766145845,0.7252409402419999,0.6448931116389549,0.8012232415902141,,,,0.7276595744680852,0.7123639024591346,0.7127933820493633,0.7967204460660029,0.6438216560509554,0.7809061488673139,,,
sleep_efficiency_binary,transformer,,240m,5,False,False,0.4879986462135934,0.5713205161355377,0.7693696612332187,0.7131229302915327,0.7889784972272061,2,47095,10096,10105,14,0,55.623540341854095,32,480,1472,5.0,592002,3072,128,True,5,,,,,,,,,,,,,,,,,,,,,,,,,,
sleep_efficiency_binary,transformer,,240m,6,False,False,0.4748383260681973,0.5631628940959362,0.7765620366139059,0.7195526564503879,0.7960792467814848,2,47095,10096,10105,14,0,55.623540341854095,32,480,1472,5.0,592002,3072,128,True,5,,,,,,,,,,,,,,,,,,,,,,,,,,
sleep_efficiency_binary,transformer,,240m,7,False,False,0.4658730775867757,0.6288405427275293,0.7834779252557665,0.705899340033882,0.7947560861434556,2,47095,10096,10105,14,0,55.623540341854095,32,480,1472,5.0,592002,3072,128,True,5,,,,,,,,,,,,,,,,,,,,,,,,,,
sleep_efficiency_binary,transformer,,240m,8,False,False,0.4571992331280654,0.5825235110171813,0.7884158055326653,0.7189625045298518,0.7911166881758963,2,47095,10096,10105,14,0,55.623540341854095,32,480,1472,5.0,592002,3072,128,True,5,,,,,,,,,,,,,,,,,,,,,,,,,,
sleep_efficiency_binary,transformer,,240m,9,False,False,0.4475864710815647,0.6181495463602517,0.7964723500416593,0.7040779562277089,0.7887705679485844,2,47095,10096,10105,14,0,55.623540341854095,32,480,1472,5.0,592002,3072,128,True,5,,,,,,,,,,,,,,,,,,,,,,,,,,
sleep_efficiency_binary,transformer,,240m,10,False,False,0.436754730851651,0.6040588092596142,0.8032378191271793,0.7063997020184778,0.7870288449664771,2,47095,10096,10105,14,0,55.623540341854095,32,480,1472,5.0,592002,3072,128,True,5,,,,,,,,,,,,,,,,,,,,,,,,,,
sleep_efficiency_binary,transformer,,240m,11,False,False,0.4253718819141337,0.626126447258585,0.8095609113334777,0.7052261374669795,0.7812546256950145,2,47095,10096,10105,14,0,55.623540341854095,32,480,1472,5.0,592002,3072,128,True,5,,,,,,,,,,,,,,,,,,,,,,,,,,
sleep_efficiency_binary,transformer,,240m,12,False,False,0.4189758122258409,0.6840054340861301,0.8146172234031308,0.6938735015169455,0.7880726277498924,2,47095,10096,10105,14,0,55.623540341854095,32,480,1472,5.0,592002,3072,128,True,5,,,,,,,,,,,,,,,,,,,,,,,,,,
sleep_efficiency_binary,transformer,,240m,13,False,False,0.4083467089651446,0.6526662019655557,0.8180610791217617,0.697605816935068,0.7704376018460005,2,47095,10096,10105,14,0,55.623540341854095,32,480,1472,5.0,592002,3072,128,True,5,,,,,,,,,,,,,,,,,,,,,,,,,,
sleep_efficiency_binary,transformer,,240m,14,False,False,0.3981565805551719,0.6447313229321677,0.8241274747582579,0.7065599114772119,0.7861750738295226,2,47095,10096,10105,14,0,55.623540341854095,32,480,1472,5.0,592002,3072,128,True,5,,,,,,,,,,,,,,,,,,,,,,,,,,
