k,n_subjects,n_segments,seg_accuracy,seg_balanced_accuracy,seg_macro_f1,seg_auroc,mean_prob_accuracy,mean_prob_balanced_accuracy,mean_prob_macro_f1,mean_prob_auroc,majority_accuracy,majority_balanced_accuracy,majority_macro_f1,majority_auroc,context_length,split
1,196,196,0.28061224489795916,0.4941133186166298,0.26871477335873617,0.533186166298749,0.28061224489795916,0.4941133186166298,0.26871477335873617,0.533186166298749,0.28061224489795916,0.4941133186166298,0.26871477335873617,0.533186166298749,120m,test
5,196,742,0.2991913746630728,0.5195022439820481,0.2867494824016563,0.5782333741330069,0.29081632653061223,0.5241353936718175,0.27494344644045243,0.5905813097866078,0.29081632653061223,0.5241353936718175,0.27494344644045243,0.5905813097866078,120m,test
all,196,747,0.29852744310575635,0.5198988877654196,0.28649653663871677,0.5782002022244691,0.29081632653061223,0.5241353936718175,0.27494344644045243,0.5904341427520235,0.29081632653061223,0.5241353936718175,0.27494344644045243,0.5904341427520235,120m,test
