k,n_subjects,n_segments,seg_accuracy,seg_balanced_accuracy,seg_macro_f1,seg_auroc,mean_prob_accuracy,mean_prob_balanced_accuracy,mean_prob_macro_f1,mean_prob_auroc,majority_accuracy,majority_balanced_accuracy,majority_macro_f1,majority_auroc,context_length,split
1,194,194,0.29896907216494845,0.5358687546607009,0.281794425087108,0.7219985085756897,0.29896907216494845,0.5358687546607009,0.281794425087108,0.7219985085756897,0.29896907216494845,0.5358687546607009,0.281794425087108,0.7219985085756897,120m,val
5,194,704,0.3125,0.5359182966937857,0.3035060177917321,0.6487334833535283,0.30927835051546393,0.5425801640566741,0.2945837403668729,0.6510067114093959,0.31958762886597936,0.5415361670395228,0.3090124123043713,0.6510067114093959,120m,val
all,194,706,0.3130311614730878,0.5359775641025641,0.30386785260482846,0.649702380952381,0.30927835051546393,0.5425801640566741,0.2945837403668729,0.6514541387024608,0.31958762886597936,0.5415361670395228,0.3090124123043713,0.6514541387024608,120m,val
