task,head,run_tag,context_length,epoch,is_best_epoch,is_overfit_epoch,train_loss,val_loss,train_bal_acc,val_bal_acc,val_auroc,num_classes,n_train,n_val,n_test,n_epochs_run,n_overfit_epochs,training_time_min,batch_size,seq_len,steps_per_epoch,windows_per_subject_train,n_trainable_params,input_dim,hidden_dim,save_snapshots,snapshot_interval,train_accuracy,train_balanced_accuracy,train_macro_f1,train_auroc,train_recall_class0,train_recall_class1,train_recall_class2,train_recall_class3,train_recall_class4,val_accuracy,val_balanced_accuracy,val_macro_f1,val_recall_class0,val_recall_class1,val_recall_class2,val_recall_class3,val_recall_class4,test_accuracy,test_balanced_accuracy,test_macro_f1,test_auroc,test_recall_class0,test_recall_class1,test_recall_class2,test_recall_class3,test_recall_class4
age_class,lstm,,30s,1,False,False,0.8786397801687016,0.8393329655976784,0.550321360662044,0.5813277596590223,0.7875200576628466,3,43345,9305,9295,28,0,21.96684121688207,32,6,1355,5.0,658179,512,128,True,5,,,,,,,,,,,,,,,,,,,,,,,,,,
age_class,lstm,,30s,2,False,False,0.7990629617641756,0.8212105178115574,0.6063196471154177,0.5774270568779544,0.7976213496887391,3,43345,9305,9295,28,0,21.96684121688207,32,6,1355,5.0,658179,512,128,True,5,,,,,,,,,,,,,,,,,,,,,,,,,,
age_class,lstm,,30s,3,False,False,0.7730521185847217,0.8042184865071145,0.6253328483341966,0.5829564001187828,0.808629083840858,3,43345,9305,9295,28,0,21.96684121688207,32,6,1355,5.0,658179,512,128,True,5,,,,,,,,,,,,,,,,,,,,,,,,,,
age_class,lstm,,30s,4,False,False,0.7532660104230361,0.8005966537169139,0.6364664399681405,0.5988356606984233,0.8059566989014896,3,43345,9305,9295,28,0,21.96684121688207,32,6,1355,5.0,658179,512,128,True,5,,,,,,,,,,,,,,,,,,,,,,,,,,
age_class,lstm,,30s,5,False,False,0.7361231561226338,0.7966608683951499,0.6489214914867771,0.5985243838270984,0.813068745416866,3,43345,9305,9295,28,0,21.96684121688207,32,6,1355,5.0,658179,512,128,True,5,,,,,,,,,,,,,,,,,,,,,,,,,,
age_class,lstm,,30s,6,False,False,0.7238872516332634,0.806354139018994,0.6585115464233672,0.6081993743041277,0.8057044883410166,3,43345,9305,9295,28,0,21.96684121688207,32,6,1355,5.0,658179,512,128,True,5,,,,,,,,,,,,,,,,,,,,,,,,,,
age_class,lstm,,30s,7,False,False,0.7138422013085418,0.8154728744825581,0.6651678486007158,0.6118448885149239,0.8046114384844637,3,43345,9305,9295,28,0,21.96684121688207,32,6,1355,5.0,658179,512,128,True,5,,,,,,,,,,,,,,,,,,,,,,,,,,
age_class,lstm,,30s,8,False,False,0.6995327773920901,0.8104465544063644,0.6721483316446473,0.5955589410714198,0.8090679724630815,3,43345,9305,9295,28,0,21.96684121688207,32,6,1355,5.0,658179,512,128,True,5,,,,,,,,,,,,,,,,,,,,,,,,,,
age_class,lstm,,30s,9,False,False,0.6916768633902644,0.8021676522823253,0.6815799478997008,0.6137046944188824,0.8104377511900598,3,43345,9305,9295,28,0,21.96684121688207,32,6,1355,5.0,658179,512,128,True,5,,,,,,,,,,,,,,,,,,,,,,,,,,
age_class,lstm,,30s,10,False,False,0.6804318314688279,0.8341871740739875,0.6856617844297656,0.6146221254343286,0.8033266461177008,3,43345,9305,9295,28,0,21.96684121688207,32,6,1355,5.0,658179,512,128,True,5,,,,,,,,,,,,,,,,,,,,,,,,,,
age_class,lstm,,30s,11,False,False,0.6673543519236139,0.8162551213822526,0.6912236245251187,0.5962336876470781,0.810781455977058,3,43345,9305,9295,28,0,21.96684121688207,32,6,1355,5.0,658179,512,128,True,5,,,,,,,,,,,,,,,,,,,,,,,,,,
age_class,lstm,,30s,12,False,False,0.6584707017959175,0.8227163221937299,0.6939757476302275,0.6080796321235877,0.8056422516451315,3,43345,9305,9295,28,0,21.96684121688207,32,6,1355,5.0,658179,512,128,True,5,,,,,,,,,,,,,,,,,,,,,,,,,,
age_class,lstm,,30s,13,False,False,0.6495881534252548,0.8290425770645306,0.7064058862940619,0.5892395132068601,0.814088225047014,3,43345,9305,9295,28,0,21.96684121688207,32,6,1355,5.0,658179,512,128,True,5,,,,,,,,,,,,,,,,,,,,,,,,,,
age_class,lstm,,30s,14,False,False,0.6388949221840833,0.8203757665799165,0.7099635697135623,0.5980229694824527,0.8079873151321433,3,43345,9305,9295,28,0,21.96684121688207,32,6,1355,5.0,658179,512,128,True,5,,,,,,,,,,,,,,,,,,,,,,,,,,
age_class,lstm,,30s,15,False,False,0.6277644797143728,0.8340440297113959,0.7141316306522087,0.5922146656580946,0.8063790034921423,3,43345,9305,9295,28,0,21.96684121688207,32,6,1355,5.0,658179,512,128,True,5,,,,,,,,,,,,,,,,,,,,,,,,,,
age_class,lstm,,30s,16,False,False,0.6201631711433883,0.8228757181838915,0.7192880442265398,0.606801854217034,0.8080986299365329,3,43345,9305,9295,28,0,21.96684121688207,32,6,1355,5.0,658179,512,128,True,5,,,,,,,,,,,,,,,,,,,,,,,,,,
age_class,lstm,,30s,17,False,False,0.6126751616004155,0.8278502593048153,0.7267427359990957,0.6117012970556442,0.809855885108322,3,43345,9305,9295,28,0,21.96684121688207,32,6,1355,5.0,658179,512,128,True,5,,,,,,,,,,,,,,,,,,,,,,,,,,
age_class,lstm,,30s,18,True,False,0.6000018812763277,0.8517658934165303,0.7301907232599897,0.5874056363108616,0.8144080073176725,3,43345,9305,9295,28,0,21.96684121688207,32,6,1355,5.0,658179,512,128,True,5,0.7591417695235898,0.7728025630153391,0.7455589066384931,0.9122209986609212,0.7838235294117647,0.8028009084027252,0.7317832512315271,,,0.6481461579795809,0.5874056363108616,0.5753577984931545,0.43781094527363185,0.6265957446808511,0.6978102189781021,,,0.6540075309306078,0.5923209322322399,0.5756305871888323,0.81956943716858,0.4371584699453552,0.6460992907801418,0.693705035971223,,
age_class,lstm,,30s,19,False,False,0.593375105030851,0.843607643418002,0.7387074930209625,0.5991181111062176,0.8125311671242024,3,43345,9305,9295,28,0,21.96684121688207,32,6,1355,5.0,658179,512,128,True,5,,,,,,,,,,,,,,,,,,,,,,,,,,
age_class,lstm,,30s,20,False,False,0.5857487666591776,0.8639023848210273,0.7400052344517123,0.5845797736481954,0.8120065013918842,3,43345,9305,9295,28,0,21.96684121688207,32,6,1355,5.0,658179,512,128,True,5,,,,,,,,,,,,,,,,,,,,,,,,,,
age_class,lstm,,30s,21,False,False,0.5740611472458751,0.8592709223600179,0.7481983469521355,0.5916734982230227,0.8070561649637488,3,43345,9305,9295,28,0,21.96684121688207,32,6,1355,5.0,658179,512,128,True,5,,,,,,,,,,,,,,,,,,,,,,,,,,
age_class,lstm,,30s,22,False,False,0.5615404236322181,0.90260334388983,0.7533712469874008,0.5789956041091844,0.8107820732971615,3,43345,9305,9295,28,0,21.96684121688207,32,6,1355,5.0,658179,512,128,True,5,,,,,,,,,,,,,,,,,,,,,,,,,,
age_class,lstm,,30s,23,False,False,0.5495887259550608,0.8659319197984231,0.7610845957532559,0.5958325703366998,0.8113312599286869,3,43345,9305,9295,28,0,21.96684121688207,32,6,1355,5.0,658179,512,128,True,5,,,,,,,,,,,,,,,,,,,,,,,,,,
age_class,lstm,,30s,24,False,False,0.5406804056910993,0.8641416653582384,0.7652772271298559,0.5956867124232851,0.808645784191007,3,43345,9305,9295,28,0,21.96684121688207,32,6,1355,5.0,658179,512,128,True,5,,,,,,,,,,,,,,,,,,,,,,,,,,
age_class,lstm,,30s,25,False,False,0.5299942057257032,0.9263744425735186,0.7710240482211836,0.5757478783542554,0.8106228768485145,3,43345,9305,9295,28,0,21.96684121688207,32,6,1355,5.0,658179,512,128,True,5,,,,,,,,,,,,,,,,,,,,,,,,,,
age_class,lstm,,30s,26,False,False,0.5209581198817733,0.9119588117712228,0.775486479799051,0.5806297111017877,0.8130630492023553,3,43345,9305,9295,28,0,21.96684121688207,32,6,1355,5.0,658179,512,128,True,5,,,,,,,,,,,,,,,,,,,,,,,,,,
age_class,lstm,,30s,27,False,False,0.5119942918658765,0.899802355110357,0.7787272140525009,0.59221735707238,0.8071073816993509,3,43345,9305,9295,28,0,21.96684121688207,32,6,1355,5.0,658179,512,128,True,5,,,,,,,,,,,,,,,,,,,,,,,,,,
age_class,lstm,,30s,28,False,False,0.5031273562893871,0.8969968422070298,0.7830669399713214,0.6012689116925081,0.8043139641220604,3,43345,9305,9295,28,0,21.96684121688207,32,6,1355,5.0,658179,512,128,True,5,,,,,,,,,,,,,,,,,,,,,,,,,,
age_class,lstm,,10m,1,False,False,0.8661113854523884,0.8091563012508984,0.5632571717245723,0.5827861842622061,0.7997810323667256,3,43345,9305,9295,26,0,27.262802565097807,32,120,1355,5.0,658179,512,128,True,5,,,,,,,,,,,,,,,,,,,,,,,,,,
age_class,lstm,,10m,2,False,False,0.7854417262914506,0.7976930689517047,0.6122597757889864,0.5946731695871731,0.8084840240539197,3,43345,9305,9295,26,0,27.262802565097807,32,120,1355,5.0,658179,512,128,True,5,,,,,,,,,,,,,,,,,,,,,,,,,,
age_class,lstm,,10m,3,False,False,0.7541206888927557,0.7806882467275021,0.6366673763608657,0.6123143407052329,0.8171432224038123,3,43345,9305,9295,26,0,27.262802565097807,32,120,1355,5.0,658179,512,128,True,5,,,,,,,,,,,,,,,,,,,,,,,,,,
age_class,lstm,,10m,4,False,False,0.7313068057429435,0.7777250664904193,0.6505819644519688,0.6214159569188277,0.8175253259889397,3,43345,9305,9295,26,0,27.262802565097807,32,120,1355,5.0,658179,512,128,True,5,,,,,,,,,,,,,,,,,,,,,,,,,,
age_class,lstm,,10m,5,False,False,0.7157220195645843,0.8015343973804455,0.6614418662398265,0.6235722562319118,0.8133580693388366,3,43345,9305,9295,26,0,27.262802565097807,32,120,1355,5.0,658179,512,128,True,5,,,,,,,,,,,,,,,,,,,,,,,,,,
age_class,lstm,,10m,6,False,False,0.6979676786873329,0.7676305499274138,0.6742286559981481,0.6279175703508652,0.8255980355766047,3,43345,9305,9295,26,0,27.262802565097807,32,120,1355,5.0,658179,512,128,True,5,,,,,,,,,,,,,,,,,,,,,,,,,,
age_class,lstm,,10m,7,False,False,0.6863717154821787,0.7865294101864724,0.6824047754683592,0.631143900006104,0.8211788660859151,3,43345,9305,9295,26,0,27.262802565097807,32,120,1355,5.0,658179,512,128,True,5,,,,,,,,,,,,,,,,,,,,,,,,,,
age_class,lstm,,10m,8,False,False,0.671671505808514,0.7804806952063977,0.6901600286568463,0.6230394656628335,0.8290555259029689,3,43345,9305,9295,26,0,27.262802565097807,32,120,1355,5.0,658179,512,128,True,5,,,,,,,,,,,,,,,,,,,,,,,,,,
age_class,lstm,,10m,9,False,False,0.6606848814630745,0.7747362195772871,0.6959438142429176,0.6227944053094778,0.8248446032389203,3,43345,9305,9295,26,0,27.262802565097807,32,120,1355,5.0,658179,512,128,True,5,,,,,,,,,,,,,,,,,,,,,,,,,,
age_class,lstm,,10m,10,False,False,0.6523696115567261,0.7787482114327589,0.7043574688587486,0.6121744708666638,0.8281442827670339,3,43345,9305,9295,26,0,27.262802565097807,32,120,1355,5.0,658179,512,128,True,5,,,,,,,,,,,,,,,,,,,,,,,,,,
age_class,lstm,,10m,11,False,False,0.6343675244829484,0.7804732126423519,0.7154273595522419,0.6198206565144974,0.8283403678644548,3,43345,9305,9295,26,0,27.262802565097807,32,120,1355,5.0,658179,512,128,True,5,,,,,,,,,,,,,,,,,,,,,,,,,,
age_class,lstm,,10m,12,False,False,0.6244986543558863,0.7927770622951379,0.7161602369732251,0.6180419342949794,0.8194558331677376,3,43345,9305,9295,26,0,27.262802565097807,32,120,1355,5.0,658179,512,128,True,5,,,,,,,,,,,,,,,,,,,,,,,,,,
age_class,lstm,,10m,13,False,False,0.6154281553587901,0.8215019817444537,0.7232715912541633,0.6270598333589598,0.821401860439654,3,43345,9305,9295,26,0,27.262802565097807,32,120,1355,5.0,658179,512,128,True,5,,,,,,,,,,,,,,,,,,,,,,,,,,
age_class,lstm,,10m,14,False,False,0.6014129037090563,0.8266543074873812,0.7332603834820101,0.6218943397110838,0.8188816069471582,3,43345,9305,9295,26,0,27.262802565097807,32,120,1355,5.0,658179,512,128,True,5,,,,,,,,,,,,,,,,,,,,,,,,,,
age_class,lstm,,10m,15,False,False,0.5921040222050479,0.822509952695827,0.7352088756670018,0.6099576919976398,0.8244826022040437,3,43345,9305,9295,26,0,27.262802565097807,32,120,1355,5.0,658179,512,128,True,5,,,,,,,,,,,,,,,,,,,,,,,,,,
age_class,lstm,,10m,16,True,False,0.5805829035203093,0.8088788974932097,0.7423056343475029,0.6036343557874551,0.8294163515542032,3,43345,9305,9295,26,0,27.262802565097807,32,120,1355,5.0,658179,512,128,True,5,0.7710001153535586,0.7722185937101614,0.748964871806677,0.9153637227980383,0.7890756302521008,0.7479939439818319,0.7795862068965517,,,0.6573885008060183,0.6036343557874551,0.5851229150403053,0.49950248756218907,0.5907801418439717,0.7206204379562043,,,0.6656266810112964,0.6129730746271487,0.5896170343365604,0.8338076825040749,0.507103825136612,0.6138297872340426,0.7179856115107913,,
age_class,lstm,,10m,17,False,False,0.5699801942773833,0.8316030677834356,0.7479106566221466,0.6181688042162229,0.8177083622775202,3,43345,9305,9295,26,0,27.262802565097807,32,120,1355,5.0,658179,512,128,True,5,,,,,,,,,,,,,,,,,,,,,,,,,,
age_class,lstm,,10m,18,False,False,0.5592765424790329,0.8220429663501844,0.755028088637632,0.6177871191745368,0.8237817772589614,3,43345,9305,9295,26,0,27.262802565097807,32,120,1355,5.0,658179,512,128,True,5,,,,,,,,,,,,,,,,,,,,,,,,,,
age_class,lstm,,10m,19,False,False,0.541710339909277,0.8624203383185927,0.7632179631308526,0.6231071437861684,0.8151323868098456,3,43345,9305,9295,26,0,27.262802565097807,32,120,1355,5.0,658179,512,128,True,5,,,,,,,,,,,,,,,,,,,,,,,,,,
age_class,lstm,,10m,20,False,False,0.5301974191606794,0.9211677039201256,0.7700636538517361,0.5929239177102014,0.8244370309385861,3,43345,9305,9295,26,0,27.262802565097807,32,120,1355,5.0,658179,512,128,True,5,,,,,,,,,,,,,,,,,,,,,,,,,,
age_class,lstm,,10m,21,False,False,0.5145985678166636,0.9140509612069598,0.776508315801196,0.5933860232409418,0.827988109018532,3,43345,9305,9295,26,0,27.262802565097807,32,120,1355,5.0,658179,512,128,True,5,,,,,,,,,,,,,,,,,,,,,,,,,,
age_class,lstm,,10m,22,False,False,0.5012432585663003,0.9080742040672076,0.7853240602200314,0.6152878770201382,0.8191187183346932,3,43345,9305,9295,26,0,27.262802565097807,32,120,1355,5.0,658179,512,128,True,5,,,,,,,,,,,,,,,,,,,,,,,,,,
age_class,lstm,,10m,23,False,False,0.4874553394490892,0.9176223023484816,0.7931761124507752,0.6045114735377315,0.8222530803585405,3,43345,9305,9295,26,0,27.262802565097807,32,120,1355,5.0,658179,512,128,True,5,,,,,,,,,,,,,,,,,,,,,,,,,,
age_class,lstm,,10m,24,False,False,0.4763073018408795,0.9252352626524838,0.7968998143724848,0.6056881753164086,0.81863683267192,3,43345,9305,9295,26,0,27.262802565097807,32,120,1355,5.0,658179,512,128,True,5,,,,,,,,,,,,,,,,,,,,,,,,,,
age_class,lstm,,10m,25,False,False,0.453621868033051,0.971847755917934,0.8088686838331355,0.5848243897250301,0.8250363222558678,3,43345,9305,9295,26,0,27.262802565097807,32,120,1355,5.0,658179,512,128,True,5,,,,,,,,,,,,,,,,,,,,,,,,,,
age_class,lstm,,10m,26,False,False,0.4408591056917899,0.9589896824973556,0.8131544321923605,0.6073758530431138,0.8201512558761089,3,43345,9305,9295,26,0,27.262802565097807,32,120,1355,5.0,658179,512,128,True,5,,,,,,,,,,,,,,,,,,,,,,,,,,
age_class,lstm,,40m,1,False,False,0.86565641982977,0.8122150133784775,0.5644102207225002,0.5850170447653023,0.801786957568646,3,43345,9305,9295,25,0,40.54270206689834,32,480,1355,5.0,658179,512,128,True,5,,,,,,,,,,,,,,,,,,,,,,,,,,
age_class,lstm,,40m,2,False,False,0.776293994741245,0.7985369993883201,0.6196578444058716,0.6104401505440649,0.8137558371908852,3,43345,9305,9295,25,0,40.54270206689834,32,480,1355,5.0,658179,512,128,True,5,,,,,,,,,,,,,,,,,,,,,,,,,,
age_class,lstm,,40m,3,False,False,0.7445176784191072,0.7690886918989834,0.6431461604454359,0.6203796980310438,0.822282746195718,3,43345,9305,9295,25,0,40.54270206689834,32,480,1355,5.0,658179,512,128,True,5,,,,,,,,,,,,,,,,,,,,,,,,,,
age_class,lstm,,40m,4,False,False,0.7200936704306801,0.7623963994277798,0.657627538357743,0.6191882771780689,0.8354285878115283,3,43345,9305,9295,25,0,40.54270206689834,32,480,1355,5.0,658179,512,128,True,5,,,,,,,,,,,,,,,,,,,,,,,,,,
age_class,lstm,,40m,5,False,False,0.6981296027761413,0.7450866176645196,0.6709260500984439,0.6364642208020826,0.8360486903109593,3,43345,9305,9295,25,0,40.54270206689834,32,480,1355,5.0,658179,512,128,True,5,,,,,,,,,,,,,,,,,,,,,,,,,,
age_class,lstm,,40m,6,False,False,0.6774710427341005,0.7499210039689168,0.6861277187791769,0.6356177774481118,0.839780803575176,3,43345,9305,9295,25,0,40.54270206689834,32,480,1355,5.0,658179,512,128,True,5,,,,,,,,,,,,,,,,,,,,,,,,,,
age_class,lstm,,40m,7,False,False,0.6625734137847963,0.7356683626923107,0.6921197199859348,0.6391206724569419,0.8430320501625871,3,43345,9305,9295,25,0,40.54270206689834,32,480,1355,5.0,658179,512,128,True,5,,,,,,,,,,,,,,,,,,,,,,,,,,
age_class,lstm,,40m,8,False,False,0.6457409225308863,0.837958990393756,0.7058405698962872,0.5753855418769898,0.841822436204826,3,43345,9305,9295,25,0,40.54270206689834,32,480,1355,5.0,658179,512,128,True,5,,,,,,,,,,,,,,,,,,,,,,,,,,
age_class,lstm,,40m,9,False,False,0.6290392591653776,0.7350858148741889,0.7163545711479401,0.6440904268840608,0.8474312117868138,3,43345,9305,9295,25,0,40.54270206689834,32,480,1355,5.0,658179,512,128,True,5,,,,,,,,,,,,,,,,,,,,,,,,,,
age_class,lstm,,40m,10,False,False,0.6232114777816374,0.8022477603612056,0.7175288682702714,0.6102860381016695,0.8475004223845728,3,43345,9305,9295,25,0,40.54270206689834,32,480,1355,5.0,658179,512,128,True,5,,,,,,,,,,,,,,,,,,,,,,,,,,
age_class,lstm,,40m,11,False,False,0.6114993074014808,0.7627492236681103,0.7242412329258624,0.6423744249194572,0.8431048523430508,3,43345,9305,9295,25,0,40.54270206689834,32,480,1355,5.0,658179,512,128,True,5,,,,,,,,,,,,,,,,,,,,,,,,,,
age_class,lstm,,40m,12,False,False,0.597204607533314,0.7404478300777191,0.7342347699997799,0.6371063291504377,0.8504888008765373,3,43345,9305,9295,25,0,40.54270206689834,32,480,1355,5.0,658179,512,128,True,5,,,,,,,,,,,,,,,,,,,,,,,,,,
age_class,lstm,,40m,13,False,False,0.5847896603292654,0.7607150407583082,0.7406022006077223,0.6499457145601907,0.842341413881395,3,43345,9305,9295,25,0,40.54270206689834,32,480,1355,5.0,658179,512,128,True,5,,,,,,,,,,,,,,,,,,,,,,,,,,
age_class,lstm,,40m,14,False,False,0.575363230159338,0.7473949490664532,0.7451859966205804,0.6485920683892233,0.8446596303633199,3,43345,9305,9295,25,0,40.54270206689834,32,480,1355,5.0,658179,512,128,True,5,,,,,,,,,,,,,,,,,,,,,,,,,,
age_class,lstm,,40m,15,True,False,0.564589201281923,0.9023366496359256,0.74916221382181,0.5821709385463839,0.8517673289605808,3,43345,9305,9295,25,0,40.54270206689834,32,480,1355,5.0,658179,512,128,True,5,0.7788902987657169,0.7023074773880943,0.724892981644539,0.9131464151341527,0.5560924369747899,0.6772142316426949,0.873615763546798,,,0.7052122514777002,0.5821709385463839,0.5958350491857033,0.34228855721393037,0.5553191489361702,0.8489051094890511,,,0.721785906401291,0.5985080439310916,0.6109665103920361,0.8607492509807263,0.3584699453551913,0.5872340425531914,0.8498201438848921,,
age_class,lstm,,40m,16,False,False,0.5529339808963385,0.7613281605257776,0.755706407494476,0.6472306827924879,0.8476814028742276,3,43345,9305,9295,25,0,40.54270206689834,32,480,1355,5.0,658179,512,128,True,5,,,,,,,,,,,,,,,,,,,,,,,,,,
age_class,lstm,,40m,17,False,False,0.5396443362108961,0.7634376676411861,0.765425192813297,0.6400445744564953,0.8511686850980897,3,43345,9305,9295,25,0,40.54270206689834,32,480,1355,5.0,658179,512,128,True,5,,,,,,,,,,,,,,,,,,,,,,,,,,
age_class,lstm,,40m,18,False,False,0.5268538325450896,0.8185586017924313,0.7708974299579134,0.6249825637562562,0.8508507853745816,3,43345,9305,9295,25,0,40.54270206689834,32,480,1355,5.0,658179,512,128,True,5,,,,,,,,,,,,,,,,,,,,,,,,,,
age_class,lstm,,40m,19,False,False,0.517289412214154,0.832474914883363,0.7786263952865075,0.6131437405816597,0.8492313198748219,3,43345,9305,9295,25,0,40.54270206689834,32,480,1355,5.0,658179,512,128,True,5,,,,,,,,,,,,,,,,,,,,,,,,,,
age_class,lstm,,40m,20,False,False,0.5075131488954723,0.8268014092652917,0.7801512577256751,0.6235474604510193,0.8500211230173721,3,43345,9305,9295,25,0,40.54270206689834,32,480,1355,5.0,658179,512,128,True,5,,,,,,,,,,,,,,,,,,,,,,,,,,
age_class,lstm,,40m,21,False,False,0.4898657069333849,0.9123717376841196,0.7887485880149132,0.5838548753360082,0.8477504129742944,3,43345,9305,9295,25,0,40.54270206689834,32,480,1355,5.0,658179,512,128,True,5,,,,,,,,,,,,,,,,,,,,,,,,,,
age_class,lstm,,40m,22,False,False,0.479429396702655,0.8167857705361736,0.7970939466653038,0.643445775213594,0.8425699165891402,3,43345,9305,9295,25,0,40.54270206689834,32,480,1355,5.0,658179,512,128,True,5,,,,,,,,,,,,,,,,,,,,,,,,,,
age_class,lstm,,40m,23,False,False,0.4608155345047671,0.8756213284768705,0.8073840583350206,0.6322906227778126,0.8507068128591339,3,43345,9305,9295,25,0,40.54270206689834,32,480,1355,5.0,658179,512,128,True,5,,,,,,,,,,,,,,,,,,,,,,,,,,
age_class,lstm,,40m,24,False,False,0.4460187428185155,0.8491196056132289,0.8103116606793074,0.6465266719155683,0.8425257340469213,3,43345,9305,9295,25,0,40.54270206689834,32,480,1355,5.0,658179,512,128,True,5,,,,,,,,,,,,,,,,,,,,,,,,,,
age_class,lstm,,40m,25,False,False,0.4337072563014623,0.9019631552734662,0.819911161729042,0.6256962328184104,0.8503241055854428,3,43345,9305,9295,25,0,40.54270206689834,32,480,1355,5.0,658179,512,128,True,5,,,,,,,,,,,,,,,,,,,,,,,,,,
age_class,lstm,,80m,1,False,False,0.8607042718915492,0.8093595968274132,0.5633854807944217,0.6019506314779058,0.8054707346352133,3,43345,9305,9295,31,0,76.12102276484171,32,960,1355,5.0,658179,512,128,True,5,,,,,,,,,,,,,,,,,,,,,,,,,,
age_class,lstm,,80m,2,False,False,0.7689944074150875,0.7617829627468021,0.6255927296340761,0.6195783262081681,0.8288491137369531,3,43345,9305,9295,31,0,76.12102276484171,32,960,1355,5.0,658179,512,128,True,5,,,,,,,,,,,,,,,,,,,,,,,,,,
age_class,lstm,,80m,3,False,False,0.7383888045470048,0.7486440266799311,0.645145598817459,0.630958366267745,0.8359551988633459,3,43345,9305,9295,31,0,76.12102276484171,32,960,1355,5.0,658179,512,128,True,5,,,,,,,,,,,,,,,,,,,,,,,,,,
age_class,lstm,,80m,4,False,False,0.7104455024935628,0.7304771381959295,0.6648817151230745,0.6398738048639651,0.8421393283097881,3,43345,9305,9295,31,0,76.12102276484171,32,960,1355,5.0,658179,512,128,True,5,,,,,,,,,,,,,,,,,,,,,,,,,,
age_class,lstm,,80m,5,False,False,0.6871056584396609,0.7655292510345763,0.6771739368644166,0.646913855684048,0.8361637908524013,3,43345,9305,9295,31,0,76.12102276484171,32,960,1355,5.0,658179,512,128,True,5,,,,,,,,,,,,,,,,,,,,,,,,,,
age_class,lstm,,80m,6,False,False,0.6695758225060016,0.7284562744420424,0.6885149124621526,0.6557986392003331,0.8478933187832091,3,43345,9305,9295,31,0,76.12102276484171,32,960,1355,5.0,658179,512,128,True,5,,,,,,,,,,,,,,,,,,,,,,,,,,
age_class,lstm,,80m,7,False,False,0.649108044832192,0.7329994390498945,0.7021076267412131,0.6564244831647529,0.8478420936302271,3,43345,9305,9295,31,0,76.12102276484171,32,960,1355,5.0,658179,512,128,True,5,,,,,,,,,,,,,,,,,,,,,,,,,,
age_class,lstm,,80m,8,False,False,0.6328694216931948,0.6960507190720744,0.7120175384257438,0.6633265635893628,0.855871263804408,3,43345,9305,9295,31,0,76.12102276484171,32,960,1355,5.0,658179,512,128,True,5,,,,,,,,,,,,,,,,,,,,,,,,,,
age_class,lstm,,80m,9,False,False,0.6169946689976445,0.722009403189301,0.721571646173936,0.6534450682344349,0.8545995980922427,3,43345,9305,9295,31,0,76.12102276484171,32,960,1355,5.0,658179,512,128,True,5,,,,,,,,,,,,,,,,,,,,,,,,,,
age_class,lstm,,80m,10,False,False,0.6043697981977975,0.7126983032247061,0.7300999266395848,0.6582539688058645,0.854065086233164,3,43345,9305,9295,31,0,76.12102276484171,32,960,1355,5.0,658179,512,128,True,5,,,,,,,,,,,,,,,,,,,,,,,,,,
age_class,lstm,,80m,11,False,False,0.5952802301732049,0.7238816781815247,0.7319235771366156,0.6510074453018337,0.8594909789122509,3,43345,9305,9295,31,0,76.12102276484171,32,960,1355,5.0,658179,512,128,True,5,,,,,,,,,,,,,,,,,,,,,,,,,,
age_class,lstm,,80m,12,False,False,0.5756996601232127,0.7280832990787799,0.7422985988986944,0.6657810754685443,0.8572436863645915,3,43345,9305,9295,31,0,76.12102276484171,32,960,1355,5.0,658179,512,128,True,5,,,,,,,,,,,,,,,,,,,,,,,,,,
age_class,lstm,,80m,13,False,False,0.5682004833169181,0.7176500837755485,0.7456477308613806,0.6631025838349794,0.8645059181606832,3,43345,9305,9295,31,0,76.12102276484171,32,960,1355,5.0,658179,512,128,True,5,,,,,,,,,,,,,,,,,,,,,,,,,,
age_class,lstm,,80m,14,False,False,0.5575453915003606,0.7427845429695146,0.7540326257522768,0.6363346980992949,0.8658447165062251,3,43345,9305,9295,31,0,76.12102276484171,32,960,1355,5.0,658179,512,128,True,5,,,,,,,,,,,,,,,,,,,,,,,,,,
age_class,lstm,,80m,15,False,False,0.5426707230447306,0.7256082275360902,0.763630417788771,0.6744767839118843,0.8607600407071869,3,43345,9305,9295,31,0,76.12102276484171,32,960,1355,5.0,658179,512,128,True,5,,,,,,,,,,,,,,,,,,,,,,,,,,
age_class,lstm,,80m,16,False,False,0.5319874519239675,0.7310349640443977,0.770400820381926,0.664338310003021,0.8555205802628745,3,43345,9305,9295,31,0,76.12102276484171,32,960,1355,5.0,658179,512,128,True,5,,,,,,,,,,,,,,,,,,,,,,,,,,
age_class,lstm,,80m,17,False,False,0.521106233260172,0.7497839417270535,0.7757632154221682,0.6687869409488253,0.8521277315686874,3,43345,9305,9295,31,0,76.12102276484171,32,960,1355,5.0,658179,512,128,True,5,,,,,,,,,,,,,,,,,,,,,,,,,,
age_class,lstm,,80m,18,False,False,0.5085066988168668,0.7260597948999831,0.7820198278585756,0.6683111594277924,0.8571427124877377,3,43345,9305,9295,31,0,76.12102276484171,32,960,1355,5.0,658179,512,128,True,5,,,,,,,,,,,,,,,,,,,,,,,,,,
age_class,lstm,,80m,19,False,False,0.4940265124225605,0.8194472035306042,0.7895547730590841,0.6256395779038235,0.8673515454006763,3,43345,9305,9295,31,0,76.12102276484171,32,960,1355,5.0,658179,512,128,True,5,,,,,,,,,,,,,,,,,,,,,,,,,,
age_class,lstm,,80m,20,False,False,0.488982648547098,0.7674505126918278,0.7905163040652843,0.6647134789890687,0.864830036787887,3,43345,9305,9295,31,0,76.12102276484171,32,960,1355,5.0,658179,512,128,True,5,,,,,,,,,,,,,,,,,,,,,,,,,,
age_class,lstm,,80m,21,True,False,0.467207048108853,0.8443993009590833,0.8030084435768616,0.6217891298799268,0.8679339414997896,3,43345,9305,9295,31,0,76.12102276484171,32,960,1355,5.0,658179,512,128,True,5,0.8140731341561888,0.766610907047828,0.781419284703872,0.9375131973665244,0.6928571428571428,0.7224829674489024,0.8844926108374385,,,0.7268135411069317,0.6217891298799268,0.6322461050631693,0.4298507462686567,0.577304964539007,0.8582116788321168,,,0.734803657880581,0.624962262488579,0.6341446280614598,0.8727912900511922,0.42950819672131146,0.5836879432624114,0.8616906474820144,,
age_class,lstm,,80m,22,False,False,0.4588880432499144,0.782887265094181,0.8070536921025425,0.6726659128131152,0.8568687883939256,3,43345,9305,9295,31,0,76.12102276484171,32,960,1355,5.0,658179,512,128,True,5,,,,,,,,,,,,,,,,,,,,,,,,,,
age_class,lstm,,80m,23,False,False,0.441664786739104,0.814318037109949,0.8148291709176295,0.6710281421489128,0.8456258567580611,3,43345,9305,9295,31,0,76.12102276484171,32,960,1355,5.0,658179,512,128,True,5,,,,,,,,,,,,,,,,,,,,,,,,,,
age_class,lstm,,80m,24,False,False,0.4314946668523999,0.7862579097676059,0.8193868348874437,0.6541580225908815,0.8660291166144369,3,43345,9305,9295,31,0,76.12102276484171,32,960,1355,5.0,658179,512,128,True,5,,,,,,,,,,,,,,,,,,,,,,,,,,
age_class,lstm,,80m,25,False,False,0.4144567744165903,0.8416043070937151,0.8301307289471951,0.6446300618870754,0.8627913994149926,3,43345,9305,9295,31,0,76.12102276484171,32,960,1355,5.0,658179,512,128,True,5,,,,,,,,,,,,,,,,,,,,,,,,,,
age_class,lstm,,80m,26,False,False,0.3991146855404363,0.881563413085507,0.8376130730555816,0.6335836541782468,0.8644915109764906,3,43345,9305,9295,31,0,76.12102276484171,32,960,1355,5.0,658179,512,128,True,5,,,,,,,,,,,,,,,,,,,,,,,,,,
age_class,lstm,,80m,27,False,False,0.3884304246573536,0.8331586229231075,0.8416691693148585,0.6566375298534507,0.8587616996515438,3,43345,9305,9295,31,0,76.12102276484171,32,960,1355,5.0,658179,512,128,True,5,,,,,,,,,,,,,,,,,,,,,,,,,,
age_class,lstm,,80m,28,False,False,0.3760200511351741,0.8399691054412334,0.8479957756889595,0.6571186748866836,0.8520795760054027,3,43345,9305,9295,31,0,76.12102276484171,32,960,1355,5.0,658179,512,128,True,5,,,,,,,,,,,,,,,,,,,,,,,,,,
age_class,lstm,,80m,29,False,False,0.3621669469599988,0.8473059826676145,0.8529409033706673,0.6618700191129047,0.8559427626314741,3,43345,9305,9295,31,0,76.12102276484171,32,960,1355,5.0,658179,512,128,True,5,,,,,,,,,,,,,,,,,,,,,,,,,,
age_class,lstm,,80m,30,False,False,0.3449306773374836,0.8986082805349647,0.8630630384080855,0.645547467147361,0.8626688553807691,3,43345,9305,9295,31,0,76.12102276484171,32,960,1355,5.0,658179,512,128,True,5,,,,,,,,,,,,,,,,,,,,,,,,,,
age_class,lstm,,80m,31,False,False,0.3362803086598916,0.9013405307911212,0.8657652506198126,0.6450790837962179,0.8637555648703489,3,43345,9305,9295,31,0,76.12102276484171,32,960,1355,5.0,658179,512,128,True,5,,,,,,,,,,,,,,,,,,,,,,,,,,
age_class,lstm,,120m,1,False,False,0.8670036976883906,0.8066805223058079,0.5567438495302061,0.5956101745246949,0.806956460311548,3,43345,9305,9295,23,0,75.6808256705602,32,1440,1355,5.0,658179,512,128,True,5,,,,,,,,,,,,,,,,,,,,,,,,,,
age_class,lstm,,120m,2,False,False,0.7657231089221467,0.7649285828919901,0.6278375622874381,0.6238889674421287,0.8285084201684394,3,43345,9305,9295,23,0,75.6808256705602,32,1440,1355,5.0,658179,512,128,True,5,,,,,,,,,,,,,,,,,,,,,,,,,,
age_class,lstm,,120m,3,False,False,0.7247206296375128,0.7444272843309143,0.654179958955312,0.6302576327350152,0.839093580977183,3,43345,9305,9295,23,0,75.6808256705602,32,1440,1355,5.0,658179,512,128,True,5,,,,,,,,,,,,,,,,,,,,,,,,,,
age_class,lstm,,120m,4,False,False,0.7004406684684511,0.7296345771351916,0.6733877418570341,0.6413222815363572,0.8496725946410372,3,43345,9305,9295,23,0,75.6808256705602,32,1440,1355,5.0,658179,512,128,True,5,,,,,,,,,,,,,,,,,,,,,,,,,,
age_class,lstm,,120m,5,False,False,0.6754562881127927,0.723454644307214,0.6843725520174918,0.6453293595696002,0.855761041848275,3,43345,9305,9295,23,0,75.6808256705602,32,1440,1355,5.0,658179,512,128,True,5,,,,,,,,,,,,,,,,,,,,,,,,,,
age_class,lstm,,120m,6,False,False,0.6550444348623822,0.7048382459950024,0.6986791510255724,0.6603743461086657,0.8570434343724532,3,43345,9305,9295,23,0,75.6808256705602,32,1440,1355,5.0,658179,512,128,True,5,,,,,,,,,,,,,,,,,,,,,,,,,,
age_class,lstm,,120m,7,False,False,0.6331634068904362,0.6907810699164644,0.7148742398627466,0.6659605953768971,0.8631475140471793,3,43345,9305,9295,23,0,75.6808256705602,32,1440,1355,5.0,658179,512,128,True,5,,,,,,,,,,,,,,,,,,,,,,,,,,
age_class,lstm,,120m,8,False,False,0.6155043647059356,0.7152378937558805,0.7210138171011442,0.6511124941632368,0.8651071253107645,3,43345,9305,9295,23,0,75.6808256705602,32,1440,1355,5.0,658179,512,128,True,5,,,,,,,,,,,,,,,,,,,,,,,,,,
age_class,lstm,,120m,9,False,False,0.5993419575366694,0.7075913013789297,0.7312901378463624,0.6818299466584868,0.8555193648945938,3,43345,9305,9295,23,0,75.6808256705602,32,1440,1355,5.0,658179,512,128,True,5,,,,,,,,,,,,,,,,,,,,,,,,,,
age_class,lstm,,120m,10,False,False,0.5868658831724866,0.6997669671441457,0.7406537652362885,0.671697377120197,0.8651638097036655,3,43345,9305,9295,23,0,75.6808256705602,32,1440,1355,5.0,658179,512,128,True,5,,,,,,,,,,,,,,,,,,,,,,,,,,
age_class,lstm,,120m,11,False,False,0.5732612887397194,0.7711190296974572,0.7468414917090592,0.6233419085140638,0.8673766228611589,3,43345,9305,9295,23,0,75.6808256705602,32,1440,1355,5.0,658179,512,128,True,5,,,,,,,,,,,,,,,,,,,,,,,,,,
age_class,lstm,,120m,12,False,False,0.5609683432536687,0.7046610775588341,0.7542821285239669,0.6841140108846459,0.86476536240293,3,43345,9305,9295,23,0,75.6808256705602,32,1440,1355,5.0,658179,512,128,True,5,,,,,,,,,,,,,,,,,,,,,,,,,,
age_class,lstm,,120m,13,True,False,0.5441203390002209,0.7885742503427037,0.7640965529964107,0.6383438903736739,0.8730413257744107,3,43345,9305,9295,23,0,75.6808256705602,32,1440,1355,5.0,658179,512,128,True,5,0.7984773330257239,0.7457908914485945,0.7519572954634969,0.9243528284161778,0.6638655462184874,0.696896290688872,0.8766108374384236,,,0.7329392799570124,0.6383438903736739,0.6467080086596955,0.46865671641791046,0.5929078014184397,0.8534671532846715,,,0.7316837009144701,0.634909909533134,0.6392475129453562,0.873771591266809,0.4568306010928962,0.6085106382978723,0.8393884892086331,,
age_class,lstm,,120m,14,False,False,0.5354506567132584,0.7177967215148049,0.7682244203536436,0.669366535083551,0.8701882340599623,3,43345,9305,9295,23,0,75.6808256705602,32,1440,1355,5.0,658179,512,128,True,5,,,,,,,,,,,,,,,,,,,,,,,,,,
age_class,lstm,,120m,15,False,False,0.5245366015556926,0.7531796305362798,0.7766814637834042,0.6560685726000633,0.8722714468568208,3,43345,9305,9295,23,0,75.6808256705602,32,1440,1355,5.0,658179,512,128,True,5,,,,,,,,,,,,,,,,,,,,,,,,,,
age_class,lstm,,120m,16,False,False,0.5119221435683398,0.7214760017548756,0.780331698097287,0.6825812182551548,0.8662766824055025,3,43345,9305,9295,23,0,75.6808256705602,32,1440,1355,5.0,658179,512,128,True,5,,,,,,,,,,,,,,,,,,,,,,,,,,
age_class,lstm,,120m,17,False,False,0.4953885713750096,0.7109776182241302,0.790518222711048,0.6827455812514792,0.8678875321814338,3,43345,9305,9295,23,0,75.6808256705602,32,1440,1355,5.0,658179,512,128,True,5,,,,,,,,,,,,,,,,,,,,,,,,,,
age_class,lstm,,120m,18,False,False,0.4864915895660053,0.7389874603080852,0.7966720585438488,0.6669601080892581,0.8570598528402273,3,43345,9305,9295,23,0,75.6808256705602,32,1440,1355,5.0,658179,512,128,True,5,,,,,,,,,,,,,,,,,,,,,,,,,,
age_class,lstm,,120m,19,False,False,0.4729945143471816,0.789281035507321,0.7995404267948533,0.649192968480577,0.8704832661001833,3,43345,9305,9295,23,0,75.6808256705602,32,1440,1355,5.0,658179,512,128,True,5,,,,,,,,,,,,,,,,,,,,,,,,,,
age_class,lstm,,120m,20,False,False,0.4566127111509825,0.7579088190561466,0.8125525627411422,0.6660020740630852,0.8678766590616172,3,43345,9305,9295,23,0,75.6808256705602,32,1440,1355,5.0,658179,512,128,True,5,,,,,,,,,,,,,,,,,,,,,,,,,,
age_class,lstm,,120m,21,False,False,0.4438080551918161,0.7857765424129849,0.8166029936577205,0.6647710353342776,0.8672669111612953,3,43345,9305,9295,23,0,75.6808256705602,32,1440,1355,5.0,658179,512,128,True,5,,,,,,,,,,,,,,,,,,,,,,,,,,
age_class,lstm,,120m,22,False,False,0.4354742161500741,0.786740227324677,0.8186984563017825,0.67366928879957,0.8693598268092065,3,43345,9305,9295,23,0,75.6808256705602,32,1440,1355,5.0,658179,512,128,True,5,,,,,,,,,,,,,,,,,,,,,,,,,,
age_class,lstm,,120m,23,False,False,0.4161722505088495,0.8266027328469688,0.830027774079169,0.65133976413939,0.8675693966635046,3,43345,9305,9295,23,0,75.6808256705602,32,1440,1355,5.0,658179,512,128,True,5,,,,,,,,,,,,,,,,,,,,,,,,,,
age_class,lstm,,240m,1,False,False,0.8622118553267624,0.7901640172032884,0.5585755608020947,0.6099154342178429,0.81613240029391,3,43337,9305,9295,29,0,139.12044373750686,32,2880,1355,4.999077171530741,658179,512,128,True,5,,,,,,,,,,,,,,,,,,,,,,,,,,
age_class,lstm,,240m,2,False,False,0.7647983591744756,0.7563700699409063,0.6277001645350263,0.6151598545554569,0.8320521922182341,3,43337,9305,9295,29,0,139.12044373750686,32,2880,1355,4.999077171530741,658179,512,128,True,5,,,,,,,,,,,,,,,,,,,,,,,,,,
age_class,lstm,,240m,3,False,False,0.7265556747888549,0.7275534433552426,0.6505493439205275,0.6335436306586341,0.845370824786498,3,43337,9305,9295,29,0,139.12044373750686,32,2880,1355,4.999077171530741,658179,512,128,True,5,,,,,,,,,,,,,,,,,,,,,,,,,,
age_class,lstm,,240m,4,False,False,0.7043547119165536,0.74058863048205,0.6650807213555369,0.6516625278123541,0.8398516875661066,3,43337,9305,9295,29,0,139.12044373750686,32,2880,1355,4.999077171530741,658179,512,128,True,5,,,,,,,,,,,,,,,,,,,,,,,,,,
age_class,lstm,,240m,5,False,False,0.6791656298787802,0.7122367564354578,0.6841147306890338,0.6599673952544056,0.8492221688700118,3,43337,9305,9295,29,0,139.12044373750686,32,2880,1355,4.999077171530741,658179,512,128,True,5,,,,,,,,,,,,,,,,,,,,,,,,,,
age_class,lstm,,240m,6,False,False,0.6602068859853013,0.7128363975717584,0.69594214794864,0.6417133929668323,0.8607500612224568,3,43337,9305,9295,29,0,139.12044373750686,32,2880,1355,4.999077171530741,658179,512,128,True,5,,,,,,,,,,,,,,,,,,,,,,,,,,
age_class,lstm,,240m,7,False,False,0.6341464064457774,0.679846790181508,0.7124776690597711,0.6800994252220803,0.8690173668850765,3,43337,9305,9295,29,0,139.12044373750686,32,2880,1355,4.999077171530741,658179,512,128,True,5,,,,,,,,,,,,,,,,,,,,,,,,,,
age_class,lstm,,240m,8,False,False,0.612450921066764,0.6868019716256668,0.7249675481577084,0.6765355355540978,0.8671867545168671,3,43337,9305,9295,29,0,139.12044373750686,32,2880,1355,4.999077171530741,658179,512,128,True,5,,,,,,,,,,,,,,,,,,,,,,,,,,
age_class,lstm,,240m,9,False,False,0.5954575881186257,0.6980561312266026,0.732610409868859,0.6638983281552583,0.8748504179962003,3,43337,9305,9295,29,0,139.12044373750686,32,2880,1355,4.999077171530741,658179,512,128,True,5,,,,,,,,,,,,,,,,,,,,,,,,,,
age_class,lstm,,240m,10,False,False,0.5759810402435455,0.7099946295427162,0.7426182975518257,0.680827851991273,0.8583880070005122,3,43337,9305,9295,29,0,139.12044373750686,32,2880,1355,4.999077171530741,658179,512,128,True,5,,,,,,,,,,,,,,,,,,,,,,,,,,
age_class,lstm,,240m,11,False,False,0.5629114757908764,0.6746928056422771,0.7527638384153258,0.6938103073183032,0.8718431469556981,3,43337,9305,9295,29,0,139.12044373750686,32,2880,1355,4.999077171530741,658179,512,128,True,5,,,,,,,,,,,,,,,,,,,,,,,,,,
age_class,lstm,,240m,12,False,False,0.5502987050681692,0.6715588688273894,0.7581790891194667,0.6969164633940613,0.8752665336145179,3,43337,9305,9295,29,0,139.12044373750686,32,2880,1355,4.999077171530741,658179,512,128,True,5,,,,,,,,,,,,,,,,,,,,,,,,,,
age_class,lstm,,240m,13,False,False,0.5293219638722971,0.6900705057212834,0.7659561110226728,0.7028194303113001,0.8719853683352586,3,43337,9305,9295,29,0,139.12044373750686,32,2880,1355,4.999077171530741,658179,512,128,True,5,,,,,,,,,,,,,,,,,,,,,,,,,,
age_class,lstm,,240m,14,False,False,0.5209923752574945,0.6794716191893941,0.7720046789301896,0.6833040819096524,0.8801979248555029,3,43337,9305,9295,29,0,139.12044373750686,32,2880,1355,4.999077171530741,658179,512,128,True,5,,,,,,,,,,,,,,,,,,,,,,,,,,
age_class,lstm,,240m,15,False,False,0.4998355374666168,0.7223409240826172,0.782618628247691,0.6746935586600826,0.8773393578062212,3,43337,9305,9295,29,0,139.12044373750686,32,2880,1355,4.999077171530741,658179,512,128,True,5,,,,,,,,,,,,,,,,,,,,,,,,,,
age_class,lstm,,240m,16,False,False,0.4870695778513592,0.7051820759104503,0.7911359627741016,0.6924166633828838,0.8753399441128783,3,43337,9305,9295,29,0,139.12044373750686,32,2880,1355,4.999077171530741,658179,512,128,True,5,,,,,,,,,,,,,,,,,,,,,,,,,,
age_class,lstm,,240m,17,False,False,0.4693416072633398,0.7210399073083704,0.8001302686288417,0.6939278860653507,0.8713942523672419,3,43337,9305,9295,29,0,139.12044373750686,32,2880,1355,4.999077171530741,658179,512,128,True,5,,,,,,,,,,,,,,,,,,,,,,,,,,
age_class,lstm,,240m,18,False,False,0.4573434191664252,0.7119051771225434,0.8056833163214941,0.6862561448593859,0.8795280968542012,3,43337,9305,9295,29,0,139.12044373750686,32,2880,1355,4.999077171530741,658179,512,128,True,5,,,,,,,,,,,,,,,,,,,,,,,,,,
age_class,lstm,,240m,19,True,False,0.4381323311739479,0.7900934114820019,0.814868409448685,0.6501861003518927,0.8848270048610377,3,43337,9305,9295,29,0,139.12044373750686,32,2880,1355,4.999077171530741,658179,512,128,True,5,0.8217458522740384,0.7898399808401623,0.7926318799504685,0.9446891005887504,0.8157563025210084,0.6321725965177896,0.9215910434816889,,,0.737775389575497,0.6501861003518927,0.6501063977366771,0.5552238805970149,0.5035460992907801,0.8917883211678832,,,0.7463152232383001,0.6427525018701467,0.6441563010089036,0.8876851415955184,0.5038251366120219,0.5269503546099291,0.8974820143884892,,
age_class,lstm,,240m,20,False,False,0.4246629161606899,0.7817865909010668,0.8233755064875297,0.6588313801907272,0.8809538711297228,3,43337,9305,9295,29,0,139.12044373750686,32,2880,1355,4.999077171530741,658179,512,128,True,5,,,,,,,,,,,,,,,,,,,,,,,,,,
age_class,lstm,,240m,21,False,False,0.4112031145050245,0.737900865161246,0.8267806971844868,0.6926272375761613,0.8688223631889606,3,43337,9305,9295,29,0,139.12044373750686,32,2880,1355,4.999077171530741,658179,512,128,True,5,,,,,,,,,,,,,,,,,,,,,,,,,,
age_class,lstm,,240m,22,False,False,0.4007644215620837,0.7716841468882778,0.8311920780840848,0.6989795612196303,0.8765905668943935,3,43337,9305,9295,29,0,139.12044373750686,32,2880,1355,4.999077171530741,658179,512,128,True,5,,,,,,,,,,,,,,,,,,,,,,,,,,
age_class,lstm,,240m,23,False,False,0.3872467504572845,0.802379396191084,0.8379348891485879,0.6685781181064702,0.8825703123046876,3,43337,9305,9295,29,0,139.12044373750686,32,2880,1355,4.999077171530741,658179,512,128,True,5,,,,,,,,,,,,,,,,,,,,,,,,,,
age_class,lstm,,240m,24,False,False,0.3665988287526421,0.7958653278853034,0.8498500662471602,0.6799559754161842,0.877781778220578,3,43337,9305,9295,29,0,139.12044373750686,32,2880,1355,4.999077171530741,658179,512,128,True,5,,,,,,,,,,,,,,,,,,,,,,,,,,
age_class,lstm,,240m,25,False,False,0.3540389788500958,0.8670635449380275,0.8544433253399469,0.6530933300057665,0.8833382267043811,3,43337,9305,9295,29,0,139.12044373750686,32,2880,1355,4.999077171530741,658179,512,128,True,5,,,,,,,,,,,,,,,,,,,,,,,,,,
age_class,lstm,,240m,26,False,False,0.3389523371892149,0.8134438258226939,0.8642683428859058,0.6987457494326782,0.8716449410745399,3,43337,9305,9295,29,0,139.12044373750686,32,2880,1355,4.999077171530741,658179,512,128,True,5,,,,,,,,,,,,,,,,,,,,,,,,,,
age_class,lstm,,240m,27,False,False,0.3227932707173604,0.8560158484344647,0.870707107702323,0.6867346242334942,0.8698613031954276,3,43337,9305,9295,29,0,139.12044373750686,32,2880,1355,4.999077171530741,658179,512,128,True,5,,,,,,,,,,,,,,,,,,,,,,,,,,
age_class,lstm,,240m,28,False,False,0.3088420495945512,0.8556360663168536,0.8772298870851253,0.6686094235042112,0.8791956163770246,3,43337,9305,9295,29,0,139.12044373750686,32,2880,1355,4.999077171530741,658179,512,128,True,5,,,,,,,,,,,,,,,,,,,,,,,,,,
age_class,lstm,,240m,29,False,False,0.2903012486485151,0.9439083299990432,0.8833237944476428,0.6547912711639813,0.880596233097218,3,43337,9305,9295,29,0,139.12044373750686,32,2880,1355,4.999077171530741,658179,512,128,True,5,,,,,,,,,,,,,,,,,,,,,,,,,,
age_class,mean_pool,,30s,1,False,False,0.9879989261706404,0.8768386552309491,0.5010882555115549,0.5496499294179823,0.7585907382380893,3,43345,9305,9295,35,0,37.68455103635788,32,6,1355,5.0,1539,512,128,True,5,,,,,,,,,,,,,,,,,,,,,,,,,,
age_class,mean_pool,,30s,2,False,False,0.9060679094108528,0.8516960113167699,0.5415770235735319,0.5733308853053158,0.7733462873509489,3,43345,9305,9295,35,0,37.68455103635788,32,6,1355,5.0,1539,512,128,True,5,,,,,,,,,,,,,,,,,,,,,,,,,,
age_class,mean_pool,,30s,3,False,False,0.8796548558513603,0.8428721624314945,0.558131334958479,0.5777359513969214,0.7790311033885406,3,43345,9305,9295,35,0,37.68455103635788,32,6,1355,5.0,1539,512,128,True,5,,,,,,,,,,,,,,,,,,,,,,,,,,
age_class,mean_pool,,30s,4,False,False,0.8682055468514711,0.8439195023884637,0.5675352898840499,0.5817418318151953,0.781241958414644,3,43345,9305,9295,35,0,37.68455103635788,32,6,1355,5.0,1539,512,128,True,5,,,,,,,,,,,,,,,,,,,,,,,,,,
age_class,mean_pool,,30s,5,False,False,0.8608487209298507,0.8360557369747705,0.5710544071344374,0.5834667257490052,0.7844907484437694,3,43345,9305,9295,35,0,37.68455103635788,32,6,1355,5.0,1539,512,128,True,5,,,,,,,,,,,,,,,,,,,,,,,,,,
age_class,mean_pool,,30s,6,False,False,0.8528865667703531,0.8392697830728022,0.5739956966471884,0.5775542680550759,0.7831457613131768,3,43345,9305,9295,35,0,37.68455103635788,32,6,1355,5.0,1539,512,128,True,5,,,,,,,,,,,,,,,,,,,,,,,,,,
age_class,mean_pool,,30s,7,False,False,0.8511891669063147,0.8380846749704925,0.5756296096031145,0.5786260755033137,0.7858832072212342,3,43345,9305,9295,35,0,37.68455103635788,32,6,1355,5.0,1539,512,128,True,5,,,,,,,,,,,,,,,,,,,,,,,,,,
age_class,mean_pool,,30s,8,False,False,0.8517056200176749,0.8345533172908745,0.5747443329207221,0.5852364529786745,0.7866405258909553,3,43345,9305,9295,35,0,37.68455103635788,32,6,1355,5.0,1539,512,128,True,5,,,,,,,,,,,,,,,,,,,,,,,,,,
age_class,mean_pool,,30s,9,False,False,0.8496877355715274,0.8301975429602556,0.5776160971162331,0.5869139896108834,0.7882286438591928,3,43345,9305,9295,35,0,37.68455103635788,32,6,1355,5.0,1539,512,128,True,5,,,,,,,,,,,,,,,,,,,,,,,,,,
age_class,mean_pool,,30s,10,False,False,0.8479793967734792,0.8425778119170749,0.5815027182399232,0.582495556590913,0.7871198369217448,3,43345,9305,9295,35,0,37.68455103635788,32,6,1355,5.0,1539,512,128,True,5,,,,,,,,,,,,,,,,,,,,,,,,,,
age_class,mean_pool,,30s,11,False,False,0.8487722974470404,0.8290151171374232,0.5797522195492308,0.5813756771353669,0.788310081558798,3,43345,9305,9295,35,0,37.68455103635788,32,6,1355,5.0,1539,512,128,True,5,,,,,,,,,,,,,,,,,,,,,,,,,,
age_class,mean_pool,,30s,12,False,False,0.8461663705940435,0.8271611618777874,0.5806301861473923,0.5835147140520415,0.7895974462464324,3,43345,9305,9295,35,0,37.68455103635788,32,6,1355,5.0,1539,512,128,True,5,,,,,,,,,,,,,,,,,,,,,,,,,,
age_class,mean_pool,,30s,13,False,False,0.846839098185593,0.8295958436092723,0.58053167684887,0.5868775524973878,0.7897685198964445,3,43345,9305,9295,35,0,37.68455103635788,32,6,1355,5.0,1539,512,128,True,5,,,,,,,,,,,,,,,,,,,,,,,,,,
age_class,mean_pool,,30s,14,False,False,0.8487884969498984,0.8369674958701033,0.5793403226439758,0.5880766226330686,0.7877849459088409,3,43345,9305,9295,35,0,37.68455103635788,32,6,1355,5.0,1539,512,128,True,5,,,,,,,,,,,,,,,,,,,,,,,,,,
age_class,mean_pool,,30s,15,False,False,0.845632850572386,0.8275992526218879,0.5805192968309514,0.5849550392160953,0.789513102444854,3,43345,9305,9295,35,0,37.68455103635788,32,6,1355,5.0,1539,512,128,True,5,,,,,,,,,,,,,,,,,,,,,,,,,,
age_class,mean_pool,,30s,16,False,False,0.8464300276980377,0.8260053824891588,0.5811465381788206,0.581679723245346,0.7906801577126211,3,43345,9305,9295,35,0,37.68455103635788,32,6,1355,5.0,1539,512,128,True,5,,,,,,,,,,,,,,,,,,,,,,,,,,
age_class,mean_pool,,30s,17,False,False,0.846591479633352,0.8265961222594813,0.5807866655289331,0.5814544042226101,0.7913783944607599,3,43345,9305,9295,35,0,37.68455103635788,32,6,1355,5.0,1539,512,128,True,5,,,,,,,,,,,,,,,,,,,,,,,,,,
age_class,mean_pool,,30s,18,False,False,0.8441292802538615,0.8244938507700146,0.5839733190517064,0.5872792621764604,0.7910046889661784,3,43345,9305,9295,35,0,37.68455103635788,32,6,1355,5.0,1539,512,128,True,5,,,,,,,,,,,,,,,,,,,,,,,,,,
age_class,mean_pool,,30s,19,False,False,0.8454769314359885,0.8321094346264241,0.5811064002410592,0.5841814314563746,0.7887196027528577,3,43345,9305,9295,35,0,37.68455103635788,32,6,1355,5.0,1539,512,128,True,5,,,,,,,,,,,,,,,,,,,,,,,,,,
age_class,mean_pool,,30s,20,False,False,0.8433273647150266,0.8295130877517872,0.5811160918882158,0.5837531939618571,0.7889361723427563,3,43345,9305,9295,35,0,37.68455103635788,32,6,1355,5.0,1539,512,128,True,5,,,,,,,,,,,,,,,,,,,,,,,,,,
age_class,mean_pool,,30s,21,False,False,0.8439782221598641,0.8361731000000402,0.5800789230986451,0.5887071604755124,0.7888054131292918,3,43345,9305,9295,35,0,37.68455103635788,32,6,1355,5.0,1539,512,128,True,5,,,,,,,,,,,,,,,,,,,,,,,,,,
age_class,mean_pool,,30s,22,False,False,0.8440056114656618,0.8263754829548176,0.5821746561372206,0.5837660200318487,0.7904500034828773,3,43345,9305,9295,35,0,37.68455103635788,32,6,1355,5.0,1539,512,128,True,5,,,,,,,,,,,,,,,,,,,,,,,,,,
age_class,mean_pool,,30s,23,False,False,0.8454303739461152,0.8275600849076793,0.5814959760719135,0.5828187967343487,0.7887721028880671,3,43345,9305,9295,35,0,37.68455103635788,32,6,1355,5.0,1539,512,128,True,5,,,,,,,,,,,,,,,,,,,,,,,,,,
age_class,mean_pool,,30s,24,False,False,0.8454305926715782,0.8244473209949926,0.5819950620463278,0.5836144315951949,0.7910464220935132,3,43345,9305,9295,35,0,37.68455103635788,32,6,1355,5.0,1539,512,128,True,5,,,,,,,,,,,,,,,,,,,,,,,,,,
age_class,mean_pool,,30s,25,True,False,0.8431694014342768,0.823542112192116,0.5843427676011802,0.5846239244322983,0.7916775523374057,3,43345,9305,9295,35,0,37.68455103635788,32,6,1355,5.0,1539,512,128,True,5,0.6235090552543546,0.6014819062710834,0.5714909074100122,0.8045628774050616,0.5399159663865546,0.6273277819833459,0.6372019704433498,,,0.6116066630843633,0.5846239244322983,0.5567584797968635,0.5233830845771145,0.5932624113475178,0.6372262773722628,,,0.6041958041958042,0.5736202387932695,0.5403712964026391,0.791311256801564,0.5027322404371585,0.5900709219858156,0.6280575539568345,,
age_class,mean_pool,,30s,26,False,False,0.8442645461243843,0.825453102543814,0.578309446339814,0.5876921817891956,0.7907238912848275,3,43345,9305,9295,35,0,37.68455103635788,32,6,1355,5.0,1539,512,128,True,5,,,,,,,,,,,,,,,,,,,,,,,,,,
age_class,mean_pool,,30s,27,False,False,0.8456964885738842,0.8341498088734179,0.5805407530523761,0.588308792528531,0.7886592874970807,3,43345,9305,9295,35,0,37.68455103635788,32,6,1355,5.0,1539,512,128,True,5,,,,,,,,,,,,,,,,,,,,,,,,,,
age_class,mean_pool,,30s,28,False,False,0.8414532323611871,0.8267283225431037,0.5845070447714965,0.5861022964073869,0.7908383868956207,3,43345,9305,9295,35,0,37.68455103635788,32,6,1355,5.0,1539,512,128,True,5,,,,,,,,,,,,,,,,,,,,,,,,,,
age_class,mean_pool,,30s,29,False,False,0.8440465338324467,0.8271983619148792,0.583319159191516,0.5853093915935671,0.790717310840905,3,43345,9305,9295,35,0,37.68455103635788,32,6,1355,5.0,1539,512,128,True,5,,,,,,,,,,,,,,,,,,,,,,,,,,
age_class,mean_pool,,30s,30,False,False,0.841559002302911,0.8260335229789615,0.5832569307970649,0.5852778028890594,0.7908371799882848,3,43345,9305,9295,35,0,37.68455103635788,32,6,1355,5.0,1539,512,128,True,5,,,,,,,,,,,,,,,,,,,,,,,,,,
age_class,mean_pool,,30s,31,False,False,0.8442309199519218,0.8277180356405424,0.5844239737712935,0.5857304047655288,0.7900312207403618,3,43345,9305,9295,35,0,37.68455103635788,32,6,1355,5.0,1539,512,128,True,5,,,,,,,,,,,,,,,,,,,,,,,,,,
age_class,mean_pool,,30s,32,False,False,0.8431200024564314,0.8249194348133873,0.5849221157047224,0.5864148095264219,0.7909376092896929,3,43345,9305,9295,35,0,37.68455103635788,32,6,1355,5.0,1539,512,128,True,5,,,,,,,,,,,,,,,,,,,,,,,,,,
age_class,mean_pool,,30s,33,False,False,0.8416923150483788,0.8252665793876505,0.5851950650734595,0.586211916809801,0.7908660108631155,3,43345,9305,9295,35,0,37.68455103635788,32,6,1355,5.0,1539,512,128,True,5,,,,,,,,,,,,,,,,,,,,,,,,,,
age_class,mean_pool,,30s,34,False,False,0.8405972408043746,0.8273886330085439,0.5844894025165993,0.5874590267588392,0.7901639904643912,3,43345,9305,9295,35,0,37.68455103635788,32,6,1355,5.0,1539,512,128,True,5,,,,,,,,,,,,,,,,,,,,,,,,,,
age_class,mean_pool,,30s,35,False,False,0.8421840833137983,0.8265909221209485,0.5829982262032172,0.5871103855882362,0.7904217139803421,3,43345,9305,9295,35,0,37.68455103635788,32,6,1355,5.0,1539,512,128,True,5,,,,,,,,,,,,,,,,,,,,,,,,,,
age_class,mean_pool,,10m,1,False,False,0.9580887972064078,0.868331219546581,0.5084349676700146,0.5611220119828461,0.7638357718483489,3,43345,9305,9295,33,0,28.25283010005951,32,120,1355,5.0,1539,512,128,True,5,,,,,,,,,,,,,,,,,,,,,,,,,,
age_class,mean_pool,,10m,2,False,False,0.8815819144276464,0.8388217747179428,0.5563888433966083,0.5785622477764926,0.7817571526141381,3,43345,9305,9295,33,0,28.25283010005951,32,120,1355,5.0,1539,512,128,True,5,,,,,,,,,,,,,,,,,,,,,,,,,,
age_class,mean_pool,,10m,3,False,False,0.8575625031254863,0.8305568814085479,0.572973780506486,0.5856481234661193,0.7885572576986815,3,43345,9305,9295,33,0,28.25283010005951,32,120,1355,5.0,1539,512,128,True,5,,,,,,,,,,,,,,,,,,,,,,,,,,
age_class,mean_pool,,10m,4,False,False,0.8434529000602526,0.816535890429075,0.5777317382250611,0.5848952164167515,0.7953362560991352,3,43345,9305,9295,33,0,28.25283010005951,32,120,1355,5.0,1539,512,128,True,5,,,,,,,,,,,,,,,,,,,,,,,,,,
age_class,mean_pool,,10m,5,False,False,0.8353953015090603,0.8211301490736546,0.5865941519472391,0.5995324086200462,0.7961227206972481,3,43345,9305,9295,33,0,28.25283010005951,32,120,1355,5.0,1539,512,128,True,5,,,,,,,,,,,,,,,,,,,,,,,,,,
age_class,mean_pool,,10m,6,False,False,0.833450719358352,0.8230562588913604,0.5865539700648852,0.5978612914616234,0.7949803141166608,3,43345,9305,9295,33,0,28.25283010005951,32,120,1355,5.0,1539,512,128,True,5,,,,,,,,,,,,,,,,,,,,,,,,,,
age_class,mean_pool,,10m,7,False,False,0.8267388150922731,0.8170184832244455,0.5947377590729315,0.5992092714972531,0.7971579402371031,3,43345,9305,9295,33,0,28.25283010005951,32,120,1355,5.0,1539,512,128,True,5,,,,,,,,,,,,,,,,,,,,,,,,,,
age_class,mean_pool,,10m,8,False,False,0.8285254045951351,0.8298634498494726,0.5941560985040341,0.595617089785323,0.7960616375792089,3,43345,9305,9295,33,0,28.25283010005951,32,120,1355,5.0,1539,512,128,True,5,,,,,,,,,,,,,,,,,,,,,,,,,,
age_class,mean_pool,,10m,9,False,False,0.8291584731798461,0.822838046728828,0.5948330100371351,0.5959108145146813,0.7967975026671711,3,43345,9305,9295,33,0,28.25283010005951,32,120,1355,5.0,1539,512,128,True,5,,,,,,,,,,,,,,,,,,,,,,,,,,
age_class,mean_pool,,10m,10,False,False,0.8253057310470923,0.8120712334593415,0.5964935325770915,0.5963621350719097,0.8002876401924985,3,43345,9305,9295,33,0,28.25283010005951,32,120,1355,5.0,1539,512,128,True,5,,,,,,,,,,,,,,,,,,,,,,,,,,
age_class,mean_pool,,10m,11,False,False,0.827069543928599,0.808448560272475,0.5928856484931283,0.5957219905545524,0.801099800090467,3,43345,9305,9295,33,0,28.25283010005951,32,120,1355,5.0,1539,512,128,True,5,,,,,,,,,,,,,,,,,,,,,,,,,,
age_class,mean_pool,,10m,12,False,False,0.8248536341687307,0.807617137984266,0.5927823769461843,0.59476644834017,0.8015516905206818,3,43345,9305,9295,33,0,28.25283010005951,32,120,1355,5.0,1539,512,128,True,5,,,,,,,,,,,,,,,,,,,,,,,,,,
age_class,mean_pool,,10m,13,False,False,0.8258311011040688,0.8198987187011981,0.5954141972328361,0.5981715316877331,0.7982596797552661,3,43345,9305,9295,33,0,28.25283010005951,32,120,1355,5.0,1539,512,128,True,5,,,,,,,,,,,,,,,,,,,,,,,,,,
age_class,mean_pool,,10m,14,False,False,0.8189682604546282,0.8045665316912258,0.599804217116119,0.5975697623597084,0.8032063716428208,3,43345,9305,9295,33,0,28.25283010005951,32,120,1355,5.0,1539,512,128,True,5,,,,,,,,,,,,,,,,,,,,,,,,,,
age_class,mean_pool,,10m,15,False,False,0.8249591648613022,0.8073292319330075,0.5937487936990036,0.5982490354048466,0.802132022298974,3,43345,9305,9295,33,0,28.25283010005951,32,120,1355,5.0,1539,512,128,True,5,,,,,,,,,,,,,,,,,,,,,,,,,,
age_class,mean_pool,,10m,16,False,False,0.8243520874921557,0.8150167633422531,0.5933285511965104,0.5979379452584362,0.799635347954116,3,43345,9305,9295,33,0,28.25283010005951,32,120,1355,5.0,1539,512,128,True,5,,,,,,,,,,,,,,,,,,,,,,,,,,
age_class,mean_pool,,10m,17,False,False,0.8241681382818087,0.8043728346596605,0.5975466991725036,0.6006129535065264,0.8036863383301086,3,43345,9305,9295,33,0,28.25283010005951,32,120,1355,5.0,1539,512,128,True,5,,,,,,,,,,,,,,,,,,,,,,,,,,
age_class,mean_pool,,10m,18,False,False,0.8215072121844598,0.8061851048841071,0.5982853435717653,0.6040745436765028,0.8030521235029898,3,43345,9305,9295,33,0,28.25283010005951,32,120,1355,5.0,1539,512,128,True,5,,,,,,,,,,,,,,,,,,,,,,,,,,
age_class,mean_pool,,10m,19,False,False,0.8238924762220555,0.8081224378752875,0.5936554036895764,0.6019542114452329,0.8016142144608915,3,43345,9305,9295,33,0,28.25283010005951,32,120,1355,5.0,1539,512,128,True,5,,,,,,,,,,,,,,,,,,,,,,,,,,
age_class,mean_pool,,10m,20,False,False,0.8202250919686922,0.8043319858574598,0.6003533695082878,0.5965328467153285,0.8033287125905563,3,43345,9305,9295,33,0,28.25283010005951,32,120,1355,5.0,1539,512,128,True,5,,,,,,,,,,,,,,,,,,,,,,,,,,
age_class,mean_pool,,10m,21,False,False,0.8224777567949052,0.8087830140345972,0.5975963537833625,0.6018004466975059,0.8022666760101096,3,43345,9305,9295,33,0,28.25283010005951,32,120,1355,5.0,1539,512,128,True,5,,,,,,,,,,,,,,,,,,,,,,,,,,
age_class,mean_pool,,10m,22,False,False,0.819492703797922,0.8110393237580797,0.5985629873343788,0.601263393649344,0.801651207552641,3,43345,9305,9295,33,0,28.25283010005951,32,120,1355,5.0,1539,512,128,True,5,,,,,,,,,,,,,,,,,,,,,,,,,,
age_class,mean_pool,,10m,23,True,False,0.821529026143704,0.8034695188439321,0.597366515375891,0.5993175912640556,0.8042198990088992,3,43345,9305,9295,33,0,28.25283010005951,32,120,1355,5.0,1539,512,128,True,5,0.6307071173145692,0.614964552288325,0.5833565170321923,0.8176370264061673,0.5422268907563025,0.6821347464042392,0.6205320197044335,,,0.6204191295002687,0.5993175912640556,0.5680868087155908,0.5263681592039801,0.64822695035461,0.6233576642335766,,,0.6114039806347499,0.5894895245296613,0.5525652177121546,0.8037541142580672,0.5147540983606558,0.6418439716312057,0.6118705035971223,,
age_class,mean_pool,,10m,24,False,False,0.8220513508399336,0.8126972626256148,0.5989503358836551,0.6021815393704976,0.8007433219401707,3,43345,9305,9295,33,0,28.25283010005951,32,120,1355,5.0,1539,512,128,True,5,,,,,,,,,,,,,,,,,,,,,,,,,,
age_class,mean_pool,,10m,25,False,False,0.8192576075703067,0.8082408786652743,0.6014843959771906,0.6032191053326833,0.8023406941526421,3,43345,9305,9295,33,0,28.25283010005951,32,120,1355,5.0,1539,512,128,True,5,,,,,,,,,,,,,,,,,,,,,,,,,,
age_class,mean_pool,,10m,26,False,False,0.8221804760692991,0.8075823826920532,0.5985979787827319,0.6021394361216643,0.8021782433891648,3,43345,9305,9295,33,0,28.25283010005951,32,120,1355,5.0,1539,512,128,True,5,,,,,,,,,,,,,,,,,,,,,,,,,,
age_class,mean_pool,,10m,27,False,False,0.8179078770310894,0.8064214262380708,0.6002268531730738,0.5999509814905387,0.8026796689045876,3,43345,9305,9295,33,0,28.25283010005951,32,120,1355,5.0,1539,512,128,True,5,,,,,,,,,,,,,,,,,,,,,,,,,,
age_class,mean_pool,,10m,28,False,False,0.8204845577708741,0.8047922211907872,0.5974170551668422,0.5990578891018841,0.8030579222650305,3,43345,9305,9295,33,0,28.25283010005951,32,120,1355,5.0,1539,512,128,True,5,,,,,,,,,,,,,,,,,,,,,,,,,,
age_class,mean_pool,,10m,29,False,False,0.8187610093484853,0.8066458921289008,0.6007651018955181,0.5973098219623012,0.802551550710643,3,43345,9305,9295,33,0,28.25283010005951,32,120,1355,5.0,1539,512,128,True,5,,,,,,,,,,,,,,,,,,,,,,,,,,
age_class,mean_pool,,10m,30,False,False,0.820304340002432,0.8088344984961606,0.5997836367886579,0.6018049731669859,0.8021445493659162,3,43345,9305,9295,33,0,28.25283010005951,32,120,1355,5.0,1539,512,128,True,5,,,,,,,,,,,,,,,,,,,,,,,,,,
age_class,mean_pool,,10m,31,False,False,0.8177062537035105,0.8084801453790762,0.6016772139537899,0.6013289019003959,0.8018161703745688,3,43345,9305,9295,33,0,28.25283010005951,32,120,1355,5.0,1539,512,128,True,5,,,,,,,,,,,,,,,,,,,,,,,,,,
age_class,mean_pool,,10m,32,False,False,0.8185247939369206,0.8073880820937979,0.6019502943519938,0.5998900383417075,0.8023144215588106,3,43345,9305,9295,33,0,28.25283010005951,32,120,1355,5.0,1539,512,128,True,5,,,,,,,,,,,,,,,,,,,,,,,,,,
age_class,mean_pool,,10m,33,False,False,0.8207056229097206,0.8081723418433073,0.5996904471256251,0.6013112274214164,0.8022118751939195,3,43345,9305,9295,33,0,28.25283010005951,32,120,1355,5.0,1539,512,128,True,5,,,,,,,,,,,,,,,,,,,,,,,,,,
age_class,mean_pool,,40m,1,False,False,0.9462852612376722,0.8569464982036363,0.5167855128790925,0.5722948388976069,0.7738146632943015,3,43345,9305,9295,25,0,53.980448234081265,32,480,1355,5.0,1539,512,128,True,5,,,,,,,,,,,,,,,,,,,,,,,,,,
age_class,mean_pool,,40m,2,False,False,0.8643879733210493,0.8358139412816912,0.564720299323363,0.5844130669322539,0.787871141806372,3,43345,9305,9295,25,0,53.980448234081265,32,480,1355,5.0,1539,512,128,True,5,,,,,,,,,,,,,,,,,,,,,,,,,,
age_class,mean_pool,,40m,3,False,False,0.8379817956678457,0.8151999091154013,0.5788106429708065,0.583970773558825,0.7966951753587947,3,43345,9305,9295,25,0,53.980448234081265,32,480,1355,5.0,1539,512,128,True,5,,,,,,,,,,,,,,,,,,,,,,,,,,
age_class,mean_pool,,40m,4,False,False,0.8260242601348009,0.8067713881743204,0.5929594857181172,0.5872879738595422,0.8021739117722201,3,43345,9305,9295,25,0,53.980448234081265,32,480,1355,5.0,1539,512,128,True,5,,,,,,,,,,,,,,,,,,,,,,,,,,
age_class,mean_pool,,40m,5,False,False,0.8195059163414465,0.8058091443306269,0.5986738297083432,0.5964669585756571,0.8047407722901109,3,43345,9305,9295,25,0,53.980448234081265,32,480,1355,5.0,1539,512,128,True,5,,,,,,,,,,,,,,,,,,,,,,,,,,
age_class,mean_pool,,40m,6,False,False,0.8131453149059347,0.8034192145991749,0.6029395470840715,0.6039440100836605,0.8064598419413169,3,43345,9305,9295,25,0,53.980448234081265,32,480,1355,5.0,1539,512,128,True,5,,,,,,,,,,,,,,,,,,,,,,,,,,
age_class,mean_pool,,40m,7,False,False,0.8139462578762827,0.7979990495782203,0.5967045520236338,0.6054061369911842,0.809110790702276,3,43345,9305,9295,25,0,53.980448234081265,32,480,1355,5.0,1539,512,128,True,5,,,,,,,,,,,,,,,,,,,,,,,,,,
age_class,mean_pool,,40m,8,False,False,0.807156266422472,0.799578820089702,0.6062675242954735,0.6009837441152678,0.8080953573901332,3,43345,9305,9295,25,0,53.980448234081265,32,480,1355,5.0,1539,512,128,True,5,,,,,,,,,,,,,,,,,,,,,,,,,,
age_class,mean_pool,,40m,9,False,False,0.8060716853640679,0.7969274499094787,0.6066288458007651,0.6040372373263362,0.809821767920205,3,43345,9305,9295,25,0,53.980448234081265,32,480,1355,5.0,1539,512,128,True,5,,,,,,,,,,,,,,,,,,,,,,,,,,
age_class,mean_pool,,40m,10,False,False,0.8046306205546654,0.79281899660009,0.6084374363178147,0.605834348730541,0.8135297020755811,3,43345,9305,9295,25,0,53.980448234081265,32,480,1355,5.0,1539,512,128,True,5,,,,,,,,,,,,,,,,,,,,,,,,,,
age_class,mean_pool,,40m,11,False,False,0.8052877822223728,0.7927032933319723,0.6095327204780996,0.6067324440591473,0.811121479692298,3,43345,9305,9295,25,0,53.980448234081265,32,480,1355,5.0,1539,512,128,True,5,,,,,,,,,,,,,,,,,,,,,,,,,,
age_class,mean_pool,,40m,12,False,False,0.8058450031231014,0.7997221165738524,0.6079821329769214,0.6129587155077231,0.8107018202448874,3,43345,9305,9295,25,0,53.980448234081265,32,480,1355,5.0,1539,512,128,True,5,,,,,,,,,,,,,,,,,,,,,,,,,,
age_class,mean_pool,,40m,13,False,False,0.8028883965868812,0.7927542334535569,0.6082406748807226,0.6063062605386899,0.8123864543144773,3,43345,9305,9295,25,0,53.980448234081265,32,480,1355,5.0,1539,512,128,True,5,,,,,,,,,,,,,,,,,,,,,,,,,,
age_class,mean_pool,,40m,14,False,False,0.8033959050384246,0.7925379096660993,0.6108777059284911,0.6068982686608372,0.8122503650437339,3,43345,9305,9295,25,0,53.980448234081265,32,480,1355,5.0,1539,512,128,True,5,,,,,,,,,,,,,,,,,,,,,,,,,,
age_class,mean_pool,,40m,15,True,False,0.8024150549602256,0.7872177173090775,0.6100570344507324,0.6055932096003906,0.8150100638177712,3,43345,9305,9295,25,0,53.980448234081265,32,480,1355,5.0,1539,512,128,True,5,0.6496943130695582,0.6268648115175486,0.5987569804212299,0.8309563546017408,0.5443277310924369,0.6853898561695685,0.6508768472906404,,,0.6378291241268136,0.6055932096003906,0.5800599098753244,0.5134328358208955,0.6478723404255319,0.6554744525547446,,,0.6315223238300162,0.5977166505372612,0.5664656220209451,0.8178344617987786,0.5136612021857924,0.625531914893617,0.6539568345323741,,
age_class,mean_pool,,40m,16,False,False,0.802915968039908,0.7930666131271207,0.6101663577018162,0.6075055495932359,0.8123690741479829,3,43345,9305,9295,25,0,53.980448234081265,32,480,1355,5.0,1539,512,128,True,5,,,,,,,,,,,,,,,,,,,,,,,,,,
age_class,mean_pool,,40m,17,False,False,0.7984418413165751,0.7878836391690852,0.6134088431582401,0.6094616797979353,0.8143432602869644,3,43345,9305,9295,25,0,53.980448234081265,32,480,1355,5.0,1539,512,128,True,5,,,,,,,,,,,,,,,,,,,,,,,,,,
age_class,mean_pool,,40m,18,False,False,0.8026637152261917,0.7901539847006533,0.6106868033072949,0.6091089499955831,0.8128453094577623,3,43345,9305,9295,25,0,53.980448234081265,32,480,1355,5.0,1539,512,128,True,5,,,,,,,,,,,,,,,,,,,,,,,,,,
age_class,mean_pool,,40m,19,False,False,0.8006809026673256,0.7913121666721219,0.6117137346885816,0.6103600970660494,0.8128718938421162,3,43345,9305,9295,25,0,53.980448234081265,32,480,1355,5.0,1539,512,128,True,5,,,,,,,,,,,,,,,,,,,,,,,,,,
age_class,mean_pool,,40m,20,False,False,0.7961637850987043,0.7898577132319841,0.6130674689150505,0.6106708395177912,0.8134321844311164,3,43345,9305,9295,25,0,53.980448234081265,32,480,1355,5.0,1539,512,128,True,5,,,,,,,,,,,,,,,,,,,,,,,,,,
age_class,mean_pool,,40m,21,False,False,0.7988611298086514,0.794693372276507,0.6145097403079324,0.6086384997927997,0.8115141033601819,3,43345,9305,9295,25,0,53.980448234081265,32,480,1355,5.0,1539,512,128,True,5,,,,,,,,,,,,,,,,,,,,,,,,,,
age_class,mean_pool,,40m,22,False,False,0.7996512353207114,0.788039219155227,0.6134694983216602,0.6068166441180235,0.8142699440629321,3,43345,9305,9295,25,0,53.980448234081265,32,480,1355,5.0,1539,512,128,True,5,,,,,,,,,,,,,,,,,,,,,,,,,,
age_class,mean_pool,,40m,23,False,False,0.7986959649419438,0.7955647105237991,0.6144632910931477,0.6075979011604503,0.8113506174391816,3,43345,9305,9295,25,0,53.980448234081265,32,480,1355,5.0,1539,512,128,True,5,,,,,,,,,,,,,,,,,,,,,,,,,,
age_class,mean_pool,,40m,24,False,False,0.7993024087774532,0.7893371172197271,0.6136125055780751,0.6106363211637623,0.8132058797183549,3,43345,9305,9295,25,0,53.980448234081265,32,480,1355,5.0,1539,512,128,True,5,,,,,,,,,,,,,,,,,,,,,,,,,,
age_class,mean_pool,,40m,25,False,False,0.7985017978563373,0.788268971596912,0.6137402356907157,0.6088498981512173,0.8137897654473596,3,43345,9305,9295,25,0,53.980448234081265,32,480,1355,5.0,1539,512,128,True,5,,,,,,,,,,,,,,,,,,,,,,,,,,
age_class,mean_pool,,80m,1,False,False,0.9388740394021664,0.8366693312733613,0.5180934447025306,0.5717396413387842,0.7804504317469146,3,43345,9305,9295,40,0,92.86249318122864,32,960,1355,5.0,1539,512,128,True,5,,,,,,,,,,,,,,,,,,,,,,,,,,
age_class,mean_pool,,80m,2,False,False,0.8535837083597719,0.8106085607660899,0.5744364519150739,0.5899857947411568,0.7994398802979475,3,43345,9305,9295,40,0,92.86249318122864,32,960,1355,5.0,1539,512,128,True,5,,,,,,,,,,,,,,,,,,,,,,,,,,
age_class,mean_pool,,80m,3,False,False,0.827755025507381,0.7985701148705993,0.5924424222376309,0.5811362957949292,0.8099438647974816,3,43345,9305,9295,40,0,92.86249318122864,32,960,1355,5.0,1539,512,128,True,5,,,,,,,,,,,,,,,,,,,,,,,,,,
age_class,mean_pool,,80m,4,False,False,0.8140018197076243,0.7958321163950268,0.6020110406949593,0.5966004926447124,0.8083396082605643,3,43345,9305,9295,40,0,92.86249318122864,32,960,1355,5.0,1539,512,128,True,5,,,,,,,,,,,,,,,,,,,,,,,,,,
age_class,mean_pool,,80m,5,False,False,0.805956117060237,0.7979826381423024,0.6070758459535109,0.6097800457772226,0.8138034976389945,3,43345,9305,9295,40,0,92.86249318122864,32,960,1355,5.0,1539,512,128,True,5,,,,,,,,,,,,,,,,,,,,,,,,,,
age_class,mean_pool,,80m,6,False,False,0.8014686696916348,0.7855021017331836,0.6119343309121398,0.6062476160379446,0.817127853648946,3,43345,9305,9295,40,0,92.86249318122864,32,960,1355,5.0,1539,512,128,True,5,,,,,,,,,,,,,,,,,,,,,,,,,,
age_class,mean_pool,,80m,7,False,False,0.7970248484600511,0.7817200501845256,0.6110564181296523,0.6150586174578265,0.8175945719721126,3,43345,9305,9295,40,0,92.86249318122864,32,960,1355,5.0,1539,512,128,True,5,,,,,,,,,,,,,,,,,,,,,,,,,,
age_class,mean_pool,,80m,8,False,False,0.7939932047887607,0.7783294759983019,0.6162049439055687,0.6038508536676765,0.81824326392026,3,43345,9305,9295,40,0,92.86249318122864,32,960,1355,5.0,1539,512,128,True,5,,,,,,,,,,,,,,,,,,,,,,,,,,
age_class,mean_pool,,80m,9,False,False,0.7934491798145876,0.785153628779252,0.6156493271249349,0.6152595463434497,0.8163598368863866,3,43345,9305,9295,40,0,92.86249318122864,32,960,1355,5.0,1539,512,128,True,5,,,,,,,,,,,,,,,,,,,,,,,,,,
age_class,mean_pool,,80m,10,False,False,0.7879806122904707,0.7764556827627158,0.6212980916713445,0.6048192541460014,0.820309047367268,3,43345,9305,9295,40,0,92.86249318122864,32,960,1355,5.0,1539,512,128,True,5,,,,,,,,,,,,,,,,,,,,,,,,,,
age_class,mean_pool,,80m,11,False,False,0.7906382973637737,0.7821173723508824,0.6185801319405311,0.6173886353293325,0.8184266525093782,3,43345,9305,9295,40,0,92.86249318122864,32,960,1355,5.0,1539,512,128,True,5,,,,,,,,,,,,,,,,,,,,,,,,,,
age_class,mean_pool,,80m,12,False,False,0.7906349834225309,0.7779617892485162,0.6168426241780223,0.6180529703813078,0.819564362883531,3,43345,9305,9295,40,0,92.86249318122864,32,960,1355,5.0,1539,512,128,True,5,,,,,,,,,,,,,,,,,,,,,,,,,,
age_class,mean_pool,,80m,13,False,False,0.7877149154218867,0.7759343837807731,0.6200312388287691,0.6207385253676742,0.8212696287405521,3,43345,9305,9295,40,0,92.86249318122864,32,960,1355,5.0,1539,512,128,True,5,,,,,,,,,,,,,,,,,,,,,,,,,,
age_class,mean_pool,,80m,14,False,False,0.787920739590496,0.7740073990783405,0.619532498561564,0.6188776635021301,0.8221046657115193,3,43345,9305,9295,40,0,92.86249318122864,32,960,1355,5.0,1539,512,128,True,5,,,,,,,,,,,,,,,,,,,,,,,,,,
age_class,mean_pool,,80m,15,False,False,0.7858911968182357,0.7745819921457658,0.6167280982089253,0.6176240503750338,0.8213623862192986,3,43345,9305,9295,40,0,92.86249318122864,32,960,1355,5.0,1539,512,128,True,5,,,,,,,,,,,,,,,,,,,,,,,,,,
age_class,mean_pool,,80m,16,False,False,0.7872772952486919,0.7757232953501542,0.6204275685266928,0.6193575787264433,0.8201179072118109,3,43345,9305,9295,40,0,92.86249318122864,32,960,1355,5.0,1539,512,128,True,5,,,,,,,,,,,,,,,,,,,,,,,,,,
age_class,mean_pool,,80m,17,False,False,0.7866075694842904,0.7766876025330566,0.6217015191155687,0.6213327548724257,0.8202887448397859,3,43345,9305,9295,40,0,92.86249318122864,32,960,1355,5.0,1539,512,128,True,5,,,,,,,,,,,,,,,,,,,,,,,,,,
age_class,mean_pool,,80m,18,False,False,0.783914131053331,0.771048122615599,0.6212469840372913,0.6119739025532893,0.8232780433772212,3,43345,9305,9295,40,0,92.86249318122864,32,960,1355,5.0,1539,512,128,True,5,,,,,,,,,,,,,,,,,,,,,,,,,,
age_class,mean_pool,,80m,19,False,False,0.7867848507864883,0.7705579536567126,0.6165047301856869,0.6118232670575785,0.8238248889703791,3,43345,9305,9295,40,0,92.86249318122864,32,960,1355,5.0,1539,512,128,True,5,,,,,,,,,,,,,,,,,,,,,,,,,,
age_class,mean_pool,,80m,20,False,False,0.7846947990496247,0.7706609307406476,0.6226857186582379,0.6155288873744854,0.8236829134090352,3,43345,9305,9295,40,0,92.86249318122864,32,960,1355,5.0,1539,512,128,True,5,,,,,,,,,,,,,,,,,,,,,,,,,,
age_class,mean_pool,,80m,21,False,False,0.7828257583983287,0.7753873047682626,0.6239269176568275,0.6220902205852242,0.8212911802638562,3,43345,9305,9295,40,0,92.86249318122864,32,960,1355,5.0,1539,512,128,True,5,,,,,,,,,,,,,,,,,,,,,,,,,,
age_class,mean_pool,,80m,22,False,False,0.7865478836372108,0.7714152005844895,0.6205466531074567,0.6205012881443587,0.8232730214883622,3,43345,9305,9295,40,0,92.86249318122864,32,960,1355,5.0,1539,512,128,True,5,,,,,,,,,,,,,,,,,,,,,,,,,,
age_class,mean_pool,,80m,23,False,False,0.7830349815993287,0.7716533474484033,0.6234554131658144,0.618420348431266,0.8227731196091753,3,43345,9305,9295,40,0,92.86249318122864,32,960,1355,5.0,1539,512,128,True,5,,,,,,,,,,,,,,,,,,,,,,,,,,
age_class,mean_pool,,80m,24,False,False,0.7853393432425441,0.7705367132901249,0.6251043406947473,0.6213758046234119,0.8238378527534097,3,43345,9305,9295,40,0,92.86249318122864,32,960,1355,5.0,1539,512,128,True,5,,,,,,,,,,,,,,,,,,,,,,,,,,
age_class,mean_pool,,80m,25,False,False,0.7867443607483016,0.7786189771608151,0.6220197517415694,0.6235231153854376,0.8226320666880919,3,43345,9305,9295,40,0,92.86249318122864,32,960,1355,5.0,1539,512,128,True,5,,,,,,,,,,,,,,,,,,,,,,,,,,
age_class,mean_pool,,80m,26,False,False,0.7821667187532101,0.7705679112772094,0.6262449636828289,0.6177983419857795,0.8233389759131469,3,43345,9305,9295,40,0,92.86249318122864,32,960,1355,5.0,1539,512,128,True,5,,,,,,,,,,,,,,,,,,,,,,,,,,
age_class,mean_pool,,80m,27,False,False,0.7828038856663881,0.772460067765422,0.625281464382981,0.62349976189354,0.8231563863064085,3,43345,9305,9295,40,0,92.86249318122864,32,960,1355,5.0,1539,512,128,True,5,,,,,,,,,,,,,,,,,,,,,,,,,,
age_class,mean_pool,,80m,28,False,False,0.7848464158252664,0.7710671496865316,0.6219563842974346,0.6184602496138657,0.822949853937545,3,43345,9305,9295,40,0,92.86249318122864,32,960,1355,5.0,1539,512,128,True,5,,,,,,,,,,,,,,,,,,,,,,,,,,
age_class,mean_pool,,80m,29,False,False,0.783873592863887,0.7729946016945037,0.6231127745467656,0.6233827175660754,0.8230990369638982,3,43345,9305,9295,40,0,92.86249318122864,32,960,1355,5.0,1539,512,128,True,5,,,,,,,,,,,,,,,,,,,,,,,,,,
age_class,mean_pool,,80m,30,False,False,0.7810003220560586,0.7711514400065042,0.624638628627467,0.6207980133499299,0.8229928601088151,3,43345,9305,9295,40,0,92.86249318122864,32,960,1355,5.0,1539,512,128,True,5,,,,,,,,,,,,,,,,,,,,,,,,,,
age_class,mean_pool,,80m,31,False,False,0.7828662105684173,0.7717895029950437,0.6234092369778317,0.622692530771622,0.82311717978754,3,43345,9305,9295,40,0,92.86249318122864,32,960,1355,5.0,1539,512,128,True,5,,,,,,,,,,,,,,,,,,,,,,,,,,
age_class,mean_pool,,80m,32,True,False,0.7839730414143482,0.7695159128056874,0.6232065476272735,0.6178314824387149,0.8239110610956857,3,43345,9305,9295,40,0,92.86249318122864,32,960,1355,5.0,1539,512,128,True,5,0.6574691429230591,0.6490195269002691,0.6106023010130149,0.8404821771519962,0.6203781512605042,0.6674489023467071,0.659231527093596,,,0.6430951101558302,0.6178314824387149,0.5859134111028395,0.5691542288557214,0.6113475177304964,0.672992700729927,,,0.634965034965035,0.6132286148758008,0.5725683530518497,0.8260728971783348,0.5737704918032787,0.6063829787234043,0.6595323741007194,,
age_class,mean_pool,,80m,33,False,False,0.7823008165060821,0.770891032111318,0.6237440487798137,0.622998669488402,0.8234533199316029,3,43345,9305,9295,40,0,92.86249318122864,32,960,1355,5.0,1539,512,128,True,5,,,,,,,,,,,,,,,,,,,,,,,,,,
age_class,mean_pool,,80m,34,False,False,0.7838766855549436,0.7707416531092887,0.6254344972947021,0.6216235757074234,0.8233223207048656,3,43345,9305,9295,40,0,92.86249318122864,32,960,1355,5.0,1539,512,128,True,5,,,,,,,,,,,,,,,,,,,,,,,,,,
age_class,mean_pool,,80m,35,False,False,0.7826824840947629,0.7706016967016033,0.6231080347459144,0.6227680127086265,0.8235630237822432,3,43345,9305,9295,40,0,92.86249318122864,32,960,1355,5.0,1539,512,128,True,5,,,,,,,,,,,,,,,,,,,,,,,,,,
age_class,mean_pool,,80m,36,False,False,0.7823514296392735,0.7709553877170979,0.6237787755369447,0.6237607389361625,0.8234065828201708,3,43345,9305,9295,40,0,92.86249318122864,32,960,1355,5.0,1539,512,128,True,5,,,,,,,,,,,,,,,,,,,,,,,,,,
age_class,mean_pool,,80m,37,False,False,0.7871111087147815,0.7706949021340954,0.6228216503234462,0.6219769622663717,0.8233350939009725,3,43345,9305,9295,40,0,92.86249318122864,32,960,1355,5.0,1539,512,128,True,5,,,,,,,,,,,,,,,,,,,,,,,,,,
age_class,mean_pool,,80m,38,False,False,0.7805659209118402,0.7702278244822081,0.6229990775291557,0.621282693278959,0.823604880166826,3,43345,9305,9295,40,0,92.86249318122864,32,960,1355,5.0,1539,512,128,True,5,,,,,,,,,,,,,,,,,,,,,,,,,,
age_class,mean_pool,,80m,39,False,False,0.7832936328743717,0.7702978981495672,0.6244112058564322,0.6212309962327928,0.8235501760659143,3,43345,9305,9295,40,0,92.86249318122864,32,960,1355,5.0,1539,512,128,True,5,,,,,,,,,,,,,,,,,,,,,,,,,,
age_class,mean_pool,,80m,40,False,False,0.786889999759061,0.7703157461823346,0.619252440917373,0.6215626711913332,0.823545443107831,3,43345,9305,9295,40,0,92.86249318122864,32,960,1355,5.0,1539,512,128,True,5,,,,,,,,,,,,,,,,,,,,,,,,,,
age_class,mean_pool,,120m,1,False,False,0.918272344028404,0.8327086242279143,0.5327457570618631,0.5791157712498748,0.7851836158702957,3,43345,9305,9295,40,0,105.19191436370214,32,1440,1355,5.0,1539,512,128,True,5,,,,,,,,,,,,,,,,,,,,,,,,,,
age_class,mean_pool,,120m,2,False,False,0.848346036043474,0.8043014170596959,0.5742000881377898,0.5943617059909335,0.8034323473555475,3,43345,9305,9295,40,0,105.19191436370214,32,1440,1355,5.0,1539,512,128,True,5,,,,,,,,,,,,,,,,,,,,,,,,,,
age_class,mean_pool,,120m,3,False,False,0.8221638708258187,0.7919475517370316,0.5920627611403746,0.6094830887752055,0.81210700230708,3,43345,9305,9295,40,0,105.19191436370214,32,1440,1355,5.0,1539,512,128,True,5,,,,,,,,,,,,,,,,,,,,,,,,,,
age_class,mean_pool,,120m,4,False,False,0.8066364570092489,0.7811611843134754,0.6044114911672466,0.6092333152274555,0.8178697349382497,3,43345,9305,9295,40,0,105.19191436370214,32,1440,1355,5.0,1539,512,128,True,5,,,,,,,,,,,,,,,,,,,,,,,,,,
age_class,mean_pool,,120m,5,False,False,0.7983244732116825,0.7771372176959014,0.6076989234598535,0.6145971622448919,0.8204994399066914,3,43345,9305,9295,40,0,105.19191436370214,32,1440,1355,5.0,1539,512,128,True,5,,,,,,,,,,,,,,,,,,,,,,,,,,
age_class,mean_pool,,120m,6,False,False,0.7922669914646371,0.7700214334100501,0.6147930900674766,0.6177933648009886,0.8251117402648195,3,43345,9305,9295,40,0,105.19191436370214,32,1440,1355,5.0,1539,512,128,True,5,,,,,,,,,,,,,,,,,,,,,,,,,,
age_class,mean_pool,,120m,7,False,False,0.7889524373962524,0.774437948223854,0.617104895742003,0.6196425273848184,0.8214380269760787,3,43345,9305,9295,40,0,105.19191436370214,32,1440,1355,5.0,1539,512,128,True,5,,,,,,,,,,,,,,,,,,,,,,,,,,
age_class,mean_pool,,120m,8,False,False,0.7876059993546319,0.7743628084115095,0.619613678116317,0.6233123287120849,0.8228347405546989,3,43345,9305,9295,40,0,105.19191436370214,32,1440,1355,5.0,1539,512,128,True,5,,,,,,,,,,,,,,,,,,,,,,,,,,
age_class,mean_pool,,120m,9,False,False,0.7883900887757963,0.7663521784854666,0.6175348197280949,0.6178622405392925,0.8264989555341881,3,43345,9305,9295,40,0,105.19191436370214,32,1440,1355,5.0,1539,512,128,True,5,,,,,,,,,,,,,,,,,,,,,,,,,,
age_class,mean_pool,,120m,10,False,False,0.7837297664063793,0.7687669129092356,0.6218216443276781,0.6225423073584812,0.825206300597074,3,43345,9305,9295,40,0,105.19191436370214,32,1440,1355,5.0,1539,512,128,True,5,,,,,,,,,,,,,,,,,,,,,,,,,,
age_class,mean_pool,,120m,11,False,False,0.7816411888094726,0.7636251056149466,0.6242735568424034,0.6227497844936934,0.8272875826513606,3,43345,9305,9295,40,0,105.19191436370214,32,1440,1355,5.0,1539,512,128,True,5,,,,,,,,,,,,,,,,,,,,,,,,,,
age_class,mean_pool,,120m,12,False,False,0.780880010781204,0.7702562943893629,0.6274299742920478,0.627503543266223,0.8264744782448953,3,43345,9305,9295,40,0,105.19191436370214,32,1440,1355,5.0,1539,512,128,True,5,,,,,,,,,,,,,,,,,,,,,,,,,,
age_class,mean_pool,,120m,13,False,False,0.7791045913207846,0.7615332383228078,0.6265278167441766,0.6192112700977176,0.8294230284912002,3,43345,9305,9295,40,0,105.19191436370214,32,1440,1355,5.0,1539,512,128,True,5,,,,,,,,,,,,,,,,,,,,,,,,,,
age_class,mean_pool,,120m,14,False,False,0.7806596663050729,0.7588568284523096,0.6238002452122878,0.6254695423333713,0.8308694891038738,3,43345,9305,9295,40,0,105.19191436370214,32,1440,1355,5.0,1539,512,128,True,5,,,,,,,,,,,,,,,,,,,,,,,,,,
age_class,mean_pool,,120m,15,False,False,0.7781769204076454,0.7591327663008594,0.6246924961427834,0.6264781530562232,0.8301896032738694,3,43345,9305,9295,40,0,105.19191436370214,32,1440,1355,5.0,1539,512,128,True,5,,,,,,,,,,,,,,,,,,,,,,,,,,
age_class,mean_pool,,120m,16,False,False,0.7783206547828869,0.7620371175414449,0.6251967979966531,0.6237916902004447,0.8275894913313406,3,43345,9305,9295,40,0,105.19191436370214,32,1440,1355,5.0,1539,512,128,True,5,,,,,,,,,,,,,,,,,,,,,,,,,,
age_class,mean_pool,,120m,17,False,False,0.7784646269826552,0.7591295292017474,0.6249761425466059,0.6272414008025823,0.8298849304300683,3,43345,9305,9295,40,0,105.19191436370214,32,1440,1355,5.0,1539,512,128,True,5,,,,,,,,,,,,,,,,,,,,,,,,,,
age_class,mean_pool,,120m,18,False,False,0.779199715751941,0.7578384297564106,0.6283425965024346,0.6287223869264744,0.8310503453066301,3,43345,9305,9295,40,0,105.19191436370214,32,1440,1355,5.0,1539,512,128,True,5,,,,,,,,,,,,,,,,,,,,,,,,,,
age_class,mean_pool,,120m,19,False,False,0.7771893087590163,0.7575922265096354,0.6291091172745168,0.6287562420851173,0.8309129800321147,3,43345,9305,9295,40,0,105.19191436370214,32,1440,1355,5.0,1539,512,128,True,5,,,,,,,,,,,,,,,,,,,,,,,,,,
age_class,mean_pool,,120m,20,False,False,0.7772108339881083,0.7581097767725867,0.6285768018032346,0.6250667058660212,0.8303089356972181,3,43345,9305,9295,40,0,105.19191436370214,32,1440,1355,5.0,1539,512,128,True,5,,,,,,,,,,,,,,,,,,,,,,,,,,
age_class,mean_pool,,120m,21,False,False,0.7808529810999515,0.7570162420949265,0.6254201014557067,0.6248329069566493,0.8311137701342562,3,43345,9305,9295,40,0,105.19191436370214,32,1440,1355,5.0,1539,512,128,True,5,,,,,,,,,,,,,,,,,,,,,,,,,,
age_class,mean_pool,,120m,22,False,False,0.7779501561489275,0.7625029107436642,0.6291702960439703,0.6311058338786989,0.8281477952641989,3,43345,9305,9295,40,0,105.19191436370214,32,1440,1355,5.0,1539,512,128,True,5,,,,,,,,,,,,,,,,,,,,,,,,,,
age_class,mean_pool,,120m,23,False,False,0.7789330598543172,0.7592131928690399,0.6276626233985724,0.6291520151996656,0.8306286458031465,3,43345,9305,9295,40,0,105.19191436370214,32,1440,1355,5.0,1539,512,128,True,5,,,,,,,,,,,,,,,,,,,,,,,,,,
age_class,mean_pool,,120m,24,False,False,0.7751571152941525,0.7583359579448096,0.6271087207495177,0.6286734971928163,0.8302818141150509,3,43345,9305,9295,40,0,105.19191436370214,32,1440,1355,5.0,1539,512,128,True,5,,,,,,,,,,,,,,,,,,,,,,,,,,
age_class,mean_pool,,120m,25,False,False,0.7753008357751657,0.7603356605957171,0.6295682516186929,0.6297437013823053,0.8306653484340756,3,43345,9305,9295,40,0,105.19191436370214,32,1440,1355,5.0,1539,512,128,True,5,,,,,,,,,,,,,,,,,,,,,,,,,,
age_class,mean_pool,,120m,26,False,False,0.7762877464858233,0.7613518352857013,0.6269113405784147,0.6270952982151416,0.8283198304689802,3,43345,9305,9295,40,0,105.19191436370214,32,1440,1355,5.0,1539,512,128,True,5,,,,,,,,,,,,,,,,,,,,,,,,,,
age_class,mean_pool,,120m,27,False,False,0.7755369638101303,0.7617502121820301,0.6249277944282204,0.6295512201893674,0.8290209795851299,3,43345,9305,9295,40,0,105.19191436370214,32,1440,1355,5.0,1539,512,128,True,5,,,,,,,,,,,,,,,,,,,,,,,,,,
age_class,mean_pool,,120m,28,False,False,0.7760042842208122,0.7631066228675945,0.631347513032204,0.6308550623184744,0.8287709119348362,3,43345,9305,9295,40,0,105.19191436370214,32,1440,1355,5.0,1539,512,128,True,5,,,,,,,,,,,,,,,,,,,,,,,,,,
age_class,mean_pool,,120m,29,False,False,0.7737974658283564,0.7572127401412398,0.6327973669511658,0.6249900263140477,0.830650014179484,3,43345,9305,9295,40,0,105.19191436370214,32,1440,1355,5.0,1539,512,128,True,5,,,,,,,,,,,,,,,,,,,,,,,,,,
age_class,mean_pool,,120m,30,True,False,0.7737236864894907,0.7564718400836311,0.6293358280115409,0.6255554615492193,0.831538140812754,3,43345,9305,9295,40,0,105.19191436370214,32,1440,1355,5.0,1539,512,128,True,5,0.6707348021686469,0.6534840861714705,0.6195084921372825,0.8463645140937327,0.6107142857142858,0.6644965934897805,0.6852413793103448,,,0.6587855991402471,0.6255554615492193,0.5970557190786223,0.5661691542288557,0.6092198581560284,0.7012773722627738,,,0.6525013448090371,0.6247817163081534,0.5862288339422761,0.8335206281779991,0.5814207650273224,0.6042553191489362,0.6886690647482014,,
age_class,mean_pool,,120m,31,False,False,0.7729290286291978,0.7576652884931734,0.6301292825047219,0.6273467909198636,0.8305971015858002,3,43345,9305,9295,40,0,105.19191436370214,32,1440,1355,5.0,1539,512,128,True,5,,,,,,,,,,,,,,,,,,,,,,,,,,
age_class,mean_pool,,120m,32,False,False,0.7748619400969508,0.76066302086063,0.6279566749459448,0.6317969349813546,0.8294764809920929,3,43345,9305,9295,40,0,105.19191436370214,32,1440,1355,5.0,1539,512,128,True,5,,,,,,,,,,,,,,,,,,,,,,,,,,
age_class,mean_pool,,120m,33,False,False,0.7744634725558247,0.7583525334168095,0.6296299121700417,0.6272548321188487,0.8300867310497541,3,43345,9305,9295,40,0,105.19191436370214,32,1440,1355,5.0,1539,512,128,True,5,,,,,,,,,,,,,,,,,,,,,,,,,,
age_class,mean_pool,,120m,34,False,False,0.7759154530844345,0.7590003079589114,0.6301152769024809,0.6297883221980897,0.830127867045609,3,43345,9305,9295,40,0,105.19191436370214,32,1440,1355,5.0,1539,512,128,True,5,,,,,,,,,,,,,,,,,,,,,,,,,,
age_class,mean_pool,,120m,35,False,False,0.7734407114438057,0.7588133812719362,0.6295584056901885,0.6296059112729565,0.8302446553353636,3,43345,9305,9295,40,0,105.19191436370214,32,1440,1355,5.0,1539,512,128,True,5,,,,,,,,,,,,,,,,,,,,,,,,,,
age_class,mean_pool,,120m,36,False,False,0.7766942833765029,0.7585318689125958,0.629674793199015,0.6296606152341261,0.83019136705291,3,43345,9305,9295,40,0,105.19191436370214,32,1440,1355,5.0,1539,512,128,True,5,,,,,,,,,,,,,,,,,,,,,,,,,,
age_class,mean_pool,,120m,37,False,False,0.7747377955675647,0.7581688287884621,0.6325383094844348,0.6281133932758941,0.8302610696325221,3,43345,9305,9295,40,0,105.19191436370214,32,1440,1355,5.0,1539,512,128,True,5,,,,,,,,,,,,,,,,,,,,,,,,,,
age_class,mean_pool,,120m,38,False,False,0.7763313606668473,0.7583031652179987,0.6271880791262966,0.6285747776621372,0.8302152352761131,3,43345,9305,9295,40,0,105.19191436370214,32,1440,1355,5.0,1539,512,128,True,5,,,,,,,,,,,,,,,,,,,,,,,,,,
age_class,mean_pool,,120m,39,False,False,0.7729437188371158,0.758185065747076,0.630293629650038,0.6296823976612255,0.8303519248110889,3,43345,9305,9295,40,0,105.19191436370214,32,1440,1355,5.0,1539,512,128,True,5,,,,,,,,,,,,,,,,,,,,,,,,,,
age_class,mean_pool,,120m,40,False,False,0.77505202926777,0.7581777678325188,0.6271165950940141,0.6296858488527493,0.8303623450486356,3,43345,9305,9295,40,0,105.19191436370214,32,1440,1355,5.0,1539,512,128,True,5,,,,,,,,,,,,,,,,,,,,,,,,,,
age_class,mean_pool,,240m,1,False,False,0.9233098935059854,0.8171000144739167,0.5323505675977369,0.5846354369890981,0.7976359928252642,3,43337,9305,9295,37,0,187.3953708966573,32,2880,1355,4.999077171530741,1539,512,128,True,5,,,,,,,,,,,,,,,,,,,,,,,,,,
age_class,mean_pool,,240m,2,False,False,0.8371818735822494,0.790683768168372,0.583085123126678,0.6124502506878559,0.8149036955339204,3,43337,9305,9295,37,0,187.3953708966573,32,2880,1355,4.999077171530741,1539,512,128,True,5,,,,,,,,,,,,,,,,,,,,,,,,,,
age_class,mean_pool,,240m,3,False,False,0.8085001899457663,0.7716869587798326,0.6043395985940635,0.6094359568312603,0.8243144228200977,3,43337,9305,9295,37,0,187.3953708966573,32,2880,1355,4.999077171530741,1539,512,128,True,5,,,,,,,,,,,,,,,,,,,,,,,,,,
age_class,mean_pool,,240m,4,False,False,0.7933526558011421,0.7647301223699537,0.6166986380107997,0.6146692895722248,0.8272088258630065,3,43337,9305,9295,37,0,187.3953708966573,32,2880,1355,4.999077171530741,1539,512,128,True,5,,,,,,,,,,,,,,,,,,,,,,,,,,
age_class,mean_pool,,240m,5,False,False,0.7840554067143759,0.7657518292933878,0.620548352661737,0.62727175325938,0.8303015672165205,3,43337,9305,9295,37,0,187.3953708966573,32,2880,1355,4.999077171530741,1539,512,128,True,5,,,,,,,,,,,,,,,,,,,,,,,,,,
age_class,mean_pool,,240m,6,False,False,0.7768309328611461,0.7564865241955199,0.6249577032325909,0.6254456737382611,0.8309319258701583,3,43337,9305,9295,37,0,187.3953708966573,32,2880,1355,4.999077171530741,1539,512,128,True,5,,,,,,,,,,,,,,,,,,,,,,,,,,
age_class,mean_pool,,240m,7,False,False,0.7764082782753261,0.7584001269794036,0.6309821087645793,0.6335274628565513,0.8323889519938836,3,43337,9305,9295,37,0,187.3953708966573,32,2880,1355,4.999077171530741,1539,512,128,True,5,,,,,,,,,,,,,,,,,,,,,,,,,,
age_class,mean_pool,,240m,8,False,False,0.7718242036607782,0.754050829819234,0.630120151721805,0.6359629996211416,0.8349113748025604,3,43337,9305,9295,37,0,187.3953708966573,32,2880,1355,4.999077171530741,1539,512,128,True,5,,,,,,,,,,,,,,,,,,,,,,,,,,
age_class,mean_pool,,240m,9,False,False,0.7671330542690596,0.7455842532629867,0.6358269400046973,0.6224343610415077,0.8382280535596348,3,43337,9305,9295,37,0,187.3953708966573,32,2880,1355,4.999077171530741,1539,512,128,True,5,,,,,,,,,,,,,,,,,,,,,,,,,,
age_class,mean_pool,,240m,10,False,False,0.7663881878748096,0.7523370574457168,0.6356301005051007,0.6405222554206241,0.8353377438015093,3,43337,9305,9295,37,0,187.3953708966573,32,2880,1355,4.999077171530741,1539,512,128,True,5,,,,,,,,,,,,,,,,,,,,,,,,,,
age_class,mean_pool,,240m,11,False,False,0.767478027223157,0.7433632931870712,0.6360411748675707,0.6319053835239602,0.8397999384531095,3,43337,9305,9295,37,0,187.3953708966573,32,2880,1355,4.999077171530741,1539,512,128,True,5,,,,,,,,,,,,,,,,,,,,,,,,,,
age_class,mean_pool,,240m,12,False,False,0.7681808550103594,0.7421942066339189,0.6351025633471773,0.6347966321006656,0.8392207286252917,3,43337,9305,9295,37,0,187.3953708966573,32,2880,1355,4.999077171530741,1539,512,128,True,5,,,,,,,,,,,,,,,,,,,,,,,,,,
age_class,mean_pool,,240m,13,False,False,0.7627435286992928,0.7422396979109054,0.6362836450952333,0.62229537331719,0.8401238540614848,3,43337,9305,9295,37,0,187.3953708966573,32,2880,1355,4.999077171530741,1539,512,128,True,5,,,,,,,,,,,,,,,,,,,,,,,,,,
age_class,mean_pool,,240m,14,False,False,0.7651752517341476,0.7420425566853149,0.6328657118871172,0.6326223041751433,0.8388400843953695,3,43337,9305,9295,37,0,187.3953708966573,32,2880,1355,4.999077171530741,1539,512,128,True,5,,,,,,,,,,,,,,,,,,,,,,,,,,
age_class,mean_pool,,240m,15,False,False,0.7645051117051959,0.7389679227959143,0.6367451614011593,0.6341234050794843,0.8402469083167233,3,43337,9305,9295,37,0,187.3953708966573,32,2880,1355,4.999077171530741,1539,512,128,True,5,,,,,,,,,,,,,,,,,,,,,,,,,,
age_class,mean_pool,,240m,16,False,False,0.7622536571411999,0.7387624359848293,0.6342898308610277,0.6376740759112756,0.8412411224913315,3,43337,9305,9295,37,0,187.3953708966573,32,2880,1355,4.999077171530741,1539,512,128,True,5,,,,,,,,,,,,,,,,,,,,,,,,,,
age_class,mean_pool,,240m,17,False,False,0.7647342677015937,0.7415113908382336,0.6351746920749823,0.6392488558913771,0.8395243398648757,3,43337,9305,9295,37,0,187.3953708966573,32,2880,1355,4.999077171530741,1539,512,128,True,5,,,,,,,,,,,,,,,,,,,,,,,,,,
age_class,mean_pool,,240m,18,False,False,0.7618435932165212,0.7368179069162376,0.6385628712149465,0.6365254923292117,0.8424539618086463,3,43337,9305,9295,37,0,187.3953708966573,32,2880,1355,4.999077171530741,1539,512,128,True,5,,,,,,,,,,,,,,,,,,,,,,,,,,
age_class,mean_pool,,240m,19,False,False,0.762227626378803,0.7438187548193094,0.6359032215282421,0.6392412581189925,0.8385300294035734,3,43337,9305,9295,37,0,187.3953708966573,32,2880,1355,4.999077171530741,1539,512,128,True,5,,,,,,,,,,,,,,,,,,,,,,,,,,
age_class,mean_pool,,240m,20,False,False,0.7635130478480466,0.7378377367641771,0.637043262832438,0.6286012282121,0.8420620442861617,3,43337,9305,9295,37,0,187.3953708966573,32,2880,1355,4.999077171530741,1539,512,128,True,5,,,,,,,,,,,,,,,,,,,,,,,,,,
age_class,mean_pool,,240m,21,False,False,0.7631272976780877,0.7386250025479144,0.6373053229228831,0.6359420413591822,0.8407995967583033,3,43337,9305,9295,37,0,187.3953708966573,32,2880,1355,4.999077171530741,1539,512,128,True,5,,,,,,,,,,,,,,,,,,,,,,,,,,
age_class,mean_pool,,240m,22,False,False,0.7612651154623448,0.7398456492262588,0.6395707641675776,0.6357191304439649,0.8402493006649596,3,43337,9305,9295,37,0,187.3953708966573,32,2880,1355,4.999077171530741,1539,512,128,True,5,,,,,,,,,,,,,,,,,,,,,,,,,,
age_class,mean_pool,,240m,23,False,False,0.7602214737407975,0.7380439003201853,0.6419783084690996,0.639666289096012,0.8411404778877749,3,43337,9305,9295,37,0,187.3953708966573,32,2880,1355,4.999077171530741,1539,512,128,True,5,,,,,,,,,,,,,,,,,,,,,,,,,,
age_class,mean_pool,,240m,24,False,False,0.7594958639421073,0.7369031276195552,0.6396242667017412,0.6381542744423557,0.8419259016478122,3,43337,9305,9295,37,0,187.3953708966573,32,2880,1355,4.999077171530741,1539,512,128,True,5,,,,,,,,,,,,,,,,,,,,,,,,,,
age_class,mean_pool,,240m,25,False,False,0.7605322770638374,0.7397535181506739,0.6425637953542079,0.6410511054501268,0.8407943306766555,3,43337,9305,9295,37,0,187.3953708966573,32,2880,1355,4.999077171530741,1539,512,128,True,5,,,,,,,,,,,,,,,,,,,,,,,,,,
age_class,mean_pool,,240m,26,False,False,0.7605054320014805,0.7392133791942483,0.63781431186509,0.6408691066075637,0.8408054998738508,3,43337,9305,9295,37,0,187.3953708966573,32,2880,1355,4.999077171530741,1539,512,128,True,5,,,,,,,,,,,,,,,,,,,,,,,,,,
age_class,mean_pool,,240m,27,True,False,0.757691733416868,0.7359192992460978,0.6454195724386768,0.6366471532692185,0.842891038651981,3,43337,9305,9295,37,0,187.3953708966573,32,2880,1355,4.999077171530741,1539,512,128,True,5,0.6841267277384221,0.6660168363242912,0.6339696385983767,0.8564756147759621,0.6159663865546219,0.6862982588947767,0.6957858635234754,,,0.6724341751746373,0.6366471532692185,0.6105352693623339,0.5601990049751244,0.6400709219858156,0.7096715328467154,,,0.6649811726734803,0.6315908487022729,0.5966989017174139,0.8445178832877405,0.5595628415300546,0.6404255319148936,0.6947841726618705,,
age_class,mean_pool,,240m,28,False,False,0.7551598416206693,0.7376152015770078,0.6422992278787217,0.6370443622339718,0.8412577374414439,3,43337,9305,9295,37,0,187.3953708966573,32,2880,1355,4.999077171530741,1539,512,128,True,5,,,,,,,,,,,,,,,,,,,,,,,,,,
age_class,mean_pool,,240m,29,False,False,0.7554621039359052,0.7404106833741333,0.643228889318436,0.640725682556828,0.8401420810326027,3,43337,9305,9295,37,0,187.3953708966573,32,2880,1355,4.999077171530741,1539,512,128,True,5,,,,,,,,,,,,,,,,,,,,,,,,,,
age_class,mean_pool,,240m,30,False,False,0.7566436082272563,0.7368015777673983,0.643154274285167,0.6368402268308507,0.8418226810431898,3,43337,9305,9295,37,0,187.3953708966573,32,2880,1355,4.999077171530741,1539,512,128,True,5,,,,,,,,,,,,,,,,,,,,,,,,,,
age_class,mean_pool,,240m,31,False,False,0.7606431916615689,0.7367428582820247,0.6402509121093578,0.6359094095706692,0.8418124663767879,3,43337,9305,9295,37,0,187.3953708966573,32,2880,1355,4.999077171530741,1539,512,128,True,5,,,,,,,,,,,,,,,,,,,,,,,,,,
age_class,mean_pool,,240m,32,False,False,0.759416261392298,0.7372494587393489,0.6403652711099697,0.6349368110011623,0.841537745436625,3,43337,9305,9295,37,0,187.3953708966573,32,2880,1355,4.999077171530741,1539,512,128,True,5,,,,,,,,,,,,,,,,,,,,,,,,,,
age_class,mean_pool,,240m,33,False,False,0.7579900854338678,0.7375624473731662,0.6397772389626193,0.6382798308504071,0.8415131654252326,3,43337,9305,9295,37,0,187.3953708966573,32,2880,1355,4.999077171530741,1539,512,128,True,5,,,,,,,,,,,,,,,,,,,,,,,,,,
age_class,mean_pool,,240m,34,False,False,0.7582224042160844,0.7373988891788096,0.6445214028271319,0.6395159369070679,0.8416379368284943,3,43337,9305,9295,37,0,187.3953708966573,32,2880,1355,4.999077171530741,1539,512,128,True,5,,,,,,,,,,,,,,,,,,,,,,,,,,
age_class,mean_pool,,240m,35,False,False,0.7602113909804668,0.7371294502671337,0.6380176519325086,0.6402022926213783,0.8418624341795938,3,43337,9305,9295,37,0,187.3953708966573,32,2880,1355,4.999077171530741,1539,512,128,True,5,,,,,,,,,,,,,,,,,,,,,,,,,,
age_class,mean_pool,,240m,36,False,False,0.756608712452302,0.7374276510558417,0.6405714520865983,0.637786014278146,0.8414464788310182,3,43337,9305,9295,37,0,187.3953708966573,32,2880,1355,4.999077171530741,1539,512,128,True,5,,,,,,,,,,,,,,,,,,,,,,,,,,
age_class,mean_pool,,240m,37,False,False,0.7571995296332922,0.7368955307529538,0.6412285023459731,0.6388384087740621,0.8417384007911122,3,43337,9305,9295,37,0,187.3953708966573,32,2880,1355,4.999077171530741,1539,512,128,True,5,,,,,,,,,,,,,,,,,,,,,,,,,,
age_class,transformer,,30s,1,False,False,0.8902488380089558,0.835293303171452,0.5429847461081068,0.5819946122779487,0.7874437939907963,3,43345,9305,9295,40,0,41.14175575176875,32,6,1355,5.0,264451,512,128,True,5,,,,,,,,,,,,,,,,,,,,,,,,,,
age_class,transformer,,30s,2,False,False,0.8253761736837029,0.8622666288613633,0.5884849880958414,0.5854257469704848,0.7870729653108808,3,43345,9305,9295,40,0,41.14175575176875,32,6,1355,5.0,264451,512,128,True,5,,,,,,,,,,,,,,,,,,,,,,,,,,
age_class,transformer,,30s,3,False,False,0.8095294500500125,0.8110348946173175,0.5998032147260742,0.5922651650892918,0.7988952762099384,3,43345,9305,9295,40,0,41.14175575176875,32,6,1355,5.0,264451,512,128,True,5,,,,,,,,,,,,,,,,,,,,,,,,,,
age_class,transformer,,30s,4,False,False,0.8002367361384783,0.8104294216805796,0.6057071764151639,0.5953396423174803,0.7998870655600316,3,43345,9305,9295,40,0,41.14175575176875,32,6,1355,5.0,264451,512,128,True,5,,,,,,,,,,,,,,,,,,,,,,,,,,
age_class,transformer,,30s,5,False,False,0.7922159005853321,0.8154590344185602,0.6105229519827456,0.5966245157707862,0.7986531038010257,3,43345,9305,9295,40,0,41.14175575176875,32,6,1355,5.0,264451,512,128,True,5,,,,,,,,,,,,,,,,,,,,,,,,,,
age_class,transformer,,30s,6,False,False,0.7868679895273389,0.7973567802120702,0.615448814823118,0.5986689797376424,0.8063305861600467,3,43345,9305,9295,40,0,41.14175575176875,32,6,1355,5.0,264451,512,128,True,5,,,,,,,,,,,,,,,,,,,,,,,,,,
age_class,transformer,,30s,7,False,False,0.7837530381925132,0.8063640763463672,0.6198149120307498,0.597209994959715,0.8019746862844842,3,43345,9305,9295,40,0,41.14175575176875,32,6,1355,5.0,264451,512,128,True,5,,,,,,,,,,,,,,,,,,,,,,,,,,
age_class,transformer,,30s,8,False,False,0.7797302213682135,0.8054574837676944,0.6178724697219199,0.6017283258089631,0.8045718503117776,3,43345,9305,9295,40,0,41.14175575176875,32,6,1355,5.0,264451,512,128,True,5,,,,,,,,,,,,,,,,,,,,,,,,,,
age_class,transformer,,30s,9,False,False,0.7774631395143599,0.8057974543000087,0.6227413936051333,0.6049550289140311,0.8035725705481734,3,43345,9305,9295,40,0,41.14175575176875,32,6,1355,5.0,264451,512,128,True,5,,,,,,,,,,,,,,,,,,,,,,,,,,
age_class,transformer,,30s,10,False,False,0.7762715468179507,0.7982801912805844,0.623484237454934,0.5953450830951624,0.8099076659085456,3,43345,9305,9295,40,0,41.14175575176875,32,6,1355,5.0,264451,512,128,True,5,,,,,,,,,,,,,,,,,,,,,,,,,,
age_class,transformer,,30s,11,False,False,0.7723241208196168,0.8042894007376866,0.6269520081179775,0.6076285240464344,0.8065135280753744,3,43345,9305,9295,40,0,41.14175575176875,32,6,1355,5.0,264451,512,128,True,5,,,,,,,,,,,,,,,,,,,,,,,,,,
age_class,transformer,,30s,12,False,False,0.7705413087798535,0.7887877488379706,0.6246447401430487,0.6066734389861533,0.809783875339226,3,43345,9305,9295,40,0,41.14175575176875,32,6,1355,5.0,264451,512,128,True,5,,,,,,,,,,,,,,,,,,,,,,,,,,
age_class,transformer,,30s,13,False,False,0.7681184363345922,0.7994016227255836,0.6264849464910608,0.6021600853216961,0.8070672316332493,3,43345,9305,9295,40,0,41.14175575176875,32,6,1355,5.0,264451,512,128,True,5,,,,,,,,,,,,,,,,,,,,,,,,,,
age_class,transformer,,30s,14,False,False,0.7666639554072917,0.7949304617200725,0.6308977383743704,0.6026332720102959,0.8084582125717055,3,43345,9305,9295,40,0,41.14175575176875,32,6,1355,5.0,264451,512,128,True,5,,,,,,,,,,,,,,,,,,,,,,,,,,
age_class,transformer,,30s,15,False,False,0.7649282066023656,0.7903053348388549,0.632030436200166,0.5991975078276371,0.8125868830620556,3,43345,9305,9295,40,0,41.14175575176875,32,6,1355,5.0,264451,512,128,True,5,,,,,,,,,,,,,,,,,,,,,,,,,,
age_class,transformer,,30s,16,False,False,0.7644750748391327,0.7949993230270352,0.6323586571176018,0.6061732866443781,0.808480727817483,3,43345,9305,9295,40,0,41.14175575176875,32,6,1355,5.0,264451,512,128,True,5,,,,,,,,,,,,,,,,,,,,,,,,,,
age_class,transformer,,30s,17,False,False,0.7621468525978504,0.7929725997105905,0.6327651428422265,0.6001648265892157,0.8098132344998139,3,43345,9305,9295,40,0,41.14175575176875,32,6,1355,5.0,264451,512,128,True,5,,,,,,,,,,,,,,,,,,,,,,,,,,
age_class,transformer,,30s,18,False,False,0.7577823953255057,0.7937444647302684,0.6357198622903703,0.5975923431967872,0.8120367612449878,3,43345,9305,9295,40,0,41.14175575176875,32,6,1355,5.0,264451,512,128,True,5,,,,,,,,,,,,,,,,,,,,,,,,,,
age_class,transformer,,30s,19,False,False,0.7581715095316831,0.7955888207018984,0.6363482325243653,0.6089020909842257,0.8090455137931624,3,43345,9305,9295,40,0,41.14175575176875,32,6,1355,5.0,264451,512,128,True,5,,,,,,,,,,,,,,,,,,,,,,,,,,
age_class,transformer,,30s,20,False,False,0.7565097509006382,0.7957119280263213,0.6364022899300418,0.6055901898078073,0.8099114255297956,3,43345,9305,9295,40,0,41.14175575176875,32,6,1355,5.0,264451,512,128,True,5,,,,,,,,,,,,,,,,,,,,,,,,,,
age_class,transformer,,30s,21,False,False,0.7550931058811171,0.8048704761257099,0.6367987332550813,0.5920161770739407,0.8129013326127655,3,43345,9305,9295,40,0,41.14175575176875,32,6,1355,5.0,264451,512,128,True,5,,,,,,,,,,,,,,,,,,,,,,,,,,
age_class,transformer,,30s,22,False,False,0.7543620057193475,0.7996977097625568,0.6397096972700171,0.6084205209908422,0.8084304910062262,3,43345,9305,9295,40,0,41.14175575176875,32,6,1355,5.0,264451,512,128,True,5,,,,,,,,,,,,,,,,,,,,,,,,,,
age_class,transformer,,30s,23,False,False,0.7533915242806123,0.7905040495501995,0.640181947868552,0.6002882775128859,0.8132624763857746,3,43345,9305,9295,40,0,41.14175575176875,32,6,1355,5.0,264451,512,128,True,5,,,,,,,,,,,,,,,,,,,,,,,,,,
age_class,transformer,,30s,24,False,False,0.7512305408520247,0.7978552968831295,0.6421833273339094,0.6050804114747482,0.8094423865967356,3,43345,9305,9295,40,0,41.14175575176875,32,6,1355,5.0,264451,512,128,True,5,,,,,,,,,,,,,,,,,,,,,,,,,,
age_class,transformer,,30s,25,False,False,0.7511782915524262,0.8175649117167954,0.6421976062554287,0.6050604769804238,0.8045367665059757,3,43345,9305,9295,40,0,41.14175575176875,32,6,1355,5.0,264451,512,128,True,5,,,,,,,,,,,,,,,,,,,,,,,,,,
age_class,transformer,,30s,26,False,False,0.7487756511072948,0.7972153639421868,0.6452544546179954,0.6101014894982044,0.8098558563688062,3,43345,9305,9295,40,0,41.14175575176875,32,6,1355,5.0,264451,512,128,True,5,,,,,,,,,,,,,,,,,,,,,,,,,,
age_class,transformer,,30s,27,False,False,0.7462726523092645,0.7901627613228537,0.6436877844196751,0.6069466819240238,0.8115854968958812,3,43345,9305,9295,40,0,41.14175575176875,32,6,1355,5.0,264451,512,128,True,5,,,,,,,,,,,,,,,,,,,,,,,,,,
age_class,transformer,,30s,28,False,False,0.7455924300589711,0.7962523412217638,0.6453620332468261,0.6065576631003496,0.8107307737832657,3,43345,9305,9295,40,0,41.14175575176875,32,6,1355,5.0,264451,512,128,True,5,,,,,,,,,,,,,,,,,,,,,,,,,,
age_class,transformer,,30s,29,False,False,0.7442244982826681,0.7936393786219741,0.6458437718557626,0.6010270642954405,0.8137363524879279,3,43345,9305,9295,40,0,41.14175575176875,32,6,1355,5.0,264451,512,128,True,5,,,,,,,,,,,,,,,,,,,,,,,,,,
age_class,transformer,,30s,30,False,False,0.7432329781988608,0.7891168777690275,0.6491065711935665,0.6082503051342655,0.8137677065327815,3,43345,9305,9295,40,0,41.14175575176875,32,6,1355,5.0,264451,512,128,True,5,,,,,,,,,,,,,,,,,,,,,,,,,,
age_class,transformer,,30s,31,False,False,0.743773216466368,0.7912929355425581,0.6473177607883059,0.6026546616711957,0.8130136084167328,3,43345,9305,9295,40,0,41.14175575176875,32,6,1355,5.0,264451,512,128,True,5,,,,,,,,,,,,,,,,,,,,,,,,,,
age_class,transformer,,30s,32,False,False,0.7407607015062883,0.7943162610363025,0.649432491564064,0.6080137890554475,0.8111484788911977,3,43345,9305,9295,40,0,41.14175575176875,32,6,1355,5.0,264451,512,128,True,5,,,,,,,,,,,,,,,,,,,,,,,,,,
age_class,transformer,,30s,33,False,False,0.7408717926899748,0.7886298730897365,0.6509835351092067,0.6060541046385817,0.8133355072984313,3,43345,9305,9295,40,0,41.14175575176875,32,6,1355,5.0,264451,512,128,True,5,,,,,,,,,,,,,,,,,,,,,,,,,,
age_class,transformer,,30s,34,True,False,0.7384925373464957,0.7903470387323002,0.649745819944308,0.6071761217724598,0.8138812497702026,3,43345,9305,9295,40,0,41.14175575176875,32,6,1355,5.0,264451,512,128,True,5,0.6671819125620025,0.6562769575396527,0.6122672758278668,0.8432483190238864,0.6827731092436975,0.5725208175624527,0.7135369458128079,,,0.630843632455669,0.6071761217724598,0.5674387436757155,0.6149253731343284,0.5113475177304965,0.6952554744525548,,,0.6275416890801506,0.6040279949043904,0.5579721394683812,0.8122022574466924,0.6032786885245902,0.5255319148936171,0.6832733812949641,,
age_class,transformer,,30s,35,False,False,0.7383842312522324,0.7921562152546878,0.6519718982009259,0.6105923120330429,0.8124376648748212,3,43345,9305,9295,40,0,41.14175575176875,32,6,1355,5.0,264451,512,128,True,5,,,,,,,,,,,,,,,,,,,,,,,,,,
age_class,transformer,,30s,36,False,False,0.7383837800741553,0.7910123220763496,0.650911808540796,0.6070770416695319,0.8130822083614393,3,43345,9305,9295,40,0,41.14175575176875,32,6,1355,5.0,264451,512,128,True,5,,,,,,,,,,,,,,,,,,,,,,,,,,
age_class,transformer,,30s,37,False,False,0.7392162026796859,0.7907518776304807,0.649875673874969,0.6088523255751063,0.8129165030429295,3,43345,9305,9295,40,0,41.14175575176875,32,6,1355,5.0,264451,512,128,True,5,,,,,,,,,,,,,,,,,,,,,,,,,,
age_class,transformer,,30s,38,False,False,0.7383298767109425,0.791364379482587,0.6528192626916334,0.6091130450661225,0.8127563093735052,3,43345,9305,9295,40,0,41.14175575176875,32,6,1355,5.0,264451,512,128,True,5,,,,,,,,,,,,,,,,,,,,,,,,,,
age_class,transformer,,30s,39,False,False,0.7378648857713392,0.7913856204128726,0.6523870092034308,0.6095949885093351,0.8127381309153772,3,43345,9305,9295,40,0,41.14175575176875,32,6,1355,5.0,264451,512,128,True,5,,,,,,,,,,,,,,,,,,,,,,,,,,
age_class,transformer,,30s,40,False,False,0.7373352110791556,0.7913479613079172,0.6518643853793051,0.6087307483393717,0.8127361111653357,3,43345,9305,9295,40,0,41.14175575176875,32,6,1355,5.0,264451,512,128,True,5,,,,,,,,,,,,,,,,,,,,,,,,,,
age_class,transformer,,10m,1,False,False,0.8636392185137696,0.8533560097697984,0.5648130159056758,0.591836824574132,0.7969423664696437,3,43345,9305,9295,25,0,37.20035300254822,32,120,1355,5.0,264451,512,128,True,5,,,,,,,,,,,,,,,,,,,,,,,,,,
age_class,transformer,,10m,2,False,False,0.8009519369438014,0.8089680693214905,0.6104207381770218,0.6061655085858692,0.8061982653620762,3,43345,9305,9295,25,0,37.20035300254822,32,120,1355,5.0,264451,512,128,True,5,,,,,,,,,,,,,,,,,,,,,,,,,,
age_class,transformer,,10m,3,False,False,0.7850361434188677,0.806860285712339,0.6212017199372375,0.5932626495827535,0.8214481068525522,3,43345,9305,9295,25,0,37.20035300254822,32,120,1355,5.0,264451,512,128,True,5,,,,,,,,,,,,,,,,,,,,,,,,,,
age_class,transformer,,10m,4,False,False,0.7746765178618704,0.8146227562959191,0.6275257142038209,0.5812791274769703,0.8254127313337302,3,43345,9305,9295,25,0,37.20035300254822,32,120,1355,5.0,264451,512,128,True,5,,,,,,,,,,,,,,,,,,,,,,,,,,
age_class,transformer,,10m,5,False,False,0.7668598229613652,0.7843444927477952,0.6316022071884432,0.6060034184824699,0.8201461336481165,3,43345,9305,9295,25,0,37.20035300254822,32,120,1355,5.0,264451,512,128,True,5,,,,,,,,,,,,,,,,,,,,,,,,,,
age_class,transformer,,10m,6,False,False,0.7629204436547067,0.7771531366007998,0.6304784112501666,0.6162947814635988,0.8217153594192014,3,43345,9305,9295,25,0,37.20035300254822,32,120,1355,5.0,264451,512,128,True,5,,,,,,,,,,,,,,,,,,,,,,,,,,
age_class,transformer,,10m,7,False,False,0.7577982085484619,0.7847502037378359,0.6382323229221208,0.6124966099769826,0.8194756167365336,3,43345,9305,9295,25,0,37.20035300254822,32,120,1355,5.0,264451,512,128,True,5,,,,,,,,,,,,,,,,,,,,,,,,,,
age_class,transformer,,10m,8,False,False,0.7558691028644365,0.7858196756392637,0.6406498193628648,0.6098838068805942,0.8238255751050166,3,43345,9305,9295,25,0,37.20035300254822,32,120,1355,5.0,264451,512,128,True,5,,,,,,,,,,,,,,,,,,,,,,,,,,
age_class,transformer,,10m,9,False,False,0.7531202515119885,0.7747660664446183,0.638569757287655,0.6241410589543354,0.8207156367847593,3,43345,9305,9295,25,0,37.20035300254822,32,120,1355,5.0,264451,512,128,True,5,,,,,,,,,,,,,,,,,,,,,,,,,,
age_class,transformer,,10m,10,False,False,0.7510629428589491,0.7721019066898237,0.6434284999911891,0.6248862008227744,0.8225735039756129,3,43345,9305,9295,25,0,37.20035300254822,32,120,1355,5.0,264451,512,128,True,5,,,,,,,,,,,,,,,,,,,,,,,,,,
age_class,transformer,,10m,11,False,False,0.7503472447890368,0.7728012905141348,0.6427891343229714,0.6198878324122,0.8241165751227489,3,43345,9305,9295,25,0,37.20035300254822,32,120,1355,5.0,264451,512,128,True,5,,,,,,,,,,,,,,,,,,,,,,,,,,
age_class,transformer,,10m,12,False,False,0.7487856068513786,0.7834867766055927,0.6418615872567409,0.6229325237971245,0.8197848382785847,3,43345,9305,9295,25,0,37.20035300254822,32,120,1355,5.0,264451,512,128,True,5,,,,,,,,,,,,,,,,,,,,,,,,,,
age_class,transformer,,10m,13,False,False,0.7474429790543801,0.7958227967652245,0.643990081756684,0.6018083148990772,0.8262969886197422,3,43345,9305,9295,25,0,37.20035300254822,32,120,1355,5.0,264451,512,128,True,5,,,,,,,,,,,,,,,,,,,,,,,,,,
age_class,transformer,,10m,14,False,False,0.7452348453553851,0.7762093433700922,0.6455693078244115,0.6128087689625589,0.8253229993238339,3,43345,9305,9295,25,0,37.20035300254822,32,120,1355,5.0,264451,512,128,True,5,,,,,,,,,,,,,,,,,,,,,,,,,,
age_class,transformer,,10m,15,True,False,0.7437315824666035,0.7692575690440117,0.6483798908375378,0.6177778022451804,0.8270629606689992,3,43345,9305,9295,25,0,37.20035300254822,32,120,1355,5.0,264451,512,128,True,5,0.6814165417003114,0.6490023918727218,0.625811980631072,0.8497437922434354,0.5783613445378152,0.6532172596517789,0.7154285714285714,,,0.662547017732402,0.6177778022451804,0.5973603447388737,0.5293532338308458,0.6099290780141844,0.714051094890511,,,0.6513179128563744,0.6037892671562087,0.5764614472122489,0.8261943549815345,0.5081967213114754,0.6046099290780141,0.6985611510791367,,
age_class,transformer,,10m,16,False,False,0.7418005340472543,0.7715749399050919,0.6455980080303806,0.628056480809701,0.8239105256533307,3,43345,9305,9295,25,0,37.20035300254822,32,120,1355,5.0,264451,512,128,True,5,,,,,,,,,,,,,,,,,,,,,,,,,,
age_class,transformer,,10m,17,False,False,0.7409769039443378,0.7731138717609346,0.6459826374257448,0.6243154986572548,0.8231578196142918,3,43345,9305,9295,25,0,37.20035300254822,32,120,1355,5.0,264451,512,128,True,5,,,,,,,,,,,,,,,,,,,,,,,,,,
age_class,transformer,,10m,18,False,False,0.7402625725046272,0.7863198777285396,0.6485201570774228,0.6058461896656387,0.8267386496198504,3,43345,9305,9295,25,0,37.20035300254822,32,120,1355,5.0,264451,512,128,True,5,,,,,,,,,,,,,,,,,,,,,,,,,,
age_class,transformer,,10m,19,False,False,0.7376665524235095,0.7723061569399375,0.6494211857391682,0.626253522984034,0.823459535175152,3,43345,9305,9295,25,0,37.20035300254822,32,120,1355,5.0,264451,512,128,True,5,,,,,,,,,,,,,,,,,,,,,,,,,,
age_class,transformer,,10m,20,False,False,0.7360111191193254,0.7686601308518235,0.6506618557209096,0.6258125044910561,0.8259851568409285,3,43345,9305,9295,25,0,37.20035300254822,32,120,1355,5.0,264451,512,128,True,5,,,,,,,,,,,,,,,,,,,,,,,,,,
age_class,transformer,,10m,21,False,False,0.7349913651754265,0.7708240714142363,0.6529850703914132,0.6204798791670884,0.8264853509565192,3,43345,9305,9295,25,0,37.20035300254822,32,120,1355,5.0,264451,512,128,True,5,,,,,,,,,,,,,,,,,,,,,,,,,,
age_class,transformer,,10m,22,False,False,0.734308630192977,0.776951720956703,0.6515557962149594,0.6263966959219537,0.8209091795871254,3,43345,9305,9295,25,0,37.20035300254822,32,120,1355,5.0,264451,512,128,True,5,,,,,,,,,,,,,,,,,,,,,,,,,,
age_class,transformer,,10m,23,False,False,0.7336342314863057,0.7724570704428885,0.649225314234911,0.623794130501914,0.8248141431244123,3,43345,9305,9295,25,0,37.20035300254822,32,120,1355,5.0,264451,512,128,True,5,,,,,,,,,,,,,,,,,,,,,,,,,,
age_class,transformer,,10m,24,False,False,0.7323466314028011,0.7765566322510118,0.656912745123631,0.6282289051713015,0.8230638208174992,3,43345,9305,9295,25,0,37.20035300254822,32,120,1355,5.0,264451,512,128,True,5,,,,,,,,,,,,,,,,,,,,,,,,,,
age_class,transformer,,10m,25,False,False,0.7291366335044532,0.7825768564030536,0.654526473107189,0.6287092131618142,0.8206412339814886,3,43345,9305,9295,25,0,37.20035300254822,32,120,1355,5.0,264451,512,128,True,5,,,,,,,,,,,,,,,,,,,,,,,,,,
age_class,transformer,,40m,1,False,False,0.837520765570679,0.783140157423373,0.583873857376619,0.618577860554864,0.8193707078414775,3,43345,9305,9295,22,0,33.75713346799215,32,480,1355,5.0,264451,512,128,True,5,,,,,,,,,,,,,,,,,,,,,,,,,,
age_class,transformer,,40m,2,False,False,0.7694718414888152,0.805547091872509,0.6302836360940262,0.6226808701226486,0.8112273261141122,3,43345,9305,9295,22,0,33.75713346799215,32,480,1355,5.0,264451,512,128,True,5,,,,,,,,,,,,,,,,,,,,,,,,,,
age_class,transformer,,40m,3,False,False,0.7502714707428148,0.7658528384183569,0.6465803733067531,0.6414084840589721,0.8284914922840124,3,43345,9305,9295,22,0,33.75713346799215,32,480,1355,5.0,264451,512,128,True,5,,,,,,,,,,,,,,,,,,,,,,,,,,
age_class,transformer,,40m,4,False,False,0.737167576133813,0.7603974289179233,0.6555017828269945,0.6287931105975533,0.8337855149388402,3,43345,9305,9295,22,0,33.75713346799215,32,480,1355,5.0,264451,512,128,True,5,,,,,,,,,,,,,,,,,,,,,,,,,,
age_class,transformer,,40m,5,False,False,0.7286287615959008,0.7576370790913053,0.6589856951211924,0.6347190575568603,0.8411273304109361,3,43345,9305,9295,22,0,33.75713346799215,32,480,1355,5.0,264451,512,128,True,5,,,,,,,,,,,,,,,,,,,,,,,,,,
age_class,transformer,,40m,6,False,False,0.7211665322739631,0.7933303153495646,0.663333078001359,0.6298642870443558,0.830150511247365,3,43345,9305,9295,22,0,33.75713346799215,32,480,1355,5.0,264451,512,128,True,5,,,,,,,,,,,,,,,,,,,,,,,,,,
age_class,transformer,,40m,7,False,False,0.7130558007507949,0.7442602028070375,0.6683965477391457,0.6481812864548201,0.8384621290113051,3,43345,9305,9295,22,0,33.75713346799215,32,480,1355,5.0,264451,512,128,True,5,,,,,,,,,,,,,,,,,,,,,,,,,,
age_class,transformer,,40m,8,False,False,0.7081179276155152,0.7692519867055074,0.6712967573204853,0.6051558805341722,0.8457904329154312,3,43345,9305,9295,22,0,33.75713346799215,32,480,1355,5.0,264451,512,128,True,5,,,,,,,,,,,,,,,,,,,,,,,,,,
age_class,transformer,,40m,9,False,False,0.7035217870270482,0.7468597794911478,0.675135591953767,0.6522327019970809,0.8404265139224437,3,43345,9305,9295,22,0,33.75713346799215,32,480,1355,5.0,264451,512,128,True,5,,,,,,,,,,,,,,,,,,,,,,,,,,
age_class,transformer,,40m,10,False,False,0.6991578040217594,0.7531650845047481,0.6749026557815693,0.6507079385389148,0.8360111427316946,3,43345,9305,9295,22,0,33.75713346799215,32,480,1355,5.0,264451,512,128,True,5,,,,,,,,,,,,,,,,,,,,,,,,,,
age_class,transformer,,40m,11,False,False,0.6956797974788135,0.7453212993366625,0.6806266510571964,0.6356372869822858,0.8469109007833439,3,43345,9305,9295,22,0,33.75713346799215,32,480,1355,5.0,264451,512,128,True,5,,,,,,,,,,,,,,,,,,,,,,,,,,
age_class,transformer,,40m,12,True,False,0.6918008780765457,0.7499916781282502,0.6803207392226254,0.6355603820726569,0.8513724682403434,3,43345,9305,9295,22,0,33.75713346799215,32,480,1355,5.0,264451,512,128,True,5,0.729611258507325,0.6778416148416609,0.6649328635821626,0.8780314858011588,0.6161764705882353,0.597880393641181,0.8194679802955666,,,0.7022031166039764,0.6355603820726569,0.6250471200255464,0.5552238805970149,0.5375886524822695,0.8138686131386861,,,0.7050026896180742,0.6339625613774763,0.6164897159044349,0.8551669864332775,0.5442622950819672,0.5450354609929078,0.8125899280575539,,
age_class,transformer,,40m,13,False,False,0.688401529937209,0.7304440906008106,0.6843719551460982,0.6474346121543239,0.8506743611994395,3,43345,9305,9295,22,0,33.75713346799215,32,480,1355,5.0,264451,512,128,True,5,,,,,,,,,,,,,,,,,,,,,,,,,,
age_class,transformer,,40m,14,False,False,0.6835970550813344,0.7293956328309524,0.6830570206312183,0.6544052270613595,0.8465133811049813,3,43345,9305,9295,22,0,33.75713346799215,32,480,1355,5.0,264451,512,128,True,5,,,,,,,,,,,,,,,,,,,,,,,,,,
age_class,transformer,,40m,15,False,False,0.6789422429822173,0.7368050586274079,0.6849696009443481,0.6531408482771214,0.8422251790336447,3,43345,9305,9295,22,0,33.75713346799215,32,480,1355,5.0,264451,512,128,True,5,,,,,,,,,,,,,,,,,,,,,,,,,,
age_class,transformer,,40m,16,False,False,0.6799554489423197,0.7316043609319868,0.6865990013536543,0.6553117636438607,0.8469956660759009,3,43345,9305,9295,22,0,33.75713346799215,32,480,1355,5.0,264451,512,128,True,5,,,,,,,,,,,,,,,,,,,,,,,,,,
age_class,transformer,,40m,17,False,False,0.6753098027202027,0.7307759634722054,0.6913177131877575,0.6529443492791259,0.8450933480955328,3,43345,9305,9295,22,0,33.75713346799215,32,480,1355,5.0,264451,512,128,True,5,,,,,,,,,,,,,,,,,,,,,,,,,,
age_class,transformer,,40m,18,False,False,0.67328182718363,0.7530780804278965,0.6903462022257023,0.6557928571667727,0.836956122486814,3,43345,9305,9295,22,0,33.75713346799215,32,480,1355,5.0,264451,512,128,True,5,,,,,,,,,,,,,,,,,,,,,,,,,,
age_class,transformer,,40m,19,False,False,0.6708007360002494,0.7287110782322994,0.6929110321619577,0.6543082524428127,0.8469605969524459,3,43345,9305,9295,22,0,33.75713346799215,32,480,1355,5.0,264451,512,128,True,5,,,,,,,,,,,,,,,,,,,,,,,,,,
age_class,transformer,,40m,20,False,False,0.6674468352481394,0.73398130953408,0.693985329598701,0.6534750987517247,0.848081640433955,3,43345,9305,9295,22,0,33.75713346799215,32,480,1355,5.0,264451,512,128,True,5,,,,,,,,,,,,,,,,,,,,,,,,,,
age_class,transformer,,40m,21,False,False,0.6675261569938963,0.7335353741525387,0.6946167479495388,0.6557633997018067,0.8469380132886584,3,43345,9305,9295,22,0,33.75713346799215,32,480,1355,5.0,264451,512,128,True,5,,,,,,,,,,,,,,,,,,,,,,,,,,
age_class,transformer,,40m,22,False,False,0.6600204648615676,0.7347594734163198,0.6996662030914327,0.6588692016441065,0.843874293754732,3,43345,9305,9295,22,0,33.75713346799215,32,480,1355,5.0,264451,512,128,True,5,,,,,,,,,,,,,,,,,,,,,,,,,,
age_class,transformer,,80m,1,False,False,0.8156847245677531,0.7809254368551952,0.5954445132251652,0.6118580687183742,0.8406940123869514,3,43345,9305,9295,29,0,68.01068366765976,32,960,1355,5.0,264451,512,128,True,5,,,,,,,,,,,,,,,,,,,,,,,,,,
age_class,transformer,,80m,2,False,False,0.7370680846946849,0.7428794710435002,0.6530267640116163,0.6504695874049023,0.839056693214968,3,43345,9305,9295,29,0,68.01068366765976,32,960,1355,5.0,264451,512,128,True,5,,,,,,,,,,,,,,,,,,,,,,,,,,
age_class,transformer,,80m,3,False,False,0.7090923047379263,0.7570734046467653,0.6710510209878935,0.639263826078491,0.8555285532661537,3,43345,9305,9295,29,0,68.01068366765976,32,960,1355,5.0,264451,512,128,True,5,,,,,,,,,,,,,,,,,,,,,,,,,,
age_class,transformer,,80m,4,False,False,0.6892731931633377,0.7131397617817694,0.6819176996753438,0.6486628564482037,0.8625771946540456,3,43345,9305,9295,29,0,68.01068366765976,32,960,1355,5.0,264451,512,128,True,5,,,,,,,,,,,,,,,,,,,,,,,,,,
age_class,transformer,,80m,5,False,False,0.674818591764056,0.7258205654927314,0.6909629161748492,0.6674179768960756,0.8488704797855622,3,43345,9305,9295,29,0,68.01068366765976,32,960,1355,5.0,264451,512,128,True,5,,,,,,,,,,,,,,,,,,,,,,,,,,
age_class,transformer,,80m,6,False,False,0.6653684993862267,0.7013702061149396,0.6970483175545924,0.6712073079238069,0.8547740956332718,3,43345,9305,9295,29,0,68.01068366765976,32,960,1355,5.0,264451,512,128,True,5,,,,,,,,,,,,,,,,,,,,,,,,,,
age_class,transformer,,80m,7,False,False,0.6522453489153975,0.7701401049574493,0.7023131342489748,0.6283844470251115,0.871327361000429,3,43345,9305,9295,29,0,68.01068366765976,32,960,1355,5.0,264451,512,128,True,5,,,,,,,,,,,,,,,,,,,,,,,,,,
age_class,transformer,,80m,8,False,False,0.6424835317377429,0.7084095229518343,0.7110336100818985,0.6495744474809779,0.8716756896865329,3,43345,9305,9295,29,0,68.01068366765976,32,960,1355,5.0,264451,512,128,True,5,,,,,,,,,,,,,,,,,,,,,,,,,,
age_class,transformer,,80m,9,False,False,0.6377653460159394,0.7190227956428508,0.7102263545006612,0.6519360604957817,0.871584907260676,3,43345,9305,9295,29,0,68.01068366765976,32,960,1355,5.0,264451,512,128,True,5,,,,,,,,,,,,,,,,,,,,,,,,,,
age_class,transformer,,80m,10,False,False,0.6327420701527076,0.6930589538950359,0.7162197477492654,0.6846638256148981,0.8622535557900065,3,43345,9305,9295,29,0,68.01068366765976,32,960,1355,5.0,264451,512,128,True,5,,,,,,,,,,,,,,,,,,,,,,,,,,
age_class,transformer,,80m,11,False,False,0.6283680656979633,0.6783792920422643,0.7173626778650064,0.6851445199328202,0.866201400645453,3,43345,9305,9295,29,0,68.01068366765976,32,960,1355,5.0,264451,512,128,True,5,,,,,,,,,,,,,,,,,,,,,,,,,,
age_class,transformer,,80m,12,False,False,0.6193555873204081,0.7231742817249944,0.7197117497237743,0.6723910923716563,0.8542712842395573,3,43345,9305,9295,29,0,68.01068366765976,32,960,1355,5.0,264451,512,128,True,5,,,,,,,,,,,,,,,,,,,,,,,,,,
age_class,transformer,,80m,13,False,False,0.6147947467807695,0.703721522631535,0.7246209182986671,0.661519864826615,0.8747164807807998,3,43345,9305,9295,29,0,68.01068366765976,32,960,1355,5.0,264451,512,128,True,5,,,,,,,,,,,,,,,,,,,,,,,,,,
age_class,transformer,,80m,14,False,False,0.6101349177980989,0.6973966802210657,0.7295394633041815,0.674780314918651,0.871858959524923,3,43345,9305,9295,29,0,68.01068366765976,32,960,1355,5.0,264451,512,128,True,5,,,,,,,,,,,,,,,,,,,,,,,,,,
age_class,transformer,,80m,15,False,False,0.6083883732409471,0.690859278986878,0.728502382769391,0.6603540252869319,0.8731655957909689,3,43345,9305,9295,29,0,68.01068366765976,32,960,1355,5.0,264451,512,128,True,5,,,,,,,,,,,,,,,,,,,,,,,,,,
age_class,transformer,,80m,16,False,False,0.6043582022224472,0.7026371461611035,0.7287088765078718,0.6609723358668685,0.8738276912932729,3,43345,9305,9295,29,0,68.01068366765976,32,960,1355,5.0,264451,512,128,True,5,,,,,,,,,,,,,,,,,,,,,,,,,,
age_class,transformer,,80m,17,False,False,0.6009225333035371,0.6880619019478127,0.7319458862194802,0.6854871859061579,0.8615740943225516,3,43345,9305,9295,29,0,68.01068366765976,32,960,1355,5.0,264451,512,128,True,5,,,,,,,,,,,,,,,,,,,,,,,,,,
age_class,transformer,,80m,18,False,False,0.5979825287875123,0.7234121527997222,0.7347567829136405,0.672931313304575,0.8527615622482339,3,43345,9305,9295,29,0,68.01068366765976,32,960,1355,5.0,264451,512,128,True,5,,,,,,,,,,,,,,,,,,,,,,,,,,
age_class,transformer,,80m,19,True,False,0.5946272468502264,0.6965579619656194,0.7390682972815846,0.6644977408860857,0.8766178135247316,3,43345,9305,9295,29,0,68.01068366765976,32,960,1355,5.0,264451,512,128,True,5,0.7733533279501673,0.7326378991179859,0.7210708802719944,0.910110608339353,0.711764705882353,0.6229371688115064,0.8632118226600985,,,0.7290703922622246,0.6644977408860857,0.6535164235352401,0.6039800995024875,0.5404255319148936,0.849087591240876,,,0.7364174287251211,0.6599437924372745,0.6460443817020979,0.8786624204124621,0.566120218579235,0.5595744680851064,0.854136690647482,,
age_class,transformer,,80m,20,False,False,0.5907694878428573,0.6789471291265842,0.7399481726544281,0.6897844859669143,0.866808674330435,3,43345,9305,9295,29,0,68.01068366765976,32,960,1355,5.0,264451,512,128,True,5,,,,,,,,,,,,,,,,,,,,,,,,,,
age_class,transformer,,80m,21,False,False,0.5877497877577127,0.6881989800500844,0.7406969480005321,0.678367635344013,0.875231242688205,3,43345,9305,9295,29,0,68.01068366765976,32,960,1355,5.0,264451,512,128,True,5,,,,,,,,,,,,,,,,,,,,,,,,,,
age_class,transformer,,80m,22,False,False,0.5866015865407005,0.6809625001058727,0.7407499659447688,0.6882467483465832,0.8658069347349743,3,43345,9305,9295,29,0,68.01068366765976,32,960,1355,5.0,264451,512,128,True,5,,,,,,,,,,,,,,,,,,,,,,,,,,
age_class,transformer,,80m,23,False,False,0.5804550932564528,0.6764422815631372,0.7440981418749337,0.6939569700804874,0.8678658457789402,3,43345,9305,9295,29,0,68.01068366765976,32,960,1355,5.0,264451,512,128,True,5,,,,,,,,,,,,,,,,,,,,,,,,,,
age_class,transformer,,80m,24,False,False,0.5822088069370673,0.6847522184709142,0.7449585087004079,0.6809377685780346,0.8749209391725268,3,43345,9305,9295,29,0,68.01068366765976,32,960,1355,5.0,264451,512,128,True,5,,,,,,,,,,,,,,,,,,,,,,,,,,
age_class,transformer,,80m,25,False,False,0.5760190931869799,0.6788512943381587,0.7484106391832359,0.6883214189960277,0.8694432848958534,3,43345,9305,9295,29,0,68.01068366765976,32,960,1355,5.0,264451,512,128,True,5,,,,,,,,,,,,,,,,,,,,,,,,,,
age_class,transformer,,80m,26,False,False,0.5744788010594258,0.6903464508338489,0.7499467919460457,0.6797779493071475,0.8759430289975426,3,43345,9305,9295,29,0,68.01068366765976,32,960,1355,5.0,264451,512,128,True,5,,,,,,,,,,,,,,,,,,,,,,,,,,
age_class,transformer,,80m,27,False,False,0.57325040667455,0.6877832433474057,0.7488255315595658,0.6765925574797236,0.8747695953829865,3,43345,9305,9295,29,0,68.01068366765976,32,960,1355,5.0,264451,512,128,True,5,,,,,,,,,,,,,,,,,,,,,,,,,,
age_class,transformer,,80m,28,False,False,0.5692273409986237,0.6782730554778496,0.7502011074914708,0.6870794858342754,0.8685653463758097,3,43345,9305,9295,29,0,68.01068366765976,32,960,1355,5.0,264451,512,128,True,5,,,,,,,,,,,,,,,,,,,,,,,,,,
age_class,transformer,,80m,29,False,False,0.5694338111250936,0.6783152959348052,0.7479490837918085,0.685181581608961,0.872648929695234,3,43345,9305,9295,29,0,68.01068366765976,32,960,1355,5.0,264451,512,128,True,5,,,,,,,,,,,,,,,,,,,,,,,,,,
age_class,transformer,,120m,1,False,False,0.8098969872386442,0.7434198144813304,0.6011063649976423,0.6365866286417475,0.8419914128557892,3,43345,9305,9295,36,0,147.07408679326375,32,1440,1355,5.0,264451,512,128,True,5,,,,,,,,,,,,,,,,,,,,,,,,,,
age_class,transformer,,120m,2,False,False,0.7288774489531372,0.7163839081293277,0.6556882007599563,0.639755337563876,0.8538693868946057,3,43345,9305,9295,36,0,147.07408679326375,32,1440,1355,5.0,264451,512,128,True,5,,,,,,,,,,,,,,,,,,,,,,,,,,
age_class,transformer,,120m,3,False,False,0.7000651410953275,0.7109335501305458,0.6753924975247348,0.665873394841808,0.8658028069801845,3,43345,9305,9295,36,0,147.07408679326375,32,1440,1355,5.0,264451,512,128,True,5,,,,,,,,,,,,,,,,,,,,,,,,,,
age_class,transformer,,120m,4,False,False,0.6794098502363847,0.7676113223593957,0.6897504206725893,0.6194423969091747,0.87401701436242,3,43345,9305,9295,36,0,147.07408679326375,32,1440,1355,5.0,264451,512,128,True,5,,,,,,,,,,,,,,,,,,,,,,,,,,
age_class,transformer,,120m,5,False,False,0.6652544191832745,0.6965158126099272,0.6975022474258962,0.672265381432641,0.8672744839770216,3,43345,9305,9295,36,0,147.07408679326375,32,1440,1355,5.0,264451,512,128,True,5,,,,,,,,,,,,,,,,,,,,,,,,,,
age_class,transformer,,120m,6,False,False,0.6500820585746008,0.7278564000501228,0.7060903044555942,0.6808515467390489,0.8518714052446793,3,43345,9305,9295,36,0,147.07408679326375,32,1440,1355,5.0,264451,512,128,True,5,,,,,,,,,,,,,,,,,,,,,,,,,,
age_class,transformer,,120m,7,False,False,0.6415756282371583,0.684090438316997,0.7077937044874595,0.668380015849726,0.8693929666722392,3,43345,9305,9295,36,0,147.07408679326375,32,1440,1355,5.0,264451,512,128,True,5,,,,,,,,,,,,,,,,,,,,,,,,,,
age_class,transformer,,120m,8,False,False,0.6356010282956849,0.6859528399487453,0.7119663135086188,0.6600654000793774,0.8733735814851427,3,43345,9305,9295,36,0,147.07408679326375,32,1440,1355,5.0,264451,512,128,True,5,,,,,,,,,,,,,,,,,,,,,,,,,,
age_class,transformer,,120m,9,False,False,0.621436803269268,0.6904452673662483,0.7201397478984285,0.6694551392748943,0.874815614351497,3,43345,9305,9295,36,0,147.07408679326375,32,1440,1355,5.0,264451,512,128,True,5,,,,,,,,,,,,,,,,,,,,,,,,,,
age_class,transformer,,120m,10,False,False,0.6163786644636656,0.6753273746007749,0.7253234002468355,0.6823496278508067,0.8735509410467092,3,43345,9305,9295,36,0,147.07408679326375,32,1440,1355,5.0,264451,512,128,True,5,,,,,,,,,,,,,,,,,,,,,,,,,,
age_class,transformer,,120m,11,False,False,0.6114293384241224,0.6760139017320332,0.7277901783909159,0.6830256299905454,0.8664726218128617,3,43345,9305,9295,36,0,147.07408679326375,32,1440,1355,5.0,264451,512,128,True,5,,,,,,,,,,,,,,,,,,,,,,,,,,
age_class,transformer,,120m,12,False,False,0.608149812345013,0.6873121060843368,0.7287116833316114,0.6721456972012124,0.8738089418701561,3,43345,9305,9295,36,0,147.07408679326375,32,1440,1355,5.0,264451,512,128,True,5,,,,,,,,,,,,,,,,,,,,,,,,,,
age_class,transformer,,120m,13,False,False,0.6036715890863718,0.6965517266087479,0.7327107185979145,0.6854726406791946,0.8603482016588719,3,43345,9305,9295,36,0,147.07408679326375,32,1440,1355,5.0,264451,512,128,True,5,,,,,,,,,,,,,,,,,,,,,,,,,,
age_class,transformer,,120m,14,False,False,0.6014506113688719,0.6693708990159565,0.7307841999521362,0.6948113331463509,0.8699819694193813,3,43345,9305,9295,36,0,147.07408679326375,32,1440,1355,5.0,264451,512,128,True,5,,,,,,,,,,,,,,,,,,,,,,,,,,
age_class,transformer,,120m,15,False,False,0.59338367510755,0.6775165496110788,0.7355569401636245,0.6905304455617033,0.8732041266847336,3,43345,9305,9295,36,0,147.07408679326375,32,1440,1355,5.0,264451,512,128,True,5,,,,,,,,,,,,,,,,,,,,,,,,,,
age_class,transformer,,120m,16,False,False,0.5901222784979311,0.6744257763468534,0.7372357780931162,0.6757627519595171,0.8794731877082053,3,43345,9305,9295,36,0,147.07408679326375,32,1440,1355,5.0,264451,512,128,True,5,,,,,,,,,,,,,,,,,,,,,,,,,,
age_class,transformer,,120m,17,False,False,0.5860127701322325,0.6676962352196162,0.7390019693173153,0.6804361417533135,0.8802126702198101,3,43345,9305,9295,36,0,147.07408679326375,32,1440,1355,5.0,264451,512,128,True,5,,,,,,,,,,,,,,,,,,,,,,,,,,
age_class,transformer,,120m,18,False,False,0.5819728958041545,0.6850528737795346,0.743599028700206,0.6910455230190612,0.866254448426643,3,43345,9305,9295,36,0,147.07408679326375,32,1440,1355,5.0,264451,512,128,True,5,,,,,,,,,,,,,,,,,,,,,,,,,,
age_class,transformer,,120m,19,False,False,0.5796077268994628,0.6895589720748049,0.7428382459512296,0.6725773730096735,0.8774988545782193,3,43345,9305,9295,36,0,147.07408679326375,32,1440,1355,5.0,264451,512,128,True,5,,,,,,,,,,,,,,,,,,,,,,,,,,
age_class,transformer,,120m,20,False,False,0.5795241486532546,0.6911234708577955,0.7429444753129005,0.6732114586254935,0.8807658100234882,3,43345,9305,9295,36,0,147.07408679326375,32,1440,1355,5.0,264451,512,128,True,5,,,,,,,,,,,,,,,,,,,,,,,,,,
age_class,transformer,,120m,21,False,False,0.5771527423304743,0.6808279829855441,0.7450471684875888,0.6886172427709772,0.8750006963322816,3,43345,9305,9295,36,0,147.07408679326375,32,1440,1355,5.0,264451,512,128,True,5,,,,,,,,,,,,,,,,,,,,,,,,,,
age_class,transformer,,120m,22,False,False,0.5726106596943251,0.6706842800034816,0.7476777103595099,0.6939619537040685,0.8725570454031364,3,43345,9305,9295,36,0,147.07408679326375,32,1440,1355,5.0,264451,512,128,True,5,,,,,,,,,,,,,,,,,,,,,,,,,,
age_class,transformer,,120m,23,False,False,0.5684767119528884,0.6742970429589068,0.749582386129946,0.6865065236534106,0.876893468844686,3,43345,9305,9295,36,0,147.07408679326375,32,1440,1355,5.0,264451,512,128,True,5,,,,,,,,,,,,,,,,,,,,,,,,,,
age_class,transformer,,120m,24,False,False,0.5674159177021524,0.6838745092653831,0.748549138718893,0.6709156886788298,0.8794699876533598,3,43345,9305,9295,36,0,147.07408679326375,32,1440,1355,5.0,264451,512,128,True,5,,,,,,,,,,,,,,,,,,,,,,,,,,
age_class,transformer,,120m,25,False,False,0.5644499584580391,0.6689308326517235,0.7508697427442615,0.6868892710954726,0.8769694525388388,3,43345,9305,9295,36,0,147.07408679326375,32,1440,1355,5.0,264451,512,128,True,5,,,,,,,,,,,,,,,,,,,,,,,,,,
age_class,transformer,,120m,26,True,False,0.5615466684972776,0.6927818383342921,0.7540380366404308,0.6732195006743988,0.8813037650102035,3,43345,9305,9295,36,0,147.07408679326375,32,1440,1355,5.0,264451,512,128,True,5,0.7825354712192871,0.7514590060201166,0.7394933853938238,0.9174105449996617,0.7077731092436975,0.7147615442846329,0.8318423645320197,,,0.7405695862439549,0.6732195006743988,0.6674112847956967,0.5592039800995025,0.6294326241134752,0.831021897810219,,,0.7451317912856374,0.67970634305252,0.666623271081395,0.8845280441625495,0.5704918032786885,0.6429078014184397,0.8257194244604317,,
age_class,transformer,,120m,27,False,False,0.5600083170595542,0.6741357850234141,0.754822304885827,0.6894342415375624,0.8785972707066468,3,43345,9305,9295,36,0,147.07408679326375,32,1440,1355,5.0,264451,512,128,True,5,,,,,,,,,,,,,,,,,,,,,,,,,,
age_class,transformer,,120m,28,False,False,0.5561713365854476,0.6728316785314274,0.7556811358441416,0.6976437891301375,0.8756188137399148,3,43345,9305,9295,36,0,147.07408679326375,32,1440,1355,5.0,264451,512,128,True,5,,,,,,,,,,,,,,,,,,,,,,,,,,
age_class,transformer,,120m,29,False,False,0.5545389313827901,0.6780380670771939,0.755589012257909,0.6926147656396281,0.8759478973185074,3,43345,9305,9295,36,0,147.07408679326375,32,1440,1355,5.0,264451,512,128,True,5,,,,,,,,,,,,,,,,,,,,,,,,,,
age_class,transformer,,120m,30,False,False,0.5523578320975286,0.6970109165259294,0.7577577122576824,0.6744367217595307,0.880279767392793,3,43345,9305,9295,36,0,147.07408679326375,32,1440,1355,5.0,264451,512,128,True,5,,,,,,,,,,,,,,,,,,,,,,,,,,
age_class,transformer,,120m,31,False,False,0.550708495788143,0.6760705395067719,0.760720140069915,0.6894494370823318,0.8766693703276963,3,43345,9305,9295,36,0,147.07408679326375,32,1440,1355,5.0,264451,512,128,True,5,,,,,,,,,,,,,,,,,,,,,,,,,,
age_class,transformer,,120m,32,False,False,0.5482938344715953,0.6758746375069062,0.7621630233236107,0.6944674888744146,0.8739760695438964,3,43345,9305,9295,36,0,147.07408679326375,32,1440,1355,5.0,264451,512,128,True,5,,,,,,,,,,,,,,,,,,,,,,,,,,
age_class,transformer,,120m,33,False,False,0.5445095523842919,0.6758772362309845,0.7639134368305259,0.6937229651298304,0.8748370195676157,3,43345,9305,9295,36,0,147.07408679326375,32,1440,1355,5.0,264451,512,128,True,5,,,,,,,,,,,,,,,,,,,,,,,,,,
age_class,transformer,,120m,34,False,False,0.5446155074455703,0.6764232520836774,0.7635645294166636,0.6887841941609446,0.877080154099995,3,43345,9305,9295,36,0,147.07408679326375,32,1440,1355,5.0,264451,512,128,True,5,,,,,,,,,,,,,,,,,,,,,,,,,,
age_class,transformer,,120m,35,False,False,0.5425866728540467,0.683946777658396,0.7628075133992619,0.6853376321271935,0.879294241163457,3,43345,9305,9295,36,0,147.07408679326375,32,1440,1355,5.0,264451,512,128,True,5,,,,,,,,,,,,,,,,,,,,,,,,,,
age_class,transformer,,120m,36,False,False,0.5420811406880435,0.6789862616865434,0.7648636404416892,0.6888624319001359,0.8762729578195242,3,43345,9305,9295,36,0,147.07408679326375,32,1440,1355,5.0,264451,512,128,True,5,,,,,,,,,,,,,,,,,,,,,,,,,,
age_class,transformer,,240m,1,False,False,0.7958219945960275,0.715541132709661,0.6118288521378493,0.671615166647479,0.8485978258786018,3,43337,9305,9295,18,0,240.84372790257137,32,2880,1355,4.999077171530741,264451,512,128,True,5,,,,,,,,,,,,,,,,,,,,,,,,,,
age_class,transformer,,240m,2,False,False,0.7008765427641592,0.6794810797692883,0.6750683842430699,0.6684874213083262,0.8765473515050934,3,43337,9305,9295,18,0,240.84372790257137,32,2880,1355,4.999077171530741,264451,512,128,True,5,,,,,,,,,,,,,,,,,,,,,,,,,,
age_class,transformer,,240m,3,False,False,0.662496777999868,0.654586218339919,0.6979112926937633,0.691259934731272,0.8769071221276835,3,43337,9305,9295,18,0,240.84372790257137,32,2880,1355,4.999077171530741,264451,512,128,True,5,,,,,,,,,,,,,,,,,,,,,,,,,,
age_class,transformer,,240m,4,False,False,0.6353259859157263,0.6362763404718078,0.7140287388182243,0.6996489314055081,0.8848841284368,3,43337,9305,9295,18,0,240.84372790257137,32,2880,1355,4.999077171530741,264451,512,128,True,5,,,,,,,,,,,,,,,,,,,,,,,,,,
age_class,transformer,,240m,5,False,False,0.6169319245085337,0.6404035312651563,0.7221639649830145,0.7038712324385218,0.8913243935524892,3,43337,9305,9295,18,0,240.84372790257137,32,2880,1355,4.999077171530741,264451,512,128,True,5,,,,,,,,,,,,,,,,,,,,,,,,,,
age_class,transformer,,240m,6,False,False,0.6019295750343027,0.635701490204415,0.731598885927261,0.7052832269258872,0.890053676125372,3,43337,9305,9295,18,0,240.84372790257137,32,2880,1355,4.999077171530741,264451,512,128,True,5,,,,,,,,,,,,,,,,,,,,,,,,,,
age_class,transformer,,240m,7,False,False,0.5908151761872967,0.6625390150161407,0.7357118965897037,0.7081643344080962,0.8729382923512281,3,43337,9305,9295,18,0,240.84372790257137,32,2880,1355,4.999077171530741,264451,512,128,True,5,,,,,,,,,,,,,,,,,,,,,,,,,,
age_class,transformer,,240m,8,True,False,0.5708506898068039,0.7393477978724295,0.7469826605421764,0.6507222326530623,0.8976006028913099,3,43337,9305,9295,18,0,240.84372790257137,32,2880,1355,4.999077171530741,264451,512,128,True,5,0.7797263308489282,0.69184596267544,0.7117975106150435,0.919607656431996,0.5619747899159664,0.5987130961392885,0.9148500019710648,,,0.7631380977968834,0.6507222326530623,0.6691033164482553,0.46567164179104475,0.5687943262411348,0.9177007299270074,,,0.7719203873050027,0.6590238796057678,0.6730977003899431,0.9046621851777831,0.47650273224043715,0.5854609929078014,0.9151079136690647,,
age_class,transformer,,240m,9,False,False,0.5644215322441428,0.6405768547309207,0.7479831823239557,0.7059874631604622,0.8912324920103574,3,43337,9305,9295,18,0,240.84372790257137,32,2880,1355,4.999077171530741,264451,512,128,True,5,,,,,,,,,,,,,,,,,,,,,,,,,,
age_class,transformer,,240m,10,False,False,0.552606023777053,0.6830267145581171,0.7583684654938607,0.701793048527616,0.8702131312138534,3,43337,9305,9295,18,0,240.84372790257137,32,2880,1355,4.999077171530741,264451,512,128,True,5,,,,,,,,,,,,,,,,,,,,,,,,,,
age_class,transformer,,240m,11,False,False,0.5488453618553735,0.6434534438767143,0.7601049492179772,0.7108711824735101,0.8853272021562407,3,43337,9305,9295,18,0,240.84372790257137,32,2880,1355,4.999077171530741,264451,512,128,True,5,,,,,,,,,,,,,,,,,,,,,,,,,,
age_class,transformer,,240m,12,False,False,0.5441627614163151,0.6429991375304627,0.762103515894695,0.7092093629280732,0.8887192919627998,3,43337,9305,9295,18,0,240.84372790257137,32,2880,1355,4.999077171530741,264451,512,128,True,5,,,,,,,,,,,,,,,,,,,,,,,,,,
age_class,transformer,,240m,13,False,False,0.5337830895301965,0.671507548568455,0.7659228971934913,0.6898922713141339,0.8916838824757208,3,43337,9305,9295,18,0,240.84372790257137,32,2880,1355,4.999077171530741,264451,512,128,True,5,,,,,,,,,,,,,,,,,,,,,,,,,,
age_class,transformer,,240m,14,False,False,0.5220898770740262,0.6500626767853906,0.7726783045537527,0.7021290889858829,0.8908136373834269,3,43337,9305,9295,18,0,240.84372790257137,32,2880,1355,4.999077171530741,264451,512,128,True,5,,,,,,,,,,,,,,,,,,,,,,,,,,
age_class,transformer,,240m,15,False,False,0.5142106628894949,0.6744856857087649,0.7761550490224526,0.6958311344864949,0.8908014038340766,3,43337,9305,9295,18,0,240.84372790257137,32,2880,1355,4.999077171530741,264451,512,128,True,5,,,,,,,,,,,,,,,,,,,,,,,,,,
age_class,transformer,,240m,16,False,False,0.5117628822709125,0.6806641370490442,0.7793817006632543,0.6940395475642444,0.8935283793337084,3,43337,9305,9295,18,0,240.84372790257137,32,2880,1355,4.999077171530741,264451,512,128,True,5,,,,,,,,,,,,,,,,,,,,,,,,,,
age_class,transformer,,240m,17,False,False,0.5063688426520103,0.673490819246906,0.7804309398881047,0.6981218371053054,0.8922182762442429,3,43337,9305,9295,18,0,240.84372790257137,32,2880,1355,4.999077171530741,264451,512,128,True,5,,,,,,,,,,,,,,,,,,,,,,,,,,
age_class,transformer,,240m,18,False,False,0.4972769599219227,0.6907730220018824,0.7841397439024845,0.6978111075311437,0.894159378003681,3,43337,9305,9295,18,0,240.84372790257137,32,2880,1355,4.999077171530741,264451,512,128,True,5,,,,,,,,,,,,,,,,,,,,,,,,,,
apnea_binary,lstm,,30s,1,False,False,0.6332406568865969,0.6265151346686982,0.6327156332568977,0.6335276158493599,0.6954377184138512,2,47860,10275,10270,17,0,13.032770474751791,32,6,1496,5.0,657922,512,128,True,5,,,,,,,,,,,,,,,,,,,,,,,,,,
apnea_binary,lstm,,30s,2,False,False,0.6030381913320618,0.619523498539217,0.6673882259240289,0.6436641979426458,0.7056209207304593,2,47860,10275,10270,17,0,13.032770474751791,32,6,1496,5.0,657922,512,128,True,5,,,,,,,,,,,,,,,,,,,,,,,,,,
apnea_binary,lstm,,30s,3,False,False,0.5902268049485804,0.6171841970702447,0.680062426443089,0.6420383650325583,0.7099647316115436,2,47860,10275,10270,17,0,13.032770474751791,32,6,1496,5.0,657922,512,128,True,5,,,,,,,,,,,,,,,,,,,,,,,,,,
apnea_binary,lstm,,30s,4,False,False,0.5797952407531244,0.6150928170083503,0.688094208924753,0.6456753109910018,0.711857796948081,2,47860,10275,10270,17,0,13.032770474751791,32,6,1496,5.0,657922,512,128,True,5,,,,,,,,,,,,,,,,,,,,,,,,,,
apnea_binary,lstm,,30s,5,False,False,0.5715831424569267,0.6183827877102687,0.6950754763186,0.6474401517620929,0.7122643215051889,2,47860,10275,10270,17,0,13.032770474751791,32,6,1496,5.0,657922,512,128,True,5,,,,,,,,,,,,,,,,,,,,,,,,,,
apnea_binary,lstm,,30s,6,False,False,0.5644793730672811,0.6194086965766267,0.7021105556959708,0.6457333020005003,0.7103368974430891,2,47860,10275,10270,17,0,13.032770474751791,32,6,1496,5.0,657922,512,128,True,5,,,,,,,,,,,,,,,,,,,,,,,,,,
apnea_binary,lstm,,30s,7,True,False,0.5573791918050182,0.6194245056021243,0.7084268797518141,0.6392659778497085,0.7123338159600355,2,47860,10275,10270,17,0,13.032770474751791,32,6,1496,5.0,657922,512,128,True,5,0.7317384036773924,0.7317387367710023,0.7316795191891108,0.8095100419118528,0.7317223018636084,0.7317551716783962,,,,0.638345498783455,0.6392659778497085,0.6379420367407771,0.5931297709923664,0.6854021847070506,,,,0.6358325219084713,0.6356601274469926,0.6350352756728508,0.7037175231555882,0.5913978494623656,0.6799224054316197,,,
apnea_binary,lstm,,30s,8,False,False,0.5512530905952326,0.6236422761977444,0.7124166489673677,0.64114575831773,0.7120011636104521,2,47860,10275,10270,17,0,13.032770474751791,32,6,1496,5.0,657922,512,128,True,5,,,,,,,,,,,,,,,,,,,,,,,,,,
apnea_binary,lstm,,30s,9,False,False,0.542838179108691,0.6287420465911392,0.7200233076074405,0.6362572678274976,0.7111122524011311,2,47860,10275,10270,17,0,13.032770474751791,32,6,1496,5.0,657922,512,128,True,5,,,,,,,,,,,,,,,,,,,,,,,,,,
apnea_binary,lstm,,30s,10,False,False,0.5378654779722339,0.6267774597194653,0.7238051662910834,0.6423320155855576,0.7063888846774866,2,47860,10275,10270,17,0,13.032770474751791,32,6,1496,5.0,657922,512,128,True,5,,,,,,,,,,,,,,,,,,,,,,,,,,
apnea_binary,lstm,,30s,11,False,False,0.5331600637551486,0.6307959373008886,0.7262588503592291,0.64049961339327,0.7037025932973006,2,47860,10275,10270,17,0,13.032770474751791,32,6,1496,5.0,657922,512,128,True,5,,,,,,,,,,,,,,,,,,,,,,,,,,
apnea_binary,lstm,,30s,12,False,False,0.5264823691594864,0.6329292398792694,0.7325911463673287,0.6356989622262483,0.7006643950362729,2,47860,10275,10270,17,0,13.032770474751791,32,6,1496,5.0,657922,512,128,True,5,,,,,,,,,,,,,,,,,,,,,,,,,,
apnea_binary,lstm,,30s,13,False,False,0.5218042914657178,0.6366842878880002,0.7351323901015474,0.634632192969822,0.7063182341927121,2,47860,10275,10270,17,0,13.032770474751791,32,6,1496,5.0,657922,512,128,True,5,,,,,,,,,,,,,,,,,,,,,,,,,,
apnea_binary,lstm,,30s,14,False,False,0.5155074507533582,0.6343351524879752,0.7408753136466465,0.6433876035689108,0.706021627235307,2,47860,10275,10270,17,0,13.032770474751791,32,6,1496,5.0,657922,512,128,True,5,,,,,,,,,,,,,,,,,,,,,,,,,,
apnea_binary,lstm,,30s,15,False,False,0.5085779826859276,0.642962119967978,0.7453466872306098,0.6378686029852104,0.7034669906077305,2,47860,10275,10270,17,0,13.032770474751791,32,6,1496,5.0,657922,512,128,True,5,,,,,,,,,,,,,,,,,,,,,,,,,,
apnea_binary,lstm,,30s,16,False,False,0.502862496147881,0.6458429439282475,0.7521830496663076,0.6406769976576181,0.7026620716056309,2,47860,10275,10270,17,0,13.032770474751791,32,6,1496,5.0,657922,512,128,True,5,,,,,,,,,,,,,,,,,,,,,,,,,,
apnea_binary,lstm,,30s,17,False,False,0.495707512624185,0.6575414311392754,0.7549429305156311,0.6388549239294405,0.7053235746719528,2,47860,10275,10270,17,0,13.032770474751791,32,6,1496,5.0,657922,512,128,True,5,,,,,,,,,,,,,,,,,,,,,,,,,,
apnea_binary,lstm,,10m,1,False,False,0.6270904207448804,0.6196709358779183,0.6382863767982259,0.6388929213065792,0.7066160729852863,2,47860,10275,10270,15,0,24.18772970835368,32,120,1496,5.0,657922,512,128,True,5,,,,,,,,,,,,,,,,,,,,,,,,,,
apnea_binary,lstm,,10m,2,False,False,0.5907772273535117,0.6152761266266342,0.6784795959292617,0.6478557539968313,0.7169804498283011,2,47860,10275,10270,15,0,24.18772970835368,32,120,1496,5.0,657922,512,128,True,5,,,,,,,,,,,,,,,,,,,,,,,,,,
apnea_binary,lstm,,10m,3,False,False,0.5767986918611602,0.6093521306868597,0.6911094488401162,0.6496747007588104,0.7186227514270337,2,47860,10275,10270,15,0,24.18772970835368,32,120,1496,5.0,657922,512,128,True,5,,,,,,,,,,,,,,,,,,,,,,,,,,
apnea_binary,lstm,,10m,4,False,False,0.5651905570526378,0.6034079712498797,0.7006928560388153,0.6632915962309633,0.7311719111259352,2,47860,10275,10270,15,0,24.18772970835368,32,120,1496,5.0,657922,512,128,True,5,,,,,,,,,,,,,,,,,,,,,,,,,,
apnea_binary,lstm,,10m,5,True,False,0.5561733507581998,0.603505157136569,0.7094021471597244,0.659898269366344,0.7318655859366117,2,47860,10275,10270,15,0,24.18772970835368,32,120,1496,5.0,657922,512,128,True,5,0.7290430422064355,0.7291630072465145,0.7290217744969579,0.8081473308430714,0.7232439074339545,0.7350821070590744,,,,0.6594647201946472,0.659898269366344,0.6594397400095584,0.6381679389312978,0.6816285998013902,,,,0.6425511197663096,0.6424656754965569,0.6423374810367668,0.7167731695731444,0.6205278592375366,0.6644034917555771,,,
apnea_binary,lstm,,10m,6,False,False,0.5444373055925142,0.6054779881456472,0.7213693103632464,0.659691321057938,0.7284737562255055,2,47860,10275,10270,15,0,24.18772970835368,32,120,1496,5.0,657922,512,128,True,5,,,,,,,,,,,,,,,,,,,,,,,,,,
apnea_binary,lstm,,10m,7,False,False,0.537208689619097,0.6112549949330425,0.725099195781413,0.6562809380140543,0.7254372067284732,2,47860,10275,10270,15,0,24.18772970835368,32,120,1496,5.0,657922,512,128,True,5,,,,,,,,,,,,,,,,,,,,,,,,,,
apnea_binary,lstm,,10m,8,False,False,0.5291183693061251,0.6082219105915432,0.7321039166572438,0.6559761061879819,0.7252541181197267,2,47860,10275,10270,15,0,24.18772970835368,32,120,1496,5.0,657922,512,128,True,5,,,,,,,,,,,,,,,,,,,,,,,,,,
apnea_binary,lstm,,10m,9,False,False,0.5223548565955028,0.6184219466856796,0.7364377226852428,0.6530521085227833,0.7252796644860025,2,47860,10275,10270,15,0,24.18772970835368,32,120,1496,5.0,657922,512,128,True,5,,,,,,,,,,,,,,,,,,,,,,,,,,
apnea_binary,lstm,,10m,10,False,False,0.5154601009580514,0.6097156443706104,0.7411387482225907,0.6587031049826786,0.7281235549625902,2,47860,10275,10270,15,0,24.18772970835368,32,120,1496,5.0,657922,512,128,True,5,,,,,,,,,,,,,,,,,,,,,,,,,,
apnea_binary,lstm,,10m,11,False,False,0.5091810081501262,0.6158355040416811,0.7431918800114621,0.6570640061553856,0.725939321694702,2,47860,10275,10270,15,0,24.18772970835368,32,120,1496,5.0,657922,512,128,True,5,,,,,,,,,,,,,,,,,,,,,,,,,,
apnea_binary,lstm,,10m,12,False,False,0.5005299519954542,0.6206538319413679,0.7531077501441603,0.6543012841407855,0.7286746211633073,2,47860,10275,10270,15,0,24.18772970835368,32,120,1496,5.0,657922,512,128,True,5,,,,,,,,,,,,,,,,,,,,,,,,,,
apnea_binary,lstm,,10m,13,False,False,0.4928414993763368,0.6222038212541826,0.7572395941770201,0.6532300613264401,0.725569392117771,2,47860,10275,10270,15,0,24.18772970835368,32,120,1496,5.0,657922,512,128,True,5,,,,,,,,,,,,,,,,,,,,,,,,,,
apnea_binary,lstm,,10m,14,False,False,0.4867733750739856,0.638694619543651,0.7629110391958347,0.6494505067580372,0.7195023006890696,2,47860,10275,10270,15,0,24.18772970835368,32,120,1496,5.0,657922,512,128,True,5,,,,,,,,,,,,,,,,,,,,,,,,,,
apnea_binary,lstm,,10m,15,False,False,0.4809098239055598,0.6700257210632891,0.7658610199067653,0.6425518507849632,0.7179270488261559,2,47860,10275,10270,15,0,24.18772970835368,32,120,1496,5.0,657922,512,128,True,5,,,,,,,,,,,,,,,,,,,,,,,,,,
apnea_binary,lstm,,40m,1,False,False,0.6187505738734203,0.6100479970941288,0.6489788891146887,0.6488473813079436,0.7296324014342351,2,47860,10275,10270,20,0,37.05072809855143,32,480,1496,5.0,657922,512,128,True,5,,,,,,,,,,,,,,,,,,,,,,,,,,
apnea_binary,lstm,,40m,2,False,False,0.5780566600990056,0.5909090569767639,0.6889122419183429,0.6711138443111957,0.743105342753398,2,47860,10275,10270,20,0,37.05072809855143,32,480,1496,5.0,657922,512,128,True,5,,,,,,,,,,,,,,,,,,,,,,,,,,
apnea_binary,lstm,,40m,3,False,False,0.5602066716886792,0.5864786681496604,0.7060993334887291,0.6803474912255434,0.7519901908017921,2,47860,10275,10270,20,0,37.05072809855143,32,480,1496,5.0,657922,512,128,True,5,,,,,,,,,,,,,,,,,,,,,,,,,,
apnea_binary,lstm,,40m,4,False,False,0.5492935286771787,0.5821087147400617,0.7157842894601668,0.6863917273740306,0.7576544910815134,2,47860,10275,10270,20,0,37.05072809855143,32,480,1496,5.0,657922,512,128,True,5,,,,,,,,,,,,,,,,,,,,,,,,,,
apnea_binary,lstm,,40m,5,False,False,0.5394614329883058,0.594114092985789,0.7225658484895455,0.6761593464072106,0.7632304024500255,2,47860,10275,10270,20,0,37.05072809855143,32,480,1496,5.0,657922,512,128,True,5,,,,,,,,,,,,,,,,,,,,,,,,,,
apnea_binary,lstm,,40m,6,False,False,0.5295643821053558,0.5792771583229956,0.728965386547668,0.6847043027054891,0.7655842499450413,2,47860,10275,10270,20,0,37.05072809855143,32,480,1496,5.0,657922,512,128,True,5,,,,,,,,,,,,,,,,,,,,,,,,,,
apnea_binary,lstm,,40m,7,False,False,0.5219780293708559,0.5812121509838568,0.7374372559303789,0.6884353419195404,0.7608635733074585,2,47860,10275,10270,20,0,37.05072809855143,32,480,1496,5.0,657922,512,128,True,5,,,,,,,,,,,,,,,,,,,,,,,,,,
apnea_binary,lstm,,40m,8,False,False,0.5122472260120868,0.5846112803560104,0.7435069995977968,0.6825221540817332,0.7579791270268427,2,47860,10275,10270,20,0,37.05072809855143,32,480,1496,5.0,657922,512,128,True,5,,,,,,,,,,,,,,,,,,,,,,,,,,
apnea_binary,lstm,,40m,9,False,False,0.5038151607969741,0.5801598737767724,0.7495239052344809,0.6925424698863679,0.7661219744233116,2,47860,10275,10270,20,0,37.05072809855143,32,480,1496,5.0,657922,512,128,True,5,,,,,,,,,,,,,,,,,,,,,,,,,,
apnea_binary,lstm,,40m,10,True,False,0.4946928637425271,0.5698587103945786,0.7548371802066414,0.6984531940538369,0.7718558260118105,2,47860,10275,10270,20,0,37.05072809855143,32,480,1496,5.0,657922,512,128,True,5,0.7813205181780192,0.7803969158976917,0.7804933269471398,0.8642388976042379,0.8259676428425149,0.7348261889528684,,,,0.699367396593674,0.6984531940538369,0.698290031897659,0.7442748091603053,0.6526315789473685,,,,0.6866601752677702,0.6868101559381556,0.6862573392208486,0.7574876957048979,0.7253176930596286,0.6483026188166828,,,
apnea_binary,lstm,,40m,11,False,False,0.488251775114595,0.5816144099548786,0.7601126151475339,0.6876975674098107,0.7683044452193425,2,47860,10275,10270,20,0,37.05072809855143,32,480,1496,5.0,657922,512,128,True,5,,,,,,,,,,,,,,,,,,,,,,,,,,
apnea_binary,lstm,,40m,12,False,False,0.4810427227306206,0.5942973423236187,0.7644855408846819,0.6852139981958352,0.7682040790800275,2,47860,10275,10270,20,0,37.05072809855143,32,480,1496,5.0,657922,512,128,True,5,,,,,,,,,,,,,,,,,,,,,,,,,,
apnea_binary,lstm,,40m,13,False,False,0.4712664648498195,0.603088578316417,0.7725509443913574,0.6888380572632792,0.7631097584086963,2,47860,10275,10270,20,0,37.05072809855143,32,480,1496,5.0,657922,512,128,True,5,,,,,,,,,,,,,,,,,,,,,,,,,,
apnea_binary,lstm,,40m,14,False,False,0.4642385157266522,0.5862951971608646,0.7770173608613447,0.6951346301083257,0.7687713865536663,2,47860,10275,10270,20,0,37.05072809855143,32,480,1496,5.0,657922,512,128,True,5,,,,,,,,,,,,,,,,,,,,,,,,,,
apnea_binary,lstm,,40m,15,False,False,0.4562307601711314,0.5907603964927423,0.7802138127731681,0.6919621807651781,0.76866253022734,2,47860,10275,10270,20,0,37.05072809855143,32,480,1496,5.0,657922,512,128,True,5,,,,,,,,,,,,,,,,,,,,,,,,,,
apnea_binary,lstm,,40m,16,False,False,0.4470482421329815,0.5968591035282524,0.7884034978968516,0.6880454187102496,0.763746901460767,2,47860,10275,10270,20,0,37.05072809855143,32,480,1496,5.0,657922,512,128,True,5,,,,,,,,,,,,,,,,,,,,,,,,,,
apnea_binary,lstm,,40m,17,False,False,0.4416937026053953,0.5936615321642,0.790889235057042,0.6865484547101587,0.7627222420158131,2,47860,10275,10270,20,0,37.05072809855143,32,480,1496,5.0,657922,512,128,True,5,,,,,,,,,,,,,,,,,,,,,,,,,,
apnea_binary,lstm,,40m,18,False,False,0.4325655295218178,0.6295473946330031,0.795451142575464,0.6769440254099168,0.7601390647149343,2,47860,10275,10270,20,0,37.05072809855143,32,480,1496,5.0,657922,512,128,True,5,,,,,,,,,,,,,,,,,,,,,,,,,,
apnea_binary,lstm,,40m,19,False,False,0.4214000336007,0.6445354526872472,0.8044433211231099,0.6759250134554303,0.7468632738767559,2,47860,10275,10270,20,0,37.05072809855143,32,480,1496,5.0,657922,512,128,True,5,,,,,,,,,,,,,,,,,,,,,,,,,,
apnea_binary,lstm,,40m,20,False,False,0.4145331572699238,0.6166963607348375,0.8079516126277915,0.6839779937384871,0.754804100305495,2,47860,10275,10270,20,0,37.05072809855143,32,480,1496,5.0,657922,512,128,True,5,,,,,,,,,,,,,,,,,,,,,,,,,,
apnea_binary,lstm,,80m,1,False,False,0.6137738088559168,0.5953004979913252,0.654915301702404,0.6703109720506075,0.7439893455733528,2,47860,10275,10270,23,0,73.99728952248891,32,960,1496,5.0,657922,512,128,True,5,,,,,,,,,,,,,,,,,,,,,,,,,,
apnea_binary,lstm,,80m,2,False,False,0.5649797500275788,0.5802749734377339,0.7037043835780727,0.6830146986362637,0.7616023711879439,2,47860,10275,10270,23,0,73.99728952248891,32,960,1496,5.0,657922,512,128,True,5,,,,,,,,,,,,,,,,,,,,,,,,,,
apnea_binary,lstm,,80m,3,False,False,0.5461901663189596,0.5781052434009357,0.7186534539270322,0.6896914347657997,0.7676998794696666,2,47860,10275,10270,23,0,73.99728952248891,32,960,1496,5.0,657922,512,128,True,5,,,,,,,,,,,,,,,,,,,,,,,,,,
apnea_binary,lstm,,80m,4,False,False,0.5353116201298336,0.5611108882525832,0.7267277627688595,0.7043931032391579,0.7806491013288658,2,47860,10275,10270,23,0,73.99728952248891,32,960,1496,5.0,657922,512,128,True,5,,,,,,,,,,,,,,,,,,,,,,,,,,
apnea_binary,lstm,,80m,5,False,False,0.5224643805885834,0.5525778916166356,0.7373445775527816,0.7105696195334945,0.7877661711530735,2,47860,10275,10270,23,0,73.99728952248891,32,960,1496,5.0,657922,512,128,True,5,,,,,,,,,,,,,,,,,,,,,,,,,,
apnea_binary,lstm,,80m,6,False,False,0.5115122770495959,0.5464024839842117,0.7445665466783034,0.7126033793976516,0.7982550770560277,2,47860,10275,10270,23,0,73.99728952248891,32,960,1496,5.0,657922,512,128,True,5,,,,,,,,,,,,,,,,,,,,,,,,,,
apnea_binary,lstm,,80m,7,False,False,0.5004184963187064,0.5499420923444186,0.7529410862945319,0.7111319996664569,0.7955351660513807,2,47860,10275,10270,23,0,73.99728952248891,32,960,1496,5.0,657922,512,128,True,5,,,,,,,,,,,,,,,,,,,,,,,,,,
apnea_binary,lstm,,80m,8,False,False,0.4907770757489856,0.5441766681114253,0.7606638418541756,0.7164823335885443,0.8008782984755567,2,47860,10275,10270,23,0,73.99728952248891,32,960,1496,5.0,657922,512,128,True,5,,,,,,,,,,,,,,,,,,,,,,,,,,
apnea_binary,lstm,,80m,9,False,False,0.481258544780398,0.538949266854864,0.7668790495199089,0.723531178695695,0.8043057566500147,2,47860,10275,10270,23,0,73.99728952248891,32,960,1496,5.0,657922,512,128,True,5,,,,,,,,,,,,,,,,,,,,,,,,,,
apnea_binary,lstm,,80m,10,False,False,0.4697460416366603,0.5384627159552563,0.7762890145069612,0.724223659573823,0.8041395726100502,2,47860,10275,10270,23,0,73.99728952248891,32,960,1496,5.0,657922,512,128,True,5,,,,,,,,,,,,,,,,,,,,,,,,,,
apnea_binary,lstm,,80m,11,False,False,0.4632463008825419,0.5396504855097936,0.778918106162339,0.7227593865839884,0.805081395877711,2,47860,10275,10270,23,0,73.99728952248891,32,960,1496,5.0,657922,512,128,True,5,,,,,,,,,,,,,,,,,,,,,,,,,,
apnea_binary,lstm,,80m,12,False,False,0.4546144584457694,0.5401714507100646,0.7821613034405821,0.7311439200406316,0.8081343572094575,2,47860,10275,10270,23,0,73.99728952248891,32,960,1496,5.0,657922,512,128,True,5,,,,,,,,,,,,,,,,,,,,,,,,,,
apnea_binary,lstm,,80m,13,True,False,0.4445494330831018,0.5351705031180324,0.7909828699174242,0.7280457598338349,0.8101761713804891,2,47860,10275,10270,23,0,73.99728952248891,32,960,1496,5.0,657922,512,128,True,5,0.8093815294609277,0.8082394178609926,0.8083677787033977,0.8932455290871875,0.864591439688716,0.7518873960332694,,,,0.7290510948905109,0.7280457598338349,0.7279045016863575,0.7784351145038167,0.6776564051638531,,,,0.7230769230769231,0.7232631056979482,0.7225153814209339,0.7969597606173433,0.7710654936461389,0.6754607177497575,,,
apnea_binary,lstm,,80m,14,False,False,0.4403313495377541,0.5385099056892442,0.7937128071778312,0.7248216681701373,0.8061012227385401,2,47860,10275,10270,23,0,73.99728952248891,32,960,1496,5.0,657922,512,128,True,5,,,,,,,,,,,,,,,,,,,,,,,,,,
apnea_binary,lstm,,80m,15,False,False,0.4310882570302192,0.6336508549738974,0.7982847555817432,0.6869760910269336,0.7889054102200627,2,47860,10275,10270,23,0,73.99728952248891,32,960,1496,5.0,657922,512,128,True,5,,,,,,,,,,,,,,,,,,,,,,,,,,
apnea_binary,lstm,,80m,16,False,False,0.4226220874496448,0.5500945198390895,0.8032880122090879,0.7205868083719309,0.8029205106241046,2,47860,10275,10270,23,0,73.99728952248891,32,960,1496,5.0,657922,512,128,True,5,,,,,,,,,,,,,,,,,,,,,,,,,,
apnea_binary,lstm,,80m,17,False,False,0.4156938080427988,0.5624446260378019,0.8080182781676428,0.7168309429413949,0.797669386811404,2,47860,10275,10270,23,0,73.99728952248891,32,960,1496,5.0,657922,512,128,True,5,,,,,,,,,,,,,,,,,,,,,,,,,,
apnea_binary,lstm,,80m,18,False,False,0.4071702855080678,0.5564477601654628,0.8133896015995886,0.7223825397788003,0.8030174086736357,2,47860,10275,10270,23,0,73.99728952248891,32,960,1496,5.0,657922,512,128,True,5,,,,,,,,,,,,,,,,,,,,,,,,,,
apnea_binary,lstm,,80m,19,False,False,0.3996529578166281,0.5560254940064284,0.8161215217055862,0.7234784940530787,0.8037130923232033,2,47860,10275,10270,23,0,73.99728952248891,32,960,1496,5.0,657922,512,128,True,5,,,,,,,,,,,,,,,,,,,,,,,,,,
apnea_binary,lstm,,80m,20,False,False,0.3888299822458601,0.5875155421127078,0.8240107969873152,0.7094314985938128,0.7980680276234298,2,47860,10275,10270,23,0,73.99728952248891,32,960,1496,5.0,657922,512,128,True,5,,,,,,,,,,,,,,,,,,,,,,,,,,
apnea_binary,lstm,,80m,21,False,False,0.3816702175379496,0.6223515836339797,0.8267315581274897,0.7057545653706497,0.7980629676235814,2,47860,10275,10270,23,0,73.99728952248891,32,960,1496,5.0,657922,512,128,True,5,,,,,,,,,,,,,,,,,,,,,,,,,,
apnea_binary,lstm,,80m,22,False,False,0.3731301413088526,0.5811070600043248,0.8320944086069125,0.7135269715048098,0.794455528855265,2,47860,10275,10270,23,0,73.99728952248891,32,960,1496,5.0,657922,512,128,True,5,,,,,,,,,,,,,,,,,,,,,,,,,,
apnea_binary,lstm,,80m,23,False,False,0.3653812004689935,0.6043421127326297,0.8373304355835705,0.7154949703222482,0.7939146584594858,2,47860,10275,10270,23,0,73.99728952248891,32,960,1496,5.0,657922,512,128,True,5,,,,,,,,,,,,,,,,,,,,,,,,,,
apnea_binary,lstm,,120m,1,False,False,0.6145703340443517,0.5903394346689655,0.6528977563141294,0.6780173328683945,0.7471196282510972,2,47860,10275,10270,24,0,95.4976358572642,32,1440,1496,5.0,657922,512,128,True,5,,,,,,,,,,,,,,,,,,,,,,,,,,
apnea_binary,lstm,,120m,2,False,False,0.5638885452141584,0.5682578121774678,0.7081449837478725,0.6965390169576324,0.7723832788799018,2,47860,10275,10270,24,0,95.4976358572642,32,1440,1496,5.0,657922,512,128,True,5,,,,,,,,,,,,,,,,,,,,,,,,,,
apnea_binary,lstm,,120m,3,False,False,0.5428043683203901,0.5865349482503831,0.7249103581276819,0.6969183274331587,0.7848174609792521,2,47860,10275,10270,24,0,95.4976358572642,32,1440,1496,5.0,657922,512,128,True,5,,,,,,,,,,,,,,,,,,,,,,,,,,
apnea_binary,lstm,,120m,4,False,False,0.5258658688037504,0.5338048320878162,0.737083449017524,0.7253815846327616,0.806983159865673,2,47860,10275,10270,24,0,95.4976358572642,32,1440,1496,5.0,657922,512,128,True,5,,,,,,,,,,,,,,,,,,,,,,,,,,
apnea_binary,lstm,,120m,5,False,False,0.5109248092968595,0.5339688440076916,0.7502650876751865,0.7255909018549542,0.8092143923830895,2,47860,10275,10270,24,0,95.4976358572642,32,1440,1496,5.0,657922,512,128,True,5,,,,,,,,,,,,,,,,,,,,,,,,,,
apnea_binary,lstm,,120m,6,False,False,0.4969801142730825,0.5206977220521356,0.7584160854723498,0.7354919191612908,0.8180731444772091,2,47860,10275,10270,24,0,95.4976358572642,32,1440,1496,5.0,657922,512,128,True,5,,,,,,,,,,,,,,,,,,,,,,,,,,
apnea_binary,lstm,,120m,7,False,False,0.4830793142318725,0.5168065211053602,0.7696344231078903,0.7424061152088055,0.8220984027835684,2,47860,10275,10270,24,0,95.4976358572642,32,1440,1496,5.0,657922,512,128,True,5,,,,,,,,,,,,,,,,,,,,,,,,,,
apnea_binary,lstm,,120m,8,False,False,0.4716777470138747,0.5144674930099733,0.7775725707291723,0.7417684983739776,0.8231015903939599,2,47860,10275,10270,24,0,95.4976358572642,32,1440,1496,5.0,657922,512,128,True,5,,,,,,,,,,,,,,,,,,,,,,,,,,
apnea_binary,lstm,,120m,9,False,False,0.4584153669228177,0.5120040002530508,0.7839614913916331,0.7423381747614031,0.8240318723136517,2,47860,10275,10270,24,0,95.4976358572642,32,1440,1496,5.0,657922,512,128,True,5,,,,,,,,,,,,,,,,,,,,,,,,,,
apnea_binary,lstm,,120m,10,False,False,0.4506287724912988,0.5360075635457561,0.7894650278229487,0.7349064184297702,0.8227396203673522,2,47860,10275,10270,24,0,95.4976358572642,32,1440,1496,5.0,657922,512,128,True,5,,,,,,,,,,,,,,,,,,,,,,,,,,
apnea_binary,lstm,,120m,11,False,False,0.4405600756419238,0.5106361291240311,0.7932412436949114,0.7442608799472396,0.8265700781552036,2,47860,10275,10270,24,0,95.4976358572642,32,1440,1496,5.0,657922,512,128,True,5,,,,,,,,,,,,,,,,,,,,,,,,,,
apnea_binary,lstm,,120m,12,False,False,0.4321425127773867,0.5140998156053307,0.7995796148973198,0.7430276234298839,0.8273319018776958,2,47860,10275,10270,24,0,95.4976358572642,32,1440,1496,5.0,657922,512,128,True,5,,,,,,,,,,,,,,,,,,,,,,,,,,
apnea_binary,lstm,,120m,13,False,False,0.4250011357387339,0.5184347801834998,0.8043950427637339,0.7447916113920117,0.8272760902688813,2,47860,10275,10270,24,0,95.4976358572642,32,1440,1496,5.0,657922,512,128,True,5,,,,,,,,,,,,,,,,,,,,,,,,,,
apnea_binary,lstm,,120m,14,True,False,0.419248464420855,0.5191663866234522,0.8076417558805238,0.7439105649764625,0.8287970087251832,2,47860,10275,10270,24,0,95.4976358572642,32,1440,1496,5.0,657922,512,128,True,5,0.8277475971583786,0.8280987651021098,0.8277475463229225,0.910025159864742,0.8107720663526521,0.8454254638515675,,,,0.7435523114355231,0.7439105649764625,0.7435498240717955,0.7259541984732825,0.7618669314796425,,,,0.7445959104186952,0.7445453881766888,0.7445315570059996,0.8228096363655326,0.7315738025415445,0.7575169738118331,,,
apnea_binary,lstm,,120m,15,False,False,0.4094202299696902,0.5161345083145039,0.8115405587789899,0.7473140307920889,0.8286680261073252,2,47860,10275,10270,24,0,95.4976358572642,32,1440,1496,5.0,657922,512,128,True,5,,,,,,,,,,,,,,,,,,,,,,,,,,
apnea_binary,lstm,,120m,16,False,False,0.4013095962567853,0.5570234149998992,0.8156667600001695,0.7315113859472244,0.8242784288605713,2,47860,10275,10270,24,0,95.4976358572642,32,1440,1496,5.0,657922,512,128,True,5,,,,,,,,,,,,,,,,,,,,,,,,,,
apnea_binary,lstm,,120m,17,False,False,0.3924660673163399,0.5409790858416081,0.8220541301996687,0.739205333656769,0.8233264476905933,2,47860,10275,10270,24,0,95.4976358572642,32,1440,1496,5.0,657922,512,128,True,5,,,,,,,,,,,,,,,,,,,,,,,,,,
apnea_binary,lstm,,120m,18,False,False,0.3825028343625114,0.5527325988163914,0.8264643543979231,0.7346395839808364,0.8238316517204001,2,47860,10275,10270,24,0,95.4976358572642,32,1440,1496,5.0,657922,512,128,True,5,,,,,,,,,,,,,,,,,,,,,,,,,,
apnea_binary,lstm,,120m,19,False,False,0.3743438884049243,0.5558286532853932,0.8330616005049181,0.7346095461540212,0.8223298740874945,2,47860,10275,10270,24,0,95.4976358572642,32,1440,1496,5.0,657922,512,128,True,5,,,,,,,,,,,,,,,,,,,,,,,,,,
apnea_binary,lstm,,120m,20,False,False,0.3649031133219332,0.5800335339531121,0.8352603578896531,0.7380703396832857,0.8245473479536375,2,47860,10275,10270,24,0,95.4976358572642,32,1440,1496,5.0,657922,512,128,True,5,,,,,,,,,,,,,,,,,,,,,,,,,,
apnea_binary,lstm,,120m,21,False,False,0.3556856237292738,0.5504114211910832,0.8419080267991627,0.7463149177134107,0.8259250513580508,2,47860,10275,10270,24,0,95.4976358572642,32,1440,1496,5.0,657922,512,128,True,5,,,,,,,,,,,,,,,,,,,,,,,,,,
apnea_binary,lstm,,120m,22,False,False,0.3465518274119943,0.579781782703243,0.8472931952102312,0.7418418399448138,0.8189726494689844,2,47860,10275,10270,24,0,95.4976358572642,32,1440,1496,5.0,657922,512,128,True,5,,,,,,,,,,,,,,,,,,,,,,,,,,
apnea_binary,lstm,,120m,23,False,False,0.3344039272773829,0.5900060579173466,0.8530393638087965,0.7294478725259065,0.8104275794628442,2,47860,10275,10270,24,0,95.4976358572642,32,1440,1496,5.0,657922,512,128,True,5,,,,,,,,,,,,,,,,,,,,,,,,,,
apnea_binary,lstm,,120m,24,False,False,0.3248449915430808,0.5821668500853862,0.8582801863018825,0.739289761744127,0.8188571222814345,2,47860,10275,10270,24,0,95.4976358572642,32,1440,1496,5.0,657922,512,128,True,5,,,,,,,,,,,,,,,,,,,,,,,,,,
apnea_binary,lstm,,240m,1,False,False,0.6113030577893641,0.5800230710523842,0.6585133888897999,0.6864003502202143,0.7646088639068505,2,47856,10275,10270,30,0,186.97386546134948,32,2880,1496,4.999582114500627,657922,512,128,True,5,,,,,,,,,,,,,,,,,,,,,,,,,,
apnea_binary,lstm,,240m,2,False,False,0.54899548258681,0.5466023723284403,0.7205422002192283,0.7275690396233996,0.8042522760523663,2,47856,10275,10270,30,0,186.97386546134948,32,2880,1496,4.999582114500627,657922,512,128,True,5,,,,,,,,,,,,,,,,,,,,,,,,,,
apnea_binary,lstm,,240m,3,False,False,0.5210318748108402,0.5262403925694978,0.745318416039195,0.7407852096393945,0.8153166763950059,2,47856,10275,10270,30,0,186.97386546134948,32,2880,1496,4.999582114500627,657922,512,128,True,5,,,,,,,,,,,,,,,,,,,,,,,,,,
apnea_binary,lstm,,240m,4,False,False,0.504338504488115,0.5373996503770786,0.7564615474655028,0.7370042337227196,0.8270114352206311,2,47856,10275,10270,30,0,186.97386546134948,32,2880,1496,4.999582114500627,657922,512,128,True,5,,,,,,,,,,,,,,,,,,,,,,,,,,
apnea_binary,lstm,,240m,5,False,False,0.4873071548353665,0.5000691266477543,0.7684145998577367,0.7601033225437206,0.8401098038918411,2,47856,10275,10270,30,0,186.97386546134948,32,2880,1496,4.999582114500627,657922,512,128,True,5,,,,,,,,,,,,,,,,,,,,,,,,,,
apnea_binary,lstm,,240m,6,False,False,0.471942590007173,0.4891660401797932,0.7805477105001892,0.7695758507243191,0.8452096962483986,2,47856,10275,10270,30,0,186.97386546134948,32,2880,1496,4.999582114500627,657922,512,128,True,5,,,,,,,,,,,,,,,,,,,,,,,,,,
apnea_binary,lstm,,240m,7,False,False,0.4581875514521801,0.4898179614166854,0.7866732074461167,0.7680425949650158,0.8471723318450237,2,47856,10275,10270,30,0,186.97386546134948,32,2880,1496,4.999582114500627,657922,512,128,True,5,,,,,,,,,,,,,,,,,,,,,,,,,,
apnea_binary,lstm,,240m,8,False,False,0.4471615891379283,0.490521212400021,0.7957916758046745,0.7656766186314121,0.855570680806871,2,47856,10275,10270,30,0,186.97386546134948,32,2880,1496,4.999582114500627,657922,512,128,True,5,,,,,,,,,,,,,,,,,,,,,,,,,,
apnea_binary,lstm,,240m,9,False,False,0.4326479250334131,0.464911622157062,0.8032066826344717,0.785102564491309,0.8611083673825208,2,47856,10275,10270,30,0,186.97386546134948,32,2880,1496,4.999582114500627,657922,512,128,True,5,,,,,,,,,,,,,,,,,,,,,,,,,,
apnea_binary,lstm,,240m,10,False,False,0.4237340368213401,0.4666237188835794,0.8069873948042137,0.7831121083711727,0.8608821266402359,2,47856,10275,10270,30,0,186.97386546134948,32,2880,1496,4.999582114500627,657922,512,128,True,5,,,,,,,,,,,,,,,,,,,,,,,,,,
apnea_binary,lstm,,240m,11,False,False,0.411814753794423,0.4639803166575095,0.8161710452645311,0.7863369580872821,0.8631333527900119,2,47856,10275,10270,30,0,186.97386546134948,32,2880,1496,4.999582114500627,657922,512,128,True,5,,,,,,,,,,,,,,,,,,,,,,,,,,
apnea_binary,lstm,,240m,12,False,False,0.3990822040398995,0.463276533757103,0.8220121588745608,0.7844394581441361,0.8666917645185989,2,47856,10275,10270,30,0,186.97386546134948,32,2880,1496,4.999582114500627,657922,512,128,True,5,,,,,,,,,,,,,,,,,,,,,,,,,,
apnea_binary,lstm,,240m,13,False,False,0.3913275529233479,0.4684881028815778,0.8256828733536199,0.7850127352805173,0.8636555182425313,2,47856,10275,10270,30,0,186.97386546134948,32,2880,1496,4.999582114500627,657922,512,128,True,5,,,,,,,,,,,,,,,,,,,,,,,,,,
apnea_binary,lstm,,240m,14,False,False,0.3777507356689032,0.461597678584484,0.8343604432278082,0.7853220206645087,0.865644003426397,2,47856,10275,10270,30,0,186.97386546134948,32,2880,1496,4.999582114500627,657922,512,128,True,5,,,,,,,,,,,,,,,,,,,,,,,,,,
apnea_binary,lstm,,240m,15,False,False,0.3701365488711825,0.4717785401384906,0.8396334716125085,0.784005094112207,0.8625500504104853,2,47856,10275,10270,30,0,186.97386546134948,32,2880,1496,4.999582114500627,657922,512,128,True,5,,,,,,,,,,,,,,,,,,,,,,,,,,
apnea_binary,lstm,,240m,16,False,False,0.3586439033668203,0.4684578596501454,0.8431726878912371,0.7873049910170788,0.8639822388319928,2,47856,10275,10270,30,0,186.97386546134948,32,2880,1496,4.999582114500627,657922,512,128,True,5,,,,,,,,,,,,,,,,,,,,,,,,,,
apnea_binary,lstm,,240m,17,False,False,0.3493914422892041,0.4896715065293068,0.8478032022444959,0.7798784462957769,0.8635980957723417,2,47856,10275,10270,30,0,186.97386546134948,32,2880,1496,4.999582114500627,657922,512,128,True,5,,,,,,,,,,,,,,,,,,,,,,,,,,
apnea_binary,lstm,,240m,18,False,False,0.3400829064331896,0.485665584545936,0.8546934079306372,0.7825808083870919,0.8630619063502051,2,47856,10275,10270,30,0,186.97386546134948,32,2880,1496,4.999582114500627,657922,512,128,True,5,,,,,,,,,,,,,,,,,,,,,,,,,,
apnea_binary,lstm,,240m,19,False,False,0.3268619337405938,0.4979063499626452,0.8599868587417302,0.7832824806507122,0.86431964796046,2,47856,10275,10270,30,0,186.97386546134948,32,2880,1496,4.999582114500627,657922,512,128,True,5,,,,,,,,,,,,,,,,,,,,,,,,,,
apnea_binary,lstm,,240m,20,True,False,0.3180784289602131,0.4827662362031403,0.8635935259894902,0.7938358020573542,0.8691390988272929,2,47856,10275,10270,30,0,186.97386546134948,32,2880,1496,4.999582114500627,657922,512,128,True,5,0.8846539618856569,0.8844861801477294,0.8845744543259971,0.9522962015745904,0.8927298791726398,0.876242481122819,,,,0.7941605839416058,0.7938358020573542,0.793948043802441,0.8101145038167938,0.7775571002979146,,,,0.7762414800389484,0.7762889051334344,0.7762227330818582,0.8551591380783208,0.7884652981427175,0.7641125121241513,,,
apnea_binary,lstm,,240m,21,False,False,0.3088824620008947,0.4914636694993416,0.8686508136649901,0.7844582199413268,0.8665326872199943,2,47856,10275,10270,30,0,186.97386546134948,32,2880,1496,4.999582114500627,657922,512,128,True,5,,,,,,,,,,,,,,,,,,,,,,,,,,
apnea_binary,lstm,,240m,22,False,False,0.2989133146595532,0.4955941242487181,0.8750048721238187,0.784083268267168,0.8657643063441407,2,47856,10275,10270,30,0,186.97386546134948,32,2880,1496,4.999582114500627,657922,512,128,True,5,,,,,,,,,,,,,,,,,,,,,,,,,,
apnea_binary,lstm,,240m,23,False,False,0.2875104354540666,0.5089205950078013,0.8795305511801985,0.7862657959171298,0.8669358573951803,2,47856,10275,10270,30,0,186.97386546134948,32,2880,1496,4.999582114500627,657922,512,128,True,5,,,,,,,,,,,,,,,,,,,,,,,,,,
apnea_binary,lstm,,240m,24,False,False,0.2775111105311718,0.5182899734254591,0.8850825733581708,0.78012974067027,0.8639116452011493,2,47856,10275,10270,30,0,186.97386546134948,32,2880,1496,4.999582114500627,657922,512,128,True,5,,,,,,,,,,,,,,,,,,,,,,,,,,
apnea_binary,lstm,,240m,25,False,False,0.2672529332576409,0.5253652408160723,0.8899086331430592,0.7790117081194994,0.8617247208471994,2,47856,10275,10270,30,0,186.97386546134948,32,2880,1496,4.999582114500627,657922,512,128,True,5,,,,,,,,,,,,,,,,,,,,,,,,,,
apnea_binary,lstm,,240m,26,False,False,0.2555605671759315,0.539475228455815,0.8954658177148351,0.7786213111274514,0.8574640304130628,2,47856,10275,10270,30,0,186.97386546134948,32,2880,1496,4.999582114500627,657922,512,128,True,5,,,,,,,,,,,,,,,,,,,,,,,,,,
apnea_binary,lstm,,240m,27,False,False,0.24553565372844,0.5447083422911428,0.9001544795455674,0.7748713206031065,0.8595148843591046,2,47856,10275,10270,30,0,186.97386546134948,32,2880,1496,4.999582114500627,657922,512,128,True,5,,,,,,,,,,,,,,,,,,,,,,,,,,
apnea_binary,lstm,,240m,28,False,False,0.2391925487245097,0.5391648594509366,0.9038106713520596,0.7856160502437138,0.8633863527824314,2,47856,10275,10270,30,0,186.97386546134948,32,2880,1496,4.999582114500627,657922,512,128,True,5,,,,,,,,,,,,,,,,,,,,,,,,,,
apnea_binary,lstm,,240m,29,False,False,0.2304344962185061,0.5490417354791414,0.9086341215464436,0.780274528680913,0.8601187110076791,2,47856,10275,10270,30,0,186.97386546134948,32,2880,1496,4.999582114500627,657922,512,128,True,5,,,,,,,,,,,,,,,,,,,,,,,,,,
apnea_binary,lstm,,240m,30,False,False,0.2179257459552421,0.5792992970891242,0.9136665049745636,0.7802572829885459,0.8601461714562944,2,47856,10275,10270,30,0,186.97386546134948,32,2880,1496,4.999582114500627,657922,512,128,True,5,,,,,,,,,,,,,,,,,,,,,,,,,,
apnea_binary,mean_pool,,30s,1,False,False,0.6985237967803595,0.6432716826829887,0.5877083227148459,0.6300292987257139,0.6742810630927023,2,47860,10275,10270,16,0,23.572014009952547,32,6,1496,5.0,1026,512,128,True,5,,,,,,,,,,,,,,,,,,,,,,,,,,
apnea_binary,mean_pool,,30s,2,False,False,0.6505152444185894,0.6307449574424112,0.619393417834875,0.637693777147752,0.6913333194357058,2,47860,10275,10270,16,0,23.572014009952547,32,6,1496,5.0,1026,512,128,True,5,,,,,,,,,,,,,,,,,,,,,,,,,,
apnea_binary,mean_pool,,30s,3,False,False,0.6350857677641046,0.6314096908992805,0.6343391164728305,0.6438404451283761,0.692254978509214,2,47860,10275,10270,16,0,23.572014009952547,32,6,1496,5.0,1026,512,128,True,5,,,,,,,,,,,,,,,,,,,,,,,,,,
apnea_binary,mean_pool,,30s,4,False,False,0.6311098382256791,0.6321425941796779,0.639738833030731,0.6371504430816346,0.6923286233010151,2,47860,10275,10270,16,0,23.572014009952547,32,6,1496,5.0,1026,512,128,True,5,,,,,,,,,,,,,,,,,,,,,,,,,,
apnea_binary,mean_pool,,30s,5,False,False,0.6296597443661129,0.62759351633471,0.6415654312621463,0.6425581994739116,0.6961371923254773,2,47860,10275,10270,16,0,23.572014009952547,32,6,1496,5.0,1026,512,128,True,5,,,,,,,,,,,,,,,,,,,,,,,,,,
apnea_binary,mean_pool,,30s,6,True,False,0.6296169753010882,0.6268841677686594,0.6382351067004589,0.6479991206592024,0.6976782749759318,2,47860,10275,10270,16,0,23.572014009952547,32,6,1496,5.0,1026,512,128,True,5,0.6624320936063519,0.6614520098738722,0.6611394330294776,0.7205650603302609,0.7098095433135367,0.6130944764342077,,,,0.6485644768856448,0.6479991206592024,0.6479650256434673,0.6763358778625954,0.6196623634558094,,,,0.624634858812074,0.6247546963012687,0.6243332473433297,0.6781580771261945,0.6555229716520039,0.5939864209505334,,,
apnea_binary,mean_pool,,30s,7,False,False,0.6292590092775765,0.6293809895387821,0.6423056572200672,0.6414829021278532,0.69358249884397,2,47860,10275,10270,16,0,23.572014009952547,32,6,1496,5.0,1026,512,128,True,5,,,,,,,,,,,,,,,,,,,,,,,,,,
apnea_binary,mean_pool,,30s,8,False,False,0.6283472112616982,0.6295995939793088,0.6439532970856929,0.6451189952773335,0.6936886072303039,2,47860,10275,10270,16,0,23.572014009952547,32,6,1496,5.0,1026,512,128,True,5,,,,,,,,,,,,,,,,,,,,,,,,,,
apnea_binary,mean_pool,,30s,9,False,False,0.6280980930834498,0.6351999301631955,0.6423669507333187,0.6282303455960945,0.6949651864429907,2,47860,10275,10270,16,0,23.572014009952547,32,6,1496,5.0,1026,512,128,True,5,,,,,,,,,,,,,,,,,,,,,,,,,,
apnea_binary,mean_pool,,30s,10,False,False,0.6284374544224977,0.6297741647851438,0.641558508772585,0.64158211223724,0.6942489785243751,2,47860,10275,10270,16,0,23.572014009952547,32,6,1496,5.0,1026,512,128,True,5,,,,,,,,,,,,,,,,,,,,,,,,,,
apnea_binary,mean_pool,,30s,11,False,False,0.629212781549048,0.6292756320148198,0.6400319054705006,0.639507038516643,0.6952325136259921,2,47860,10275,10270,16,0,23.572014009952547,32,6,1496,5.0,1026,512,128,True,5,,,,,,,,,,,,,,,,,,,,,,,,,,
apnea_binary,mean_pool,,30s,12,False,False,0.6282452273309056,0.6292913808555789,0.6432241034360574,0.6423408279448442,0.6967604630184131,2,47860,10275,10270,16,0,23.572014009952547,32,6,1496,5.0,1026,512,128,True,5,,,,,,,,,,,,,,,,,,,,,,,,,,
apnea_binary,mean_pool,,30s,13,False,False,0.6266281570294289,0.6288398832822368,0.6457540615469157,0.6388014812344125,0.6962060803383945,2,47860,10275,10270,16,0,23.572014009952547,32,6,1496,5.0,1026,512,128,True,5,,,,,,,,,,,,,,,,,,,,,,,,,,
apnea_binary,mean_pool,,30s,14,False,False,0.627505186741889,0.6322931908110923,0.64267356242712,0.6308287597504492,0.6961052593676327,2,47860,10275,10270,16,0,23.572014009952547,32,6,1496,5.0,1026,512,128,True,5,,,,,,,,,,,,,,,,,,,,,,,,,,
apnea_binary,mean_pool,,30s,15,False,False,0.6272889475517576,0.6286639114278947,0.6432801690502523,0.6455453050023878,0.6960399721036712,2,47860,10275,10270,16,0,23.572014009952547,32,6,1496,5.0,1026,512,128,True,5,,,,,,,,,,,,,,,,,,,,,,,,,,
apnea_binary,mean_pool,,30s,16,False,False,0.6279534639497207,0.6304299663453207,0.6403337216478739,0.6389867302925324,0.6941936786009385,2,47860,10275,10270,16,0,23.572014009952547,32,6,1496,5.0,1026,512,128,True,5,,,,,,,,,,,,,,,,,,,,,,,,,,
apnea_binary,mean_pool,,10m,1,False,False,0.6720719740622919,0.624341521512563,0.6033698024059428,0.6476035120568235,0.7032865362311149,2,47860,10275,10270,23,0,29.542170214653016,32,120,1496,5.0,1026,512,128,True,5,,,,,,,,,,,,,,,,,,,,,,,,,,
apnea_binary,mean_pool,,10m,2,False,False,0.6316699548391334,0.6181142438009127,0.6421956180248001,0.6545675500504105,0.7106277242508547,2,47860,10275,10270,23,0,29.542170214653016,32,120,1496,5.0,1026,512,128,True,5,,,,,,,,,,,,,,,,,,,,,,,,,,
apnea_binary,mean_pool,,10m,3,False,False,0.619712869198413,0.6166200451491233,0.6534057534928983,0.6528408014130097,0.7131564544372597,2,47860,10275,10270,23,0,29.542170214653016,32,120,1496,5.0,1026,512,128,True,5,,,,,,,,,,,,,,,,,,,,,,,,,,
apnea_binary,mean_pool,,10m,4,False,False,0.6172625508609298,0.6161908928205208,0.6533384022553428,0.6512744756172442,0.7127900687553537,2,47860,10275,10270,23,0,29.542170214653016,32,120,1496,5.0,1026,512,128,True,5,,,,,,,,,,,,,,,,,,,,,,,,,,
apnea_binary,mean_pool,,10m,5,False,False,0.61481897371163,0.6154592282464615,0.6568132168625556,0.653662151201134,0.7141078670679291,2,47860,10275,10270,23,0,29.542170214653016,32,120,1496,5.0,1026,512,128,True,5,,,,,,,,,,,,,,,,,,,,,,,,,,
apnea_binary,mean_pool,,10m,6,False,False,0.6139885529134744,0.6184763938261064,0.658308343582767,0.6486049940492886,0.7132644769059333,2,47860,10275,10270,23,0,29.542170214653016,32,120,1496,5.0,1026,512,128,True,5,,,,,,,,,,,,,,,,,,,,,,,,,,
apnea_binary,mean_pool,,10m,7,False,False,0.6140155933563848,0.6169328963321491,0.6597848123374225,0.6513953849769173,0.7115374439988781,2,47860,10275,10270,23,0,29.542170214653016,32,120,1496,5.0,1026,512,128,True,5,,,,,,,,,,,,,,,,,,,,,,,,,,
apnea_binary,mean_pool,,10m,8,False,False,0.6138868657057125,0.617172918424119,0.6583432268156544,0.6528100055337827,0.7141899451928106,2,47860,10275,10270,23,0,29.542170214653016,32,120,1496,5.0,1026,512,128,True,5,,,,,,,,,,,,,,,,,,,,,,,,,,
apnea_binary,mean_pool,,10m,9,False,False,0.6131996711327649,0.6166458050961042,0.6598787354528904,0.6561267691048159,0.7135943813155242,2,47860,10275,10270,23,0,29.542170214653016,32,120,1496,5.0,1026,512,128,True,5,,,,,,,,,,,,,,,,,,,,,,,,,,
apnea_binary,mean_pool,,10m,10,False,False,0.6122430831530181,0.6158522851449729,0.6602531482368812,0.657282988545828,0.7142324529817992,2,47860,10275,10270,23,0,29.542170214653016,32,120,1496,5.0,1026,512,128,True,5,,,,,,,,,,,,,,,,,,,,,,,,,,
apnea_binary,mean_pool,,10m,11,False,False,0.6134742073269505,0.6155595366653155,0.6598848106471995,0.6537075395892872,0.7146081437570593,2,47860,10275,10270,23,0,29.542170214653016,32,120,1496,5.0,1026,512,128,True,5,,,,,,,,,,,,,,,,,,,,,,,,,,
apnea_binary,mean_pool,,10m,12,False,False,0.6127550119542697,0.6191311318102835,0.6616323221650647,0.6529232396127869,0.7120099001644974,2,47860,10275,10270,23,0,29.542170214653016,32,120,1496,5.0,1026,512,128,True,5,,,,,,,,,,,,,,,,,,,,,,,,,,
apnea_binary,mean_pool,,10m,13,True,False,0.6125095439913678,0.614122703545285,0.6617200259586807,0.6533608253674659,0.7161951264810449,2,47860,10275,10270,23,0,29.542170214653016,32,120,1496,5.0,1026,512,128,True,5,0.6799414960300878,0.6787525472905398,0.6782540698207526,0.7427222985006324,0.7374155232439075,0.6200895713371721,,,,0.6543065693430657,0.6533608253674659,0.653039209512571,0.7007633587786259,0.6059582919563059,,,,0.6363193768257059,0.6365182755877665,0.6354587658835946,0.6954293916923371,0.6875855327468231,0.58545101842871,,,
apnea_binary,mean_pool,,10m,14,False,False,0.6111858295388068,0.6169034285963017,0.6609685143773993,0.6535225748008218,0.7132645716624848,2,47860,10275,10270,23,0,29.542170214653016,32,120,1496,5.0,1026,512,128,True,5,,,,,,,,,,,,,,,,,,,,,,,,,,
apnea_binary,mean_pool,,10m,15,False,False,0.6114194753326435,0.6177469246636922,0.6601806957578067,0.652014713797312,0.7123115860730611,2,47860,10275,10270,23,0,29.542170214653016,32,120,1496,5.0,1026,512,128,True,5,,,,,,,,,,,,,,,,,,,,,,,,,,
apnea_binary,mean_pool,,10m,16,False,False,0.6118418864659868,0.6179487061964625,0.6596442879830778,0.6520690093013031,0.7148466649484146,2,47860,10275,10270,23,0,29.542170214653016,32,120,1496,5.0,1026,512,128,True,5,,,,,,,,,,,,,,,,,,,,,,,,,,
apnea_binary,mean_pool,,10m,17,False,False,0.6127308208425325,0.6152281697098066,0.6607193746332118,0.6509899216931858,0.7146501967146008,2,47860,10275,10270,23,0,29.542170214653016,32,120,1496,5.0,1026,512,128,True,5,,,,,,,,,,,,,,,,,,,,,,,,,,
apnea_binary,mean_pool,,10m,18,False,False,0.6115309937349982,0.6151534854147556,0.6611581818563776,0.6557917099388252,0.7151276939287583,2,47860,10275,10270,23,0,29.542170214653016,32,120,1496,5.0,1026,512,128,True,5,,,,,,,,,,,,,,,,,,,,,,,,,,
apnea_binary,mean_pool,,10m,19,False,False,0.6127556605115876,0.6163688563633429,0.658745744470514,0.6525119961794159,0.7132669405762715,2,47860,10275,10270,23,0,29.542170214653016,32,120,1496,5.0,1026,512,128,True,5,,,,,,,,,,,,,,,,,,,,,,,,,,
apnea_binary,mean_pool,,10m,20,False,False,0.6117909147407637,0.6145449396409548,0.6604748862779093,0.6552915848601772,0.7156018178096833,2,47860,10275,10270,23,0,29.542170214653016,32,120,1496,5.0,1026,512,128,True,5,,,,,,,,,,,,,,,,,,,,,,,,,,
apnea_binary,mean_pool,,10m,21,False,False,0.6118686903883013,0.6171338790640634,0.6617592897953726,0.6523852119135518,0.7139305965114427,2,47860,10275,10270,23,0,29.542170214653016,32,120,1496,5.0,1026,512,128,True,5,,,,,,,,,,,,,,,,,,,,,,,,,,
apnea_binary,mean_pool,,10m,22,False,False,0.6115020994406787,0.6157315707699806,0.6629617589884378,0.6518261482598906,0.7147271200830826,2,47860,10275,10270,23,0,29.542170214653016,32,120,1496,5.0,1026,512,128,True,5,,,,,,,,,,,,,,,,,,,,,,,,,,
apnea_binary,mean_pool,,10m,23,False,False,0.6111395016754715,0.6151512715126186,0.6620527771477658,0.6523690085432508,0.7148012765602614,2,47860,10275,10270,23,0,29.542170214653016,32,120,1496,5.0,1026,512,128,True,5,,,,,,,,,,,,,,,,,,,,,,,,,,
apnea_binary,mean_pool,,40m,1,False,False,0.6655507921475124,0.6075576664177461,0.6086560905875673,0.6589044626545479,0.72762651894752,2,47860,10275,10270,28,0,41.29635597467423,32,480,1496,5.0,1026,512,128,True,5,,,,,,,,,,,,,,,,,,,,,,,,,,
apnea_binary,mean_pool,,40m,2,False,False,0.6160745290847089,0.6004712890766543,0.6581841711532915,0.6690833061697886,0.7365764647467726,2,47860,10275,10270,28,0,41.29635597467423,32,480,1496,5.0,1026,512,128,True,5,,,,,,,,,,,,,,,,,,,,,,,,,,
apnea_binary,mean_pool,,40m,3,False,False,0.6044592257129862,0.5986881667564095,0.6697616877282866,0.6714093899952243,0.7409998711310899,2,47860,10275,10270,28,0,41.29635597467423,32,480,1496,5.0,1026,512,128,True,5,,,,,,,,,,,,,,,,,,,,,,,,,,
apnea_binary,mean_pool,,40m,4,False,False,0.59969511036837,0.5969462514764781,0.6736655743982665,0.6745637408370415,0.7404270488261557,2,47860,10275,10270,28,0,41.29635597467423,32,480,1496,5.0,1026,512,128,True,5,,,,,,,,,,,,,,,,,,,,,,,,,,
apnea_binary,mean_pool,,40m,5,False,False,0.5963927596720302,0.5969743304386046,0.6777758211371951,0.6780005609587847,0.7404612938438564,2,47860,10275,10270,28,0,41.29635597467423,32,480,1496,5.0,1026,512,128,True,5,,,,,,,,,,,,,,,,,,,,,,,,,,
apnea_binary,mean_pool,,40m,6,False,False,0.5964946251557155,0.5982089207642269,0.6790270185422704,0.672948236391064,0.7416523647444984,2,47860,10275,10270,28,0,41.29635597467423,32,480,1496,5.0,1026,512,128,True,5,,,,,,,,,,,,,,,,,,,,,,,,,,
apnea_binary,mean_pool,,40m,7,False,False,0.5961958194446524,0.595862327782197,0.6769351819568739,0.672213209821327,0.7411262195168173,2,47860,10275,10270,28,0,41.29635597467423,32,480,1496,5.0,1026,512,128,True,5,,,,,,,,,,,,,,,,,,,,,,,,,,
apnea_binary,mean_pool,,40m,8,False,False,0.5959009085496598,0.5941608420224666,0.6780859661395486,0.6759459546533046,0.7440242538869137,2,47860,10275,10270,28,0,41.29635597467423,32,480,1496,5.0,1026,512,128,True,5,,,,,,,,,,,,,,,,,,,,,,,,,,
apnea_binary,mean_pool,,40m,9,False,False,0.5953275285452617,0.5943639306082342,0.6781579862359943,0.6731638075456536,0.7440208805536814,2,47860,10275,10270,28,0,41.29635597467423,32,480,1496,5.0,1026,512,128,True,5,,,,,,,,,,,,,,,,,,,,,,,,,,
apnea_binary,mean_pool,,40m,10,False,False,0.5946382073891796,0.5963155563353332,0.6785723834943915,0.670544736463079,0.7410285444635643,2,47860,10275,10270,28,0,41.29635597467423,32,480,1496,5.0,1026,512,128,True,5,,,,,,,,,,,,,,,,,,,,,,,,,,
apnea_binary,mean_pool,,40m,11,False,False,0.5937013210186239,0.5943987838369217,0.680315785193533,0.6728245790913984,0.7428609845584724,2,47860,10275,10270,28,0,41.29635597467423,32,480,1496,5.0,1026,512,128,True,5,,,,,,,,,,,,,,,,,,,,,,,,,,
apnea_binary,mean_pool,,40m,12,False,False,0.5936456190508577,0.5946911854291485,0.6803657930834239,0.6804275605115337,0.7437402685021642,2,47860,10275,10270,28,0,41.29635597467423,32,480,1496,5.0,1026,512,128,True,5,,,,,,,,,,,,,,,,,,,,,,,,,,
apnea_binary,mean_pool,,40m,13,False,False,0.595535052614734,0.593967590639481,0.6771577672931541,0.6774484145333808,0.7447677137897314,2,47860,10275,10270,28,0,41.29635597467423,32,480,1496,5.0,1026,512,128,True,5,,,,,,,,,,,,,,,,,,,,,,,,,,
apnea_binary,mean_pool,,40m,14,False,False,0.5944676649929139,0.594556805606016,0.679625999508132,0.6744923891537862,0.7441078860192393,2,47860,10275,10270,28,0,41.29635597467423,32,480,1496,5.0,1026,512,128,True,5,,,,,,,,,,,,,,,,,,,,,,,,,,
apnea_binary,mean_pool,,40m,15,False,False,0.5927425523358212,0.5949602447054972,0.6826985672455659,0.6714703184578181,0.7452504984194608,2,47860,10275,10270,28,0,41.29635597467423,32,480,1496,5.0,1026,512,128,True,5,,,,,,,,,,,,,,,,,,,,,,,,,,
apnea_binary,mean_pool,,40m,16,False,False,0.5949239721220505,0.5949670586417771,0.6801811919059544,0.6795102223367724,0.7448196972338668,2,47860,10275,10270,28,0,41.29635597467423,32,480,1496,5.0,1026,512,128,True,5,,,,,,,,,,,,,,,,,,,,,,,,,,
apnea_binary,mean_pool,,40m,17,False,False,0.5930065941770756,0.5942961514779251,0.6791302619055137,0.6814232623543592,0.7451488625423562,2,47860,10275,10270,28,0,41.29635597467423,32,480,1496,5.0,1026,512,128,True,5,,,,,,,,,,,,,,,,,,,,,,,,,,
apnea_binary,mean_pool,,40m,18,True,False,0.5936975451378558,0.5941911510481451,0.6806662029253785,0.678101855712304,0.7453565499518637,2,47860,10275,10270,28,0,41.29635597467423,32,480,1496,5.0,1026,512,128,True,5,0.6980777267028834,0.6979900890039987,0.6979746875015372,0.7678959287332101,0.7023141511365963,0.6936660268714011,,,,0.677956204379562,0.678101855712304,0.6779437096151179,0.6708015267175572,0.6854021847070506,,,,0.6620253164556962,0.6620167761277238,0.6620176225770962,0.7268002575108109,0.6598240469208211,0.6642095053346265,,,
apnea_binary,mean_pool,,40m,19,False,False,0.5943563093812307,0.5939285887998966,0.6801201866477886,0.6788234268517326,0.7445199254076427,2,47860,10275,10270,28,0,41.29635597467423,32,480,1496,5.0,1026,512,128,True,5,,,,,,,,,,,,,,,,,,,,,,,,,,
apnea_binary,mean_pool,,40m,20,False,False,0.5949031028048144,0.5951211294756609,0.6793727674152258,0.671699913582025,0.7418554469856047,2,47860,10275,10270,28,0,41.29635597467423,32,480,1496,5.0,1026,512,128,True,5,,,,,,,,,,,,,,,,,,,,,,,,,,
apnea_binary,mean_pool,,40m,21,False,False,0.5931158420683896,0.5950033738114248,0.6821043992661375,0.673635031876104,0.742269173040624,2,47860,10275,10270,28,0,41.29635597467423,32,480,1496,5.0,1026,512,128,True,5,,,,,,,,,,,,,,,,,,,,,,,,,,
apnea_binary,mean_pool,,40m,22,False,False,0.591978450544798,0.5931386053069084,0.6814791521474546,0.6774984459925559,0.7448010112419172,2,47860,10275,10270,28,0,41.29635597467423,32,480,1496,5.0,1026,512,128,True,5,,,,,,,,,,,,,,,,,,,,,,,,,,
apnea_binary,mean_pool,,40m,23,False,False,0.5925046493804859,0.5933114775659974,0.6819035553513312,0.6757359741352518,0.7446488132689495,2,47860,10275,10270,28,0,41.29635597467423,32,480,1496,5.0,1026,512,128,True,5,,,,,,,,,,,,,,,,,,,,,,,,,,
apnea_binary,mean_pool,,40m,24,False,False,0.5929714918485307,0.5940421131637554,0.6821500265522241,0.6752385022400449,0.7440486252719513,2,47860,10275,10270,28,0,41.29635597467423,32,480,1496,5.0,1026,512,128,True,5,,,,,,,,,,,,,,,,,,,,,,,,,,
apnea_binary,mean_pool,,40m,25,False,False,0.59187492783778,0.5943336389476656,0.6822820779540457,0.6720762866044558,0.7435301932275598,2,47860,10275,10270,28,0,41.29635597467423,32,480,1496,5.0,1026,512,128,True,5,,,,,,,,,,,,,,,,,,,,,,,,,,
apnea_binary,mean_pool,,40m,26,False,False,0.5939810920249853,0.5935344457104258,0.6791267285969615,0.6739346520918457,0.744245226164937,2,47860,10275,10270,28,0,41.29635597467423,32,480,1496,5.0,1026,512,128,True,5,,,,,,,,,,,,,,,,,,,,,,,,,,
apnea_binary,mean_pool,,40m,27,False,False,0.5928406256888135,0.5936126707766178,0.6819042759890458,0.6764760228022166,0.7445434629350273,2,47860,10275,10270,28,0,41.29635597467423,32,480,1496,5.0,1026,512,128,True,5,,,,,,,,,,,,,,,,,,,,,,,,,,
apnea_binary,mean_pool,,40m,28,False,False,0.5917999634123028,0.5943109465863583,0.6834643736586039,0.6737938438563642,0.7435204712053791,2,47860,10275,10270,28,0,41.29635597467423,32,480,1496,5.0,1026,512,128,True,5,,,,,,,,,,,,,,,,,,,,,,,,,,
apnea_binary,mean_pool,,80m,1,False,False,0.6394531573753102,0.5858607056135099,0.6323399058550154,0.6891118089404702,0.7582421712137177,2,47860,10275,10270,33,0,66.6904937505722,32,960,1496,5.0,1026,512,128,True,5,,,,,,,,,,,,,,,,,,,,,,,,,,
apnea_binary,mean_pool,,80m,2,False,False,0.5968712651724603,0.5774664702612698,0.6760271740689918,0.696794670133493,0.763726699363994,2,47860,10275,10270,33,0,66.6904937505722,32,960,1496,5.0,1026,512,128,True,5,,,,,,,,,,,,,,,,,,,,,,,,,,
apnea_binary,mean_pool,,80m,3,False,False,0.5854658444905152,0.5732236332150852,0.6889639269287333,0.698495739745446,0.7691950620465899,2,47860,10275,10270,33,0,66.6904937505722,32,960,1496,5.0,1026,512,128,True,5,,,,,,,,,,,,,,,,,,,,,,,,,,
apnea_binary,mean_pool,,80m,4,False,False,0.5808679902050419,0.5719748569056936,0.6917040317321681,0.6981509206546541,0.7693129202453057,2,47860,10275,10270,33,0,66.6904937505722,32,960,1496,5.0,1026,512,128,True,5,,,,,,,,,,,,,,,,,,,,,,,,,,
apnea_binary,mean_pool,,80m,5,False,False,0.5781654351334466,0.5781052262011526,0.6941920399930347,0.6930008073258185,0.7695167984414442,2,47860,10275,10270,33,0,66.6904937505722,32,960,1496,5.0,1026,512,128,True,5,,,,,,,,,,,,,,,,,,,,,,,,,,
apnea_binary,mean_pool,,80m,6,False,False,0.5776953187738061,0.5708884370123963,0.6938864022520235,0.7016710317851376,0.7714414366609308,2,47860,10275,10270,33,0,66.6904937505722,32,960,1496,5.0,1026,512,128,True,5,,,,,,,,,,,,,,,,,,,,,,,,,,
apnea_binary,mean_pool,,80m,7,False,False,0.5777421624900604,0.5706700496023879,0.6970456998302832,0.6993394520797167,0.7714015252014523,2,47860,10275,10270,33,0,66.6904937505722,32,960,1496,5.0,1026,512,128,True,5,,,,,,,,,,,,,,,,,,,,,,,,,,
apnea_binary,mean_pool,,80m,8,False,False,0.5779964619533716,0.5704911175957561,0.6937999781362885,0.7016188209252787,0.7714929842249293,2,47860,10275,10270,33,0,66.6904937505722,32,960,1496,5.0,1026,512,128,True,5,,,,,,,,,,,,,,,,,,,,,,,,,,
apnea_binary,mean_pool,,80m,9,False,False,0.5764516839062475,0.5711196974652237,0.6936841520017983,0.6985829157727965,0.7711807234852218,2,47860,10275,10270,33,0,66.6904937505722,32,960,1496,5.0,1026,512,128,True,5,,,,,,,,,,,,,,,,,,,,,,,,,,
apnea_binary,mean_pool,,80m,10,False,False,0.5750919508849334,0.5696416874871637,0.6973562772152655,0.7015474692420234,0.772430619253015,2,47860,10275,10270,33,0,66.6904937505722,32,960,1496,5.0,1026,512,128,True,5,,,,,,,,,,,,,,,,,,,,,,,,,,
apnea_binary,mean_pool,,80m,11,False,False,0.5771374380643329,0.569386559843727,0.6956769991702184,0.7019529325257549,0.7721240439063957,2,47860,10275,10270,33,0,66.6904937505722,32,960,1496,5.0,1026,512,128,True,5,,,,,,,,,,,,,,,,,,,,,,,,,,
apnea_binary,mean_pool,,80m,12,False,False,0.5761100336143375,0.5695852802791734,0.6948463834053817,0.7005320580364927,0.7719073167218781,2,47860,10275,10270,33,0,66.6904937505722,32,960,1496,5.0,1026,512,128,True,5,,,,,,,,,,,,,,,,,,,,,,,,,,
apnea_binary,mean_pool,,80m,13,False,False,0.5772517271037885,0.5695990939674006,0.6942469700568915,0.7009578939787897,0.7730035363145008,2,47860,10275,10270,33,0,66.6904937505722,32,960,1496,5.0,1026,512,128,True,5,,,,,,,,,,,,,,,,,,,,,,,,,,
apnea_binary,mean_pool,,80m,14,False,False,0.5764095906876542,0.5707385690484894,0.6968555999686763,0.6985397067853272,0.7720687629342693,2,47860,10275,10270,33,0,66.6904937505722,32,960,1496,5.0,1026,512,128,True,5,,,,,,,,,,,,,,,,,,,,,,,,,,
apnea_binary,mean_pool,,80m,15,False,False,0.5765277491769579,0.5691518555186381,0.6953319534649725,0.7010708437881394,0.7722443089215187,2,47860,10275,10270,33,0,66.6904937505722,32,960,1496,5.0,1026,512,128,True,5,,,,,,,,,,,,,,,,,,,,,,,,,,
apnea_binary,mean_pool,,80m,16,False,False,0.5762241925049466,0.5709288268367739,0.6954765701680357,0.7006271936141665,0.7721244987378428,2,47860,10275,10270,33,0,66.6904937505722,32,960,1496,5.0,1026,512,128,True,5,,,,,,,,,,,,,,,,,,,,,,,,,,
apnea_binary,mean_pool,,80m,17,False,False,0.5746339289005262,0.5697331714978183,0.6950264598515041,0.6994477588180447,0.772718565461616,2,47860,10275,10270,33,0,66.6904937505722,32,960,1496,5.0,1026,512,128,True,5,,,,,,,,,,,,,,,,,,,,,,,,,,
apnea_binary,mean_pool,,80m,18,False,False,0.5756850293426896,0.5690611185296609,0.696262261814495,0.702527631010408,0.7726786729534479,2,47860,10275,10270,33,0,66.6904937505722,32,960,1496,5.0,1026,512,128,True,5,,,,,,,,,,,,,,,,,,,,,,,,,,
apnea_binary,mean_pool,,80m,19,False,False,0.5762114011688407,0.5706954259361954,0.6971308617381424,0.700900661021703,0.7720138988909693,2,47860,10275,10270,33,0,66.6904937505722,32,960,1496,5.0,1026,512,128,True,5,,,,,,,,,,,,,,,,,,,,,,,,,,
apnea_binary,mean_pool,,80m,20,False,False,0.5764109469635736,0.568995682879956,0.6959398222959805,0.7014598194319155,0.7733288355556904,2,47860,10275,10270,33,0,66.6904937505722,32,960,1496,5.0,1026,512,128,True,5,,,,,,,,,,,,,,,,,,,,,,,,,,
apnea_binary,mean_pool,,80m,21,False,False,0.5756838955990798,0.5689496992800358,0.6971184405644437,0.7025363486131431,0.7732000614022454,2,47860,10275,10270,33,0,66.6904937505722,32,960,1496,5.0,1026,512,128,True,5,,,,,,,,,,,,,,,,,,,,,,,,,,
apnea_binary,mean_pool,,80m,22,False,False,0.5750719647003028,0.5692512338062853,0.6954378828415155,0.7005677812563961,0.7729851156408954,2,47860,10275,10270,33,0,66.6904937505722,32,960,1496,5.0,1026,512,128,True,5,,,,,,,,,,,,,,,,,,,,,,,,,,
apnea_binary,mean_pool,,80m,23,True,False,0.5762636422363724,0.5694748470034913,0.6966775063681445,0.7010077359248619,0.7735129285838822,2,47860,10275,10270,33,0,66.6904937505722,32,960,1496,5.0,1026,512,128,True,5,0.7174049310488926,0.7170087708597868,0.7170763581243387,0.7905614095359237,0.7365553962727831,0.6974621454467904,,,,0.701021897810219,0.7010077359248619,0.7009573140364298,0.7017175572519084,0.7002979145978153,,,,0.6848101265822785,0.6848383399085818,0.6848035251802798,0.7534377977705783,0.6920821114369502,0.6775945683802134,,,
apnea_binary,mean_pool,,80m,24,False,False,0.5750832140022275,0.5691179557322296,0.6970780411774138,0.6987984869273862,0.7724944851687047,2,47860,10275,10270,33,0,66.6904937505722,32,960,1496,5.0,1026,512,128,True,5,,,,,,,,,,,,,,,,,,,,,,,,,,
apnea_binary,mean_pool,,80m,25,False,False,0.5762643859668402,0.5693140482322433,0.695748027843869,0.7024771257684757,0.7726543205197207,2,47860,10275,10270,33,0,66.6904937505722,32,960,1496,5.0,1026,512,128,True,5,,,,,,,,,,,,,,,,,,,,,,,,,,
apnea_binary,mean_pool,,80m,26,False,False,0.5736949811557621,0.5692558345655455,0.6987957532339054,0.7017193576263863,0.7725784963272361,2,47860,10275,10270,33,0,66.6904937505722,32,960,1496,5.0,1026,512,128,True,5,,,,,,,,,,,,,,,,,,,,,,,,,,
apnea_binary,mean_pool,,80m,27,False,False,0.5747271687527157,0.568960698347022,0.6962019597240385,0.7034442111327577,0.7733802883631375,2,47860,10275,10270,33,0,66.6904937505722,32,960,1496,5.0,1026,512,128,True,5,,,,,,,,,,,,,,,,,,,,,,,,,,
apnea_binary,mean_pool,,80m,28,False,False,0.573892699172693,0.5689762580887825,0.6973875004820629,0.7018834759735288,0.77332817225983,2,47860,10275,10270,33,0,66.6904937505722,32,960,1496,5.0,1026,512,128,True,5,,,,,,,,,,,,,,,,,,,,,,,,,,
apnea_binary,mean_pool,,80m,29,False,False,0.5751462715617593,0.5694618263035796,0.6970791767277519,0.700248262164846,0.7729611043307534,2,47860,10275,10270,33,0,66.6904937505722,32,960,1496,5.0,1026,512,128,True,5,,,,,,,,,,,,,,,,,,,,,,,,,,
apnea_binary,mean_pool,,80m,30,False,False,0.5734695188579727,0.5690417119476336,0.6989064781268766,0.7011640842347839,0.7731990948854204,2,47860,10275,10270,33,0,66.6904937505722,32,960,1496,5.0,1026,512,128,True,5,,,,,,,,,,,,,,,,,,,,,,,,,,
apnea_binary,mean_pool,,80m,31,False,False,0.5749409032376103,0.5691148427281066,0.6972038907273885,0.702119230273581,0.7732956707626766,2,47860,10275,10270,33,0,66.6904937505722,32,960,1496,5.0,1026,512,128,True,5,,,,,,,,,,,,,,,,,,,,,,,,,,
apnea_binary,mean_pool,,80m,32,False,False,0.5750034938235189,0.569138125334923,0.6979905737966432,0.7018359081846919,0.7731197267979109,2,47860,10275,10270,33,0,66.6904937505722,32,960,1496,5.0,1026,512,128,True,5,,,,,,,,,,,,,,,,,,,,,,,,,,
apnea_binary,mean_pool,,80m,33,False,False,0.570526035336137,0.5690570393676015,0.7009791151765561,0.7020837913233321,0.7731295056740223,2,47860,10275,10270,33,0,66.6904937505722,32,960,1496,5.0,1026,512,128,True,5,,,,,,,,,,,,,,,,,,,,,,,,,,
apnea_binary,mean_pool,,120m,1,False,False,0.6317956687713636,0.5761191497986045,0.643701868770824,0.6967028510351205,0.7674800253189505,2,47860,10275,10270,28,0,74.60218732357025,32,1440,1496,5.0,1026,512,128,True,5,,,,,,,,,,,,,,,,,,,,,,,,,,
apnea_binary,mean_pool,,120m,2,False,False,0.586005083337968,0.5630469514911772,0.686986204417317,0.7062087335218357,0.7819474176944594,2,47860,10275,10270,28,0,74.60218732357025,32,1440,1496,5.0,1026,512,128,True,5,,,,,,,,,,,,,,,,,,,,,,,,,,
apnea_binary,mean_pool,,120m,3,False,False,0.5730889701663925,0.5579535303730744,0.6963375619044174,0.7076181424683703,0.7854380405861261,2,47860,10275,10270,28,0,74.60218732357025,32,1440,1496,5.0,1026,512,128,True,5,,,,,,,,,,,,,,,,,,,,,,,,,,
apnea_binary,mean_pool,,120m,4,False,False,0.5693372805099631,0.5567969134080148,0.7005659975960399,0.711239927378579,0.7893611702813134,2,47860,10275,10270,28,0,74.60218732357025,32,1440,1496,5.0,1026,512,128,True,5,,,,,,,,,,,,,,,,,,,,,,,,,,
apnea_binary,mean_pool,,120m,5,False,False,0.5654646771700373,0.5550928180641211,0.7053266220561348,0.7109149124070437,0.7902890832872185,2,47860,10275,10270,28,0,74.60218732357025,32,1440,1496,5.0,1026,512,128,True,5,,,,,,,,,,,,,,,,,,,,,,,,,,
apnea_binary,mean_pool,,120m,6,False,False,0.5649300419133525,0.5524645186804797,0.7043375446091124,0.7148526156598467,0.7918797615167114,2,47860,10275,10270,28,0,74.60218732357025,32,1440,1496,5.0,1026,512,128,True,5,,,,,,,,,,,,,,,,,,,,,,,,,,
apnea_binary,mean_pool,,120m,7,False,False,0.5644366876380592,0.5536434034535485,0.7054990728449864,0.7156826830507061,0.7912719929955958,2,47860,10275,10270,28,0,74.60218732357025,32,1440,1496,5.0,1026,512,128,True,5,,,,,,,,,,,,,,,,,,,,,,,,,,
apnea_binary,mean_pool,,120m,8,False,False,0.5634820863137522,0.5519426717143279,0.7058222155312102,0.714443456870608,0.7925598861405276,2,47860,10275,10270,28,0,74.60218732357025,32,1440,1496,5.0,1026,512,128,True,5,,,,,,,,,,,,,,,,,,,,,,,,,,
apnea_binary,mean_pool,,120m,9,False,False,0.5647619099682761,0.5524112459980949,0.7055085372203047,0.7149149654707126,0.7923059385825936,2,47860,10275,10270,28,0,74.60218732357025,32,1440,1496,5.0,1026,512,128,True,5,,,,,,,,,,,,,,,,,,,,,,,,,,
apnea_binary,mean_pool,,120m,10,False,False,0.5633043607657194,0.5525663576450951,0.7090481786493215,0.7134307936050699,0.7930740730914135,2,47860,10275,10270,28,0,74.60218732357025,32,1440,1496,5.0,1026,512,128,True,5,,,,,,,,,,,,,,,,,,,,,,,,,,
apnea_binary,mean_pool,,120m,11,False,False,0.5662048179536397,0.5510705376599537,0.7057959493783889,0.7152961710772683,0.793692814421189,2,47860,10275,10270,28,0,74.60218732357025,32,1440,1496,5.0,1026,512,128,True,5,,,,,,,,,,,,,,,,,,,,,,,,,,
apnea_binary,mean_pool,,120m,12,False,False,0.5627368527329522,0.5520916172187694,0.7068129875687373,0.712467593259398,0.7912968571147009,2,47860,10275,10270,28,0,74.60218732357025,32,1440,1496,5.0,1026,512,128,True,5,,,,,,,,,,,,,,,,,,,,,,,,,,
apnea_binary,mean_pool,,120m,13,False,False,0.5627544441533995,0.5496654085811328,0.7068886851012781,0.7180546290470523,0.7946538922201082,2,47860,10275,10270,28,0,74.60218732357025,32,1440,1496,5.0,1026,512,128,True,5,,,,,,,,,,,,,,,,,,,,,,,,,,
apnea_binary,mean_pool,,120m,14,False,False,0.5621104161758279,0.5504054744342238,0.7090617353733583,0.7167231099858244,0.7936788473055028,2,47860,10275,10270,28,0,74.60218732357025,32,1440,1496,5.0,1026,512,128,True,5,,,,,,,,,,,,,,,,,,,,,,,,,,
apnea_binary,mean_pool,,120m,15,False,False,0.5637965756283612,0.5510086423115138,0.7049276377098272,0.7144847707270481,0.7935834085068642,2,47860,10275,10270,28,0,74.60218732357025,32,1440,1496,5.0,1026,512,128,True,5,,,,,,,,,,,,,,,,,,,,,,,,,,
apnea_binary,mean_pool,,120m,16,False,False,0.564092186630096,0.5523559714465825,0.7071890949432327,0.7140295602537959,0.7937838375645292,2,47860,10275,10270,28,0,74.60218732357025,32,1440,1496,5.0,1026,512,128,True,5,,,,,,,,,,,,,,,,,,,,,,,,,,
apnea_binary,mean_pool,,120m,17,False,False,0.5614111788592675,0.5519616339734581,0.7078551563615691,0.715036917152452,0.794162408938954,2,47860,10275,10270,28,0,74.60218732357025,32,1440,1496,5.0,1026,512,128,True,5,,,,,,,,,,,,,,,,,,,,,,,,,,
apnea_binary,mean_pool,,120m,18,True,False,0.5613154128511432,0.5500715858106776,0.7079893347365241,0.7176955017169887,0.7952895949725964,2,47860,10275,10270,28,0,74.60218732357025,32,1440,1496,5.0,1026,512,128,True,5,0.7295862933556205,0.7285744951812703,0.7284499583406252,0.805424502127781,0.7784968257218923,0.6786521646406484,,,,0.7184428223844282,0.7176955017169887,0.7176860034068301,0.7551526717557252,0.6802383316782522,,,,0.6998052580331061,0.6999778138697447,0.6992854184445443,0.7746924518802746,0.7442815249266862,0.6556741028128031,,,
apnea_binary,mean_pool,,120m,19,False,False,0.5609360209255602,0.5506662307226455,0.7073564619605704,0.7140382778565311,0.7940855234730929,2,47860,10275,10270,28,0,74.60218732357025,32,1440,1496,5.0,1026,512,128,True,5,,,,,,,,,,,,,,,,,,,,,,,,,,
apnea_binary,mean_pool,,120m,20,False,False,0.5604643718049559,0.5514223577100285,0.7108174315886606,0.7104239787138882,0.7931512428269291,2,47860,10275,10270,28,0,74.60218732357025,32,1440,1496,5.0,1026,512,128,True,5,,,,,,,,,,,,,,,,,,,,,,,,,,
apnea_binary,mean_pool,,120m,21,False,False,0.5620170535450444,0.551538324553311,0.7088118924614613,0.714517556493856,0.7935858911285125,2,47860,10275,10270,28,0,74.60218732357025,32,1440,1496,5.0,1026,512,128,True,5,,,,,,,,,,,,,,,,,,,,,,,,,,
apnea_binary,mean_pool,,120m,22,False,False,0.5627707943027607,0.5506940844111199,0.7064772621112667,0.7180849511435221,0.7944652508774457,2,47860,10275,10270,28,0,74.60218732357025,32,1440,1496,5.0,1026,512,128,True,5,,,,,,,,,,,,,,,,,,,,,,,,,,
apnea_binary,mean_pool,,120m,23,False,False,0.56222156822258,0.5502955472208287,0.7071054834983354,0.7168855227150406,0.7944558889301607,2,47860,10275,10270,28,0,74.60218732357025,32,1440,1496,5.0,1026,512,128,True,5,,,,,,,,,,,,,,,,,,,,,,,,,,
apnea_binary,mean_pool,,120m,24,False,False,0.562364641523142,0.5499976462981416,0.709054668756254,0.7163858714191499,0.7943053776238089,2,47860,10275,10270,28,0,74.60218732357025,32,1440,1496,5.0,1026,512,128,True,5,,,,,,,,,,,,,,,,,,,,,,,,,,
apnea_binary,mean_pool,,120m,25,False,False,0.560910211030878,0.5501907010612117,0.7075524928889436,0.715609151966767,0.7940795348590403,2,47860,10275,10270,28,0,74.60218732357025,32,1440,1496,5.0,1026,512,128,True,5,,,,,,,,,,,,,,,,,,,,,,,,,,
apnea_binary,mean_pool,,120m,26,False,False,0.5612673756322052,0.5497062312599517,0.7085059664653641,0.717200683005223,0.7947653638272549,2,47860,10275,10270,28,0,74.60218732357025,32,1440,1496,5.0,1026,512,128,True,5,,,,,,,,,,,,,,,,,,,,,,,,,,
apnea_binary,mean_pool,,120m,27,False,False,0.5618273394355902,0.5506631495250692,0.7070444782401695,0.7143655669853014,0.7945383081786275,2,47860,10275,10270,28,0,74.60218732357025,32,1440,1496,5.0,1026,512,128,True,5,,,,,,,,,,,,,,,,,,,,,,,,,,
apnea_binary,mean_pool,,120m,28,False,False,0.5616545450273936,0.5503014709421608,0.7083393200857411,0.715687326121728,0.7938768884980708,2,47860,10275,10270,28,0,74.60218732357025,32,1440,1496,5.0,1026,512,128,True,5,,,,,,,,,,,,,,,,,,,,,,,,,,
apnea_binary,mean_pool,,240m,1,False,False,0.6247215817023264,0.5520394509030084,0.648202473959943,0.7201118885359734,0.7982209646974991,2,47856,10275,10270,34,0,270.40310321648917,32,2880,1496,4.999582114500627,1026,512,128,True,5,,,,,,,,,,,,,,,,,,,,,,,,,,
apnea_binary,mean_pool,,240m,2,False,False,0.5667680225835441,0.5358500749525362,0.7016733573206566,0.7288877665501793,0.8098634558093346,2,47856,10275,10270,34,0,270.40310321648917,32,2880,1496,4.999582114500627,1026,512,128,True,5,,,,,,,,,,,,,,,,,,,,,,,,,,
apnea_binary,mean_pool,,240m,3,False,False,0.5531408891096756,0.5292410875584957,0.7123159671914279,0.734174992608989,0.8149883638954798,2,47856,10275,10270,34,0,270.40310321648917,32,2880,1496,4.999582114500627,1026,512,128,True,5,,,,,,,,,,,,,,,,,,,,,,,,,,
apnea_binary,mean_pool,,240m,4,False,False,0.5458859341354204,0.5272923400570296,0.7200804817980276,0.7354199041821752,0.818299309414253,2,47856,10275,10270,34,0,270.40310321648917,32,2880,1496,4.999582114500627,1026,512,128,True,5,,,,,,,,,,,,,,,,,,,,,,,,,,
apnea_binary,mean_pool,,240m,5,False,False,0.5456134349715547,0.521831091001376,0.7207775124203883,0.7376863861367375,0.8212877415344497,2,47856,10275,10270,34,0,270.40310321648917,32,2880,1496,4.999582114500627,1026,512,128,True,5,,,,,,,,,,,,,,,,,,,,,,,,,,
apnea_binary,mean_pool,,240m,6,False,False,0.5432465423392995,0.5209614917251606,0.7240257650365771,0.7384233078375039,0.8221112328206372,2,47856,10275,10270,34,0,270.40310321648917,32,2880,1496,4.999582114500627,1026,512,128,True,5,,,,,,,,,,,,,,,,,,,,,,,,,,
apnea_binary,mean_pool,,240m,7,False,False,0.5431747019031861,0.5202506343697689,0.7214079430081508,0.7401253250149715,0.8234285763017655,2,47856,10275,10270,34,0,270.40310321648917,32,2880,1496,4.999582114500627,1026,512,128,True,5,,,,,,,,,,,,,,,,,,,,,,,,,,
apnea_binary,mean_pool,,240m,8,False,False,0.5409708348296232,0.5190706606734988,0.7263252799261954,0.7416910822714282,0.8229665812594282,2,47856,10275,10270,34,0,270.40310321648917,32,2880,1496,4.999582114500627,1026,512,128,True,5,,,,,,,,,,,,,,,,,,,,,,,,,,
apnea_binary,mean_pool,,240m,9,False,False,0.5418110723799984,0.5177593551238958,0.722569188067806,0.7425117687636924,0.8241850936573754,2,47856,10275,10270,34,0,270.40310321648917,32,2880,1496,4.999582114500627,1026,512,128,True,5,,,,,,,,,,,,,,,,,,,,,,,,,,
apnea_binary,mean_pool,,240m,10,False,False,0.5397711312719031,0.5191528311321045,0.7244046020945409,0.7430648627546108,0.8223409795553264,2,47856,10275,10270,34,0,270.40310321648917,32,2880,1496,4.999582114500627,1026,512,128,True,5,,,,,,,,,,,,,,,,,,,,,,,,,,
apnea_binary,mean_pool,,240m,11,False,False,0.5400501644280554,0.5177864934928226,0.7251819612768395,0.7420771204621088,0.8238487078996642,2,47856,10275,10270,34,0,270.40310321648917,32,2880,1496,4.999582114500627,1026,512,128,True,5,,,,,,,,,,,,,,,,,,,,,,,,,,
apnea_binary,mean_pool,,240m,12,False,False,0.5396841048437072,0.5165342981391869,0.7260394786574593,0.742874970625469,0.8244678093043354,2,47856,10275,10270,34,0,270.40310321648917,32,2880,1496,4.999582114500627,1026,512,128,True,5,,,,,,,,,,,,,,,,,,,,,,,,,,
apnea_binary,mean_pool,,240m,13,False,False,0.5399428235173265,0.5236445195599484,0.724229706238126,0.7359754618434319,0.8253884071044673,2,47856,10275,10270,34,0,270.40310321648917,32,2880,1496,4.999582114500627,1026,512,128,True,5,,,,,,,,,,,,,,,,,,,,,,,,,,
apnea_binary,mean_pool,,240m,14,False,False,0.5378899204914325,0.5159170466617946,0.7259898973115215,0.7428266447842204,0.8250499367026237,2,47856,10275,10270,34,0,270.40310321648917,32,2880,1496,4.999582114500627,1026,512,128,True,5,,,,,,,,,,,,,,,,,,,,,,,,,,
apnea_binary,mean_pool,,240m,15,False,False,0.5399584582281607,0.5167517623588116,0.7256255829261247,0.7416405770294958,0.8240812215256562,2,47856,10275,10270,34,0,270.40310321648917,32,2880,1496,4.999582114500627,1026,512,128,True,5,,,,,,,,,,,,,,,,,,,,,,,,,,
apnea_binary,mean_pool,,240m,16,False,False,0.5392021679112999,0.5184590533702043,0.7287281553926489,0.7404992343670641,0.823092759083363,2,47856,10275,10270,34,0,270.40310321648917,32,2880,1496,4.999582114500627,1026,512,128,True,5,,,,,,,,,,,,,,,,,,,,,,,,,,
apnea_binary,mean_pool,,240m,17,False,False,0.5375657556288939,0.5166532558536298,0.7271631690276501,0.7432025440238939,0.8253256214134645,2,47856,10275,10270,34,0,270.40310321648917,32,2880,1496,4.999582114500627,1026,512,128,True,5,,,,,,,,,,,,,,,,,,,,,,,,,,
apnea_binary,mean_pool,,240m,18,False,False,0.5392402062564341,0.5177283062494004,0.7272127503735877,0.7429779709969146,0.8252452299551991,2,47856,10275,10270,34,0,270.40310321648917,32,2880,1496,4.999582114500627,1026,512,128,True,5,,,,,,,,,,,,,,,,,,,,,,,,,,
apnea_binary,mean_pool,,240m,19,False,False,0.5379814920079465,0.5167560827935119,0.7255734487768879,0.7422704238271034,0.8241865908108887,2,47856,10275,10270,34,0,270.40310321648917,32,2880,1496,4.999582114500627,1026,512,128,True,5,,,,,,,,,,,,,,,,,,,,,,,,,,
apnea_binary,mean_pool,,240m,20,False,False,0.5391611164527289,0.5174044098471203,0.7249293464509914,0.7436521638606093,0.8238507356898657,2,47856,10275,10270,34,0,270.40310321648917,32,2880,1496,4.999582114500627,1026,512,128,True,5,,,,,,,,,,,,,,,,,,,,,,,,,,
apnea_binary,mean_pool,,240m,21,False,False,0.5380809441413101,0.5166451296551094,0.7252997309518305,0.7443572473600825,0.8242590795727616,2,47856,10275,10270,34,0,270.40310321648917,32,2880,1496,4.999582114500627,1026,512,128,True,5,,,,,,,,,,,,,,,,,,,,,,,,,,
apnea_binary,mean_pool,,240m,22,False,False,0.537760725909354,0.5155651582534586,0.7281778262160021,0.7430692215559784,0.8254072636582094,2,47856,10275,10270,34,0,270.40310321648917,32,2880,1496,4.999582114500627,1026,512,128,True,5,,,,,,,,,,,,,,,,,,,,,,,,,,
apnea_binary,mean_pool,,240m,23,False,False,0.5368734983368009,0.5157786423446489,0.7284002608262558,0.7441037735849056,0.8252252931767703,2,47856,10275,10270,34,0,270.40310321648917,32,2880,1496,4.999582114500627,1026,512,128,True,5,,,,,,,,,,,,,,,,,,,,,,,,,,
apnea_binary,mean_pool,,240m,24,True,False,0.5379105807147828,0.5160516802005815,0.7269473715312442,0.7449958117604252,0.825524344853203,2,47856,10275,10270,34,0,270.40310321648917,32,2880,1496,4.999582114500627,1026,512,128,True,5,0.7526955867602808,0.7517502520019608,0.7517490595978804,0.8302498873800508,0.7981978292033586,0.7053026748005631,,,,0.7456934306569343,0.7449958117604252,0.7450604163392909,0.7799618320610687,0.7100297914597815,,,,0.7299902629016553,0.7301731371472618,0.7294639055016415,0.8104638702661292,0.7771260997067448,0.6832201745877788,,,
apnea_binary,mean_pool,,240m,25,False,False,0.5377669934642949,0.5159781434646198,0.7268353312484624,0.7434829286596876,0.8243509365737547,2,47856,10275,10270,34,0,270.40310321648917,32,2880,1496,4.999582114500627,1026,512,128,True,5,,,,,,,,,,,,,,,,,,,,,,,,,,
apnea_binary,mean_pool,,240m,26,False,False,0.5369716645562501,0.516009636296553,0.7282776126934886,0.743002702456848,0.8253113321255031,2,47856,10275,10270,34,0,270.40310321648917,32,2880,1496,4.999582114500627,1026,512,128,True,5,,,,,,,,,,,,,,,,,,,,,,,,,,
apnea_binary,mean_pool,,240m,27,False,False,0.5375182940504775,0.5165867360316924,0.7261239483151511,0.7454716791618972,0.8249040874186042,2,47856,10275,10270,34,0,270.40310321648917,32,2880,1496,4.999582114500627,1026,512,128,True,5,,,,,,,,,,,,,,,,,,,,,,,,,,
apnea_binary,mean_pool,,240m,28,False,False,0.5383401555147748,0.5160525642810366,0.7253124949683261,0.7459677297088321,0.8249887997756165,2,47856,10275,10270,34,0,270.40310321648917,32,2880,1496,4.999582114500627,1026,512,128,True,5,,,,,,,,,,,,,,,,,,,,,,,,,,
apnea_binary,mean_pool,,240m,29,False,False,0.5400188897453954,0.5160107421178888,0.7256529264023925,0.7448982125124131,0.8252156659111411,2,47856,10275,10270,34,0,270.40310321648917,32,2880,1496,4.999582114500627,1026,512,128,True,5,,,,,,,,,,,,,,,,,,,,,,,,,,
apnea_binary,mean_pool,,240m,30,False,False,0.5387843257007452,0.5159417646528741,0.7248713693351345,0.7437237998135191,0.8249080482424556,2,47856,10275,10270,34,0,270.40310321648917,32,2880,1496,4.999582114500627,1026,512,128,True,5,,,,,,,,,,,,,,,,,,,,,,,,,,
apnea_binary,mean_pool,,240m,31,False,False,0.5367356123672365,0.5159739190180517,0.7284872265000413,0.7418149290841969,0.8251394437411402,2,47856,10275,10270,34,0,270.40310321648917,32,2880,1496,4.999582114500627,1026,512,128,True,5,,,,,,,,,,,,,,,,,,,,,,,,,,
apnea_binary,mean_pool,,240m,32,False,False,0.5377900860294456,0.5162481573666389,0.7280479730973322,0.7445626795636651,0.8252828672574423,2,47856,10275,10270,34,0,270.40310321648917,32,2880,1496,4.999582114500627,1026,512,128,True,5,,,,,,,,,,,,,,,,,,,,,,,,,,
apnea_binary,mean_pool,,240m,33,False,False,0.537058562628205,0.5161586723826518,0.7276307872026765,0.7415381451973589,0.8250301894372976,2,47856,10275,10270,34,0,270.40310321648917,32,2880,1496,4.999582114500627,1026,512,128,True,5,,,,,,,,,,,,,,,,,,,,,,,,,,
apnea_binary,mean_pool,,240m,34,False,False,0.5384219376110624,0.5160841815605071,0.7271665159781766,0.7442147335066747,0.824957719626735,2,47856,10275,10270,34,0,270.40310321648917,32,2880,1496,4.999582114500627,1026,512,128,True,5,,,,,,,,,,,,,,,,,,,,,,,,,,
apnea_binary,transformer,,30s,1,False,False,0.6445588852140727,0.6267439429603354,0.6229464893303909,0.6402056785706164,0.6956224936892137,2,47860,10275,10270,36,0,21.11710950533549,32,6,1496,5.0,264322,512,128,True,5,,,,,,,,,,,,,,,,,,,,,,,,,,
apnea_binary,transformer,,30s,2,False,False,0.6187024432996103,0.6265500145730021,0.6501268780965311,0.6378242569191234,0.6996227552172958,2,47860,10275,10270,36,0,21.11710950533549,32,6,1496,5.0,264322,512,128,True,5,,,,,,,,,,,,,,,,,,,,,,,,,,
apnea_binary,transformer,,30s,3,False,False,0.6103059285861699,0.6500927283526047,0.660503061028799,0.6207706360817787,0.6931277052995444,2,47860,10275,10270,36,0,21.11710950533549,32,6,1496,5.0,264322,512,128,True,5,,,,,,,,,,,,,,,,,,,,,,,,,,
apnea_binary,transformer,,30s,4,False,False,0.6059724397406238,0.6200129844092395,0.6626729929049504,0.6439303690957192,0.7098440117649735,2,47860,10275,10270,36,0,21.11710950533549,32,6,1496,5.0,264322,512,128,True,5,,,,,,,,,,,,,,,,,,,,,,,,,,
apnea_binary,transformer,,30s,5,False,False,0.6023045868889537,0.6300330686163148,0.6653713094559417,0.6296867537921572,0.7057451465694338,2,47860,10275,10270,36,0,21.11710950533549,32,6,1496,5.0,264322,512,128,True,5,,,,,,,,,,,,,,,,,,,,,,,,,,
apnea_binary,transformer,,30s,6,False,False,0.601407578905108,0.618069408589616,0.6643000443694458,0.6419633178437958,0.7085682474586293,2,47860,10275,10270,36,0,21.11710950533549,32,6,1496,5.0,264322,512,128,True,5,,,,,,,,,,,,,,,,,,,,,,,,,,
apnea_binary,transformer,,30s,7,False,False,0.5990922968406533,0.6155354662475214,0.6664881843585191,0.6448939484675971,0.7093008861632693,2,47860,10275,10270,36,0,21.11710950533549,32,6,1496,5.0,264322,512,128,True,5,,,,,,,,,,,,,,,,,,,,,,,,,,
apnea_binary,transformer,,30s,8,False,False,0.5975188527204878,0.6129480708283519,0.6674086134200998,0.6457347233487724,0.7122429633784879,2,47860,10275,10270,36,0,21.11710950533549,32,6,1496,5.0,264322,512,128,True,5,,,,,,,,,,,,,,,,,,,,,,,,,,
apnea_binary,transformer,,30s,9,False,False,0.5962016421010989,0.6142372029106112,0.6696216306965811,0.6486196813147661,0.7115082779323362,2,47860,10275,10270,36,0,21.11710950533549,32,6,1496,5.0,264322,512,128,True,5,,,,,,,,,,,,,,,,,,,,,,,,,,
apnea_binary,transformer,,30s,10,False,False,0.5947552741719647,0.6145050483753501,0.6689530099224825,0.6455679518181887,0.7124633481658922,2,47860,10275,10270,36,0,21.11710950533549,32,6,1496,5.0,264322,512,128,True,5,,,,,,,,,,,,,,,,,,,,,,,,,,
apnea_binary,transformer,,30s,11,False,False,0.5940770306399912,0.6147400288164181,0.6701576060886811,0.6462857326955586,0.7123237528142695,2,47860,10275,10270,36,0,21.11710950533549,32,6,1496,5.0,264322,512,128,True,5,,,,,,,,,,,,,,,,,,,,,,,,,,
apnea_binary,transformer,,30s,12,False,False,0.5932752514054872,0.6127654888798141,0.6727910783478634,0.646785763017655,0.7143399448137844,2,47860,10275,10270,36,0,21.11710950533549,32,6,1496,5.0,264322,512,128,True,5,,,,,,,,,,,,,,,,,,,,,,,,,,
apnea_binary,transformer,,30s,13,False,False,0.5929543747644866,0.6130497030040063,0.672317370421805,0.6465961551581676,0.7134814125548641,2,47860,10275,10270,36,0,21.11710950533549,32,6,1496,5.0,264322,512,128,True,5,,,,,,,,,,,,,,,,,,,,,,,,,,
apnea_binary,transformer,,30s,14,False,False,0.5917800328644858,0.6209601608593098,0.6755314714063839,0.6391511329093293,0.7107458098652941,2,47860,10275,10270,36,0,21.11710950533549,32,6,1496,5.0,264322,512,128,True,5,,,,,,,,,,,,,,,,,,,,,,,,,,
apnea_binary,transformer,,30s,15,False,False,0.5901802947069879,0.6180730081010619,0.674518525564754,0.6389576400312318,0.711870513277288,2,47860,10275,10270,36,0,21.11710950533549,32,6,1496,5.0,264322,512,128,True,5,,,,,,,,,,,,,,,,,,,,,,,,,,
apnea_binary,transformer,,30s,16,False,False,0.5898067823873122,0.6261194955925582,0.6751508393005412,0.634995868614356,0.7083697893372347,2,47860,10275,10270,36,0,21.11710950533549,32,6,1496,5.0,264322,512,128,True,5,,,,,,,,,,,,,,,,,,,,,,,,,,
apnea_binary,transformer,,30s,17,False,False,0.589831154893444,0.6112940145176983,0.6746099242644702,0.6475081869660468,0.7154644208100548,2,47860,10275,10270,36,0,21.11710950533549,32,6,1496,5.0,264322,512,128,True,5,,,,,,,,,,,,,,,,,,,,,,,,,,
apnea_binary,transformer,,30s,18,False,False,0.5888618255129829,0.6159356147471425,0.6756046270531678,0.6401269358763464,0.7125784773759258,2,47860,10275,10270,36,0,21.11710950533549,32,6,1496,5.0,264322,512,128,True,5,,,,,,,,,,,,,,,,,,,,,,,,,,
apnea_binary,transformer,,30s,19,False,False,0.5874736835405611,0.6132845262889445,0.6779997036213617,0.6434321391481007,0.7153393990160479,2,47860,10275,10270,36,0,21.11710950533549,32,6,1496,5.0,264322,512,128,True,5,,,,,,,,,,,,,,,,,,,,,,,,,,
apnea_binary,transformer,,30s,20,False,False,0.586995542144058,0.6127086691235684,0.6779612870799223,0.6456420514414367,0.7142787510328463,2,47860,10275,10270,36,0,21.11710950533549,32,6,1496,5.0,264322,512,128,True,5,,,,,,,,,,,,,,,,,,,,,,,,,,
apnea_binary,transformer,,30s,21,False,False,0.5849634254870433,0.615118565855235,0.6789338335345223,0.6398678714646331,0.714179446166908,2,47860,10275,10270,36,0,21.11710950533549,32,6,1496,5.0,264322,512,128,True,5,,,,,,,,,,,,,,,,,,,,,,,,,,
apnea_binary,transformer,,30s,22,False,False,0.5848428914001982,0.615326713761564,0.6782282200244083,0.6417058642934572,0.7151996331026327,2,47860,10275,10270,36,0,21.11710950533549,32,6,1496,5.0,264322,512,128,True,5,,,,,,,,,,,,,,,,,,,,,,,,,,
apnea_binary,transformer,,30s,23,False,False,0.5846730475215497,0.6127783467850836,0.679945643825814,0.6454835237308307,0.715911235852847,2,47860,10275,10270,36,0,21.11710950533549,32,6,1496,5.0,264322,512,128,True,5,,,,,,,,,,,,,,,,,,,,,,,,,,
apnea_binary,transformer,,30s,24,False,False,0.582891352531355,0.6110022316216842,0.6821853596377455,0.6484565105331382,0.7160329601188626,2,47860,10275,10270,36,0,21.11710950533549,32,6,1496,5.0,264322,512,128,True,5,,,,,,,,,,,,,,,,,,,,,,,,,,
apnea_binary,transformer,,30s,25,False,False,0.5823171321736984,0.6101440180653203,0.6810273647104235,0.6528587104012371,0.717069331473578,2,47860,10275,10270,36,0,21.11710950533549,32,6,1496,5.0,264322,512,128,True,5,,,,,,,,,,,,,,,,,,,,,,,,,,
apnea_binary,transformer,,30s,26,True,False,0.5823604261182712,0.6099623576393963,0.6821425624925015,0.6513385310460365,0.7173732346854462,2,47860,10275,10270,36,0,21.11710950533549,32,6,1496,5.0,264322,512,128,True,5,0.6879648976180527,0.6865987721119493,0.6858876643629915,0.7630899355431056,0.7540036862584477,0.619193857965451,,,,0.6526520681265207,0.6513385310460365,0.6504799750094179,0.7171755725190839,0.5855014895729891,,,,0.6412852969814995,0.6415627758451825,0.6395820606428626,0.7013382977170093,0.7128054740957966,0.5703200775945684,,,
apnea_binary,transformer,,30s,27,False,False,0.5808129511266088,0.611090164590636,0.6828532597741295,0.6518036909571928,0.7170056929736122,2,47860,10275,10270,36,0,21.11710950533549,32,6,1496,5.0,264322,512,128,True,5,,,,,,,,,,,,,,,,,,,,,,,,,,
apnea_binary,transformer,,30s,28,False,False,0.5803719309299897,0.6140890940291458,0.6844716766885535,0.6444079421151179,0.715779884321202,2,47860,10275,10270,36,0,21.11710950533549,32,6,1496,5.0,264322,512,128,True,5,,,,,,,,,,,,,,,,,,,,,,,,,,
apnea_binary,transformer,,30s,29,False,False,0.578980626394397,0.6107755511085482,0.6842424571177976,0.6479386659793658,0.71687064593646,2,47860,10275,10270,36,0,21.11710950533549,32,6,1496,5.0,264322,512,128,True,5,,,,,,,,,,,,,,,,,,,,,,,,,,
apnea_binary,transformer,,30s,30,False,False,0.5792776943050166,0.6183436686395148,0.6851493294553417,0.639804289818598,0.7155031762396051,2,47860,10275,10270,36,0,21.11710950533549,32,6,1496,5.0,264322,512,128,True,5,,,,,,,,,,,,,,,,,,,,,,,,,,
apnea_binary,transformer,,30s,31,False,False,0.5778133503522924,0.6119430871166452,0.6870660292385868,0.645222753701191,0.7164556690949613,2,47860,10275,10270,36,0,21.11710950533549,32,6,1496,5.0,264322,512,128,True,5,,,,,,,,,,,,,,,,,,,,,,,,,,
apnea_binary,transformer,,30s,32,False,False,0.5779957531712019,0.6121278326441771,0.6870520576019264,0.6449447379791838,0.7164830726896456,2,47860,10275,10270,36,0,21.11710950533549,32,6,1496,5.0,264322,512,128,True,5,,,,,,,,,,,,,,,,,,,,,,,,,,
apnea_binary,transformer,,30s,33,False,False,0.5766740419552807,0.6120612168080035,0.6871020480218124,0.6449075934110085,0.7167741648157553,2,47860,10275,10270,36,0,21.11710950533549,32,6,1496,5.0,264322,512,128,True,5,,,,,,,,,,,,,,,,,,,,,,,,,,
apnea_binary,transformer,,30s,34,False,False,0.5764366678597784,0.6115869708652913,0.6883272675291521,0.6477773903287674,0.7168716882585262,2,47860,10275,10270,36,0,21.11710950533549,32,6,1496,5.0,264322,512,128,True,5,,,,,,,,,,,,,,,,,,,,,,,,,,
apnea_binary,transformer,,30s,35,False,False,0.5767021892412507,0.6107307525185773,0.6866588427248369,0.6500004737827574,0.7170276006883115,2,47860,10275,10270,36,0,21.11710950533549,32,6,1496,5.0,264322,512,128,True,5,,,,,,,,,,,,,,,,,,,,,,,,,,
apnea_binary,transformer,,30s,36,False,False,0.5762974896891268,0.6115244916378727,0.6874062794274048,0.6476662408938954,0.7167442217454916,2,47860,10275,10270,36,0,21.11710950533549,32,6,1496,5.0,264322,512,128,True,5,,,,,,,,,,,,,,,,,,,,,,,,,,
apnea_binary,transformer,,10m,1,False,False,0.6327299363384972,0.6140471840716917,0.6377293282123507,0.652820618267547,0.7142331352289697,2,47860,10275,10270,35,0,54.442782231171925,32,120,1496,5.0,264322,512,128,True,5,,,,,,,,,,,,,,,,,,,,,,,,,,
apnea_binary,transformer,,10m,2,False,False,0.6028221844481066,0.6121682354365532,0.668223672145304,0.6522372969367103,0.7197935444256616,2,47860,10275,10270,35,0,54.442782231171925,32,120,1496,5.0,264322,512,128,True,5,,,,,,,,,,,,,,,,,,,,,,,,,,
apnea_binary,transformer,,10m,3,False,False,0.5954394913447038,0.602887000100746,0.6729871442162468,0.6596641259276667,0.7265185495425155,2,47860,10275,10270,35,0,54.442782231171925,32,120,1496,5.0,264322,512,128,True,5,,,,,,,,,,,,,,,,,,,,,,,,,,
apnea_binary,transformer,,10m,4,False,False,0.5887942046786371,0.6029425336612693,0.6785338927054299,0.6561175777193236,0.7262874383134851,2,47860,10275,10270,35,0,54.442782231171925,32,120,1496,5.0,264322,512,128,True,5,,,,,,,,,,,,,,,,,,,,,,,,,,
apnea_binary,transformer,,10m,5,False,False,0.5839683951118029,0.6014897130034556,0.6829062768724166,0.6608068899383703,0.728273232411289,2,47860,10275,10270,35,0,54.442782231171925,32,120,1496,5.0,264322,512,128,True,5,,,,,,,,,,,,,,,,,,,,,,,,,,
apnea_binary,transformer,,10m,6,False,False,0.5818308319648937,0.598718529652505,0.6875642344794399,0.6579443892750745,0.7307646095651054,2,47860,10275,10270,35,0,54.442782231171925,32,120,1496,5.0,264322,512,128,True,5,,,,,,,,,,,,,,,,,,,,,,,,,,
apnea_binary,transformer,,10m,7,False,False,0.5782947562501065,0.5987786529998129,0.68719842130551,0.6627903340736978,0.7309636930797395,2,47860,10275,10270,35,0,54.442782231171925,32,120,1496,5.0,264322,512,128,True,5,,,,,,,,,,,,,,,,,,,,,,,,,,
apnea_binary,transformer,,10m,8,False,False,0.575586620644451,0.6003186060129291,0.6896858530562049,0.6581404405800617,0.7323570123638349,2,47860,10275,10270,35,0,54.442782231171925,32,120,1496,5.0,264322,512,128,True,5,,,,,,,,,,,,,,,,,,,,,,,,,,
apnea_binary,transformer,,10m,9,False,False,0.5735430877825429,0.6049099232535583,0.691013197846455,0.6604179142945943,0.7307176103155771,2,47860,10275,10270,35,0,54.442782231171925,32,120,1496,5.0,264322,512,128,True,5,,,,,,,,,,,,,,,,,,,,,,,,,,
apnea_binary,transformer,,10m,10,False,False,0.5725850731321224,0.5960291547119763,0.69262553956657,0.6604764738434016,0.7341284860935287,2,47860,10275,10270,35,0,54.442782231171925,32,120,1496,5.0,264322,512,128,True,5,,,,,,,,,,,,,,,,,,,,,,,,,,
apnea_binary,transformer,,10m,11,False,False,0.5707352219144022,0.6007298686643586,0.6933510557801106,0.6593234761251393,0.7303103466573679,2,47860,10275,10270,35,0,54.442782231171925,32,120,1496,5.0,264322,512,128,True,5,,,,,,,,,,,,,,,,,,,,,,,,,,
apnea_binary,transformer,,10m,12,False,False,0.5692304864569384,0.5947977664638899,0.695847807778581,0.6625770370763435,0.7364853657981912,2,47860,10275,10270,35,0,54.442782231171925,32,120,1496,5.0,264322,512,128,True,5,,,,,,,,,,,,,,,,,,,,,,,,,,
apnea_binary,transformer,,10m,13,False,False,0.5683205347503522,0.5979670970167267,0.6959811388582837,0.6583803641683785,0.7332628660445583,2,47860,10275,10270,35,0,54.442782231171925,32,120,1496,5.0,264322,512,128,True,5,,,,,,,,,,,,,,,,,,,,,,,,,,
apnea_binary,transformer,,10m,14,False,False,0.5660280748934015,0.5940051097678442,0.699934168652897,0.6645045748463049,0.737171251620337,2,47860,10275,10270,35,0,54.442782231171925,32,120,1496,5.0,264322,512,128,True,5,,,,,,,,,,,,,,,,,,,,,,,,,,
apnea_binary,transformer,,10m,15,False,False,0.5659523740653657,0.5942970147678162,0.6972703204221697,0.6656017609557525,0.7370992555925316,2,47860,10275,10270,35,0,54.442782231171925,32,120,1496,5.0,264322,512,128,True,5,,,,,,,,,,,,,,,,,,,,,,,,,,
apnea_binary,transformer,,10m,16,False,False,0.5648585983464471,0.5988511334022466,0.6993963545427495,0.6588189922451239,0.7340665721627992,2,47860,10275,10270,35,0,54.442782231171925,32,120,1496,5.0,264322,512,128,True,5,,,,,,,,,,,,,,,,,,,,,,,,,,
apnea_binary,transformer,,10m,17,False,False,0.5633376146827439,0.5967026025564421,0.6989363474682708,0.664959595806454,0.7346752692981192,2,47860,10275,10270,35,0,54.442782231171925,32,120,1496,5.0,264322,512,128,True,5,,,,,,,,,,,,,,,,,,,,,,,,,,
apnea_binary,transformer,,10m,18,False,False,0.5624576775090145,0.5953526687709084,0.7006673279937137,0.6648910868197426,0.7363961051267084,2,47860,10275,10270,35,0,54.442782231171925,32,120,1496,5.0,264322,512,128,True,5,,,,,,,,,,,,,,,,,,,,,,,,,,
apnea_binary,transformer,,10m,19,False,False,0.5617738193266072,0.6009265357241433,0.7010911721574238,0.656972755596322,0.7315535336613174,2,47860,10275,10270,35,0,54.442782231171925,32,120,1496,5.0,264322,512,128,True,5,,,,,,,,,,,,,,,,,,,,,,,,,,
apnea_binary,transformer,,10m,20,False,False,0.5613123069235932,0.595862546257149,0.7019360478140066,0.6638706535169842,0.7366330723106195,2,47860,10275,10270,35,0,54.442782231171925,32,120,1496,5.0,264322,512,128,True,5,,,,,,,,,,,,,,,,,,,,,,,,,,
apnea_binary,transformer,,10m,21,False,False,0.5586783139266283,0.5946151737314072,0.7029399441929418,0.6671267728950779,0.7380566378859434,2,47860,10275,10270,35,0,54.442782231171925,32,120,1496,5.0,264322,512,128,True,5,,,,,,,,,,,,,,,,,,,,,,,,,,
apnea_binary,transformer,,10m,22,False,False,0.5579752651358866,0.5948953682604787,0.7039551436652429,0.6699638788025805,0.7399421795522942,2,47860,10275,10270,35,0,54.442782231171925,32,120,1496,5.0,264322,512,128,True,5,,,,,,,,,,,,,,,,,,,,,,,,,,
apnea_binary,transformer,,10m,23,False,False,0.5572002819527954,0.5948218510533771,0.7052032401443948,0.6656765238748608,0.7385189361492454,2,47860,10275,10270,35,0,54.442782231171925,32,120,1496,5.0,264322,512,128,True,5,,,,,,,,,,,,,,,,,,,,,,,,,,
apnea_binary,transformer,,10m,24,False,False,0.5566016687840734,0.5943453941583053,0.7048840631493518,0.6660536549497033,0.7391220995019596,2,47860,10275,10270,35,0,54.442782231171925,32,120,1496,5.0,264322,512,128,True,5,,,,,,,,,,,,,,,,,,,,,,,,,,
apnea_binary,transformer,,10m,25,True,False,0.5552515005024218,0.5943018899984893,0.7076864528888335,0.6713019360658596,0.7399884207494105,2,47860,10275,10270,35,0,54.442782231171925,32,120,1496,5.0,264322,512,128,True,5,0.7123067279565399,0.7110611774687421,0.7106412313316308,0.7887684506730255,0.7725168953512185,0.6496054595862657,,,,0.6727007299270072,0.6713019360658596,0.6704024928170891,0.7414122137404581,0.6011916583912612,,,,0.6558909444985395,0.6562126379403685,0.6536722883936154,0.7247210188932913,0.7388074291300097,0.5736178467507275,,,
apnea_binary,transformer,,10m,26,False,False,0.5551466676364919,0.59645300325396,0.7060793390677752,0.6627708142240956,0.7387335407870101,2,47860,10275,10270,35,0,54.442782231171925,32,120,1496,5.0,264322,512,128,True,5,,,,,,,,,,,,,,,,,,,,,,,,,,
apnea_binary,transformer,,10m,27,False,False,0.553313396448278,0.5948006711040971,0.7082522452123123,0.667650208085387,0.7391788207736683,2,47860,10275,10270,35,0,54.442782231171925,32,120,1496,5.0,264322,512,128,True,5,,,,,,,,,,,,,,,,,,,,,,,,,,
apnea_binary,transformer,,10m,28,False,False,0.5524768267373286,0.6020298251154359,0.7089503771926986,0.6621510116209435,0.7378355898026789,2,47860,10275,10270,35,0,54.442782231171925,32,120,1496,5.0,264322,512,128,True,5,,,,,,,,,,,,,,,,,,,,,,,,,,
apnea_binary,transformer,,10m,29,False,False,0.5526773905335637,0.5951255966219009,0.708507460150809,0.6645485418861861,0.7382926006504089,2,47860,10275,10270,35,0,54.442782231171925,32,120,1496,5.0,264322,512,128,True,5,,,,,,,,,,,,,,,,,,,,,,,,,,
apnea_binary,transformer,,10m,30,False,False,0.5522640573993369,0.5951183218010441,0.7085088664862277,0.6638186321702282,0.7378437578174155,2,47860,10275,10270,35,0,54.442782231171925,32,120,1496,5.0,264322,512,128,True,5,,,,,,,,,,,,,,,,,,,,,,,,,,
apnea_binary,transformer,,10m,31,False,False,0.551427215220686,0.5975308324385733,0.7110152269875591,0.6659163527066261,0.7395173859320634,2,47860,10275,10270,35,0,54.442782231171925,32,120,1496,5.0,264322,512,128,True,5,,,,,,,,,,,,,,,,,,,,,,,,,,
apnea_binary,transformer,,10m,32,False,False,0.5497632215324925,0.5979494399310898,0.7112464294039055,0.6625683194736084,0.7378495190157447,2,47860,10275,10270,35,0,54.442782231171925,32,120,1496,5.0,264322,512,128,True,5,,,,,,,,,,,,,,,,,,,,,,,,,,
apnea_binary,transformer,,10m,33,False,False,0.5498661722640736,0.5952742020666164,0.7111496936176,0.6677325515286128,0.7398133106422979,2,47860,10275,10270,35,0,54.442782231171925,32,120,1496,5.0,264322,512,128,True,5,,,,,,,,,,,,,,,,,,,,,,,,,,
apnea_binary,transformer,,10m,34,False,False,0.5492417213112751,0.5951936208476696,0.7120708258468902,0.6655633845524079,0.7388554735174391,2,47860,10275,10270,35,0,54.442782231171925,32,120,1496,5.0,264322,512,128,True,5,,,,,,,,,,,,,,,,,,,,,,,,,,
apnea_binary,transformer,,10m,35,False,False,0.5493165939560606,0.5948567731247041,0.7105399685985392,0.6637106097015548,0.7382275787047916,2,47860,10275,10270,35,0,54.442782231171925,32,120,1496,5.0,264322,512,128,True,5,,,,,,,,,,,,,,,,,,,,,,,,,,
apnea_binary,transformer,,40m,1,False,False,0.609685397187985,0.5902773653619771,0.6601799751200921,0.6721829824814087,0.7501203408203644,2,47860,10275,10270,27,0,41.959178555011746,32,480,1496,5.0,264322,512,128,True,5,,,,,,,,,,,,,,,,,,,,,,,,,,
apnea_binary,transformer,,40m,2,False,False,0.5718318616352568,0.5687036663395355,0.6986885965894969,0.6967390480377813,0.7698984588794469,2,47860,10275,10270,27,0,41.959178555011746,32,480,1496,5.0,264322,512,128,True,5,,,,,,,,,,,,,,,,,,,,,,,,,,
apnea_binary,transformer,,40m,3,False,False,0.553086382808219,0.5555576173928533,0.7114132373810768,0.7049636324355466,0.7828242758704336,2,47860,10275,10270,27,0,41.959178555011746,32,480,1496,5.0,264322,512,128,True,5,,,,,,,,,,,,,,,,,,,,,,,,,,
apnea_binary,transformer,,40m,4,False,False,0.5419557714382575,0.5505443276860128,0.7195453064276036,0.7034237437176407,0.785790667616759,2,47860,10275,10270,27,0,41.959178555011746,32,480,1496,5.0,264322,512,128,True,5,,,,,,,,,,,,,,,,,,,,,,,,,,
apnea_binary,transformer,,40m,5,False,False,0.5339489145155387,0.5544061942721226,0.7253401857681738,0.7054116414108871,0.7873145803800874,2,47860,10275,10270,27,0,41.959178555011746,32,480,1496,5.0,264322,512,128,True,5,,,,,,,,,,,,,,,,,,,,,,,,,,
apnea_binary,transformer,,40m,6,False,False,0.5306527132525685,0.5577942566192933,0.7293514256201208,0.6972748015797812,0.7861679313507737,2,47860,10275,10270,27,0,41.959178555011746,32,480,1496,5.0,264322,512,128,True,5,,,,,,,,,,,,,,,,,,,,,,,,,,
apnea_binary,transformer,,40m,7,False,False,0.524411862044966,0.5533653678366157,0.7330180521494505,0.6999928932586399,0.7896099062289167,2,47860,10275,10270,27,0,41.959178555011746,32,480,1496,5.0,264322,512,128,True,5,,,,,,,,,,,,,,,,,,,,,,,,,,
apnea_binary,transformer,,40m,8,False,False,0.5215920922500141,0.5488946447610275,0.733915604239219,0.7038933571867159,0.7879331511480705,2,47860,10275,10270,27,0,41.959178555011746,32,480,1496,5.0,264322,512,128,True,5,,,,,,,,,,,,,,,,,,,,,,,,,,
apnea_binary,transformer,,40m,9,False,False,0.5186454444737599,0.5448409921989533,0.7364057220032139,0.7065385810774957,0.790823851361083,2,47860,10275,10270,27,0,41.959178555011746,32,480,1496,5.0,264322,512,128,True,5,,,,,,,,,,,,,,,,,,,,,,,,,,
apnea_binary,transformer,,40m,10,False,False,0.5151964509382538,0.5430138099164569,0.7373899864638032,0.7081522851489952,0.7929865559404777,2,47860,10275,10270,27,0,41.959178555011746,32,480,1496,5.0,264322,512,128,True,5,,,,,,,,,,,,,,,,,,,,,,,,,,
apnea_binary,transformer,,40m,11,False,False,0.5138167325617428,0.5469058607007465,0.7397685320395746,0.7052014713797312,0.7910573125525898,2,47860,10275,10270,27,0,41.959178555011746,32,480,1496,5.0,264322,512,128,True,5,,,,,,,,,,,,,,,,,,,,,,,,,,
apnea_binary,transformer,,40m,12,False,False,0.5115156295455952,0.5469527840759343,0.7405063602392814,0.706595150738722,0.790292342912589,2,47860,10275,10270,27,0,41.959178555011746,32,480,1496,5.0,264322,512,128,True,5,,,,,,,,,,,,,,,,,,,,,,,,,,
apnea_binary,transformer,,40m,13,False,False,0.5095290238868229,0.5428547612477973,0.7433622737072011,0.7095486176914272,0.7937381080527909,2,47860,10275,10270,27,0,41.959178555011746,32,480,1496,5.0,264322,512,128,True,5,,,,,,,,,,,,,,,,,,,,,,,,,,
apnea_binary,transformer,,40m,14,False,False,0.507788990403736,0.5506255135541995,0.7442269254096727,0.7085794476830127,0.793513743490225,2,47860,10275,10270,27,0,41.959178555011746,32,480,1496,5.0,264322,512,128,True,5,,,,,,,,,,,,,,,,,,,,,,,,,,
apnea_binary,transformer,,40m,15,False,False,0.5056705012662213,0.5529689600374866,0.7458490022901867,0.7009315516574816,0.7926433477110607,2,47860,10275,10270,27,0,41.959178555011746,32,480,1496,5.0,264322,512,128,True,5,,,,,,,,,,,,,,,,,,,,,,,,,,
apnea_binary,transformer,,40m,16,False,False,0.504672503620822,0.548492532553754,0.7455854585267099,0.7066151443710819,0.791058089556312,2,47860,10275,10270,27,0,41.959178555011746,32,480,1496,5.0,264322,512,128,True,5,,,,,,,,,,,,,,,,,,,,,,,,,,
apnea_binary,transformer,,40m,17,True,False,0.503324122290406,0.5424689585246019,0.7485521143576059,0.7131274778838209,0.7948123441254729,2,47860,10275,10270,27,0,41.959178555011746,32,480,1496,5.0,264322,512,128,True,5,0.7581069786878395,0.7572767834505942,0.7573375387072641,0.8399709089473374,0.798238787630555,0.7163147792706334,,,,0.7139659367396594,0.7131274778838209,0.7130579359342524,0.7551526717557252,0.6711022840119166,,,,0.7019474196689387,0.7021260760036143,0.7013918119412822,0.7802512152595066,0.7479960899315738,0.6562560620756547,,,
apnea_binary,transformer,,40m,18,False,False,0.5008582615573387,0.5483681508166367,0.7480952082090506,0.708716560412987,0.7930156841043989,2,47860,10275,10270,27,0,41.959178555011746,32,480,1496,5.0,264322,512,128,True,5,,,,,,,,,,,,,,,,,,,,,,,,,,
apnea_binary,transformer,,40m,19,False,False,0.4982177650335689,0.5482023388973988,0.7508730263862154,0.7074381997771326,0.7903506939969829,2,47860,10275,10270,27,0,41.959178555011746,32,480,1496,5.0,264322,512,128,True,5,,,,,,,,,,,,,,,,,,,,,,,,,,
apnea_binary,transformer,,40m,20,False,False,0.4976270878110727,0.5496927937829001,0.7511200566272749,0.704079459053799,0.7939021695460023,2,47860,10275,10270,27,0,41.959178555011746,32,480,1496,5.0,264322,512,128,True,5,,,,,,,,,,,,,,,,,,,,,,,,,,
apnea_binary,transformer,,40m,21,False,False,0.4962476881089392,0.5535633197927127,0.7512199108095089,0.7057731376547375,0.7889340646012265,2,47860,10275,10270,27,0,41.959178555011746,32,480,1496,5.0,264322,512,128,True,5,,,,,,,,,,,,,,,,,,,,,,,,,,
apnea_binary,transformer,,40m,22,False,False,0.4958964275456949,0.5515083086229589,0.7531155723389895,0.7049588946079732,0.7909269843917008,2,47860,10275,10270,27,0,41.959178555011746,32,480,1496,5.0,264322,512,128,True,5,,,,,,,,,,,,,,,,,,,,,,,,,,
apnea_binary,transformer,,40m,23,False,False,0.4941553762927496,0.5480281586948682,0.7548728190172538,0.7055605987097948,0.7904807568395279,2,47860,10275,10270,27,0,41.959178555011746,32,480,1496,5.0,264322,512,128,True,5,,,,,,,,,,,,,,,,,,,,,,,,,,
apnea_binary,transformer,,40m,24,False,False,0.4913580765945364,0.5492780740533721,0.755837739814583,0.7068533623414723,0.7916079049705496,2,47860,10275,10270,27,0,41.959178555011746,32,480,1496,5.0,264322,512,128,True,5,,,,,,,,,,,,,,,,,,,,,,,,,,
apnea_binary,transformer,,40m,25,False,False,0.4907754767454174,0.545065570257586,0.755200198179739,0.7120736902749456,0.7935837306791391,2,47860,10275,10270,27,0,41.959178555011746,32,480,1496,5.0,264322,512,128,True,5,,,,,,,,,,,,,,,,,,,,,,,,,,
apnea_binary,transformer,,40m,26,False,False,0.4892249184575382,0.5468363302583532,0.7576010616871562,0.7105856333906926,0.7920681564923399,2,47860,10275,10270,27,0,41.959178555011746,32,480,1496,5.0,264322,512,128,True,5,,,,,,,,,,,,,,,,,,,,,,,,,,
apnea_binary,transformer,,40m,27,False,False,0.4875336284523871,0.5473966074424939,0.7596486947918901,0.7081066124911877,0.7920376259314569,2,47860,10275,10270,27,0,41.959178555011746,32,480,1496,5.0,264322,512,128,True,5,,,,,,,,,,,,,,,,,,,,,,,,,,
apnea_binary,transformer,,80m,1,False,False,0.5835805819416165,0.5508478754338266,0.687854930998502,0.7115196487185125,0.7897493310187467,2,47860,10275,10270,29,0,107.15581687291463,32,960,1496,5.0,264322,512,128,True,5,,,,,,,,,,,,,,,,,,,,,,,,,,
apnea_binary,transformer,,80m,2,False,False,0.5317164458817036,0.539453216173353,0.7324561556371318,0.7227916985680389,0.8065797812260739,2,47860,10275,10270,29,0,107.15581687291463,32,960,1496,5.0,264322,512,128,True,5,,,,,,,,,,,,,,,,,,,,,,,,,,
apnea_binary,transformer,,80m,3,False,False,0.5129842361295965,0.5218013813315807,0.7449685052929966,0.7345114731232518,0.8153396074804611,2,47860,10275,10270,29,0,107.15581687291463,32,960,1496,5.0,264322,512,128,True,5,,,,,,,,,,,,,,,,,,,,,,,,,,
apnea_binary,transformer,,80m,4,False,False,0.5043833507786124,0.5202568484454839,0.7528652795744586,0.7322775874223943,0.818740837041473,2,47860,10275,10270,29,0,107.15581687291463,32,960,1496,5.0,264322,512,128,True,5,,,,,,,,,,,,,,,,,,,,,,,,,,
apnea_binary,transformer,,80m,5,False,False,0.494576290226162,0.511523784123488,0.7567044835501776,0.7396484152914333,0.8228482113753344,2,47860,10275,10270,29,0,107.15581687291463,32,960,1496,5.0,264322,512,128,True,5,,,,,,,,,,,,,,,,,,,,,,,,,,
apnea_binary,transformer,,80m,6,False,False,0.4885518152346135,0.5106178820046195,0.7591943305290918,0.7369326925263613,0.8243911133515771,2,47860,10275,10270,29,0,107.15581687291463,32,960,1496,5.0,264322,512,128,True,5,,,,,,,,,,,,,,,,,,,,,,,,,,
apnea_binary,transformer,,80m,7,False,False,0.4842818621955453,0.5083772182522609,0.7608559595013833,0.7410641729269162,0.826954941364646,2,47860,10275,10270,29,0,107.15581687291463,32,960,1496,5.0,264322,512,128,True,5,,,,,,,,,,,,,,,,,,,,,,,,,,
apnea_binary,transformer,,80m,8,False,False,0.4753639867701293,0.5023238329179676,0.7675379526036138,0.7444152383695808,0.8297209988098577,2,47860,10275,10270,29,0,107.15581687291463,32,960,1496,5.0,264322,512,128,True,5,,,,,,,,,,,,,,,,,,,,,,,,,,
apnea_binary,transformer,,80m,9,False,False,0.4730183362462657,0.5099697039133151,0.7693898430350605,0.7402372325022553,0.8265920806264545,2,47860,10275,10270,29,0,107.15581687291463,32,960,1496,5.0,264322,512,128,True,5,,,,,,,,,,,,,,,,,,,,,,,,,,
apnea_binary,transformer,,80m,10,False,False,0.4683270856171435,0.5024004093921968,0.7719857460480555,0.741172669178347,0.8298264818029518,2,47860,10275,10270,29,0,107.15581687291463,32,960,1496,5.0,264322,512,128,True,5,,,,,,,,,,,,,,,,,,,,,,,,,,
apnea_binary,transformer,,80m,11,False,False,0.4658494245991067,0.5054624271015761,0.772081507881571,0.744238706914196,0.8318685044383969,2,47860,10275,10270,29,0,107.15581687291463,32,960,1496,5.0,264322,512,128,True,5,,,,,,,,,,,,,,,,,,,,,,,,,,
apnea_binary,transformer,,80m,12,False,False,0.4627207383768756,0.5011396372289263,0.7756656410463363,0.7497111820311256,0.8302750403662909,2,47860,10275,10270,29,0,107.15581687291463,32,960,1496,5.0,264322,512,128,True,5,,,,,,,,,,,,,,,,,,,,,,,,,,
apnea_binary,transformer,,80m,13,False,False,0.459251798482007,0.5172600943966794,0.7785489562174155,0.7381370482955192,0.82768462366488,2,47860,10275,10270,29,0,107.15581687291463,32,960,1496,5.0,264322,512,128,True,5,,,,,,,,,,,,,,,,,,,,,,,,,,
apnea_binary,transformer,,80m,14,False,False,0.4561522795498446,0.5114819324451642,0.7798214976013464,0.7365860730610914,0.8313386447538983,2,47860,10275,10270,29,0,107.15581687291463,32,960,1496,5.0,264322,512,128,True,5,,,,,,,,,,,,,,,,,,,,,,,,,,
apnea_binary,transformer,,80m,15,False,False,0.4565981682453801,0.5095702481124813,0.7793288609246516,0.7364826936634399,0.8307738578045285,2,47860,10275,10270,29,0,107.15581687291463,32,960,1496,5.0,264322,512,128,True,5,,,,,,,,,,,,,,,,,,,,,,,,,,
apnea_binary,transformer,,80m,16,False,False,0.454251001016196,0.4986585552558992,0.783041944565315,0.7472703480218623,0.833906661006542,2,47860,10275,10270,29,0,107.15581687291463,32,960,1496,5.0,264322,512,128,True,5,,,,,,,,,,,,,,,,,,,,,,,,,,
apnea_binary,transformer,,80m,17,False,False,0.4519183483897917,0.5013971186844391,0.7819935564506313,0.7445134061569016,0.8327870175943966,2,47860,10275,10270,29,0,107.15581687291463,32,960,1496,5.0,264322,512,128,True,5,,,,,,,,,,,,,,,,,,,,,,,,,,
apnea_binary,transformer,,80m,18,False,False,0.4483531882012682,0.5006576711098933,0.7830155342849507,0.7470287188156189,0.8334091322574043,2,47860,10275,10270,29,0,107.15581687291463,32,960,1496,5.0,264322,512,128,True,5,,,,,,,,,,,,,,,,,,,,,,,,,,
apnea_binary,transformer,,80m,19,True,False,0.4457754823088496,0.5022202437695505,0.7860710294598008,0.7497301333414192,0.834451776495827,2,47860,10275,10270,29,0,107.15581687291463,32,960,1496,5.0,264322,512,128,True,5,0.7941496030087756,0.7933812439490999,0.7935477933422714,0.8780884984168026,0.8312922383780463,0.7554702495201535,,,,0.7506569343065693,0.7497301333414192,0.7497130183705513,0.7961832061068702,0.7032770605759682,,,,0.7410905550146056,0.7412720806513241,0.7405947275334751,0.8196864170632201,0.7878787878787878,0.6946653734238604,,,
apnea_binary,transformer,,80m,20,False,False,0.4453276575109822,0.5058272009406357,0.7870547348802237,0.7449482439715882,0.8310612354738207,2,47860,10275,10270,29,0,107.15581687291463,32,960,1496,5.0,264322,512,128,True,5,,,,,,,,,,,,,,,,,,,,,,,,,,
apnea_binary,transformer,,80m,21,False,False,0.443917260601388,0.5035961146772343,0.7879798153306895,0.7425794249414404,0.8318679927530188,2,47860,10275,10270,29,0,107.15581687291463,32,960,1496,5.0,264322,512,128,True,5,,,,,,,,,,,,,,,,,,,,,,,,,,
apnea_binary,transformer,,80m,22,False,False,0.4414253141508409,0.5027944334406053,0.7905039865023246,0.7434865294086432,0.8327454573709226,2,47860,10275,10270,29,0,107.15581687291463,32,960,1496,5.0,264322,512,128,True,5,,,,,,,,,,,,,,,,,,,,,,,,,,
apnea_binary,transformer,,80m,23,False,False,0.4393721787290895,0.5070866022608866,0.7907849085534762,0.7426135372999689,0.8329525193871904,2,47860,10275,10270,29,0,107.15581687291463,32,960,1496,5.0,264322,512,128,True,5,,,,,,,,,,,,,,,,,,,,,,,,,,
apnea_binary,transformer,,80m,24,False,False,0.4388312138476932,0.5040020897237634,0.7921242421347963,0.7452113829150147,0.8311378556213377,2,47860,10275,10270,29,0,107.15581687291463,32,960,1496,5.0,264322,512,128,True,5,,,,,,,,,,,,,,,,,,,,,,,,,,
apnea_binary,transformer,,80m,25,False,False,0.4381880143124141,0.5063984259520714,0.7921096939879642,0.7418243099827921,0.8328945473290021,2,47860,10275,10270,29,0,107.15581687291463,32,960,1496,5.0,264322,512,128,True,5,,,,,,,,,,,,,,,,,,,,,,,,,,
apnea_binary,transformer,,80m,26,False,False,0.4365565944305783,0.5004308321470182,0.7933305328914995,0.7460527263354988,0.8337368572663115,2,47860,10275,10270,29,0,107.15581687291463,32,960,1496,5.0,264322,512,128,True,5,,,,,,,,,,,,,,,,,,,,,,,,,,
apnea_binary,transformer,,80m,27,False,False,0.4342481786617912,0.5105701526180091,0.7938484442982205,0.7410428527028359,0.8289702426525769,2,47860,10275,10270,29,0,107.15581687291463,32,960,1496,5.0,264322,512,128,True,5,,,,,,,,,,,,,,,,,,,,,,,,,,
apnea_binary,transformer,,80m,28,False,False,0.4342727325623174,0.5042116243299777,0.7951336776409308,0.7452468218652637,0.8330677623050857,2,47860,10275,10270,29,0,107.15581687291463,32,960,1496,5.0,264322,512,128,True,5,,,,,,,,,,,,,,,,,,,,,,,,,,
apnea_binary,transformer,,80m,29,False,False,0.4327765357803212,0.5028414496714181,0.7945395096615024,0.7455814072484972,0.8339668314167241,2,47860,10275,10270,29,0,107.15581687291463,32,960,1496,5.0,264322,512,128,True,5,,,,,,,,,,,,,,,,,,,,,,,,,,
apnea_binary,transformer,,120m,1,False,False,0.5660584477864197,0.5197334901665829,0.6998170279005155,0.737947914218789,0.8203250339228454,2,47860,10275,10270,31,0,140.2738442103068,32,1440,1496,5.0,264322,512,128,True,5,,,,,,,,,,,,,,,,,,,,,,,,,,
apnea_binary,transformer,,120m,2,False,False,0.5114227062879723,0.4990115284020593,0.7469150045376154,0.7507169280684067,0.8352210291319542,2,47860,10275,10270,31,0,140.2738442103068,32,1440,1496,5.0,264322,512,128,True,5,,,,,,,,,,,,,,,,,,,,,,,,,,
apnea_binary,transformer,,120m,3,False,False,0.488528180989171,0.4923989899706666,0.7624732408654693,0.7598715480188301,0.8423865764078928,2,47860,10275,10270,31,0,140.2738442103068,32,1440,1496,5.0,264322,512,128,True,5,,,,,,,,,,,,,,,,,,,,,,,,,,
apnea_binary,transformer,,120m,4,False,False,0.4750309497553884,0.4839924872762675,0.7723806380456445,0.7635046089586635,0.8458814443930653,2,47860,10275,10270,31,0,140.2738442103068,32,1440,1496,5.0,264322,512,128,True,5,,,,,,,,,,,,,,,,,,,,,,,,,,
apnea_binary,transformer,,120m,5,False,False,0.4648010755452061,0.4817256991619611,0.7784652006449752,0.7656217545881122,0.8510541287324606,2,47860,10275,10270,31,0,140.2738442103068,32,1440,1496,5.0,264322,512,128,True,5,,,,,,,,,,,,,,,,,,,,,,,,,,
apnea_binary,transformer,,120m,6,False,False,0.4555013512449188,0.4768440797004096,0.7833583088895204,0.7663480635551142,0.8523669049478081,2,47860,10275,10270,31,0,140.2738442103068,32,1440,1496,5.0,264322,512,128,True,5,,,,,,,,,,,,,,,,,,,,,,,,,,
apnea_binary,transformer,,120m,7,False,False,0.4483724669363027,0.473837779972095,0.7878707850282229,0.7681801814777474,0.8547714092952388,2,47860,10275,10270,31,0,140.2738442103068,32,1440,1496,5.0,264322,512,128,True,5,,,,,,,,,,,,,,,,,,,,,,,,,,
apnea_binary,transformer,,120m,8,False,False,0.4434847671817248,0.507815206694777,0.7912831705718462,0.7498577704162466,0.8500550346050926,2,47860,10275,10270,31,0,140.2738442103068,32,1440,1496,5.0,264322,512,128,True,5,,,,,,,,,,,,,,,,,,,,,,,,,,
apnea_binary,transformer,,120m,9,False,False,0.4397020683445992,0.4755259100552603,0.7910843095026303,0.764322547510935,0.8537113867052768,2,47860,10275,10270,31,0,140.2738442103068,32,1440,1496,5.0,264322,512,128,True,5,,,,,,,,,,,,,,,,,,,,,,,,,,
apnea_binary,transformer,,120m,10,False,False,0.4341973970487334,0.4710133115436039,0.7954047029341353,0.7725469423955973,0.8552531516029018,2,47860,10275,10270,31,0,140.2738442103068,32,1440,1496,5.0,264322,512,128,True,5,,,,,,,,,,,,,,,,,,,,,,,,,,
apnea_binary,transformer,,120m,11,False,False,0.4302209872034768,0.4792675787587525,0.796308474345756,0.7597766019542591,0.8545821994132674,2,47860,10275,10270,31,0,140.2738442103068,32,1440,1496,5.0,264322,512,128,True,5,,,,,,,,,,,,,,,,,,,,,,,,,,
apnea_binary,transformer,,120m,12,False,False,0.426883571557903,0.4849699996756231,0.8005702602773093,0.7574054140103247,0.8524111183547232,2,47860,10275,10270,31,0,140.2738442103068,32,1440,1496,5.0,264322,512,128,True,5,,,,,,,,,,,,,,,,,,,,,,,,,,
apnea_binary,transformer,,120m,13,False,False,0.425237650802531,0.4697519667377727,0.8014380129057043,0.7713960293214673,0.8579782742178795,2,47860,10275,10270,31,0,140.2738442103068,32,1440,1496,5.0,264322,512,128,True,5,,,,,,,,,,,,,,,,,,,,,,,,,,
apnea_binary,transformer,,120m,14,False,False,0.4218926571947832,0.4704018643853728,0.8031057170723049,0.7682233904652167,0.8552805362462761,2,47860,10275,10270,31,0,140.2738442103068,32,1440,1496,5.0,264322,512,128,True,5,,,,,,,,,,,,,,,,,,,,,,,,,,
apnea_binary,transformer,,120m,15,False,False,0.4186774775516623,0.4662155060031408,0.8044110147159899,0.7715395854969412,0.8587283860306103,2,47860,10275,10270,31,0,140.2738442103068,32,1440,1496,5.0,264322,512,128,True,5,,,,,,,,,,,,,,,,,,,,,,,,,,
apnea_binary,transformer,,120m,16,False,False,0.4190169469636701,0.4738729846013433,0.805030042512821,0.7664573178589568,0.8557351781802194,2,47860,10275,10270,31,0,140.2738442103068,32,1440,1496,5.0,264322,512,128,True,5,,,,,,,,,,,,,,,,,,,,,,,,,,
apnea_binary,transformer,,120m,17,False,False,0.412583113006852,0.4768445408547301,0.808319714372403,0.7683786016965213,0.857617346513338,2,47860,10275,10270,31,0,140.2738442103068,32,1440,1496,5.0,264322,512,128,True,5,,,,,,,,,,,,,,,,,,,,,,,,,,
apnea_binary,transformer,,120m,18,False,False,0.4110565678499455,0.4680332067413051,0.8081803080983913,0.7708929667897237,0.8583041040957573,2,47860,10275,10270,31,0,140.2738442103068,32,1440,1496,5.0,264322,512,128,True,5,,,,,,,,,,,,,,,,,,,,,,,,,,
apnea_binary,transformer,,120m,19,False,False,0.4090465693308427,0.4762010647606676,0.8101646648442831,0.7671895964887012,0.8540998696149853,2,47860,10275,10270,31,0,140.2738442103068,32,1440,1496,5.0,264322,512,128,True,5,,,,,,,,,,,,,,,,,,,,,,,,,,
apnea_binary,transformer,,120m,20,False,False,0.4068314316728052,0.4756531648392225,0.8114243526718866,0.7684706103079968,0.8581424115163323,2,47860,10275,10270,31,0,140.2738442103068,32,1440,1496,5.0,264322,512,128,True,5,,,,,,,,,,,,,,,,,,,,,,,,,,
apnea_binary,transformer,,120m,21,True,False,0.4046476492859855,0.4686690635286688,0.8115083790294075,0.7704770802853309,0.859020653137958,2,47860,10275,10270,31,0,140.2738442103068,32,1440,1496,5.0,264322,512,128,True,5,0.8239030505641455,0.8234282203563383,0.8236191878134056,0.903827809164826,0.8468564407126766,0.8,,,,0.7709975669099757,0.7704770802853309,0.7706032523684023,0.7965648854961832,0.7443892750744786,,,,0.7584225900681597,0.7585323211148436,0.7582688485158491,0.8437347790346758,0.7867057673509287,0.7303588748787585,,,
apnea_binary,transformer,,120m,22,False,False,0.4034148311121813,0.4742182525782109,0.8137619398204616,0.7701815346013023,0.8576431961005784,2,47860,10275,10270,31,0,140.2738442103068,32,1440,1496,5.0,264322,512,128,True,5,,,,,,,,,,,,,,,,,,,,,,,,,,
apnea_binary,transformer,,120m,23,False,False,0.4008690703727189,0.4763309019499451,0.8151637024653715,0.7692717769506584,0.8562923656541612,2,47860,10275,10270,31,0,140.2738442103068,32,1440,1496,5.0,264322,512,128,True,5,,,,,,,,,,,,,,,,,,,,,,,,,,
apnea_binary,transformer,,120m,24,False,False,0.3997269350815856,0.4740210846624815,0.81547752490382,0.7704839027570366,0.857407763972801,2,47860,10275,10270,31,0,140.2738442103068,32,1440,1496,5.0,264322,512,128,True,5,,,,,,,,,,,,,,,,,,,,,,,,,,
apnea_binary,transformer,,120m,25,False,False,0.3975410753346565,0.4717382763453063,0.8196818214157544,0.7713013675265508,0.8578363857577113,2,47860,10275,10270,31,0,140.2738442103068,32,1440,1496,5.0,264322,512,128,True,5,,,,,,,,,,,,,,,,,,,,,,,,,,
apnea_binary,transformer,,120m,26,False,False,0.3957935884439242,0.4759240390813554,0.8194928571044855,0.7696399061531114,0.8559005852164618,2,47860,10275,10270,31,0,140.2738442103068,32,1440,1496,5.0,264322,512,128,True,5,,,,,,,,,,,,,,,,,,,,,,,,,,
apnea_binary,transformer,,120m,27,False,False,0.3940222302416703,0.4757105241175696,0.8209797816572544,0.7700854514581138,0.8578377692033627,2,47860,10275,10270,31,0,140.2738442103068,32,1440,1496,5.0,264322,512,128,True,5,,,,,,,,,,,,,,,,,,,,,,,,,,
apnea_binary,transformer,,120m,28,False,False,0.3933286932562865,0.4767051846528575,0.8194709540854633,0.7691407286399782,0.8560328274596907,2,47860,10275,10270,31,0,140.2738442103068,32,1440,1496,5.0,264322,512,128,True,5,,,,,,,,,,,,,,,,,,,,,,,,,,
apnea_binary,transformer,,120m,29,False,False,0.3907402277241877,0.4764205407574229,0.8208375627124052,0.7697466967866158,0.8568992813663137,2,47860,10275,10270,31,0,140.2738442103068,32,1440,1496,5.0,264322,512,128,True,5,,,,,,,,,,,,,,,,,,,,,,,,,,
apnea_binary,transformer,,120m,30,False,False,0.3892213036189057,0.4820745531717936,0.8229981743407814,0.7662611717974182,0.8566070142589659,2,47860,10275,10270,31,0,140.2738442103068,32,1440,1496,5.0,264322,512,128,True,5,,,,,,,,,,,,,,,,,,,,,,,,,,
apnea_binary,transformer,,120m,31,False,False,0.3872148741003962,0.4785694114715223,0.8241928912190382,0.7687834964409439,0.8577209533267129,2,47860,10275,10270,31,0,140.2738442103068,32,1440,1496,5.0,264322,512,128,True,5,,,,,,,,,,,,,,,,,,,,,,,,,,
apnea_binary,transformer,,240m,1,False,False,0.5289858266965317,0.4794251624888167,0.730461569988182,0.7700156158796819,0.856750134554303,2,47856,10275,10270,25,0,399.20932681560515,32,2880,1496,4.999582114500627,264322,512,128,True,5,,,,,,,,,,,,,,,,,,,,,,,,,,
apnea_binary,transformer,,240m,2,False,False,0.4612337004098156,0.4711286639398612,0.7811415509073316,0.7771818643541014,0.8707310278432652,2,47856,10275,10270,25,0,399.20932681560515,32,2880,1496,4.999582114500627,264322,512,128,True,5,,,,,,,,,,,,,,,,,,,,,,,,,,
apnea_binary,transformer,,240m,3,False,False,0.4373419093312487,0.4643049504548093,0.7949762517217116,0.7781865680693163,0.8760534654366002,2,47856,10275,10270,25,0,399.20932681560515,32,2880,1496,4.999582114500627,264322,512,128,True,5,,,,,,,,,,,,,,,,,,,,,,,,,,
apnea_binary,transformer,,240m,4,False,False,0.4162124421575802,0.4364235108670237,0.8076453392298605,0.7953557918994519,0.8839925862474132,2,47856,10275,10270,25,0,399.20932681560515,32,2880,1496,4.999582114500627,264322,512,128,True,5,,,,,,,,,,,,,,,,,,,,,,,,,,
apnea_binary,transformer,,240m,5,False,False,0.4028942289708331,0.4434175766761575,0.8172862830775971,0.7943414230159873,0.8886565037106666,2,47856,10275,10270,25,0,399.20932681560515,32,2880,1496,4.999582114500627,264322,512,128,True,5,,,,,,,,,,,,,,,,,,,,,,,,,,
apnea_binary,transformer,,240m,6,False,False,0.3917774867947705,0.4240421172940238,0.822574514707681,0.8048163807545654,0.888432935103133,2,47856,10275,10270,25,0,399.20932681560515,32,2880,1496,4.999582114500627,264322,512,128,True,5,,,,,,,,,,,,,,,,,,,,,,,,,,
apnea_binary,transformer,,240m,7,False,False,0.3797470916975545,0.4956810471553292,0.8302573396087097,0.7681927840990926,0.8883220888892258,2,47856,10275,10270,25,0,399.20932681560515,32,2880,1496,4.999582114500627,264322,512,128,True,5,,,,,,,,,,,,,,,,,,,,,,,,,,
apnea_binary,transformer,,240m,8,False,False,0.3718351231534837,0.43155443467653,0.8343938568195183,0.8051684960998204,0.8883578689630601,2,47856,10275,10270,25,0,399.20932681560515,32,2880,1496,4.999582114500627,264322,512,128,True,5,,,,,,,,,,,,,,,,,,,,,,,,,,
apnea_binary,transformer,,240m,9,False,False,0.3653051124213731,0.4243196109292571,0.8385354796369249,0.8051739919798055,0.8881644139875831,2,47856,10275,10270,25,0,399.20932681560515,32,2880,1496,4.999582114500627,264322,512,128,True,5,,,,,,,,,,,,,,,,,,,,,,,,,,
apnea_binary,transformer,,240m,10,False,False,0.3569518887390862,0.4307689722553077,0.8419775190286718,0.80562806537444,0.888692359589742,2,47856,10275,10270,25,0,399.20932681560515,32,2880,1496,4.999582114500627,264322,512,128,True,5,,,,,,,,,,,,,,,,,,,,,,,,,,
apnea_binary,transformer,,240m,11,False,False,0.3515379811331645,0.4545398946632143,0.8459204198255387,0.7932684945837155,0.8883421583268267,2,47856,10275,10270,25,0,399.20932681560515,32,2880,1496,4.999582114500627,264322,512,128,True,5,,,,,,,,,,,,,,,,,,,,,,,,,,
apnea_binary,transformer,,240m,12,False,False,0.3452968443966517,0.4245672913653427,0.8492925690193661,0.8035523283579826,0.8920967919221935,2,47856,10275,10270,25,0,399.20932681560515,32,2880,1496,4.999582114500627,264322,512,128,True,5,,,,,,,,,,,,,,,,,,,,,,,,,,
apnea_binary,transformer,,240m,13,False,False,0.33887025620259,0.4222942198541042,0.852486134683019,0.8075507705602766,0.8916534828718057,2,47856,10275,10270,25,0,399.20932681560515,32,2880,1496,4.999582114500627,264322,512,128,True,5,,,,,,,,,,,,,,,,,,,,,,,,,,
apnea_binary,transformer,,240m,14,False,False,0.3350591609128061,0.439793156504341,0.8541542544760309,0.8055005230561642,0.8934157841673174,2,47856,10275,10270,25,0,399.20932681560515,32,2880,1496,4.999582114500627,264322,512,128,True,5,,,,,,,,,,,,,,,,,,,,,,,,,,
apnea_binary,transformer,,240m,15,True,False,0.3293532903319575,0.4299759752616975,0.8573351129103939,0.8060185571230395,0.8944543349227164,2,47856,10275,10270,25,0,399.20932681560515,32,2880,1496,4.999582114500627,264322,512,128,True,5,0.8619399866265463,0.862966438857657,0.8617906652343243,0.9432685979867119,0.812533278722097,0.913399598993217,,,,0.8050608272506082,0.8060185571230395,0.8048619770988256,0.7580152671755725,0.8540218470705064,,,,0.7930866601752677,0.7928920000037925,0.7925023205178945,0.8819002325751175,0.7429130009775171,0.8428709990300679,,,
apnea_binary,transformer,,240m,16,False,False,0.3242853381379876,0.4432784001960662,0.8607797051054398,0.8020330018117452,0.8908443945814413,2,47856,10275,10270,25,0,399.20932681560515,32,2880,1496,4.999582114500627,264322,512,128,True,5,,,,,,,,,,,,,,,,,,,,,,,,,,
apnea_binary,transformer,,240m,17,False,False,0.3195739285687227,0.4354736018296866,0.8636005606137764,0.8091287514118726,0.8917457188990047,2,47856,10275,10270,25,0,399.20932681560515,32,2880,1496,4.999582114500627,264322,512,128,True,5,,,,,,,,,,,,,,,,,,,,,,,,,,
apnea_binary,transformer,,240m,18,False,False,0.3177954112455144,0.4437837817663114,0.8643310616150528,0.8032168901657861,0.891337014941213,2,47856,10275,10270,25,0,399.20932681560515,32,2880,1496,4.999582114500627,264322,512,128,True,5,,,,,,,,,,,,,,,,,,,,,,,,,,
apnea_binary,transformer,,240m,19,False,False,0.3104401370457525,0.4348330737218949,0.8677150103165316,0.810090435652721,0.8939436918668557,2,47856,10275,10270,25,0,399.20932681560515,32,2880,1496,4.999582114500627,264322,512,128,True,5,,,,,,,,,,,,,,,,,,,,,,,,,,
apnea_binary,transformer,,240m,20,False,False,0.3052026295504495,0.4367265196887826,0.8706764971551402,0.8049118006018936,0.8915251066958769,2,47856,10275,10270,25,0,399.20932681560515,32,2880,1496,4.999582114500627,264322,512,128,True,5,,,,,,,,,,,,,,,,,,,,,,,,,,
apnea_binary,transformer,,240m,21,False,False,0.3027985668010992,0.4353440531761977,0.8729120216006647,0.8060976788435152,0.8916806780020771,2,47856,10275,10270,25,0,399.20932681560515,32,2880,1496,4.999582114500627,264322,512,128,True,5,,,,,,,,,,,,,,,,,,,,,,,,,,
apnea_binary,transformer,,240m,22,False,False,0.2998452845703037,0.4369972352592904,0.8731467100162138,0.808141293389025,0.8920712266046074,2,47856,10275,10270,25,0,399.20932681560515,32,2880,1496,4.999582114500627,264322,512,128,True,5,,,,,,,,,,,,,,,,,,,,,,,,,,
apnea_binary,transformer,,240m,23,False,False,0.2935358091207381,0.4394162707027148,0.8767840676907683,0.8082762267183152,0.8923115671217507,2,47856,10275,10270,25,0,399.20932681560515,32,2880,1496,4.999582114500627,264322,512,128,True,5,,,,,,,,,,,,,,,,,,,,,,,,,,
apnea_binary,transformer,,240m,24,False,False,0.2906230848914044,0.4427592911837745,0.8773908424760224,0.8083287218478286,0.8926382498085917,2,47856,10275,10270,25,0,399.20932681560515,32,2880,1496,4.999582114500627,264322,512,128,True,5,,,,,,,,,,,,,,,,,,,,,,,,,,
apnea_binary,transformer,,240m,25,False,False,0.2880827726597612,0.4461430995104666,0.87916714451644,0.8095730648817059,0.8912111971921739,2,47856,10275,10270,25,0,399.20932681560515,32,2880,1496,4.999582114500627,264322,512,128,True,5,,,,,,,,,,,,,,,,,,,,,,,,,,
bmi_binary,lstm,,30s,1,False,False,0.6449071624874035,0.6507238024527756,0.624603553495801,0.6204075111212022,0.6779079526055989,2,43255,9285,9280,16,0,15.082325780391693,32,6,1352,5.0,657922,512,128,True,5,,,,,,,,,,,,,,,,,,,,,,,,,,
bmi_binary,lstm,,30s,2,False,False,0.6128890277167826,0.6325553297033603,0.6593816502281067,0.6336839980826964,0.6951939307808528,2,43255,9285,9280,16,0,15.082325780391693,32,6,1352,5.0,657922,512,128,True,5,,,,,,,,,,,,,,,,,,,,,,,,,,
bmi_binary,lstm,,30s,3,False,False,0.5986717662181816,0.620492624979733,0.674775273303506,0.63685637881884,0.7010131716519366,2,43255,9285,9280,16,0,15.082325780391693,32,6,1352,5.0,657922,512,128,True,5,,,,,,,,,,,,,,,,,,,,,,,,,,
bmi_binary,lstm,,30s,4,False,False,0.5864553997522419,0.6292393172371432,0.6835629847855547,0.6403621853898097,0.7038213207531303,2,43255,9285,9280,16,0,15.082325780391693,32,6,1352,5.0,657922,512,128,True,5,,,,,,,,,,,,,,,,,,,,,,,,,,
bmi_binary,lstm,,30s,5,False,False,0.5788783493902956,0.6292061679903769,0.6927776125362755,0.640740600586964,0.7021982559264025,2,43255,9285,9280,16,0,15.082325780391693,32,6,1352,5.0,657922,512,128,True,5,,,,,,,,,,,,,,,,,,,,,,,,,,
bmi_binary,lstm,,30s,6,True,False,0.5698876210877336,0.6199558996550807,0.6990262692067046,0.6430422059083226,0.7071935607748823,2,43255,9285,9280,16,0,15.082325780391693,32,6,1352,5.0,657922,512,128,True,5,0.7561900358340077,0.7152995192625129,0.7143705342801321,0.8035447186475211,0.820863189468422,0.6097358490566037,,,,0.7087775982767905,0.6430422059083226,0.644465586460208,0.8013698630136986,0.48471454880294657,,,,0.7104525862068966,0.649071603534249,0.6519370536516593,0.7174309443618232,0.8072981366459627,0.4908450704225352,,,
bmi_binary,lstm,,30s,7,False,False,0.562126569233386,0.6229553013574582,0.7069402458080887,0.6373020678288218,0.7033535995694475,2,43255,9285,9280,16,0,15.082325780391693,32,6,1352,5.0,657922,512,128,True,5,,,,,,,,,,,,,,,,,,,,,,,,,,
bmi_binary,lstm,,30s,8,False,False,0.555355691036149,0.6304483227660467,0.7115956145673834,0.6348562442712143,0.7015017477175958,2,43255,9285,9280,16,0,15.082325780391693,32,6,1352,5.0,657922,512,128,True,5,,,,,,,,,,,,,,,,,,,,,,,,,,
bmi_binary,lstm,,30s,9,False,False,0.547214712699484,0.6252930725172893,0.7172904893209622,0.6390734714128341,0.7038014469475908,2,43255,9285,9280,16,0,15.082325780391693,32,6,1352,5.0,657922,512,128,True,5,,,,,,,,,,,,,,,,,,,,,,,,,,
bmi_binary,lstm,,30s,10,False,False,0.5419483099407081,0.6379512711885994,0.7228329177841428,0.6409525130973704,0.6999850596074013,2,43255,9285,9280,16,0,15.082325780391693,32,6,1352,5.0,657922,512,128,True,5,,,,,,,,,,,,,,,,,,,,,,,,,,
bmi_binary,lstm,,30s,11,False,False,0.5333101658838468,0.6344285166128771,0.7323156706586638,0.6378242808008947,0.7041128686394712,2,43255,9285,9280,16,0,15.082325780391693,32,6,1352,5.0,657922,512,128,True,5,,,,,,,,,,,,,,,,,,,,,,,,,,
bmi_binary,lstm,,30s,12,False,False,0.5269652947650839,0.644388491380709,0.7350469450060211,0.63849912123582,0.7007559334101376,2,43255,9285,9280,16,0,15.082325780391693,32,6,1352,5.0,657922,512,128,True,5,,,,,,,,,,,,,,,,,,,,,,,,,,
bmi_binary,lstm,,30s,13,False,False,0.5220728178697299,0.6510582443521301,0.738712264936976,0.6375341624830764,0.6955546025098738,2,43255,9285,9280,16,0,15.082325780391693,32,6,1352,5.0,657922,512,128,True,5,,,,,,,,,,,,,,,,,,,,,,,,,,
bmi_binary,lstm,,30s,14,False,False,0.5145816629311347,0.6516216299773931,0.7440205311693333,0.6423013530445605,0.6984807610910692,2,43255,9285,9280,16,0,15.082325780391693,32,6,1352,5.0,657922,512,128,True,5,,,,,,,,,,,,,,,,,,,,,,,,,,
bmi_binary,lstm,,30s,15,False,False,0.5083608573212842,0.6362592556557478,0.7486140863315234,0.641280052473574,0.7054681836911458,2,43255,9285,9280,16,0,15.082325780391693,32,6,1352,5.0,657922,512,128,True,5,,,,,,,,,,,,,,,,,,,,,,,,,,
bmi_binary,lstm,,30s,16,False,False,0.5000746562100328,0.6497579038496228,0.7547423228204104,0.6369741079912881,0.6966018315295541,2,43255,9285,9280,16,0,15.082325780391693,32,6,1352,5.0,657922,512,128,True,5,,,,,,,,,,,,,,,,,,,,,,,,,,
bmi_binary,lstm,,10m,1,False,False,0.6395217473252552,0.6394998556513521,0.6296142403938967,0.6310439213905497,0.6949304136498566,2,43255,9285,9280,19,0,19.260308078924815,32,120,1352,5.0,657922,512,128,True,5,,,,,,,,,,,,,,,,,,,,,,,,,,
bmi_binary,lstm,,10m,2,False,False,0.6086107851962604,0.6406883726340824,0.6634057279761549,0.6310805015262746,0.6964170247595661,2,43255,9285,9280,19,0,19.260308078924815,32,120,1352,5.0,657922,512,128,True,5,,,,,,,,,,,,,,,,,,,,,,,,,,
bmi_binary,lstm,,10m,3,False,False,0.5904277718007916,0.6192849083683731,0.6834212914199835,0.6457579656399002,0.7097111430661722,2,43255,9285,9280,19,0,19.260308078924815,32,120,1352,5.0,657922,512,128,True,5,,,,,,,,,,,,,,,,,,,,,,,,,,
bmi_binary,lstm,,10m,4,False,False,0.5785956753938684,0.6176516427618878,0.6948364203450368,0.6510557784000606,0.7145708070895387,2,43255,9285,9280,19,0,19.260308078924815,32,120,1352,5.0,657922,512,128,True,5,,,,,,,,,,,,,,,,,,,,,,,,,,
bmi_binary,lstm,,10m,5,False,False,0.5672552363967057,0.6106075592206638,0.7036942270627851,0.6528902511835987,0.7193043327138536,2,43255,9285,9280,19,0,19.260308078924815,32,120,1352,5.0,657922,512,128,True,5,,,,,,,,,,,,,,,,,,,,,,,,,,
bmi_binary,lstm,,10m,6,False,False,0.5605139441482456,0.6289739144188651,0.7085124617595181,0.6518294272475761,0.7144301207284632,2,43255,9285,9280,19,0,19.260308078924815,32,120,1352,5.0,657922,512,128,True,5,,,,,,,,,,,,,,,,,,,,,,,,,,
bmi_binary,lstm,,10m,7,False,False,0.5514061562753995,0.6217749947813421,0.717967697207698,0.6539237451331601,0.7174099021446331,2,43255,9285,9280,19,0,19.260308078924815,32,120,1352,5.0,657922,512,128,True,5,,,,,,,,,,,,,,,,,,,,,,,,,,
bmi_binary,lstm,,10m,8,False,False,0.5441187709173761,0.6238428836877974,0.7217673972576897,0.6489131074615068,0.7191800723754104,2,43255,9285,9280,19,0,19.260308078924815,32,120,1352,5.0,657922,512,128,True,5,,,,,,,,,,,,,,,,,,,,,,,,,,
bmi_binary,lstm,,10m,9,True,False,0.5325316752213134,0.6215794841448467,0.7323308316538438,0.6550165241302757,0.7204929488634929,2,43255,9285,9280,19,0,19.260308078924815,32,120,1352,5.0,657922,512,128,True,5,0.7592417061611374,0.7597905757845391,0.7366502087379023,0.8389262405951209,0.7583736043992668,0.7612075471698113,,,,0.673882606354335,0.6550165241302757,0.6373496744645076,0.7004566210045662,0.6095764272559853,,,,0.6821120689655172,0.662901320969294,0.6491096927500084,0.7270420894934826,0.7124223602484472,0.6133802816901408,,,
bmi_binary,lstm,,10m,10,False,False,0.5244209402917424,0.6438191381782117,0.7376996412547594,0.6525538821194614,0.7146714655319817,2,43255,9285,9280,19,0,19.260308078924815,32,120,1352,5.0,657922,512,128,True,5,,,,,,,,,,,,,,,,,,,,,,,,,,
bmi_binary,lstm,,10m,11,False,False,0.5150927933312994,0.6405207144167709,0.74620179655592,0.6497178704474549,0.7113046634767667,2,43255,9285,9280,19,0,19.260308078924815,32,120,1352,5.0,657922,512,128,True,5,,,,,,,,,,,,,,,,,,,,,,,,,,
bmi_binary,lstm,,10m,12,False,False,0.5068574179419064,0.6392097001314548,0.7509463957264984,0.659747555017365,0.7156034320856844,2,43255,9285,9280,19,0,19.260308078924815,32,120,1352,5.0,657922,512,128,True,5,,,,,,,,,,,,,,,,,,,,,,,,,,
bmi_binary,lstm,,10m,13,False,False,0.4981999135405986,0.6351211805721092,0.7592377308184486,0.6575704062497372,0.7126119338137805,2,43255,9285,9280,19,0,19.260308078924815,32,120,1352,5.0,657922,512,128,True,5,,,,,,,,,,,,,,,,,,,,,,,,,,
bmi_binary,lstm,,10m,14,False,False,0.4898815083849597,0.6476213807275235,0.759927194524183,0.6431048546465181,0.7139721262168852,2,43255,9285,9280,19,0,19.260308078924815,32,120,1352,5.0,657922,512,128,True,5,,,,,,,,,,,,,,,,,,,,,,,,,,
bmi_binary,lstm,,10m,15,False,False,0.4799420214818263,0.6432455490658728,0.7690254768859278,0.6525526207354709,0.7132814484051901,2,43255,9285,9280,19,0,19.260308078924815,32,120,1352,5.0,657922,512,128,True,5,,,,,,,,,,,,,,,,,,,,,,,,,,
bmi_binary,lstm,,10m,16,False,False,0.4700087645455958,0.6510168798905774,0.7754886261094849,0.6552221297207296,0.7102689831282882,2,43255,9285,9280,19,0,19.260308078924815,32,120,1352,5.0,657922,512,128,True,5,,,,,,,,,,,,,,,,,,,,,,,,,,
bmi_binary,lstm,,10m,17,False,False,0.4584725047092109,0.6595358330650104,0.784304924022097,0.6535179999495446,0.7093981236212372,2,43255,9285,9280,19,0,19.260308078924815,32,120,1352,5.0,657922,512,128,True,5,,,,,,,,,,,,,,,,,,,,,,,,,,
bmi_binary,lstm,,10m,18,False,False,0.4464246042945208,0.6974683674292084,0.7914063442256478,0.6461536197515914,0.7011279015335626,2,43255,9285,9280,19,0,19.260308078924815,32,120,1352,5.0,657922,512,128,True,5,,,,,,,,,,,,,,,,,,,,,,,,,,
bmi_binary,lstm,,10m,19,False,False,0.4349328292048662,0.6874290766867502,0.7982887631935558,0.6502035032838029,0.708570347385151,2,43255,9285,9280,19,0,19.260308078924815,32,120,1352,5.0,657922,512,128,True,5,,,,,,,,,,,,,,,,,,,,,,,,,,
bmi_binary,lstm,,40m,1,False,False,0.6350489716104877,0.613168759761989,0.6340225559890962,0.6487487070814097,0.7131897598044574,2,43255,9285,9280,17,0,25.260895109176637,32,480,1352,5.0,657922,512,128,True,5,,,,,,,,,,,,,,,,,,,,,,,,,,
bmi_binary,lstm,,40m,2,False,False,0.5989023427386709,0.6137724622257563,0.6751075826984811,0.6560996325167974,0.7192793853415969,2,43255,9285,9280,17,0,25.260895109176637,32,480,1352,5.0,657922,512,128,True,5,,,,,,,,,,,,,,,,,,,,,,,,,,
bmi_binary,lstm,,40m,3,False,False,0.5813177855162797,0.6102105799578953,0.6907560060744593,0.6525206656743779,0.7200301891235064,2,43255,9285,9280,17,0,25.260895109176637,32,480,1352,5.0,657922,512,128,True,5,,,,,,,,,,,,,,,,,,,,,,,,,,
bmi_binary,lstm,,40m,4,False,False,0.569221973293104,0.6103957706969081,0.7021082523981852,0.6612279993608988,0.723926099716609,2,43255,9285,9280,17,0,25.260895109176637,32,480,1352,5.0,657922,512,128,True,5,,,,,,,,,,,,,,,,,,,,,,,,,,
bmi_binary,lstm,,40m,5,False,False,0.5598602370876286,0.6241398714021386,0.708784793729347,0.6651441761901158,0.7282669985508099,2,43255,9285,9280,17,0,25.260895109176637,32,480,1352,5.0,657922,512,128,True,5,,,,,,,,,,,,,,,,,,,,,,,,,,
bmi_binary,lstm,,40m,6,False,False,0.5482212502981745,0.6231466363178637,0.7210193584088187,0.6610783151273578,0.7284226813659948,2,43255,9285,9280,17,0,25.260895109176637,32,480,1352,5.0,657922,512,128,True,5,,,,,,,,,,,,,,,,,,,,,,,,,,
bmi_binary,lstm,,40m,7,True,False,0.5423879349304753,0.6122165203736428,0.7243721392346558,0.6692096167915437,0.7366307312383147,2,43255,9285,9280,17,0,25.260895109176637,32,480,1352,5.0,657922,512,128,True,5,0.7372326898624436,0.7499531335972307,0.7185477254199718,0.8292407378644441,0.7171138143642726,0.7827924528301887,,,,0.6624663435648896,0.6692096167915437,0.6376695181084617,0.6529680365296804,0.685451197053407,,,,0.6735991379310344,0.6792067623130085,0.6520187216570063,0.7446803374595399,0.6647515527950311,0.6936619718309859,,,
bmi_binary,lstm,,40m,8,False,False,0.5326049270050854,0.615281181278958,0.7303281591432874,0.6676879672376532,0.7302765234014761,2,43255,9285,9280,17,0,25.260895109176637,32,480,1352,5.0,657922,512,128,True,5,,,,,,,,,,,,,,,,,,,,,,,,,,
bmi_binary,lstm,,40m,9,False,False,0.5245343717174467,0.6106060057734056,0.7404250046375918,0.6631478257944616,0.7345311435707257,2,43255,9285,9280,17,0,25.260895109176637,32,480,1352,5.0,657922,512,128,True,5,,,,,,,,,,,,,,,,,,,,,,,,,,
bmi_binary,lstm,,40m,10,False,False,0.5150075647985572,0.6200507397027701,0.7457492996450277,0.6651462784967667,0.7294410667384253,2,43255,9285,9280,17,0,25.260895109176637,32,480,1352,5.0,657922,512,128,True,5,,,,,,,,,,,,,,,,,,,,,,,,,,
bmi_binary,lstm,,40m,11,False,False,0.5064066388664625,0.6256855172050468,0.7534726602170079,0.6596954178124237,0.7217307029272517,2,43255,9285,9280,17,0,25.260895109176637,32,480,1352,5.0,657922,512,128,True,5,,,,,,,,,,,,,,,,,,,,,,,,,,
bmi_binary,lstm,,40m,12,False,False,0.5006619564102862,0.6273959541487707,0.757376217171352,0.6705504679734604,0.7336684690442353,2,43255,9285,9280,17,0,25.260895109176637,32,480,1352,5.0,657922,512,128,True,5,,,,,,,,,,,,,,,,,,,,,,,,,,
bmi_binary,lstm,,40m,13,False,False,0.4871776967417393,0.6326835885635935,0.7641889747935093,0.6665939268565471,0.7327474905466277,2,43255,9285,9280,17,0,25.260895109176637,32,480,1352,5.0,657922,512,128,True,5,,,,,,,,,,,,,,,,,,,,,,,,,,
bmi_binary,lstm,,40m,14,False,False,0.4781699129397188,0.6226106537242185,0.7709650655708326,0.6636591067719502,0.7277680230749177,2,43255,9285,9280,17,0,25.260895109176637,32,480,1352,5.0,657922,512,128,True,5,,,,,,,,,,,,,,,,,,,,,,,,,,
bmi_binary,lstm,,40m,15,False,False,0.4712862109300126,0.6352732613385847,0.7771465321817432,0.6645782352397049,0.7313860928210433,2,43255,9285,9280,17,0,25.260895109176637,32,480,1352,5.0,657922,512,128,True,5,,,,,,,,,,,,,,,,,,,,,,,,,,
bmi_binary,lstm,,40m,16,False,False,0.4609836471513466,0.6636966907406726,0.7831354459791293,0.6544732880916941,0.7211787212930026,2,43255,9285,9280,17,0,25.260895109176637,32,480,1352,5.0,657922,512,128,True,5,,,,,,,,,,,,,,,,,,,,,,,,,,
bmi_binary,lstm,,40m,17,False,False,0.4519829077150708,0.647536056980242,0.7881765554797471,0.6645996787675438,0.7248769029379034,2,43255,9285,9280,17,0,25.260895109176637,32,480,1352,5.0,657922,512,128,True,5,,,,,,,,,,,,,,,,,,,,,,,,,,
bmi_binary,lstm,,80m,1,False,False,0.6358427394912252,0.625122670730597,0.6328990639924792,0.6528069998402246,0.7100609668928749,2,43255,9285,9280,20,0,53.22689142227173,32,960,1352,5.0,657922,512,128,True,5,,,,,,,,,,,,,,,,,,,,,,,,,,
bmi_binary,lstm,,80m,2,False,False,0.5953651325604279,0.6104206776131079,0.6789328633906928,0.6562514190569892,0.7188370880530117,2,43255,9285,9280,20,0,53.22689142227173,32,960,1352,5.0,657922,512,128,True,5,,,,,,,,,,,,,,,,,,,,,,,,,,
bmi_binary,lstm,,80m,3,False,False,0.5761345492892287,0.6075450175477409,0.6919014063693787,0.6644495740726726,0.7275209880280644,2,43255,9285,9280,20,0,53.22689142227173,32,960,1352,5.0,657922,512,128,True,5,,,,,,,,,,,,,,,,,,,,,,,,,,
bmi_binary,lstm,,80m,4,False,False,0.5638509143778195,0.6173645628930166,0.7051819225097704,0.6644954043576612,0.7280328296206598,2,43255,9285,9280,20,0,53.22689142227173,32,960,1352,5.0,657922,512,128,True,5,,,,,,,,,,,,,,,,,,,,,,,,,,
bmi_binary,lstm,,80m,5,False,False,0.5556985616546162,0.6270806801338381,0.7123764466928468,0.6645496438692533,0.7295734559959187,2,43255,9285,9280,20,0,53.22689142227173,32,960,1352,5.0,657922,512,128,True,5,,,,,,,,,,,,,,,,,,,,,,,,,,
bmi_binary,lstm,,80m,6,False,False,0.5477864424598905,0.5973805094349429,0.7189894703084078,0.6773875896633786,0.7417931274194046,2,43255,9285,9280,20,0,53.22689142227173,32,960,1352,5.0,657922,512,128,True,5,,,,,,,,,,,,,,,,,,,,,,,,,,
bmi_binary,lstm,,80m,7,False,False,0.5368927505881425,0.6049310039177208,0.7264638409321718,0.6771239604093612,0.736235946080039,2,43255,9285,9280,20,0,53.22689142227173,32,960,1352,5.0,657922,512,128,True,5,,,,,,,,,,,,,,,,,,,,,,,,,,
bmi_binary,lstm,,80m,8,False,False,0.5266637334443561,0.6003815987768774,0.7361793537555061,0.6763128905034604,0.742389117339545,2,43255,9285,9280,20,0,53.22689142227173,32,960,1352,5.0,657922,512,128,True,5,,,,,,,,,,,,,,,,,,,,,,,,,,
bmi_binary,lstm,,80m,9,False,False,0.5184342608494836,0.6101390935685215,0.7429362087450834,0.6753412043694341,0.742207730321709,2,43255,9285,9280,20,0,53.22689142227173,32,960,1352,5.0,657922,512,128,True,5,,,,,,,,,,,,,,,,,,,,,,,,,,
bmi_binary,lstm,,80m,10,True,False,0.5098549358742235,0.5997225317700806,0.7505572153068828,0.6811788894775348,0.7461421551726555,2,43255,9285,9280,20,0,53.22689142227173,32,960,1352,5.0,657922,512,128,True,5,0.7854814472315339,0.7737521796681686,0.7592660736270609,0.8581141621050579,0.8040326612231294,0.7434716981132076,,,,0.701884760366182,0.6811788894775348,0.6647826619112128,0.7310502283105023,0.6313075506445672,,,,0.7060344827586207,0.6851565917242586,0.6725888166000018,0.7589420763712711,0.7389751552795031,0.6313380281690141,,,
bmi_binary,lstm,,80m,11,False,False,0.4985175865521363,0.6062566487585015,0.7586529917969647,0.6806121076044636,0.7444274578067055,2,43255,9285,9280,20,0,53.22689142227173,32,960,1352,5.0,657922,512,128,True,5,,,,,,,,,,,,,,,,,,,,,,,,,,
bmi_binary,lstm,,80m,12,False,False,0.4909293736891724,0.6208560311736506,0.7632638459627797,0.6784572432873348,0.743329409027585,2,43255,9285,9280,20,0,53.22689142227173,32,960,1352,5.0,657922,512,128,True,5,,,,,,,,,,,,,,,,,,,,,,,,,,
bmi_binary,lstm,,80m,13,False,False,0.4844594952371434,0.6250503402983687,0.7657623603613235,0.6789622173448708,0.7454344066309555,2,43255,9285,9280,20,0,53.22689142227173,32,960,1352,5.0,657922,512,128,True,5,,,,,,,,,,,,,,,,,,,,,,,,,,
bmi_binary,lstm,,80m,14,False,False,0.4690739946845721,0.6262544181954174,0.7754068095568978,0.673396150256061,0.7380999913104658,2,43255,9285,9280,20,0,53.22689142227173,32,960,1352,5.0,657922,512,128,True,5,,,,,,,,,,,,,,,,,,,,,,,,,,
bmi_binary,lstm,,80m,15,False,False,0.4603535043209388,0.6320583335288956,0.7823944877111677,0.67582137120849,0.7370364764219303,2,43255,9285,9280,20,0,53.22689142227173,32,960,1352,5.0,657922,512,128,True,5,,,,,,,,,,,,,,,,,,,,,,,,,,
bmi_binary,lstm,,80m,16,False,False,0.4511725520070695,0.6390960067205681,0.7858419760228641,0.6791850618498616,0.7399480590103462,2,43255,9285,9280,20,0,53.22689142227173,32,960,1352,5.0,657922,512,128,True,5,,,,,,,,,,,,,,,,,,,,,,,,,,
bmi_binary,lstm,,80m,17,False,False,0.4384846456077605,0.6669916063017529,0.7943743527022226,0.6747504562005433,0.7422870853900899,2,43255,9285,9280,20,0,53.22689142227173,32,960,1352,5.0,657922,512,128,True,5,,,,,,,,,,,,,,,,,,,,,,,,,,
bmi_binary,lstm,,80m,18,False,False,0.4285928783106977,0.647100521716368,0.8022257485387656,0.6739524205958778,0.7336570324960547,2,43255,9285,9280,20,0,53.22689142227173,32,960,1352,5.0,657922,512,128,True,5,,,,,,,,,,,,,,,,,,,,,,,,,,
bmi_binary,lstm,,80m,19,False,False,0.4158967688006206,0.6730985751380572,0.8099558878551688,0.6718623073235954,0.7354747989494074,2,43255,9285,9280,20,0,53.22689142227173,32,960,1352,5.0,657922,512,128,True,5,,,,,,,,,,,,,,,,,,,,,,,,,,
bmi_binary,lstm,,80m,20,False,False,0.407134057979145,0.6966824900417091,0.8140771443753085,0.6679532783369914,0.7289324486826946,2,43255,9285,9280,20,0,53.22689142227173,32,960,1352,5.0,657922,512,128,True,5,,,,,,,,,,,,,,,,,,,,,,,,,,
bmi_binary,lstm,,120m,1,False,False,0.6332307581087989,0.6283177108679912,0.6365101162384885,0.645061261215806,0.7045965953844558,2,43255,9285,9280,22,0,86.88899399836858,32,1440,1352,5.0,657922,512,128,True,5,,,,,,,,,,,,,,,,,,,,,,,,,,
bmi_binary,lstm,,120m,2,False,False,0.5932756637454846,0.603451651081194,0.6814606307753739,0.6639731913855883,0.7261383429899284,2,43255,9285,9280,22,0,86.88899399836858,32,1440,1352,5.0,657922,512,128,True,5,,,,,,,,,,,,,,,,,,,,,,,,,,
bmi_binary,lstm,,120m,3,False,False,0.5787309112128268,0.6100731296120758,0.694649879108199,0.6673103929631592,0.727268515014674,2,43255,9285,9280,22,0,86.88899399836858,32,1440,1352,5.0,657922,512,128,True,5,,,,,,,,,,,,,,,,,,,,,,,,,,
bmi_binary,lstm,,120m,4,False,False,0.5641991323300861,0.6234019452420113,0.7050041974136385,0.6552183455687581,0.7261469484318194,2,43255,9285,9280,22,0,86.88899399836858,32,1440,1352,5.0,657922,512,128,True,5,,,,,,,,,,,,,,,,,,,,,,,,,,
bmi_binary,lstm,,120m,5,False,False,0.5532652327703226,0.6153370826617967,0.7172701530876929,0.6692941295189081,0.7397997482838169,2,43255,9285,9280,22,0,86.88899399836858,32,1440,1352,5.0,657922,512,128,True,5,,,,,,,,,,,,,,,,,,,,,,,,,,
bmi_binary,lstm,,120m,6,False,False,0.5455069847760649,0.6249406508302972,0.7233168056896178,0.6622602319264697,0.7256854500758232,2,43255,9285,9280,22,0,86.88899399836858,32,1440,1352,5.0,657922,512,128,True,5,,,,,,,,,,,,,,,,,,,,,,,,,,
bmi_binary,lstm,,120m,7,False,False,0.535387373138695,0.6075525121593834,0.7309566455905148,0.6707337891134153,0.745650551785419,2,43255,9285,9280,22,0,86.88899399836858,32,1440,1352,5.0,657922,512,128,True,5,,,,,,,,,,,,,,,,,,,,,,,,,,
bmi_binary,lstm,,120m,8,False,False,0.5282407595461992,0.5976011041357239,0.7366112125966426,0.6779564738431006,0.7476051924171201,2,43255,9285,9280,22,0,86.88899399836858,32,1440,1352,5.0,657922,512,128,True,5,,,,,,,,,,,,,,,,,,,,,,,,,,
bmi_binary,lstm,,120m,9,False,False,0.5177524904476647,0.6005803518996292,0.7450943333343814,0.6785039144949838,0.7511609217633588,2,43255,9285,9280,22,0,86.88899399836858,32,1440,1352,5.0,657922,512,128,True,5,,,,,,,,,,,,,,,,,,,,,,,,,,
bmi_binary,lstm,,120m,10,False,False,0.5099975296361311,0.6068847493131635,0.7508969385605544,0.6756615959030248,0.7433504601248491,2,43255,9285,9280,22,0,86.88899399836858,32,1440,1352,5.0,657922,512,128,True,5,,,,,,,,,,,,,,,,,,,,,,,,,,
bmi_binary,lstm,,120m,11,False,False,0.5011759043856034,0.609542011880849,0.7576842161526538,0.6847725724665102,0.7459860799268957,2,43255,9285,9280,22,0,86.88899399836858,32,1440,1352,5.0,657922,512,128,True,5,,,,,,,,,,,,,,,,,,,,,,,,,,
bmi_binary,lstm,,120m,12,True,False,0.4903102951860885,0.6011725345990577,0.7634633787450519,0.6903134118755099,0.7539311732833265,2,43255,9285,9280,22,0,86.88899399836858,32,1440,1352,5.0,657922,512,128,True,5,0.7837244249219744,0.7935576837822627,0.7650391201866925,0.8744000188647804,0.7681719713381103,0.8189433962264151,,,,0.697684437264405,0.6903134118755099,0.6668199170062739,0.7080669710806697,0.6725598526703499,,,,0.6966594827586207,0.6903103403026857,0.6700142516927794,0.7570659828536436,0.7066770186335404,0.673943661971831,,,
bmi_binary,lstm,,120m,13,False,False,0.4776986936663854,0.6122325806060528,0.7706138222245977,0.6912241311166611,0.7518800507917287,2,43255,9285,9280,22,0,86.88899399836858,32,1440,1352,5.0,657922,512,128,True,5,,,,,,,,,,,,,,,,,,,,,,,,,,
bmi_binary,lstm,,120m,14,False,False,0.4726806005092456,0.6080373329761918,0.77710706077289,0.6820189712152174,0.7471267354541403,2,43255,9285,9280,22,0,86.88899399836858,32,1440,1352,5.0,657922,512,128,True,5,,,,,,,,,,,,,,,,,,,,,,,,,,
bmi_binary,lstm,,120m,15,False,False,0.4627905381881988,0.6061107503128873,0.7819742181334557,0.6851064187626663,0.7494241361621972,2,43255,9285,9280,22,0,86.88899399836858,32,1440,1352,5.0,657922,512,128,True,5,,,,,,,,,,,,,,,,,,,,,,,,,,
bmi_binary,lstm,,120m,16,False,False,0.4482582897275131,0.6394627466821902,0.7902146937774521,0.6674878276444915,0.7447211079996973,2,43255,9285,9280,22,0,86.88899399836858,32,1440,1352,5.0,657922,512,128,True,5,,,,,,,,,,,,,,,,,,,,,,,,,,
bmi_binary,lstm,,120m,17,False,False,0.440614445398838,0.630321884938447,0.7979251634161602,0.6833156739574662,0.7471667633727725,2,43255,9285,9280,22,0,86.88899399836858,32,1440,1352,5.0,657922,512,128,True,5,,,,,,,,,,,,,,,,,,,,,,,,,,
bmi_binary,lstm,,120m,18,False,False,0.4292039345928788,0.6611292686138862,0.8028036082036643,0.6686932902780931,0.7320353131455833,2,43255,9285,9280,22,0,86.88899399836858,32,1440,1352,5.0,657922,512,128,True,5,,,,,,,,,,,,,,,,,,,,,,,,,,
bmi_binary,lstm,,120m,19,False,False,0.4220116340732343,0.6390468645204956,0.8083832380137901,0.6818133656247635,0.7501847226777221,2,43255,9285,9280,22,0,86.88899399836858,32,1440,1352,5.0,657922,512,128,True,5,,,,,,,,,,,,,,,,,,,,,,,,,,
bmi_binary,lstm,,120m,20,False,False,0.4080928374337207,0.64909658111676,0.8156587109695554,0.6779543715364498,0.7405947845976605,2,43255,9285,9280,22,0,86.88899399836858,32,1440,1352,5.0,657922,512,128,True,5,,,,,,,,,,,,,,,,,,,,,,,,,,
bmi_binary,lstm,,120m,21,False,False,0.3961410902515476,0.668323594206562,0.8238198413471969,0.672974427541899,0.7407330042522656,2,43255,9285,9280,22,0,86.88899399836858,32,1440,1352,5.0,657922,512,128,True,5,,,,,,,,,,,,,,,,,,,,,,,,,,
bmi_binary,lstm,,120m,22,False,False,0.3844651962522688,0.6849930805035285,0.8279963653856433,0.6751284509363673,0.7335892541296312,2,43255,9285,9280,22,0,86.88899399836858,32,1440,1352,5.0,657922,512,128,True,5,,,,,,,,,,,,,,,,,,,,,,,,,,
bmi_binary,lstm,,240m,1,False,False,0.6332100963405658,0.6100574068411223,0.6381009451265898,0.6552619976002275,0.7212875469310343,2,43251,9281,9280,21,0,112.19319062232971,32,2880,1352,4.999537625708011,657922,512,128,True,5,,,,,,,,,,,,,,,,,,,,,,,,,,
bmi_binary,lstm,,240m,2,False,False,0.5899189705738556,0.6014134081102833,0.6833481839795034,0.6654055520121795,0.7302948275871741,2,43251,9281,9280,21,0,112.19319062232971,32,2880,1352,4.999537625708011,657922,512,128,True,5,,,,,,,,,,,,,,,,,,,,,,,,,,
bmi_binary,lstm,,240m,3,False,False,0.5744937872041049,0.6046648697405588,0.698090846150434,0.6719453246788945,0.7338100623278916,2,43251,9281,9280,21,0,112.19319062232971,32,2880,1352,4.999537625708011,657922,512,128,True,5,,,,,,,,,,,,,,,,,,,,,,,,,,
bmi_binary,lstm,,240m,4,False,False,0.5596416648604361,0.5974406913820365,0.7103739303301481,0.6766069584426497,0.7412258248727048,2,43251,9281,9280,21,0,112.19319062232971,32,2880,1352,4.999537625708011,657922,512,128,True,5,,,,,,,,,,,,,,,,,,,,,,,,,,
bmi_binary,lstm,,240m,5,False,False,0.5468655919247849,0.5818973399803898,0.7222883042569054,0.6878372821875514,0.7563364258872511,2,43251,9281,9280,21,0,112.19319062232971,32,2880,1352,4.999537625708011,657922,512,128,True,5,,,,,,,,,,,,,,,,,,,,,,,,,,
bmi_binary,lstm,,240m,6,False,False,0.5347477755836855,0.5899704638457147,0.7320779656156255,0.6842175131782737,0.7515209217190628,2,43251,9281,9280,21,0,112.19319062232971,32,2880,1352,4.999537625708011,657922,512,128,True,5,,,,,,,,,,,,,,,,,,,,,,,,,,
bmi_binary,lstm,,240m,7,False,False,0.5247637637529574,0.5871567697524254,0.7401960914310346,0.6945828698429153,0.7595983887081673,2,43251,9281,9280,21,0,112.19319062232971,32,2880,1352,4.999537625708011,657922,512,128,True,5,,,,,,,,,,,,,,,,,,,,,,,,,,
bmi_binary,lstm,,240m,8,False,False,0.513669894037543,0.5931433308209315,0.7466826103747417,0.6941361800760545,0.7582076930714563,2,43251,9281,9280,21,0,112.19319062232971,32,2880,1352,4.999537625708011,657922,512,128,True,5,,,,,,,,,,,,,,,,,,,,,,,,,,
bmi_binary,lstm,,240m,9,False,False,0.5029816555937178,0.597656714060147,0.7582364625775919,0.696930837973847,0.7611803144610693,2,43251,9281,9280,21,0,112.19319062232971,32,2880,1352,4.999537625708011,657922,512,128,True,5,,,,,,,,,,,,,,,,,,,,,,,,,,
bmi_binary,lstm,,240m,10,False,False,0.4923742659279207,0.5865300422119512,0.7646243757300202,0.6971872232029614,0.7627136613695532,2,43251,9281,9280,21,0,112.19319062232971,32,2880,1352,4.999537625708011,657922,512,128,True,5,,,,,,,,,,,,,,,,,,,,,,,,,,
bmi_binary,lstm,,240m,11,True,False,0.4837022076157244,0.5847678815564864,0.7700630975918428,0.7033757809217527,0.7663955002302727,2,43251,9281,9280,21,0,112.19319062232971,32,2880,1352,4.999537625708011,657922,512,128,True,5,0.8012993919215741,0.7977360572774838,0.7788977712598324,0.8782085151493322,0.8069321779703382,0.7885399365846293,,,,0.7202887619868549,0.7033757809217527,0.6854941100200878,0.744136460554371,0.6626151012891345,,,,0.7301724137931035,0.7135705537573266,0.6994730193425238,0.7844801417198844,0.7563664596273292,0.670774647887324,,,
bmi_binary,lstm,,240m,12,False,False,0.4716379881299291,0.6022416257197429,0.7792256149970274,0.6976237035591015,0.7623760215721483,2,43251,9281,9280,21,0,112.19319062232971,32,2880,1352,4.999537625708011,657922,512,128,True,5,,,,,,,,,,,,,,,,,,,,,,,,,,
bmi_binary,lstm,,240m,13,False,False,0.4614030279330949,0.5946849115195298,0.7868778790529728,0.6900405796028315,0.758727363296271,2,43251,9281,9280,21,0,112.19319062232971,32,2880,1352,4.999537625708011,657922,512,128,True,5,,,,,,,,,,,,,,,,,,,,,,,,,,
bmi_binary,lstm,,240m,14,False,False,0.4523244352619738,0.683348997025741,0.790112988365747,0.6726321319325124,0.7555651385647028,2,43251,9281,9280,21,0,112.19319062232971,32,2880,1352,4.999537625708011,657922,512,128,True,5,,,,,,,,,,,,,,,,,,,,,,,,,,
bmi_binary,lstm,,240m,15,False,False,0.4436820313816459,0.615517314194721,0.7966719598774405,0.6960450874503343,0.7586559535168896,2,43251,9281,9280,21,0,112.19319062232971,32,2880,1352,4.999537625708011,657922,512,128,True,5,,,,,,,,,,,,,,,,,,,,,,,,,,
bmi_binary,lstm,,240m,16,False,False,0.4350943700699075,0.6415036688886391,0.8018287731651147,0.6836833702723276,0.7576664260162711,2,43251,9281,9280,21,0,112.19319062232971,32,2880,1352,4.999537625708011,657922,512,128,True,5,,,,,,,,,,,,,,,,,,,,,,,,,,
bmi_binary,lstm,,240m,17,False,False,0.4254366615841627,0.643224922973651,0.8074610142861338,0.6952631699995905,0.754866439030465,2,43251,9281,9280,21,0,112.19319062232971,32,2880,1352,4.999537625708011,657922,512,128,True,5,,,,,,,,,,,,,,,,,,,,,,,,,,
bmi_binary,lstm,,240m,18,False,False,0.4110718625688417,0.6476964798804411,0.8158077282554674,0.6906420092569063,0.7552872686965444,2,43251,9281,9280,21,0,112.19319062232971,32,2880,1352,4.999537625708011,657922,512,128,True,5,,,,,,,,,,,,,,,,,,,,,,,,,,
bmi_binary,lstm,,240m,19,False,False,0.4027614176158963,0.7239419626098742,0.8212910850858995,0.6814708451204345,0.7625691308930597,2,43251,9281,9280,21,0,112.19319062232971,32,2880,1352,4.999537625708011,657922,512,128,True,5,,,,,,,,,,,,,,,,,,,,,,,,,,
bmi_binary,lstm,,240m,20,False,False,0.3891176091009795,0.6594786159971153,0.8286783912883008,0.689047686362415,0.7560967852136319,2,43251,9281,9280,21,0,112.19319062232971,32,2880,1352,4.999537625708011,657922,512,128,True,5,,,,,,,,,,,,,,,,,,,,,,,,,,
bmi_binary,lstm,,240m,21,False,False,0.3758193757853142,0.6464574711075979,0.8353455346651546,0.6972478626149891,0.7598901983486558,2,43251,9281,9280,21,0,112.19319062232971,32,2880,1352,4.999537625708011,657922,512,128,True,5,,,,,,,,,,,,,,,,,,,,,,,,,,
bmi_binary,mean_pool,,30s,1,False,False,0.7044951982008159,0.6502412371501912,0.5790489572492634,0.6199500491939756,0.6604687863523858,2,43255,9285,9280,17,0,22.78935236930847,32,6,1352,5.0,1026,512,128,True,5,,,,,,,,,,,,,,,,,,,,,,,,,,
bmi_binary,mean_pool,,30s,2,False,False,0.6618280289958852,0.6529731683083998,0.6088157696987608,0.6115740390356299,0.6702866425041556,2,43255,9285,9280,17,0,22.78935236930847,32,6,1352,5.0,1026,512,128,True,5,,,,,,,,,,,,,,,,,,,,,,,,,,
bmi_binary,mean_pool,,30s,3,False,False,0.6481902201221714,0.6425934295982973,0.6240647627911071,0.622022923551721,0.6732352537203821,2,43255,9285,9280,17,0,22.78935236930847,32,6,1352,5.0,1026,512,128,True,5,,,,,,,,,,,,,,,,,,,,,,,,,,
bmi_binary,mean_pool,,30s,4,False,False,0.6418642042772079,0.6421200588690573,0.6335655818369894,0.6224093275141485,0.6753530894097004,2,43255,9285,9280,17,0,22.78935236930847,32,6,1352,5.0,1026,512,128,True,5,,,,,,,,,,,,,,,,,,,,,,,,,,
bmi_binary,mean_pool,,30s,5,False,False,0.6401805675011841,0.6343153602729,0.6340493691303022,0.6272332803552058,0.6788991761761004,2,43255,9285,9280,17,0,22.78935236930847,32,6,1352,5.0,1026,512,128,True,5,,,,,,,,,,,,,,,,,,,,,,,,,,
bmi_binary,mean_pool,,30s,6,False,False,0.6389319333957394,0.6407316582204196,0.6321038694808727,0.6229710638512576,0.6767753419051382,2,43255,9285,9280,17,0,22.78935236930847,32,6,1352,5.0,1026,512,128,True,5,,,,,,,,,,,,,,,,,,,,,,,,,,
bmi_binary,mean_pool,,30s,7,True,False,0.6379007240910431,0.6346300576153017,0.634106875269216,0.6290833102079602,0.6813800381778887,2,43255,9285,9280,17,0,22.78935236930847,32,6,1352,5.0,1026,512,128,True,5,0.6809155010981389,0.6500634045269185,0.6415340365250604,0.7110421608977119,0.7297117147142143,0.5704150943396227,,,,0.6614970382337103,0.6290833102079602,0.6174696195276563,0.7071537290715373,0.551012891344383,,,,0.6676724137931035,0.6379319394628642,0.6286571269132653,0.6899642419735806,0.7145962732919254,0.5612676056338028,,,
bmi_binary,mean_pool,,30s,8,False,False,0.638258455097572,0.6345157562883939,0.6348189138288273,0.6246819210037253,0.6782502641898691,2,43255,9285,9280,17,0,22.78935236930847,32,6,1352,5.0,1026,512,128,True,5,,,,,,,,,,,,,,,,,,,,,,,,,,
bmi_binary,mean_pool,,30s,9,False,False,0.638273664731233,0.6472074933699145,0.6327174275985449,0.6221158455056888,0.6779931661018469,2,43255,9285,9280,17,0,22.78935236930847,32,6,1352,5.0,1026,512,128,True,5,,,,,,,,,,,,,,,,,,,,,,,,,,
bmi_binary,mean_pool,,30s,10,False,False,0.6372677033890908,0.6394701876624913,0.6349023338877482,0.6261724564191831,0.677824953539023,2,43255,9285,9280,17,0,22.78935236930847,32,6,1352,5.0,1026,512,128,True,5,,,,,,,,,,,,,,,,,,,,,,,,,,
bmi_binary,mean_pool,,30s,11,False,False,0.638194920897911,0.6342395831515344,0.6320660330196539,0.6295786136549022,0.680954671465532,2,43255,9285,9280,17,0,22.78935236930847,32,6,1352,5.0,1026,512,128,True,5,,,,,,,,,,,,,,,,,,,,,,,,,,
bmi_binary,mean_pool,,30s,12,False,False,0.6363740782037165,0.6397138414552408,0.6365862544921759,0.624715557910139,0.6804299076947227,2,43255,9285,9280,17,0,22.78935236930847,32,6,1352,5.0,1026,512,128,True,5,,,,,,,,,,,,,,,,,,,,,,,,,,
bmi_binary,mean_pool,,30s,13,False,False,0.6370103879645166,0.6368058428625682,0.6363944688463872,0.6274649545481302,0.6805577840006055,2,43255,9285,9280,17,0,22.78935236930847,32,6,1352,5.0,1026,512,128,True,5,,,,,,,,,,,,,,,,,,,,,,,,,,
bmi_binary,mean_pool,,30s,14,False,False,0.6363453206168808,0.6431293484018128,0.6325763693472471,0.6253660115879143,0.6785414476763905,2,43255,9285,9280,17,0,22.78935236930847,32,6,1352,5.0,1026,512,128,True,5,,,,,,,,,,,,,,,,,,,,,,,,,,
bmi_binary,mean_pool,,30s,15,False,False,0.6378442052691924,0.6433704310549673,0.6317533933023741,0.6233831159548255,0.6771493843044589,2,43255,9285,9280,17,0,22.78935236930847,32,6,1352,5.0,1026,512,128,True,5,,,,,,,,,,,,,,,,,,,,,,,,,,
bmi_binary,mean_pool,,30s,16,False,False,0.635414129390205,0.6340286608273841,0.6372943188713831,0.6281309652951218,0.6806573492435901,2,43255,9285,9280,17,0,22.78935236930847,32,6,1352,5.0,1026,512,128,True,5,,,,,,,,,,,,,,,,,,,,,,,,,,
bmi_binary,mean_pool,,30s,17,False,False,0.6368356110415504,0.6354140177232704,0.6355218029699452,0.6274472951722629,0.6802897258872436,2,43255,9285,9280,17,0,22.78935236930847,32,6,1352,5.0,1026,512,128,True,5,,,,,,,,,,,,,,,,,,,,,,,,,,
bmi_binary,mean_pool,,10m,1,False,False,0.6967470016442011,0.6560612199122892,0.5785244283185507,0.6140257490518597,0.6670721035119733,2,43255,9285,9280,31,0,44.92711914777756,32,120,1352,5.0,1026,512,128,True,5,,,,,,,,,,,,,,,,,,,,,,,,,,
bmi_binary,mean_pool,,10m,2,False,False,0.6515716842593051,0.6454234112381101,0.6245026646502313,0.6247126146808278,0.6776188714257283,2,43255,9285,9280,31,0,44.92711914777756,32,120,1352,5.0,1026,512,128,True,5,,,,,,,,,,,,,,,,,,,,,,,,,,
bmi_binary,mean_pool,,10m,3,False,False,0.6404726157724726,0.631992506839668,0.6338610231628061,0.6312869480393888,0.6851949679188005,2,43255,9285,9280,31,0,44.92711914777756,32,120,1352,5.0,1026,512,128,True,5,,,,,,,,,,,,,,,,,,,,,,,,,,
bmi_binary,mean_pool,,10m,4,False,False,0.6314628866969775,0.6315391509328789,0.6420824642433809,0.634872642263091,0.688190726865517,2,43255,9285,9280,31,0,44.92711914777756,32,120,1352,5.0,1026,512,128,True,5,,,,,,,,,,,,,,,,,,,,,,,,,,
bmi_binary,mean_pool,,10m,5,False,False,0.6307347568814127,0.6339803055081241,0.6444934523491368,0.6328582120302395,0.6875668743745638,2,43255,9285,9280,31,0,44.92711914777756,32,120,1352,5.0,1026,512,128,True,5,,,,,,,,,,,,,,,,,,,,,,,,,,
bmi_binary,mean_pool,,10m,6,False,False,0.6296854091385116,0.6445528515449569,0.6451707608480348,0.630681483723942,0.6880028927739517,2,43255,9285,9280,31,0,44.92711914777756,32,120,1352,5.0,1026,512,128,True,5,,,,,,,,,,,,,,,,,,,,,,,,,,
bmi_binary,mean_pool,,10m,7,False,False,0.6278857764198992,0.6310663353517355,0.6449715613435496,0.633756737892816,0.6913395057056603,2,43255,9285,9280,31,0,44.92711914777756,32,120,1352,5.0,1026,512,128,True,5,,,,,,,,,,,,,,,,,,,,,,,,,,
bmi_binary,mean_pool,,10m,8,False,False,0.6283326501337011,0.6290978271728828,0.6495318893391981,0.635318751734403,0.6920839465061066,2,43255,9285,9280,31,0,44.92711914777756,32,120,1352,5.0,1026,512,128,True,5,,,,,,,,,,,,,,,,,,,,,,,,,,
bmi_binary,mean_pool,,10m,9,False,False,0.6270880364762635,0.6305469213343463,0.6456682062423558,0.6346073311637528,0.6933523942469678,2,43255,9285,9280,31,0,44.92711914777756,32,120,1352,5.0,1026,512,128,True,5,,,,,,,,,,,,,,,,,,,,,,,,,,
bmi_binary,mean_pool,,10m,10,False,False,0.6280711281686804,0.6281612451062385,0.6456000477907771,0.6358687151542672,0.690493032955759,2,43255,9285,9280,31,0,44.92711914777756,32,120,1352,5.0,1026,512,128,True,5,,,,,,,,,,,,,,,,,,,,,,,,,,
bmi_binary,mean_pool,,10m,11,False,False,0.6266619564439365,0.6303656477342707,0.6499103168339868,0.6382754358081687,0.6941046556281553,2,43255,9285,9280,31,0,44.92711914777756,32,120,1352,5.0,1026,512,128,True,5,,,,,,,,,,,,,,,,,,,,,,,,,,
bmi_binary,mean_pool,,10m,12,False,False,0.6275366975260448,0.639277462093947,0.6468551153424115,0.6368567992801701,0.692097569453204,2,43255,9285,9280,31,0,44.92711914777756,32,120,1352,5.0,1026,512,128,True,5,,,,,,,,,,,,,,,,,,,,,,,,,,
bmi_binary,mean_pool,,10m,13,False,False,0.6269064811692322,0.6288390151839393,0.647391799479961,0.6363871439743687,0.6918349773371343,2,43255,9285,9280,31,0,44.92711914777756,32,120,1352,5.0,1026,512,128,True,5,,,,,,,,,,,,,,,,,,,,,,,,,,
bmi_binary,mean_pool,,10m,14,False,False,0.626637422058737,0.6329683830292557,0.64761724618224,0.6352430686949722,0.6923748496850743,2,43255,9285,9280,31,0,44.92711914777756,32,120,1352,5.0,1026,512,128,True,5,,,,,,,,,,,,,,,,,,,,,,,,,,
bmi_binary,mean_pool,,10m,15,False,False,0.6247056369381327,0.6244570815633816,0.648686973554722,0.6354373218295113,0.6943391889581249,2,43255,9285,9280,31,0,44.92711914777756,32,120,1352,5.0,1026,512,128,True,5,,,,,,,,,,,,,,,,,,,,,,,,,,
bmi_binary,mean_pool,,10m,16,False,False,0.6265971895436058,0.6268248392229897,0.6467389020068982,0.6356799280170202,0.6932675731812945,2,43255,9285,9280,31,0,44.92711914777756,32,120,1352,5.0,1026,512,128,True,5,,,,,,,,,,,,,,,,,,,,,,,,,,
bmi_binary,mean_pool,,10m,17,False,False,0.6261004524249698,0.6317436913039393,0.6480337428038723,0.6343529520589991,0.6926090466459799,2,43255,9285,9280,31,0,44.92711914777756,32,120,1352,5.0,1026,512,128,True,5,,,,,,,,,,,,,,,,,,,,,,,,,,
bmi_binary,mean_pool,,10m,18,False,False,0.6259043128817581,0.6245836943147256,0.6499333255778125,0.6370052221297208,0.6940318597565247,2,43255,9285,9280,31,0,44.92711914777756,32,120,1352,5.0,1026,512,128,True,5,,,,,,,,,,,,,,,,,,,,,,,,,,
bmi_binary,mean_pool,,10m,19,False,False,0.6260027981496191,0.6282726354154773,0.6506439618554141,0.6372591807731443,0.693228834677408,2,43255,9285,9280,31,0,44.92711914777756,32,120,1352,5.0,1026,512,128,True,5,,,,,,,,,,,,,,,,,,,,,,,,,,
bmi_binary,mean_pool,,10m,20,False,False,0.627018023217955,0.626303439032473,0.6463162931964169,0.6369572895380812,0.6920504497534694,2,43255,9285,9280,31,0,44.92711914777756,32,120,1352,5.0,1026,512,128,True,5,,,,,,,,,,,,,,,,,,,,,,,,,,
bmi_binary,mean_pool,,10m,21,True,False,0.6259917910244269,0.6257786347459064,0.6494677050680233,0.6380664665270736,0.6943915784398642,2,43255,9285,9280,31,0,44.92711914777756,32,120,1352,5.0,1026,512,128,True,5,0.6902785805109236,0.6636606666184567,0.6535018083995465,0.7267576875552189,0.7323779370104982,0.5949433962264151,,,,0.6723747980613893,0.6380664665270736,0.6273637393938729,0.7207001522070016,0.5554327808471455,,,,0.6828663793103448,0.6537015571691016,0.6444328672178923,0.7060451021345464,0.7288819875776398,0.5785211267605633,,,
bmi_binary,mean_pool,,10m,22,False,False,0.6261066452090747,0.6341698248539166,0.646907578296699,0.6361895271491881,0.6912147408136207,2,43255,9285,9280,31,0,44.92711914777756,32,120,1352,5.0,1026,512,128,True,5,,,,,,,,,,,,,,,,,,,,,,,,,,
bmi_binary,mean_pool,,10m,23,False,False,0.6256072998928784,0.6247533107291773,0.6496244588166123,0.6381173423480242,0.6943001140851742,2,43255,9285,9280,31,0,44.92711914777756,32,120,1352,5.0,1026,512,128,True,5,,,,,,,,,,,,,,,,,,,,,,,,,,
bmi_binary,mean_pool,,10m,24,False,False,0.6251194496097461,0.6272874529925353,0.6489874580651653,0.6363812575157464,0.6929169644934422,2,43255,9285,9280,31,0,44.92711914777756,32,120,1352,5.0,1026,512,128,True,5,,,,,,,,,,,,,,,,,,,,,,,,,,
bmi_binary,mean_pool,,10m,25,False,False,0.6249242139446874,0.625489213823566,0.6488124369208905,0.6386450213173894,0.6941648096291251,2,43255,9285,9280,31,0,44.92711914777756,32,120,1352,5.0,1026,512,128,True,5,,,,,,,,,,,,,,,,,,,,,,,,,,
bmi_binary,mean_pool,,10m,26,False,False,0.6246143089899533,0.629176753467299,0.6503666873131208,0.6367079559692894,0.6930203419191537,2,43255,9285,9280,31,0,44.92711914777756,32,120,1352,5.0,1026,512,128,True,5,,,,,,,,,,,,,,,,,,,,,,,,,,
bmi_binary,mean_pool,,10m,27,False,False,0.6246901086631806,0.6264296111909048,0.6508526440561793,0.6378015758890655,0.693713402345053,2,43255,9285,9280,31,0,44.92711914777756,32,120,1352,5.0,1026,512,128,True,5,,,,,,,,,,,,,,,,,,,,,,,,,,
bmi_binary,mean_pool,,10m,28,False,False,0.6244132103037798,0.627836293884035,0.6498618280601032,0.6364237241100936,0.6933813780479943,2,43255,9285,9280,31,0,44.92711914777756,32,120,1352,5.0,1026,512,128,True,5,,,,,,,,,,,,,,,,,,,,,,,,,,
bmi_binary,mean_pool,,10m,29,False,False,0.6234781095284614,0.6263543922732964,0.6497181979104112,0.63688076557599,0.6942748023130979,2,43255,9285,9280,31,0,44.92711914777756,32,120,1352,5.0,1026,512,128,True,5,,,,,,,,,,,,,,,,,,,,,,,,,,
bmi_binary,mean_pool,,10m,30,False,False,0.62412771706553,0.6291270984586491,0.6505951398037434,0.6369682215326656,0.6933127587589102,2,43255,9285,9280,31,0,44.92711914777756,32,120,1352,5.0,1026,512,128,True,5,,,,,,,,,,,,,,,,,,,,,,,,,,
bmi_binary,mean_pool,,10m,31,False,False,0.6248639093328936,0.625647153819705,0.64780388803124,0.6373529436497725,0.6936619098474848,2,43255,9285,9280,31,0,44.92711914777756,32,120,1352,5.0,1026,512,128,True,5,,,,,,,,,,,,,,,,,,,,,,,,,,
bmi_binary,mean_pool,,40m,1,False,False,0.684042997735592,0.6365214858057683,0.5991394956186546,0.6332879235096749,0.6924042539474311,2,43255,9285,9280,25,0,54.66635271708171,32,480,1352,5.0,1026,512,128,True,5,,,,,,,,,,,,,,,,,,,,,,,,,,
bmi_binary,mean_pool,,40m,2,False,False,0.6380599006974288,0.6321902171732214,0.6388350432160678,0.6433907683510347,0.7040892387127157,2,43255,9285,9280,25,0,54.66635271708171,32,480,1352,5.0,1026,512,128,True,5,,,,,,,,,,,,,,,,,,,,,,,,,,
bmi_binary,mean_pool,,40m,3,False,False,0.6278900244210913,0.6237894276745806,0.6449146903189091,0.6435976353254791,0.7047505963543199,2,43255,9285,9280,25,0,54.66635271708171,32,480,1352,5.0,1026,512,128,True,5,,,,,,,,,,,,,,,,,,,,,,,,,,
bmi_binary,mean_pool,,40m,4,False,False,0.6233753170557566,0.6168577129056393,0.6514102995412714,0.6474389700379256,0.7107341815439902,2,43255,9285,9280,25,0,54.66635271708171,32,480,1352,5.0,1026,512,128,True,5,,,,,,,,,,,,,,,,,,,,,,,,,,
bmi_binary,mean_pool,,40m,5,False,False,0.6201314222480558,0.6168175971244828,0.6569807799329043,0.6488374244220759,0.7102534540898273,2,43255,9285,9280,25,0,54.66635271708171,32,480,1352,5.0,1026,512,128,True,5,,,,,,,,,,,,,,,,,,,,,,,,,,
bmi_binary,mean_pool,,40m,6,False,False,0.6185731978116594,0.6150260687066973,0.6579485871851547,0.6497952353322065,0.7127495087610125,2,43255,9285,9280,25,0,54.66635271708171,32,480,1352,5.0,1026,512,128,True,5,,,,,,,,,,,,,,,,,,,,,,,,,,
bmi_binary,mean_pool,,40m,7,False,False,0.6171382858413945,0.6228406135087123,0.6586965254218636,0.6484026674066785,0.7061188335842086,2,43255,9285,9280,25,0,54.66635271708171,32,480,1352,5.0,1026,512,128,True,5,,,,,,,,,,,,,,,,,,,,,,,,,,
bmi_binary,mean_pool,,40m,8,False,False,0.6170332517117906,0.617928764405402,0.6598643999584974,0.6495004919397563,0.7113533248680453,2,43255,9285,9280,25,0,54.66635271708171,32,480,1352,5.0,1026,512,128,True,5,,,,,,,,,,,,,,,,,,,,,,,,,,
bmi_binary,mean_pool,,40m,9,False,False,0.6177379305397702,0.621152069533969,0.6566841689907028,0.6523411286863947,0.712888569338278,2,43255,9285,9280,25,0,54.66635271708171,32,480,1352,5.0,1026,512,128,True,5,,,,,,,,,,,,,,,,,,,,,,,,,,
bmi_binary,mean_pool,,40m,10,False,False,0.6165006222965786,0.6217204304940609,0.658489245503108,0.6505226334334031,0.7100787383917635,2,43255,9285,9280,25,0,54.66635271708171,32,480,1352,5.0,1026,512,128,True,5,,,,,,,,,,,,,,,,,,,,,,,,,,
bmi_binary,mean_pool,,40m,11,False,False,0.6149913470437245,0.6153519042795168,0.661464567226217,0.6517154822270996,0.7126427396139043,2,43255,9285,9280,25,0,54.66635271708171,32,480,1352,5.0,1026,512,128,True,5,,,,,,,,,,,,,,,,,,,,,,,,,,
bmi_binary,mean_pool,,40m,12,False,False,0.6155980133704403,0.6142752968629458,0.6599953403992416,0.6539880757166763,0.7141875706024651,2,43255,9285,9280,25,0,54.66635271708171,32,480,1352,5.0,1026,512,128,True,5,,,,,,,,,,,,,,,,,,,,,,,,,,
bmi_binary,mean_pool,,40m,13,False,False,0.6175464135307119,0.6170297202719882,0.6570709787362483,0.6499251578832295,0.7125555919955375,2,43255,9285,9280,25,0,54.66635271708171,32,480,1352,5.0,1026,512,128,True,5,,,,,,,,,,,,,,,,,,,,,,,,,,
bmi_binary,mean_pool,,40m,14,True,False,0.6168643367358018,0.6114514898984228,0.6551033381228915,0.6505095991321678,0.7163219164066815,2,43255,9285,9280,25,0,54.66635271708171,32,480,1352,5.0,1026,512,128,True,5,0.7118945786614265,0.6725194480165255,0.6684037392160005,0.7441260796156615,0.7741709715047492,0.5708679245283019,,,,0.6938072159396876,0.6505095991321678,0.6438994186984306,0.7547945205479452,0.5462246777163904,,,,0.6988146551724138,0.6619444930452278,0.6562652091705107,0.7252155049864404,0.7569875776397516,0.5669014084507042,,,
bmi_binary,mean_pool,,40m,15,False,False,0.6140445945152946,0.617166388111854,0.6625964100322902,0.6514257843706115,0.7132478675602871,2,43255,9285,9280,25,0,54.66635271708171,32,480,1352,5.0,1026,512,128,True,5,,,,,,,,,,,,,,,,,,,,,,,,,,
bmi_binary,mean_pool,,40m,16,False,False,0.6155998677342576,0.6168667306101444,0.6635283176074428,0.652888569338278,0.7138766534641809,2,43255,9285,9280,25,0,54.66635271708171,32,480,1352,5.0,1026,512,128,True,5,,,,,,,,,,,,,,,,,,,,,,,,,,
bmi_binary,mean_pool,,40m,17,False,False,0.6149640896763778,0.6181044211166805,0.6626987640424709,0.6471564200240504,0.7125622633153096,2,43255,9285,9280,25,0,54.66635271708171,32,480,1352,5.0,1026,512,128,True,5,,,,,,,,,,,,,,,,,,,,,,,,,,
bmi_binary,mean_pool,,40m,18,False,False,0.6154340544018135,0.6192947239341695,0.6609270153087693,0.6519366448867698,0.7146019212279713,2,43255,9285,9280,25,0,54.66635271708171,32,480,1352,5.0,1026,512,128,True,5,,,,,,,,,,,,,,,,,,,,,,,,,,
bmi_binary,mean_pool,,40m,19,False,False,0.6154994666335238,0.6128610708601833,0.6604143083071061,0.6511621551165939,0.7147348711005715,2,43255,9285,9280,25,0,54.66635271708171,32,480,1352,5.0,1026,512,128,True,5,,,,,,,,,,,,,,,,,,,,,,,,,,
bmi_binary,mean_pool,,40m,20,False,False,0.6175519522001751,0.6198807170202351,0.6586931863557332,0.6508833892546902,0.712731737262124,2,43255,9285,9280,25,0,54.66635271708171,32,480,1352,5.0,1026,512,128,True,5,,,,,,,,,,,,,,,,,,,,,,,,,,
bmi_binary,mean_pool,,40m,21,False,False,0.6169078437775742,0.6167048430725266,0.6607466177020811,0.6507639782369216,0.7134728984641949,2,43255,9285,9280,25,0,54.66635271708171,32,480,1352,5.0,1026,512,128,True,5,,,,,,,,,,,,,,,,,,,,,,,,,,
bmi_binary,mean_pool,,40m,22,False,False,0.6149056437187506,0.6190804133636052,0.6618185836951703,0.6513782722403021,0.7131539645298821,2,43255,9285,9280,25,0,54.66635271708171,32,480,1352,5.0,1026,512,128,True,5,,,,,,,,,,,,,,,,,,,,,,,,,,
bmi_binary,mean_pool,,40m,23,False,False,0.614532007687134,0.6144798078393191,0.6594562855876221,0.6537643902890251,0.7123782974679818,2,43255,9285,9280,25,0,54.66635271708171,32,480,1352,5.0,1026,512,128,True,5,,,,,,,,,,,,,,,,,,,,,,,,,,
bmi_binary,mean_pool,,40m,24,False,False,0.615000402983896,0.6139582088382641,0.6608863742835314,0.6483110068367013,0.7136940330931099,2,43255,9285,9280,25,0,54.66635271708171,32,480,1352,5.0,1026,512,128,True,5,,,,,,,,,,,,,,,,,,,,,,,,,,
bmi_binary,mean_pool,,40m,25,False,False,0.6145494661500944,0.6171780168400314,0.6598424602188944,0.6509388901502728,0.711483808034175,2,43255,9285,9280,25,0,54.66635271708171,32,480,1352,5.0,1026,512,128,True,5,,,,,,,,,,,,,,,,,,,,,,,,,,
bmi_binary,mean_pool,,80m,1,False,False,0.6714911308871185,0.6237405872563232,0.6028160023643858,0.644793847809817,0.7075232024577367,2,43255,9285,9280,30,0,75.40779367287954,32,960,1352,5.0,1026,512,128,True,5,,,,,,,,,,,,,,,,,,,,,,,,,,
bmi_binary,mean_pool,,80m,2,False,False,0.6343974520610035,0.6149717590599594,0.640578205519206,0.6576368391399043,0.7213220986065911,2,43255,9285,9280,30,0,75.40779367287954,32,960,1352,5.0,1026,512,128,True,5,,,,,,,,,,,,,,,,,,,,,,,,,,
bmi_binary,mean_pool,,80m,3,False,False,0.6178090884690752,0.6191017455995629,0.6577570027636903,0.6584529545817671,0.7231850506375596,2,43255,9285,9280,30,0,75.40779367287954,32,960,1352,5.0,1026,512,128,True,5,,,,,,,,,,,,,,,,,,,,,,,,,,
bmi_binary,mean_pool,,80m,4,False,False,0.6138375146597634,0.6031732851674496,0.6616415251546126,0.6600923333081057,0.7281044762313211,2,43255,9285,9280,30,0,75.40779367287954,32,960,1352,5.0,1026,512,128,True,5,,,,,,,,,,,,,,,,,,,,,,,,,,
bmi_binary,mean_pool,,80m,5,False,False,0.6132147576971256,0.6057935432779192,0.6628687420021191,0.6588267447042895,0.7256787787560511,2,43255,9285,9280,30,0,75.40779367287954,32,960,1352,5.0,1026,512,128,True,5,,,,,,,,,,,,,,,,,,,,,,,,,,
bmi_binary,mean_pool,,80m,6,False,False,0.6096562649401444,0.6020341411353313,0.664720370504287,0.661699336512021,0.7297042475003573,2,43255,9285,9280,30,0,75.40779367287954,32,960,1352,5.0,1026,512,128,True,5,,,,,,,,,,,,,,,,,,,,,,,,,,
bmi_binary,mean_pool,,80m,7,False,False,0.6095383922897478,0.6018856722305844,0.6676250624895851,0.6598303858994088,0.730349207150085,2,43255,9285,9280,30,0,75.40779367287954,32,960,1352,5.0,1026,512,128,True,5,,,,,,,,,,,,,,,,,,,,,,,,,,
bmi_binary,mean_pool,,80m,8,False,False,0.6118009953564433,0.606564286715508,0.6652295372154955,0.6608201518706325,0.7265762114191692,2,43255,9285,9280,30,0,75.40779367287954,32,960,1352,5.0,1026,512,128,True,5,,,,,,,,,,,,,,,,,,,,,,,,,,
bmi_binary,mean_pool,,80m,9,False,False,0.6082963927855121,0.6121776091712229,0.6643533310485987,0.6632159405299494,0.7279343856078889,2,43255,9285,9280,30,0,75.40779367287954,32,960,1352,5.0,1026,512,128,True,5,,,,,,,,,,,,,,,,,,,,,,,,,,
bmi_binary,mean_pool,,80m,10,False,False,0.6100577443559078,0.6113675679965371,0.6681330595844088,0.6667120764903252,0.7296893912000246,2,43255,9285,9280,30,0,75.40779367287954,32,960,1352,5.0,1026,512,128,True,5,,,,,,,,,,,,,,,,,,,,,,,,,,
bmi_binary,mean_pool,,80m,11,False,False,0.6082205987406554,0.6021682558678528,0.6648756213587044,0.6634816720906178,0.7297833502919404,2,43255,9285,9280,30,0,75.40779367287954,32,960,1352,5.0,1026,512,128,True,5,,,,,,,,,,,,,,,,,,,,,,,,,,
bmi_binary,mean_pool,,80m,12,False,False,0.6083540772388553,0.606624007597365,0.6677549339261066,0.6676122841982224,0.730956381341608,2,43255,9285,9280,30,0,75.40779367287954,32,960,1352,5.0,1026,512,128,True,5,,,,,,,,,,,,,,,,,,,,,,,,,,
bmi_binary,mean_pool,,80m,13,False,False,0.6084807707152468,0.604347923845775,0.6653725322509141,0.6635994012630658,0.7306645811784691,2,43255,9285,9280,30,0,75.40779367287954,32,960,1352,5.0,1026,512,128,True,5,,,,,,,,,,,,,,,,,,,,,,,,,,
bmi_binary,mean_pool,,80m,14,False,False,0.6082746182283408,0.6163046117681422,0.6695795795040449,0.6618620550467973,0.729100941553072,2,43255,9285,9280,30,0,75.40779367287954,32,960,1352,5.0,1026,512,128,True,5,,,,,,,,,,,,,,,,,,,,,,,,,,
bmi_binary,mean_pool,,80m,15,False,False,0.6082572470371633,0.6102395865181536,0.668291618063656,0.6606973771622224,0.727686986161216,2,43255,9285,9280,30,0,75.40779367287954,32,960,1352,5.0,1026,512,128,True,5,,,,,,,,,,,,,,,,,,,,,,,,,,
bmi_binary,mean_pool,,80m,16,False,False,0.6086710782412669,0.6074471773931783,0.6678259975538667,0.6629472657399699,0.7300079327037625,2,43255,9285,9280,30,0,75.40779367287954,32,960,1352,5.0,1026,512,128,True,5,,,,,,,,,,,,,,,,,,,,,,,,,,
bmi_binary,mean_pool,,80m,17,False,False,0.6075980260708114,0.6066432513340738,0.6691385712444152,0.6646900779535305,0.7306296828880647,2,43255,9285,9280,30,0,75.40779367287954,32,960,1352,5.0,1026,512,128,True,5,,,,,,,,,,,,,,,,,,,,,,,,,,
bmi_binary,mean_pool,,80m,18,False,False,0.607594752677561,0.6008159770205512,0.6693388711944236,0.6622505613158758,0.7303880577769929,2,43255,9285,9280,30,0,75.40779367287954,32,960,1352,5.0,1026,512,128,True,5,,,,,,,,,,,,,,,,,,,,,,,,,,
bmi_binary,mean_pool,,80m,19,False,False,0.607903660261456,0.6005283522747124,0.6681254130600875,0.6594902326833001,0.7305285198920256,2,43255,9285,9280,30,0,75.40779367287954,32,960,1352,5.0,1026,512,128,True,5,,,,,,,,,,,,,,,,,,,,,,,,,,
bmi_binary,mean_pool,,80m,20,True,False,0.6068298951916138,0.6035792535841946,0.6675282861661421,0.6662171935047134,0.7325314294844303,2,43255,9285,9280,30,0,75.40779367287954,32,960,1352,5.0,1026,512,128,True,5,0.7053982198589759,0.6876023933118065,0.6735629191260286,0.756916292567591,0.7335444092651224,0.6416603773584906,,,,0.6852988691437802,0.6662171935047134,0.648752608711413,0.7121765601217656,0.6202578268876612,,,,0.6931034482758621,0.6812527337940688,0.663887432893062,0.7425428932289388,0.7118012422360248,0.6507042253521127,,,
bmi_binary,mean_pool,,80m,21,False,False,0.6080948374227573,0.608232404483411,0.666990432412208,0.6656243430291716,0.7301906371670996,2,43255,9285,9280,30,0,75.40779367287954,32,960,1352,5.0,1026,512,128,True,5,,,,,,,,,,,,,,,,,,,,,,,,,,
bmi_binary,mean_pool,,80m,22,False,False,0.6082144360516942,0.6155592189531013,0.6667164969360453,0.6597269524121867,0.7280475737979711,2,43255,9285,9280,30,0,75.40779367287954,32,960,1352,5.0,1026,512,128,True,5,,,,,,,,,,,,,,,,,,,,,,,,,,
bmi_binary,mean_pool,,80m,23,False,False,0.6071384685602564,0.6041030865236836,0.6705331941531757,0.6642204226477291,0.7304407836277964,2,43255,9285,9280,30,0,75.40779367287954,32,960,1352,5.0,1026,512,128,True,5,,,,,,,,,,,,,,,,,,,,,,,,,,
bmi_binary,mean_pool,,80m,24,False,False,0.607955624884697,0.6038577808702127,0.6705072802331686,0.6663937872633854,0.7316365195892933,2,43255,9285,9280,30,0,75.40779367287954,32,960,1352,5.0,1026,512,128,True,5,,,,,,,,,,,,,,,,,,,,,,,,,,
bmi_binary,mean_pool,,80m,25,False,False,0.6064370932833691,0.605816532105737,0.6660743523878097,0.6628913443830571,0.7302373644362594,2,43255,9285,9280,30,0,75.40779367287954,32,960,1352,5.0,1026,512,128,True,5,,,,,,,,,,,,,,,,,,,,,,,,,,
bmi_binary,mean_pool,,80m,26,False,False,0.6074965046700845,0.6054153390192639,0.6687081146852882,0.6625125087245726,0.7301504410639353,2,43255,9285,9280,30,0,75.40779367287954,32,960,1352,5.0,1026,512,128,True,5,,,,,,,,,,,,,,,,,,,,,,,,,,
bmi_binary,mean_pool,,80m,27,False,False,0.6065304649233088,0.606067595901705,0.6700935881755556,0.6629232994441501,0.7296713113628273,2,43255,9285,9280,30,0,75.40779367287954,32,960,1352,5.0,1026,512,128,True,5,,,,,,,,,,,,,,,,,,,,,,,,,,
bmi_binary,mean_pool,,80m,28,False,False,0.6071095244317589,0.605477931843564,0.6709169981103779,0.6629005945323209,0.7297562725822773,2,43255,9285,9280,30,0,75.40779367287954,32,960,1352,5.0,1026,512,128,True,5,,,,,,,,,,,,,,,,,,,,,,,,,,
bmi_binary,mean_pool,,80m,29,False,False,0.606457603593711,0.6022353145083754,0.6695015359075374,0.6640186012092468,0.7308774467345571,2,43255,9285,9280,30,0,75.40779367287954,32,960,1352,5.0,1026,512,128,True,5,,,,,,,,,,,,,,,,,,,,,,,,,,
bmi_binary,mean_pool,,80m,30,False,False,0.6065960712631842,0.6038799494585172,0.669892753723436,0.6633286241664355,0.730421722714162,2,43255,9285,9280,30,0,75.40779367287954,32,960,1352,5.0,1026,512,128,True,5,,,,,,,,,,,,,,,,,,,,,,,,,,
bmi_binary,mean_pool,,120m,1,False,False,0.66944478420891,0.6157259576861166,0.6067913901142263,0.6521191251040641,0.7193089297577301,2,43255,9285,9280,34,0,126.48155136505763,32,1440,1352,5.0,1026,512,128,True,5,,,,,,,,,,,,,,,,,,,,,,,,,,
bmi_binary,mean_pool,,120m,2,False,False,0.6289863681637501,0.6050668812465719,0.6464333743118285,0.6492637722108697,0.7245974923686269,2,43255,9285,9280,34,0,126.48155136505763,32,1440,1352,5.0,1026,512,128,True,5,,,,,,,,,,,,,,,,,,,,,,,,,,
bmi_binary,mean_pool,,120m,3,False,False,0.6162023049422791,0.6086735445257792,0.6623978456420785,0.667881379449532,0.7312636825124528,2,43255,9285,9280,34,0,126.48155136505763,32,1440,1352,5.0,1026,512,128,True,5,,,,,,,,,,,,,,,,,,,,,,,,,,
bmi_binary,mean_pool,,120m,4,False,False,0.611368861089289,0.6104262487183479,0.6653736012551367,0.6702717021115567,0.7351349821023627,2,43255,9285,9280,34,0,126.48155136505763,32,1440,1352,5.0,1026,512,128,True,5,,,,,,,,,,,,,,,,,,,,,,,,,,
bmi_binary,mean_pool,,120m,5,False,False,0.6086714364065489,0.599740954702364,0.6667491896004754,0.656044552082545,0.7321555931167678,2,43255,9285,9280,34,0,126.48155136505763,32,1440,1352,5.0,1026,512,128,True,5,,,,,,,,,,,,,,,,,,,,,,,,,,
bmi_binary,mean_pool,,120m,6,False,False,0.605973637218407,0.5979643148251227,0.6692556523598268,0.6614718669323982,0.7343059725130413,2,43255,9285,9280,34,0,126.48155136505763,32,1440,1352,5.0,1026,512,128,True,5,,,,,,,,,,,,,,,,,,,,,,,,,,
bmi_binary,mean_pool,,120m,7,False,False,0.6077807162279559,0.6056840196436428,0.6669918346942176,0.6687201998032241,0.7335263250838819,2,43255,9285,9280,34,0,126.48155136505763,32,1440,1352,5.0,1026,512,128,True,5,,,,,,,,,,,,,,,,,,,,,,,,,,
bmi_binary,mean_pool,,120m,8,False,False,0.6051555628804661,0.6037832668730182,0.672004024486485,0.6684708662344324,0.7344156568587054,2,43255,9285,9280,34,0,126.48155136505763,32,1440,1352,5.0,1026,512,128,True,5,,,,,,,,,,,,,,,,,,,,,,,,,,
bmi_binary,mean_pool,,120m,9,False,False,0.6045055696501538,0.6016768601355401,0.6726671403822633,0.6700143797774918,0.7373211567732115,2,43255,9285,9280,34,0,126.48155136505763,32,1440,1352,5.0,1026,512,128,True,5,,,,,,,,,,,,,,,,,,,,,,,,,,
bmi_binary,mean_pool,,120m,10,False,False,0.6037148992914145,0.6075898588634526,0.6736247292117981,0.6673133361924704,0.7335578036221342,2,43255,9285,9280,34,0,126.48155136505763,32,1440,1352,5.0,1026,512,128,True,5,,,,,,,,,,,,,,,,,,,,,,,,,,
bmi_binary,mean_pool,,120m,11,False,False,0.6048654611545303,0.5992085457811063,0.669989297381254,0.6695779409167739,0.7376911066822517,2,43255,9285,9280,34,0,126.48155136505763,32,1440,1352,5.0,1026,512,128,True,5,,,,,,,,,,,,,,,,,,,,,,,,,,
bmi_binary,mean_pool,,120m,12,False,False,0.6047424472504138,0.598497181241719,0.6694088658179611,0.6704411480276159,0.737326230339929,2,43255,9285,9280,34,0,126.48155136505763,32,1440,1352,5.0,1026,512,128,True,5,,,,,,,,,,,,,,,,,,,,,,,,,,
bmi_binary,mean_pool,,120m,13,False,False,0.6045024333930598,0.5991299607449472,0.6708508770550821,0.6662495690271366,0.7341184467597848,2,43255,9285,9280,34,0,126.48155136505763,32,1440,1352,5.0,1026,512,128,True,5,,,,,,,,,,,,,,,,,,,,,,,,,,
bmi_binary,mean_pool,,120m,14,False,False,0.6037861847420012,0.6029198702330479,0.672968492672605,0.6697751372806242,0.7353301041903175,2,43255,9285,9280,34,0,126.48155136505763,32,1440,1352,5.0,1026,512,128,True,5,,,,,,,,,,,,,,,,,,,,,,,,,,
bmi_binary,mean_pool,,120m,15,False,False,0.6024908642950202,0.6020510709407706,0.6749449494266679,0.6682610560306769,0.7359534801584298,2,43255,9285,9280,34,0,126.48155136505763,32,1440,1352,5.0,1026,512,128,True,5,,,,,,,,,,,,,,,,,,,,,,,,,,
bmi_binary,mean_pool,,120m,16,False,False,0.6033368783387927,0.6109683358290533,0.6746104705819471,0.6667722024605397,0.7363546282981688,2,43255,9285,9280,34,0,126.48155136505763,32,1440,1352,5.0,1026,512,128,True,5,,,,,,,,,,,,,,,,,,,,,,,,,,
bmi_binary,mean_pool,,120m,17,False,False,0.6050620128468769,0.5982664291423434,0.6715976456754063,0.6688660998847935,0.7366144453694594,2,43255,9285,9280,34,0,126.48155136505763,32,1440,1352,5.0,1026,512,128,True,5,,,,,,,,,,,,,,,,,,,,,,,,,,
bmi_binary,mean_pool,,120m,18,False,False,0.6035864837444417,0.5962249649488996,0.6735678581871575,0.6663794915781596,0.7386153647782348,2,43255,9285,9280,34,0,126.48155136505763,32,1440,1352,5.0,1026,512,128,True,5,,,,,,,,,,,,,,,,,,,,,,,,,,
bmi_binary,mean_pool,,120m,19,False,False,0.6049099456160182,0.596433769815637,0.6705034066649269,0.6678237762472985,0.7390744805200267,2,43255,9285,9280,34,0,126.48155136505763,32,1440,1352,5.0,1026,512,128,True,5,,,,,,,,,,,,,,,,,,,,,,,,,,
bmi_binary,mean_pool,,120m,20,False,False,0.6038863625668085,0.5971132705978123,0.6737450173398774,0.6681630885407469,0.7374640295332038,2,43255,9285,9280,34,0,126.48155136505763,32,1440,1352,5.0,1026,512,128,True,5,,,,,,,,,,,,,,,,,,,,,,,,,,
bmi_binary,mean_pool,,120m,21,False,False,0.6034571380466963,0.5991356464246299,0.6727120888656921,0.670396999587948,0.736720850116748,2,43255,9285,9280,34,0,126.48155136505763,32,1440,1352,5.0,1026,512,128,True,5,,,,,,,,,,,,,,,,,,,,,,,,,,
bmi_binary,mean_pool,,120m,22,False,False,0.6041238031171261,0.596467792191811,0.673137703464517,0.6642700370846893,0.7383524362931008,2,43255,9285,9280,34,0,126.48155136505763,32,1440,1352,5.0,1026,512,128,True,5,,,,,,,,,,,,,,,,,,,,,,,,,,
bmi_binary,mean_pool,,120m,23,False,False,0.6023704998797178,0.5963882129553125,0.6738428626675428,0.6673700984720435,0.7390398625371758,2,43255,9285,9280,34,0,126.48155136505763,32,1440,1352,5.0,1026,512,128,True,5,,,,,,,,,,,,,,,,,,,,,,,,,,
bmi_binary,mean_pool,,120m,24,True,False,0.6033587276198357,0.5966890221715423,0.6716497753519067,0.6708006424649124,0.7393726716953842,2,43255,9285,9280,34,0,126.48155136505763,32,1440,1352,5.0,1026,512,128,True,5,0.7164720841521212,0.6902953344253946,0.6806388250791825,0.7629903091623096,0.7578736877187136,0.6227169811320755,,,,0.7008077544426494,0.6708006424649124,0.6588274280964069,0.7430745814307458,0.5985267034990792,,,,0.7105603448275862,0.6891063773948036,0.6769323378778678,0.7534885125973231,0.7444099378881988,0.6338028169014085,,,
bmi_binary,mean_pool,,120m,25,False,False,0.602044479220799,0.6079050680354647,0.6739767082844683,0.6709246785573131,0.7369281095217672,2,43255,9285,9280,34,0,126.48155136505763,32,1440,1352,5.0,1026,512,128,True,5,,,,,,,,,,,,,,,,,,,,,,,,,,
bmi_binary,mean_pool,,120m,26,False,False,0.6030023109842595,0.6008393036016034,0.6728003508849154,0.6730126895229446,0.7380523670571351,2,43255,9285,9280,34,0,126.48155136505763,32,1440,1352,5.0,1026,512,128,True,5,,,,,,,,,,,,,,,,,,,,,,,,,,
bmi_binary,mean_pool,,120m,27,False,False,0.604038294715394,0.5995575202429365,0.6692756553153091,0.6689981247424674,0.7364088678097608,2,43255,9285,9280,34,0,126.48155136505763,32,1440,1352,5.0,1026,512,128,True,5,,,,,,,,,,,,,,,,,,,,,,,,,,
bmi_binary,mean_pool,,120m,28,False,False,0.6013004166709799,0.5969722139430932,0.6761362665970766,0.6652455073706871,0.7370974152840496,2,43255,9285,9280,34,0,126.48155136505763,32,1440,1352,5.0,1026,512,128,True,5,,,,,,,,,,,,,,,,,,,,,,,,,,
bmi_binary,mean_pool,,120m,29,False,False,0.6032632219434515,0.5983579908126005,0.6722883796096877,0.6687244044165259,0.7372188445162032,2,43255,9285,9280,34,0,126.48155136505763,32,1440,1352,5.0,1026,512,128,True,5,,,,,,,,,,,,,,,,,,,,,,,,,,
bmi_binary,mean_pool,,120m,30,False,False,0.6010411800201084,0.6009410262172044,0.6736645024571377,0.6705122059924149,0.7360976703639233,2,43255,9285,9280,34,0,126.48155136505763,32,1440,1352,5.0,1026,512,128,True,5,,,,,,,,,,,,,,,,,,,,,,,,,,
bmi_binary,mean_pool,,120m,31,False,False,0.6017036242590325,0.5986726778902928,0.6780916199501341,0.6671140375219691,0.7365722871134209,2,43255,9285,9280,34,0,126.48155136505763,32,1440,1352,5.0,1026,512,128,True,5,,,,,,,,,,,,,,,,,,,,,,,,,,
bmi_binary,mean_pool,,120m,32,False,False,0.6005135972463193,0.5980095575814871,0.6751020050117433,0.6678157874820252,0.7376784648115913,2,43255,9285,9280,34,0,126.48155136505763,32,1440,1352,5.0,1026,512,128,True,5,,,,,,,,,,,,,,,,,,,,,,,,,,
bmi_binary,mean_pool,,120m,33,False,False,0.6000469703120919,0.6026795965725206,0.6749006360575125,0.6722058242303455,0.736404803350236,2,43255,9285,9280,34,0,126.48155136505763,32,1440,1352,5.0,1026,512,128,True,5,,,,,,,,,,,,,,,,,,,,,,,,,,
bmi_binary,mean_pool,,120m,34,False,False,0.6013585865986772,0.598847069038007,0.6726596259114047,0.6697364548382485,0.7366967436671517,2,43255,9285,9280,34,0,126.48155136505763,32,1440,1352,5.0,1026,512,128,True,5,,,,,,,,,,,,,,,,,,,,,,,,,,
bmi_binary,mean_pool,,240m,1,False,False,0.6669292448352564,0.6188308624033912,0.6082573735823333,0.6490330790516916,0.7121342773111553,2,43251,9281,9280,24,0,119.74326054652532,32,2880,1352,4.999537625708011,1026,512,128,True,5,,,,,,,,,,,,,,,,,,,,,,,,,,
bmi_binary,mean_pool,,240m,2,False,False,0.6219403165530195,0.6121242783370427,0.6532588068579742,0.6631858746632157,0.7283332463850554,2,43251,9281,9280,24,0,119.74326054652532,32,2880,1352,4.999537625708011,1026,512,128,True,5,,,,,,,,,,,,,,,,,,,,,,,,,,
bmi_binary,mean_pool,,240m,3,False,False,0.6107538605446882,0.6084632941096935,0.6640428681384145,0.6666935645372192,0.7359001025989682,2,43251,9281,9280,24,0,119.74326054652532,32,2880,1352,4.999537625708011,1026,512,128,True,5,,,,,,,,,,,,,,,,,,,,,,,,,,
bmi_binary,mean_pool,,240m,4,False,False,0.6043414931879306,0.5938470466629389,0.6709412012789755,0.6703661195656625,0.741565287779167,2,43251,9281,9280,24,0,119.74326054652532,32,2880,1352,4.999537625708011,1026,512,128,True,5,,,,,,,,,,,,,,,,,,,,,,,,,,
bmi_binary,mean_pool,,240m,5,False,False,0.6011083960210665,0.5961484241724503,0.6747691127929432,0.6742386836816032,0.7424307036247335,2,43251,9281,9280,24,0,119.74326054652532,32,2880,1352,4.999537625708011,1026,512,128,True,5,,,,,,,,,,,,,,,,,,,,,,,,,,
bmi_binary,mean_pool,,240m,6,False,False,0.6004233149467227,0.5953173552103025,0.6768927346474012,0.6786805907322111,0.7462698627731789,2,43251,9281,9280,24,0,119.74326054652532,32,2880,1352,4.999537625708011,1026,512,128,True,5,,,,,,,,,,,,,,,,,,,,,,,,,,
bmi_binary,mean_pool,,240m,7,False,False,0.597840881892561,0.5963700419291251,0.6770448143387849,0.6779681758082965,0.7460810167226781,2,43251,9281,9280,24,0,119.74326054652532,32,2880,1352,4.999537625708011,1026,512,128,True,5,,,,,,,,,,,,,,,,,,,,,,,,,,
bmi_binary,mean_pool,,240m,8,False,False,0.5984936981296978,0.5890669495031091,0.678531879645707,0.6750727700992164,0.7474284906508163,2,43251,9281,9280,24,0,119.74326054652532,32,2880,1352,4.999537625708011,1026,512,128,True,5,,,,,,,,,,,,,,,,,,,,,,,,,,
bmi_binary,mean_pool,,240m,9,False,False,0.5964538875236607,0.588258338409975,0.6763915939018971,0.6722137704756183,0.7479351747295768,2,43251,9281,9280,24,0,119.74326054652532,32,2880,1352,4.999537625708011,1026,512,128,True,5,,,,,,,,,,,,,,,,,,,,,,,,,,
bmi_binary,mean_pool,,240m,10,False,False,0.5978010531582669,0.5879588222698897,0.6765822813314898,0.6753958250241632,0.7493326298937155,2,43251,9281,9280,24,0,119.74326054652532,32,2880,1352,4.999537625708011,1026,512,128,True,5,,,,,,,,,,,,,,,,,,,,,,,,,,
bmi_binary,mean_pool,,240m,11,False,False,0.596503733149876,0.5879423128172647,0.6791406953338066,0.6755156453609727,0.748396505464559,2,43251,9281,9280,24,0,119.74326054652532,32,2880,1352,4.999537625708011,1026,512,128,True,5,,,,,,,,,,,,,,,,,,,,,,,,,,
bmi_binary,mean_pool,,240m,12,False,False,0.5973138098974332,0.5879822903929979,0.6787264128785421,0.6700254786502711,0.748295168648807,2,43251,9281,9280,24,0,119.74326054652532,32,2880,1352,4.999537625708011,1026,512,128,True,5,,,,,,,,,,,,,,,,,,,,,,,,,,
bmi_binary,mean_pool,,240m,13,False,False,0.593519308601996,0.5911971999645593,0.6818861044423544,0.6798537193388117,0.747160072901924,2,43251,9281,9280,24,0,119.74326054652532,32,2880,1352,4.999537625708011,1026,512,128,True,5,,,,,,,,,,,,,,,,,,,,,,,,,,
bmi_binary,mean_pool,,240m,14,True,False,0.5959892541294839,0.5880593184304256,0.6782928649241433,0.6765470482742449,0.7497228032798012,2,43251,9281,9280,24,0,119.74326054652532,32,2880,1352,4.999537625708011,1026,512,128,True,5,0.7269427296478694,0.6989211924340055,0.6905015428682073,0.7742595532985681,0.7712381269788369,0.6266042578891741,,,,0.709837302014869,0.6765470482742449,0.6663697146536234,0.7567773378007919,0.596316758747698,,,,0.7184267241379311,0.6937899133934039,0.683391955675626,0.765260257195346,0.7572981366459627,0.6302816901408451,,,
bmi_binary,mean_pool,,240m,15,False,False,0.594933546487148,0.5911605186907334,0.6799589670280681,0.6812292130507682,0.7487543397007521,2,43251,9281,9280,24,0,119.74326054652532,32,2880,1352,4.999537625708011,1026,512,128,True,5,,,,,,,,,,,,,,,,,,,,,,,,,,
bmi_binary,mean_pool,,240m,16,False,False,0.5945816792845546,0.5901530567601174,0.6813018543414036,0.6788124716366302,0.7495685121578937,2,43251,9281,9280,24,0,119.74326054652532,32,2880,1352,4.999537625708011,1026,512,128,True,5,,,,,,,,,,,,,,,,,,,,,,,,,,
bmi_binary,mean_pool,,240m,17,False,False,0.5951803245794368,0.5875658560012412,0.6816316498963898,0.6765298269056117,0.7491261417571069,2,43251,9281,9280,24,0,119.74326054652532,32,2880,1352,4.999537625708011,1026,512,128,True,5,,,,,,,,,,,,,,,,,,,,,,,,,,
bmi_binary,mean_pool,,240m,18,False,False,0.5952764786832421,0.5928023626174718,0.6787009867976355,0.6780503559550315,0.7468388130382029,2,43251,9281,9280,24,0,119.74326054652532,32,2880,1352,4.999537625708011,1026,512,128,True,5,,,,,,,,,,,,,,,,,,,,,,,,,,
bmi_binary,mean_pool,,240m,19,False,False,0.5934974671372077,0.59120172725234,0.682329505301887,0.6804871515687994,0.7495706998887622,2,43251,9281,9280,24,0,119.74326054652532,32,2880,1352,4.999537625708011,1026,512,128,True,5,,,,,,,,,,,,,,,,,,,,,,,,,,
bmi_binary,mean_pool,,240m,20,False,False,0.5945430010641929,0.5925854941519565,0.6820247722566144,0.678202655680892,0.7472545379989219,2,43251,9281,9280,24,0,119.74326054652532,32,2880,1352,4.999537625708011,1026,512,128,True,5,,,,,,,,,,,,,,,,,,,,,,,,,,
bmi_binary,mean_pool,,240m,21,False,False,0.5939559874177731,0.5945048227532133,0.6839104701030879,0.6776441392092418,0.7475971142146972,2,43251,9281,9280,24,0,119.74326054652532,32,2880,1352,4.999537625708011,1026,512,128,True,5,,,,,,,,,,,,,,,,,,,,,,,,,,
bmi_binary,mean_pool,,240m,22,False,False,0.5957046929724558,0.5934941861961129,0.6790073842189923,0.68015708468594,0.7482139701761796,2,43251,9281,9280,24,0,119.74326054652532,32,2880,1352,4.999537625708011,1026,512,128,True,5,,,,,,,,,,,,,,,,,,,,,,,,,,
bmi_binary,mean_pool,,240m,23,False,False,0.5937526279514378,0.5933363617988588,0.6808627194677378,0.6793567117619703,0.7482159054765636,2,43251,9281,9280,24,0,119.74326054652532,32,2880,1352,4.999537625708011,1026,512,128,True,5,,,,,,,,,,,,,,,,,,,,,,,,,,
bmi_binary,mean_pool,,240m,24,False,False,0.5946212514064587,0.5922875846078357,0.6782925780928907,0.6789501303943694,0.7465404963007715,2,43251,9281,9280,24,0,119.74326054652532,32,2880,1352,4.999537625708011,1026,512,128,True,5,,,,,,,,,,,,,,,,,,,,,,,,,,
bmi_binary,transformer,,30s,1,False,False,0.6607264848957585,0.6340659498205478,0.6067186915388316,0.627300133706703,0.6797296433646998,2,43255,9285,9280,38,0,50.06926106214523,32,6,1352,5.0,264322,512,128,True,5,,,,,,,,,,,,,,,,,,,,,,,,,,
bmi_binary,transformer,,30s,2,False,False,0.6363699682488385,0.6696262092954957,0.6360368806456785,0.6069018727347646,0.678749463911804,2,43255,9285,9280,38,0,50.06926106214523,32,6,1352,5.0,264322,512,128,True,5,,,,,,,,,,,,,,,,,,,,,,,,,,
bmi_binary,transformer,,30s,3,False,False,0.6255718653222175,0.63743695382091,0.646877690196288,0.624828241546625,0.6817419712909004,2,43255,9285,9280,38,0,50.06926106214523,32,6,1352,5.0,264322,512,128,True,5,,,,,,,,,,,,,,,,,,,,,,,,,,
bmi_binary,transformer,,30s,4,False,False,0.6225603110637847,0.626279020546968,0.6463432446793458,0.6311923442401002,0.6914529181417852,2,43255,9285,9280,38,0,50.06926106214523,32,6,1352,5.0,264322,512,128,True,5,,,,,,,,,,,,,,,,,,,,,,,,,,
bmi_binary,transformer,,30s,5,False,False,0.6196605329609457,0.6344502736242086,0.6520119036764314,0.6328977353952757,0.6883840269543744,2,43255,9285,9280,38,0,50.06926106214523,32,6,1352,5.0,264322,512,128,True,5,,,,,,,,,,,,,,,,,,,,,,,,,,
bmi_binary,transformer,,30s,6,False,False,0.6161609555431741,0.6368694042222245,0.6568267993070338,0.6279417576965447,0.6878894523070713,2,43255,9285,9280,38,0,50.06926106214523,32,6,1352,5.0,264322,512,128,True,5,,,,,,,,,,,,,,,,,,,,,,,,,,
bmi_binary,transformer,,30s,7,False,False,0.6147765431193558,0.6287131748086481,0.6564150440335416,0.6307382460035151,0.6892827210014829,2,43255,9285,9280,38,0,50.06926106214523,32,6,1352,5.0,264322,512,128,True,5,,,,,,,,,,,,,,,,,,,,,,,,,,
bmi_binary,transformer,,30s,8,False,False,0.6130933001294686,0.6247339829232786,0.6569663546641598,0.6315749640505562,0.6940278793892659,2,43255,9285,9280,38,0,50.06926106214523,32,6,1352,5.0,264322,512,128,True,5,,,,,,,,,,,,,,,,,,,,,,,,,,
bmi_binary,transformer,,30s,9,False,False,0.610755654090182,0.6338604532780029,0.6620583236127312,0.6343857480427525,0.6923437355466417,2,43255,9285,9280,38,0,50.06926106214523,32,6,1352,5.0,264322,512,128,True,5,,,,,,,,,,,,,,,,,,,,,,,,,,
bmi_binary,transformer,,30s,10,False,False,0.609163976616149,0.6286831660173116,0.6592379194662525,0.6295676816603177,0.691139954758361,2,43255,9285,9280,38,0,50.06926106214523,32,6,1352,5.0,264322,512,128,True,5,,,,,,,,,,,,,,,,,,,,,,,,,,
bmi_binary,transformer,,30s,11,False,False,0.6075692673278481,0.6295793994306298,0.6634762571018038,0.6388123649267977,0.6956610633186733,2,43255,9285,9280,38,0,50.06926106214523,32,6,1352,5.0,264322,512,128,True,5,,,,,,,,,,,,,,,,,,,,,,,,,,
bmi_binary,transformer,,30s,12,False,False,0.6064982840745053,0.6254726651283639,0.6622886122753127,0.6299427331668306,0.693236963596458,2,43255,9285,9280,38,0,50.06926106214523,32,6,1352,5.0,264322,512,128,True,5,,,,,,,,,,,,,,,,,,,,,,,,,,
bmi_binary,transformer,,30s,13,False,False,0.6048371033907736,0.6309245227162531,0.6676228930398392,0.6335587006063053,0.694275867481801,2,43255,9285,9280,38,0,50.06926106214523,32,6,1352,5.0,264322,512,128,True,5,,,,,,,,,,,,,,,,,,,,,,,,,,
bmi_binary,transformer,,30s,14,False,False,0.6038773226980501,0.6346346841875301,0.6675404413729787,0.6366932398227335,0.6941897850321372,2,43255,9285,9280,38,0,50.06926106214523,32,6,1352,5.0,264322,512,128,True,5,,,,,,,,,,,,,,,,,,,,,,,,,,
bmi_binary,transformer,,30s,15,False,False,0.6027889111712825,0.6272769297459592,0.6693640179466944,0.6327085277966986,0.6946790898974354,2,43255,9285,9280,38,0,50.06926106214523,32,6,1352,5.0,264322,512,128,True,5,,,,,,,,,,,,,,,,,,,,,,,,,,
bmi_binary,transformer,,30s,16,False,False,0.6004151453297754,0.6459168770715121,0.6698521126981981,0.6309774885003826,0.6900739731633548,2,43255,9285,9280,38,0,50.06926106214523,32,6,1352,5.0,264322,512,128,True,5,,,,,,,,,,,,,,,,,,,,,,,,,,
bmi_binary,transformer,,30s,17,False,False,0.5995055213813464,0.63099045718172,0.6708284028133675,0.632452466846624,0.6930730677699571,2,43255,9285,9280,38,0,50.06926106214523,32,6,1352,5.0,264322,512,128,True,5,,,,,,,,,,,,,,,,,,,,,,,,,,
bmi_binary,transformer,,30s,18,False,False,0.5986248493966251,0.6229207159308381,0.6710705134049986,0.6359998990892808,0.6967036392329664,2,43255,9285,9280,38,0,50.06926106214523,32,6,1352,5.0,264322,512,128,True,5,,,,,,,,,,,,,,,,,,,,,,,,,,
bmi_binary,transformer,,30s,19,False,False,0.5963594227261025,0.6294928015722789,0.6727661553263136,0.635284694366659,0.6938647403931593,2,43255,9285,9280,38,0,50.06926106214523,32,6,1352,5.0,264322,512,128,True,5,,,,,,,,,,,,,,,,,,,,,,,,,,
bmi_binary,transformer,,30s,20,False,False,0.5955248892989383,0.6264811555223563,0.6736434304974328,0.6316216352582054,0.6953232366552581,2,43255,9285,9280,38,0,50.06926106214523,32,6,1352,5.0,264322,512,128,True,5,,,,,,,,,,,,,,,,,,,,,,,,,,
bmi_binary,transformer,,30s,21,False,False,0.5937349235786894,0.6269358595019717,0.678689482570515,0.6368862315732822,0.6964948661671586,2,43255,9285,9280,38,0,50.06926106214523,32,6,1352,5.0,264322,512,128,True,5,,,,,,,,,,,,,,,,,,,,,,,,,,
bmi_binary,transformer,,30s,22,False,False,0.5924833705688182,0.6287558199772606,0.6802350488755019,0.6361041734991633,0.6962198003649605,2,43255,9285,9280,38,0,50.06926106214523,32,6,1352,5.0,264322,512,128,True,5,,,,,,,,,,,,,,,,,,,,,,,,,,
bmi_binary,transformer,,30s,23,False,False,0.5913219887119485,0.6241948269744939,0.6792118734927827,0.6348663353431385,0.6968939680617573,2,43255,9285,9280,38,0,50.06926106214523,32,6,1352,5.0,264322,512,128,True,5,,,,,,,,,,,,,,,,,,,,,,,,,,
bmi_binary,transformer,,30s,24,False,False,0.5913173109337768,0.6268845595912903,0.6803835209854961,0.6358851131461439,0.6971099730624442,2,43255,9285,9280,38,0,50.06926106214523,32,6,1352,5.0,264322,512,128,True,5,,,,,,,,,,,,,,,,,,,,,,,,,,
bmi_binary,transformer,,30s,25,False,False,0.5890648524453359,0.6341233687819366,0.6823067476175355,0.6352809102146876,0.6955513509422538,2,43255,9285,9280,38,0,50.06926106214523,32,6,1352,5.0,264322,512,128,True,5,,,,,,,,,,,,,,,,,,,,,,,,,,
bmi_binary,transformer,,30s,26,False,False,0.5873421691729284,0.6371545818844468,0.684007866613426,0.6336490997922921,0.6947242194135406,2,43255,9285,9280,38,0,50.06926106214523,32,6,1352,5.0,264322,512,128,True,5,,,,,,,,,,,,,,,,,,,,,,,,,,
bmi_binary,transformer,,30s,27,False,False,0.5862108225464724,0.635451591239543,0.6852727186978271,0.6350525997124045,0.6958624082343148,2,43255,9285,9280,38,0,50.06926106214523,32,6,1352,5.0,264322,512,128,True,5,,,,,,,,,,,,,,,,,,,,,,,,,,
bmi_binary,transformer,,30s,28,True,False,0.5854062301894031,0.6251827943177395,0.6864754239073362,0.6378806226191378,0.6988893373809745,2,43255,9285,9280,38,0,50.06926106214523,32,6,1352,5.0,264322,512,128,True,5,0.7129811582476014,0.687231216180951,0.6772621995096317,0.765183085837895,0.7537077153807699,0.620754716981132,,,,0.6693591814754981,0.6378806226191378,0.6259519640909057,0.7136986301369863,0.5620626151012892,,,,0.6802801724137931,0.6512477036129822,0.6418739730076966,0.7133873895547197,0.7260869565217392,0.5764084507042253,,,
bmi_binary,transformer,,30s,29,False,False,0.5844245704567208,0.627937115606083,0.6882710491647619,0.6353872869312209,0.696993533304742,2,43255,9285,9280,38,0,50.06926106214523,32,6,1352,5.0,264322,512,128,True,5,,,,,,,,,,,,,,,,,,,,,,,,,,
bmi_binary,transformer,,30s,30,False,False,0.5831328407283077,0.6266831086795049,0.6867702301188796,0.6364514745578849,0.6986984759678319,2,43255,9285,9280,38,0,50.06926106214523,32,6,1352,5.0,264322,512,128,True,5,,,,,,,,,,,,,,,,,,,,,,,,,,
bmi_binary,transformer,,30s,31,False,False,0.5829303160042807,0.6295640857423834,0.6858108051173861,0.6363030517083343,0.6973429927316251,2,43255,9285,9280,38,0,50.06926106214523,32,6,1352,5.0,264322,512,128,True,5,,,,,,,,,,,,,,,,,,,,,,,,,,
bmi_binary,transformer,,30s,32,False,False,0.5812913149922532,0.627284880713487,0.6898335811955869,0.637405501316044,0.6969686980555065,2,43255,9285,9280,38,0,50.06926106214523,32,6,1352,5.0,264322,512,128,True,5,,,,,,,,,,,,,,,,,,,,,,,,,,
bmi_binary,transformer,,30s,33,False,False,0.5802152042512383,0.6318010398118035,0.6898992683609335,0.6408427726901957,0.6984394157269355,2,43255,9285,9280,38,0,50.06926106214523,32,6,1352,5.0,264322,512,128,True,5,,,,,,,,,,,,,,,,,,,,,,,,,,
bmi_binary,transformer,,30s,34,False,False,0.5792039151922593,0.6300576279416287,0.6915507289665559,0.6396772538829604,0.6982004255068661,2,43255,9285,9280,38,0,50.06926106214523,32,6,1352,5.0,264322,512,128,True,5,,,,,,,,,,,,,,,,,,,,,,,,,,
bmi_binary,transformer,,30s,35,False,False,0.5801521186070172,0.6305034196755548,0.6900549531053001,0.6404534254984569,0.6977039167374444,2,43255,9285,9280,38,0,50.06926106214523,32,6,1352,5.0,264322,512,128,True,5,,,,,,,,,,,,,,,,,,,,,,,,,,
bmi_binary,transformer,,30s,36,False,False,0.5793860231034536,0.6301591168248531,0.691542346715799,0.6401809665565058,0.6981397108907892,2,43255,9285,9280,38,0,50.06926106214523,32,6,1352,5.0,264322,512,128,True,5,,,,,,,,,,,,,,,,,,,,,,,,,,
bmi_binary,transformer,,30s,37,False,False,0.5789225647262364,0.6290464676896539,0.6905764762476694,0.6396911291068561,0.6980087512018187,2,43255,9285,9280,38,0,50.06926106214523,32,6,1352,5.0,264322,512,128,True,5,,,,,,,,,,,,,,,,,,,,,,,,,,
bmi_binary,transformer,,30s,38,False,False,0.5789616872569534,0.6288086104084871,0.6911385398031146,0.6398403928790669,0.6981258917284044,2,43255,9285,9280,38,0,50.06926106214523,32,6,1352,5.0,264322,512,128,True,5,,,,,,,,,,,,,,,,,,,,,,,,,,
bmi_binary,transformer,,10m,1,False,False,0.6522804743636482,0.6237584534741629,0.6215377625741622,0.6385264512222811,0.6953186676421369,2,43255,9285,9280,40,0,59.70189946095149,32,120,1352,5.0,264322,512,128,True,5,,,,,,,,,,,,,,,,,,,,,,,,,,
bmi_binary,transformer,,10m,2,False,False,0.6243410492161081,0.6366608775297544,0.6495878925839405,0.6357842024269028,0.6931529554226898,2,43255,9285,9280,40,0,59.70189946095149,32,120,1352,5.0,264322,512,128,True,5,,,,,,,,,,,,,,,,,,,,,,,,,,
bmi_binary,transformer,,10m,3,False,False,0.6149060390750986,0.6635729331769927,0.6586938214700067,0.6235273341910744,0.6979651073157469,2,43255,9285,9280,40,0,59.70189946095149,32,120,1352,5.0,264322,512,128,True,5,,,,,,,,,,,,,,,,,,,,,,,,,,
bmi_binary,transformer,,10m,4,False,False,0.6102391819494499,0.6250300198328,0.66288346910735,0.6311393661124987,0.6957771947380667,2,43255,9285,9280,40,0,59.70189946095149,32,120,1352,5.0,264322,512,128,True,5,,,,,,,,,,,,,,,,,,,,,,,,,,
bmi_binary,transformer,,10m,5,False,False,0.6093729987873148,0.6195987978479717,0.6644137423636941,0.6419818024336301,0.705966093998335,2,43255,9285,9280,40,0,59.70189946095149,32,120,1352,5.0,264322,512,128,True,5,,,,,,,,,,,,,,,,,,,,,,,,,,
bmi_binary,transformer,,10m,6,False,False,0.6060231491466875,0.6389807178567158,0.667089013466309,0.6364363379499987,0.700398961740822,2,43255,9285,9280,40,0,59.70189946095149,32,120,1352,5.0,264322,512,128,True,5,,,,,,,,,,,,,,,,,,,,,,,,,,
bmi_binary,transformer,,10m,7,False,False,0.6027996644562014,0.6342408502108318,0.6683665552596579,0.6340611518958601,0.7017974441557276,2,43255,9285,9280,40,0,59.70189946095149,32,120,1352,5.0,264322,512,128,True,5,,,,,,,,,,,,,,,,,,,,,,,,,,
bmi_binary,transformer,,10m,8,False,False,0.6027298007600088,0.6213560344586144,0.6667174653281057,0.6371389288327153,0.702330505030119,2,43255,9285,9280,40,0,59.70189946095149,32,120,1352,5.0,264322,512,128,True,5,,,,,,,,,,,,,,,,,,,,,,,,,,
bmi_binary,transformer,,10m,9,False,False,0.6003511455772571,0.623812680996806,0.6705455505843365,0.6429564317969676,0.7083809996327971,2,43255,9285,9280,40,0,59.70189946095149,32,120,1352,5.0,264322,512,128,True,5,,,,,,,,,,,,,,,,,,,,,,,,,,
bmi_binary,transformer,,10m,10,False,False,0.5987588512471694,0.6271380826742596,0.6704706133883347,0.6378183943422724,0.7042742136672357,2,43255,9285,9280,40,0,59.70189946095149,32,120,1352,5.0,264322,512,128,True,5,,,,,,,,,,,,,,,,,,,,,,,,,,
bmi_binary,transformer,,10m,11,False,False,0.5985544912609223,0.6434345243050325,0.6714401247590811,0.6341889721402323,0.7033754355278612,2,43255,9285,9280,40,0,59.70189946095149,32,120,1352,5.0,264322,512,128,True,5,,,,,,,,,,,,,,,,,,,,,,,,,,
bmi_binary,transformer,,10m,12,False,False,0.597868668521819,0.622522402888161,0.6739628489591357,0.6431410143209129,0.706864171368826,2,43255,9285,9280,40,0,59.70189946095149,32,120,1352,5.0,264322,512,128,True,5,,,,,,,,,,,,,,,,,,,,,,,,,,
bmi_binary,transformer,,10m,13,False,False,0.5967754737515902,0.6190268051515168,0.6735445161655447,0.6422475339942986,0.7059855473425443,2,43255,9285,9280,40,0,59.70189946095149,32,120,1352,5.0,264322,512,128,True,5,,,,,,,,,,,,,,,,,,,,,,,,,,
bmi_binary,transformer,,10m,14,False,False,0.5957429120725544,0.6226986465559381,0.6729009693352994,0.6356429274199652,0.7093416696799728,2,43255,9285,9280,40,0,59.70189946095149,32,120,1352,5.0,264322,512,128,True,5,,,,,,,,,,,,,,,,,,,,,,,,,,
bmi_binary,transformer,,10m,15,False,False,0.5955041012616809,0.6190022058620464,0.6755394729809183,0.6430022620819563,0.7065006124720044,2,43255,9285,9280,40,0,59.70189946095149,32,120,1352,5.0,264322,512,128,True,5,,,,,,,,,,,,,,,,,,,,,,,,,,
bmi_binary,transformer,,10m,16,False,False,0.5951091999236511,0.6287925568073747,0.6751832870622192,0.642591891823709,0.7081049807849173,2,43255,9285,9280,40,0,59.70189946095149,32,120,1352,5.0,264322,512,128,True,5,,,,,,,,,,,,,,,,,,,,,,,,,,
bmi_binary,transformer,,10m,17,False,False,0.5940580162598541,0.6190428801871912,0.6753915353730353,0.6467073673234273,0.709584387990503,2,43255,9285,9280,40,0,59.70189946095149,32,120,1352,5.0,264322,512,128,True,5,,,,,,,,,,,,,,,,,,,,,,,,,,
bmi_binary,transformer,,10m,18,False,False,0.5930821016377458,0.6203463218195437,0.678183654925437,0.6447946887324773,0.7078595995526291,2,43255,9285,9280,40,0,59.70189946095149,32,120,1352,5.0,264322,512,128,True,5,,,,,,,,,,,,,,,,,,,,,,,,,,
bmi_binary,transformer,,10m,19,False,False,0.592775447049481,0.6174680536770346,0.6766649709325175,0.6479876720737994,0.71171999517871,2,43255,9285,9280,40,0,59.70189946095149,32,120,1352,5.0,264322,512,128,True,5,,,,,,,,,,,,,,,,,,,,,,,,,,
bmi_binary,transformer,,10m,20,False,False,0.5915403002962847,0.6212201917884038,0.6789771767598483,0.6464719089785312,0.7079657239923645,2,43255,9285,9280,40,0,59.70189946095149,32,120,1352,5.0,264322,512,128,True,5,,,,,,,,,,,,,,,,,,,,,,,,,,
bmi_binary,transformer,,10m,21,False,False,0.5916133220644166,0.6173248827040163,0.6808193540070365,0.6445630145395528,0.7099775473649689,2,43255,9285,9280,40,0,59.70189946095149,32,120,1352,5.0,264322,512,128,True,5,,,,,,,,,,,,,,,,,,,,,,,,,,
bmi_binary,transformer,,10m,22,False,False,0.5900292594285937,0.6158760541090095,0.68080956947427,0.643830150441064,0.7105842170028955,2,43255,9285,9280,40,0,59.70189946095149,32,120,1352,5.0,264322,512,128,True,5,,,,,,,,,,,,,,,,,,,,,,,,,,
bmi_binary,transformer,,10m,23,False,False,0.5893088697009163,0.6177293583790846,0.6825062803998077,0.6436644886769765,0.70903694733862,2,43255,9285,9280,40,0,59.70189946095149,32,120,1352,5.0,264322,512,128,True,5,,,,,,,,,,,,,,,,,,,,,,,,,,
bmi_binary,transformer,,10m,24,False,False,0.5891606373905984,0.6174440136890483,0.680672051513427,0.6467153560887005,0.7108288414047894,2,43255,9285,9280,40,0,59.70189946095149,32,120,1352,5.0,264322,512,128,True,5,,,,,,,,,,,,,,,,,,,,,,,,,,
bmi_binary,transformer,,10m,25,False,False,0.5888254767752096,0.6187868041637834,0.6822166494263535,0.6471644087893236,0.7103051708334385,2,43255,9285,9280,40,0,59.70189946095149,32,120,1352,5.0,264322,512,128,True,5,,,,,,,,,,,,,,,,,,,,,,,,,,
bmi_binary,transformer,,10m,26,False,False,0.5879717801295461,0.6179015236576205,0.6837516640308376,0.6478951705811616,0.7109554563266816,2,43255,9285,9280,40,0,59.70189946095149,32,120,1352,5.0,264322,512,128,True,5,,,,,,,,,,,,,,,,,,,,,,,,,,
bmi_binary,transformer,,10m,27,False,False,0.5875112880641856,0.6293960864401403,0.6839622830157237,0.6463466115021401,0.7099454241193436,2,43255,9285,9280,40,0,59.70189946095149,32,120,1352,5.0,264322,512,128,True,5,,,,,,,,,,,,,,,,,,,,,,,,,,
bmi_binary,transformer,,10m,28,False,False,0.587164665120087,0.6206260204571964,0.6850219931898143,0.6457016238216571,0.7094620057126679,2,43255,9285,9280,40,0,59.70189946095149,32,120,1352,5.0,264322,512,128,True,5,,,,,,,,,,,,,,,,,,,,,,,,,,
bmi_binary,transformer,,10m,29,False,False,0.5859835030274396,0.6171443096270276,0.6847461209295307,0.648876947787112,0.7122964476623751,2,43255,9285,9280,40,0,59.70189946095149,32,120,1352,5.0,264322,512,128,True,5,,,,,,,,,,,,,,,,,,,,,,,,,,
bmi_binary,transformer,,10m,30,False,False,0.5852951782533247,0.6159005539097578,0.6860908527823979,0.646422294541571,0.7118230082046021,2,43255,9285,9280,40,0,59.70189946095149,32,120,1352,5.0,264322,512,128,True,5,,,,,,,,,,,,,,,,,,,,,,,,,,
bmi_binary,transformer,,10m,31,True,False,0.5851739379770149,0.6173966055604547,0.6847935406991916,0.6463987487070815,0.7126696211082799,2,43255,9285,9280,40,0,59.70189946095149,32,120,1352,5.0,264322,512,128,True,5,0.7029013986822332,0.6857184054229956,0.6713202181793958,0.7595516156112345,0.7300783202799533,0.6413584905660378,,,,0.6650511577813678,0.6463987487070815,0.6285949555790751,0.691324200913242,0.6014732965009209,,,,0.6760775862068965,0.6628838246872539,0.6460729403622003,0.726264789825912,0.6968944099378882,0.6288732394366198,,,
bmi_binary,transformer,,10m,32,False,False,0.5841224196273844,0.6165308486921016,0.6872777618824535,0.6471740793999176,0.7125385773270432,2,43255,9285,9280,40,0,59.70189946095149,32,120,1352,5.0,264322,512,128,True,5,,,,,,,,,,,,,,,,,,,,,,,,,,
bmi_binary,transformer,,10m,33,False,False,0.583859869064368,0.6182063257302658,0.6866920544689092,0.6440109488130377,0.7116491894907092,2,43255,9285,9280,40,0,59.70189946095149,32,120,1352,5.0,264322,512,128,True,5,,,,,,,,,,,,,,,,,,,,,,,,,,
bmi_binary,transformer,,10m,34,False,False,0.584031188930339,0.6210749560552832,0.6847373047888246,0.649247374218993,0.7116434992473742,2,43255,9285,9280,40,0,59.70189946095149,32,120,1352,5.0,264322,512,128,True,5,,,,,,,,,,,,,,,,,,,,,,,,,,
bmi_binary,transformer,,10m,35,False,False,0.5834430360488155,0.6244846013327985,0.6867863280648194,0.649696006458286,0.7109887008025204,2,43255,9285,9280,40,0,59.70189946095149,32,120,1352,5.0,264322,512,128,True,5,,,,,,,,,,,,,,,,,,,,,,,,,,
bmi_binary,transformer,,10m,36,False,False,0.5828965709073297,0.6208009887717395,0.6852459369979217,0.646179267892732,0.7108815672555927,2,43255,9285,9280,40,0,59.70189946095149,32,120,1352,5.0,264322,512,128,True,5,,,,,,,,,,,,,,,,,,,,,,,,,,
bmi_binary,transformer,,10m,37,False,False,0.582696539515664,0.6201691440696285,0.6870529502944478,0.6476845194547458,0.7116452932157162,2,43255,9285,9280,40,0,59.70189946095149,32,120,1352,5.0,264322,512,128,True,5,,,,,,,,,,,,,,,,,,,,,,,,,,
bmi_binary,transformer,,10m,38,False,False,0.5828897349339195,0.6172928896782279,0.6869107224267654,0.6457781477837483,0.7121089499398741,2,43255,9285,9280,40,0,59.70189946095149,32,120,1352,5.0,264322,512,128,True,5,,,,,,,,,,,,,,,,,,,,,,,,,,
bmi_binary,transformer,,10m,39,False,False,0.5827965013526958,0.6198459042357577,0.6869555388567314,0.6463604867260357,0.7116372203581769,2,43255,9285,9280,40,0,59.70189946095149,32,120,1352,5.0,264322,512,128,True,5,,,,,,,,,,,,,,,,,,,,,,,,,,
bmi_binary,transformer,,10m,40,False,False,0.5824902662940418,0.6196088828575759,0.6880853757078222,0.6462448598602386,0.7116863863030518,2,43255,9285,9280,40,0,59.70189946095149,32,120,1352,5.0,264322,512,128,True,5,,,,,,,,,,,,,,,,,,,,,,,,,,
bmi_binary,transformer,,40m,1,False,False,0.637721505527234,0.615259048068273,0.6379984090701865,0.6390448800423825,0.7096111013003467,2,43255,9285,9280,24,0,36.436939100424446,32,480,1352,5.0,264322,512,128,True,5,,,,,,,,,,,,,,,,,,,,,,,,,,
bmi_binary,transformer,,40m,2,False,False,0.6083709566238478,0.6065469077086667,0.6698893140451434,0.6532459614689237,0.7224011705643432,2,43255,9285,9280,24,0,36.436939100424446,32,480,1352,5.0,264322,512,128,True,5,,,,,,,,,,,,,,,,,,,,,,,,,,
bmi_binary,transformer,,40m,3,False,False,0.6002353234175878,0.6085889423509792,0.6751495253935664,0.6527771470857825,0.7265366319926223,2,43255,9285,9280,24,0,36.436939100424446,32,480,1352,5.0,264322,512,128,True,5,,,,,,,,,,,,,,,,,,,,,,,,,,
bmi_binary,transformer,,40m,4,False,False,0.5918505156609298,0.6082507415490569,0.6821107551257181,0.6634728424026842,0.7255146026219969,2,43255,9285,9280,24,0,36.436939100424446,32,480,1352,5.0,264322,512,128,True,5,,,,,,,,,,,,,,,,,,,,,,,,,,
bmi_binary,transformer,,40m,5,False,False,0.5867399461323671,0.6015149589405306,0.6886692783907085,0.658719947526426,0.7317712353994803,2,43255,9285,9280,24,0,36.436939100424446,32,480,1352,5.0,264322,512,128,True,5,,,,,,,,,,,,,,,,,,,,,,,,,,
bmi_binary,transformer,,40m,6,False,False,0.584065385689392,0.6063679806057587,0.6875147286772959,0.6623943590907944,0.7297841631838453,2,43255,9285,9280,24,0,36.436939100424446,32,480,1352,5.0,264322,512,128,True,5,,,,,,,,,,,,,,,,,,,,,,,,,,
bmi_binary,transformer,,40m,7,False,False,0.5832163806637372,0.6238543055297613,0.6934648376214028,0.6567740524903924,0.7338512856305939,2,43255,9285,9280,24,0,36.436939100424446,32,480,1352,5.0,264322,512,128,True,5,,,,,,,,,,,,,,,,,,,,,,,,,,
bmi_binary,transformer,,40m,8,False,False,0.5781274036594436,0.6001827044774591,0.6958011211967816,0.6662466257978255,0.7300164820841427,2,43255,9285,9280,24,0,36.436939100424446,32,480,1352,5.0,264322,512,128,True,5,,,,,,,,,,,,,,,,,,,,,,,,,,
bmi_binary,transformer,,40m,9,False,False,0.5778135230273626,0.601332550534781,0.6956512468047777,0.6628480368660494,0.7347830279382539,2,43255,9285,9280,24,0,36.436939100424446,32,480,1352,5.0,264322,512,128,True,5,,,,,,,,,,,,,,,,,,,,,,,,,,
bmi_binary,transformer,,40m,10,False,False,0.5763492641993554,0.6186653544136319,0.6980732205009856,0.6605148969449279,0.7324924106729904,2,43255,9285,9280,24,0,36.436939100424446,32,480,1352,5.0,264322,512,128,True,5,,,,,,,,,,,,,,,,,,,,,,,,,,
bmi_binary,transformer,,40m,11,False,False,0.5735415567167783,0.5965021974211042,0.7017847591439162,0.6657992549425229,0.7356140837727154,2,43255,9285,9280,24,0,36.436939100424446,32,480,1352,5.0,264322,512,128,True,5,,,,,,,,,,,,,,,,,,,,,,,,,,
bmi_binary,transformer,,40m,12,False,False,0.5719149338924847,0.5983299633412831,0.7013563399810723,0.6690174659636553,0.7377713587348038,2,43255,9285,9280,24,0,36.436939100424446,32,480,1352,5.0,264322,512,128,True,5,,,,,,,,,,,,,,,,,,,,,,,,,,
bmi_binary,transformer,,40m,13,False,False,0.5710916814315169,0.5977244627623386,0.7006952614815769,0.6660410202073715,0.7356785825407638,2,43255,9285,9280,24,0,36.436939100424446,32,480,1352,5.0,264322,512,128,True,5,,,,,,,,,,,,,,,,,,,,,,,,,,
bmi_binary,transformer,,40m,14,True,False,0.5683292417261121,0.5975809554162691,0.7055584446617388,0.6717281801592707,0.7408594509896258,2,43255,9285,9280,24,0,36.436939100424446,32,480,1352,5.0,264322,512,128,True,5,0.71913073633106,0.7127146984936472,0.6928254667416699,0.7854528836388904,0.7292784535910681,0.6961509433962264,,,,0.6852988691437802,0.6717281801592707,0.6514626028059791,0.70441400304414,0.6390423572744015,,,,0.6911637931034482,0.6830045490333304,0.6636536669561652,0.7526800476773685,0.7040372670807453,0.6619718309859155,,,
bmi_binary,transformer,,40m,15,False,False,0.5682386245662499,0.598609214295735,0.7030311111670068,0.663469899173373,0.7369639328270978,2,43255,9285,9280,24,0,36.436939100424446,32,480,1352,5.0,264322,512,128,True,5,,,,,,,,,,,,,,,,,,,,,,,,,,
bmi_binary,transformer,,40m,16,False,False,0.5664440171813127,0.5966936003667537,0.70597300449925,0.6691923778770066,0.7400666291054546,2,43255,9285,9280,24,0,36.436939100424446,32,480,1352,5.0,264322,512,128,True,5,,,,,,,,,,,,,,,,,,,,,,,,,,
bmi_binary,transformer,,40m,17,False,False,0.5649430578353846,0.5975890399437793,0.7058791333519885,0.6669080114701851,0.736663359037536,2,43255,9285,9280,24,0,36.436939100424446,32,480,1352,5.0,264322,512,128,True,5,,,,,,,,,,,,,,,,,,,,,,,,,,
bmi_binary,transformer,,40m,18,False,False,0.5638184380908878,0.5975941724140411,0.7072296755572185,0.6668844656356955,0.7376790534574535,2,43255,9285,9280,24,0,36.436939100424446,32,480,1352,5.0,264322,512,128,True,5,,,,,,,,,,,,,,,,,,,,,,,,,,
bmi_binary,transformer,,40m,19,False,False,0.5617434092345727,0.6022366177477243,0.7099021420958143,0.6690090567370519,0.7396060557643847,2,43255,9285,9280,24,0,36.436939100424446,32,480,1352,5.0,264322,512,128,True,5,,,,,,,,,,,,,,,,,,,,,,,,,,
bmi_binary,transformer,,40m,20,False,False,0.5610958412332682,0.5996029236461761,0.7106079364131135,0.6671573450389767,0.7354253807277346,2,43255,9285,9280,24,0,36.436939100424446,32,480,1352,5.0,264322,512,128,True,5,,,,,,,,,,,,,,,,,,,,,,,,,,
bmi_binary,transformer,,40m,21,False,False,0.5592056130029027,0.5961453170595339,0.7113414808223786,0.6728163340817546,0.7398385148184587,2,43255,9285,9280,24,0,36.436939100424446,32,480,1352,5.0,264322,512,128,True,5,,,,,,,,,,,,,,,,,,,,,,,,,,
bmi_binary,transformer,,40m,22,False,False,0.5578764560415268,0.5947197042297278,0.7132161180683723,0.6685936409428426,0.7391855944342132,2,43255,9285,9280,24,0,36.436939100424446,32,480,1352,5.0,264322,512,128,True,5,,,,,,,,,,,,,,,,,,,,,,,,,,
bmi_binary,transformer,,40m,23,False,False,0.5569046549722095,0.5989990583978549,0.714111560023015,0.6648393417257414,0.7373476738677677,2,43255,9285,9280,24,0,36.436939100424446,32,480,1352,5.0,264322,512,128,True,5,,,,,,,,,,,,,,,,,,,,,,,,,,
bmi_binary,transformer,,40m,24,False,False,0.555649310515087,0.6085825312631902,0.713993510515543,0.6683115113902974,0.7393524334900253,2,43255,9285,9280,24,0,36.436939100424446,32,480,1352,5.0,264322,512,128,True,5,,,,,,,,,,,,,,,,,,,,,,,,,,
bmi_binary,transformer,,80m,1,False,False,0.6274676570271139,0.6179066947922632,0.6462538444850386,0.6681769637646425,0.7326333212801085,2,43255,9285,9280,40,0,100.04729691346486,32,960,1352,5.0,264322,512,128,True,5,,,,,,,,,,,,,,,,,,,,,,,,,,
bmi_binary,transformer,,80m,2,False,False,0.5981755336451814,0.6225328472524673,0.6814031560777607,0.6640698974915278,0.7381055694307794,2,43255,9285,9280,40,0,100.04729691346486,32,960,1352,5.0,264322,512,128,True,5,,,,,,,,,,,,,,,,,,,,,,,,,,
bmi_binary,transformer,,80m,3,False,False,0.5846590567993822,0.6013674656485894,0.6937136263452947,0.6807786102912115,0.740823207222965,2,43255,9285,9280,40,0,100.04729691346486,32,960,1352,5.0,264322,512,128,True,5,,,,,,,,,,,,,,,,,,,,,,,,,,
bmi_binary,transformer,,80m,4,False,False,0.5771612321471992,0.5910048404944219,0.6973429145456889,0.6885277126062717,0.7517660497097415,2,43255,9285,9280,40,0,100.04729691346486,32,960,1352,5.0,264322,512,128,True,5,,,,,,,,,,,,,,,,,,,,,,,,,,
bmi_binary,transformer,,80m,5,False,False,0.5726359030922332,0.5923134429967076,0.7028579261946908,0.684786447690406,0.7515340111169976,2,43255,9285,9280,40,0,100.04729691346486,32,960,1352,5.0,264322,512,128,True,5,,,,,,,,,,,,,,,,,,,,,,,,,,
bmi_binary,transformer,,80m,6,False,False,0.5671619543711197,0.5860427579060639,0.7051979827261494,0.6882165712219448,0.753725595723628,2,43255,9285,9280,40,0,100.04729691346486,32,960,1352,5.0,264322,512,128,True,5,,,,,,,,,,,,,,,,,,,,,,,,,,
bmi_binary,transformer,,80m,7,False,False,0.5627231627637259,0.5983105297876932,0.7102264025178193,0.6894636595272332,0.7570604146869946,2,43255,9285,9280,40,0,100.04729691346486,32,960,1352,5.0,264322,512,128,True,5,,,,,,,,,,,,,,,,,,,,,,,,,,
bmi_binary,transformer,,80m,8,False,False,0.5582855415818264,0.6189521298975988,0.7135922063303914,0.6679541192596516,0.7564314045370581,2,43255,9285,9280,40,0,100.04729691346486,32,960,1352,5.0,264322,512,128,True,5,,,,,,,,,,,,,,,,,,,,,,,,,,
bmi_binary,transformer,,80m,9,False,False,0.5551395294776804,0.5780021830021084,0.717938041772912,0.6846216268489786,0.7603345190342844,2,43255,9285,9280,40,0,100.04729691346486,32,960,1352,5.0,264322,512,128,True,5,,,,,,,,,,,,,,,,,,,,,,,,,,
bmi_binary,transformer,,80m,10,False,False,0.5513079680703084,0.5881381282128502,0.7175322980761067,0.6934899972249552,0.7631677276307565,2,43255,9285,9280,40,0,100.04729691346486,32,960,1352,5.0,264322,512,128,True,5,,,,,,,,,,,,,,,,,,,,,,,,,,
bmi_binary,transformer,,80m,11,False,False,0.5483162191365857,0.574943987599097,0.7209915077046907,0.6963432478114988,0.76508068652926,2,43255,9285,9280,40,0,100.04729691346486,32,960,1352,5.0,264322,512,128,True,5,,,,,,,,,,,,,,,,,,,,,,,,,,
bmi_binary,transformer,,80m,12,False,False,0.5459713473525051,0.5972399752500819,0.7230331171219891,0.6903096277235383,0.7653340004653105,2,43255,9285,9280,40,0,100.04729691346486,32,960,1352,5.0,264322,512,128,True,5,,,,,,,,,,,,,,,,,,,,,,,,,,
bmi_binary,transformer,,80m,13,False,False,0.5429821376593289,0.6037762101195997,0.7268800042760168,0.688893934424851,0.7660343208568442,2,43255,9285,9280,40,0,100.04729691346486,32,960,1352,5.0,264322,512,128,True,5,,,,,,,,,,,,,,,,,,,,,,,,,,
bmi_binary,transformer,,80m,14,False,False,0.5418120030915305,0.57639906354405,0.72603789305556,0.7016419014943196,0.7653976022491878,2,43255,9285,9280,40,0,100.04729691346486,32,960,1352,5.0,264322,512,128,True,5,,,,,,,,,,,,,,,,,,,,,,,,,,
bmi_binary,transformer,,80m,15,False,False,0.5391182652719723,0.5864949397393691,0.7284031969514515,0.6930447286763036,0.760314729321011,2,43255,9285,9280,40,0,100.04729691346486,32,960,1352,5.0,264322,512,128,True,5,,,,,,,,,,,,,,,,,,,,,,,,,,
bmi_binary,transformer,,80m,16,False,False,0.5360519956218178,0.5837616779371558,0.7293764812782775,0.6976891445293776,0.7601538327853321,2,43255,9285,9280,40,0,100.04729691346486,32,960,1352,5.0,264322,512,128,True,5,,,,,,,,,,,,,,,,,,,,,,,,,,
bmi_binary,transformer,,80m,17,False,False,0.5343718517820155,0.585780213420983,0.7328664467871706,0.685051758789744,0.7655741119155938,2,43255,9285,9280,40,0,100.04729691346486,32,960,1352,5.0,264322,512,128,True,5,,,,,,,,,,,,,,,,,,,,,,,,,,
bmi_binary,transformer,,80m,18,False,False,0.5308647493036782,0.5741809275950164,0.7371963855080756,0.6998587249930623,0.7663378098449619,2,43255,9285,9280,40,0,100.04729691346486,32,960,1352,5.0,264322,512,128,True,5,,,,,,,,,,,,,,,,,,,,,,,,,,
bmi_binary,transformer,,80m,19,False,False,0.5294763046700808,0.6266929606371948,0.7337623226317627,0.6772034276007636,0.7657921631614206,2,43255,9285,9280,40,0,100.04729691346486,32,960,1352,5.0,264322,512,128,True,5,,,,,,,,,,,,,,,,,,,,,,,,,,
bmi_binary,transformer,,80m,20,False,False,0.5275815812897343,0.5981649854970222,0.7362005263273731,0.6911513913065415,0.7652920384245594,2,43255,9285,9280,40,0,100.04729691346486,32,960,1352,5.0,264322,512,128,True,5,,,,,,,,,,,,,,,,,,,,,,,,,,
bmi_binary,transformer,,80m,21,False,False,0.5278868770615901,0.577440918031147,0.7382712566773463,0.7056577276587872,0.7664057003344069,2,43255,9285,9280,40,0,100.04729691346486,32,960,1352,5.0,264322,512,128,True,5,,,,,,,,,,,,,,,,,,,,,,,,,,
bmi_binary,transformer,,80m,22,False,False,0.5238662241979936,0.573662663196195,0.7416204972127287,0.7021292161759882,0.7685868014385383,2,43255,9285,9280,40,0,100.04729691346486,32,960,1352,5.0,264322,512,128,True,5,,,,,,,,,,,,,,,,,,,,,,,,,,
bmi_binary,transformer,,80m,23,False,False,0.5219512646810924,0.5977500437149517,0.742390475801203,0.693148582624856,0.7650601399855922,2,43255,9285,9280,40,0,100.04729691346486,32,960,1352,5.0,264322,512,128,True,5,,,,,,,,,,,,,,,,,,,,,,,,,,
bmi_binary,transformer,,80m,24,False,False,0.5195104928591833,0.5926574153096431,0.7433191449223872,0.6995004919397563,0.7667443679204824,2,43255,9285,9280,40,0,100.04729691346486,32,960,1352,5.0,264322,512,128,True,5,,,,,,,,,,,,,,,,,,,,,,,,,,
bmi_binary,transformer,,80m,25,False,False,0.5183319666236553,0.5745973511029779,0.7426913942015954,0.7034334872221801,0.7676956476646176,2,43255,9285,9280,40,0,100.04729691346486,32,960,1352,5.0,264322,512,128,True,5,,,,,,,,,,,,,,,,,,,,,,,,,,
bmi_binary,transformer,,80m,26,False,False,0.5182694805018434,0.583142036112907,0.7425169075594319,0.6996169597282138,0.7668277874483884,2,43255,9285,9280,40,0,100.04729691346486,32,960,1352,5.0,264322,512,128,True,5,,,,,,,,,,,,,,,,,,,,,,,,,,
bmi_binary,transformer,,80m,27,False,False,0.515745043968165,0.5759271711961647,0.7480166576010916,0.7041213619583406,0.7676207775170918,2,43255,9285,9280,40,0,100.04729691346486,32,960,1352,5.0,264322,512,128,True,5,,,,,,,,,,,,,,,,,,,,,,,,,,
bmi_binary,transformer,,80m,28,False,False,0.5130526271476564,0.5750490847812523,0.7485000110044553,0.7050913662470463,0.7686439841794417,2,43255,9285,9280,40,0,100.04729691346486,32,960,1352,5.0,264322,512,128,True,5,,,,,,,,,,,,,,,,,,,,,,,,,,
bmi_binary,transformer,,80m,29,False,False,0.5130113326184474,0.5765247407399908,0.7473163403583679,0.6982710630103349,0.7679616315020841,2,43255,9285,9280,40,0,100.04729691346486,32,960,1352,5.0,264322,512,128,True,5,,,,,,,,,,,,,,,,,,,,,,,,,,
bmi_binary,transformer,,80m,30,True,False,0.5117339784948003,0.5896066719572841,0.7503928150339723,0.7007959332980145,0.7691914808928356,2,43255,9285,9280,40,0,100.04729691346486,32,960,1352,5.0,264322,512,128,True,5,0.7408160906253612,0.7568557881862457,0.7232760810416932,0.8350337698433908,0.7154474254290951,0.7982641509433962,,,,0.6852988691437802,0.7007959332980145,0.6636620252599633,0.6634703196347032,0.7381215469613259,,,,0.6891163793103449,0.7014095442218529,0.6700461279525889,0.7708161742192284,0.6697204968944099,0.7330985915492958,,,
bmi_binary,transformer,,80m,31,False,False,0.5089148269404071,0.5812582521908503,0.7509034846393525,0.701628026270424,0.7671269597001831,2,43255,9285,9280,40,0,100.04729691346486,32,960,1352,5.0,264322,512,128,True,5,,,,,,,,,,,,,,,,,,,,,,,,,,
bmi_binary,transformer,,80m,32,False,False,0.5096597615245753,0.5882654011474223,0.7510096116056129,0.7005297812760161,0.7677792634078111,2,43255,9285,9280,40,0,100.04729691346486,32,960,1352,5.0,264322,512,128,True,5,,,,,,,,,,,,,,,,,,,,,,,,,,
bmi_binary,transformer,,80m,33,False,False,0.508233332886143,0.5795122780977042,0.7516206984370529,0.7038884263814258,0.7677230897741001,2,43255,9285,9280,40,0,100.04729691346486,32,960,1352,5.0,264322,512,128,True,5,,,,,,,,,,,,,,,,,,,,,,,,,,
bmi_binary,transformer,,80m,34,False,False,0.5073048281030232,0.5766242479212386,0.7502877885132353,0.7063531706988908,0.7685235079929699,2,43255,9285,9280,40,0,100.04729691346486,32,960,1352,5.0,264322,512,128,True,5,,,,,,,,,,,,,,,,,,,,,,,,,,
bmi_binary,transformer,,80m,35,False,False,0.5068175775593325,0.5782117260035226,0.7539482664838879,0.7048323620676606,0.7683463255884355,2,43255,9285,9280,40,0,100.04729691346486,32,960,1352,5.0,264322,512,128,True,5,,,,,,,,,,,,,,,,,,,,,,,,,,
bmi_binary,transformer,,80m,36,False,False,0.5052955580149038,0.5798984644036814,0.7534718930492716,0.7031761648881152,0.7679734324500843,2,43255,9285,9280,40,0,100.04729691346486,32,960,1352,5.0,264322,512,128,True,5,,,,,,,,,,,,,,,,,,,,,,,,,,
bmi_binary,transformer,,80m,37,False,False,0.5046116109370303,0.5828159594124982,0.7538321537605368,0.7032791779140073,0.7678013236122674,2,43255,9285,9280,40,0,100.04729691346486,32,960,1352,5.0,264322,512,128,True,5,,,,,,,,,,,,,,,,,,,,,,,,,,
bmi_binary,transformer,,80m,38,False,False,0.5048076579507659,0.5766604170853179,0.7555919799530266,0.7051708334384487,0.7683417846060698,2,43255,9285,9280,40,0,100.04729691346486,32,960,1352,5.0,264322,512,128,True,5,,,,,,,,,,,,,,,,,,,,,,,,,,
bmi_binary,transformer,,80m,39,False,False,0.5047396386238815,0.5802164731580337,0.7551594545563161,0.7042004086884129,0.768256346863779,2,43255,9285,9280,40,0,100.04729691346486,32,960,1352,5.0,264322,512,128,True,5,,,,,,,,,,,,,,,,,,,,,,,,,,
bmi_binary,transformer,,80m,40,False,False,0.5057816218646355,0.5795033188936977,0.7559536429463014,0.7053268245919423,0.7682817987896321,2,43255,9285,9280,40,0,100.04729691346486,32,960,1352,5.0,264322,512,128,True,5,,,,,,,,,,,,,,,,,,,,,,,,,,
bmi_binary,transformer,,120m,1,False,False,0.6222575302620649,0.6113037842476824,0.6530393865173414,0.6689346350816116,0.7384831437052735,2,43255,9285,9280,35,0,141.70997032721837,32,1440,1352,5.0,264322,512,128,True,5,,,,,,,,,,,,,,,,,,,,,,,,,,
bmi_binary,transformer,,120m,2,False,False,0.5896385992473157,0.6126900965960743,0.6863992164827875,0.6756035722394611,0.7478204686181679,2,43255,9285,9280,35,0,141.70997032721837,32,1440,1352,5.0,264322,512,128,True,5,,,,,,,,,,,,,,,,,,,,,,,,,,
bmi_binary,transformer,,120m,3,False,False,0.5779545018637391,0.6142059848330389,0.6956879136496119,0.6716520766585097,0.7539768914452938,2,43255,9285,9280,35,0,141.70997032721837,32,1440,1352,5.0,264322,512,128,True,5,,,,,,,,,,,,,,,,,,,,,,,,,,
bmi_binary,transformer,,120m,4,False,False,0.5670342825848358,0.5849082770370705,0.7051823878410202,0.6852998309745453,0.7537770601904409,2,43255,9285,9280,35,0,141.70997032721837,32,1440,1352,5.0,264322,512,128,True,5,,,,,,,,,,,,,,,,,,,,,,,,,,
bmi_binary,transformer,,120m,5,False,False,0.561084789795595,0.5890308959354428,0.712928656544664,0.6910450145900082,0.7666703947571275,2,43255,9285,9280,35,0,141.70997032721837,32,1440,1352,5.0,264322,512,128,True,5,,,,,,,,,,,,,,,,,,,,,,,,,,
bmi_binary,transformer,,120m,6,False,False,0.5565340999247311,0.5957475003466917,0.7150068007533336,0.687116223920886,0.7646085364862326,2,43255,9285,9280,35,0,141.70997032721837,32,1440,1352,5.0,264322,512,128,True,5,,,,,,,,,,,,,,,,,,,,,,,,,,
bmi_binary,transformer,,120m,7,False,False,0.5518288993653555,0.5794511792411968,0.7179771799039782,0.6985422605682955,0.7695090973816471,2,43255,9285,9280,35,0,141.70997032721837,32,1440,1352,5.0,264322,512,128,True,5,,,,,,,,,,,,,,,,,,,,,,,,,,
bmi_binary,transformer,,120m,8,False,False,0.5471926645424556,0.5854275012825148,0.7244509499988996,0.6922130561652244,0.7685001023122571,2,43255,9285,9280,35,0,141.70997032721837,32,1440,1352,5.0,264322,512,128,True,5,,,,,,,,,,,,,,,,,,,,,,,,,,
bmi_binary,transformer,,120m,9,False,False,0.5434059523045155,0.5713313300890761,0.7276310803545321,0.6993878083032703,0.7730954082819669,2,43255,9285,9280,35,0,141.70997032721837,32,1440,1352,5.0,264322,512,128,True,5,,,,,,,,,,,,,,,,,,,,,,,,,,
bmi_binary,transformer,,120m,10,False,False,0.5403982970910518,0.5699825856014163,0.7283871996176738,0.7025488365834994,0.7747885780278121,2,43255,9285,9280,35,0,141.70997032721837,32,1440,1352,5.0,264322,512,128,True,5,,,,,,,,,,,,,,,,,,,,,,,,,,
bmi_binary,transformer,,120m,11,False,False,0.5365536919964102,0.588432321204379,0.7330163211791745,0.6956629413792814,0.7728934747204633,2,43255,9285,9280,35,0,141.70997032721837,32,1440,1352,5.0,264322,512,128,True,5,,,,,,,,,,,,,,,,,,,,,,,,,,
bmi_binary,transformer,,120m,12,False,False,0.5330574279471693,0.5858884589930151,0.7346633737144439,0.6955847355718694,0.7654308186942713,2,43255,9285,9280,35,0,141.70997032721837,32,1440,1352,5.0,264322,512,128,True,5,,,,,,,,,,,,,,,,,,,,,,,,,,
bmi_binary,transformer,,120m,13,False,False,0.5299053028613456,0.5960016024645516,0.7386533565160524,0.6910231506008392,0.7731548054525424,2,43255,9285,9280,35,0,141.70997032721837,32,1440,1352,5.0,264322,512,128,True,5,,,,,,,,,,,,,,,,,,,,,,,,,,
bmi_binary,transformer,,120m,14,False,False,0.5279368634817022,0.5768189932944381,0.7381000084891511,0.6993045569598964,0.7740432122124394,2,43255,9285,9280,35,0,141.70997032721837,32,1440,1352,5.0,264322,512,128,True,5,,,,,,,,,,,,,,,,,,,,,,,,,,
bmi_binary,transformer,,120m,15,False,False,0.5257859376162797,0.5637915806386441,0.7403426535828934,0.7057905934391213,0.7765878441826372,2,43255,9285,9280,35,0,141.70997032721837,32,1440,1352,5.0,264322,512,128,True,5,,,,,,,,,,,,,,,,,,,,,,,,,,
bmi_binary,transformer,,120m,16,False,False,0.52288751526246,0.5672925990309584,0.7437600525698547,0.6992440105283517,0.779333708945455,2,43255,9285,9280,35,0,141.70997032721837,32,1440,1352,5.0,264322,512,128,True,5,,,,,,,,,,,,,,,,,,,,,,,,,,
bmi_binary,transformer,,120m,17,False,False,0.5233950058623774,0.5675901436138102,0.7427716072478486,0.7036407746579547,0.7739376203570556,2,43255,9285,9280,35,0,141.70997032721837,32,1440,1352,5.0,264322,512,128,True,5,,,,,,,,,,,,,,,,,,,,,,,,,,
bmi_binary,transformer,,120m,18,False,False,0.5181875545845434,0.5758811644796537,0.7470589681593949,0.6997035747622291,0.7724135881889609,2,43255,9285,9280,35,0,141.70997032721837,32,1440,1352,5.0,264322,512,128,True,5,,,,,,,,,,,,,,,,,,,,,,,,,,
bmi_binary,transformer,,120m,19,False,False,0.51742416837838,0.6021946191851915,0.7484664820014275,0.6922054878612813,0.7794348158799836,2,43255,9285,9280,35,0,141.70997032721837,32,1440,1352,5.0,264322,512,128,True,5,,,,,,,,,,,,,,,,,,,,,,,,,,
bmi_binary,transformer,,120m,20,False,False,0.5137102719642237,0.5807373475502047,0.750816958179926,0.7029331382392762,0.7749854099918432,2,43255,9285,9280,35,0,141.70997032721837,32,1440,1352,5.0,264322,512,128,True,5,,,,,,,,,,,,,,,,,,,,,,,,,,
bmi_binary,transformer,,120m,21,False,False,0.5100860883363918,0.5641248416502629,0.7522401675192499,0.702022839459455,0.7789879495782774,2,43255,9285,9280,35,0,141.70997032721837,32,1440,1352,5.0,264322,512,128,True,5,,,,,,,,,,,,,,,,,,,,,,,,,,
bmi_binary,transformer,,120m,22,False,False,0.5104889393031921,0.5616388468249356,0.7526847160693344,0.7110778946660276,0.7798294048229717,2,43255,9285,9280,35,0,141.70997032721837,32,1440,1352,5.0,264322,512,128,True,5,,,,,,,,,,,,,,,,,,,,,,,,,,
bmi_binary,transformer,,120m,23,False,False,0.5058525880145662,0.5714795344865765,0.7549076914853814,0.7079244346897415,0.7781946231405097,2,43255,9285,9280,35,0,141.70997032721837,32,1440,1352,5.0,264322,512,128,True,5,,,,,,,,,,,,,,,,,,,,,,,,,,
bmi_binary,transformer,,120m,24,False,False,0.504315173952528,0.5861329048888043,0.7585539768529144,0.7028091021468756,0.7782689046421735,2,43255,9285,9280,35,0,141.70997032721837,32,1440,1352,5.0,264322,512,128,True,5,,,,,,,,,,,,,,,,,,,,,,,,,,
bmi_binary,transformer,,120m,25,True,False,0.5034051824244388,0.5619794509169487,0.7582448774260894,0.7123666086430032,0.780460265002761,2,43255,9285,9280,35,0,141.70997032721837,32,1440,1352,5.0,264322,512,128,True,5,0.7772974222633222,0.76479772868044,0.7503548778192275,0.8435518533074675,0.7970671554740877,0.7325283018867924,,,,0.7275175013462574,0.7123666086430032,0.6937042011109082,0.7488584474885844,0.6758747697974218,,,,0.7286637931034483,0.7113025981978829,0.6975603371724695,0.781854441868603,0.756055900621118,0.6665492957746478,,,
bmi_binary,transformer,,120m,26,False,False,0.5011315592560874,0.5691710208780867,0.7594343584245393,0.7079156050018081,0.7786594851871473,2,43255,9285,9280,35,0,141.70997032721837,32,1440,1352,5.0,264322,512,128,True,5,,,,,,,,,,,,,,,,,,,,,,,,,,
bmi_binary,transformer,,120m,27,False,False,0.500079690581208,0.568377126113792,0.7597449607455362,0.711103122345838,0.7779260044120409,2,43255,9285,9280,35,0,141.70997032721837,32,1440,1352,5.0,264322,512,128,True,5,,,,,,,,,,,,,,,,,,,,,,,,,,
bmi_binary,transformer,,120m,28,False,False,0.4986742850259995,0.5677822590452019,0.7626233049208779,0.7107255480713439,0.7784167108151063,2,43255,9285,9280,35,0,141.70997032721837,32,1440,1352,5.0,264322,512,128,True,5,,,,,,,,,,,,,,,,,,,,,,,,,,
bmi_binary,transformer,,120m,29,False,False,0.4956657196645612,0.5697859897078142,0.7611189141432403,0.70922029650933,0.7782893670935751,2,43255,9285,9280,35,0,141.70997032721837,32,1440,1352,5.0,264322,512,128,True,5,,,,,,,,,,,,,,,,,,,,,,,,,,
bmi_binary,transformer,,120m,30,False,False,0.4952242578444295,0.5714111378196753,0.7625209509106973,0.7082351556127383,0.7787489593582078,2,43255,9285,9280,35,0,141.70997032721837,32,1440,1352,5.0,264322,512,128,True,5,,,,,,,,,,,,,,,,,,,,,,,,,,
bmi_binary,transformer,,120m,31,False,False,0.4949132149122503,0.567289821724129,0.7629502378534395,0.7093804922761253,0.7791096030564736,2,43255,9285,9280,35,0,141.70997032721837,32,1440,1352,5.0,264322,512,128,True,5,,,,,,,,,,,,,,,,,,,,,,,,,,
bmi_binary,transformer,,120m,32,False,False,0.4934044571415342,0.5681969327090822,0.7648150905666666,0.7108458000117729,0.778562386650633,2,43255,9285,9280,35,0,141.70997032721837,32,1440,1352,5.0,264322,512,128,True,5,,,,,,,,,,,,,,,,,,,,,,,,,,
bmi_binary,transformer,,120m,33,False,False,0.4917290958761824,0.5700361962240102,0.7657546132248398,0.7146581228924376,0.7799175895792865,2,43255,9285,9280,35,0,141.70997032721837,32,1440,1352,5.0,264322,512,128,True,5,,,,,,,,,,,,,,,,,,,,,,,,,,
bmi_binary,transformer,,120m,34,False,False,0.4917528279364254,0.5700687779652283,0.7666249084272119,0.7122350042466594,0.7803652687728976,2,43255,9285,9280,35,0,141.70997032721837,32,1440,1352,5.0,264322,512,128,True,5,,,,,,,,,,,,,,,,,,,,,,,,,,
bmi_binary,transformer,,120m,35,False,False,0.4903791558637796,0.5707755409586346,0.7658334239890836,0.7101104131453031,0.7787221058945875,2,43255,9285,9280,35,0,141.70997032721837,32,1440,1352,5.0,264322,512,128,True,5,,,,,,,,,,,,,,,,,,,,,,,,,,
bmi_binary,transformer,,240m,1,False,False,0.6131507012309986,0.5926448878909529,0.6634996940340836,0.6718988213740185,0.7487223371248393,2,43251,9281,9280,23,0,359.7174446662267,32,2880,1352,4.999537625708011,264322,512,128,True,5,,,,,,,,,,,,,,,,,,,,,,,,,,
bmi_binary,transformer,,240m,2,False,False,0.5746077521283189,0.5863461216941577,0.7005854162964384,0.6845833690943186,0.7589984455891698,2,43251,9281,9280,23,0,359.7174446662267,32,2880,1352,4.999537625708011,264322,512,128,True,5,,,,,,,,,,,,,,,,,,,,,,,,,,
bmi_binary,transformer,,240m,3,False,False,0.5607929120424626,0.5682899778342146,0.7128244391700482,0.7043029861404444,0.7740281566572369,2,43251,9281,9280,23,0,359.7174446662267,32,2880,1352,4.999537625708011,264322,512,128,True,5,,,,,,,,,,,,,,,,,,,,,,,,,,
bmi_binary,transformer,,240m,4,False,False,0.5511299905571694,0.5665061551619547,0.7232564540868837,0.7057983001892106,0.7777561061531892,2,43251,9281,9280,23,0,359.7174446662267,32,2880,1352,4.999537625708011,264322,512,128,True,5,,,,,,,,,,,,,,,,,,,,,,,,,,
bmi_binary,transformer,,240m,5,False,False,0.5431525161058453,0.5834971806918505,0.727880750057687,0.6865257655795888,0.7756838201595473,2,43251,9281,9280,23,0,359.7174446662267,32,2880,1352,4.999537625708011,264322,512,128,True,5,,,,,,,,,,,,,,,,,,,,,,,,,,
bmi_binary,transformer,,240m,6,False,False,0.5334786108919839,0.5725098030794002,0.7367583169678071,0.7117135037407393,0.7817679277532733,2,43251,9281,9280,23,0,359.7174446662267,32,2880,1352,4.999537625708011,264322,512,128,True,5,,,,,,,,,,,,,,,,,,,,,,,,,,
bmi_binary,transformer,,240m,7,False,False,0.5266671247356727,0.5551559081970008,0.7425289390718337,0.7154549442437155,0.7863357695679905,2,43251,9281,9280,23,0,359.7174446662267,32,2880,1352,4.999537625708011,264322,512,128,True,5,,,,,,,,,,,,,,,,,,,,,,,,,,
bmi_binary,transformer,,240m,8,False,False,0.5205891343012663,0.5521837704757873,0.7457083364459137,0.7141365278691669,0.7906593989125295,2,43251,9281,9280,23,0,359.7174446662267,32,2880,1352,4.999537625708011,264322,512,128,True,5,,,,,,,,,,,,,,,,,,,,,,,,,,
bmi_binary,transformer,,240m,9,False,False,0.515551798458896,0.5833824583906357,0.7504598596896994,0.7051340994879027,0.7903997881827753,2,43251,9281,9280,23,0,359.7174446662267,32,2880,1352,4.999537625708011,264322,512,128,True,5,,,,,,,,,,,,,,,,,,,,,,,,,,
bmi_binary,transformer,,240m,10,False,False,0.5117900656530925,0.5551305421755599,0.7497480954845137,0.717726033268094,0.790483931677726,2,43251,9281,9280,23,0,359.7174446662267,32,2880,1352,4.999537625708011,264322,512,128,True,5,,,,,,,,,,,,,,,,,,,,,,,,,,
bmi_binary,transformer,,240m,11,False,False,0.509113170992931,0.5798040519705004,0.7519892451867012,0.7132410447480715,0.7961369160511571,2,43251,9281,9280,23,0,359.7174446662267,32,2880,1352,4.999537625708011,264322,512,128,True,5,,,,,,,,,,,,,,,,,,,,,,,,,,
bmi_binary,transformer,,240m,12,True,False,0.4995935795439513,0.5483496832591991,0.7591697737326631,0.722271520960986,0.798371094129084,2,43251,9281,9280,23,0,359.7174446662267,32,2880,1352,4.999537625708011,264322,512,128,True,5,0.7796120320917436,0.7739882373522576,0.7554341994221803,0.8516685967810036,0.7885019163472754,0.7594745583572399,,,,0.727615558668247,0.722271520960986,0.6981212323645195,0.7351507767286019,0.7093922651933702,,,,0.7329741379310345,0.7275960108476949,0.707308788169511,0.8001187833522876,0.7414596273291926,0.7137323943661972,,,
bmi_binary,transformer,,240m,13,False,False,0.4963517065960637,0.5496848967809793,0.7616397216800874,0.7177021645633598,0.7941203330511721,2,43251,9281,9280,23,0,359.7174446662267,32,2880,1352,4.999537625708011,264322,512,128,True,5,,,,,,,,,,,,,,,,,,,,,,,,,,
bmi_binary,transformer,,240m,14,False,False,0.4916688203274182,0.5497685303148325,0.7649596047243925,0.7202317143563948,0.7920130433636305,2,43251,9281,9280,23,0,359.7174446662267,32,2880,1352,4.999537625708011,264322,512,128,True,5,,,,,,,,,,,,,,,,,,,,,,,,,,
bmi_binary,transformer,,240m,15,False,False,0.4855222731676408,0.5803166947517913,0.7690464468615037,0.7118180660571312,0.7940205108183291,2,43251,9281,9280,23,0,359.7174446662267,32,2880,1352,4.999537625708011,264322,512,128,True,5,,,,,,,,,,,,,,,,,,,,,,,,,,
bmi_binary,transformer,,240m,16,False,False,0.4806459449001308,0.5534816201217934,0.7728794282436646,0.7239496507764481,0.7949305788118827,2,43251,9281,9280,23,0,359.7174446662267,32,2880,1352,4.999537625708011,264322,512,128,True,5,,,,,,,,,,,,,,,,,,,,,,,,,,
bmi_binary,transformer,,240m,17,False,False,0.4788795353499416,0.5707508092963892,0.771894307564573,0.7136937647987371,0.7939269712997757,2,43251,9281,9280,23,0,359.7174446662267,32,2880,1352,4.999537625708011,264322,512,128,True,5,,,,,,,,,,,,,,,,,,,,,,,,,,
bmi_binary,transformer,,240m,18,False,False,0.4742133672553094,0.5579402488491271,0.7751549196981942,0.7189275743281562,0.7928075262429538,2,43251,9281,9280,23,0,359.7174446662267,32,2880,1352,4.999537625708011,264322,512,128,True,5,,,,,,,,,,,,,,,,,,,,,,,,,,
bmi_binary,transformer,,240m,19,False,False,0.4700314341405949,0.5537645834945757,0.7786184636850122,0.7210154829640275,0.7952178447036438,2,43251,9281,9280,23,0,359.7174446662267,32,2880,1352,4.999537625708011,264322,512,128,True,5,,,,,,,,,,,,,,,,,,,,,,,,,,
bmi_binary,transformer,,240m,20,False,False,0.4684250787879323,0.57718526273436,0.7794765105710022,0.715453457708638,0.7929083301499046,2,43251,9281,9280,23,0,359.7174446662267,32,2880,1352,4.999537625708011,264322,512,128,True,5,,,,,,,,,,,,,,,,,,,,,,,,,,
bmi_binary,transformer,,240m,21,False,False,0.4603122974884407,0.5594107383907695,0.7874596608955129,0.7177821289313945,0.7950537648884902,2,43251,9281,9280,23,0,359.7174446662267,32,2880,1352,4.999537625708011,264322,512,128,True,5,,,,,,,,,,,,,,,,,,,,,,,,,,
bmi_binary,transformer,,240m,22,False,False,0.4573276799589644,0.559530346050767,0.7884958639562387,0.7178187874473612,0.7939863485593793,2,43251,9281,9280,23,0,359.7174446662267,32,2880,1352,4.999537625708011,264322,512,128,True,5,,,,,,,,,,,,,,,,,,,,,,,,,,
bmi_binary,transformer,,240m,23,False,False,0.4548244498623073,0.5633241464648315,0.7902642641748042,0.7176426190167664,0.7921797596749593,2,43251,9281,9280,23,0,359.7174446662267,32,2880,1352,4.999537625708011,264322,512,128,True,5,,,,,,,,,,,,,,,,,,,,,,,,,,
depression_extreme_binary,lstm,,30s,1,False,False,0.5964138925578288,0.5047115023239799,0.691819755058573,0.7873775347459557,0.8366279334700387,2,5335,1150,1145,15,0,1.9317513227462768,32,6,167,5.0,657922,512,128,True,5,,,,,,,,,,,,,,,,,,,,,,,,,,
depression_extreme_binary,lstm,,30s,2,False,False,0.5238122136992837,0.4808188910587974,0.7407456403088393,0.769332421964001,0.8399362041467304,2,5335,1150,1145,15,0,1.9317513227462768,32,6,167,5.0,657922,512,128,True,5,,,,,,,,,,,,,,,,,,,,,,,,,,
depression_extreme_binary,lstm,,30s,3,False,False,0.4933639680769472,0.4743762478102808,0.7706386448349307,0.7431761221234905,0.8415675552517657,2,5335,1150,1145,15,0,1.9317513227462768,32,6,167,5.0,657922,512,128,True,5,,,,,,,,,,,,,,,,,,,,,,,,,,
depression_extreme_binary,lstm,,30s,4,False,False,0.4614473303680456,0.4833410875693611,0.7935752795527156,0.7441330599225335,0.8442287537024379,2,5335,1150,1145,15,0,1.9317513227462768,32,6,167,5.0,657922,512,128,True,5,,,,,,,,,,,,,,,,,,,,,,,,,,
depression_extreme_binary,lstm,,30s,5,True,False,0.428253278155805,0.4711909970511561,0.8063540002662407,0.738961038961039,0.845349737981317,2,5335,1150,1145,15,0,1.9317513227462768,32,6,167,5.0,657922,512,128,True,5,0.8166822867853796,0.8384925785410011,0.7088248726953232,0.91475505857295,0.8097976570820021,0.8671875,,,,0.7591304347826087,0.738961038961039,0.6016984861916724,0.7636363636363637,0.7142857142857143,,,,0.7388646288209607,0.6579904306220096,0.5566894437042015,0.7219808612440191,0.7559808612440191,0.56,,,
depression_extreme_binary,lstm,,30s,6,False,False,0.3958081133922015,0.4645052137582198,0.8260949148029819,0.7381180223285486,0.8344953292321713,2,5335,1150,1145,15,0,1.9317513227462768,32,6,167,5.0,657922,512,128,True,5,,,,,,,,,,,,,,,,,,,,,,,,,,
depression_extreme_binary,lstm,,30s,7,False,False,0.3686068873430035,0.4699482990866122,0.8419304113418531,0.7433811802232855,0.8324812030075188,2,5335,1150,1145,15,0,1.9317513227462768,32,6,167,5.0,657922,512,128,True,5,,,,,,,,,,,,,,,,,,,,,,,,,,
depression_extreme_binary,lstm,,30s,8,False,False,0.3363069001658564,0.4860655176639556,0.8677083333333333,0.7371383002961951,0.8220277967646389,2,5335,1150,1145,15,0,1.9317513227462768,32,6,167,5.0,657922,512,128,True,5,,,,,,,,,,,,,,,,,,,,,,,,,,
depression_extreme_binary,lstm,,30s,9,False,False,0.2960241414892863,0.4963505588147951,0.885993244142705,0.6626110731373889,0.8141809068124858,2,5335,1150,1145,15,0,1.9317513227462768,32,6,167,5.0,657922,512,128,True,5,,,,,,,,,,,,,,,,,,,,,,,,,,
depression_extreme_binary,lstm,,30s,10,False,False,0.2604872234759201,0.4761747206553169,0.9037098974973377,0.6630667578035999,0.8304123946229209,2,5335,1150,1145,15,0,1.9317513227462768,32,6,167,5.0,657922,512,128,True,5,,,,,,,,,,,,,,,,,,,,,,,,,,
depression_extreme_binary,lstm,,30s,11,False,False,0.2292493108007096,0.4896328053785407,0.92142821485623,0.6834814308498519,0.822155388471178,2,5335,1150,1145,15,0,1.9317513227462768,32,6,167,5.0,657922,512,128,True,5,,,,,,,,,,,,,,,,,,,,,,,,,,
depression_extreme_binary,lstm,,30s,12,False,False,0.2002441664946448,0.4912539523321649,0.9351687300319488,0.6958988380041011,0.8244429254955571,2,5335,1150,1145,15,0,1.9317513227462768,32,6,167,5.0,657922,512,128,True,5,,,,,,,,,,,,,,,,,,,,,,,,,,
depression_extreme_binary,lstm,,30s,13,False,False,0.1732133063347181,0.5263422198140103,0.9488027489350372,0.6768284347231716,0.8060879471405786,2,5335,1150,1145,15,0,1.9317513227462768,32,6,167,5.0,657922,512,128,True,5,,,,,,,,,,,,,,,,,,,,,,,,,,
depression_extreme_binary,lstm,,30s,14,False,False,0.1532715169201415,0.5637809520441552,0.9559737752928648,0.6478924584187742,0.8042469810890863,2,5335,1150,1145,15,0,1.9317513227462768,32,6,167,5.0,657922,512,128,True,5,,,,,,,,,,,,,,,,,,,,,,,,,,
depression_extreme_binary,lstm,,30s,15,False,False,0.1285124543233798,0.6560607763995295,0.966093417199148,0.6103440419229893,0.8153565732513101,2,5335,1150,1145,15,0,1.9317513227462768,32,6,167,5.0,657922,512,128,True,5,,,,,,,,,,,,,,,,,,,,,,,,,,
depression_extreme_binary,lstm,,10m,1,False,False,0.593960339540394,0.4723464312242425,0.6823365947816826,0.7703804966962862,0.8430804283435864,2,5335,1150,1145,14,0,1.7144978086153666,32,120,167,5.0,657922,512,128,True,5,,,,,,,,,,,,,,,,,,,,,,,,,,
depression_extreme_binary,lstm,,10m,2,False,False,0.5277525152127768,0.4717739730814229,0.7538846179446219,0.7808384597858282,0.8413488266119845,2,5335,1150,1145,14,0,1.7144978086153666,32,120,167,5.0,657922,512,128,True,5,,,,,,,,,,,,,,,,,,,,,,,,,,
depression_extreme_binary,lstm,,10m,3,False,False,0.4883174144674264,0.4649876020783963,0.7756098575612353,0.7718159033948508,0.8415128730918205,2,5335,1150,1145,14,0,1.7144978086153666,32,120,167,5.0,657922,512,128,True,5,,,,,,,,,,,,,,,,,,,,,,,,,,
depression_extreme_binary,lstm,,10m,4,True,False,0.4640693331111114,0.4616192539360212,0.7804354699148031,0.7736842105263158,0.8471177944862155,2,5335,1150,1145,14,0,1.7144978086153666,32,120,167,5.0,657922,512,128,True,5,0.8037488284910965,0.8183240149094781,0.6917285946481397,0.8964237220447284,0.7991480298189564,0.8375,,,,0.7521739130434782,0.7736842105263158,0.6082783249730186,0.7473684210526316,0.8,,,,0.7231441048034934,0.6538995215311005,0.5469896870932032,0.7265358851674641,0.737799043062201,0.57,,,
depression_extreme_binary,lstm,,10m,5,False,False,0.4258150836074028,0.4676416338008383,0.803728201544196,0.7532239690134427,0.8429801777170199,2,5335,1150,1145,14,0,1.7144978086153666,32,120,167,5.0,657922,512,128,True,5,,,,,,,,,,,,,,,,,,,,,,,,,,
depression_extreme_binary,lstm,,10m,6,False,False,0.3977914290665016,0.4886380881330241,0.8282622803514377,0.7265436318067897,0.836099339257234,2,5335,1150,1145,14,0,1.7144978086153666,32,120,167,5.0,657922,512,128,True,5,,,,,,,,,,,,,,,,,,,,,,,,,,
depression_extreme_binary,lstm,,10m,7,False,False,0.3591465844181842,0.4801331491573997,0.8477194821618743,0.7432444748234222,0.8379767600820233,2,5335,1150,1145,14,0,1.7144978086153666,32,120,167,5.0,657922,512,128,True,5,,,,,,,,,,,,,,,,,,,,,,,,,,
depression_extreme_binary,lstm,,10m,8,False,False,0.3157914582014978,0.4613360156183657,0.8744908146964856,0.7072226019594441,0.8390339485076328,2,5335,1150,1145,14,0,1.7144978086153666,32,120,167,5.0,657922,512,128,True,5,,,,,,,,,,,,,,,,,,,,,,,,,,
depression_extreme_binary,lstm,,10m,9,False,False,0.2743807703452123,0.4764237324569536,0.8923846845047922,0.7015037593984963,0.8316154021417179,2,5335,1150,1145,14,0,1.7144978086153666,32,120,167,5.0,657922,512,128,True,5,,,,,,,,,,,,,,,,,,,,,,,,,,
depression_extreme_binary,lstm,,10m,10,False,False,0.2458398665377439,0.5075547424606655,0.9031757521299256,0.6496468443836865,0.8181453634085214,2,5335,1150,1145,14,0,1.7144978086153666,32,120,167,5.0,657922,512,128,True,5,,,,,,,,,,,,,,,,,,,,,,,,,,
depression_extreme_binary,lstm,,10m,11,False,False,0.2033710956964519,0.5301444421643796,0.9287406815761448,0.6624743677375257,0.8080018227386648,2,5335,1150,1145,14,0,1.7144978086153666,32,120,167,5.0,657922,512,128,True,5,,,,,,,,,,,,,,,,,,,,,,,,,,
depression_extreme_binary,lstm,,10m,12,False,False,0.168867959815314,0.5702026428347049,0.9422682042066028,0.6534062428799271,0.8055137844611528,2,5335,1150,1145,14,0,1.7144978086153666,32,120,167,5.0,657922,512,128,True,5,,,,,,,,,,,,,,,,,,,,,,,,,,
depression_extreme_binary,lstm,,10m,13,False,False,0.1358982331736577,0.6426528295226719,0.963146465654952,0.6163818637502848,0.7984051036682615,2,5335,1150,1145,14,0,1.7144978086153666,32,120,167,5.0,657922,512,128,True,5,,,,,,,,,,,,,,,,,,,,,,,,,,
depression_extreme_binary,lstm,,10m,14,False,False,0.1118866079665839,0.7412812777705815,0.968684271831736,0.6102529049897472,0.7721758942811574,2,5335,1150,1145,14,0,1.7144978086153666,32,120,167,5.0,657922,512,128,True,5,,,,,,,,,,,,,,,,,,,,,,,,,,
depression_extreme_binary,lstm,,40m,1,False,False,0.5852425509115861,0.4807494143299434,0.691038505058573,0.7864661654135339,0.8503804966962862,2,5335,1150,1145,15,0,3.1124216000239056,32,480,167,5.0,657922,512,128,True,5,,,,,,,,,,,,,,,,,,,,,,,,,,
depression_extreme_binary,lstm,,40m,2,False,False,0.5165153051215907,0.4673404858941617,0.7585355098509052,0.7879471405787195,0.8482934609250398,2,5335,1150,1145,15,0,3.1124216000239056,32,480,167,5.0,657922,512,128,True,5,,,,,,,,,,,,,,,,,,,,,,,,,,
depression_extreme_binary,lstm,,40m,3,False,False,0.4871722116801039,0.4571887845578401,0.7722726970181044,0.7523125996810207,0.8464707222601959,2,5335,1150,1145,15,0,3.1124216000239056,32,480,167,5.0,657922,512,128,True,5,,,,,,,,,,,,,,,,,,,,,,,,,,
depression_extreme_binary,lstm,,40m,4,False,False,0.4487606500953631,0.4911348163563272,0.7892763245473908,0.7474595579858738,0.8398724082934609,2,5335,1150,1145,15,0,3.1124216000239056,32,480,167,5.0,657922,512,128,True,5,,,,,,,,,,,,,,,,,,,,,,,,,,
depression_extreme_binary,lstm,,40m,5,True,False,0.4168820585060477,0.45117215083993,0.8111846046325879,0.762816131237184,0.8526133515607199,2,5335,1150,1145,15,0,3.1124216000239056,32,480,167,5.0,657922,512,128,True,5,0.8076850984067478,0.8381040335463259,0.7011840812315755,0.9188490082534612,0.7980830670926518,0.878125,,,,0.7791304347826087,0.762816131237184,0.6230481352432572,0.7827751196172249,0.7428571428571429,,,,0.7449781659388647,0.6522966507177034,0.5577513227513228,0.7299234449760766,0.7645933014354067,0.54,,,
depression_extreme_binary,lstm,,40m,6,False,False,0.3879097396342019,0.4821645914989969,0.8299312766240681,0.7232627022100706,0.8289359763043973,2,5335,1150,1145,15,0,3.1124216000239056,32,480,167,5.0,657922,512,128,True,5,,,,,,,,,,,,,,,,,,,,,,,,,,
depression_extreme_binary,lstm,,40m,7,False,False,0.3499468866725223,0.4802061333863631,0.8432433107028754,0.7323080428343587,0.8340487582592846,2,5335,1150,1145,15,0,3.1124216000239056,32,480,167,5.0,657922,512,128,True,5,,,,,,,,,,,,,,,,,,,,,,,,,,
depression_extreme_binary,lstm,,40m,8,False,False,0.3109704882493059,0.4934478023259536,0.8754126730564431,0.6402369560264297,0.8189838231943495,2,5335,1150,1145,15,0,3.1124216000239056,32,480,167,5.0,657922,512,128,True,5,,,,,,,,,,,,,,,,,,,,,,,,,,
depression_extreme_binary,lstm,,40m,9,False,False,0.2639104457748417,0.5245951917119648,0.8982419794994675,0.6421736158578264,0.8117293233082707,2,5335,1150,1145,15,0,3.1124216000239056,32,480,167,5.0,657922,512,128,True,5,,,,,,,,,,,,,,,,,,,,,,,,,,
depression_extreme_binary,lstm,,40m,10,False,False,0.2302346459173553,0.5147635602432749,0.9206810769435568,0.676805650489861,0.8069264069264069,2,5335,1150,1145,15,0,3.1124216000239056,32,480,167,5.0,657922,512,128,True,5,,,,,,,,,,,,,,,,,,,,,,,,,,
depression_extreme_binary,lstm,,40m,11,False,False,0.190572504943626,0.5557330197614172,0.9354516107561236,0.6706539074960127,0.7979220779220779,2,5335,1150,1145,15,0,3.1124216000239056,32,480,167,5.0,657922,512,128,True,5,,,,,,,,,,,,,,,,,,,,,,,,,,
depression_extreme_binary,lstm,,40m,12,False,False,0.1489260821556978,0.6223643782605296,0.953773129659212,0.6450444292549555,0.8038004101161996,2,5335,1150,1145,15,0,3.1124216000239056,32,480,167,5.0,657922,512,128,True,5,,,,,,,,,,,,,,,,,,,,,,,,,,
depression_extreme_binary,lstm,,40m,13,False,False,0.124458496762752,0.6651694257881331,0.9636789470181044,0.6534973798131694,0.7598177261335155,2,5335,1150,1145,15,0,3.1124216000239056,32,480,167,5.0,657922,512,128,True,5,,,,,,,,,,,,,,,,,,,,,,,,,,
depression_extreme_binary,lstm,,40m,14,False,False,0.0992987457792001,0.7905763041713963,0.9735132121938233,0.6322396901344269,0.7848439280018227,2,5335,1150,1145,15,0,3.1124216000239056,32,480,167,5.0,657922,512,128,True,5,,,,,,,,,,,,,,,,,,,,,,,,,,
depression_extreme_binary,lstm,,40m,15,False,False,0.0836386596607681,0.8334469798466434,0.9764243876464324,0.6174299384825701,0.7865937571200728,2,5335,1150,1145,15,0,3.1124216000239056,32,480,167,5.0,657922,512,128,True,5,,,,,,,,,,,,,,,,,,,,,,,,,,
depression_extreme_binary,lstm,,80m,1,False,False,0.5839944246671082,0.4868302710159965,0.701862852768903,0.7688767372977899,0.8369651401230348,2,5335,1150,1145,16,0,4.065410017967224,32,960,167,5.0,657922,512,128,True,5,,,,,,,,,,,,,,,,,,,,,,,,,,
depression_extreme_binary,lstm,,80m,2,False,False,0.5108955059413499,0.4929562657812367,0.7594207601171459,0.7954659375712008,0.8409022556390978,2,5335,1150,1145,16,0,4.065410017967224,32,960,167,5.0,657922,512,128,True,5,,,,,,,,,,,,,,,,,,,,,,,,,,
depression_extreme_binary,lstm,,80m,3,False,False,0.4827828976408611,0.4507609928690869,0.7722019768370607,0.7737525632262474,0.8519753930280246,2,5335,1150,1145,16,0,4.065410017967224,32,960,167,5.0,657922,512,128,True,5,,,,,,,,,,,,,,,,,,,,,,,,,,
depression_extreme_binary,lstm,,80m,4,False,False,0.4489898237761986,0.4867185086789338,0.7857611155484558,0.7812257917521075,0.8433082706766918,2,5335,1150,1145,16,0,4.065410017967224,32,960,167,5.0,657922,512,128,True,5,,,,,,,,,,,,,,,,,,,,,,,,,,
depression_extreme_binary,lstm,,80m,5,False,False,0.4128188049558623,0.4673864279622617,0.807633619542066,0.7775347459557986,0.8457416267942583,2,5335,1150,1145,16,0,4.065410017967224,32,960,167,5.0,657922,512,128,True,5,,,,,,,,,,,,,,,,,,,,,,,,,,
depression_extreme_binary,lstm,,80m,6,True,False,0.3702944283297716,0.4280517798921336,0.8353975306176784,0.7377079061289588,0.8591114149008886,2,5335,1150,1145,16,0,4.065410017967224,32,960,167,5.0,657922,512,128,True,5,0.8779756326148078,0.8753411208732694,0.7792287638111342,0.9481755857294994,0.8788072417465389,0.871875,,,,0.8191304347826087,0.7377079061289588,0.6427910088465972,0.8373205741626795,0.638095238095238,,,,0.7982532751091703,0.6362679425837321,0.5793313388967617,0.720688995215311,0.8325358851674641,0.44,,,
depression_extreme_binary,lstm,,80m,7,False,False,0.3302639567583883,0.4526356822511424,0.8608551317891373,0.6488493962178172,0.8527773980405559,2,5335,1150,1145,16,0,4.065410017967224,32,960,167,5.0,657922,512,128,True,5,,,,,,,,,,,,,,,,,,,,,,,,,,
depression_extreme_binary,lstm,,80m,8,False,False,0.2899080757739506,0.4552107718716497,0.8905734158679446,0.7029619503303715,0.8449122807017544,2,5335,1150,1145,16,0,4.065410017967224,32,960,167,5.0,657922,512,128,True,5,,,,,,,,,,,,,,,,,,,,,,,,,,
depression_extreme_binary,lstm,,80m,9,False,False,0.2562046767845261,0.4861446776079094,0.9041708266773164,0.6706311232627022,0.8366279334700387,2,5335,1150,1145,16,0,4.065410017967224,32,960,167,5.0,657922,512,128,True,5,,,,,,,,,,,,,,,,,,,,,,,,,,
depression_extreme_binary,lstm,,80m,10,False,False,0.2048581788751044,0.5049941641351451,0.9332517971246006,0.6749145591250855,0.8311050353155616,2,5335,1150,1145,16,0,4.065410017967224,32,960,167,5.0,657922,512,128,True,5,,,,,,,,,,,,,,,,,,,,,,,,,,
depression_extreme_binary,lstm,,80m,11,False,False,0.1613617230608235,0.5818035338754239,0.9546966520234292,0.6569833675096832,0.8409660514923673,2,5335,1150,1145,16,0,4.065410017967224,32,960,167,5.0,657922,512,128,True,5,,,,,,,,,,,,,,,,,,,,,,,,,,
depression_extreme_binary,lstm,,80m,12,False,False,0.1422118390511438,0.7574202678514563,0.9508952342917998,0.6041922989291411,0.8261745272271588,2,5335,1150,1145,16,0,4.065410017967224,32,960,167,5.0,657922,512,128,True,5,,,,,,,,,,,,,,,,,,,,,,,,,,
depression_extreme_binary,lstm,,80m,13,False,False,0.1084768395895363,0.6878590268414954,0.968258286741214,0.6269765322396902,0.8318705855547962,2,5335,1150,1145,16,0,4.065410017967224,32,960,167,5.0,657922,512,128,True,5,,,,,,,,,,,,,,,,,,,,,,,,,,
depression_extreme_binary,lstm,,80m,14,False,False,0.0929200540079395,0.7894557733639427,0.9735123801916932,0.6312827523353839,0.8328457507404876,2,5335,1150,1145,16,0,4.065410017967224,32,960,167,5.0,657922,512,128,True,5,,,,,,,,,,,,,,,,,,,,,,,,,,
depression_extreme_binary,lstm,,80m,15,False,False,0.0778039150673201,0.7507021736709968,0.976920260915868,0.653155616313511,0.8295101389838232,2,5335,1150,1145,16,0,4.065410017967224,32,960,167,5.0,657922,512,128,True,5,,,,,,,,,,,,,,,,,,,,,,,,,,
depression_extreme_binary,lstm,,80m,16,False,False,0.0664588603532359,0.8524402859807014,0.9809321751863684,0.6374344953292321,0.8154203691045797,2,5335,1150,1145,16,0,4.065410017967224,32,960,167,5.0,657922,512,128,True,5,,,,,,,,,,,,,,,,,,,,,,,,,,
depression_extreme_binary,lstm,,120m,1,False,False,0.5811728461166353,0.4925146792764249,0.7059463192225772,0.7764183185235817,0.8496605149236728,2,5335,1150,1145,17,0,6.608403952916463,32,1440,167,5.0,657922,512,128,True,5,,,,,,,,,,,,,,,,,,,,,,,,,,
depression_extreme_binary,lstm,,120m,2,False,False,0.513066769461824,0.4587602726791216,0.7627953607561235,0.7669856459330144,0.8501344269765323,2,5335,1150,1145,17,0,6.608403952916463,32,1440,167,5.0,657922,512,128,True,5,,,,,,,,,,,,,,,,,,,,,,,,,,
depression_extreme_binary,lstm,,120m,3,False,False,0.4811716545153245,0.436164546272029,0.7790892904685836,0.7405103668261563,0.8503896103896104,2,5335,1150,1145,17,0,6.608403952916463,32,1440,167,5.0,657922,512,128,True,5,,,,,,,,,,,,,,,,,,,,,,,,,,
depression_extreme_binary,lstm,,120m,4,False,False,0.4570852603773816,0.4432565768905308,0.7830263245473907,0.7618591934381408,0.8562588288904078,2,5335,1150,1145,17,0,6.608403952916463,32,1440,167,5.0,657922,512,128,True,5,,,,,,,,,,,,,,,,,,,,,,,,,,
depression_extreme_binary,lstm,,120m,5,False,False,0.4194595766715503,0.4263380729115527,0.8069921458998934,0.7424925951241741,0.8568967874231032,2,5335,1150,1145,17,0,6.608403952916463,32,1440,167,5.0,657922,512,128,True,5,,,,,,,,,,,,,,,,,,,,,,,,,,
depression_extreme_binary,lstm,,120m,6,False,False,0.3853190701702765,0.4353467231211455,0.8333749334398296,0.6820688083845978,0.8502437912964229,2,5335,1150,1145,17,0,6.608403952916463,32,1440,167,5.0,657922,512,128,True,5,,,,,,,,,,,,,,,,,,,,,,,,,,
depression_extreme_binary,lstm,,120m,7,True,False,0.3539592585850231,0.4219245520881984,0.8510200346112886,0.7353839143312828,0.8631032125768967,2,5335,1150,1145,17,0,6.608403952916463,32,1440,167,5.0,657922,512,128,True,5,0.8839737582005623,0.8794237553248136,0.787172413375309,0.952532281682641,0.8854100106496272,0.8734375,,,,0.8382608695652174,0.7353839143312828,0.6569938614890218,0.861244019138756,0.6095238095238096,,,,0.8052401746724891,0.6220095693779905,0.5758984554721199,0.7283253588516745,0.8440191387559809,0.4,,,
depression_extreme_binary,lstm,,120m,8,False,False,0.317850718829491,0.4473166948816051,0.8661450013312034,0.7562087035771247,0.8510002278423331,2,5335,1150,1145,17,0,6.608403952916463,32,1440,167,5.0,657922,512,128,True,5,,,,,,,,,,,,,,,,,,,,,,,,,,
depression_extreme_binary,lstm,,120m,9,False,False,0.278152844139428,0.4570145569676938,0.8887970913205538,0.6759170653907496,0.8432171337434495,2,5335,1150,1145,17,0,6.608403952916463,32,1440,167,5.0,657922,512,128,True,5,,,,,,,,,,,,,,,,,,,,,,,,,,
depression_extreme_binary,lstm,,120m,10,False,False,0.2382817218822079,0.4672971733756687,0.9109533080404686,0.6873547505126453,0.8515014809751652,2,5335,1150,1145,17,0,6.608403952916463,32,1440,167,5.0,657922,512,128,True,5,,,,,,,,,,,,,,,,,,,,,,,,,,
depression_extreme_binary,lstm,,120m,11,False,False,0.2042649580673738,0.4486176155961078,0.9258993943024494,0.720164046479836,0.8604511278195488,2,5335,1150,1145,17,0,6.608403952916463,32,1440,167,5.0,657922,512,128,True,5,,,,,,,,,,,,,,,,,,,,,,,,,,
depression_extreme_binary,lstm,,120m,12,False,False,0.1655170553905894,0.4973751679192418,0.9454630923855164,0.6835042150831625,0.8422693096377306,2,5335,1150,1145,17,0,6.608403952916463,32,1440,167,5.0,657922,512,128,True,5,,,,,,,,,,,,,,,,,,,,,,,,,,
depression_extreme_binary,lstm,,120m,13,False,False,0.1459492414812675,0.5276514477833457,0.955156749201278,0.6540897698792436,0.8537707906128958,2,5335,1150,1145,17,0,6.608403952916463,32,1440,167,5.0,657922,512,128,True,5,,,,,,,,,,,,,,,,,,,,,,,,,,
depression_extreme_binary,lstm,,120m,14,False,False,0.112574445542154,0.7441460860293845,0.9661624733759318,0.6099111414900888,0.8193483709273183,2,5335,1150,1145,17,0,6.608403952916463,32,1440,167,5.0,657922,512,128,True,5,,,,,,,,,,,,,,,,,,,,,,,,,,
depression_extreme_binary,lstm,,120m,15,False,False,0.0851913490462716,0.601759100297223,0.9746838391906284,0.7007290954659375,0.8522943722943723,2,5335,1150,1145,17,0,6.608403952916463,32,1440,167,5.0,657922,512,128,True,5,,,,,,,,,,,,,,,,,,,,,,,,,,
depression_extreme_binary,lstm,,120m,16,False,False,0.0717397316857376,0.820552689484928,0.9788022497337594,0.6059922533606744,0.7903941672362725,2,5335,1150,1145,17,0,6.608403952916463,32,1440,167,5.0,657922,512,128,True,5,,,,,,,,,,,,,,,,,,,,,,,,,,
depression_extreme_binary,lstm,,120m,17,False,False,0.0572302209990205,0.780486790486004,0.988069921458999,0.6221690590111643,0.8163681932102985,2,5335,1150,1145,17,0,6.608403952916463,32,1440,167,5.0,657922,512,128,True,5,,,,,,,,,,,,,,,,,,,,,,,,,,
depression_extreme_binary,lstm,,240m,1,False,False,0.5883024097941362,0.4726615575085515,0.7074372670394036,0.7755297334244703,0.8531692868534974,2,5335,1150,1145,13,0,6.689526927471161,32,2880,167,5.0,657922,512,128,True,5,,,,,,,,,,,,,,,,,,,,,,,,,,
depression_extreme_binary,lstm,,240m,2,False,False,0.518303025495034,0.4929544670685478,0.7561185436634718,0.7821143768512189,0.8559945317840055,2,5335,1150,1145,13,0,6.689526927471161,32,2880,167,5.0,657922,512,128,True,5,,,,,,,,,,,,,,,,,,,,,,,,,,
depression_extreme_binary,lstm,,240m,3,True,False,0.4791217275724974,0.4555130113726077,0.7746522231096912,0.7650945545682388,0.8572157666894509,2,5335,1150,1145,13,0,6.689526927471161,32,2880,167,5.0,657922,512,128,True,5,0.7692596063730084,0.7967044395633653,0.6585317016816237,0.8866536874334398,0.7605963791267306,0.8328125,,,,0.7443478260869565,0.7650945545682388,0.6005434782608696,0.7397129186602871,0.7904761904761904,,,,0.7240174672489083,0.6634210526315789,0.5508153901160019,0.7226985645933014,0.7368421052631579,0.59,,,
depression_extreme_binary,lstm,,240m,4,False,False,0.4345078423912545,0.4435380841338116,0.7966986155484559,0.7490544543176122,0.8528138528138528,2,5335,1150,1145,13,0,6.689526927471161,32,2880,167,5.0,657922,512,128,True,5,,,,,,,,,,,,,,,,,,,,,,,,,,
depression_extreme_binary,lstm,,240m,5,False,False,0.4035980489059598,0.4476638593362725,0.8174695487220447,0.7419457735247208,0.8479835953520164,2,5335,1150,1145,13,0,6.689526927471161,32,2880,167,5.0,657922,512,128,True,5,,,,,,,,,,,,,,,,,,,,,,,,,,
depression_extreme_binary,lstm,,240m,6,False,False,0.3578023254173094,0.4576971638202667,0.8456952209797657,0.7100934153565732,0.8364274322169059,2,5335,1150,1145,13,0,6.689526927471161,32,2880,167,5.0,657922,512,128,True,5,,,,,,,,,,,,,,,,,,,,,,,,,,
depression_extreme_binary,lstm,,240m,7,False,False,0.3288576409681556,0.4537240063625833,0.865044262513312,0.7220095693779904,0.8428799270904533,2,5335,1150,1145,13,0,6.689526927471161,32,2880,167,5.0,657922,512,128,True,5,,,,,,,,,,,,,,,,,,,,,,,,,,
depression_extreme_binary,lstm,,240m,8,False,False,0.2911998286745541,0.4698425887460294,0.8727818823216187,0.7063340168603327,0.8338847117794486,2,5335,1150,1145,13,0,6.689526927471161,32,2880,167,5.0,657922,512,128,True,5,,,,,,,,,,,,,,,,,,,,,,,,,,
depression_extreme_binary,lstm,,240m,9,False,False,0.2412039316247977,0.4954786216176075,0.9191917931309904,0.7224196855775803,0.8261198450672135,2,5335,1150,1145,13,0,6.689526927471161,32,2880,167,5.0,657922,512,128,True,5,,,,,,,,,,,,,,,,,,,,,,,,,,
depression_extreme_binary,lstm,,240m,10,False,False,0.2019956890483157,0.5522131377717723,0.9326818756656016,0.6588516746411484,0.8221007063112327,2,5335,1150,1145,13,0,6.689526927471161,32,2880,167,5.0,657922,512,128,True,5,,,,,,,,,,,,,,,,,,,,,,,,,,
depression_extreme_binary,lstm,,240m,11,False,False,0.1677920086726532,0.5628613963852758,0.950045760117146,0.7002050580997949,0.8131875142401458,2,5335,1150,1145,13,0,6.689526927471161,32,2880,167,5.0,657922,512,128,True,5,,,,,,,,,,,,,,,,,,,,,,,,,,
depression_extreme_binary,lstm,,240m,12,False,False,0.1360955138908107,0.6522225981173309,0.957677715654952,0.6545910230120756,0.7971474139895193,2,5335,1150,1145,13,0,6.689526927471161,32,2880,167,5.0,657922,512,128,True,5,,,,,,,,,,,,,,,,,,,,,,,,,,
depression_extreme_binary,lstm,,240m,13,False,False,0.1099449691419413,0.6419928649197454,0.9682932308306708,0.6731373889268626,0.7990977443609023,2,5335,1150,1145,13,0,6.689526927471161,32,2880,167,5.0,657922,512,128,True,5,,,,,,,,,,,,,,,,,,,,,,,,,,
depression_extreme_binary,mean_pool,,30s,1,False,False,0.7334100049236945,0.5707750633488531,0.5924312766240682,0.730667578035999,0.778719526087947,2,5335,1150,1145,27,0,3.035928022861481,32,6,167,5.0,1026,512,128,True,5,,,,,,,,,,,,,,,,,,,,,,,,,,
depression_extreme_binary,mean_pool,,30s,2,False,False,0.6492985222366444,0.5178785843434541,0.6701926916932908,0.754066985645933,0.8113556618819776,2,5335,1150,1145,27,0,3.035928022861481,32,6,167,5.0,1026,512,128,True,5,,,,,,,,,,,,,,,,,,,,,,,,,,
depression_extreme_binary,mean_pool,,30s,3,False,False,0.6165369529922989,0.5210063440385072,0.6962177183173589,0.7740031897926635,0.8207974481658693,2,5335,1150,1145,27,0,3.035928022861481,32,6,167,5.0,1026,512,128,True,5,,,,,,,,,,,,,,,,,,,,,,,,,,
depression_extreme_binary,mean_pool,,30s,4,False,False,0.6021193977539631,0.507371883806975,0.7053447816826411,0.7797448165869219,0.8250808840282523,2,5335,1150,1145,27,0,3.035928022861481,32,6,167,5.0,1026,512,128,True,5,,,,,,,,,,,,,,,,,,,,,,,,,,
depression_extreme_binary,mean_pool,,30s,5,False,False,0.5978319056422887,0.5004434666944587,0.7029635915867944,0.7807245386192754,0.8301754385964912,2,5335,1150,1145,27,0,3.035928022861481,32,6,167,5.0,1026,512,128,True,5,,,,,,,,,,,,,,,,,,,,,,,,,,
depression_extreme_binary,mean_pool,,30s,6,False,False,0.5819344376556875,0.494312144725219,0.725792898029819,0.7702665755297334,0.8276691729323308,2,5335,1150,1145,27,0,3.035928022861481,32,6,167,5.0,1026,512,128,True,5,,,,,,,,,,,,,,,,,,,,,,,,,,
depression_extreme_binary,mean_pool,,30s,7,False,False,0.5873821445458831,0.5147372140055118,0.7144327409478168,0.7740259740259741,0.8256732740943268,2,5335,1150,1145,27,0,3.035928022861481,32,6,167,5.0,1026,512,128,True,5,,,,,,,,,,,,,,,,,,,,,,,,,,
depression_extreme_binary,mean_pool,,30s,8,False,False,0.5623558149900857,0.4834640915497489,0.7337118943024494,0.7688767372977899,0.8268580542264753,2,5335,1150,1145,27,0,3.035928022861481,32,6,167,5.0,1026,512,128,True,5,,,,,,,,,,,,,,,,,,,,,,,,,,
depression_extreme_binary,mean_pool,,30s,9,False,False,0.5649646471232707,0.4979115475260693,0.730234125399361,0.7726361357940306,0.8271132376395535,2,5335,1150,1145,27,0,3.035928022861481,32,6,167,5.0,1026,512,128,True,5,,,,,,,,,,,,,,,,,,,,,,,,,,
depression_extreme_binary,mean_pool,,30s,10,False,False,0.5620927778157321,0.5037467318514119,0.7306226703940362,0.7692868534973798,0.8287719298245614,2,5335,1150,1145,27,0,3.035928022861481,32,6,167,5.0,1026,512,128,True,5,,,,,,,,,,,,,,,,,,,,,,,,,,
depression_extreme_binary,mean_pool,,30s,11,False,False,0.557063653766271,0.4945585536438486,0.7367320620340788,0.7659831396673502,0.8290271132376394,2,5335,1150,1145,27,0,3.035928022861481,32,6,167,5.0,1026,512,128,True,5,,,,,,,,,,,,,,,,,,,,,,,,,,
depression_extreme_binary,mean_pool,,30s,12,False,False,0.5580658741944732,0.4767204581136289,0.7309429912140575,0.7465026201868307,0.8303941672362725,2,5335,1150,1145,27,0,3.035928022861481,32,6,167,5.0,1026,512,128,True,5,,,,,,,,,,,,,,,,,,,,,,,,,,
depression_extreme_binary,mean_pool,,30s,13,False,False,0.5559256750842401,0.4860862723122472,0.7273187899361022,0.761699703804967,0.8305855547960811,2,5335,1150,1145,27,0,3.035928022861481,32,6,167,5.0,1026,512,128,True,5,,,,,,,,,,,,,,,,,,,,,,,,,,
depression_extreme_binary,mean_pool,,30s,14,False,False,0.5611954526691204,0.5155265361329784,0.739854566027689,0.7849624060150375,0.8306949191159717,2,5335,1150,1145,27,0,3.035928022861481,32,6,167,5.0,1026,512,128,True,5,,,,,,,,,,,,,,,,,,,,,,,,,,
depression_extreme_binary,mean_pool,,30s,15,False,False,0.5464713788133083,0.4882353067398071,0.7408870806709265,0.7593073593073594,0.8332467532467532,2,5335,1150,1145,27,0,3.035928022861481,32,6,167,5.0,1026,512,128,True,5,,,,,,,,,,,,,,,,,,,,,,,,,,
depression_extreme_binary,mean_pool,,30s,16,False,False,0.5399395599584214,0.4841629297836967,0.7426966853035144,0.7602642971064024,0.8354978354978354,2,5335,1150,1145,27,0,3.035928022861481,32,6,167,5.0,1026,512,128,True,5,,,,,,,,,,,,,,,,,,,,,,,,,,
depression_extreme_binary,mean_pool,,30s,17,True,False,0.5416769805810333,0.4620188501088516,0.7397855098509052,0.7274777853725223,0.836135794030531,2,5335,1150,1145,27,0,3.035928022861481,32,6,167,5.0,1026,512,128,True,5,0.7716963448922212,0.7555794062832801,0.6462482013072532,0.8258080404685836,0.7767838125665602,0.734375,,,,0.7382608695652174,0.7274777853725223,0.5849017686794205,0.7406698564593301,0.7142857142857143,,,,0.74235807860262,0.6463397129186603,0.5540859339211527,0.7210526315789473,0.7626794258373206,0.53,,,
depression_extreme_binary,mean_pool,,30s,18,False,False,0.5409937805233431,0.466845076498778,0.7402098309371672,0.7374572795625427,0.8353246753246754,2,5335,1150,1145,27,0,3.035928022861481,32,6,167,5.0,1026,512,128,True,5,,,,,,,,,,,,,,,,,,,,,,,,,,
depression_extreme_binary,mean_pool,,30s,19,False,False,0.5570258321947547,0.4728572265479875,0.7380449613951012,0.7264980633401685,0.8338482570061518,2,5335,1150,1145,27,0,3.035928022861481,32,6,167,5.0,1026,512,128,True,5,,,,,,,,,,,,,,,,,,,,,,,,,,
depression_extreme_binary,mean_pool,,30s,20,False,False,0.538989918893369,0.4902951250387274,0.7310469914802982,0.7578719526087947,0.8328639781271361,2,5335,1150,1145,27,0,3.035928022861481,32,6,167,5.0,1026,512,128,True,5,,,,,,,,,,,,,,,,,,,,,,,,,,
depression_extreme_binary,mean_pool,,30s,21,False,False,0.5408675868039725,0.4934803089369898,0.7400326144834931,0.77261335156072,0.8337571200729095,2,5335,1150,1145,27,0,3.035928022861481,32,6,167,5.0,1026,512,128,True,5,,,,,,,,,,,,,,,,,,,,,,,,,,
depression_extreme_binary,mean_pool,,30s,22,False,False,0.5450372846135494,0.5002576903674913,0.7448632188498403,0.7721348826611985,0.8332194121667805,2,5335,1150,1145,27,0,3.035928022861481,32,6,167,5.0,1026,512,128,True,5,,,,,,,,,,,,,,,,,,,,,,,,,,
depression_extreme_binary,mean_pool,,30s,23,False,False,0.5336439843197905,0.4809685253578684,0.7464232228434504,0.7502620186830713,0.8343221690590111,2,5335,1150,1145,27,0,3.035928022861481,32,6,167,5.0,1026,512,128,True,5,,,,,,,,,,,,,,,,,,,,,,,,,,
depression_extreme_binary,mean_pool,,30s,24,False,False,0.5341401159148855,0.479883567146633,0.7411333533013844,0.755023923444976,0.8351970836181362,2,5335,1150,1145,27,0,3.035928022861481,32,6,167,5.0,1026,512,128,True,5,,,,,,,,,,,,,,,,,,,,,,,,,,
depression_extreme_binary,mean_pool,,30s,25,False,False,0.5362443479512937,0.4861193825887597,0.740457767571885,0.7635907951697425,0.8348507632718158,2,5335,1150,1145,27,0,3.035928022861481,32,6,167,5.0,1026,512,128,True,5,,,,,,,,,,,,,,,,,,,,,,,,,,
depression_extreme_binary,mean_pool,,30s,26,False,False,0.5312429276212086,0.4900994282701741,0.7437242079339723,0.7659603554340397,0.8351879699248119,2,5335,1150,1145,27,0,3.035928022861481,32,6,167,5.0,1026,512,128,True,5,,,,,,,,,,,,,,,,,,,,,,,,,,
depression_extreme_binary,mean_pool,,30s,27,False,False,0.5276668194643,0.4826867250774218,0.7488027489350373,0.7631123262702211,0.8351788562314877,2,5335,1150,1145,27,0,3.035928022861481,32,6,167,5.0,1026,512,128,True,5,,,,,,,,,,,,,,,,,,,,,,,,,,
depression_extreme_binary,mean_pool,,10m,1,False,False,0.6900552285197972,0.5456603395420572,0.6061651357827476,0.7592162223741171,0.8207701070858966,2,5335,1150,1145,14,0,1.891427187124888,32,120,167,5.0,1026,512,128,True,5,,,,,,,,,,,,,,,,,,,,,,,,,,
depression_extreme_binary,mean_pool,,10m,2,False,False,0.5967121299059456,0.4849902246309363,0.6972851770500532,0.769833675096833,0.8310503531556164,2,5335,1150,1145,14,0,1.891427187124888,32,120,167,5.0,1026,512,128,True,5,,,,,,,,,,,,,,,,,,,,,,,,,,
depression_extreme_binary,mean_pool,,10m,3,False,False,0.5933697985619614,0.4657958161312601,0.7081860689563365,0.7551378446115289,0.8353064479380269,2,5335,1150,1145,14,0,1.891427187124888,32,120,167,5.0,1026,512,128,True,5,,,,,,,,,,,,,,,,,,,,,,,,,,
depression_extreme_binary,mean_pool,,10m,4,True,False,0.5807666207655859,0.4875910683818485,0.7222810170394036,0.7669400774663933,0.8378673957621326,2,5335,1150,1145,14,0,1.891427187124888,32,120,167,5.0,1026,512,128,True,5,0.7257731958762886,0.7463566626730564,0.6127709642756377,0.8049926783812567,0.7192758253461129,0.7734375,,,,0.7243478260869565,0.7669400774663933,0.588348413862569,0.7148325358851675,0.819047619047619,,,,0.6812227074235808,0.6625837320574163,0.5282592917427176,0.7115502392344497,0.6851674641148325,0.64,,,
depression_extreme_binary,mean_pool,,10m,5,False,False,0.5759799909681054,0.5028129289461218,0.729843916400426,0.7664160401002507,0.8356071998177261,2,5335,1150,1145,14,0,1.891427187124888,32,120,167,5.0,1026,512,128,True,5,,,,,,,,,,,,,,,,,,,,,,,,,,
depression_extreme_binary,mean_pool,,10m,6,False,False,0.5717206518227739,0.4996198837135149,0.7271449014909478,0.7621553884711779,0.8346411483253589,2,5335,1150,1145,14,0,1.891427187124888,32,120,167,5.0,1026,512,128,True,5,,,,,,,,,,,,,,,,,,,,,,,,,,
depression_extreme_binary,mean_pool,,10m,7,False,False,0.5613158877530495,0.4948263814656631,0.7366630058572949,0.7512189564821143,0.8303485987696515,2,5335,1150,1145,14,0,1.891427187124888,32,120,167,5.0,1026,512,128,True,5,,,,,,,,,,,,,,,,,,,,,,,,,,
depression_extreme_binary,mean_pool,,10m,8,False,False,0.5581315427264434,0.466377332314201,0.7308007188498402,0.7289815447710184,0.8298200045568466,2,5335,1150,1145,14,0,1.891427187124888,32,120,167,5.0,1026,512,128,True,5,,,,,,,,,,,,,,,,,,,,,,,,,,
depression_extreme_binary,mean_pool,,10m,9,False,False,0.5524205994471949,0.4779214890106865,0.7373344315761448,0.7446115288220552,0.8344679881521987,2,5335,1150,1145,14,0,1.891427187124888,32,120,167,5.0,1026,512,128,True,5,,,,,,,,,,,,,,,,,,,,,,,,,,
depression_extreme_binary,mean_pool,,10m,10,False,False,0.5385863820134532,0.5143698956655419,0.7423389243876465,0.7516518569150148,0.8347596263385737,2,5335,1150,1145,14,0,1.891427187124888,32,120,167,5.0,1026,512,128,True,5,,,,,,,,,,,,,,,,,,,,,,,,,,
depression_extreme_binary,mean_pool,,10m,11,False,False,0.5482120368786806,0.4839972640120464,0.7370498868477103,0.7479152426520848,0.8340578719526088,2,5335,1150,1145,14,0,1.891427187124888,32,120,167,5.0,1026,512,128,True,5,,,,,,,,,,,,,,,,,,,,,,,,,,
depression_extreme_binary,mean_pool,,10m,12,False,False,0.5390422072383769,0.482582872795022,0.7430860623003195,0.7393483709273183,0.8307131465026202,2,5335,1150,1145,14,0,1.891427187124888,32,120,167,5.0,1026,512,128,True,5,,,,,,,,,,,,,,,,,,,,,,,,,,
depression_extreme_binary,mean_pool,,10m,13,False,False,0.5458576475110363,0.4907615385366523,0.7271074613951012,0.7478924584187743,0.8306128958760538,2,5335,1150,1145,14,0,1.891427187124888,32,120,167,5.0,1026,512,128,True,5,,,,,,,,,,,,,,,,,,,,,,,,,,
depression_extreme_binary,mean_pool,,10m,14,False,False,0.5387776006742852,0.510963032660277,0.7466029353035144,0.7497379813169287,0.8314604693552062,2,5335,1150,1145,14,0,1.891427187124888,32,120,167,5.0,1026,512,128,True,5,,,,,,,,,,,,,,,,,,,,,,,,,,
depression_extreme_binary,mean_pool,,40m,1,False,False,0.6584845351301406,0.5058130173061205,0.6224740415335464,0.8125541125541125,0.8351697425381637,2,5335,1150,1145,20,0,3.572757665316264,32,480,167,5.0,1026,512,128,True,5,,,,,,,,,,,,,,,,,,,,,,,,,,
depression_extreme_binary,mean_pool,,40m,2,False,False,0.5995583090026912,0.4984553086239359,0.7014768037806176,0.8106402369560264,0.8374937343358396,2,5335,1150,1145,20,0,3.572757665316264,32,480,167,5.0,1026,512,128,True,5,,,,,,,,,,,,,,,,,,,,,,,,,,
depression_extreme_binary,mean_pool,,40m,3,False,False,0.5783468661904894,0.4913330991371818,0.711628893769968,0.7935292777398041,0.8407108680792891,2,5335,1150,1145,20,0,3.572757665316264,32,480,167,5.0,1026,512,128,True,5,,,,,,,,,,,,,,,,,,,,,,,,,,
depression_extreme_binary,mean_pool,,40m,4,False,False,0.5686210143365029,0.4941553128283957,0.7195112819488818,0.7859193438140806,0.8415584415584416,2,5335,1150,1145,20,0,3.572757665316264,32,480,167,5.0,1026,512,128,True,5,,,,,,,,,,,,,,,,,,,,,,,,,,
depression_extreme_binary,mean_pool,,40m,5,False,False,0.5651276334156583,0.5066171518616054,0.7272530617678381,0.8020733652312599,0.8434540897698791,2,5335,1150,1145,20,0,3.572757665316264,32,480,167,5.0,1026,512,128,True,5,,,,,,,,,,,,,,,,,,,,,,,,,,
depression_extreme_binary,mean_pool,,40m,6,False,False,0.5617925168815459,0.4985307693481445,0.7343550319488819,0.7878104351788562,0.8447664616085668,2,5335,1150,1145,20,0,3.572757665316264,32,480,167,5.0,1026,512,128,True,5,,,,,,,,,,,,,,,,,,,,,,,,,,
depression_extreme_binary,mean_pool,,40m,7,False,False,0.5575150787606905,0.5280010819435119,0.7361629725772099,0.813943950786056,0.8421417179311916,2,5335,1150,1145,20,0,3.572757665316264,32,480,167,5.0,1026,512,128,True,5,,,,,,,,,,,,,,,,,,,,,,,,,,
depression_extreme_binary,mean_pool,,40m,8,False,False,0.5447928110460534,0.4723335598862689,0.7324713791267305,0.7755069491911597,0.8434905445431762,2,5335,1150,1145,20,0,3.572757665316264,32,480,167,5.0,1026,512,128,True,5,,,,,,,,,,,,,,,,,,,,,,,,,,
depression_extreme_binary,mean_pool,,40m,9,False,False,0.5513869555284738,0.5058756672817728,0.7301251331203408,0.7930508088402826,0.8463978127136023,2,5335,1150,1145,20,0,3.572757665316264,32,480,167,5.0,1026,512,128,True,5,,,,,,,,,,,,,,,,,,,,,,,,,,
depression_extreme_binary,mean_pool,,40m,10,True,False,0.5458140812639667,0.4835679416552834,0.7342485356762514,0.781203007518797,0.8469902027796764,2,5335,1150,1145,20,0,3.572757665316264,32,480,167,5.0,1026,512,128,True,5,0.7298969072164948,0.756796625399361,0.6188118946886936,0.825033280085197,0.721405750798722,0.7921875,,,,0.7191304347826087,0.781203007518797,0.5890544324481602,0.7052631578947368,0.8571428571428571,,,,0.6768558951965066,0.6556698564593302,0.5238946128672636,0.7221818181818183,0.6813397129186602,0.63,,,
depression_extreme_binary,mean_pool,,40m,11,False,False,0.5460715979030452,0.4806730999635613,0.7383669462193823,0.7735930735930736,0.8388425609478242,2,5335,1150,1145,20,0,3.572757665316264,32,480,167,5.0,1026,512,128,True,5,,,,,,,,,,,,,,,,,,,,,,,,,,
depression_extreme_binary,mean_pool,,40m,12,False,False,0.53852795040708,0.4752547056778617,0.7423763644834931,0.7388471177944862,0.8352608794714058,2,5335,1150,1145,20,0,3.572757665316264,32,480,167,5.0,1026,512,128,True,5,,,,,,,,,,,,,,,,,,,,,,,,,,
depression_extreme_binary,mean_pool,,40m,13,False,False,0.5247023968464208,0.4698590388505355,0.7477743943024495,0.7674413305992254,0.8416769195716565,2,5335,1150,1145,20,0,3.572757665316264,32,480,167,5.0,1026,512,128,True,5,,,,,,,,,,,,,,,,,,,,,,,,,,
depression_extreme_binary,mean_pool,,40m,14,False,False,0.5346363579992278,0.4603967665071072,0.7451485955804047,0.7355889724310777,0.8387240829346093,2,5335,1150,1145,20,0,3.572757665316264,32,480,167,5.0,1026,512,128,True,5,,,,,,,,,,,,,,,,,,,,,,,,,,
depression_extreme_binary,mean_pool,,40m,15,False,False,0.5301508039208138,0.503218067003333,0.7447916666666666,0.7697425381635907,0.8409751651856914,2,5335,1150,1145,20,0,3.572757665316264,32,480,167,5.0,1026,512,128,True,5,,,,,,,,,,,,,,,,,,,,,,,,,,
depression_extreme_binary,mean_pool,,40m,16,False,False,0.5236162415819964,0.4858081319539443,0.742766573482428,0.7621553884711779,0.8388972431077694,2,5335,1150,1145,20,0,3.572757665316264,32,480,167,5.0,1026,512,128,True,5,,,,,,,,,,,,,,,,,,,,,,,,,,
depression_extreme_binary,mean_pool,,40m,17,False,False,0.5214763748053647,0.4987665926373523,0.7474540734824281,0.7692640692640693,0.8383595352016405,2,5335,1150,1145,20,0,3.572757665316264,32,480,167,5.0,1026,512,128,True,5,,,,,,,,,,,,,,,,,,,,,,,,,,
depression_extreme_binary,mean_pool,,40m,18,False,False,0.5311943870229819,0.5012596200860064,0.7531724241214057,0.7664160401002507,0.8378947368421054,2,5335,1150,1145,20,0,3.572757665316264,32,480,167,5.0,1026,512,128,True,5,,,,,,,,,,,,,,,,,,,,,,,,,,
depression_extreme_binary,mean_pool,,40m,19,False,False,0.5283369608258351,0.4784006156092105,0.7438689763045794,0.7512417407154249,0.839753930280246,2,5335,1150,1145,20,0,3.572757665316264,32,480,167,5.0,1026,512,128,True,5,,,,,,,,,,,,,,,,,,,,,,,,,,
depression_extreme_binary,mean_pool,,40m,20,False,False,0.5169992557673557,0.4814870439405027,0.7605214989350373,0.7564593301435407,0.8377033492822966,2,5335,1150,1145,20,0,3.572757665316264,32,480,167,5.0,1026,512,128,True,5,,,,,,,,,,,,,,,,,,,,,,,,,,
depression_extreme_binary,mean_pool,,80m,1,False,False,0.7161351468256957,0.5525918615382651,0.5817799853567625,0.7982000455684666,0.8535520619731146,2,5335,1150,1145,12,0,3.3560513496398925,32,960,167,5.0,1026,512,128,True,5,,,,,,,,,,,,,,,,,,,,,,,,,,
depression_extreme_binary,mean_pool,,80m,2,True,False,0.6180950065863501,0.5090667465458746,0.6763370274227902,0.8082023239917977,0.8677056277056276,2,5335,1150,1145,12,0,3.3560513496398925,32,960,167,5.0,1026,512,128,True,5,0.6603561387066542,0.7179612619808307,0.5641004968351245,0.781339689829606,0.6421725239616614,0.79375,,,,0.6747826086956522,0.8082023239917977,0.567875930860149,0.6449760765550239,0.9714285714285714,,,,0.6358078602620088,0.6693540669856459,0.5065619157755711,0.7203923444976076,0.6287081339712919,0.71,,,
depression_extreme_binary,mean_pool,,80m,3,False,False,0.5968954996294024,0.4895296392233475,0.699910975772098,0.8182501708817498,0.8569605832763727,2,5335,1150,1145,12,0,3.3560513496398925,32,960,167,5.0,1026,512,128,True,5,,,,,,,,,,,,,,,,,,,,,,,,,,
depression_extreme_binary,mean_pool,,80m,4,False,False,0.5775662387825109,0.4933340302757595,0.7128735689563366,0.8106402369560264,0.8579266347687401,2,5335,1150,1145,12,0,3.3560513496398925,32,960,167,5.0,1026,512,128,True,5,,,,,,,,,,,,,,,,,,,,,,,,,,
depression_extreme_binary,mean_pool,,80m,5,False,False,0.5675218481378457,0.508216698066048,0.7238426850372737,0.8082478924584188,0.8544087491455913,2,5335,1150,1145,12,0,3.3560513496398925,32,960,167,5.0,1026,512,128,True,5,,,,,,,,,,,,,,,,,,,,,,,,,,
depression_extreme_binary,mean_pool,,80m,6,False,False,0.5607540257310019,0.4803326179670251,0.7210737819488818,0.7859421280473913,0.8466621098200044,2,5335,1150,1145,12,0,3.3560513496398925,32,960,167,5.0,1026,512,128,True,5,,,,,,,,,,,,,,,,,,,,,,,,,,
depression_extreme_binary,mean_pool,,80m,7,False,False,0.5478791886830621,0.4572096968215445,0.7266481962193823,0.7565048986101618,0.8493050808840282,2,5335,1150,1145,12,0,3.3560513496398925,32,960,167,5.0,1026,512,128,True,5,,,,,,,,,,,,,,,,,,,,,,,,,,
depression_extreme_binary,mean_pool,,80m,8,False,False,0.5517070957512753,0.4744908450997394,0.738827043397231,0.7721576668945089,0.8467441330599226,2,5335,1150,1145,12,0,3.3560513496398925,32,960,167,5.0,1026,512,128,True,5,,,,,,,,,,,,,,,,,,,,,,,,,,
depression_extreme_binary,mean_pool,,80m,9,False,False,0.5552057686987164,0.4881988097273785,0.7242670061235357,0.7816586921850079,0.8451674641148326,2,5335,1150,1145,12,0,3.3560513496398925,32,960,167,5.0,1026,512,128,True,5,,,,,,,,,,,,,,,,,,,,,,,,,,
depression_extreme_binary,mean_pool,,80m,10,False,False,0.5403700791236499,0.4921595702482306,0.7410285210330139,0.7911825017088174,0.8459421280473912,2,5335,1150,1145,12,0,3.3560513496398925,32,960,167,5.0,1026,512,128,True,5,,,,,,,,,,,,,,,,,,,,,,,,,,
depression_extreme_binary,mean_pool,,80m,11,False,False,0.5358556773021272,0.5110733842849732,0.7452875399361023,0.7925723399407609,0.8416860332649807,2,5335,1150,1145,12,0,3.3560513496398925,32,960,167,5.0,1026,512,128,True,5,,,,,,,,,,,,,,,,,,,,,,,,,,
depression_extreme_binary,mean_pool,,80m,12,False,False,0.5348918307967128,0.4810592626488727,0.7354516107561235,0.7721576668945089,0.8466256550467076,2,5335,1150,1145,12,0,3.3560513496398925,32,960,167,5.0,1026,512,128,True,5,,,,,,,,,,,,,,,,,,,,,,,,,,
depression_extreme_binary,mean_pool,,120m,1,True,False,0.6538274364037947,0.4845139043227486,0.6231063631522897,0.7930963773069035,0.8826885395306447,2,5335,1150,1145,11,0,3.450518910090129,32,1440,167,5.0,1026,512,128,True,5,0.6976569821930647,0.7243094382321619,0.5882551086198502,0.7800314496805112,0.6892438764643237,0.759375,,,,0.717391304347826,0.7930963773069035,0.5911632185819189,0.7004784688995215,0.8857142857142857,,,,0.6681222707423581,0.6734928229665071,0.5246803527262875,0.7125933014354068,0.6669856459330143,0.68,,,
depression_extreme_binary,mean_pool,,120m,2,False,False,0.5743339241444785,0.4884894392801368,0.7140109158679446,0.7839371155160628,0.8801777170198223,2,5335,1150,1145,11,0,3.450518910090129,32,1440,167,5.0,1026,512,128,True,5,,,,,,,,,,,,,,,,,,,,,,,,,,
depression_extreme_binary,mean_pool,,120m,3,False,False,0.567246818911169,0.4653822990085767,0.7142205804046858,0.7854636591478696,0.8779403053087264,2,5335,1150,1145,11,0,3.450518910090129,32,1440,167,5.0,1026,512,128,True,5,,,,,,,,,,,,,,,,,,,,,,,,,,
depression_extreme_binary,mean_pool,,120m,4,False,False,0.5683262660052023,0.4565781733264094,0.7175602369542067,0.7807928913192071,0.8728047391205287,2,5335,1150,1145,11,0,3.450518910090129,32,1440,167,5.0,1026,512,128,True,5,,,,,,,,,,,,,,,,,,,,,,,,,,
depression_extreme_binary,mean_pool,,120m,5,False,False,0.5540059139824629,0.4558742059832034,0.7341769834930778,0.7855320118478013,0.8679790385053544,2,5335,1150,1145,11,0,3.450518910090129,32,1440,167,5.0,1026,512,128,True,5,,,,,,,,,,,,,,,,,,,,,,,,,,
depression_extreme_binary,mean_pool,,120m,6,False,False,0.5467653400895746,0.4897630252008852,0.7438340322151225,0.7902027796764639,0.8633219412166782,2,5335,1150,1145,11,0,3.450518910090129,32,1440,167,5.0,1026,512,128,True,5,,,,,,,,,,,,,,,,,,,,,,,,,,
depression_extreme_binary,mean_pool,,120m,7,False,False,0.5419288065239103,0.4535015483524488,0.7419162673056443,0.7688995215311005,0.8645158350421509,2,5335,1150,1145,11,0,3.450518910090129,32,1440,167,5.0,1026,512,128,True,5,,,,,,,,,,,,,,,,,,,,,,,,,,
depression_extreme_binary,mean_pool,,120m,8,False,False,0.5469324102106783,0.469743536658909,0.7437965921192758,0.7750284802916382,0.8624014581909318,2,5335,1150,1145,11,0,3.450518910090129,32,1440,167,5.0,1026,512,128,True,5,,,,,,,,,,,,,,,,,,,,,,,,,,
depression_extreme_binary,mean_pool,,120m,9,False,False,0.5331606527858509,0.4477792519590129,0.7443290734824282,0.759421280473912,0.8632672590567327,2,5335,1150,1145,11,0,3.450518910090129,32,1440,167,5.0,1026,512,128,True,5,,,,,,,,,,,,,,,,,,,,,,,,,,
depression_extreme_binary,mean_pool,,120m,10,False,False,0.5347230291969886,0.4384768253823985,0.7371555511182108,0.7575301891091365,0.8712964228753702,2,5335,1150,1145,11,0,3.450518910090129,32,1440,167,5.0,1026,512,128,True,5,,,,,,,,,,,,,,,,,,,,,,,,,,
depression_extreme_binary,mean_pool,,120m,11,False,False,0.5394931517813736,0.4682057683364204,0.747489017571885,0.7660287081339714,0.8640966051492367,2,5335,1150,1145,11,0,3.450518910090129,32,1440,167,5.0,1026,512,128,True,5,,,,,,,,,,,,,,,,,,,,,,,,,,
depression_extreme_binary,mean_pool,,240m,1,False,False,0.6657155110775698,0.5105271531706271,0.636283612886049,0.7887901572112098,0.8328092959671908,2,5335,1150,1145,24,0,10.648975324630737,32,2880,167,5.0,1026,512,128,True,5,,,,,,,,,,,,,,,,,,,,,,,,,,
depression_extreme_binary,mean_pool,,240m,2,False,False,0.5776332440617605,0.4566334661193515,0.7134060503194888,0.7617680565048985,0.844438368648895,2,5335,1150,1145,24,0,10.648975324630737,32,2880,167,5.0,1026,512,128,True,5,,,,,,,,,,,,,,,,,,,,,,,,,,
depression_extreme_binary,mean_pool,,240m,3,False,False,0.5672962059009377,0.4826846571590589,0.7261847710330138,0.7764411027568923,0.8451127819548873,2,5335,1150,1145,24,0,10.648975324630737,32,2880,167,5.0,1026,512,128,True,5,,,,,,,,,,,,,,,,,,,,,,,,,,
depression_extreme_binary,mean_pool,,240m,4,False,False,0.5508818795553635,0.4494834176872087,0.7389002595846645,0.7622465254044202,0.855721120984279,2,5335,1150,1145,24,0,10.648975324630737,32,2880,167,5.0,1026,512,128,True,5,,,,,,,,,,,,,,,,,,,,,,,,,,
depression_extreme_binary,mean_pool,,240m,5,False,False,0.5569072268281792,0.4414008546912152,0.7259717784877529,0.7679881521986784,0.8574800637958533,2,5335,1150,1145,24,0,10.648975324630737,32,2880,167,5.0,1026,512,128,True,5,,,,,,,,,,,,,,,,,,,,,,,,,,
depression_extreme_binary,mean_pool,,240m,6,False,False,0.5433962115195721,0.4815405830093052,0.7436534877529286,0.783572567783094,0.8563317384370016,2,5335,1150,1145,24,0,10.648975324630737,32,2880,167,5.0,1026,512,128,True,5,,,,,,,,,,,,,,,,,,,,,,,,,,
depression_extreme_binary,mean_pool,,240m,7,False,False,0.5500216490102909,0.4758934671982475,0.7404261514909478,0.7874003189792664,0.8598860788334473,2,5335,1150,1145,24,0,10.648975324630737,32,2880,167,5.0,1026,512,128,True,5,,,,,,,,,,,,,,,,,,,,,,,,,,
depression_extreme_binary,mean_pool,,240m,8,False,False,0.5422909331969714,0.4628756704537765,0.7452534278487752,0.7583959899749373,0.8582820688083846,2,5335,1150,1145,24,0,10.648975324630737,32,2880,167,5.0,1026,512,128,True,5,,,,,,,,,,,,,,,,,,,,,,,,,,
depression_extreme_binary,mean_pool,,240m,9,False,False,0.534977901216523,0.4672828905478767,0.7534553048455804,0.7898154477101845,0.863686488949647,2,5335,1150,1145,24,0,10.648975324630737,32,2880,167,5.0,1026,512,128,True,5,,,,,,,,,,,,,,,,,,,,,,,,,,
depression_extreme_binary,mean_pool,,240m,10,False,False,0.5238755557954926,0.4540757611523504,0.7534186967518637,0.7669856459330144,0.860751879699248,2,5335,1150,1145,24,0,10.648975324630737,32,2880,167,5.0,1026,512,128,True,5,,,,,,,,,,,,,,,,,,,,,,,,,,
depression_extreme_binary,mean_pool,,240m,11,False,False,0.5307473092628844,0.4583635903959689,0.7478800585729499,0.7755525176577809,0.8593665983139667,2,5335,1150,1145,24,0,10.648975324630737,32,2880,167,5.0,1026,512,128,True,5,,,,,,,,,,,,,,,,,,,,,,,,,,
depression_extreme_binary,mean_pool,,240m,12,False,False,0.535581780641908,0.463633843401204,0.7538105697550586,0.7779220779220779,0.8592936887673729,2,5335,1150,1145,24,0,10.648975324630737,32,2880,167,5.0,1026,512,128,True,5,,,,,,,,,,,,,,,,,,,,,,,,,,
depression_extreme_binary,mean_pool,,240m,13,False,False,0.5214728737391371,0.4490233060588007,0.7512180511182108,0.7622693096377307,0.8593757120072909,2,5335,1150,1145,24,0,10.648975324630737,32,2880,167,5.0,1026,512,128,True,5,,,,,,,,,,,,,,,,,,,,,,,,,,
depression_extreme_binary,mean_pool,,240m,14,True,False,0.515896987088283,0.4388128472929415,0.7477020101171459,0.7679881521986784,0.8661198450672135,2,5335,1150,1145,24,0,10.648975324630737,32,2880,167,5.0,1026,512,128,True,5,0.7690721649484537,0.7702825479233226,0.6496231142384989,0.8389929446219382,0.7686900958466454,0.771875,,,,0.7573913043478261,0.7679881521986784,0.6099804169690428,0.755023923444976,0.780952380952381,,,,0.7082969432314411,0.6412440191387561,0.5349965467933815,0.7357511961722487,0.722488038277512,0.56,,,
depression_extreme_binary,mean_pool,,240m,15,False,False,0.5188965224504695,0.4411946669868801,0.7501164802981896,0.7608566871724767,0.85991341991342,2,5335,1150,1145,24,0,10.648975324630737,32,2880,167,5.0,1026,512,128,True,5,,,,,,,,,,,,,,,,,,,,,,,,,,
depression_extreme_binary,mean_pool,,240m,16,False,False,0.5152214632038771,0.4601384851206904,0.7508977302981896,0.760788334472545,0.8574527227158806,2,5335,1150,1145,24,0,10.648975324630737,32,2880,167,5.0,1026,512,128,True,5,,,,,,,,,,,,,,,,,,,,,,,,,,
depression_extreme_binary,mean_pool,,240m,17,False,False,0.5213969708829699,0.4537016380351523,0.7424121405750799,0.7636591478696741,0.8591934381408065,2,5335,1150,1145,24,0,10.648975324630737,32,2880,167,5.0,1026,512,128,True,5,,,,,,,,,,,,,,,,,,,,,,,,,,
depression_extreme_binary,mean_pool,,240m,18,False,False,0.5227142359122229,0.462479312264401,0.7513936035676252,0.7726817042606516,0.8589473684210527,2,5335,1150,1145,24,0,10.648975324630737,32,2880,167,5.0,1026,512,128,True,5,,,,,,,,,,,,,,,,,,,,,,,,,,
depression_extreme_binary,mean_pool,,240m,19,False,False,0.5057162928268412,0.4584429821760758,0.753773129659212,0.7603098655730234,0.8573980405559353,2,5335,1150,1145,24,0,10.648975324630737,32,2880,167,5.0,1026,512,128,True,5,,,,,,,,,,,,,,,,,,,,,,,,,,
depression_extreme_binary,mean_pool,,240m,20,False,False,0.518416983140554,0.4699106302986974,0.754732428115016,0.7626794258373206,0.8534518113465481,2,5335,1150,1145,24,0,10.648975324630737,32,2880,167,5.0,1026,512,128,True,5,,,,,,,,,,,,,,,,,,,,,,,,,,
depression_extreme_binary,mean_pool,,240m,21,False,False,0.5069497611831032,0.4671975015557331,0.7584597976570819,0.7626794258373206,0.8551105035315562,2,5335,1150,1145,24,0,10.648975324630737,32,2880,167,5.0,1026,512,128,True,5,,,,,,,,,,,,,,,,,,,,,,,,,,
depression_extreme_binary,mean_pool,,240m,22,False,False,0.5091785017083266,0.4542491231275641,0.7610897563897763,0.7574846206425154,0.8582000455684666,2,5335,1150,1145,24,0,10.648975324630737,32,2880,167,5.0,1026,512,128,True,5,,,,,,,,,,,,,,,,,,,,,,,,,,
depression_extreme_binary,mean_pool,,240m,23,False,False,0.5169008686370457,0.4584248608091603,0.7529569355697551,0.7550922761449077,0.8574527227158807,2,5335,1150,1145,24,0,10.648975324630737,32,2880,167,5.0,1026,512,128,True,5,,,,,,,,,,,,,,,,,,,,,,,,,,
depression_extreme_binary,mean_pool,,240m,24,False,False,0.5107794452573835,0.44248908162117,0.7613360290202342,0.7542036910457963,0.8580997949419003,2,5335,1150,1145,24,0,10.648975324630737,32,2880,167,5.0,1026,512,128,True,5,,,,,,,,,,,,,,,,,,,,,,,,,,
depression_extreme_binary,transformer,,30s,1,False,False,0.6265694333999763,0.4997674224687659,0.6525758785942493,0.7773296878560036,0.8410480747322853,2,5335,1150,1145,15,0,2.0947343508402505,32,6,167,5.0,264322,512,128,True,5,,,,,,,,,,,,,,,,,,,,,,,,,,
depression_extreme_binary,transformer,,30s,2,False,False,0.5617117524873239,0.4898199005748914,0.72299154685836,0.773524720893142,0.8378673957621325,2,5335,1150,1145,15,0,2.0947343508402505,32,6,167,5.0,264322,512,128,True,5,,,,,,,,,,,,,,,,,,,,,,,,,,
depression_extreme_binary,transformer,,30s,3,False,False,0.5653422198344752,0.4969876532969267,0.7178772297657082,0.7687856003645477,0.8368557758031443,2,5335,1150,1145,15,0,2.0947343508402505,32,6,167,5.0,264322,512,128,True,5,,,,,,,,,,,,,,,,,,,,,,,,,,
depression_extreme_binary,transformer,,30s,4,False,False,0.54780898917023,0.4679127044781395,0.7314763045793398,0.7355434039644566,0.8366188197767146,2,5335,1150,1145,15,0,2.0947343508402505,32,6,167,5.0,264322,512,128,True,5,,,,,,,,,,,,,,,,,,,,,,,,,,
depression_extreme_binary,transformer,,30s,5,True,False,0.5356709663009912,0.477874418704406,0.7398196219382323,0.7593301435406699,0.8413943950786056,2,5335,1150,1145,15,0,2.0947343508402505,32,6,167,5.0,264322,512,128,True,5,0.7568884723523899,0.7620107827476039,0.638391258798068,0.8365473575612354,0.7552715654952077,0.76875,,,,0.7260869565217392,0.7593301435406699,0.5872317006053935,0.7186602870813397,0.8,,,,0.7135371179039302,0.6757655502392345,0.5494419010874051,0.7226124401913877,0.7215311004784689,0.63,,,
depression_extreme_binary,transformer,,30s,6,False,False,0.5253332161635245,0.4600045195869777,0.7436875998402557,0.6923900660742766,0.8257826384142173,2,5335,1150,1145,15,0,2.0947343508402505,32,6,167,5.0,264322,512,128,True,5,,,,,,,,,,,,,,,,,,,,,,,,,,
depression_extreme_binary,transformer,,30s,7,False,False,0.5168652862505926,0.4875650291857512,0.7565412007454739,0.7259968102073364,0.8301936659831397,2,5335,1150,1145,15,0,2.0947343508402505,32,6,167,5.0,264322,512,128,True,5,,,,,,,,,,,,,,,,,,,,,,,,,,
depression_extreme_binary,transformer,,30s,8,False,False,0.5193779796613301,0.5409464831455895,0.7539145700212992,0.7534973798131692,0.8283526999316473,2,5335,1150,1145,15,0,2.0947343508402505,32,6,167,5.0,264322,512,128,True,5,,,,,,,,,,,,,,,,,,,,,,,,,,
depression_extreme_binary,transformer,,30s,9,False,False,0.5068535484101243,0.4960092573580534,0.7551209731096912,0.735475051264525,0.8313055365686944,2,5335,1150,1145,15,0,2.0947343508402505,32,6,167,5.0,264322,512,128,True,5,,,,,,,,,,,,,,,,,,,,,,,,,,
depression_extreme_binary,transformer,,30s,10,False,False,0.5128398362620478,0.5171589971625287,0.7538804579339723,0.7520847573479152,0.8297288676236044,2,5335,1150,1145,15,0,2.0947343508402505,32,6,167,5.0,264322,512,128,True,5,,,,,,,,,,,,,,,,,,,,,,,,,,
depression_extreme_binary,transformer,,30s,11,False,False,0.5002939340603497,0.461537393072377,0.7614408612886049,0.7447026657552973,0.8364365459102301,2,5335,1150,1145,15,0,2.0947343508402505,32,6,167,5.0,264322,512,128,True,5,,,,,,,,,,,,,,,,,,,,,,,,,,
depression_extreme_binary,transformer,,30s,12,False,False,0.4961425205202112,0.4881099222535672,0.770211827742279,0.7326725905673275,0.8309683299156984,2,5335,1150,1145,15,0,2.0947343508402505,32,6,167,5.0,264322,512,128,True,5,,,,,,,,,,,,,,,,,,,,,,,,,,
depression_extreme_binary,transformer,,30s,13,False,False,0.4873384752112677,0.5132652504547782,0.7700703873801917,0.7297562087035772,0.8287719298245614,2,5335,1150,1145,15,0,2.0947343508402505,32,6,167,5.0,264322,512,128,True,5,,,,,,,,,,,,,,,,,,,,,,,,,,
depression_extreme_binary,transformer,,30s,14,False,False,0.4930038848823773,0.5010961714516515,0.7674054845580405,0.7079289131920711,0.8216997038049669,2,5335,1150,1145,15,0,2.0947343508402505,32,6,167,5.0,264322,512,128,True,5,,,,,,,,,,,,,,,,,,,,,,,,,,
depression_extreme_binary,transformer,,30s,15,False,False,0.4834114148500598,0.5966045451682547,0.7681850705537806,0.7453178400546822,0.8161312371838687,2,5335,1150,1145,15,0,2.0947343508402505,32,6,167,5.0,264322,512,128,True,5,,,,,,,,,,,,,,,,,,,,,,,,,,
depression_extreme_binary,transformer,,10m,1,False,False,0.6069164259978959,0.4971773987749348,0.6832967252396166,0.7892230576441103,0.8409842788790156,2,5335,1150,1145,13,0,1.9082956949869792,32,120,167,5.0,264322,512,128,True,5,,,,,,,,,,,,,,,,,,,,,,,,,,
depression_extreme_binary,transformer,,10m,2,False,False,0.56410306173725,0.501621512848398,0.7353118343982961,0.7697425381635907,0.843818637502848,2,5335,1150,1145,13,0,1.9082956949869792,32,120,167,5.0,264322,512,128,True,5,,,,,,,,,,,,,,,,,,,,,,,,,,
depression_extreme_binary,transformer,,10m,3,True,False,0.544582564901166,0.4767401180060013,0.7461403421192758,0.7736614262930053,0.8459147869674185,2,5335,1150,1145,13,0,1.9082956949869792,32,120,167,5.0,264322,512,128,True,5,0.7595126522961575,0.7648512380191693,0.6411471789878322,0.8340475239616614,0.7578274760383387,0.771875,,,,0.7443478260869565,0.7736614262930053,0.6031242956952896,0.737799043062201,0.8095238095238095,,,,0.7126637554585152,0.6707655502392345,0.5473171657888318,0.7335789473684211,0.7215311004784689,0.62,,,
depression_extreme_binary,transformer,,10m,4,False,False,0.5411564896904428,0.5017774877340897,0.746851703940362,0.7398496240601504,0.8272043745727956,2,5335,1150,1145,13,0,1.9082956949869792,32,120,167,5.0,264322,512,128,True,5,,,,,,,,,,,,,,,,,,,,,,,,,,
depression_extreme_binary,transformer,,10m,5,False,False,0.5232141110197673,0.5434600172872128,0.7466353833865815,0.7815675552517658,0.833237639553429,2,5335,1150,1145,13,0,1.9082956949869792,32,120,167,5.0,264322,512,128,True,5,,,,,,,,,,,,,,,,,,,,,,,,,,
depression_extreme_binary,transformer,,10m,6,False,False,0.5151286026977889,0.4784660524907319,0.7550519169329073,0.742241968557758,0.8358897243107769,2,5335,1150,1145,13,0,1.9082956949869792,32,120,167,5.0,264322,512,128,True,5,,,,,,,,,,,,,,,,,,,,,,,,,,
depression_extreme_binary,transformer,,10m,7,False,False,0.5111465053124862,0.4847757981652799,0.7510341786474973,0.7588972431077694,0.8434540897698792,2,5335,1150,1145,13,0,1.9082956949869792,32,120,167,5.0,264322,512,128,True,5,,,,,,,,,,,,,,,,,,,,,,,,,,
depression_extreme_binary,transformer,,10m,8,False,False,0.5016367559468735,0.524090308158294,0.7688639842917997,0.7769651401230349,0.8263385737069948,2,5335,1150,1145,13,0,1.9082956949869792,32,120,167,5.0,264322,512,128,True,5,,,,,,,,,,,,,,,,,,,,,,,,,,
depression_extreme_binary,transformer,,10m,9,False,False,0.4948599473382115,0.6972104073607404,0.7640325479233228,0.7465937571200729,0.8205149236728183,2,5335,1150,1145,13,0,1.9082956949869792,32,120,167,5.0,264322,512,128,True,5,,,,,,,,,,,,,,,,,,,,,,,,,,
depression_extreme_binary,transformer,,10m,10,False,False,0.4844954576130324,0.4989502547098243,0.7792340588391906,0.6961722488038278,0.8087856003645478,2,5335,1150,1145,13,0,1.9082956949869792,32,120,167,5.0,264322,512,128,True,5,,,,,,,,,,,,,,,,,,,,,,,,,,
depression_extreme_binary,transformer,,10m,11,False,False,0.4802923916206252,0.4807615140210027,0.7717002795527157,0.7342902711323764,0.829172932330827,2,5335,1150,1145,13,0,1.9082956949869792,32,120,167,5.0,264322,512,128,True,5,,,,,,,,,,,,,,,,,,,,,,,,,,
depression_extreme_binary,transformer,,10m,12,False,False,0.4682807474853619,0.5420224090244459,0.7814671525559105,0.7603098655730234,0.8238323080428344,2,5335,1150,1145,13,0,1.9082956949869792,32,120,167,5.0,264322,512,128,True,5,,,,,,,,,,,,,,,,,,,,,,,,,,
depression_extreme_binary,transformer,,10m,13,False,False,0.4649940001484157,0.5253305486492489,0.7931501264643237,0.748917748917749,0.8134609250398724,2,5335,1150,1145,13,0,1.9082956949869792,32,120,167,5.0,264322,512,128,True,5,,,,,,,,,,,,,,,,,,,,,,,,,,
depression_extreme_binary,transformer,,40m,1,False,False,0.5968101052670358,0.4522516074387923,0.6752687366879659,0.7208475734791524,0.8364821143768512,2,5335,1150,1145,16,0,3.38972651163737,32,480,167,5.0,264322,512,128,True,5,,,,,,,,,,,,,,,,,,,,,,,,,,
depression_extreme_binary,transformer,,40m,2,False,False,0.5533436050120089,0.434333223156307,0.7314771365814696,0.7014581909318751,0.8502802460697199,2,5335,1150,1145,16,0,3.38972651163737,32,480,167,5.0,264322,512,128,True,5,,,,,,,,,,,,,,,,,,,,,,,,,,
depression_extreme_binary,transformer,,40m,3,False,False,0.5416464495010876,0.464020080462746,0.7475597377529286,0.6985645933014354,0.828343586238323,2,5335,1150,1145,16,0,3.38972651163737,32,480,167,5.0,264322,512,128,True,5,,,,,,,,,,,,,,,,,,,,,,,,,,
depression_extreme_binary,transformer,,40m,4,False,False,0.5343972074393368,0.4587689368621163,0.7405276557507987,0.7124174071542493,0.8308863066757802,2,5335,1150,1145,16,0,3.38972651163737,32,480,167,5.0,264322,512,128,True,5,,,,,,,,,,,,,,,,,,,,,,,,,,
depression_extreme_binary,transformer,,40m,5,False,False,0.5172978830147594,0.5083524169092593,0.7559721112886049,0.7649578491683755,0.8457507404875825,2,5335,1150,1145,16,0,3.38972651163737,32,480,167,5.0,264322,512,128,True,5,,,,,,,,,,,,,,,,,,,,,,,,,,
depression_extreme_binary,transformer,,40m,6,True,False,0.5170679553156158,0.5228896617889405,0.7578557641107562,0.7916154021417179,0.8544087491455913,2,5335,1150,1145,16,0,3.38972651163737,32,480,167,5.0,264322,512,128,True,5,0.7111527647610122,0.7765109158679446,0.6126831911147229,0.850834997337593,0.6905218317358892,0.8625,,,,0.6991304347826087,0.7916154021417179,0.5791662436118726,0.6784688995215311,0.9047619047619048,,,,0.6532751091703056,0.6744019138755981,0.517119362285032,0.7400382775119616,0.6488038277511962,0.7,,,
depression_extreme_binary,transformer,,40m,7,False,False,0.4991875504486563,0.497959757162177,0.7715613351970181,0.7892914103440419,0.8503349282296649,2,5335,1150,1145,16,0,3.38972651163737,32,480,167,5.0,264322,512,128,True,5,,,,,,,,,,,,,,,,,,,,,,,,,,
depression_extreme_binary,transformer,,40m,8,False,False,0.4958072348130341,0.5586473234840061,0.7625424321086263,0.7920710868079289,0.84099339257234,2,5335,1150,1145,16,0,3.38972651163737,32,480,167,5.0,264322,512,128,True,5,,,,,,,,,,,,,,,,,,,,,,,,,,
depression_extreme_binary,transformer,,40m,9,False,False,0.4802360206423458,0.4550190546201623,0.7675136448349308,0.7138300296195033,0.842907268170426,2,5335,1150,1145,16,0,3.38972651163737,32,480,167,5.0,264322,512,128,True,5,,,,,,,,,,,,,,,,,,,,,,,,,,
depression_extreme_binary,transformer,,40m,10,False,False,0.482052925684347,0.5080138654294222,0.7718433839190628,0.7898154477101845,0.8385600364547733,2,5335,1150,1145,16,0,3.38972651163737,32,480,167,5.0,264322,512,128,True,5,,,,,,,,,,,,,,,,,,,,,,,,,,
depression_extreme_binary,transformer,,40m,11,False,False,0.477492842935689,0.4661628046243087,0.7768869808306709,0.7408976987924356,0.842451583504215,2,5335,1150,1145,16,0,3.38972651163737,32,480,167,5.0,264322,512,128,True,5,,,,,,,,,,,,,,,,,,,,,,,,,,
depression_extreme_binary,transformer,,40m,12,False,False,0.4626572263609502,0.5107757626927417,0.7819280817358892,0.7051492367281842,0.8123855092276144,2,5335,1150,1145,16,0,3.38972651163737,32,480,167,5.0,264322,512,128,True,5,,,,,,,,,,,,,,,,,,,,,,,,,,
depression_extreme_binary,transformer,,40m,13,False,False,0.4626224318507015,0.4740280823085619,0.7854449547390842,0.7015037593984963,0.83784005468216,2,5335,1150,1145,16,0,3.38972651163737,32,480,167,5.0,264322,512,128,True,5,,,,,,,,,,,,,,,,,,,,,,,,,,
depression_extreme_binary,transformer,,40m,14,False,False,0.4509237964910777,0.5010785102325938,0.7992204140042598,0.7514467988152198,0.8325358851674641,2,5335,1150,1145,16,0,3.38972651163737,32,480,167,5.0,264322,512,128,True,5,,,,,,,,,,,,,,,,,,,,,,,,,,
depression_extreme_binary,transformer,,40m,15,False,False,0.4370096441452595,0.5815316704045171,0.8084181975505857,0.7321485532011848,0.8024515835042152,2,5335,1150,1145,16,0,3.38972651163737,32,480,167,5.0,264322,512,128,True,5,,,,,,,,,,,,,,,,,,,,,,,,,,
depression_extreme_binary,transformer,,40m,16,False,False,0.4313014408920899,0.5048726337888967,0.805435469914803,0.7095465937571201,0.8285258601048073,2,5335,1150,1145,16,0,3.38972651163737,32,480,167,5.0,264322,512,128,True,5,,,,,,,,,,,,,,,,,,,,,,,,,,
depression_extreme_binary,transformer,,80m,1,False,False,0.5970643573424027,0.5421922294989876,0.688973475772098,0.796308954203691,0.8242241968557757,2,5335,1150,1145,17,0,5.229054284095764,32,960,167,5.0,264322,512,128,True,5,,,,,,,,,,,,,,,,,,,,,,,,,,
depression_extreme_binary,transformer,,80m,2,False,False,0.5519229594858986,0.4366269770394201,0.7354898828541001,0.709045340624288,0.8530143540669856,2,5335,1150,1145,17,0,5.229054284095764,32,960,167,5.0,264322,512,128,True,5,,,,,,,,,,,,,,,,,,,,,,,,,,
depression_extreme_binary,transformer,,80m,3,False,False,0.5328336651345336,0.4856533402981965,0.7458200212992545,0.8212121212121213,0.8520665299612669,2,5335,1150,1145,17,0,5.229054284095764,32,960,167,5.0,264322,512,128,True,5,,,,,,,,,,,,,,,,,,,,,,,,,,
depression_extreme_binary,transformer,,80m,4,False,False,0.5111443284860592,0.4570047289910524,0.7534885849307774,0.731328320802005,0.8455411255411256,2,5335,1150,1145,17,0,5.229054284095764,32,960,167,5.0,264322,512,128,True,5,,,,,,,,,,,,,,,,,,,,,,,,,,
depression_extreme_binary,transformer,,80m,5,False,False,0.5278286420863257,0.4510064614855725,0.7534536408413206,0.72572339940761,0.8477284119389383,2,5335,1150,1145,17,0,5.229054284095764,32,960,167,5.0,264322,512,128,True,5,,,,,,,,,,,,,,,,,,,,,,,,,,
depression_extreme_binary,transformer,,80m,6,False,False,0.5038176281438772,0.463629406483277,0.7613002529286474,0.7228298017771702,0.8391341991341991,2,5335,1150,1145,17,0,5.229054284095764,32,960,167,5.0,264322,512,128,True,5,,,,,,,,,,,,,,,,,,,,,,,,,,
depression_extreme_binary,transformer,,80m,7,True,False,0.5109895693216797,0.4528139158435489,0.7687183839190628,0.7437457279562543,0.8531146046935522,2,5335,1150,1145,17,0,5.229054284095764,32,960,167,5.0,264322,512,128,True,5,0.7915651358950329,0.782387346911608,0.6701233581568028,0.8565501863684772,0.7944621938232161,0.7703125,,,,0.7678260869565218,0.7437457279562543,0.6089586111249079,0.7732057416267942,0.7142857142857143,,,,0.7537117903930131,0.6616028708133972,0.5660173974753231,0.7445645933014353,0.7732057416267942,0.55,,,
depression_extreme_binary,transformer,,80m,8,False,False,0.4933904649782314,0.4718231185622837,0.7764984358359958,0.7399179767600821,0.8400091136933242,2,5335,1150,1145,17,0,5.229054284095764,32,960,167,5.0,264322,512,128,True,5,,,,,,,,,,,,,,,,,,,,,,,,,,
depression_extreme_binary,transformer,,80m,9,False,False,0.4798735230909739,0.5167279626493868,0.7824971711927582,0.7631578947368421,0.8392800182273866,2,5335,1150,1145,17,0,5.229054284095764,32,960,167,5.0,264322,512,128,True,5,,,,,,,,,,,,,,,,,,,,,,,,,,
depression_extreme_binary,transformer,,80m,10,False,False,0.472940895723872,0.5448430449547975,0.7813947683706071,0.7968785600364547,0.8446753246753247,2,5335,1150,1145,17,0,5.229054284095764,32,960,167,5.0,264322,512,128,True,5,,,,,,,,,,,,,,,,,,,,,,,,,,
depression_extreme_binary,transformer,,80m,11,False,False,0.4625037168774967,0.493471161749052,0.7929030218317359,0.7133287764866711,0.814645705172021,2,5335,1150,1145,17,0,5.229054284095764,32,960,167,5.0,264322,512,128,True,5,,,,,,,,,,,,,,,,,,,,,,,,,,
depression_extreme_binary,transformer,,80m,12,False,False,0.4514172114159531,0.5116145384829978,0.7953141640042598,0.758464342674869,0.8231214399635453,2,5335,1150,1145,17,0,5.229054284095764,32,960,167,5.0,264322,512,128,True,5,,,,,,,,,,,,,,,,,,,,,,,,,,
depression_extreme_binary,transformer,,80m,13,False,False,0.4451482734003129,0.5231725669166316,0.8027722310969116,0.6844155844155844,0.8215174299384825,2,5335,1150,1145,17,0,5.229054284095764,32,960,167,5.0,264322,512,128,True,5,,,,,,,,,,,,,,,,,,,,,,,,,,
depression_extreme_binary,transformer,,80m,14,False,False,0.4243586595525446,0.5194867522820182,0.8045818357294995,0.7603554340396446,0.8350603782182731,2,5335,1150,1145,17,0,5.229054284095764,32,960,167,5.0,264322,512,128,True,5,,,,,,,,,,,,,,,,,,,,,,,,,,
depression_extreme_binary,transformer,,80m,15,False,False,0.4152031844759389,0.5738768085448638,0.8137446751863685,0.6652768284347231,0.7959808612440191,2,5335,1150,1145,17,0,5.229054284095764,32,960,167,5.0,264322,512,128,True,5,,,,,,,,,,,,,,,,,,,,,,,,,,
depression_extreme_binary,transformer,,80m,16,False,False,0.4059353176130797,0.5494660303903662,0.8211977502662406,0.7210070631123262,0.801786283891547,2,5335,1150,1145,17,0,5.229054284095764,32,960,167,5.0,264322,512,128,True,5,,,,,,,,,,,,,,,,,,,,,,,,,,
depression_extreme_binary,transformer,,80m,17,False,False,0.3976374129100503,0.5627122252920399,0.8267022763578274,0.708133971291866,0.8175620870357712,2,5335,1150,1145,17,0,5.229054284095764,32,960,167,5.0,264322,512,128,True,5,,,,,,,,,,,,,,,,,,,,,,,,,,
depression_extreme_binary,transformer,,120m,1,True,False,0.602384117064123,0.4579436869724937,0.6727119941427051,0.7888357256778309,0.8686625655046708,2,5335,1150,1145,11,0,5.691605774561564,32,1440,167,5.0,264322,512,128,True,5,0.7282099343955014,0.7551634052183174,0.6171955042177155,0.8147687034078808,0.7197018104366347,0.790625,,,,0.7252173913043478,0.7888357256778309,0.5950505685338469,0.7110047846889952,0.8666666666666667,,,,0.6899563318777293,0.6673684210526316,0.5342760669629609,0.7362105263157894,0.6947368421052632,0.64,,,
depression_extreme_binary,transformer,,120m,2,False,False,0.5561103793149141,0.5398493564647177,0.7366596778487753,0.7943950786056049,0.8443836864889496,2,5335,1150,1145,11,0,5.691605774561564,32,1440,167,5.0,264322,512,128,True,5,,,,,,,,,,,,,,,,,,,,,,,,,,
depression_extreme_binary,transformer,,120m,3,False,False,0.5335235415827815,0.5549366100974705,0.7406707601171458,0.7982456140350878,0.8460423786739577,2,5335,1150,1145,11,0,5.691605774561564,32,1440,167,5.0,264322,512,128,True,5,,,,,,,,,,,,,,,,,,,,,,,,,,
depression_extreme_binary,transformer,,120m,4,False,False,0.5311431337989371,0.4773202346718829,0.7456045327476039,0.7597858282068808,0.846060606060606,2,5335,1150,1145,11,0,5.691605774561564,32,1440,167,5.0,264322,512,128,True,5,,,,,,,,,,,,,,,,,,,,,,,,,,
depression_extreme_binary,transformer,,120m,5,False,False,0.5184972822945477,0.4155332338291665,0.7600955138445153,0.7499886078833448,0.8676144907723855,2,5335,1150,1145,11,0,5.691605774561564,32,1440,167,5.0,264322,512,128,True,5,,,,,,,,,,,,,,,,,,,,,,,,,,
depression_extreme_binary,transformer,,120m,6,False,False,0.5072423903095242,0.505970542949179,0.7626480963791267,0.801161995898838,0.8523217133743449,2,5335,1150,1145,11,0,5.691605774561564,32,1440,167,5.0,264322,512,128,True,5,,,,,,,,,,,,,,,,,,,,,,,,,,
depression_extreme_binary,transformer,,120m,7,False,False,0.4966104140545345,0.4592956795899764,0.7777023429179979,0.7655730234677602,0.8548279790385054,2,5335,1150,1145,11,0,5.691605774561564,32,1440,167,5.0,264322,512,128,True,5,,,,,,,,,,,,,,,,,,,,,,,,,,
depression_extreme_binary,transformer,,120m,8,False,False,0.4768030118305435,0.5773273595519688,0.7715596711927583,0.7534745955798587,0.8267760309865573,2,5335,1150,1145,11,0,5.691605774561564,32,1440,167,5.0,264322,512,128,True,5,,,,,,,,,,,,,,,,,,,,,,,,,,
depression_extreme_binary,transformer,,120m,9,False,False,0.4817686075681598,0.5158438447247381,0.7871821751863686,0.7394395078605605,0.8077192982456141,2,5335,1150,1145,11,0,5.691605774561564,32,1440,167,5.0,264322,512,128,True,5,,,,,,,,,,,,,,,,,,,,,,,,,,
depression_extreme_binary,transformer,,120m,10,False,False,0.4703163639115974,0.4788867004021354,0.7905917199148029,0.7276372750056961,0.8293734335839599,2,5335,1150,1145,11,0,5.691605774561564,32,1440,167,5.0,264322,512,128,True,5,,,,,,,,,,,,,,,,,,,,,,,,,,
depression_extreme_binary,transformer,,120m,11,False,False,0.4453423982847485,0.4549878795250602,0.8056825745473908,0.7547277284119389,0.8587377534745956,2,5335,1150,1145,11,0,5.691605774561564,32,1440,167,5.0,264322,512,128,True,5,,,,,,,,,,,,,,,,,,,,,,,,,,
depression_extreme_binary,transformer,,240m,1,False,False,0.579787845145684,0.443050929048787,0.7040310503194889,0.8031670084301663,0.8654180906812486,2,5335,1150,1145,14,0,24.00963821808497,32,2880,167,5.0,264322,512,128,True,5,,,,,,,,,,,,,,,,,,,,,,,,,,
depression_extreme_binary,transformer,,240m,2,False,False,0.5482966413538145,0.5001284411679143,0.7359142039403621,0.8111642743221691,0.8561494645705173,2,5335,1150,1145,14,0,24.00963821808497,32,2880,167,5.0,264322,512,128,True,5,,,,,,,,,,,,,,,,,,,,,,,,,,
depression_extreme_binary,transformer,,240m,3,False,False,0.5281211641925233,0.5221519607046377,0.7505391373801917,0.7892458418774209,0.8657188425609479,2,5335,1150,1145,14,0,24.00963821808497,32,2880,167,5.0,264322,512,128,True,5,,,,,,,,,,,,,,,,,,,,,,,,,,
depression_extreme_binary,transformer,,240m,4,True,False,0.516436875291036,0.4418661649330803,0.7634651224707135,0.728503075871497,0.8675233538391434,2,5335,1150,1145,14,0,24.00963821808497,32,2880,167,5.0,264322,512,128,True,5,0.7872539831302718,0.7900592385516507,0.6695534236403993,0.8539869542066028,0.7863684771033014,0.79375,,,,0.7634782608695653,0.728503075871497,0.6008900865588764,0.7712918660287081,0.6857142857142857,,,,0.7414847161572052,0.6594258373205741,0.5586151570086058,0.7288803827751196,0.7588516746411483,0.56,,,
depression_extreme_binary,transformer,,240m,5,False,False,0.4962413997547361,0.44695346262144,0.7791258985623003,0.7181590339485077,0.8441831852358168,2,5335,1150,1145,14,0,24.00963821808497,32,2880,167,5.0,264322,512,128,True,5,,,,,,,,,,,,,,,,,,,,,,,,,,
depression_extreme_binary,transformer,,240m,6,False,False,0.4779102338064242,0.454732878881952,0.7872553913738018,0.7261107313738893,0.8472271588061061,2,5335,1150,1145,14,0,24.00963821808497,32,2880,167,5.0,264322,512,128,True,5,,,,,,,,,,,,,,,,,,,,,,,,,,
depression_extreme_binary,transformer,,240m,7,False,False,0.4725709887230184,0.4308456780858661,0.7833799254526091,0.7210526315789474,0.8545910230120756,2,5335,1150,1145,14,0,24.00963821808497,32,2880,167,5.0,264322,512,128,True,5,,,,,,,,,,,,,,,,,,,,,,,,,,
depression_extreme_binary,transformer,,240m,8,False,False,0.4569721060818115,0.5332778574072796,0.7924354366347177,0.7231259968102073,0.8263750284802917,2,5335,1150,1145,14,0,24.00963821808497,32,2880,167,5.0,264322,512,128,True,5,,,,,,,,,,,,,,,,,,,,,,,,,,
depression_extreme_binary,transformer,,240m,9,False,False,0.4510725366309522,0.4894590275183968,0.7912639776357828,0.7560947824105719,0.8378127136021872,2,5335,1150,1145,14,0,24.00963821808497,32,2880,167,5.0,264322,512,128,True,5,,,,,,,,,,,,,,,,,,,,,,,,,,
depression_extreme_binary,transformer,,240m,10,False,False,0.4325283524637034,0.5300304007011911,0.8064629925452609,0.7755297334244703,0.8324629756208703,2,5335,1150,1145,14,0,24.00963821808497,32,2880,167,5.0,264322,512,128,True,5,,,,,,,,,,,,,,,,,,,,,,,,,,
depression_extreme_binary,transformer,,240m,11,False,False,0.4082084190376249,0.4993689411619435,0.8171134518104366,0.6987240829346093,0.8297562087035771,2,5335,1150,1145,14,0,24.00963821808497,32,2880,167,5.0,264322,512,128,True,5,,,,,,,,,,,,,,,,,,,,,,,,,,
depression_extreme_binary,transformer,,240m,12,False,False,0.3908915129854172,0.5133432753448901,0.8365689896166134,0.7670995670995671,0.8344497607655502,2,5335,1150,1145,14,0,24.00963821808497,32,2880,167,5.0,264322,512,128,True,5,,,,,,,,,,,,,,,,,,,,,,,,,,
depression_extreme_binary,transformer,,240m,13,False,False,0.3714898151220734,0.5558464539828508,0.8413987619808306,0.6820004556846662,0.8008931419457735,2,5335,1150,1145,14,0,24.00963821808497,32,2880,167,5.0,264322,512,128,True,5,,,,,,,,,,,,,,,,,,,,,,,,,,
depression_extreme_binary,transformer,,240m,14,False,False,0.3559104044775931,0.579634377386259,0.8500257920660277,0.6858965595807701,0.8031168831168831,2,5335,1150,1145,14,0,24.00963821808497,32,2880,167,5.0,264322,512,128,True,5,,,,,,,,,,,,,,,,,,,,,,,,,,
osa_binary_apples_postqc,lstm,,30s,1,False,False,0.6776053140887136,0.6117327794525194,0.5718404170008019,0.4952380952380952,0.5405053449951409,2,3805,805,805,32,0,3.0501062750816343,32,6,119,5.0,657922,512,128,True,5,,,,,,,,,,,,,,,,,,,,,,,,,,
osa_binary_apples_postqc,lstm,,30s,2,False,False,0.6227024882914359,0.6264668594976389,0.6489481422079657,0.5384353741496599,0.5650145772594752,2,3805,805,805,32,0,3.0501062750816343,32,6,119,5.0,657922,512,128,True,5,,,,,,,,,,,,,,,,,,,,,,,,,,
osa_binary_apples_postqc,lstm,,30s,3,False,False,0.5885274690334806,0.6120120194757948,0.6909783480352847,0.5163265306122449,0.5724781341107872,2,3805,805,805,32,0,3.0501062750816343,32,6,119,5.0,657922,512,128,True,5,,,,,,,,,,,,,,,,,,,,,,,,,,
osa_binary_apples_postqc,lstm,,30s,4,False,False,0.5489051028322453,0.6081220632754498,0.7177198609997326,0.5326530612244897,0.5870748299319728,2,3805,805,805,32,0,3.0501062750816343,32,6,119,5.0,657922,512,128,True,5,,,,,,,,,,,,,,,,,,,,,,,,,,
osa_binary_apples_postqc,lstm,,30s,5,False,False,0.5158279599090757,0.5992023744568321,0.7766813686180166,0.5329931972789116,0.576734693877551,2,3805,805,805,32,0,3.0501062750816343,32,6,119,5.0,657922,512,128,True,5,,,,,,,,,,,,,,,,,,,,,,,,,,
osa_binary_apples_postqc,lstm,,30s,6,False,False,0.4763105212780555,0.6156129523834086,0.7998262496658648,0.5547619047619048,0.5814577259475218,2,3805,805,805,32,0,3.0501062750816343,32,6,119,5.0,657922,512,128,True,5,,,,,,,,,,,,,,,,,,,,,,,,,,
osa_binary_apples_postqc,lstm,,30s,7,False,False,0.4383120907903814,0.599164831268121,0.8175755145682972,0.5482993197278911,0.5840816326530612,2,3805,805,805,32,0,3.0501062750816343,32,6,119,5.0,657922,512,128,True,5,,,,,,,,,,,,,,,,,,,,,,,,,,
osa_binary_apples_postqc,lstm,,30s,8,False,False,0.4050029441107275,0.619833945487597,0.8408941459502807,0.5418367346938775,0.586550048590865,2,3805,805,805,32,0,3.0501062750816343,32,6,119,5.0,657922,512,128,True,5,,,,,,,,,,,,,,,,,,,,,,,,,,
osa_binary_apples_postqc,lstm,,30s,9,False,False,0.3733535093797491,0.6253971520417966,0.8533533814488105,0.5571428571428572,0.5800971817298347,2,3805,805,805,32,0,3.0501062750816343,32,6,119,5.0,657922,512,128,True,5,,,,,,,,,,,,,,,,,,,,,,,,,,
osa_binary_apples_postqc,lstm,,30s,10,False,False,0.3423345002097306,0.6491205357986948,0.8726784282277467,0.5632653061224491,0.5987949465500486,2,3805,805,805,32,0,3.0501062750816343,32,6,119,5.0,657922,512,128,True,5,,,,,,,,,,,,,,,,,,,,,,,,,,
osa_binary_apples_postqc,lstm,,30s,11,False,False,0.3055898461329326,0.6198556862077358,0.8971130713712911,0.5357142857142857,0.5941107871720115,2,3805,805,805,32,0,3.0501062750816343,32,6,119,5.0,657922,512,128,True,5,,,,,,,,,,,,,,,,,,,,,,,,,,
osa_binary_apples_postqc,lstm,,30s,12,False,False,0.2752350259469467,0.6380049009223162,0.921095963646084,0.5285714285714286,0.5924392614188533,2,3805,805,805,32,0,3.0501062750816343,32,6,119,5.0,657922,512,128,True,5,,,,,,,,,,,,,,,,,,,,,,,,,,
osa_binary_apples_postqc,lstm,,30s,13,False,False,0.243576576185759,0.6481008216275932,0.9311921946003744,0.5537414965986395,0.6057920310981535,2,3805,805,805,32,0,3.0501062750816343,32,6,119,5.0,657922,512,128,True,5,,,,,,,,,,,,,,,,,,,,,,,,,,
osa_binary_apples_postqc,lstm,,30s,14,False,False,0.2188027113401937,0.6435138345320032,0.9435458433573912,0.54421768707483,0.6152769679300292,2,3805,805,805,32,0,3.0501062750816343,32,6,119,5.0,657922,512,128,True,5,,,,,,,,,,,,,,,,,,,,,,,,,,
osa_binary_apples_postqc,lstm,,30s,15,False,False,0.2025233189395473,0.6614943996719692,0.9448917401764234,0.5506802721088435,0.6103012633624879,2,3805,805,805,32,0,3.0501062750816343,32,6,119,5.0,657922,512,128,True,5,,,,,,,,,,,,,,,,,,,,,,,,,,
osa_binary_apples_postqc,lstm,,30s,16,False,False,0.1790225200286519,0.7069662717188367,0.9562469927826784,0.5275510204081633,0.6083381924198251,2,3805,805,805,32,0,3.0501062750816343,32,6,119,5.0,657922,512,128,True,5,,,,,,,,,,,,,,,,,,,,,,,,,,
osa_binary_apples_postqc,lstm,,30s,17,False,False,0.1503526142525453,0.7011553313791382,0.970294039026998,0.5564625850340136,0.6157045675413022,2,3805,805,805,32,0,3.0501062750816343,32,6,119,5.0,657922,512,128,True,5,,,,,,,,,,,,,,,,,,,,,,,,,,
osa_binary_apples_postqc,lstm,,30s,18,False,False,0.1325701518495825,0.7266018535594763,0.974170008019246,0.5503401360544218,0.6140913508260447,2,3805,805,805,32,0,3.0501062750816343,32,6,119,5.0,657922,512,128,True,5,,,,,,,,,,,,,,,,,,,,,,,,,,
osa_binary_apples_postqc,lstm,,30s,19,False,False,0.1134236053023952,0.777404507573532,0.9815998396150762,0.5387755102040817,0.6073080660835763,2,3805,805,805,32,0,3.0501062750816343,32,6,119,5.0,657922,512,128,True,5,,,,,,,,,,,,,,,,,,,,,,,,,,
osa_binary_apples_postqc,lstm,,30s,20,False,False,0.1032456947062238,0.7908190704789592,0.9835284683239776,0.5452380952380952,0.6064528668610302,2,3805,805,805,32,0,3.0501062750816343,32,6,119,5.0,657922,512,128,True,5,,,,,,,,,,,,,,,,,,,,,,,,,,
osa_binary_apples_postqc,lstm,,30s,21,False,False,0.0880624030994523,0.8300829346875966,0.9875594760759157,0.5193877551020408,0.6034791059280855,2,3805,805,805,32,0,3.0501062750816343,32,6,119,5.0,657922,512,128,True,5,,,,,,,,,,,,,,,,,,,,,,,,,,
osa_binary_apples_postqc,lstm,,30s,22,True,False,0.0761709954986121,0.8224253884013395,0.9902138465650896,0.5459183673469388,0.6172789115646259,2,3805,805,805,32,0,3.0501062750816343,32,6,119,5.0,657922,512,128,True,5,0.9918528252299605,0.9951937984496124,0.9845710199398852,0.9999192729216787,1.0,0.9903875968992248,,,,0.8198757763975155,0.5459183673469388,0.535191637630662,0.21428571428571427,0.8775510204081632,,,,0.808695652173913,0.5563440156965337,0.5603900709219858,0.6441857423152387,0.20909090909090908,0.9035971223021583,,,
osa_binary_apples_postqc,lstm,,30s,23,False,False,0.0682883563516331,0.8750655666502737,0.9919192729216788,0.5129251700680272,0.6104373177842566,2,3805,805,805,32,0,3.0501062750816343,32,6,119,5.0,657922,512,128,True,5,,,,,,,,,,,,,,,,,,,,,,,,,,
osa_binary_apples_postqc,lstm,,30s,24,False,False,0.0585210968352335,0.8897411568934873,0.9941085271317828,0.5418367346938775,0.6114674441205054,2,3805,805,805,32,0,3.0501062750816343,32,6,119,5.0,657922,512,128,True,5,,,,,,,,,,,,,,,,,,,,,,,,,,
osa_binary_apples_postqc,lstm,,30s,25,False,False,0.0491021014622727,0.9605106060468356,0.9940898155573376,0.5051020408163266,0.6006413994169096,2,3805,805,805,32,0,3.0501062750816343,32,6,119,5.0,657922,512,128,True,5,,,,,,,,,,,,,,,,,,,,,,,,,,
osa_binary_apples_postqc,lstm,,30s,26,False,False,0.0452853265400785,0.9404688793980742,0.9961053194333066,0.5363945578231293,0.6052672497570457,2,3805,805,805,32,0,3.0501062750816343,32,6,119,5.0,657922,512,128,True,5,,,,,,,,,,,,,,,,,,,,,,,,,,
osa_binary_apples_postqc,lstm,,30s,27,False,False,0.0377311679477094,1.0768211069412714,0.9976744186046512,0.5003401360544217,0.5914285714285714,2,3805,805,805,32,0,3.0501062750816343,32,6,119,5.0,657922,512,128,True,5,,,,,,,,,,,,,,,,,,,,,,,,,,
osa_binary_apples_postqc,lstm,,30s,28,False,False,0.0352685376698256,0.9507222160419322,0.9986046511627906,0.5346938775510204,0.6094849368318755,2,3805,805,805,32,0,3.0501062750816343,32,6,119,5.0,657922,512,128,True,5,,,,,,,,,,,,,,,,,,,,,,,,,,
osa_binary_apples_postqc,lstm,,30s,29,False,False,0.0316050197596266,1.0470902828626936,0.997984496124031,0.5374149659863946,0.5970068027210884,2,3805,805,805,32,0,3.0501062750816343,32,6,119,5.0,657922,512,128,True,5,,,,,,,,,,,,,,,,,,,,,,,,,,
osa_binary_apples_postqc,lstm,,30s,30,False,False,0.0284088139533604,1.061928562712364,0.9984496124031008,0.5380952380952381,0.5973372206025267,2,3805,805,805,32,0,3.0501062750816343,32,6,119,5.0,657922,512,128,True,5,,,,,,,,,,,,,,,,,,,,,,,,,,
osa_binary_apples_postqc,lstm,,30s,31,False,False,0.0253331663133515,1.0445401476175518,0.9990697674418604,0.5397959183673469,0.6029931972789114,2,3805,805,805,32,0,3.0501062750816343,32,6,119,5.0,657922,512,128,True,5,,,,,,,,,,,,,,,,,,,,,,,,,,
osa_binary_apples_postqc,lstm,,30s,32,False,False,0.0243770527111246,1.0537681786667394,0.9989147286821703,0.5503401360544218,0.6053061224489795,2,3805,805,805,32,0,3.0501062750816343,32,6,119,5.0,657922,512,128,True,5,,,,,,,,,,,,,,,,,,,,,,,,,,
osa_binary_apples_postqc,lstm,,10m,1,False,False,0.672696878358663,0.6383398163392677,0.5839107190590751,0.5265306122448979,0.5162099125364431,2,3805,805,805,27,0,2.255372718969981,32,120,119,5.0,657922,512,128,True,5,,,,,,,,,,,,,,,,,,,,,,,,,,
osa_binary_apples_postqc,lstm,,10m,2,False,False,0.6131833283252691,0.6552984940339319,0.6695749799518845,0.5401360544217687,0.5503984450923226,2,3805,805,805,27,0,2.255372718969981,32,120,119,5.0,657922,512,128,True,5,,,,,,,,,,,,,,,,,,,,,,,,,,
osa_binary_apples_postqc,lstm,,10m,3,False,False,0.5825245326827923,0.6129240633167835,0.7023215717722534,0.5346938775510204,0.5521477162293489,2,3805,805,805,27,0,2.255372718969981,32,120,119,5.0,657922,512,128,True,5,,,,,,,,,,,,,,,,,,,,,,,,,,
osa_binary_apples_postqc,lstm,,10m,4,False,False,0.5424136213654758,0.6216846465324023,0.7314822240042769,0.5551020408163265,0.5743245869776482,2,3805,805,805,27,0,2.255372718969981,32,120,119,5.0,657922,512,128,True,5,,,,,,,,,,,,,,,,,,,,,,,,,,
osa_binary_apples_postqc,lstm,,10m,5,False,False,0.5074568597621892,0.6417210278303727,0.7704236835070837,0.5891156462585034,0.5840816326530611,2,3805,805,805,27,0,2.255372718969981,32,120,119,5.0,657922,512,128,True,5,,,,,,,,,,,,,,,,,,,,,,,,,,
osa_binary_apples_postqc,lstm,,10m,6,False,False,0.4702857912056706,0.6009328081741097,0.8008620689655173,0.5829931972789115,0.6017687074829933,2,3805,805,805,27,0,2.255372718969981,32,120,119,5.0,657922,512,128,True,5,,,,,,,,,,,,,,,,,,,,,,,,,,
osa_binary_apples_postqc,lstm,,10m,7,False,False,0.4278908703627943,0.6004868692122631,0.8160371558406843,0.5860544217687075,0.6064528668610303,2,3805,805,805,27,0,2.255372718969981,32,120,119,5.0,657922,512,128,True,5,,,,,,,,,,,,,,,,,,,,,,,,,,
osa_binary_apples_postqc,lstm,,10m,8,False,False,0.3888930030940553,0.5833904867216667,0.8418925421010426,0.5619047619047619,0.6128474246841594,2,3805,805,805,27,0,2.255372718969981,32,120,119,5.0,657922,512,128,True,5,,,,,,,,,,,,,,,,,,,,,,,,,,
osa_binary_apples_postqc,lstm,,10m,9,False,False,0.3466148778815777,0.5795966006213834,0.8674378508420209,0.5595238095238095,0.6178231292517007,2,3805,805,805,27,0,2.255372718969981,32,120,119,5.0,657922,512,128,True,5,,,,,,,,,,,,,,,,,,,,,,,,,,
osa_binary_apples_postqc,lstm,,10m,10,False,False,0.3011042663913205,0.5963775159779543,0.8973736968724939,0.567687074829932,0.6268999028182701,2,3805,805,805,27,0,2.255372718969981,32,120,119,5.0,657922,512,128,True,5,,,,,,,,,,,,,,,,,,,,,,,,,,
osa_binary_apples_postqc,lstm,,10m,11,False,False,0.2592458199146699,0.6095963159888428,0.9145028067361668,0.5751700680272108,0.6353547133138969,2,3805,805,805,27,0,2.255372718969981,32,120,119,5.0,657922,512,128,True,5,,,,,,,,,,,,,,,,,,,,,,,,,,
osa_binary_apples_postqc,lstm,,10m,12,False,False,0.2266181884394682,0.6248463708606566,0.9298088746324512,0.576530612244898,0.6424878522837706,2,3805,805,805,27,0,2.255372718969981,32,120,119,5.0,657922,512,128,True,5,,,,,,,,,,,,,,,,,,,,,,,,,,
osa_binary_apples_postqc,lstm,,10m,13,False,False,0.1912732855719116,0.6664530114727731,0.9455426356589148,0.5857142857142857,0.6411661807580175,2,3805,805,805,27,0,2.255372718969981,32,120,119,5.0,657922,512,128,True,5,,,,,,,,,,,,,,,,,,,,,,,,,,
osa_binary_apples_postqc,lstm,,10m,14,False,False,0.1578865363430256,0.7055391615407067,0.955589414595028,0.5425170068027211,0.6304178814382897,2,3805,805,805,27,0,2.255372718969981,32,120,119,5.0,657922,512,128,True,5,,,,,,,,,,,,,,,,,,,,,,,,,,
osa_binary_apples_postqc,lstm,,10m,15,False,False,0.1255459713129113,0.7647418089442372,0.97001470195135,0.541156462585034,0.6363848396501457,2,3805,805,805,27,0,2.255372718969981,32,120,119,5.0,657922,512,128,True,5,,,,,,,,,,,,,,,,,,,,,,,,,,
osa_binary_apples_postqc,lstm,,10m,16,False,False,0.1122758225565984,0.7608294051719008,0.9705292702485966,0.5510204081632654,0.6341496598639456,2,3805,805,805,27,0,2.255372718969981,32,120,119,5.0,657922,512,128,True,5,,,,,,,,,,,,,,,,,,,,,,,,,,
osa_binary_apples_postqc,lstm,,10m,17,True,False,0.0853235740444663,0.8080167742839418,0.9833547179898424,0.5595238095238095,0.6537609329446064,2,3805,805,805,27,0,2.255372718969981,32,120,119,5.0,657922,512,128,True,5,0.9779237844940867,0.9869767441860465,0.9596403926405654,0.9990585404971933,1.0,0.9739534883720931,,,,0.84472049689441,0.5595238095238095,0.5538188670879061,0.21428571428571427,0.9047619047619048,,,,0.8099378881987578,0.5494113799869196,0.5536287034520251,0.6632112491824722,0.19090909090909092,0.9079136690647482,,,
osa_binary_apples_postqc,lstm,,10m,18,False,False,0.0648270777888038,0.8566542840614823,0.9879377171879176,0.5506802721088435,0.6355102040816326,2,3805,805,805,27,0,2.255372718969981,32,120,119,5.0,657922,512,128,True,5,,,,,,,,,,,,,,,,,,,,,,,,,,
osa_binary_apples_postqc,lstm,,10m,19,False,False,0.056706113659051,0.8968707207891141,0.9872988505747128,0.5510204081632654,0.6443537414965987,2,3805,805,805,27,0,2.255372718969981,32,120,119,5.0,657922,512,128,True,5,,,,,,,,,,,,,,,,,,,,,,,,,,
osa_binary_apples_postqc,lstm,,10m,20,False,False,0.0402706229244205,0.9758348669777248,0.9920556001069232,0.5438775510204081,0.6381924198250729,2,3805,805,805,27,0,2.255372718969981,32,120,119,5.0,657922,512,128,True,5,,,,,,,,,,,,,,,,,,,,,,,,,,
osa_binary_apples_postqc,lstm,,10m,21,False,False,0.0389444974803031,1.066439054612076,0.9933827853515104,0.530952380952381,0.6428377065111759,2,3805,805,805,27,0,2.255372718969981,32,120,119,5.0,657922,512,128,True,5,,,,,,,,,,,,,,,,,,,,,,,,,,
osa_binary_apples_postqc,lstm,,10m,22,False,False,0.0313897868767674,1.0549820863572383,0.9939160652232024,0.5275510204081633,0.6492419825072886,2,3805,805,805,27,0,2.255372718969981,32,120,119,5.0,657922,512,128,True,5,,,,,,,,,,,,,,,,,,,,,,,,,,
osa_binary_apples_postqc,lstm,,10m,23,False,False,0.0213182558123213,1.206793785375479,0.9957083667468593,0.5214285714285715,0.6334207968901847,2,3805,805,805,27,0,2.255372718969981,32,120,119,5.0,657922,512,128,True,5,,,,,,,,,,,,,,,,,,,,,,,,,,
osa_binary_apples_postqc,lstm,,10m,24,False,False,0.0202549537804109,1.141438652234917,0.9962416466185512,0.5268707482993198,0.6399902818270166,2,3805,805,805,27,0,2.255372718969981,32,120,119,5.0,657922,512,128,True,5,,,,,,,,,,,,,,,,,,,,,,,,,,
osa_binary_apples_postqc,lstm,,10m,25,False,False,0.0143067588642944,1.1940947574097662,0.9969486768243784,0.5275510204081633,0.6454907677356657,2,3805,805,805,27,0,2.255372718969981,32,120,119,5.0,657922,512,128,True,5,,,,,,,,,,,,,,,,,,,,,,,,,,
osa_binary_apples_postqc,lstm,,10m,26,False,False,0.0097062166049616,1.2016446263701452,0.9981208233092757,0.5319727891156463,0.6469484936831875,2,3805,805,805,27,0,2.255372718969981,32,120,119,5.0,657922,512,128,True,5,,,,,,,,,,,,,,,,,,,,,,,,,,
osa_binary_apples_postqc,lstm,,10m,27,False,False,0.0065030494901876,1.3162920243306713,1.0,0.5193877551020408,0.631156462585034,2,3805,805,805,27,0,2.255372718969981,32,120,119,5.0,657922,512,128,True,5,,,,,,,,,,,,,,,,,,,,,,,,,,
osa_binary_apples_postqc,lstm,,40m,1,False,False,0.6638573945900144,0.5884272078179424,0.5888412189254211,0.5547619047619048,0.636307094266278,2,3805,805,805,22,0,2.7614113887151084,32,480,119,5.0,657922,512,128,True,5,,,,,,,,,,,,,,,,,,,,,,,,,,
osa_binary_apples_postqc,lstm,,40m,2,False,False,0.6047370241756664,0.5538009485843018,0.6814955894145951,0.560204081632653,0.6631875607385811,2,3805,805,805,22,0,2.7614113887151084,32,480,119,5.0,657922,512,128,True,5,,,,,,,,,,,,,,,,,,,,,,,,,,
osa_binary_apples_postqc,lstm,,40m,3,False,False,0.5573498315472797,0.5517118342174506,0.7254664528201016,0.577891156462585,0.6779008746355685,2,3805,805,805,22,0,2.7614113887151084,32,480,119,5.0,657922,512,128,True,5,,,,,,,,,,,,,,,,,,,,,,,,,,
osa_binary_apples_postqc,lstm,,40m,4,False,False,0.5267176880629711,0.5844099633812164,0.747563485699011,0.6204081632653061,0.6852283770651117,2,3805,805,805,22,0,2.7614113887151084,32,480,119,5.0,657922,512,128,True,5,,,,,,,,,,,,,,,,,,,,,,,,,,
osa_binary_apples_postqc,lstm,,40m,5,False,False,0.4854104410646466,0.5408251774051915,0.7773255813953488,0.5982993197278912,0.6922448979591838,2,3805,805,805,22,0,2.7614113887151084,32,480,119,5.0,657922,512,128,True,5,,,,,,,,,,,,,,,,,,,,,,,,,,
osa_binary_apples_postqc,lstm,,40m,6,False,False,0.4434479596815347,0.5146427512168884,0.8093584603047314,0.567687074829932,0.6852478134110788,2,3805,805,805,22,0,2.7614113887151084,32,480,119,5.0,657922,512,128,True,5,,,,,,,,,,,,,,,,,,,,,,,,,,
osa_binary_apples_postqc,lstm,,40m,7,False,False,0.4031068526022381,0.5171969543054977,0.842928361400695,0.5935374149659864,0.6971428571428572,2,3805,805,805,22,0,2.7614113887151084,32,480,119,5.0,657922,512,128,True,5,,,,,,,,,,,,,,,,,,,,,,,,,,
osa_binary_apples_postqc,lstm,,40m,8,False,False,0.3647111505700787,0.5224917927976721,0.8651055867415129,0.5789115646258503,0.6923032069970846,2,3805,805,805,22,0,2.7614113887151084,32,480,119,5.0,657922,512,128,True,5,,,,,,,,,,,,,,,,,,,,,,,,,,
osa_binary_apples_postqc,lstm,,40m,9,False,False,0.3245266761518182,0.5177837623757605,0.8821050521251003,0.5887755102040816,0.7051895043731778,2,3805,805,805,22,0,2.7614113887151084,32,480,119,5.0,657922,512,128,True,5,,,,,,,,,,,,,,,,,,,,,,,,,,
osa_binary_apples_postqc,lstm,,40m,10,False,False,0.2898777573713335,0.530159304365053,0.8978882651697407,0.5700680272108843,0.703790087463557,2,3805,805,805,22,0,2.7614113887151084,32,480,119,5.0,657922,512,128,True,5,,,,,,,,,,,,,,,,,,,,,,,,,,
osa_binary_apples_postqc,lstm,,40m,11,False,False,0.2497657654084921,0.5438183343882517,0.9189494787489976,0.5833333333333334,0.7061224489795919,2,3805,805,805,22,0,2.7614113887151084,32,480,119,5.0,657922,512,128,True,5,,,,,,,,,,,,,,,,,,,,,,,,,,
osa_binary_apples_postqc,lstm,,40m,12,True,False,0.2171834256896521,0.5470479451860331,0.9319607056936648,0.5938775510204082,0.7155490767735666,2,3805,805,805,22,0,2.7614113887151084,32,480,119,5.0,657922,512,128,True,5,0.9403416557161629,0.9556148088746325,0.8984425311135747,0.9926677358994921,0.9775862068965517,0.9336434108527132,,,,0.8248447204968944,0.5938775510204082,0.5694452347083926,0.3142857142857143,0.8734693877551021,,,,0.7838509316770186,0.5496075866579464,0.5488365800865801,0.706383257030739,0.22727272727272727,0.8719424460431655,,,
osa_binary_apples_postqc,lstm,,40m,13,False,False,0.1904539461008979,0.5900845435540545,0.9338024592354984,0.5659863945578232,0.7144412050534499,2,3805,805,805,22,0,2.7614113887151084,32,480,119,5.0,657922,512,128,True,5,,,,,,,,,,,,,,,,,,,,,,,,,,
osa_binary_apples_postqc,lstm,,40m,14,False,False,0.1575695060751598,0.6369809522368708,0.955638866613205,0.5649659863945578,0.7078328474246843,2,3805,805,805,22,0,2.7614113887151084,32,480,119,5.0,657922,512,128,True,5,,,,,,,,,,,,,,,,,,,,,,,,,,
osa_binary_apples_postqc,lstm,,40m,15,False,False,0.1274208118740112,0.630593830581338,0.9657912322908312,0.5758503401360544,0.707201166180758,2,3805,805,805,22,0,2.7614113887151084,32,480,119,5.0,657922,512,128,True,5,,,,,,,,,,,,,,,,,,,,,,,,,,
osa_binary_apples_postqc,lstm,,40m,16,False,False,0.0990623171672557,0.6615045894946764,0.9774071103982892,0.5846938775510204,0.7098542274052478,2,3805,805,805,22,0,2.7614113887151084,32,480,119,5.0,657922,512,128,True,5,,,,,,,,,,,,,,,,,,,,,,,,,,
osa_binary_apples_postqc,lstm,,40m,17,False,False,0.0847994764045409,0.7601699765713781,0.9829390537289496,0.569047619047619,0.7070553935860058,2,3805,805,805,22,0,2.7614113887151084,32,480,119,5.0,657922,512,128,True,5,,,,,,,,,,,,,,,,,,,,,,,,,,
osa_binary_apples_postqc,lstm,,40m,18,False,False,0.0661197875277598,0.7365347496494188,0.9837824111200212,0.5673469387755102,0.6973177842565599,2,3805,805,805,22,0,2.7614113887151084,32,480,119,5.0,657922,512,128,True,5,,,,,,,,,,,,,,,,,,,,,,,,,,
osa_binary_apples_postqc,lstm,,40m,19,False,False,0.0538557224112725,0.8409523709175345,0.988539160652232,0.5401360544217687,0.6872497570456755,2,3805,805,805,22,0,2.7614113887151084,32,480,119,5.0,657922,512,128,True,5,,,,,,,,,,,,,,,,,,,,,,,,,,
osa_binary_apples_postqc,lstm,,40m,20,False,False,0.0466200516685236,0.8166783867364819,0.989227479283614,0.5931972789115646,0.7010689990281826,2,3805,805,805,22,0,2.7614113887151084,32,480,119,5.0,657922,512,128,True,5,,,,,,,,,,,,,,,,,,,,,,,,,,
osa_binary_apples_postqc,lstm,,40m,21,False,False,0.0366788017814403,0.8505116433307228,0.9952432504677894,0.6034013605442177,0.6874246841593781,2,3805,805,805,22,0,2.7614113887151084,32,480,119,5.0,657922,512,128,True,5,,,,,,,,,,,,,,,,,,,,,,,,,,
osa_binary_apples_postqc,lstm,,40m,22,False,False,0.0250836925368153,1.0434257141417669,0.9977425821972734,0.5414965986394558,0.6798639455782314,2,3805,805,805,22,0,2.7614113887151084,32,480,119,5.0,657922,512,128,True,5,,,,,,,,,,,,,,,,,,,,,,,,,,
osa_binary_apples_postqc,lstm,,80m,1,False,False,0.6808625117238029,0.6715582184910034,0.5590269981288426,0.5285714285714286,0.5504567541302235,2,3805,805,805,21,0,3.8008085171381634,32,960,119,5.0,657922,512,128,True,5,,,,,,,,,,,,,,,,,,,,,,,,,,
osa_binary_apples_postqc,lstm,,80m,2,False,False,0.6155549099034925,0.5994554240140856,0.6589147286821706,0.5119047619047619,0.6165403304178815,2,3805,805,805,21,0,3.8008085171381634,32,960,119,5.0,657922,512,128,True,5,,,,,,,,,,,,,,,,,,,,,,,,,,
osa_binary_apples_postqc,lstm,,80m,3,False,False,0.5745717306801273,0.6034194148845554,0.7030473135525261,0.5496598639455783,0.6409523809523809,2,3805,805,805,21,0,3.8008085171381634,32,960,119,5.0,657922,512,128,True,5,,,,,,,,,,,,,,,,,,,,,,,,,,
osa_binary_apples_postqc,lstm,,80m,4,False,False,0.5335391753606508,0.5620895128442635,0.7547955092221331,0.5897959183673469,0.6853061224489796,2,3805,805,805,21,0,3.8008085171381634,32,960,119,5.0,657922,512,128,True,5,,,,,,,,,,,,,,,,,,,,,,,,,,
osa_binary_apples_postqc,lstm,,80m,5,False,False,0.4941290293353929,0.5478307639219746,0.7832985832665063,0.5840136054421768,0.7051700680272109,2,3805,805,805,21,0,3.8008085171381634,32,960,119,5.0,657922,512,128,True,5,,,,,,,,,,,,,,,,,,,,,,,,,,
osa_binary_apples_postqc,lstm,,80m,6,False,False,0.4565496731994969,0.5522128651601187,0.8056001069232825,0.5809523809523809,0.7085325558794947,2,3805,805,805,21,0,3.8008085171381634,32,960,119,5.0,657922,512,128,True,5,,,,,,,,,,,,,,,,,,,,,,,,,,
osa_binary_apples_postqc,lstm,,80m,7,False,False,0.4205805826281122,0.532185845641616,0.8244039026998129,0.5704081632653061,0.7043148688046645,2,3805,805,805,21,0,3.8008085171381634,32,960,119,5.0,657922,512,128,True,5,,,,,,,,,,,,,,,,,,,,,,,,,,
osa_binary_apples_postqc,lstm,,80m,8,False,False,0.3760796393342463,0.5547058011434093,0.8565477145148357,0.6115646258503401,0.7208940719144801,2,3805,805,805,21,0,3.8008085171381634,32,960,119,5.0,657922,512,128,True,5,,,,,,,,,,,,,,,,,,,,,,,,,,
osa_binary_apples_postqc,lstm,,80m,9,False,False,0.3388158430721067,0.5452086976966503,0.8801577118417536,0.6061224489795918,0.7150631681243926,2,3805,805,805,21,0,3.8008085171381634,32,960,119,5.0,657922,512,128,True,5,,,,,,,,,,,,,,,,,,,,,,,,,,
osa_binary_apples_postqc,lstm,,80m,10,False,False,0.3024531945292489,0.5370247977768412,0.8932371023790431,0.6040816326530613,0.7250340136054422,2,3805,805,805,21,0,3.8008085171381634,32,960,119,5.0,657922,512,128,True,5,,,,,,,,,,,,,,,,,,,,,,,,,,
osa_binary_apples_postqc,lstm,,80m,11,True,False,0.2531552710060064,0.5406060259349598,0.9158674151296444,0.6312925170068027,0.7415160349854227,2,3805,805,805,21,0,3.8008085171381634,32,960,119,5.0,657922,512,128,True,5,0.9116951379763469,0.9415437048917401,0.8589356219993698,0.9892584870355521,0.9844827586206897,0.8986046511627906,,,,0.7751552795031056,0.6312925170068027,0.5643118785975929,0.45714285714285713,0.8054421768707483,,,,0.746583850931677,0.5739372138652714,0.5565169486032795,0.6627599738391106,0.33636363636363636,0.8115107913669065,,,
osa_binary_apples_postqc,lstm,,80m,12,False,False,0.2262944612960464,0.5704436776199326,0.9236500935578722,0.6068027210884354,0.7189504373177843,2,3805,805,805,21,0,3.8008085171381634,32,960,119,5.0,657922,512,128,True,5,,,,,,,,,,,,,,,,,,,,,,,,,,
osa_binary_apples_postqc,lstm,,80m,13,False,False,0.1975123826213641,0.563561697285738,0.9363886661320502,0.6282312925170068,0.7292128279883382,2,3805,805,805,21,0,3.8008085171381634,32,960,119,5.0,657922,512,128,True,5,,,,,,,,,,,,,,,,,,,,,,,,,,
osa_binary_apples_postqc,lstm,,80m,14,False,False,0.1664588152539871,0.6583629946577253,0.9534001603849238,0.5680272108843537,0.6934693877551021,2,3805,805,805,21,0,3.8008085171381634,32,960,119,5.0,657922,512,128,True,5,,,,,,,,,,,,,,,,,,,,,,,,,,
osa_binary_apples_postqc,lstm,,80m,15,False,False,0.1499639391115867,0.6959779492677739,0.9522587543437584,0.5374149659863946,0.6961710398445092,2,3805,805,805,21,0,3.8008085171381634,32,960,119,5.0,657922,512,128,True,5,,,,,,,,,,,,,,,,,,,,,,,,,,
osa_binary_apples_postqc,lstm,,80m,16,False,False,0.1227549949942374,0.6418991852898775,0.9585658914728682,0.5714285714285714,0.7048590864917397,2,3805,805,805,21,0,3.8008085171381634,32,960,119,5.0,657922,512,128,True,5,,,,,,,,,,,,,,,,,,,,,,,,,,
osa_binary_apples_postqc,lstm,,80m,17,False,False,0.0914929910593527,0.7487058676571025,0.9780459770114942,0.5714285714285714,0.6885714285714286,2,3805,805,805,21,0,3.8008085171381634,32,960,119,5.0,657922,512,128,True,5,,,,,,,,,,,,,,,,,,,,,,,,,,
osa_binary_apples_postqc,lstm,,80m,18,False,False,0.0857835029842975,0.7382874073495406,0.9814568297246724,0.5700680272108843,0.7058503401360544,2,3805,805,805,21,0,3.8008085171381634,32,960,119,5.0,657922,512,128,True,5,,,,,,,,,,,,,,,,,,,,,,,,,,
osa_binary_apples_postqc,lstm,,80m,19,False,False,0.0726249290691412,0.7877446154514269,0.985351510291366,0.5568027210884354,0.7019241982507289,2,3805,805,805,21,0,3.8008085171381634,32,960,119,5.0,657922,512,128,True,5,,,,,,,,,,,,,,,,,,,,,,,,,,
osa_binary_apples_postqc,lstm,,80m,20,False,False,0.0567183766881207,0.8616404482539489,0.9866599839615076,0.5346938775510204,0.6825850340136055,2,3805,805,805,21,0,3.8008085171381634,32,960,119,5.0,657922,512,128,True,5,,,,,,,,,,,,,,,,,,,,,,,,,,
osa_binary_apples_postqc,lstm,,80m,21,False,False,0.0561098283790688,0.9184553241253084,0.9892956428762364,0.5377551020408163,0.6799999999999999,2,3805,805,805,21,0,3.8008085171381634,32,960,119,5.0,657922,512,128,True,5,,,,,,,,,,,,,,,,,,,,,,,,,,
osa_binary_apples_postqc,lstm,,120m,1,False,False,0.6712483078985427,0.623459712948118,0.5873336006415397,0.5010204081632653,0.598620019436346,2,3805,805,805,27,0,6.214390047391256,32,1440,119,5.0,657922,512,128,True,5,,,,,,,,,,,,,,,,,,,,,,,,,,
osa_binary_apples_postqc,lstm,,120m,2,False,False,0.6093896065372362,0.6131685729352584,0.6631689387864208,0.5299319727891156,0.6226627793974733,2,3805,805,805,27,0,6.214390047391256,32,1440,119,5.0,657922,512,128,True,5,,,,,,,,,,,,,,,,,,,,,,,,,,
osa_binary_apples_postqc,lstm,,120m,3,False,False,0.559129374569255,0.5712526930044897,0.7211320502539429,0.569047619047619,0.6498639455782314,2,3805,805,805,27,0,6.214390047391256,32,1440,119,5.0,657922,512,128,True,5,,,,,,,,,,,,,,,,,,,,,,,,,,
osa_binary_apples_postqc,lstm,,120m,4,False,False,0.5194157532809128,0.5932275767281929,0.7583801122694467,0.5615646258503402,0.6485325558794947,2,3805,805,805,27,0,6.214390047391256,32,1440,119,5.0,657922,512,128,True,5,,,,,,,,,,,,,,,,,,,,,,,,,,
osa_binary_apples_postqc,lstm,,120m,5,False,False,0.4699103018692382,0.5732670033940618,0.794592354985298,0.5768707482993197,0.6788921282798834,2,3805,805,805,27,0,6.214390047391256,32,1440,119,5.0,657922,512,128,True,5,,,,,,,,,,,,,,,,,,,,,,,,,,
osa_binary_apples_postqc,lstm,,120m,6,False,False,0.4289415032963872,0.5618493097354166,0.8150080192461908,0.5921768707482993,0.6793974732750243,2,3805,805,805,27,0,6.214390047391256,32,1440,119,5.0,657922,512,128,True,5,,,,,,,,,,,,,,,,,,,,,,,,,,
osa_binary_apples_postqc,lstm,,120m,7,False,False,0.3902036101761691,0.5341332402566205,0.8434562951082598,0.5768707482993197,0.696734693877551,2,3805,805,805,27,0,6.214390047391256,32,1440,119,5.0,657922,512,128,True,5,,,,,,,,,,,,,,,,,,,,,,,,,,
osa_binary_apples_postqc,lstm,,120m,8,False,False,0.3605704594692325,0.516976648421021,0.8566466185511895,0.5935374149659864,0.7159183673469387,2,3805,805,805,27,0,6.214390047391256,32,1440,119,5.0,657922,512,128,True,5,,,,,,,,,,,,,,,,,,,,,,,,,,
osa_binary_apples_postqc,lstm,,120m,9,False,False,0.3097667993681502,0.559107991007174,0.8896217588879978,0.6017006802721088,0.72466472303207,2,3805,805,805,27,0,6.214390047391256,32,1440,119,5.0,657922,512,128,True,5,,,,,,,,,,,,,,,,,,,,,,,,,,
osa_binary_apples_postqc,lstm,,120m,10,False,False,0.268877545026536,0.55298779176444,0.8971999465383587,0.6159863945578231,0.7254421768707484,2,3805,805,805,27,0,6.214390047391256,32,1440,119,5.0,657922,512,128,True,5,,,,,,,,,,,,,,,,,,,,,,,,,,
osa_binary_apples_postqc,lstm,,120m,11,False,False,0.2365539547804934,0.5379071707912484,0.9238986901897888,0.5945578231292517,0.734868804664723,2,3805,805,805,27,0,6.214390047391256,32,1440,119,5.0,657922,512,128,True,5,,,,,,,,,,,,,,,,,,,,,,,,,,
osa_binary_apples_postqc,lstm,,120m,12,False,False,0.2033917271491732,0.5643765867057239,0.9399117882919006,0.5493197278911565,0.7347133138969874,2,3805,805,805,27,0,6.214390047391256,32,1440,119,5.0,657922,512,128,True,5,,,,,,,,,,,,,,,,,,,,,,,,,,
osa_binary_apples_postqc,lstm,,120m,13,False,False,0.1714470840784942,0.5665723918572716,0.9493009890403636,0.5846938775510204,0.7350242954324586,2,3805,805,805,27,0,6.214390047391256,32,1440,119,5.0,657922,512,128,True,5,,,,,,,,,,,,,,,,,,,,,,,,,,
osa_binary_apples_postqc,lstm,,120m,14,False,False,0.1499938875985051,0.6145898549817502,0.9569165998396152,0.5993197278911564,0.7351214771622936,2,3805,805,805,27,0,6.214390047391256,32,1440,119,5.0,657922,512,128,True,5,,,,,,,,,,,,,,,,,,,,,,,,,,
osa_binary_apples_postqc,lstm,,120m,15,False,False,0.1339172129601279,0.6208260586820774,0.9602592889601712,0.5993197278911564,0.733061224489796,2,3805,805,805,27,0,6.214390047391256,32,1440,119,5.0,657922,512,128,True,5,,,,,,,,,,,,,,,,,,,,,,,,,,
osa_binary_apples_postqc,lstm,,120m,16,False,False,0.10197485652844,0.6393151649713562,0.9757885592087676,0.6027210884353742,0.7401360544217687,2,3805,805,805,27,0,6.214390047391256,32,1440,119,5.0,657922,512,128,True,5,,,,,,,,,,,,,,,,,,,,,,,,,,
osa_binary_apples_postqc,lstm,,120m,17,True,False,0.0887357602725674,0.6608582052844721,0.9777358994921144,0.5945578231292517,0.7480272108843538,2,3805,805,805,27,0,6.214390047391256,32,1440,119,5.0,657922,512,128,True,5,0.9871222076215506,0.9916960705693665,0.9758754084437171,0.9995776530339482,0.9982758620689656,0.9851162790697674,,,,0.8496894409937888,0.5945578231292517,0.5824706694271912,0.2857142857142857,0.9034013605442177,,,,0.8198757763975155,0.55134074558535,0.557230915125652,0.6972138652714193,0.18181818181818182,0.920863309352518,,,
osa_binary_apples_postqc,lstm,,120m,18,False,False,0.0760040043482407,0.7151137194911492,0.9828708901363272,0.5768707482993197,0.7320213799805637,2,3805,805,805,27,0,6.214390047391256,32,1440,119,5.0,657922,512,128,True,5,,,,,,,,,,,,,,,,,,,,,,,,,,
osa_binary_apples_postqc,lstm,,120m,19,False,False,0.0584589018370177,0.7951821296778073,0.9865918203688852,0.5700680272108843,0.7358794946550049,2,3805,805,805,27,0,6.214390047391256,32,1440,119,5.0,657922,512,128,True,5,,,,,,,,,,,,,,,,,,,,,,,,,,
osa_binary_apples_postqc,lstm,,120m,20,False,False,0.0539052846260202,0.7500511907581934,0.9862630312750602,0.5727891156462586,0.7341496598639456,2,3805,805,805,27,0,6.214390047391256,32,1440,119,5.0,657922,512,128,True,5,,,,,,,,,,,,,,,,,,,,,,,,,,
osa_binary_apples_postqc,lstm,,120m,21,False,False,0.0393059554721538,0.8524501334172269,0.9946230954290296,0.5687074829931973,0.7387366375121478,2,3805,805,805,27,0,6.214390047391256,32,1440,119,5.0,657922,512,128,True,5,,,,,,,,,,,,,,,,,,,,,,,,,,
osa_binary_apples_postqc,lstm,,120m,22,False,False,0.0298377017012054,0.8293832846946135,0.9949331729484095,0.5840136054421768,0.7329251700680273,2,3805,805,805,27,0,6.214390047391256,32,1440,119,5.0,657922,512,128,True,5,,,,,,,,,,,,,,,,,,,,,,,,,,
osa_binary_apples_postqc,lstm,,120m,23,False,False,0.0240755697181166,0.9297480121409296,0.994846297781342,0.5945578231292517,0.7360447035957238,2,3805,805,805,27,0,6.214390047391256,32,1440,119,5.0,657922,512,128,True,5,,,,,,,,,,,,,,,,,,,,,,,,,,
osa_binary_apples_postqc,lstm,,120m,24,False,False,0.0175088334703786,1.055512306720824,0.997500668270516,0.5462585034013605,0.7301652089407191,2,3805,805,805,27,0,6.214390047391256,32,1440,119,5.0,657922,512,128,True,5,,,,,,,,,,,,,,,,,,,,,,,,,,
osa_binary_apples_postqc,lstm,,120m,25,False,False,0.0139660887745712,1.187315912723219,0.9983627372360332,0.5282312925170068,0.7085034013605442,2,3805,805,805,27,0,6.214390047391256,32,1440,119,5.0,657922,512,128,True,5,,,,,,,,,,,,,,,,,,,,,,,,,,
osa_binary_apples_postqc,lstm,,120m,26,False,False,0.0124400369632063,0.9633795484740676,0.9979657845495856,0.5836734693877551,0.7257725947521867,2,3805,805,805,27,0,6.214390047391256,32,1440,119,5.0,657922,512,128,True,5,,,,,,,,,,,,,,,,,,,,,,,,,,
osa_binary_apples_postqc,lstm,,120m,27,False,False,0.0083838746028752,1.1877771871549028,0.9993798449612404,0.5289115646258503,0.712089407191448,2,3805,805,805,27,0,6.214390047391256,32,1440,119,5.0,657922,512,128,True,5,,,,,,,,,,,,,,,,,,,,,,,,,,
osa_binary_apples_postqc,lstm,,240m,1,False,False,0.6785056158841518,0.6535124609189004,0.5637236033146218,0.5255102040816326,0.5661030126336248,2,3805,805,805,22,0,8.22083835999171,32,2880,119,5.0,657922,512,128,True,5,,,,,,,,,,,,,,,,,,,,,,,,,,
osa_binary_apples_postqc,lstm,,240m,2,False,False,0.6151314329693728,0.6478633333437191,0.6649304998663459,0.5557823129251701,0.6147133138969874,2,3805,805,805,22,0,8.22083835999171,32,2880,119,5.0,657922,512,128,True,5,,,,,,,,,,,,,,,,,,,,,,,,,,
osa_binary_apples_postqc,lstm,,240m,3,False,False,0.5693065944075114,0.6656341765978322,0.7180058807805401,0.6306122448979592,0.6464334305150632,2,3805,805,805,22,0,8.22083835999171,32,2880,119,5.0,657922,512,128,True,5,,,,,,,,,,,,,,,,,,,,,,,,,,
osa_binary_apples_postqc,lstm,,240m,4,False,False,0.5268486522343719,0.5722914700552544,0.7488666132050255,0.5581632653061225,0.6547327502429543,2,3805,805,805,22,0,8.22083835999171,32,2880,119,5.0,657922,512,128,True,5,,,,,,,,,,,,,,,,,,,,,,,,,,
osa_binary_apples_postqc,lstm,,240m,5,False,False,0.4917950319241287,0.5602269267443545,0.7746778936113339,0.5741496598639455,0.6619630709426628,2,3805,805,805,22,0,8.22083835999171,32,2880,119,5.0,657922,512,128,True,5,,,,,,,,,,,,,,,,,,,,,,,,,,
osa_binary_apples_postqc,lstm,,240m,6,False,False,0.4555772015675609,0.5813425292139468,0.7987155840684309,0.5840136054421768,0.6803887269193392,2,3805,805,805,22,0,8.22083835999171,32,2880,119,5.0,657922,512,128,True,5,,,,,,,,,,,,,,,,,,,,,,,,,,
osa_binary_apples_postqc,lstm,,240m,7,False,False,0.4126718001281071,0.5823740527496575,0.830196471531676,0.6163265306122448,0.6927502429543246,2,3805,805,805,22,0,8.22083835999171,32,2880,119,5.0,657922,512,128,True,5,,,,,,,,,,,,,,,,,,,,,,,,,,
osa_binary_apples_postqc,lstm,,240m,8,False,False,0.3726635601689718,0.5881011422376455,0.8535084202085004,0.6129251700680272,0.6949465500485908,2,3805,805,805,22,0,8.22083835999171,32,2880,119,5.0,657922,512,128,True,5,,,,,,,,,,,,,,,,,,,,,,,,,,
osa_binary_apples_postqc,lstm,,240m,9,False,False,0.3340267865400903,0.5461124932173617,0.8720208500400962,0.6030612244897959,0.7110398445092323,2,3805,805,805,22,0,8.22083835999171,32,2880,119,5.0,657922,512,128,True,5,,,,,,,,,,,,,,,,,,,,,,,,,,
osa_binary_apples_postqc,lstm,,240m,10,False,False,0.2926637376811595,0.5776325601505937,0.9001831061213579,0.6299319727891156,0.7089018464528668,2,3805,805,805,22,0,8.22083835999171,32,2880,119,5.0,657922,512,128,True,5,,,,,,,,,,,,,,,,,,,,,,,,,,
osa_binary_apples_postqc,lstm,,240m,11,False,False,0.2569588997439235,0.5590506600667231,0.9092622293504412,0.5918367346938775,0.7123420796890184,2,3805,805,805,22,0,8.22083835999171,32,2880,119,5.0,657922,512,128,True,5,,,,,,,,,,,,,,,,,,,,,,,,,,
osa_binary_apples_postqc,lstm,,240m,12,True,False,0.2243519774678502,0.5603797213955325,0.9265838011226945,0.6377551020408163,0.7221185617103985,2,3805,805,805,22,0,8.22083835999171,32,2880,119,5.0,657922,512,128,True,5,0.9466491458607096,0.9600427693130179,0.9080115457321056,0.9927554129911789,0.9793103448275862,0.9407751937984496,,,,0.7987577639751553,0.6377551020408163,0.5799512987012987,0.44285714285714284,0.8326530612244898,,,,0.7739130434782608,0.5629823413996076,0.557446474312503,0.7103204708960104,0.2727272727272727,0.8532374100719424,,,
osa_binary_apples_postqc,lstm,,240m,13,False,False,0.1997288858060298,0.5933973997183468,0.9363392141138732,0.5867346938775511,0.7116034985422741,2,3805,805,805,22,0,8.22083835999171,32,2880,119,5.0,657922,512,128,True,5,,,,,,,,,,,,,,,,,,,,,,,,,,
osa_binary_apples_postqc,lstm,,240m,14,False,False,0.1666264516177847,0.6535195591148012,0.9499144613739642,0.5911564625850341,0.6833236151603498,2,3805,805,805,22,0,8.22083835999171,32,2880,119,5.0,657922,512,128,True,5,,,,,,,,,,,,,,,,,,,,,,,,,,
osa_binary_apples_postqc,lstm,,240m,15,False,False,0.1463506704521868,0.7129588118181651,0.9531395348837208,0.5585034013605442,0.6722643343051506,2,3805,805,805,22,0,8.22083835999171,32,2880,119,5.0,657922,512,128,True,5,,,,,,,,,,,,,,,,,,,,,,,,,,
osa_binary_apples_postqc,lstm,,240m,16,False,False,0.1210816817943119,0.6511924642190244,0.9692889601710772,0.6204081632653061,0.7125364431486881,2,3805,805,805,22,0,8.22083835999171,32,2880,119,5.0,657922,512,128,True,5,,,,,,,,,,,,,,,,,,,,,,,,,,
osa_binary_apples_postqc,lstm,,240m,17,False,False,0.0911657588867257,0.7109437808070493,0.979149959903769,0.5945578231292517,0.7035179786200194,2,3805,805,805,22,0,8.22083835999171,32,2880,119,5.0,657922,512,128,True,5,,,,,,,,,,,,,,,,,,,,,,,,,,
osa_binary_apples_postqc,lstm,,240m,18,False,False,0.086441819906313,0.7856616504360222,0.9771464848970864,0.5897959183673469,0.6808551992225461,2,3805,805,805,22,0,8.22083835999171,32,2880,119,5.0,657922,512,128,True,5,,,,,,,,,,,,,,,,,,,,,,,,,,
osa_binary_apples_postqc,lstm,,240m,19,False,False,0.061758190835979,0.8944102564287193,0.9880927559476076,0.5908163265306122,0.6578231292517007,2,3805,805,805,22,0,8.22083835999171,32,2880,119,5.0,657922,512,128,True,5,,,,,,,,,,,,,,,,,,,,,,,,,,
osa_binary_apples_postqc,lstm,,240m,20,False,False,0.0496540317862599,0.872092782621567,0.9897794707297514,0.5894557823129252,0.6687852283770651,2,3805,805,805,22,0,8.22083835999171,32,2880,119,5.0,657922,512,128,True,5,,,,,,,,,,,,,,,,,,,,,,,,,,
osa_binary_apples_postqc,lstm,,240m,21,False,False,0.0442649607814642,0.971041578327462,0.9875033413525796,0.5768707482993197,0.656248785228377,2,3805,805,805,22,0,8.22083835999171,32,2880,119,5.0,657922,512,128,True,5,,,,,,,,,,,,,,,,,,,,,,,,,,
osa_binary_apples_postqc,lstm,,240m,22,False,False,0.0370486608678267,1.0604515860529662,0.9917949746057204,0.5670068027210884,0.6401360544217687,2,3805,805,805,22,0,8.22083835999171,32,2880,119,5.0,657922,512,128,True,5,,,,,,,,,,,,,,,,,,,,,,,,,,
osa_binary_apples_postqc,mean_pool,,30s,1,False,False,0.8261069599808281,0.6877905108173441,0.5126276396685379,0.5149659863945578,0.5006608357628766,2,3805,805,805,37,0,2.805145001411438,32,6,119,5.0,1026,512,128,True,5,,,,,,,,,,,,,,,,,,,,,,,,,,
osa_binary_apples_postqc,mean_pool,,30s,2,False,False,0.7565556110439726,0.6389987962216324,0.5449091152098369,0.5585034013605442,0.5459475218658891,2,3805,805,805,37,0,2.805145001411438,32,6,119,5.0,1026,512,128,True,5,,,,,,,,,,,,,,,,,,,,,,,,,,
osa_binary_apples_postqc,mean_pool,,30s,3,False,False,0.7296427996337179,0.6161055085451707,0.5706709435979684,0.5231292517006803,0.5522643343051505,2,3805,805,805,37,0,2.805145001411438,32,6,119,5.0,1026,512,128,True,5,,,,,,,,,,,,,,,,,,,,,,,,,,
osa_binary_apples_postqc,mean_pool,,30s,4,False,False,0.7043252500222015,0.6470644278555924,0.5933132852178562,0.5061224489795919,0.5597278911564626,2,3805,805,805,37,0,2.805145001411438,32,6,119,5.0,1026,512,128,True,5,,,,,,,,,,,,,,,,,,,,,,,,,,
osa_binary_apples_postqc,mean_pool,,30s,5,False,False,0.7167697373420274,0.6078877180629636,0.5902379043036621,0.5166666666666666,0.5593002915451895,2,3805,805,805,37,0,2.805145001411438,32,6,119,5.0,1026,512,128,True,5,,,,,,,,,,,,,,,,,,,,,,,,,,
osa_binary_apples_postqc,mean_pool,,30s,6,False,False,0.6795593458625553,0.6452891304256013,0.6115650895482492,0.5312925170068028,0.5671525753158406,2,3805,805,805,37,0,2.805145001411438,32,6,119,5.0,1026,512,128,True,5,,,,,,,,,,,,,,,,,,,,,,,,,,
osa_binary_apples_postqc,mean_pool,,30s,7,False,False,0.6921228009517183,0.6173843283830962,0.5935057471264368,0.527891156462585,0.5816326530612245,2,3805,805,805,37,0,2.805145001411438,32,6,119,5.0,1026,512,128,True,5,,,,,,,,,,,,,,,,,,,,,,,,,,
osa_binary_apples_postqc,mean_pool,,30s,8,False,False,0.6849421448995813,0.6371801632531682,0.5991178829190056,0.5374149659863945,0.579494655004859,2,3805,805,805,37,0,2.805145001411438,32,6,119,5.0,1026,512,128,True,5,,,,,,,,,,,,,,,,,,,,,,,,,,
osa_binary_apples_postqc,mean_pool,,30s,9,False,False,0.6744768385974869,0.6348912128750582,0.5996765570703021,0.5316326530612245,0.5847424684159379,2,3805,805,805,37,0,2.805145001411438,32,6,119,5.0,1026,512,128,True,5,,,,,,,,,,,,,,,,,,,,,,,,,,
osa_binary_apples_postqc,mean_pool,,30s,10,False,False,0.6482958056923595,0.6188967019504642,0.6376369954557605,0.5537414965986395,0.5930417881438289,2,3805,805,805,37,0,2.805145001411438,32,6,119,5.0,1026,512,128,True,5,,,,,,,,,,,,,,,,,,,,,,,,,,
osa_binary_apples_postqc,mean_pool,,30s,11,False,False,0.6522695744554567,0.6292917597367896,0.6279203421545041,0.5493197278911565,0.58977648202138,2,3805,805,805,37,0,2.805145001411438,32,6,119,5.0,1026,512,128,True,5,,,,,,,,,,,,,,,,,,,,,,,,,,
osa_binary_apples_postqc,mean_pool,,30s,12,False,False,0.6405447867947401,0.64570256156951,0.6355720395616146,0.5561224489795918,0.5891545189504374,2,3805,805,805,37,0,2.805145001411438,32,6,119,5.0,1026,512,128,True,5,,,,,,,,,,,,,,,,,,,,,,,,,,
osa_binary_apples_postqc,mean_pool,,30s,13,False,False,0.652501060614918,0.6514197480604516,0.6441686714782144,0.5680272108843537,0.5971622934888241,2,3805,805,805,37,0,2.805145001411438,32,6,119,5.0,1026,512,128,True,5,,,,,,,,,,,,,,,,,,,,,,,,,,
osa_binary_apples_postqc,mean_pool,,30s,14,False,False,0.6379772219488717,0.625767839843442,0.6387169206094627,0.5486394557823129,0.6008746355685131,2,3805,805,805,37,0,2.805145001411438,32,6,119,5.0,1026,512,128,True,5,,,,,,,,,,,,,,,,,,,,,,,,,,
osa_binary_apples_postqc,mean_pool,,30s,15,False,False,0.6415711419811073,0.6541112625821036,0.6339909115209836,0.560204081632653,0.6015354713313896,2,3805,805,805,37,0,2.805145001411438,32,6,119,5.0,1026,512,128,True,5,,,,,,,,,,,,,,,,,,,,,,,,,,
osa_binary_apples_postqc,mean_pool,,30s,16,False,False,0.6280253879814047,0.6471501864631723,0.6423202352312216,0.5578231292517006,0.6002137998056365,2,3805,805,805,37,0,2.805145001411438,32,6,119,5.0,1026,512,128,True,5,,,,,,,,,,,,,,,,,,,,,,,,,,
osa_binary_apples_postqc,mean_pool,,30s,17,False,False,0.6240796742708705,0.6035584514555724,0.6566653301256349,0.5493197278911565,0.6014965986394557,2,3805,805,805,37,0,2.805145001411438,32,6,119,5.0,1026,512,128,True,5,,,,,,,,,,,,,,,,,,,,,,,,,,
osa_binary_apples_postqc,mean_pool,,30s,18,False,False,0.6499263112241116,0.6538687381314935,0.6335819299652499,0.5673469387755102,0.6058309037900875,2,3805,805,805,37,0,2.805145001411438,32,6,119,5.0,1026,512,128,True,5,,,,,,,,,,,,,,,,,,,,,,,,,,
osa_binary_apples_postqc,mean_pool,,30s,19,False,False,0.6212609794544014,0.6239086864897924,0.6540229885057471,0.55578231292517,0.6040038872691935,2,3805,805,805,37,0,2.805145001411438,32,6,119,5.0,1026,512,128,True,5,,,,,,,,,,,,,,,,,,,,,,,,,,
osa_binary_apples_postqc,mean_pool,,30s,20,False,False,0.6237788203981327,0.6343974734685436,0.6486888532477947,0.5636054421768708,0.6052283770651118,2,3805,805,805,37,0,2.805145001411438,32,6,119,5.0,1026,512,128,True,5,,,,,,,,,,,,,,,,,,,,,,,,,,
osa_binary_apples_postqc,mean_pool,,30s,21,False,False,0.6224924759545245,0.6202775773424539,0.6546431435445068,0.554421768707483,0.6040816326530611,2,3805,805,805,37,0,2.805145001411438,32,6,119,5.0,1026,512,128,True,5,,,,,,,,,,,,,,,,,,,,,,,,,,
osa_binary_apples_postqc,mean_pool,,30s,22,False,False,0.6144271581229337,0.6230091130881577,0.674607056936648,0.564625850340136,0.605578231292517,2,3805,805,805,37,0,2.805145001411438,32,6,119,5.0,1026,512,128,True,5,,,,,,,,,,,,,,,,,,,,,,,,,,
osa_binary_apples_postqc,mean_pool,,30s,23,False,False,0.6200460030434166,0.6191966502192598,0.6642248062015503,0.5571428571428572,0.6054616132167152,2,3805,805,805,37,0,2.805145001411438,32,6,119,5.0,1026,512,128,True,5,,,,,,,,,,,,,,,,,,,,,,,,,,
osa_binary_apples_postqc,mean_pool,,30s,24,False,False,0.6082324912607592,0.615869811380872,0.6699304998663459,0.5469387755102041,0.606083576287658,2,3805,805,805,37,0,2.805145001411438,32,6,119,5.0,1026,512,128,True,5,,,,,,,,,,,,,,,,,,,,,,,,,,
osa_binary_apples_postqc,mean_pool,,30s,25,False,False,0.6060011385618153,0.6364008570309752,0.6706682705159048,0.5615646258503402,0.6078134110787172,2,3805,805,805,37,0,2.805145001411438,32,6,119,5.0,1026,512,128,True,5,,,,,,,,,,,,,,,,,,,,,,,,,,
osa_binary_apples_postqc,mean_pool,,30s,26,False,False,0.6201195717954447,0.6151085261972795,0.6657324244854317,0.545578231292517,0.606977648202138,2,3805,805,805,37,0,2.805145001411438,32,6,119,5.0,1026,512,128,True,5,,,,,,,,,,,,,,,,,,,,,,,,,,
osa_binary_apples_postqc,mean_pool,,30s,27,True,False,0.6075510253574156,0.6345574248281325,0.6615757818765036,0.5595238095238095,0.6096598639455783,2,3805,805,805,37,0,2.805145001411438,32,6,119,5.0,1026,512,128,True,5,0.6996057818659658,0.7054236835070837,0.6086979054060072,0.7711095963646085,0.7137931034482758,0.6970542635658915,,,,0.6559006211180124,0.5595238095238095,0.482476112229007,0.44285714285714284,0.6761904761904762,,,,0.675776397515528,0.5635382603008502,0.524551434797662,0.6413734466971877,0.4090909090909091,0.7179856115107913,,,
osa_binary_apples_postqc,mean_pool,,30s,28,False,False,0.6138516480443356,0.6266537946573696,0.6597594226142742,0.5527210884353742,0.608824101068999,2,3805,805,805,37,0,2.805145001411438,32,6,119,5.0,1026,512,128,True,5,,,,,,,,,,,,,,,,,,,,,,,,,,
osa_binary_apples_postqc,mean_pool,,30s,29,False,False,0.6060517878945961,0.6356591085469501,0.6653969526864474,0.5615646258503402,0.6086297376093294,2,3805,805,805,37,0,2.805145001411438,32,6,119,5.0,1026,512,128,True,5,,,,,,,,,,,,,,,,,,,,,,,,,,
osa_binary_apples_postqc,mean_pool,,30s,30,False,False,0.6113917721085417,0.6314392906538447,0.6599518845228549,0.55,0.6081049562682215,2,3805,805,805,37,0,2.805145001411438,32,6,119,5.0,1026,512,128,True,5,,,,,,,,,,,,,,,,,,,,,,,,,,
osa_binary_apples_postqc,mean_pool,,30s,31,False,False,0.6170604879690063,0.6352887049965237,0.6635859395883454,0.5537414965986395,0.6085908649173956,2,3805,805,805,37,0,2.805145001411438,32,6,119,5.0,1026,512,128,True,5,,,,,,,,,,,,,,,,,,,,,,,,,,
osa_binary_apples_postqc,mean_pool,,30s,32,False,False,0.6107988649927834,0.6346408443421311,0.6597099705960974,0.5544217687074829,0.6096015549076773,2,3805,805,805,37,0,2.805145001411438,32,6,119,5.0,1026,512,128,True,5,,,,,,,,,,,,,,,,,,,,,,,,,,
osa_binary_apples_postqc,mean_pool,,30s,33,False,False,0.5988866837673212,0.6318841261152895,0.6788425554664528,0.548639455782313,0.6094266277939747,2,3805,805,805,37,0,2.805145001411438,32,6,119,5.0,1026,512,128,True,5,,,,,,,,,,,,,,,,,,,,,,,,,,
osa_binary_apples_postqc,mean_pool,,30s,34,False,False,0.6047591544638795,0.6294924102214553,0.660330125634857,0.5506802721088435,0.6089795918367347,2,3805,805,805,37,0,2.805145001411438,32,6,119,5.0,1026,512,128,True,5,,,,,,,,,,,,,,,,,,,,,,,,,,
osa_binary_apples_postqc,mean_pool,,30s,35,False,False,0.6062878890827044,0.6279173098735927,0.6666680032076985,0.5448979591836736,0.6084936831875607,2,3805,805,805,37,0,2.805145001411438,32,6,119,5.0,1026,512,128,True,5,,,,,,,,,,,,,,,,,,,,,,,,,,
osa_binary_apples_postqc,mean_pool,,30s,36,False,False,0.6083408367774803,0.6292293732580931,0.669775461106656,0.5506802721088435,0.6087074829931972,2,3805,805,805,37,0,2.805145001411438,32,6,119,5.0,1026,512,128,True,5,,,,,,,,,,,,,,,,,,,,,,,,,,
osa_binary_apples_postqc,mean_pool,,30s,37,False,False,0.616497402639176,0.6299922124939675,0.6486701416733494,0.5506802721088435,0.6086491739552964,2,3805,805,805,37,0,2.805145001411438,32,6,119,5.0,1026,512,128,True,5,,,,,,,,,,,,,,,,,,,,,,,,,,
osa_binary_apples_postqc,mean_pool,,10m,1,False,False,0.7495249033130892,0.6353136584625481,0.5631782945736434,0.5928571428571429,0.5960738581146745,2,3805,805,805,34,0,2.961573870976766,32,120,119,5.0,1026,512,128,True,5,,,,,,,,,,,,,,,,,,,,,,,,,,
osa_binary_apples_postqc,mean_pool,,10m,2,False,False,0.7119590016608169,0.6303287489814048,0.5717936380646886,0.5921768707482993,0.6089990281827018,2,3805,805,805,34,0,2.961573870976766,32,120,119,5.0,1026,512,128,True,5,,,,,,,,,,,,,,,,,,,,,,,,,,
osa_binary_apples_postqc,mean_pool,,10m,3,False,False,0.6807260135000232,0.5991758119245494,0.6059035017375034,0.5812925170068027,0.6170068027210884,2,3805,805,805,34,0,2.961573870976766,32,120,119,5.0,1026,512,128,True,5,,,,,,,,,,,,,,,,,,,,,,,,,,
osa_binary_apples_postqc,mean_pool,,10m,4,False,False,0.6742958162679935,0.6019169761527399,0.6096431435445069,0.5748299319727892,0.6229154518950437,2,3805,805,805,34,0,2.961573870976766,32,120,119,5.0,1026,512,128,True,5,,,,,,,,,,,,,,,,,,,,,,,,,,
osa_binary_apples_postqc,mean_pool,,10m,5,False,False,0.6676048488090606,0.603133659703391,0.6006682705159048,0.5622448979591836,0.6258114674441205,2,3805,805,805,34,0,2.961573870976766,32,120,119,5.0,1026,512,128,True,5,,,,,,,,,,,,,,,,,,,,,,,,,,
osa_binary_apples_postqc,mean_pool,,10m,6,False,False,0.6614319103306132,0.6109501499566973,0.6226049184709971,0.5795918367346938,0.6359378036929058,2,3805,805,805,34,0,2.961573870976766,32,120,119,5.0,1026,512,128,True,5,,,,,,,,,,,,,,,,,,,,,,,,,,
osa_binary_apples_postqc,mean_pool,,10m,7,False,False,0.6496413372349332,0.6510079985819989,0.6323723603314622,0.6095238095238096,0.6360544217687074,2,3805,805,805,34,0,2.961573870976766,32,120,119,5.0,1026,512,128,True,5,,,,,,,,,,,,,,,,,,,,,,,,,,
osa_binary_apples_postqc,mean_pool,,10m,8,False,False,0.628990860994166,0.5870375363723092,0.6495455760491846,0.5581632653061225,0.6354518950437318,2,3805,805,805,34,0,2.961573870976766,32,120,119,5.0,1026,512,128,True,5,,,,,,,,,,,,,,,,,,,,,,,,,,
osa_binary_apples_postqc,mean_pool,,10m,9,False,False,0.6314286645232613,0.6040055376402339,0.6564047046244319,0.5870748299319728,0.6412244897959184,2,3805,805,805,34,0,2.961573870976766,32,120,119,5.0,1026,512,128,True,5,,,,,,,,,,,,,,,,,,,,,,,,,,
osa_binary_apples_postqc,mean_pool,,10m,10,False,False,0.6288997063498929,0.6326864349916115,0.6459917134456028,0.5850340136054422,0.6462779397473276,2,3805,805,805,34,0,2.961573870976766,32,120,119,5.0,1026,512,128,True,5,,,,,,,,,,,,,,,,,,,,,,,,,,
osa_binary_apples_postqc,mean_pool,,10m,11,False,False,0.6197186648923997,0.6193061996690975,0.6576075915530606,0.5816326530612245,0.6439650145772595,2,3805,805,805,34,0,2.961573870976766,32,120,119,5.0,1026,512,128,True,5,,,,,,,,,,,,,,,,,,,,,,,,,,
osa_binary_apples_postqc,mean_pool,,10m,12,False,False,0.6211244449039013,0.5514963318842538,0.6534963913392141,0.5452380952380952,0.6448007774538387,2,3805,805,805,34,0,2.961573870976766,32,120,119,5.0,1026,512,128,True,5,,,,,,,,,,,,,,,,,,,,,,,,,,
osa_binary_apples_postqc,mean_pool,,10m,13,False,False,0.6155574546850308,0.5915238689561808,0.6545188452285485,0.5802721088435374,0.6501068999028182,2,3805,805,805,34,0,2.961573870976766,32,120,119,5.0,1026,512,128,True,5,,,,,,,,,,,,,,,,,,,,,,,,,,
osa_binary_apples_postqc,mean_pool,,10m,14,False,False,0.6208870482977367,0.5806754904504148,0.6434175354183373,0.5717687074829932,0.6482604470359573,2,3805,805,805,34,0,2.961573870976766,32,120,119,5.0,1026,512,128,True,5,,,,,,,,,,,,,,,,,,,,,,,,,,
osa_binary_apples_postqc,mean_pool,,10m,15,False,False,0.6214726803650524,0.6265961033216915,0.6609008286554396,0.5867346938775511,0.6472886297376094,2,3805,805,805,34,0,2.961573870976766,32,120,119,5.0,1026,512,128,True,5,,,,,,,,,,,,,,,,,,,,,,,,,,
osa_binary_apples_postqc,mean_pool,,10m,16,False,False,0.6029652348485789,0.5772458942040153,0.6784028334669874,0.5591836734693878,0.642254616132167,2,3805,805,805,34,0,2.961573870976766,32,120,119,5.0,1026,512,128,True,5,,,,,,,,,,,,,,,,,,,,,,,,,,
osa_binary_apples_postqc,mean_pool,,10m,17,False,False,0.610305625913021,0.6173688373950698,0.6604410585404972,0.5986394557823129,0.6474635568513118,2,3805,805,805,34,0,2.961573870976766,32,120,119,5.0,1026,512,128,True,5,,,,,,,,,,,,,,,,,,,,,,,,,,
osa_binary_apples_postqc,mean_pool,,10m,18,False,False,0.601409427988075,0.5935532032332805,0.6677171879176691,0.596938775510204,0.6509232264334306,2,3805,805,805,34,0,2.961573870976766,32,120,119,5.0,1026,512,128,True,5,,,,,,,,,,,,,,,,,,,,,,,,,,
osa_binary_apples_postqc,mean_pool,,10m,19,False,False,0.6043955882338125,0.6052690199443272,0.6699732691793638,0.6040816326530613,0.6508843537414966,2,3805,805,805,34,0,2.961573870976766,32,120,119,5.0,1026,512,128,True,5,,,,,,,,,,,,,,,,,,,,,,,,,,
osa_binary_apples_postqc,mean_pool,,10m,20,False,False,0.605834245305807,0.5861246132702561,0.674346431435445,0.5758503401360544,0.6489018464528669,2,3805,805,805,34,0,2.961573870976766,32,120,119,5.0,1026,512,128,True,5,,,,,,,,,,,,,,,,,,,,,,,,,,
osa_binary_apples_postqc,mean_pool,,10m,21,False,False,0.6159935808526389,0.5895931338671572,0.6554677893611334,0.585374149659864,0.6494071914480077,2,3805,805,805,34,0,2.961573870976766,32,120,119,5.0,1026,512,128,True,5,,,,,,,,,,,,,,,,,,,,,,,,,,
osa_binary_apples_postqc,mean_pool,,10m,22,False,False,0.6084769252878608,0.6212782442199517,0.6702218658112804,0.5897959183673469,0.6512730806608357,2,3805,805,805,34,0,2.961573870976766,32,120,119,5.0,1026,512,128,True,5,,,,,,,,,,,,,,,,,,,,,,,,,,
osa_binary_apples_postqc,mean_pool,,10m,23,False,False,0.6030848733777285,0.5960496690702735,0.6807965784549586,0.5921768707482993,0.6498736637512148,2,3805,805,805,34,0,2.961573870976766,32,120,119,5.0,1026,512,128,True,5,,,,,,,,,,,,,,,,,,,,,,,,,,
osa_binary_apples_postqc,mean_pool,,10m,24,True,False,0.6010113285812849,0.6150937086306744,0.6671705426356589,0.5986394557823129,0.6533722060252674,2,3805,805,805,34,0,2.961573870976766,32,120,119,5.0,1026,512,128,True,5,0.6819973718791065,0.7098837209302326,0.5997313604117401,0.7722758620689655,0.75,0.6697674418604651,,,,0.6919254658385093,0.5986394557823129,0.5117680433549195,0.4857142857142857,0.7115646258503401,,,,0.7105590062111802,0.6066383257030739,0.5608662569505414,0.6917724002616089,0.4636363636363636,0.7496402877697842,,,
osa_binary_apples_postqc,mean_pool,,10m,25,False,False,0.6023999515250227,0.5989469317175586,0.6719713980219193,0.5965986394557823,0.6523809523809524,2,3805,805,805,34,0,2.961573870976766,32,120,119,5.0,1026,512,128,True,5,,,,,,,,,,,,,,,,,,,,,,,,,,
osa_binary_apples_postqc,mean_pool,,10m,26,False,False,0.6008632356954466,0.5968497720194159,0.679270248596632,0.5901360544217686,0.6526724975704568,2,3805,805,805,34,0,2.961573870976766,32,120,119,5.0,1026,512,128,True,5,,,,,,,,,,,,,,,,,,,,,,,,,,
osa_binary_apples_postqc,mean_pool,,10m,27,False,False,0.6024299778386891,0.6074709788612698,0.671053194333066,0.6054421768707483,0.652069970845481,2,3805,805,805,34,0,2.961573870976766,32,120,119,5.0,1026,512,128,True,5,,,,,,,,,,,,,,,,,,,,,,,,,,
osa_binary_apples_postqc,mean_pool,,10m,28,False,False,0.6028306755223819,0.5935032039695645,0.6572293504410586,0.5857142857142857,0.6524781341107871,2,3805,805,805,34,0,2.961573870976766,32,120,119,5.0,1026,512,128,True,5,,,,,,,,,,,,,,,,,,,,,,,,,,
osa_binary_apples_postqc,mean_pool,,10m,29,False,False,0.5986629322856547,0.6016436827849158,0.6746872493985565,0.6010204081632653,0.6523809523809524,2,3805,805,805,34,0,2.961573870976766,32,120,119,5.0,1026,512,128,True,5,,,,,,,,,,,,,,,,,,,,,,,,,,
osa_binary_apples_postqc,mean_pool,,10m,30,False,False,0.593250667234288,0.5976467879662603,0.6784081796311148,0.5965986394557823,0.6521477162293489,2,3805,805,805,34,0,2.961573870976766,32,120,119,5.0,1026,512,128,True,5,,,,,,,,,,,,,,,,,,,,,,,,,,
osa_binary_apples_postqc,mean_pool,,10m,31,False,False,0.6056166183932852,0.598875666960426,0.6671705426356589,0.6030612244897959,0.6525170068027211,2,3805,805,805,34,0,2.961573870976766,32,120,119,5.0,1026,512,128,True,5,,,,,,,,,,,,,,,,,,,,,,,,,,
osa_binary_apples_postqc,mean_pool,,10m,32,False,False,0.5911516042169228,0.5967622946137967,0.686706762897621,0.5965986394557823,0.6531195335276968,2,3805,805,805,34,0,2.961573870976766,32,120,119,5.0,1026,512,128,True,5,,,,,,,,,,,,,,,,,,,,,,,,,,
osa_binary_apples_postqc,mean_pool,,10m,33,False,False,0.6108233633476864,0.598612948530209,0.6714006950013365,0.6030612244897959,0.6531778425655977,2,3805,805,805,34,0,2.961573870976766,32,120,119,5.0,1026,512,128,True,5,,,,,,,,,,,,,,,,,,,,,,,,,,
osa_binary_apples_postqc,mean_pool,,10m,34,False,False,0.601149818837721,0.595706598136736,0.6687583533814488,0.5972789115646259,0.6528474246841595,2,3805,805,805,34,0,2.961573870976766,32,120,119,5.0,1026,512,128,True,5,,,,,,,,,,,,,,,,,,,,,,,,,,
osa_binary_apples_postqc,mean_pool,,40m,1,False,False,0.7800040528119472,0.639263647905788,0.5005907511360599,0.5299319727891156,0.5569484936831877,2,3805,805,805,40,0,4.803796108563741,32,480,119,5.0,1026,512,128,True,5,,,,,,,,,,,,,,,,,,,,,,,,,,
osa_binary_apples_postqc,mean_pool,,40m,2,False,False,0.7218333047103631,0.6341732151760078,0.568897353648757,0.5989795918367347,0.6043731778425655,2,3805,805,805,40,0,4.803796108563741,32,480,119,5.0,1026,512,128,True,5,,,,,,,,,,,,,,,,,,,,,,,,,,
osa_binary_apples_postqc,mean_pool,,40m,3,False,False,0.692137324465402,0.6316812367172715,0.5844707297514034,0.5996598639455782,0.6243926141885325,2,3805,805,805,40,0,4.803796108563741,32,480,119,5.0,1026,512,128,True,5,,,,,,,,,,,,,,,,,,,,,,,,,,
osa_binary_apples_postqc,mean_pool,,40m,4,False,False,0.6532419951297294,0.6242354104607742,0.6117508687516706,0.5523809523809524,0.6286491739552964,2,3805,805,805,40,0,4.803796108563741,32,480,119,5.0,1026,512,128,True,5,,,,,,,,,,,,,,,,,,,,,,,,,,
osa_binary_apples_postqc,mean_pool,,40m,5,False,False,0.655303563222622,0.6340474275328358,0.6168430900828655,0.5897959183673469,0.6324003887269194,2,3805,805,805,40,0,4.803796108563741,32,480,119,5.0,1026,512,128,True,5,,,,,,,,,,,,,,,,,,,,,,,,,,
osa_binary_apples_postqc,mean_pool,,40m,6,False,False,0.6473205349605125,0.6754513562095832,0.6405279337075649,0.6350340136054422,0.6391642371234207,2,3805,805,805,40,0,4.803796108563741,32,480,119,5.0,1026,512,128,True,5,,,,,,,,,,,,,,,,,,,,,,,,,,
osa_binary_apples_postqc,mean_pool,,40m,7,False,False,0.638743917168205,0.6269710541511915,0.6383012563485699,0.616326530612245,0.6472886297376093,2,3805,805,805,40,0,4.803796108563741,32,480,119,5.0,1026,512,128,True,5,,,,,,,,,,,,,,,,,,,,,,,,,,
osa_binary_apples_postqc,mean_pool,,40m,8,False,False,0.621922816490845,0.6238202076520979,0.6513565891472868,0.613265306122449,0.6508066083576288,2,3805,805,805,40,0,4.803796108563741,32,480,119,5.0,1026,512,128,True,5,,,,,,,,,,,,,,,,,,,,,,,,,,
osa_binary_apples_postqc,mean_pool,,40m,9,False,False,0.6246327876104788,0.619181912211898,0.6640269981288425,0.6023809523809525,0.6495043731778425,2,3805,805,805,40,0,4.803796108563741,32,480,119,5.0,1026,512,128,True,5,,,,,,,,,,,,,,,,,,,,,,,,,,
osa_binary_apples_postqc,mean_pool,,40m,10,False,False,0.6114088910089686,0.6046838868478811,0.6626931301790966,0.5942176870748299,0.6530223517978619,2,3805,805,805,40,0,4.803796108563741,32,480,119,5.0,1026,512,128,True,5,,,,,,,,,,,,,,,,,,,,,,,,,,
osa_binary_apples_postqc,mean_pool,,40m,11,False,False,0.6031662437041705,0.5832528064710013,0.6678348035284684,0.5680272108843538,0.6540719144800777,2,3805,805,805,40,0,4.803796108563741,32,480,119,5.0,1026,512,128,True,5,,,,,,,,,,,,,,,,,,,,,,,,,,
osa_binary_apples_postqc,mean_pool,,40m,12,False,False,0.6068370057076569,0.6028859919272594,0.670947607591553,0.5867346938775511,0.6607968901846453,2,3805,805,805,40,0,4.803796108563741,32,480,119,5.0,1026,512,128,True,5,,,,,,,,,,,,,,,,,,,,,,,,,,
osa_binary_apples_postqc,mean_pool,,40m,13,False,False,0.6146773209396392,0.6135117202071669,0.6516412723870624,0.6,0.6617881438289601,2,3805,805,805,40,0,4.803796108563741,32,480,119,5.0,1026,512,128,True,5,,,,,,,,,,,,,,,,,,,,,,,,,,
osa_binary_apples_postqc,mean_pool,,40m,14,False,False,0.5990189808426956,0.6022910651953324,0.6715183106121358,0.6010204081632653,0.6656948493683188,2,3805,805,805,40,0,4.803796108563741,32,480,119,5.0,1026,512,128,True,5,,,,,,,,,,,,,,,,,,,,,,,,,,
osa_binary_apples_postqc,mean_pool,,40m,15,False,False,0.6029317248744814,0.5954287703733266,0.6736955359529537,0.5948979591836734,0.6621963070942662,2,3805,805,805,40,0,4.803796108563741,32,480,119,5.0,1026,512,128,True,5,,,,,,,,,,,,,,,,,,,,,,,,,,
osa_binary_apples_postqc,mean_pool,,40m,16,False,False,0.590200050290718,0.6023917285181721,0.6774779470729752,0.5840136054421768,0.661457725947522,2,3805,805,805,40,0,4.803796108563741,32,480,119,5.0,1026,512,128,True,5,,,,,,,,,,,,,,,,,,,,,,,,,,
osa_binary_apples_postqc,mean_pool,,40m,17,False,False,0.5986549600195165,0.6229720891632649,0.6790844693932103,0.6231292517006803,0.6659863945578232,2,3805,805,805,40,0,4.803796108563741,32,480,119,5.0,1026,512,128,True,5,,,,,,,,,,,,,,,,,,,,,,,,,,
osa_binary_apples_postqc,mean_pool,,40m,18,False,False,0.5877466130663939,0.6180490438612352,0.6826623897353649,0.6278911564625851,0.6679105928085519,2,3805,805,805,40,0,4.803796108563741,32,480,119,5.0,1026,512,128,True,5,,,,,,,,,,,,,,,,,,,,,,,,,,
osa_binary_apples_postqc,mean_pool,,40m,19,False,False,0.591007507865595,0.5922222282945739,0.6904276931301792,0.6034013605442177,0.6703595724003888,2,3805,805,805,40,0,4.803796108563741,32,480,119,5.0,1026,512,128,True,5,,,,,,,,,,,,,,,,,,,,,,,,,,
osa_binary_apples_postqc,mean_pool,,40m,20,False,False,0.5874703331939808,0.6416146942177174,0.6831154771451483,0.6476190476190476,0.6727308066083577,2,3805,805,805,40,0,4.803796108563741,32,480,119,5.0,1026,512,128,True,5,,,,,,,,,,,,,,,,,,,,,,,,,,
osa_binary_apples_postqc,mean_pool,,40m,21,False,False,0.5879461216080675,0.6195200604311427,0.689572306869821,0.6302721088435375,0.6722837706511176,2,3805,805,805,40,0,4.803796108563741,32,480,119,5.0,1026,512,128,True,5,,,,,,,,,,,,,,,,,,,,,,,,,,
osa_binary_apples_postqc,mean_pool,,40m,22,False,False,0.589133534826211,0.5962645799106693,0.6798783747661052,0.6108843537414965,0.6714868804664724,2,3805,805,805,40,0,4.803796108563741,32,480,119,5.0,1026,512,128,True,5,,,,,,,,,,,,,,,,,,,,,,,,,,
osa_binary_apples_postqc,mean_pool,,40m,23,False,False,0.5899479920384761,0.6083066801847138,0.6894533547179897,0.613265306122449,0.668377065111759,2,3805,805,805,40,0,4.803796108563741,32,480,119,5.0,1026,512,128,True,5,,,,,,,,,,,,,,,,,,,,,,,,,,
osa_binary_apples_postqc,mean_pool,,40m,24,False,False,0.5889976017421867,0.5928784439282387,0.6914140604116545,0.596938775510204,0.6682993197278911,2,3805,805,805,40,0,4.803796108563741,32,480,119,5.0,1026,512,128,True,5,,,,,,,,,,,,,,,,,,,,,,,,,,
osa_binary_apples_postqc,mean_pool,,40m,25,False,False,0.5870540789329739,0.6221325171660192,0.6897019513499064,0.6374149659863946,0.6704567541302234,2,3805,805,805,40,0,4.803796108563741,32,480,119,5.0,1026,512,128,True,5,,,,,,,,,,,,,,,,,,,,,,,,,,
osa_binary_apples_postqc,mean_pool,,40m,26,False,False,0.5795554779362271,0.598566039045405,0.6854784816893879,0.6153061224489795,0.6698736637512147,2,3805,805,805,40,0,4.803796108563741,32,480,119,5.0,1026,512,128,True,5,,,,,,,,,,,,,,,,,,,,,,,,,,
osa_binary_apples_postqc,mean_pool,,40m,27,False,False,0.5828588712857681,0.6097795938482936,0.6879898422881583,0.611904761904762,0.6712730806608357,2,3805,805,805,40,0,4.803796108563741,32,480,119,5.0,1026,512,128,True,5,,,,,,,,,,,,,,,,,,,,,,,,,,
osa_binary_apples_postqc,mean_pool,,40m,28,False,False,0.5722626722203604,0.603867477919004,0.7008593958834537,0.6187074829931973,0.6714480077745383,2,3805,805,805,40,0,4.803796108563741,32,480,119,5.0,1026,512,128,True,5,,,,,,,,,,,,,,,,,,,,,,,,,,
osa_binary_apples_postqc,mean_pool,,40m,29,False,False,0.5794468943925474,0.6041417577251884,0.6952833466987436,0.6187074829931973,0.673469387755102,2,3805,805,805,40,0,4.803796108563741,32,480,119,5.0,1026,512,128,True,5,,,,,,,,,,,,,,,,,,,,,,,,,,
osa_binary_apples_postqc,mean_pool,,40m,30,False,False,0.5779567420404311,0.6012548208606909,0.6910852713178295,0.6170068027210884,0.6743634596695821,2,3805,805,805,40,0,4.803796108563741,32,480,119,5.0,1026,512,128,True,5,,,,,,,,,,,,,,,,,,,,,,,,,,
osa_binary_apples_postqc,mean_pool,,40m,31,False,False,0.5778862758942251,0.5997608043762468,0.6965610799251537,0.6176870748299319,0.6741302235179786,2,3805,805,805,40,0,4.803796108563741,32,480,119,5.0,1026,512,128,True,5,,,,,,,,,,,,,,,,,,,,,,,,,,
osa_binary_apples_postqc,mean_pool,,40m,32,False,False,0.5861573750336756,0.604779313995231,0.6821852445870088,0.6173469387755102,0.674382896015549,2,3805,805,805,40,0,4.803796108563741,32,480,119,5.0,1026,512,128,True,5,,,,,,,,,,,,,,,,,,,,,,,,,,
osa_binary_apples_postqc,mean_pool,,40m,33,True,False,0.5890706161945157,0.6096113789896047,0.694242181234964,0.6255102040816327,0.6750826044703595,2,3805,805,805,40,0,4.803796108563741,32,480,119,5.0,1026,512,128,True,5,0.7035479632063075,0.7317882919005614,0.6203771710473247,0.794932905640203,0.7724137931034483,0.6911627906976744,,,,0.6583850931677019,0.6255102040816327,0.5051093062923493,0.5857142857142857,0.6653061224489796,,,,0.7118012422360248,0.6456180510137345,0.5799596962827017,0.7473119686069327,0.5545454545454546,0.7366906474820144,,,
osa_binary_apples_postqc,mean_pool,,40m,34,False,False,0.5678715996923961,0.6035370840789368,0.7051884522854852,0.6193877551020408,0.6741690962099125,2,3805,805,805,40,0,4.803796108563741,32,480,119,5.0,1026,512,128,True,5,,,,,,,,,,,,,,,,,,,,,,,,,,
osa_binary_apples_postqc,mean_pool,,40m,35,False,False,0.5790137650618885,0.6036758790105026,0.6933921411387329,0.6193877551020408,0.674382896015549,2,3805,805,805,40,0,4.803796108563741,32,480,119,5.0,1026,512,128,True,5,,,,,,,,,,,,,,,,,,,,,,,,,,
osa_binary_apples_postqc,mean_pool,,40m,36,False,False,0.5665470541071798,0.6001652638734498,0.6983039294306335,0.6190476190476191,0.6740136054421768,2,3805,805,805,40,0,4.803796108563741,32,480,119,5.0,1026,512,128,True,5,,,,,,,,,,,,,,,,,,,,,,,,,,
osa_binary_apples_postqc,mean_pool,,40m,37,False,False,0.5725746091969223,0.5999897075365789,0.6977706495589414,0.6190476190476191,0.6739747327502429,2,3805,805,805,40,0,4.803796108563741,32,480,119,5.0,1026,512,128,True,5,,,,,,,,,,,,,,,,,,,,,,,,,,
osa_binary_apples_postqc,mean_pool,,40m,38,False,False,0.5771491978860873,0.5993783968205778,0.7004437316225608,0.6190476190476191,0.6740136054421768,2,3805,805,805,40,0,4.803796108563741,32,480,119,5.0,1026,512,128,True,5,,,,,,,,,,,,,,,,,,,,,,,,,,
osa_binary_apples_postqc,mean_pool,,40m,39,False,False,0.5838277195818947,0.5997850561734313,0.6943905372894947,0.6190476190476191,0.6740524781341107,2,3805,805,805,40,0,4.803796108563741,32,480,119,5.0,1026,512,128,True,5,,,,,,,,,,,,,,,,,,,,,,,,,,
osa_binary_apples_postqc,mean_pool,,40m,40,False,False,0.5614881374049594,0.599696662040971,0.7003381448810478,0.6190476190476191,0.6740719144800776,2,3805,805,805,40,0,4.803796108563741,32,480,119,5.0,1026,512,128,True,5,,,,,,,,,,,,,,,,,,,,,,,,,,
osa_binary_apples_postqc,mean_pool,,80m,1,False,False,0.7783102613867661,0.6297008585855828,0.5084001603849237,0.4897959183673469,0.5714674441205054,2,3805,805,805,40,0,7.260670538743337,32,960,119,5.0,1026,512,128,True,5,,,,,,,,,,,,,,,,,,,,,,,,,,
osa_binary_apples_postqc,mean_pool,,80m,2,False,False,0.7132645969478593,0.6406520421460549,0.552914995990377,0.5659863945578232,0.6192614188532556,2,3805,805,805,40,0,7.260670538743337,32,960,119,5.0,1026,512,128,True,5,,,,,,,,,,,,,,,,,,,,,,,,,,
osa_binary_apples_postqc,mean_pool,,80m,3,False,False,0.6745643357879699,0.6022888339084128,0.593672814755413,0.5751700680272109,0.6506122448979592,2,3805,805,805,40,0,7.260670538743337,32,960,119,5.0,1026,512,128,True,5,,,,,,,,,,,,,,,,,,,,,,,,,,
osa_binary_apples_postqc,mean_pool,,80m,4,False,False,0.6569452226083633,0.6604070593851694,0.6074044373162255,0.6384353741496598,0.6660058309037902,2,3805,805,805,40,0,7.260670538743337,32,960,119,5.0,1026,512,128,True,5,,,,,,,,,,,,,,,,,,,,,,,,,,
osa_binary_apples_postqc,mean_pool,,80m,5,False,False,0.6496299483303015,0.605389646639735,0.6270395616145416,0.604421768707483,0.6778620019436346,2,3805,805,805,40,0,7.260670538743337,32,960,119,5.0,1026,512,128,True,5,,,,,,,,,,,,,,,,,,,,,,,,,,
osa_binary_apples_postqc,mean_pool,,80m,6,False,False,0.6464610052798017,0.6061164640862009,0.6257431168136862,0.6030612244897959,0.6794946550048592,2,3805,805,805,40,0,7.260670538743337,32,960,119,5.0,1026,512,128,True,5,,,,,,,,,,,,,,,,,,,,,,,,,,
osa_binary_apples_postqc,mean_pool,,80m,7,False,False,0.6330248242452173,0.5831121206653784,0.6525661587810745,0.6081632653061224,0.6867638483965014,2,3805,805,805,40,0,7.260670538743337,32,960,119,5.0,1026,512,128,True,5,,,,,,,,,,,,,,,,,,,,,,,,,,
osa_binary_apples_postqc,mean_pool,,80m,8,False,False,0.619622058185422,0.5814021476677486,0.6571678695535953,0.6166666666666667,0.6961321671525753,2,3805,805,805,40,0,7.260670538743337,32,960,119,5.0,1026,512,128,True,5,,,,,,,,,,,,,,,,,,,,,,,,,,
osa_binary_apples_postqc,mean_pool,,80m,9,False,False,0.615177910446964,0.6279590804384362,0.6654089815557338,0.6414965986394559,0.6994752186588922,2,3805,805,805,40,0,7.260670538743337,32,960,119,5.0,1026,512,128,True,5,,,,,,,,,,,,,,,,,,,,,,,,,,
osa_binary_apples_postqc,mean_pool,,80m,10,False,False,0.6071875437565452,0.6100397483162258,0.6826450147019514,0.629251700680272,0.700971817298348,2,3805,805,805,40,0,7.260670538743337,32,960,119,5.0,1026,512,128,True,5,,,,,,,,,,,,,,,,,,,,,,,,,,
osa_binary_apples_postqc,mean_pool,,80m,11,False,False,0.6125533427578078,0.6077902877182694,0.6654905105586741,0.6312925170068027,0.705131195335277,2,3805,805,805,40,0,7.260670538743337,32,960,119,5.0,1026,512,128,True,5,,,,,,,,,,,,,,,,,,,,,,,,,,
osa_binary_apples_postqc,mean_pool,,80m,12,False,False,0.6059624845345606,0.6302046479275508,0.6774538893344025,0.6537414965986394,0.7053838678328473,2,3805,805,805,40,0,7.260670538743337,32,960,119,5.0,1026,512,128,True,5,,,,,,,,,,,,,,,,,,,,,,,,,,
osa_binary_apples_postqc,mean_pool,,80m,13,False,False,0.6018011018418451,0.6038544260196804,0.6772801390002673,0.6411564625850341,0.709757045675413,2,3805,805,805,40,0,7.260670538743337,32,960,119,5.0,1026,512,128,True,5,,,,,,,,,,,,,,,,,,,,,,,,,,
osa_binary_apples_postqc,mean_pool,,80m,14,False,False,0.5911715520665775,0.5870663595865973,0.6821919272921679,0.6302721088435375,0.7122643343051507,2,3805,805,805,40,0,7.260670538743337,32,960,119,5.0,1026,512,128,True,5,,,,,,,,,,,,,,,,,,,,,,,,,,
osa_binary_apples_postqc,mean_pool,,80m,15,False,False,0.5840104529328165,0.6168571095659126,0.6850935578722266,0.6724489795918367,0.7142079689018465,2,3805,805,805,40,0,7.260670538743337,32,960,119,5.0,1026,512,128,True,5,,,,,,,,,,,,,,,,,,,,,,,,,,
osa_binary_apples_postqc,mean_pool,,80m,16,False,False,0.5875221474490248,0.5911078016950477,0.6847473937449879,0.6462585034013606,0.7140524781341107,2,3805,805,805,40,0,7.260670538743337,32,960,119,5.0,1026,512,128,True,5,,,,,,,,,,,,,,,,,,,,,,,,,,
osa_binary_apples_postqc,mean_pool,,80m,17,False,False,0.5820116559559976,0.5915397093162773,0.6982852178561882,0.645578231292517,0.7136054421768708,2,3805,805,805,40,0,7.260670538743337,32,960,119,5.0,1026,512,128,True,5,,,,,,,,,,,,,,,,,,,,,,,,,,
osa_binary_apples_postqc,mean_pool,,80m,18,False,False,0.5833691079732466,0.5884003177562855,0.6956682705159049,0.6425170068027211,0.71488824101069,2,3805,805,805,40,0,7.260670538743337,32,960,119,5.0,1026,512,128,True,5,,,,,,,,,,,,,,,,,,,,,,,,,,
osa_binary_apples_postqc,mean_pool,,80m,19,False,False,0.5794923011012836,0.5648365783765449,0.7037743918738305,0.629251700680272,0.7198639455782313,2,3805,805,805,40,0,7.260670538743337,32,960,119,5.0,1026,512,128,True,5,,,,,,,,,,,,,,,,,,,,,,,,,,
osa_binary_apples_postqc,mean_pool,,80m,20,False,False,0.5871474880113239,0.5892741610174593,0.6885979684576317,0.6591836734693878,0.7191253644314869,2,3805,805,805,40,0,7.260670538743337,32,960,119,5.0,1026,512,128,True,5,,,,,,,,,,,,,,,,,,,,,,,,,,
osa_binary_apples_postqc,mean_pool,,80m,21,False,False,0.5842924450606147,0.5774616690526098,0.6961333867949746,0.6520408163265307,0.7217103984450923,2,3805,805,805,40,0,7.260670538743337,32,960,119,5.0,1026,512,128,True,5,,,,,,,,,,,,,,,,,,,,,,,,,,
osa_binary_apples_postqc,mean_pool,,80m,22,False,False,0.5843604863864833,0.5718800546960061,0.6964995990376905,0.6282312925170068,0.7189504373177843,2,3805,805,805,40,0,7.260670538743337,32,960,119,5.0,1026,512,128,True,5,,,,,,,,,,,,,,,,,,,,,,,,,,
osa_binary_apples_postqc,mean_pool,,80m,23,False,False,0.5662315194302884,0.5940931037346029,0.7021050521251002,0.682312925170068,0.7217687074829932,2,3805,805,805,40,0,7.260670538743337,32,960,119,5.0,1026,512,128,True,5,,,,,,,,,,,,,,,,,,,,,,,,,,
osa_binary_apples_postqc,mean_pool,,80m,24,False,False,0.5897023918437582,0.5777070581912994,0.6953835872761294,0.6435374149659864,0.7225072886297376,2,3805,805,805,40,0,7.260670538743337,32,960,119,5.0,1026,512,128,True,5,,,,,,,,,,,,,,,,,,,,,,,,,,
osa_binary_apples_postqc,mean_pool,,80m,25,False,False,0.5689795173107403,0.5724453507743267,0.7028495054798183,0.6255102040816327,0.7226822157434403,2,3805,805,805,40,0,7.260670538743337,32,960,119,5.0,1026,512,128,True,5,,,,,,,,,,,,,,,,,,,,,,,,,,
osa_binary_apples_postqc,mean_pool,,80m,26,False,False,0.5757909252671782,0.5784549046377218,0.7025273990911521,0.65,0.7210592808551992,2,3805,805,805,40,0,7.260670538743337,32,960,119,5.0,1026,512,128,True,5,,,,,,,,,,,,,,,,,,,,,,,,,,
osa_binary_apples_postqc,mean_pool,,80m,27,False,False,0.5704471697240245,0.5745086372268866,0.7067816091954022,0.6391156462585035,0.7229348882410107,2,3805,805,805,40,0,7.260670538743337,32,960,119,5.0,1026,512,128,True,5,,,,,,,,,,,,,,,,,,,,,,,,,,
osa_binary_apples_postqc,mean_pool,,80m,28,False,False,0.5642028899606362,0.57270299725651,0.70686848436247,0.6326530612244898,0.7242759961127307,2,3805,805,805,40,0,7.260670538743337,32,960,119,5.0,1026,512,128,True,5,,,,,,,,,,,,,,,,,,,,,,,,,,
osa_binary_apples_postqc,mean_pool,,80m,29,False,False,0.5666224553613249,0.5775513087740596,0.7186273723603314,0.6629251700680272,0.7247424684159378,2,3805,805,805,40,0,7.260670538743337,32,960,119,5.0,1026,512,128,True,5,,,,,,,,,,,,,,,,,,,,,,,,,,
osa_binary_apples_postqc,mean_pool,,80m,30,False,False,0.5644755709030311,0.5909442853853569,0.7201777599572307,0.676530612244898,0.7236151603498544,2,3805,805,805,40,0,7.260670538743337,32,960,119,5.0,1026,512,128,True,5,,,,,,,,,,,,,,,,,,,,,,,,,,
osa_binary_apples_postqc,mean_pool,,80m,31,True,False,0.5767732692924028,0.5831062673041539,0.7042207965784549,0.6697278911564626,0.7248007774538388,2,3805,805,805,40,0,7.260670538743337,32,960,119,5.0,1026,512,128,True,5,0.7177398160315375,0.7422814755412992,0.6329247023925013,0.8050670943597968,0.7775862068965518,0.7069767441860465,,,,0.6683229813664596,0.6697278911564626,0.5233083974104492,0.6714285714285714,0.6680272108843538,,,,0.7055900621118012,0.6381948986265533,0.5734942021501338,0.7355526487900589,0.5454545454545454,0.7309352517985611,,,
osa_binary_apples_postqc,mean_pool,,80m,32,False,False,0.5813741608768819,0.5882680971429955,0.6948062015503875,0.6663265306122449,0.7235568513119534,2,3805,805,805,40,0,7.260670538743337,32,960,119,5.0,1026,512,128,True,5,,,,,,,,,,,,,,,,,,,,,,,,,,
osa_binary_apples_postqc,mean_pool,,80m,33,False,False,0.5637144838933406,0.5850738017455391,0.7103047313552526,0.6605442176870748,0.7240621963070943,2,3805,805,805,40,0,7.260670538743337,32,960,119,5.0,1026,512,128,True,5,,,,,,,,,,,,,,,,,,,,,,,,,,
osa_binary_apples_postqc,mean_pool,,80m,34,False,False,0.5738391416458201,0.5820829415543479,0.6968096765570704,0.6639455782312925,0.7238678328474247,2,3805,805,805,40,0,7.260670538743337,32,960,119,5.0,1026,512,128,True,5,,,,,,,,,,,,,,,,,,,,,,,,,,
osa_binary_apples_postqc,mean_pool,,80m,35,False,False,0.5695736286831278,0.585600016946378,0.7096164127238707,0.6670068027210885,0.7242371234207969,2,3805,805,805,40,0,7.260670538743337,32,960,119,5.0,1026,512,128,True,5,,,,,,,,,,,,,,,,,,,,,,,,,,
osa_binary_apples_postqc,mean_pool,,80m,36,False,False,0.5743739901954962,0.5837053676199468,0.7079417268110131,0.6612244897959183,0.7244897959183673,2,3805,805,805,40,0,7.260670538743337,32,960,119,5.0,1026,512,128,True,5,,,,,,,,,,,,,,,,,,,,,,,,,,
osa_binary_apples_postqc,mean_pool,,80m,37,False,False,0.5696382008620223,0.5813624141749388,0.7080660251269714,0.6646258503401361,0.7243731778425656,2,3805,805,805,40,0,7.260670538743337,32,960,119,5.0,1026,512,128,True,5,,,,,,,,,,,,,,,,,,,,,,,,,,
osa_binary_apples_postqc,mean_pool,,80m,38,False,False,0.5719336160692373,0.5817558040530045,0.703476343223737,0.6646258503401361,0.7243926141885325,2,3805,805,805,40,0,7.260670538743337,32,960,119,5.0,1026,512,128,True,5,,,,,,,,,,,,,,,,,,,,,,,,,,
osa_binary_apples_postqc,mean_pool,,80m,39,False,False,0.5560471321060843,0.5816080807528881,0.7161280406308473,0.6646258503401361,0.7243537414965986,2,3805,805,805,40,0,7.260670538743337,32,960,119,5.0,1026,512,128,True,5,,,,,,,,,,,,,,,,,,,,,,,,,,
osa_binary_apples_postqc,mean_pool,,80m,40,False,False,0.5692840347543809,0.5817251226176386,0.698700882117081,0.6646258503401361,0.7243537414965986,2,3805,805,805,40,0,7.260670538743337,32,960,119,5.0,1026,512,128,True,5,,,,,,,,,,,,,,,,,,,,,,,,,,
osa_binary_apples_postqc,mean_pool,,120m,1,False,False,0.7650502617036467,0.7174754592942896,0.510308740978348,0.4894557823129252,0.5164431486880466,2,3805,805,805,32,0,6.545534118016561,32,1440,119,5.0,1026,512,128,True,5,,,,,,,,,,,,,,,,,,,,,,,,,,
osa_binary_apples_postqc,mean_pool,,120m,2,False,False,0.6964484916723354,0.6559253719652661,0.5705533279871692,0.6054421768707483,0.6496793002915453,2,3805,805,805,32,0,6.545534118016561,32,1440,119,5.0,1026,512,128,True,5,,,,,,,,,,,,,,,,,,,,,,,,,,
osa_binary_apples_postqc,mean_pool,,120m,3,False,False,0.674876626531022,0.6108702926161866,0.5907030205827319,0.5843537414965987,0.6830320699708455,2,3805,805,805,32,0,6.545534118016561,32,1440,119,5.0,1026,512,128,True,5,,,,,,,,,,,,,,,,,,,,,,,,,,
osa_binary_apples_postqc,mean_pool,,120m,4,False,False,0.6644378713646637,0.655961231193187,0.6018537824111201,0.6462585034013606,0.6961127308066084,2,3805,805,805,32,0,6.545534118016561,32,1440,119,5.0,1026,512,128,True,5,,,,,,,,,,,,,,,,,,,,,,,,,,
osa_binary_apples_postqc,mean_pool,,120m,5,False,False,0.64494145522763,0.5891411197481689,0.633539160652232,0.6319727891156462,0.7023712342079689,2,3805,805,805,32,0,6.545534118016561,32,1440,119,5.0,1026,512,128,True,5,,,,,,,,,,,,,,,,,,,,,,,,,,
osa_binary_apples_postqc,mean_pool,,120m,6,False,False,0.6311196473753875,0.5939743693570912,0.6439949211440792,0.6411564625850341,0.7096793002915451,2,3805,805,805,32,0,6.545534118016561,32,1440,119,5.0,1026,512,128,True,5,,,,,,,,,,,,,,,,,,,,,,,,,,
osa_binary_apples_postqc,mean_pool,,120m,7,False,False,0.6135876362959752,0.5794866702201203,0.6597661053194332,0.666326530612245,0.724178814382896,2,3805,805,805,32,0,6.545534118016561,32,1440,119,5.0,1026,512,128,True,5,,,,,,,,,,,,,,,,,,,,,,,,,,
osa_binary_apples_postqc,mean_pool,,120m,8,False,False,0.5923322807630321,0.5580122206151855,0.6813859930499866,0.6421768707482993,0.7318172983479105,2,3805,805,805,32,0,6.545534118016561,32,1440,119,5.0,1026,512,128,True,5,,,,,,,,,,,,,,,,,,,,,,,,,,
osa_binary_apples_postqc,mean_pool,,120m,9,False,False,0.6002087762415331,0.5599172915360943,0.6705386260358193,0.6517006802721088,0.7284548104956269,2,3805,805,805,32,0,6.545534118016561,32,1440,119,5.0,1026,512,128,True,5,,,,,,,,,,,,,,,,,,,,,,,,,,
osa_binary_apples_postqc,mean_pool,,120m,10,False,False,0.5973870886296386,0.5920917196303421,0.6732424485431703,0.6687074829931973,0.7312147716229349,2,3805,805,805,32,0,6.545534118016561,32,1440,119,5.0,1026,512,128,True,5,,,,,,,,,,,,,,,,,,,,,,,,,,
osa_binary_apples_postqc,mean_pool,,120m,11,False,False,0.5890894532986916,0.5689337874421422,0.687935044105854,0.6632653061224489,0.7374344023323615,2,3805,805,805,32,0,6.545534118016561,32,1440,119,5.0,1026,512,128,True,5,,,,,,,,,,,,,,,,,,,,,,,,,,
osa_binary_apples_postqc,mean_pool,,120m,12,False,False,0.5761990310954672,0.5847753178999291,0.6914448008553863,0.6598639455782314,0.7361516034985424,2,3805,805,805,32,0,6.545534118016561,32,1440,119,5.0,1026,512,128,True,5,,,,,,,,,,,,,,,,,,,,,,,,,,
osa_binary_apples_postqc,mean_pool,,120m,13,False,False,0.5796930871874525,0.5386523792832535,0.6898075380914195,0.6605442176870748,0.7363654033041789,2,3805,805,805,32,0,6.545534118016561,32,1440,119,5.0,1026,512,128,True,5,,,,,,,,,,,,,,,,,,,,,,,,,,
osa_binary_apples_postqc,mean_pool,,120m,14,False,False,0.5740072500376757,0.5526276695802345,0.6904584335739108,0.6561224489795918,0.7372789115646259,2,3805,805,805,32,0,6.545534118016561,32,1440,119,5.0,1026,512,128,True,5,,,,,,,,,,,,,,,,,,,,,,,,,,
osa_binary_apples_postqc,mean_pool,,120m,15,False,False,0.5807554047148425,0.5646887913623952,0.6921518310612136,0.6588435374149659,0.7377648202137999,2,3805,805,805,32,0,6.545534118016561,32,1440,119,5.0,1026,512,128,True,5,,,,,,,,,,,,,,,,,,,,,,,,,,
osa_binary_apples_postqc,mean_pool,,120m,16,False,False,0.5692534288893235,0.5584425207250607,0.7039601710772521,0.6564625850340136,0.7387172011661808,2,3805,805,805,32,0,6.545534118016561,32,1440,119,5.0,1026,512,128,True,5,,,,,,,,,,,,,,,,,,,,,,,,,,
osa_binary_apples_postqc,mean_pool,,120m,17,False,False,0.5636742511184081,0.5795421888739426,0.696523656776263,0.6738095238095239,0.7458892128279883,2,3805,805,805,32,0,6.545534118016561,32,1440,119,5.0,1026,512,128,True,5,,,,,,,,,,,,,,,,,,,,,,,,,,
osa_binary_apples_postqc,mean_pool,,120m,18,False,False,0.5654527573015311,0.5404710966237584,0.6934977278802459,0.6687074829931973,0.7438678328474246,2,3805,805,805,32,0,6.545534118016561,32,1440,119,5.0,1026,512,128,True,5,,,,,,,,,,,,,,,,,,,,,,,,,,
osa_binary_apples_postqc,mean_pool,,120m,19,False,False,0.5608620162157443,0.5753491052929659,0.7050387596899225,0.6680272108843537,0.7481438289601555,2,3805,805,805,32,0,6.545534118016561,32,1440,119,5.0,1026,512,128,True,5,,,,,,,,,,,,,,,,,,,,,,,,,,
osa_binary_apples_postqc,mean_pool,,120m,20,False,False,0.5712824615323121,0.5507422506624127,0.7041593156909918,0.6585034013605442,0.7449173955296404,2,3805,805,805,32,0,6.545534118016561,32,1440,119,5.0,1026,512,128,True,5,,,,,,,,,,,,,,,,,,,,,,,,,,
osa_binary_apples_postqc,mean_pool,,120m,21,False,False,0.5693351702683859,0.5604516266665843,0.6920956963378776,0.6581632653061225,0.7480272108843538,2,3805,805,805,32,0,6.545534118016561,32,1440,119,5.0,1026,512,128,True,5,,,,,,,,,,,,,,,,,,,,,,,,,,
osa_binary_apples_postqc,mean_pool,,120m,22,True,False,0.5661744870744773,0.558824006074704,0.7013245121625233,0.6588435374149659,0.7489018464528668,2,3805,805,805,32,0,6.545534118016561,32,1440,119,5.0,1026,512,128,True,5,0.7311432325886991,0.7551376637262763,0.6460084963089991,0.8164378508420208,0.7896551724137931,0.7206201550387596,,,,0.6956521739130435,0.6588435374149659,0.5341314140342837,0.6142857142857143,0.7034013605442176,,,,0.7329192546583851,0.6540222367560498,0.5947907521217443,0.7633355134074559,0.5454545454545454,0.762589928057554,,,
osa_binary_apples_postqc,mean_pool,,120m,23,False,False,0.5585598350824413,0.5692876044267453,0.7060558674151296,0.6551020408163265,0.7484159378036929,2,3805,805,805,32,0,6.545534118016561,32,1440,119,5.0,1026,512,128,True,5,,,,,,,,,,,,,,,,,,,,,,,,,,
osa_binary_apples_postqc,mean_pool,,120m,24,False,False,0.5664382463137517,0.5782910429913065,0.7063726276396685,0.6846938775510204,0.7474829931972788,2,3805,805,805,32,0,6.545534118016561,32,1440,119,5.0,1026,512,128,True,5,,,,,,,,,,,,,,,,,,,,,,,,,,
osa_binary_apples_postqc,mean_pool,,120m,25,False,False,0.5459834226014266,0.5664010814628245,0.7228695535952954,0.6520408163265307,0.7457337220602527,2,3805,805,805,32,0,6.545534118016561,32,1440,119,5.0,1026,512,128,True,5,,,,,,,,,,,,,,,,,,,,,,,,,,
osa_binary_apples_postqc,mean_pool,,120m,26,False,False,0.5578886060379494,0.5688361541825052,0.7132691793638064,0.6506802721088436,0.7467444120505344,2,3805,805,805,32,0,6.545534118016561,32,1440,119,5.0,1026,512,128,True,5,,,,,,,,,,,,,,,,,,,,,,,,,,
osa_binary_apples_postqc,mean_pool,,120m,27,False,False,0.5475571631680337,0.5591275802125102,0.7127666399358461,0.6517006802721088,0.7460058309037901,2,3805,805,805,32,0,6.545534118016561,32,1440,119,5.0,1026,512,128,True,5,,,,,,,,,,,,,,,,,,,,,,,,,,
osa_binary_apples_postqc,mean_pool,,120m,28,False,False,0.5606833868208445,0.5711353163541474,0.7160411654637797,0.6666666666666667,0.7458309037900874,2,3805,805,805,32,0,6.545534118016561,32,1440,119,5.0,1026,512,128,True,5,,,,,,,,,,,,,,,,,,,,,,,,,,
osa_binary_apples_postqc,mean_pool,,120m,29,False,False,0.5630875773874752,0.5611180608502085,0.7072039561614542,0.6496598639455782,0.7457920310981536,2,3805,805,805,32,0,6.545534118016561,32,1440,119,5.0,1026,512,128,True,5,,,,,,,,,,,,,,,,,,,,,,,,,,
osa_binary_apples_postqc,mean_pool,,120m,30,False,False,0.5537922710611065,0.5574567575632415,0.7213686180165731,0.653061224489796,0.7472886297376093,2,3805,805,805,32,0,6.545534118016561,32,1440,119,5.0,1026,512,128,True,5,,,,,,,,,,,,,,,,,,,,,,,,,,
osa_binary_apples_postqc,mean_pool,,120m,31,False,False,0.54743577993809,0.5581731508607449,0.7182678428227747,0.6523809523809524,0.7481438289601555,2,3805,805,805,32,0,6.545534118016561,32,1440,119,5.0,1026,512,128,True,5,,,,,,,,,,,,,,,,,,,,,,,,,,
osa_binary_apples_postqc,mean_pool,,120m,32,False,False,0.5566332352615687,0.5541073258434023,0.6992341619887731,0.6551020408163265,0.7476384839650146,2,3805,805,805,32,0,6.545534118016561,32,1440,119,5.0,1026,512,128,True,5,,,,,,,,,,,,,,,,,,,,,,,,,,
osa_binary_apples_postqc,mean_pool,,240m,1,False,False,0.7142511700675302,0.6618849999415949,0.5598356054530874,0.6758503401360545,0.7304373177842564,2,3805,805,805,40,0,11.614592615763346,32,2880,119,5.0,1026,512,128,True,5,,,,,,,,,,,,,,,,,,,,,,,,,,
osa_binary_apples_postqc,mean_pool,,240m,2,False,False,0.6595826436279638,0.5681506958067047,0.6055319433306603,0.5806122448979592,0.7252478134110787,2,3805,805,805,40,0,11.614592615763346,32,2880,119,5.0,1026,512,128,True,5,,,,,,,,,,,,,,,,,,,,,,,,,,
osa_binary_apples_postqc,mean_pool,,240m,3,False,False,0.6383562555764257,0.6064853569735651,0.6237142475273991,0.6914965986394558,0.7309620991253645,2,3805,805,805,40,0,11.614592615763346,32,2880,119,5.0,1026,512,128,True,5,,,,,,,,,,,,,,,,,,,,,,,,,,
osa_binary_apples_postqc,mean_pool,,240m,4,False,False,0.621136955488057,0.5796131553487007,0.655028067361668,0.6792517006802721,0.7403109815354713,2,3805,805,805,40,0,11.614592615763346,32,2880,119,5.0,1026,512,128,True,5,,,,,,,,,,,,,,,,,,,,,,,,,,
osa_binary_apples_postqc,mean_pool,,240m,5,False,False,0.6062089826211666,0.6029679051837565,0.6609315690991713,0.7357142857142858,0.7514480077745384,2,3805,805,805,40,0,11.614592615763346,32,2880,119,5.0,1026,512,128,True,5,,,,,,,,,,,,,,,,,,,,,,,,,,
osa_binary_apples_postqc,mean_pool,,240m,6,False,False,0.5990645287541303,0.5475017485411271,0.6739628441593157,0.6503401360544218,0.752983479105928,2,3805,805,805,40,0,11.614592615763346,32,2880,119,5.0,1026,512,128,True,5,,,,,,,,,,,,,,,,,,,,,,,,,,
osa_binary_apples_postqc,mean_pool,,240m,7,False,False,0.5894980660562603,0.5787624348394619,0.6715490510558675,0.7255102040816326,0.7568707482993197,2,3805,805,805,40,0,11.614592615763346,32,2880,119,5.0,1026,512,128,True,5,,,,,,,,,,,,,,,,,,,,,,,,,,
osa_binary_apples_postqc,mean_pool,,240m,8,False,False,0.5909064423239028,0.544286111459969,0.6842261427425822,0.6625850340136055,0.7603692905733722,2,3805,805,805,40,0,11.614592615763346,32,2880,119,5.0,1026,512,128,True,5,,,,,,,,,,,,,,,,,,,,,,,,,,
osa_binary_apples_postqc,mean_pool,,240m,9,False,False,0.5885209080580813,0.5899662485404045,0.6928962844159317,0.7268707482993197,0.763245869776482,2,3805,805,805,40,0,11.614592615763346,32,2880,119,5.0,1026,512,128,True,5,,,,,,,,,,,,,,,,,,,,,,,,,,
osa_binary_apples_postqc,mean_pool,,240m,10,False,False,0.5814642676072741,0.5566777033095034,0.7026704089815557,0.717687074829932,0.7684548104956268,2,3805,805,805,40,0,11.614592615763346,32,2880,119,5.0,1026,512,128,True,5,,,,,,,,,,,,,,,,,,,,,,,,,,
osa_binary_apples_postqc,mean_pool,,240m,11,False,False,0.5699351537556592,0.5906136153647619,0.7009770114942528,0.7241496598639456,0.7689407191448008,2,3805,805,805,40,0,11.614592615763346,32,2880,119,5.0,1026,512,128,True,5,,,,,,,,,,,,,,,,,,,,,,,,,,
osa_binary_apples_postqc,mean_pool,,240m,12,False,False,0.5694954608962352,0.5413668101618749,0.7006361935311414,0.689795918367347,0.7668027210884354,2,3805,805,805,40,0,11.614592615763346,32,2880,119,5.0,1026,512,128,True,5,,,,,,,,,,,,,,,,,,,,,,,,,,
osa_binary_apples_postqc,mean_pool,,240m,13,False,False,0.5669968161257118,0.5403803770956785,0.7046672012830794,0.7013605442176871,0.7664917395529641,2,3805,805,805,40,0,11.614592615763346,32,2880,119,5.0,1026,512,128,True,5,,,,,,,,,,,,,,,,,,,,,,,,,,
osa_binary_apples_postqc,mean_pool,,240m,14,False,False,0.559878477520761,0.5581756394842396,0.7133066025126972,0.7037414965986395,0.7715646258503401,2,3805,805,805,40,0,11.614592615763346,32,2880,119,5.0,1026,512,128,True,5,,,,,,,,,,,,,,,,,,,,,,,,,,
osa_binary_apples_postqc,mean_pool,,240m,15,False,False,0.558474727811074,0.5582997487938922,0.7155640203154237,0.6914965986394558,0.7690184645286687,2,3805,805,805,40,0,11.614592615763346,32,2880,119,5.0,1026,512,128,True,5,,,,,,,,,,,,,,,,,,,,,,,,,,
osa_binary_apples_postqc,mean_pool,,240m,16,False,False,0.5458519810837609,0.550402017409757,0.7150053461641273,0.7064625850340136,0.7793780369290574,2,3805,805,805,40,0,11.614592615763346,32,2880,119,5.0,1026,512,128,True,5,,,,,,,,,,,,,,,,,,,,,,,,,,
osa_binary_apples_postqc,mean_pool,,240m,17,False,False,0.5541779999977342,0.5464631616328814,0.712822774659182,0.6969387755102041,0.7747327502429544,2,3805,805,805,40,0,11.614592615763346,32,2880,119,5.0,1026,512,128,True,5,,,,,,,,,,,,,,,,,,,,,,,,,,
osa_binary_apples_postqc,mean_pool,,240m,18,False,False,0.5534698231931429,0.5473396654825032,0.7076436781609196,0.7034013605442178,0.7758406219630709,2,3805,805,805,40,0,11.614592615763346,32,2880,119,5.0,1026,512,128,True,5,,,,,,,,,,,,,,,,,,,,,,,,,,
osa_binary_apples_postqc,mean_pool,,240m,19,False,False,0.5469941510634103,0.546288168689479,0.7106455493183641,0.689795918367347,0.7763848396501458,2,3805,805,805,40,0,11.614592615763346,32,2880,119,5.0,1026,512,128,True,5,,,,,,,,,,,,,,,,,,,,,,,,,,
osa_binary_apples_postqc,mean_pool,,240m,20,False,False,0.5554778432564103,0.5625068364676481,0.6981983426891205,0.7275510204081632,0.7775898931000972,2,3805,805,805,40,0,11.614592615763346,32,2880,119,5.0,1026,512,128,True,5,,,,,,,,,,,,,,,,,,,,,,,,,,
osa_binary_apples_postqc,mean_pool,,240m,21,False,False,0.5402193273100684,0.5326157577289558,0.7229377171879177,0.6908163265306122,0.7783090379008747,2,3805,805,805,40,0,11.614592615763346,32,2880,119,5.0,1026,512,128,True,5,,,,,,,,,,,,,,,,,,,,,,,,,,
osa_binary_apples_postqc,mean_pool,,240m,22,False,False,0.5468484546210857,0.5215767270659808,0.7143664795509223,0.6901360544217687,0.7754130223517979,2,3805,805,805,40,0,11.614592615763346,32,2880,119,5.0,1026,512,128,True,5,,,,,,,,,,,,,,,,,,,,,,,,,,
osa_binary_apples_postqc,mean_pool,,240m,23,False,False,0.5501851101820792,0.539151615644834,0.7119045709703288,0.6867346938775509,0.7787755102040818,2,3805,805,805,40,0,11.614592615763346,32,2880,119,5.0,1026,512,128,True,5,,,,,,,,,,,,,,,,,,,,,,,,,,
osa_binary_apples_postqc,mean_pool,,240m,24,False,False,0.5437235653478745,0.5257754819918864,0.7243638064688586,0.685374149659864,0.7793586005830904,2,3805,805,805,40,0,11.614592615763346,32,2880,119,5.0,1026,512,128,True,5,,,,,,,,,,,,,,,,,,,,,,,,,,
osa_binary_apples_postqc,mean_pool,,240m,25,False,False,0.534264150148309,0.5413222823083771,0.7306896551724138,0.6989795918367347,0.7799028182701652,2,3805,805,805,40,0,11.614592615763346,32,2880,119,5.0,1026,512,128,True,5,,,,,,,,,,,,,,,,,,,,,,,,,,
osa_binary_apples_postqc,mean_pool,,240m,26,False,False,0.5453788677590279,0.5471308819625689,0.7400735097567496,0.7078231292517007,0.7800777453838679,2,3805,805,805,40,0,11.614592615763346,32,2880,119,5.0,1026,512,128,True,5,,,,,,,,,,,,,,,,,,,,,,,,,,
osa_binary_apples_postqc,mean_pool,,240m,27,False,False,0.5373338353461568,0.5487955679249319,0.7344359796845763,0.7057823129251701,0.7795918367346939,2,3805,805,805,40,0,11.614592615763346,32,2880,119,5.0,1026,512,128,True,5,,,,,,,,,,,,,,,,,,,,,,,,,,
osa_binary_apples_postqc,mean_pool,,240m,28,False,False,0.5351864807552483,0.5319976189491912,0.7207671745522588,0.6928571428571428,0.7784450923226434,2,3805,805,805,40,0,11.614592615763346,32,2880,119,5.0,1026,512,128,True,5,,,,,,,,,,,,,,,,,,,,,,,,,,
osa_binary_apples_postqc,mean_pool,,240m,29,False,False,0.5415404965780412,0.5390557183612208,0.7216412723870622,0.6945578231292517,0.7803692905733721,2,3805,805,805,40,0,11.614592615763346,32,2880,119,5.0,1026,512,128,True,5,,,,,,,,,,,,,,,,,,,,,,,,,,
osa_binary_apples_postqc,mean_pool,,240m,30,False,False,0.5474760758500845,0.5407174258868886,0.7212817428495055,0.7061224489795919,0.780427599611273,2,3805,805,805,40,0,11.614592615763346,32,2880,119,5.0,1026,512,128,True,5,,,,,,,,,,,,,,,,,,,,,,,,,,
osa_binary_apples_postqc,mean_pool,,240m,31,False,False,0.52832141788811,0.5285138353427745,0.7443090082865544,0.6870748299319728,0.7806802721088435,2,3805,805,805,40,0,11.614592615763346,32,2880,119,5.0,1026,512,128,True,5,,,,,,,,,,,,,,,,,,,,,,,,,,
osa_binary_apples_postqc,mean_pool,,240m,32,False,False,0.5450042592554932,0.5332495341945139,0.7217963111467522,0.6836734693877551,0.7801554907677357,2,3805,805,805,40,0,11.614592615763346,32,2880,119,5.0,1026,512,128,True,5,,,,,,,,,,,,,,,,,,,,,,,,,,
osa_binary_apples_postqc,mean_pool,,240m,33,False,False,0.5425971268980951,0.5407847111454661,0.7233466987436514,0.7139455782312925,0.7808940719144801,2,3805,805,805,40,0,11.614592615763346,32,2880,119,5.0,1026,512,128,True,5,,,,,,,,,,,,,,,,,,,,,,,,,,
osa_binary_apples_postqc,mean_pool,,240m,34,False,False,0.5459851843612109,0.5424190433314128,0.7226463512429833,0.7119047619047618,0.7807385811467444,2,3805,805,805,40,0,11.614592615763346,32,2880,119,5.0,1026,512,128,True,5,,,,,,,,,,,,,,,,,,,,,,,,,,
osa_binary_apples_postqc,mean_pool,,240m,35,False,False,0.5253235415779495,0.540410648443684,0.7415744453354718,0.713265306122449,0.7808163265306123,2,3805,805,805,40,0,11.614592615763346,32,2880,119,5.0,1026,512,128,True,5,,,,,,,,,,,,,,,,,,,,,,,,,,
osa_binary_apples_postqc,mean_pool,,240m,36,False,False,0.5258825045534252,0.5372736797014379,0.7408861267040898,0.6945578231292517,0.7808940719144799,2,3805,805,805,40,0,11.614592615763346,32,2880,119,5.0,1026,512,128,True,5,,,,,,,,,,,,,,,,,,,,,,,,,,
osa_binary_apples_postqc,mean_pool,,240m,37,False,False,0.5411299179480674,0.5363799942946582,0.7361788291900562,0.6945578231292517,0.780913508260447,2,3805,805,805,40,0,11.614592615763346,32,2880,119,5.0,1026,512,128,True,5,,,,,,,,,,,,,,,,,,,,,,,,,,
osa_binary_apples_postqc,mean_pool,,240m,38,False,False,0.5382998541996138,0.5368570750729638,0.7310371558406843,0.6945578231292517,0.7809912536443149,2,3805,805,805,40,0,11.614592615763346,32,2880,119,5.0,1026,512,128,True,5,,,,,,,,,,,,,,,,,,,,,,,,,,
osa_binary_apples_postqc,mean_pool,,240m,39,True,False,0.5269185411162508,0.5365167913969999,0.7312229350441058,0.6952380952380952,0.7810689990281827,2,3805,805,805,40,0,11.614592615763346,32,2880,119,5.0,1026,512,128,True,5,0.7385019710906702,0.7707912322908312,0.6561636969494362,0.8360374231488907,0.8172413793103448,0.7243410852713178,,,,0.7031055900621118,0.6952380952380952,0.5495580918934738,0.6857142857142857,0.7047619047619048,,,,0.7391304347826086,0.6767495094833225,0.6084993052339045,0.7887246566383257,0.5909090909090909,0.762589928057554,,,
osa_binary_apples_postqc,mean_pool,,240m,40,False,False,0.547050701906114,0.5364768785164223,0.7275888799786154,0.6952380952380952,0.7810495626822157,2,3805,805,805,40,0,11.614592615763346,32,2880,119,5.0,1026,512,128,True,5,,,,,,,,,,,,,,,,,,,,,,,,,,
osa_binary_apples_postqc,transformer,,30s,1,False,False,0.7078983422491146,0.6583260757582529,0.548251804330393,0.5438775510204081,0.5574732750242954,2,3805,805,805,18,0,1.508387267589569,32,6,119,5.0,264322,512,128,True,5,,,,,,,,,,,,,,,,,,,,,,,,,,
osa_binary_apples_postqc,transformer,,30s,2,False,False,0.6662180950701159,0.6460717612171766,0.5974752739909115,0.5425170068027211,0.6082993197278912,2,3805,805,805,18,0,1.508387267589569,32,6,119,5.0,264322,512,128,True,5,,,,,,,,,,,,,,,,,,,,,,,,,,
osa_binary_apples_postqc,transformer,,30s,3,False,False,0.6442447403570669,0.6248528051820601,0.6319820903501737,0.5374149659863945,0.6054033041788144,2,3805,805,805,18,0,1.508387267589569,32,6,119,5.0,264322,512,128,True,5,,,,,,,,,,,,,,,,,,,,,,,,,,
osa_binary_apples_postqc,transformer,,30s,4,False,False,0.6297283765207609,0.7072750580977208,0.6520569366479552,0.5816326530612245,0.6229543245869776,2,3805,805,805,18,0,1.508387267589569,32,6,119,5.0,264322,512,128,True,5,,,,,,,,,,,,,,,,,,,,,,,,,,
osa_binary_apples_postqc,transformer,,30s,5,False,False,0.6069881605804358,0.6376169865175804,0.659697941726811,0.560204081632653,0.6280077745383867,2,3805,805,805,18,0,1.508387267589569,32,6,119,5.0,264322,512,128,True,5,,,,,,,,,,,,,,,,,,,,,,,,,,
osa_binary_apples_postqc,transformer,,30s,6,False,False,0.5945435846133865,0.6161371606477299,0.6803742314889067,0.5343537414965986,0.6211273080660836,2,3805,805,805,18,0,1.508387267589569,32,6,119,5.0,264322,512,128,True,5,,,,,,,,,,,,,,,,,,,,,,,,,,
osa_binary_apples_postqc,transformer,,30s,7,False,False,0.5881425265257054,0.7103139290898483,0.6986754878374766,0.6105442176870748,0.6460252672497571,2,3805,805,805,18,0,1.508387267589569,32,6,119,5.0,264322,512,128,True,5,,,,,,,,,,,,,,,,,,,,,,,,,,
osa_binary_apples_postqc,transformer,,30s,8,True,False,0.5725243906310604,0.619659613045106,0.7154397219994654,0.577891156462585,0.6516618075801749,2,3805,805,805,18,0,1.508387267589569,32,6,119,5.0,264322,512,128,True,5,0.7385019710906702,0.7326116011761561,0.6427356476402798,0.8004362469927828,0.7241379310344828,0.7410852713178294,,,,0.6658385093167701,0.577891156462585,0.49301726660813583,0.4714285714285714,0.6843537414965987,,,,0.6732919254658385,0.5850555918901242,0.5341035374374209,0.6509744931327666,0.4636363636363636,0.7064748201438849,,,
osa_binary_apples_postqc,transformer,,30s,9,False,False,0.5664042423808465,0.6457627100974136,0.7095348837209302,0.5612244897959183,0.6294655004859087,2,3805,805,805,18,0,1.508387267589569,32,6,119,5.0,264322,512,128,True,5,,,,,,,,,,,,,,,,,,,,,,,,,,
osa_binary_apples_postqc,transformer,,30s,10,False,False,0.5661235974120091,0.6027020394061663,0.713454958567228,0.5704081632653061,0.6344023323615161,2,3805,805,805,18,0,1.508387267589569,32,6,119,5.0,264322,512,128,True,5,,,,,,,,,,,,,,,,,,,,,,,,,,
osa_binary_apples_postqc,transformer,,30s,11,False,False,0.5559692151286443,0.6798719850015936,0.7076249665864742,0.5768707482993197,0.6275996112730807,2,3805,805,805,18,0,1.508387267589569,32,6,119,5.0,264322,512,128,True,5,,,,,,,,,,,,,,,,,,,,,,,,,,
osa_binary_apples_postqc,transformer,,30s,12,False,False,0.548503638614023,0.7191710807892107,0.7157618283881315,0.5792517006802721,0.640932944606414,2,3805,805,805,18,0,1.508387267589569,32,6,119,5.0,264322,512,128,True,5,,,,,,,,,,,,,,,,,,,,,,,,,,
osa_binary_apples_postqc,transformer,,30s,13,False,False,0.5526199366667267,0.6694136813930843,0.7198302592889602,0.5700680272108843,0.6322837706511176,2,3805,805,805,18,0,1.508387267589569,32,6,119,5.0,264322,512,128,True,5,,,,,,,,,,,,,,,,,,,,,,,,,,
osa_binary_apples_postqc,transformer,,30s,14,False,False,0.5376277001317634,0.6466868466657141,0.7355145682972468,0.5418367346938776,0.6225072886297376,2,3805,805,805,18,0,1.508387267589569,32,6,119,5.0,264322,512,128,True,5,,,,,,,,,,,,,,,,,,,,,,,,,,
osa_binary_apples_postqc,transformer,,30s,15,False,False,0.5349806931266333,0.6712114928672033,0.7324137931034482,0.5591836734693878,0.6352380952380952,2,3805,805,805,18,0,1.508387267589569,32,6,119,5.0,264322,512,128,True,5,,,,,,,,,,,,,,,,,,,,,,,,,,
osa_binary_apples_postqc,transformer,,30s,16,False,False,0.531097978517981,0.6555978263387029,0.7289775461106656,0.5765306122448979,0.6457920310981535,2,3805,805,805,18,0,1.508387267589569,32,6,119,5.0,264322,512,128,True,5,,,,,,,,,,,,,,,,,,,,,,,,,,
osa_binary_apples_postqc,transformer,,30s,17,False,False,0.5403081200439263,0.6445498694359145,0.7344480085538626,0.5295918367346939,0.6149854227405247,2,3805,805,805,18,0,1.508387267589569,32,6,119,5.0,264322,512,128,True,5,,,,,,,,,,,,,,,,,,,,,,,,,,
osa_binary_apples_postqc,transformer,,30s,18,False,False,0.5236075873443864,0.6413489823756011,0.7476142742582197,0.5357142857142857,0.6213994169096211,2,3805,805,805,18,0,1.508387267589569,32,6,119,5.0,264322,512,128,True,5,,,,,,,,,,,,,,,,,,,,,,,,,,
osa_binary_apples_postqc,transformer,,10m,1,False,False,0.7020459735753815,0.6049349084403944,0.5483934776797648,0.5482993197278911,0.5956462585034014,2,3805,805,805,25,0,2.3143792827924092,32,120,119,5.0,264322,512,128,True,5,,,,,,,,,,,,,,,,,,,,,,,,,,
osa_binary_apples_postqc,transformer,,10m,2,False,False,0.6488974474732728,0.5944630820928893,0.6215503875968993,0.541156462585034,0.6042371234207969,2,3805,805,805,25,0,2.3143792827924092,32,120,119,5.0,264322,512,128,True,5,,,,,,,,,,,,,,,,,,,,,,,,,,
osa_binary_apples_postqc,transformer,,10m,3,False,False,0.6312859800501033,0.565441694392921,0.6397032878909383,0.5438775510204081,0.621846452866861,2,3805,805,805,25,0,2.3143792827924092,32,120,119,5.0,264322,512,128,True,5,,,,,,,,,,,,,,,,,,,,,,,,,,
osa_binary_apples_postqc,transformer,,10m,4,False,False,0.6092578732701075,0.5909201542042798,0.6753942796043839,0.5806122448979592,0.6335665694849368,2,3805,805,805,25,0,2.3143792827924092,32,120,119,5.0,264322,512,128,True,5,,,,,,,,,,,,,,,,,,,,,,,,,,
osa_binary_apples_postqc,transformer,,10m,5,False,False,0.5978626890815354,0.5532466197235985,0.6789975942261428,0.5299319727891156,0.6281827016520893,2,3805,805,805,25,0,2.3143792827924092,32,120,119,5.0,264322,512,128,True,5,,,,,,,,,,,,,,,,,,,,,,,,,,
osa_binary_apples_postqc,transformer,,10m,6,False,False,0.5827369665817581,0.6127778725594467,0.6991165463779738,0.6098639455782313,0.6486880466472303,2,3805,805,805,25,0,2.3143792827924092,32,120,119,5.0,264322,512,128,True,5,,,,,,,,,,,,,,,,,,,,,,,,,,
osa_binary_apples_postqc,transformer,,10m,7,False,False,0.5752111211399524,0.6169123186828187,0.681776263031275,0.6136054421768707,0.6563654033041788,2,3805,805,805,25,0,2.3143792827924092,32,120,119,5.0,264322,512,128,True,5,,,,,,,,,,,,,,,,,,,,,,,,,,
osa_binary_apples_postqc,transformer,,10m,8,False,False,0.5751611648971868,0.6075936147885292,0.6940497193263833,0.613265306122449,0.6621963070942662,2,3805,805,805,25,0,2.3143792827924092,32,120,119,5.0,264322,512,128,True,5,,,,,,,,,,,,,,,,,,,,,,,,,,
osa_binary_apples_postqc,transformer,,10m,9,False,False,0.5737368283932845,0.5799530074648235,0.703370756482224,0.5448979591836735,0.6427405247813411,2,3805,805,805,25,0,2.3143792827924092,32,120,119,5.0,264322,512,128,True,5,,,,,,,,,,,,,,,,,,,,,,,,,,
osa_binary_apples_postqc,transformer,,10m,10,False,False,0.5474212512550154,0.6015755966213179,0.7249104517508687,0.5268707482993198,0.6313313896987366,2,3805,805,805,25,0,2.3143792827924092,32,120,119,5.0,264322,512,128,True,5,,,,,,,,,,,,,,,,,,,,,,,,,,
osa_binary_apples_postqc,transformer,,10m,11,False,False,0.5503382688752925,0.6866020380710223,0.71414327719861,0.6149659863945578,0.6532167152575317,2,3805,805,805,25,0,2.3143792827924092,32,120,119,5.0,264322,512,128,True,5,,,,,,,,,,,,,,,,,,,,,,,,,,
osa_binary_apples_postqc,transformer,,10m,12,False,False,0.5548233961228786,0.5968178078624773,0.7157805399625768,0.5945578231292517,0.6636540330417882,2,3805,805,805,25,0,2.3143792827924092,32,120,119,5.0,264322,512,128,True,5,,,,,,,,,,,,,,,,,,,,,,,,,,
osa_binary_apples_postqc,transformer,,10m,13,False,False,0.5335699993270142,0.6581624058833033,0.7292448543170276,0.6272108843537415,0.6499708454810496,2,3805,805,805,25,0,2.3143792827924092,32,120,119,5.0,264322,512,128,True,5,,,,,,,,,,,,,,,,,,,,,,,,,,
osa_binary_apples_postqc,transformer,,10m,14,False,False,0.5224140054762911,0.6662790631285366,0.7333373429564287,0.6064625850340136,0.646491739552964,2,3805,805,805,25,0,2.3143792827924092,32,120,119,5.0,264322,512,128,True,5,,,,,,,,,,,,,,,,,,,,,,,,,,
osa_binary_apples_postqc,transformer,,10m,15,True,False,0.5119461215278636,0.6829671660935657,0.753195669607057,0.6585034013605442,0.6709232264334306,2,3805,805,805,25,0,2.3143792827924092,32,120,119,5.0,264322,512,128,True,5,0.6651773981603154,0.7621798984228816,0.6050151554657454,0.8497006148088746,0.9017241379310345,0.6226356589147287,,,,0.6596273291925466,0.6585034013605442,0.5155544427459455,0.6571428571428571,0.6598639455782312,,,,0.662111801242236,0.6015369522563767,0.5365572826712723,0.6682275997383911,0.5181818181818182,0.6848920863309352,,,
osa_binary_apples_postqc,transformer,,10m,16,False,False,0.4935439969565959,0.6628825283753946,0.7569914461373964,0.6285714285714286,0.6570068027210885,2,3805,805,805,25,0,2.3143792827924092,32,120,119,5.0,264322,512,128,True,5,,,,,,,,,,,,,,,,,,,,,,,,,,
osa_binary_apples_postqc,transformer,,10m,17,False,False,0.4919930908902402,0.6404672167686202,0.7524953221063887,0.5598639455782313,0.6546938775510204,2,3805,805,805,25,0,2.3143792827924092,32,120,119,5.0,264322,512,128,True,5,,,,,,,,,,,,,,,,,,,,,,,,,,
osa_binary_apples_postqc,transformer,,10m,18,False,False,0.4837188142044629,0.6667311218954761,0.756545041432772,0.6302721088435375,0.6550437317784256,2,3805,805,805,25,0,2.3143792827924092,32,120,119,5.0,264322,512,128,True,5,,,,,,,,,,,,,,,,,,,,,,,,,,
osa_binary_apples_postqc,transformer,,10m,19,False,False,0.4786550790188973,0.6867592560763685,0.7678882651697407,0.6302721088435375,0.6620796890184646,2,3805,805,805,25,0,2.3143792827924092,32,120,119,5.0,264322,512,128,True,5,,,,,,,,,,,,,,,,,,,,,,,,,,
osa_binary_apples_postqc,transformer,,10m,20,False,False,0.4721777564122705,0.7048836216885851,0.7773643410852713,0.5693877551020408,0.6393780369290574,2,3805,805,805,25,0,2.3143792827924092,32,120,119,5.0,264322,512,128,True,5,,,,,,,,,,,,,,,,,,,,,,,,,,
osa_binary_apples_postqc,transformer,,10m,21,False,False,0.4635959799906897,0.689962307386887,0.7754544239508152,0.5772108843537415,0.6566180758017494,2,3805,805,805,25,0,2.3143792827924092,32,120,119,5.0,264322,512,128,True,5,,,,,,,,,,,,,,,,,,,,,,,,,,
osa_binary_apples_postqc,transformer,,10m,22,False,False,0.4462352775477862,0.702539828752879,0.7713672814755412,0.55578231292517,0.6438872691933917,2,3805,805,805,25,0,2.3143792827924092,32,120,119,5.0,264322,512,128,True,5,,,,,,,,,,,,,,,,,,,,,,,,,,
osa_binary_apples_postqc,transformer,,10m,23,False,False,0.4415674856395195,0.7021085918227338,0.7899852980486501,0.5867346938775511,0.6594752186588921,2,3805,805,805,25,0,2.3143792827924092,32,120,119,5.0,264322,512,128,True,5,,,,,,,,,,,,,,,,,,,,,,,,,,
osa_binary_apples_postqc,transformer,,10m,24,False,False,0.4384042664990318,0.7073272890393963,0.7954798182304197,0.5700680272108843,0.6538483965014577,2,3805,805,805,25,0,2.3143792827924092,32,120,119,5.0,264322,512,128,True,5,,,,,,,,,,,,,,,,,,,,,,,,,,
osa_binary_apples_postqc,transformer,,10m,25,False,False,0.4311959159045276,0.7184572034116302,0.801650628174285,0.5795918367346939,0.6481243926141885,2,3805,805,805,25,0,2.3143792827924092,32,120,119,5.0,264322,512,128,True,5,,,,,,,,,,,,,,,,,,,,,,,,,,
osa_binary_apples_postqc,transformer,,40m,1,False,False,0.6994150234271287,0.6870126606514735,0.5332798716920609,0.5874149659863945,0.6353935860058308,2,3805,805,805,29,0,4.60674276749293,32,480,119,5.0,264322,512,128,True,5,,,,,,,,,,,,,,,,,,,,,,,,,,
osa_binary_apples_postqc,transformer,,40m,2,False,False,0.6336511738040288,0.5637991776377518,0.6466426089280941,0.5612244897959184,0.660466472303207,2,3805,805,805,29,0,4.60674276749293,32,480,119,5.0,264322,512,128,True,5,,,,,,,,,,,,,,,,,,,,,,,,,,
osa_binary_apples_postqc,transformer,,40m,3,False,False,0.604464315146247,0.6116912208358694,0.6868243785084203,0.6051020408163266,0.6663168124392614,2,3805,805,805,29,0,4.60674276749293,32,480,119,5.0,264322,512,128,True,5,,,,,,,,,,,,,,,,,,,,,,,,,,
osa_binary_apples_postqc,transformer,,40m,4,False,False,0.5869800212818752,0.5939396960024508,0.7058700882117082,0.6146258503401361,0.6858697764820213,2,3805,805,805,29,0,4.60674276749293,32,480,119,5.0,264322,512,128,True,5,,,,,,,,,,,,,,,,,,,,,,,,,,
osa_binary_apples_postqc,transformer,,40m,5,False,False,0.573476352813836,0.5440968236752919,0.6935404971932638,0.5986394557823129,0.6982118561710398,2,3805,805,805,29,0,4.60674276749293,32,480,119,5.0,264322,512,128,True,5,,,,,,,,,,,,,,,,,,,,,,,,,,
osa_binary_apples_postqc,transformer,,40m,6,False,False,0.5494839485465463,0.5549451842071107,0.7293624699278267,0.617687074829932,0.7009718172983479,2,3805,805,805,29,0,4.60674276749293,32,480,119,5.0,264322,512,128,True,5,,,,,,,,,,,,,,,,,,,,,,,,,,
osa_binary_apples_postqc,transformer,,40m,7,False,False,0.5301374685435352,0.6662158707654254,0.7264100507885591,0.6156462585034013,0.6891545189504373,2,3805,805,805,29,0,4.60674276749293,32,480,119,5.0,264322,512,128,True,5,,,,,,,,,,,,,,,,,,,,,,,,,,
osa_binary_apples_postqc,transformer,,40m,8,False,False,0.5180133570509421,0.5747833596623462,0.7416479550922213,0.6217687074829932,0.7189115646258504,2,3805,805,805,29,0,4.60674276749293,32,480,119,5.0,264322,512,128,True,5,,,,,,,,,,,,,,,,,,,,,,,,,,
osa_binary_apples_postqc,transformer,,40m,9,False,False,0.4968553110585106,0.7491995388676661,0.7619526864474739,0.6428571428571428,0.7096793002915451,2,3805,805,805,29,0,4.60674276749293,32,480,119,5.0,264322,512,128,True,5,,,,,,,,,,,,,,,,,,,,,,,,,,
osa_binary_apples_postqc,transformer,,40m,10,False,False,0.4909324498120181,0.5875713622903231,0.7670074846297781,0.6408163265306122,0.7189698736637511,2,3805,805,805,29,0,4.60674276749293,32,480,119,5.0,264322,512,128,True,5,,,,,,,,,,,,,,,,,,,,,,,,,,
osa_binary_apples_postqc,transformer,,40m,11,False,False,0.4864822591103016,0.5683859284990322,0.7716519647153168,0.6153061224489795,0.7105928085519924,2,3805,805,805,29,0,4.60674276749293,32,480,119,5.0,264322,512,128,True,5,,,,,,,,,,,,,,,,,,,,,,,,,,
osa_binary_apples_postqc,transformer,,40m,12,False,False,0.4799706447453442,0.5611274439355601,0.7723897353648757,0.5826530612244898,0.7061807580174928,2,3805,805,805,29,0,4.60674276749293,32,480,119,5.0,264322,512,128,True,5,,,,,,,,,,,,,,,,,,,,,,,,,,
osa_binary_apples_postqc,transformer,,40m,13,False,False,0.462391637377294,0.5762957101838189,0.7765076182838813,0.6030612244897959,0.7056171039844509,2,3805,805,805,29,0,4.60674276749293,32,480,119,5.0,264322,512,128,True,5,,,,,,,,,,,,,,,,,,,,,,,,,,
osa_binary_apples_postqc,transformer,,40m,14,False,False,0.4511531838762933,0.6147013206659637,0.8004410585404972,0.6394557823129252,0.7174927113702624,2,3805,805,805,29,0,4.60674276749293,32,480,119,5.0,264322,512,128,True,5,,,,,,,,,,,,,,,,,,,,,,,,,,
osa_binary_apples_postqc,transformer,,40m,15,False,False,0.4329280256833416,0.5838541600274744,0.8035912857524726,0.60578231292517,0.7107482993197279,2,3805,805,805,29,0,4.60674276749293,32,480,119,5.0,264322,512,128,True,5,,,,,,,,,,,,,,,,,,,,,,,,,,
osa_binary_apples_postqc,transformer,,40m,16,False,False,0.4286579695543698,0.5939649279859865,0.8104504143277198,0.5921768707482993,0.7155296404275997,2,3805,805,805,29,0,4.60674276749293,32,480,119,5.0,264322,512,128,True,5,,,,,,,,,,,,,,,,,,,,,,,,,,
osa_binary_apples_postqc,transformer,,40m,17,False,False,0.4113458371898661,0.5908898988032933,0.8240697674418604,0.638095238095238,0.7179008746355686,2,3805,805,805,29,0,4.60674276749293,32,480,119,5.0,264322,512,128,True,5,,,,,,,,,,,,,,,,,,,,,,,,,,
osa_binary_apples_postqc,transformer,,40m,18,False,False,0.3953620029498337,0.6379679692920691,0.8347367014167335,0.6108843537414966,0.6989115646258504,2,3805,805,805,29,0,4.60674276749293,32,480,119,5.0,264322,512,128,True,5,,,,,,,,,,,,,,,,,,,,,,,,,,
osa_binary_apples_postqc,transformer,,40m,19,True,False,0.3934309279245083,0.6076994816523902,0.8315303394814221,0.6537414965986394,0.7262585034013604,2,3805,805,805,29,0,4.60674276749293,32,480,119,5.0,264322,512,128,True,5,0.8076215505913272,0.8575233894680567,0.7346866069727567,0.9191820368885326,0.9293103448275862,0.7857364341085271,,,,0.768944099378882,0.6537414965986394,0.5707479014724095,0.5142857142857142,0.7931972789115647,,,,0.7540372670807454,0.658600392413342,0.6083244869072895,0.7386396337475474,0.5272727272727272,0.7899280575539568,,,
osa_binary_apples_postqc,transformer,,40m,20,False,False,0.377051798284602,0.6192492158146379,0.8388920074846298,0.6523809523809523,0.7180563654033043,2,3805,805,805,29,0,4.60674276749293,32,480,119,5.0,264322,512,128,True,5,,,,,,,,,,,,,,,,,,,,,,,,,,
osa_binary_apples_postqc,transformer,,40m,21,False,False,0.3775475329544478,0.6595977288919577,0.8435739107190592,0.5489795918367347,0.7069776482021379,2,3805,805,805,29,0,4.60674276749293,32,480,119,5.0,264322,512,128,True,5,,,,,,,,,,,,,,,,,,,,,,,,,,
osa_binary_apples_postqc,transformer,,40m,22,False,False,0.3663281480680157,0.6375992174937118,0.8429724672547447,0.6170068027210884,0.7076579203109816,2,3805,805,805,29,0,4.60674276749293,32,480,119,5.0,264322,512,128,True,5,,,,,,,,,,,,,,,,,,,,,,,,,,
osa_binary_apples_postqc,transformer,,40m,23,False,False,0.3558361443599169,0.6765942550038699,0.8532611601176157,0.639795918367347,0.7082021379980563,2,3805,805,805,29,0,4.60674276749293,32,480,119,5.0,264322,512,128,True,5,,,,,,,,,,,,,,,,,,,,,,,,,,
osa_binary_apples_postqc,transformer,,40m,24,False,False,0.3487154393252499,0.6560469159891146,0.8545883453622026,0.6214285714285714,0.7063168124392615,2,3805,805,805,29,0,4.60674276749293,32,480,119,5.0,264322,512,128,True,5,,,,,,,,,,,,,,,,,,,,,,,,,,
osa_binary_apples_postqc,transformer,,40m,25,False,False,0.3357837138758696,0.689802774416734,0.8612055600106923,0.6051020408163266,0.703304178814383,2,3805,805,805,29,0,4.60674276749293,32,480,119,5.0,264322,512,128,True,5,,,,,,,,,,,,,,,,,,,,,,,,,,
osa_binary_apples_postqc,transformer,,40m,26,False,False,0.3331675449197772,0.6786646950133839,0.8595990376904571,0.5921768707482993,0.709757045675413,2,3805,805,805,29,0,4.60674276749293,32,480,119,5.0,264322,512,128,True,5,,,,,,,,,,,,,,,,,,,,,,,,,,
osa_binary_apples_postqc,transformer,,40m,27,False,False,0.3235884910657434,0.7025624521770832,0.8715624164661855,0.5707482993197279,0.7015937803692905,2,3805,805,805,29,0,4.60674276749293,32,480,119,5.0,264322,512,128,True,5,,,,,,,,,,,,,,,,,,,,,,,,,,
osa_binary_apples_postqc,transformer,,40m,28,False,False,0.3218199242430197,0.6901649545623649,0.8710973001871158,0.6272108843537415,0.7110009718172983,2,3805,805,805,29,0,4.60674276749293,32,480,119,5.0,264322,512,128,True,5,,,,,,,,,,,,,,,,,,,,,,,,,,
osa_binary_apples_postqc,transformer,,40m,29,False,False,0.3065021856620653,0.708006686758921,0.8763378775728414,0.5840136054421768,0.7145966958211856,2,3805,805,805,29,0,4.60674276749293,32,480,119,5.0,264322,512,128,True,5,,,,,,,,,,,,,,,,,,,,,,,,,,
osa_binary_apples_postqc,transformer,,80m,1,False,False,0.6949930036584901,0.5759961561016415,0.5630793905372895,0.6112244897959184,0.7089212827988338,2,3805,805,805,21,0,4.560642162958781,32,960,119,5.0,264322,512,128,True,5,,,,,,,,,,,,,,,,,,,,,,,,,,
osa_binary_apples_postqc,transformer,,80m,2,False,False,0.61930099529913,0.6291287256323773,0.6545001336541032,0.6265306122448979,0.6720310981535471,2,3805,805,805,21,0,4.560642162958781,32,960,119,5.0,264322,512,128,True,5,,,,,,,,,,,,,,,,,,,,,,,,,,
osa_binary_apples_postqc,transformer,,80m,3,False,False,0.5847524841260973,0.5295068016703824,0.6968591285752472,0.6540816326530612,0.7447230320699709,2,3805,805,805,21,0,4.560642162958781,32,960,119,5.0,264322,512,128,True,5,,,,,,,,,,,,,,,,,,,,,,,,,,
osa_binary_apples_postqc,transformer,,80m,4,False,False,0.5580361074906298,0.5510661377669862,0.7165183106121358,0.6608843537414966,0.7314480077745384,2,3805,805,805,21,0,4.560642162958781,32,960,119,5.0,264322,512,128,True,5,,,,,,,,,,,,,,,,,,,,,,,,,,
osa_binary_apples_postqc,transformer,,80m,5,False,False,0.5421055636330754,0.5207973164431057,0.7300320769847635,0.6663265306122449,0.756268221574344,2,3805,805,805,21,0,4.560642162958781,32,960,119,5.0,264322,512,128,True,5,,,,,,,,,,,,,,,,,,,,,,,,,,
osa_binary_apples_postqc,transformer,,80m,6,False,False,0.5521379955103144,0.500725478257822,0.7232838813151563,0.6074829931972789,0.7430903790087464,2,3805,805,805,21,0,4.560642162958781,32,960,119,5.0,264322,512,128,True,5,,,,,,,,,,,,,,,,,,,,,,,,,,
osa_binary_apples_postqc,transformer,,80m,7,False,False,0.5102556742130535,0.5547405041707969,0.7608179631114675,0.6666666666666667,0.7647230320699709,2,3805,805,805,21,0,4.560642162958781,32,960,119,5.0,264322,512,128,True,5,,,,,,,,,,,,,,,,,,,,,,,,,,
osa_binary_apples_postqc,transformer,,80m,8,False,False,0.5165649133505552,0.563232372090313,0.746726811013098,0.677891156462585,0.7672691933916423,2,3805,805,805,21,0,4.560642162958781,32,960,119,5.0,264322,512,128,True,5,,,,,,,,,,,,,,,,,,,,,,,,,,
osa_binary_apples_postqc,transformer,,80m,9,False,False,0.4708271352439609,0.5265992785740343,0.774052392408447,0.657482993197279,0.7520894071914481,2,3805,805,805,21,0,4.560642162958781,32,960,119,5.0,264322,512,128,True,5,,,,,,,,,,,,,,,,,,,,,,,,,,
osa_binary_apples_postqc,transformer,,80m,10,False,False,0.4912927616284805,0.6988291996051066,0.7679190056134724,0.6952380952380952,0.7683576287657921,2,3805,805,805,21,0,4.560642162958781,32,960,119,5.0,264322,512,128,True,5,,,,,,,,,,,,,,,,,,,,,,,,,,
osa_binary_apples_postqc,transformer,,80m,11,True,False,0.4630021592947249,0.5306277986731589,0.7839628441593156,0.6758503401360545,0.7686103012633625,2,3805,805,805,21,0,4.560642162958781,32,960,119,5.0,264322,512,128,True,5,0.7939553219448094,0.8084536220261962,0.7086382595025231,0.8894792836140069,0.8293103448275863,0.7875968992248062,,,,0.7267080745341615,0.6758503401360545,0.5561670475961344,0.6142857142857143,0.7374149659863946,,,,0.7527950310559006,0.6731850882930019,0.6146388870847075,0.7664748201438849,0.5636363636363636,0.7827338129496403,,,
osa_binary_apples_postqc,transformer,,80m,12,False,False,0.443937431418786,0.6191033045697657,0.7942448543170275,0.6693877551020408,0.7578036929057337,2,3805,805,805,21,0,4.560642162958781,32,960,119,5.0,264322,512,128,True,5,,,,,,,,,,,,,,,,,,,,,,,,,,
osa_binary_apples_postqc,transformer,,80m,13,False,False,0.4281783268423494,0.5662811760160124,0.8085592087677091,0.6404761904761904,0.7567735665694848,2,3805,805,805,21,0,4.560642162958781,32,960,119,5.0,264322,512,128,True,5,,,,,,,,,,,,,,,,,,,,,,,,,,
osa_binary_apples_postqc,transformer,,80m,14,False,False,0.4134530500341182,0.6078592292825628,0.823033948142208,0.6741496598639456,0.7532944606413995,2,3805,805,805,21,0,4.560642162958781,32,960,119,5.0,264322,512,128,True,5,,,,,,,,,,,,,,,,,,,,,,,,,,
osa_binary_apples_postqc,transformer,,80m,15,False,False,0.3980560515932592,0.6065509751577925,0.8382531408714248,0.6789115646258503,0.7551409135082604,2,3805,805,805,21,0,4.560642162958781,32,960,119,5.0,264322,512,128,True,5,,,,,,,,,,,,,,,,,,,,,,,,,,
osa_binary_apples_postqc,transformer,,80m,16,False,False,0.3877241528692132,0.6305805880553234,0.8415396952686447,0.6751700680272109,0.7528279883381924,2,3805,805,805,21,0,4.560642162958781,32,960,119,5.0,264322,512,128,True,5,,,,,,,,,,,,,,,,,,,,,,,,,,
osa_binary_apples_postqc,transformer,,80m,17,False,False,0.3871194284159626,0.5851005611848664,0.8407150494520181,0.648639455782313,0.7582701652089407,2,3805,805,805,21,0,4.560642162958781,32,960,119,5.0,264322,512,128,True,5,,,,,,,,,,,,,,,,,,,,,,,,,,
osa_binary_apples_postqc,transformer,,80m,18,False,False,0.3666026454795832,0.6288416254432491,0.8498128842555466,0.6537414965986394,0.7436929057337219,2,3805,805,805,21,0,4.560642162958781,32,960,119,5.0,264322,512,128,True,5,,,,,,,,,,,,,,,,,,,,,,,,,,
osa_binary_apples_postqc,transformer,,80m,19,False,False,0.3491074800178037,0.6361520990497948,0.8577947072975141,0.6418367346938776,0.7472497570456755,2,3805,805,805,21,0,4.560642162958781,32,960,119,5.0,264322,512,128,True,5,,,,,,,,,,,,,,,,,,,,,,,,,,
osa_binary_apples_postqc,transformer,,80m,20,False,False,0.3441947640554977,0.7734750501163628,0.8610812616947341,0.6374149659863946,0.7344412050534499,2,3805,805,805,21,0,4.560642162958781,32,960,119,5.0,264322,512,128,True,5,,,,,,,,,,,,,,,,,,,,,,,,,,
osa_binary_apples_postqc,transformer,,80m,21,False,False,0.3250956196039327,0.7840528110215753,0.8704771451483561,0.6414965986394559,0.7433624878522838,2,3805,805,805,21,0,4.560642162958781,32,960,119,5.0,264322,512,128,True,5,,,,,,,,,,,,,,,,,,,,,,,,,,
osa_binary_apples_postqc,transformer,,120m,1,False,False,0.6729126857395398,0.5504451596588822,0.5851831061213579,0.5547619047619048,0.6944800777453839,2,3805,805,805,18,0,6.576644400755565,32,1440,119,5.0,264322,512,128,True,5,,,,,,,,,,,,,,,,,,,,,,,,,,
osa_binary_apples_postqc,transformer,,120m,2,False,False,0.5947880046439703,0.6750851466418794,0.6835805934242181,0.7302721088435374,0.7565792031098153,2,3805,805,805,18,0,6.576644400755565,32,1440,119,5.0,264322,512,128,True,5,,,,,,,,,,,,,,,,,,,,,,,,,,
osa_binary_apples_postqc,transformer,,120m,3,False,False,0.5783353421283928,0.5593165762491108,0.7069553595295375,0.6693877551020408,0.7475218658892129,2,3805,805,805,18,0,6.576644400755565,32,1440,119,5.0,264322,512,128,True,5,,,,,,,,,,,,,,,,,,,,,,,,,,
osa_binary_apples_postqc,transformer,,120m,4,False,False,0.521097357569167,0.8133636830015952,0.7404076450147019,0.708843537414966,0.7439844509232265,2,3805,805,805,18,0,6.576644400755565,32,1440,119,5.0,264322,512,128,True,5,,,,,,,,,,,,,,,,,,,,,,,,,,
osa_binary_apples_postqc,transformer,,120m,5,False,False,0.5197048156082865,0.5196837357575108,0.7369967923015237,0.6180272108843538,0.7533722060252672,2,3805,805,805,18,0,6.576644400755565,32,1440,119,5.0,264322,512,128,True,5,,,,,,,,,,,,,,,,,,,,,,,,,,
osa_binary_apples_postqc,transformer,,120m,6,False,False,0.4833566395587896,0.5867083481565025,0.7678134188719594,0.6976190476190476,0.767891156462585,2,3805,805,805,18,0,6.576644400755565,32,1440,119,5.0,264322,512,128,True,5,,,,,,,,,,,,,,,,,,,,,,,,,,
osa_binary_apples_postqc,transformer,,120m,7,False,False,0.4777249589856131,0.5503663258800595,0.7830700347500668,0.689795918367347,0.7627210884353741,2,3805,805,805,18,0,6.576644400755565,32,1440,119,5.0,264322,512,128,True,5,,,,,,,,,,,,,,,,,,,,,,,,,,
osa_binary_apples_postqc,transformer,,120m,8,True,False,0.4598518012074384,0.5206720064237992,0.7895255279337076,0.7115646258503401,0.7855393586005831,2,3805,805,805,18,0,6.576644400755565,32,1440,119,5.0,264322,512,128,True,5,0.8039421813403417,0.8390911520983695,0.7262562472900764,0.8962485966319166,0.8896551724137931,0.7885271317829458,,,,0.7329192546583851,0.7115646258503401,0.5715848698850711,0.6857142857142857,0.7374149659863946,,,,0.7527950310559006,0.6617069980379333,0.6091670509245366,0.7736821451929365,0.5363636363636364,0.7870503597122303,,,
osa_binary_apples_postqc,transformer,,120m,9,False,False,0.4395815947052683,0.502635248708799,0.7983881315156376,0.6523809523809524,0.7699514091350825,2,3805,805,805,18,0,6.576644400755565,32,1440,119,5.0,264322,512,128,True,5,,,,,,,,,,,,,,,,,,,,,,,,,,
osa_binary_apples_postqc,transformer,,120m,10,False,False,0.4152909756803324,0.5324822734833133,0.8201871157444534,0.6755102040816326,0.7690379008746355,2,3805,805,805,18,0,6.576644400755565,32,1440,119,5.0,264322,512,128,True,5,,,,,,,,,,,,,,,,,,,,,,,,,,
osa_binary_apples_postqc,transformer,,120m,11,False,False,0.3949240855882421,0.5319974167376571,0.8343210371558407,0.6595238095238095,0.7746744412050535,2,3805,805,805,18,0,6.576644400755565,32,1440,119,5.0,264322,512,128,True,5,,,,,,,,,,,,,,,,,,,,,,,,,,
osa_binary_apples_postqc,transformer,,120m,12,False,False,0.3815693488023911,0.5617188139824394,0.8416452820101576,0.6710884353741497,0.7593197278911565,2,3805,805,805,18,0,6.576644400755565,32,1440,119,5.0,264322,512,128,True,5,,,,,,,,,,,,,,,,,,,,,,,,,,
osa_binary_apples_postqc,transformer,,120m,13,False,False,0.3629631444204809,0.6621494959415116,0.8589174017642341,0.7037414965986395,0.7684742468415938,2,3805,805,805,18,0,6.576644400755565,32,1440,119,5.0,264322,512,128,True,5,,,,,,,,,,,,,,,,,,,,,,,,,,
osa_binary_apples_postqc,transformer,,120m,14,False,False,0.3424596659300675,0.6759306478528132,0.857738572574178,0.6812925170068027,0.7520505344995141,2,3805,805,805,18,0,6.576644400755565,32,1440,119,5.0,264322,512,128,True,5,,,,,,,,,,,,,,,,,,,,,,,,,,
osa_binary_apples_postqc,transformer,,120m,15,False,False,0.3356286894906992,0.705752730337174,0.8703902699812884,0.7153061224489796,0.7640427599611274,2,3805,805,805,18,0,6.576644400755565,32,1440,119,5.0,264322,512,128,True,5,,,,,,,,,,,,,,,,,,,,,,,,,,
osa_binary_apples_postqc,transformer,,120m,16,False,False,0.3213131457058108,0.6160573157533911,0.8686474204758086,0.6680272108843537,0.7559572400388727,2,3805,805,805,18,0,6.576644400755565,32,1440,119,5.0,264322,512,128,True,5,,,,,,,,,,,,,,,,,,,,,,,,,,
osa_binary_apples_postqc,transformer,,120m,17,False,False,0.3086431725188091,0.6007398626402668,0.8738198342689121,0.6690476190476191,0.7655587949465501,2,3805,805,805,18,0,6.576644400755565,32,1440,119,5.0,264322,512,128,True,5,,,,,,,,,,,,,,,,,,,,,,,,,,
osa_binary_apples_postqc,transformer,,120m,18,False,False,0.3001321426554829,0.6185172258378787,0.8903849238171613,0.6894557823129253,0.7654227405247813,2,3805,805,805,18,0,6.576644400755565,32,1440,119,5.0,264322,512,128,True,5,,,,,,,,,,,,,,,,,,,,,,,,,,
osa_binary_apples_postqc,transformer,,240m,1,False,False,0.6889597189254109,0.6829985724102636,0.5583092755947607,0.6248299319727891,0.6872691933916424,2,3805,805,805,18,0,21.982071618239086,32,2880,119,5.0,264322,512,128,True,5,,,,,,,,,,,,,,,,,,,,,,,,,,
osa_binary_apples_postqc,transformer,,240m,2,False,False,0.5913579689845463,0.5917045229340192,0.6904584335739108,0.6343537414965987,0.7341302235179785,2,3805,805,805,18,0,21.982071618239086,32,2880,119,5.0,264322,512,128,True,5,,,,,,,,,,,,,,,,,,,,,,,,,,
osa_binary_apples_postqc,transformer,,240m,3,False,False,0.5399023122214143,0.5198839864930751,0.7194333066025127,0.7255102040816326,0.7882215743440233,2,3805,805,805,18,0,21.982071618239086,32,2880,119,5.0,264322,512,128,True,5,,,,,,,,,,,,,,,,,,,,,,,,,,
osa_binary_apples_postqc,transformer,,240m,4,False,False,0.5165911437647415,0.5075823174870533,0.7561975407645014,0.6741496598639456,0.7788143828960156,2,3805,805,805,18,0,21.982071618239086,32,2880,119,5.0,264322,512,128,True,5,,,,,,,,,,,,,,,,,,,,,,,,,,
osa_binary_apples_postqc,transformer,,240m,5,False,False,0.4844414329873435,0.4593393986871154,0.7788091419406575,0.576530612244898,0.7981146744412051,2,3805,805,805,18,0,21.982071618239086,32,2880,119,5.0,264322,512,128,True,5,,,,,,,,,,,,,,,,,,,,,,,,,,
osa_binary_apples_postqc,transformer,,240m,6,False,False,0.4585961526702801,0.4930317593009575,0.785990376904571,0.7680272108843538,0.818561710398445,2,3805,805,805,18,0,21.982071618239086,32,2880,119,5.0,264322,512,128,True,5,,,,,,,,,,,,,,,,,,,,,,,,,,
osa_binary_apples_postqc,transformer,,240m,7,False,False,0.4384864614216633,0.5597792902810973,0.7923282544774124,0.773469387755102,0.8186005830903789,2,3805,805,805,18,0,21.982071618239086,32,2880,119,5.0,264322,512,128,True,5,,,,,,,,,,,,,,,,,,,,,,,,,,
osa_binary_apples_postqc,transformer,,240m,8,True,False,0.4107123556964187,0.4403797022558702,0.818791766907244,0.727891156462585,0.8315451895043733,2,3805,805,805,18,0,21.982071618239086,32,2880,119,5.0,264322,512,128,True,5,0.8688567674113009,0.8264795509222134,0.7800221542499792,0.9143795776530339,0.7655172413793103,0.8874418604651163,,,,0.8099378881987578,0.727891156462585,0.6266924095790306,0.6285714285714286,0.8272108843537415,,,,0.8198757763975155,0.6814257684761282,0.6600120586856033,0.8078090255068673,0.4909090909090909,0.8719424460431655,,,
osa_binary_apples_postqc,transformer,,240m,9,False,False,0.3835119869329926,0.4432656332711625,0.8401630580058808,0.7098639455782313,0.829815354713314,2,3805,805,805,18,0,21.982071618239086,32,2880,119,5.0,264322,512,128,True,5,,,,,,,,,,,,,,,,,,,,,,,,,,
osa_binary_apples_postqc,transformer,,240m,10,False,False,0.3702234507390297,0.5178819650078412,0.843040630847367,0.7629251700680272,0.818192419825073,2,3805,805,805,18,0,21.982071618239086,32,2880,119,5.0,264322,512,128,True,5,,,,,,,,,,,,,,,,,,,,,,,,,,
osa_binary_apples_postqc,transformer,,240m,11,False,False,0.3562072081102178,0.4818016531593773,0.8474993317294841,0.7343537414965986,0.8175704567541302,2,3805,805,805,18,0,21.982071618239086,32,2880,119,5.0,264322,512,128,True,5,,,,,,,,,,,,,,,,,,,,,,,,,,
osa_binary_apples_postqc,transformer,,240m,12,False,False,0.3274229167090452,0.4637755263353819,0.8626009088479016,0.7710884353741496,0.8303790087463556,2,3805,805,805,18,0,21.982071618239086,32,2880,119,5.0,264322,512,128,True,5,,,,,,,,,,,,,,,,,,,,,,,,,,
osa_binary_apples_postqc,transformer,,240m,13,False,False,0.3121534485854551,0.4911006624827751,0.8750040096230954,0.6622448979591837,0.8110981535471331,2,3805,805,805,18,0,21.982071618239086,32,2880,119,5.0,264322,512,128,True,5,,,,,,,,,,,,,,,,,,,,,,,,,,
osa_binary_apples_postqc,transformer,,240m,14,False,False,0.3024034663075373,0.4705443486137466,0.8725728414862337,0.7547619047619047,0.8299514091350826,2,3805,805,805,18,0,21.982071618239086,32,2880,119,5.0,264322,512,128,True,5,,,,,,,,,,,,,,,,,,,,,,,,,,
osa_binary_apples_postqc,transformer,,240m,15,False,False,0.2644078079136223,0.5516578659160722,0.901895215183106,0.7537414965986395,0.8150242954324587,2,3805,805,805,18,0,21.982071618239086,32,2880,119,5.0,264322,512,128,True,5,,,,,,,,,,,,,,,,,,,,,,,,,,
osa_binary_apples_postqc,transformer,,240m,16,False,False,0.2595249780374193,0.5332902282395441,0.9000962309542904,0.7302721088435374,0.815315840621963,2,3805,805,805,18,0,21.982071618239086,32,2880,119,5.0,264322,512,128,True,5,,,,,,,,,,,,,,,,,,,,,,,,,,
osa_binary_apples_postqc,transformer,,240m,17,False,False,0.2372822304876734,0.6088962278970927,0.9094921144079122,0.6962585034013605,0.7933333333333333,2,3805,805,805,18,0,21.982071618239086,32,2880,119,5.0,264322,512,128,True,5,,,,,,,,,,,,,,,,,,,,,,,,,,
osa_binary_apples_postqc,transformer,,240m,18,False,False,0.2208999913523607,0.6755422983740844,0.9141740176423416,0.595578231292517,0.7857725947521866,2,3805,805,805,18,0,21.982071618239086,32,2880,119,5.0,264322,512,128,True,5,,,,,,,,,,,,,,,,,,,,,,,,,,
sex_binary,lstm,,30s,1,False,False,0.6165560746521884,0.6175923403493174,0.6582444286983613,0.6492307692307693,0.7177924788498216,2,33340,7150,7145,20,0,14.78940912882487,32,6,1042,5.0,657922,512,128,True,5,,,,,,,,,,,,,,,,,,,,,,,,,,
sex_binary,lstm,,30s,2,False,False,0.576795130499695,0.6067348147605682,0.6962394304416777,0.6535664335664335,0.7283909433224118,2,33340,7150,7145,20,0,14.78940912882487,32,6,1042,5.0,657922,512,128,True,5,,,,,,,,,,,,,,,,,,,,,,,,,,
sex_binary,lstm,,30s,3,False,False,0.5587565980632647,0.6005054675282299,0.7116263679409747,0.6711888111888111,0.7385011296395911,2,33340,7150,7145,20,0,14.78940912882487,32,6,1042,5.0,657922,512,128,True,5,,,,,,,,,,,,,,,,,,,,,,,,,,
sex_binary,lstm,,30s,4,False,False,0.542775155207892,0.6030137767491641,0.723870936104644,0.6683916083916084,0.7372387109394103,2,33340,7150,7145,20,0,14.78940912882487,32,6,1042,5.0,657922,512,128,True,5,,,,,,,,,,,,,,,,,,,,,,,,,,
sex_binary,lstm,,30s,5,False,False,0.5276716595505553,0.5990116608226216,0.7348370032954303,0.6707692307692308,0.7452408235121523,2,33340,7150,7145,20,0,14.78940912882487,32,6,1042,5.0,657922,512,128,True,5,,,,,,,,,,,,,,,,,,,,,,,,,,
sex_binary,lstm,,30s,6,False,False,0.5141272438881136,0.610365687133549,0.745157858982578,0.6661538461538461,0.7445251699349602,2,33340,7150,7145,20,0,14.78940912882487,32,6,1042,5.0,657922,512,128,True,5,,,,,,,,,,,,,,,,,,,,,,,,,,
sex_binary,lstm,,30s,7,False,False,0.5030148108275836,0.6035760791151674,0.7529010538628516,0.6766433566433567,0.7467107829233703,2,33340,7150,7145,20,0,14.78940912882487,32,6,1042,5.0,657922,512,128,True,5,,,,,,,,,,,,,,,,,,,,,,,,,,
sex_binary,lstm,,30s,8,False,False,0.4925533339515301,0.6009412265657545,0.7584817536637761,0.6787412587412587,0.7503009438114334,2,33340,7150,7145,20,0,14.78940912882487,32,6,1042,5.0,657922,512,128,True,5,,,,,,,,,,,,,,,,,,,,,,,,,,
sex_binary,lstm,,30s,9,False,False,0.4829422332172131,0.5973435146491844,0.766313954403842,0.6788811188811188,0.7524667220890997,2,33340,7150,7145,20,0,14.78940912882487,32,6,1042,5.0,657922,512,128,True,5,,,,,,,,,,,,,,,,,,,,,,,,,,
sex_binary,lstm,,30s,10,True,False,0.4733767041776733,0.6037678057330471,0.774774162926972,0.6829370629370629,0.7534802875446232,2,33340,7150,7145,20,0,14.78940912882487,32,6,1042,5.0,657922,512,128,True,5,0.7996100779844031,0.7988696201819797,0.7986223123132592,0.8853252353477072,0.738657758882478,0.8590814814814814,,,,0.6829370629370629,0.6829370629370629,0.6821357197652513,0.6327272727272727,0.7331468531468531,,,,0.6766106442577031,0.673922373137144,0.6738321109418659,0.7496442495126705,0.6099415204678362,0.7379032258064516,,,
sex_binary,lstm,,30s,11,False,False,0.4615134077080725,0.6244677528301319,0.78112340655262,0.6748251748251748,0.7453438309941807,2,33340,7150,7145,20,0,14.78940912882487,32,6,1042,5.0,657922,512,128,True,5,,,,,,,,,,,,,,,,,,,,,,,,,,
sex_binary,lstm,,30s,12,False,False,0.4537883799091813,0.6751902775330977,0.7839994601342917,0.6594405594405595,0.7498413809966258,2,33340,7150,7145,20,0,14.78940912882487,32,6,1042,5.0,657922,512,128,True,5,,,,,,,,,,,,,,,,,,,,,,,,,,
sex_binary,lstm,,30s,13,False,False,0.4451154139668339,0.6182233460799798,0.7931191326157618,0.6804195804195805,0.7457936916230623,2,33340,7150,7145,20,0,14.78940912882487,32,6,1042,5.0,657922,512,128,True,5,,,,,,,,,,,,,,,,,,,,,,,,,,
sex_binary,lstm,,30s,14,False,False,0.4368044225842064,0.627227388445314,0.7963500039365208,0.6745454545454546,0.7480209301188322,2,33340,7150,7145,20,0,14.78940912882487,32,6,1042,5.0,657922,512,128,True,5,,,,,,,,,,,,,,,,,,,,,,,,,,
sex_binary,lstm,,30s,15,False,False,0.424607390812506,0.6426244989308444,0.8032673752404089,0.6753846153846154,0.7428309648393563,2,33340,7150,7145,20,0,14.78940912882487,32,6,1042,5.0,657922,512,128,True,5,,,,,,,,,,,,,,,,,,,,,,,,,,
sex_binary,lstm,,30s,16,False,False,0.4176790043666967,0.6367250287949622,0.8078840818346437,0.6834965034965035,0.7495084551811826,2,33340,7150,7145,20,0,14.78940912882487,32,6,1042,5.0,657922,512,128,True,5,,,,,,,,,,,,,,,,,,,,,,,,,,
sex_binary,lstm,,30s,17,False,False,0.4082955726013973,0.6488514011806541,0.8154542767486588,0.6732867132867133,0.7429953934177711,2,33340,7150,7145,20,0,14.78940912882487,32,6,1042,5.0,657922,512,128,True,5,,,,,,,,,,,,,,,,,,,,,,,,,,
sex_binary,lstm,,30s,18,False,False,0.3998803821880086,0.691614303105361,0.8202088020604874,0.6604195804195805,0.7401565651132085,2,33340,7150,7145,20,0,14.78940912882487,32,6,1042,5.0,657922,512,128,True,5,,,,,,,,,,,,,,,,,,,,,,,,,,
sex_binary,lstm,,30s,19,False,False,0.3875266944854361,0.6497371370558972,0.8266544297106095,0.6745454545454546,0.7399283290136438,2,33340,7150,7145,20,0,14.78940912882487,32,6,1042,5.0,657922,512,128,True,5,,,,,,,,,,,,,,,,,,,,,,,,,,
sex_binary,lstm,,30s,20,False,False,0.3781804135944147,0.6693479770213574,0.8321007659344738,0.6730069930069931,0.7381399970658711,2,33340,7150,7145,20,0,14.78940912882487,32,6,1042,5.0,657922,512,128,True,5,,,,,,,,,,,,,,,,,,,,,,,,,,
sex_binary,lstm,,10m,1,False,False,0.6149957647992954,0.6049623848841741,0.6609294238058283,0.6626573426573427,0.7301424226123527,2,33340,7150,7145,20,0,21.718971232573193,32,120,1042,5.0,657922,512,128,True,5,,,,,,,,,,,,,,,,,,,,,,,,,,
sex_binary,lstm,,10m,2,False,False,0.5700905282553185,0.5988555185111253,0.7035280853887595,0.6732867132867133,0.7412384370873881,2,33340,7150,7145,20,0,21.718971232573193,32,120,1042,5.0,657922,512,128,True,5,,,,,,,,,,,,,,,,,,,,,,,,,,
sex_binary,lstm,,10m,3,False,False,0.5501195918319464,0.5981026706162033,0.7183497295047856,0.673986013986014,0.7484193848109931,2,33340,7150,7145,20,0,21.718971232573193,32,120,1042,5.0,657922,512,128,True,5,,,,,,,,,,,,,,,,,,,,,,,,,,
sex_binary,lstm,,10m,4,False,False,0.5283599026058703,0.5883745985764723,0.7338754574799518,0.6806993006993007,0.763881774169886,2,33340,7150,7145,20,0,21.718971232573193,32,120,1042,5.0,657922,512,128,True,5,,,,,,,,,,,,,,,,,,,,,,,,,,
sex_binary,lstm,,10m,5,False,False,0.5104144212008238,0.5812208946184678,0.747701967135675,0.6917482517482517,0.7730911438212138,2,33340,7150,7145,20,0,21.718971232573193,32,120,1042,5.0,657922,512,128,True,5,,,,,,,,,,,,,,,,,,,,,,,,,,
sex_binary,lstm,,10m,6,False,False,0.4969075125781232,0.5715915124316315,0.7538551045427451,0.6977622377622378,0.7739143821213751,2,33340,7150,7145,20,0,21.718971232573193,32,120,1042,5.0,657922,512,128,True,5,,,,,,,,,,,,,,,,,,,,,,,,,,
sex_binary,lstm,,10m,7,False,False,0.4824856697976696,0.5830197970183579,0.7665345255367727,0.6935664335664335,0.7715578072277371,2,33340,7150,7145,20,0,21.718971232573193,32,120,1042,5.0,657922,512,128,True,5,,,,,,,,,,,,,,,,,,,,,,,,,,
sex_binary,lstm,,10m,8,False,False,0.4707557214865372,0.5942459949996921,0.7744848938826467,0.6853146853146853,0.7627104699496308,2,33340,7150,7145,20,0,21.718971232573193,32,120,1042,5.0,657922,512,128,True,5,,,,,,,,,,,,,,,,,,,,,,,,,,
sex_binary,lstm,,10m,9,False,False,0.4543618786385049,0.5917039311682427,0.785165965965966,0.691888111888112,0.7673013643698958,2,33340,7150,7145,20,0,21.718971232573193,32,120,1042,5.0,657922,512,128,True,5,,,,,,,,,,,,,,,,,,,,,,,,,,
sex_binary,lstm,,10m,10,True,False,0.4425549519834364,0.590912975664739,0.7908017680601951,0.7065734265734265,0.77745830113942,2,33340,7150,7145,20,0,21.718971232573193,32,120,1042,5.0,657922,512,128,True,5,0.8219256148770246,0.8217839502423772,0.8218422958967966,0.9051118138363081,0.8102641967810507,0.8333037037037037,,,,0.7065734265734266,0.7065734265734265,0.7065719572090771,0.7043356643356643,0.7088111888111888,,,,0.7007002801120448,0.7003537068477645,0.7002748469623348,0.774573390240835,0.6921052631578948,0.7086021505376344,,,
sex_binary,lstm,,10m,11,False,False,0.4268262383819127,0.6121746849013375,0.8020414931785718,0.6945454545454546,0.7659326128417039,2,33340,7150,7145,20,0,21.718971232573193,32,120,1042,5.0,657922,512,128,True,5,,,,,,,,,,,,,,,,,,,,,,,,,,
sex_binary,lstm,,10m,12,False,False,0.4174017668843054,0.60982927378241,0.8075078674179799,0.6935664335664335,0.7674648149053743,2,33340,7150,7145,20,0,21.718971232573193,32,120,1042,5.0,657922,512,128,True,5,,,,,,,,,,,,,,,,,,,,,,,,,,
sex_binary,lstm,,10m,13,False,False,0.4005453849275024,0.6801630947889982,0.8174799248686889,0.6777622377622378,0.7666574991442124,2,33340,7150,7145,20,0,21.718971232573193,32,120,1042,5.0,657922,512,128,True,5,,,,,,,,,,,,,,,,,,,,,,,,,,
sex_binary,lstm,,10m,14,False,False,0.3933601024233801,0.6507244100854114,0.8192777406620103,0.6874125874125874,0.7680936573915595,2,33340,7150,7145,20,0,21.718971232573193,32,120,1042,5.0,657922,512,128,True,5,,,,,,,,,,,,,,,,,,,,,,,,,,
sex_binary,lstm,,10m,15,False,False,0.3795883091359919,0.6386993346431039,0.8305852279245538,0.6847552447552447,0.7609082497921659,2,33340,7150,7145,20,0,21.718971232573193,32,120,1042,5.0,657922,512,128,True,5,,,,,,,,,,,,,,,,,,,,,,,,,,
sex_binary,lstm,,10m,16,False,False,0.3639377511148333,0.645483434016888,0.8372403594605842,0.691048951048951,0.7665921658760819,2,33340,7150,7145,20,0,21.718971232573193,32,120,1042,5.0,657922,512,128,True,5,,,,,,,,,,,,,,,,,,,,,,,,,,
sex_binary,lstm,,10m,17,False,False,0.35241927188996,0.711934174591011,0.8438740943190381,0.6795804195804196,0.7570931781505208,2,33340,7150,7145,20,0,21.718971232573193,32,120,1042,5.0,657922,512,128,True,5,,,,,,,,,,,,,,,,,,,,,,,,,,
sex_binary,lstm,,10m,18,False,False,0.3397587824418435,0.6831304990995181,0.8507212560875482,0.6867132867132868,0.7595116044794366,2,33340,7150,7145,20,0,21.718971232573193,32,120,1042,5.0,657922,512,128,True,5,,,,,,,,,,,,,,,,,,,,,,,,,,
sex_binary,lstm,,10m,19,False,False,0.3258457831086409,0.7695588599051629,0.8560260845114778,0.6717482517482517,0.7469082302313073,2,33340,7150,7145,20,0,21.718971232573193,32,120,1042,5.0,657922,512,128,True,5,,,,,,,,,,,,,,,,,,,,,,,,,,
sex_binary,lstm,,10m,20,False,False,0.309248216830118,0.7117009585720676,0.8692602355164153,0.6843356643356644,0.7614304855983177,2,33340,7150,7145,20,0,21.718971232573193,32,120,1042,5.0,657922,512,128,True,5,,,,,,,,,,,,,,,,,,,,,,,,,,
sex_binary,lstm,,40m,1,False,False,0.6041360586077136,0.5905416911548668,0.6711777395372901,0.6774825174825174,0.7522022592791824,2,33340,7150,7145,22,0,29.40890411535899,32,480,1042,5.0,657922,512,128,True,5,,,,,,,,,,,,,,,,,,,,,,,,,,
sex_binary,lstm,,40m,2,False,False,0.5558057500919898,0.5712368359265627,0.7157967675540708,0.6921678321678322,0.7698993985035942,2,33340,7150,7145,22,0,29.40890411535899,32,480,1042,5.0,657922,512,128,True,5,,,,,,,,,,,,,,,,,,,,,,,,,,
sex_binary,lstm,,40m,3,False,False,0.5315529608376096,0.5741183355554834,0.734910164096681,0.6937062937062937,0.7762451366815004,2,33340,7150,7145,22,0,29.40890411535899,32,480,1042,5.0,657922,512,128,True,5,,,,,,,,,,,,,,,,,,,,,,,,,,
sex_binary,lstm,,40m,4,False,False,0.5147552176728961,0.5533593548761381,0.7464930548526054,0.7089510489510489,0.7881125531810846,2,33340,7150,7145,22,0,29.40890411535899,32,480,1042,5.0,657922,512,128,True,5,,,,,,,,,,,,,,,,,,,,,,,,,,
sex_binary,lstm,,40m,5,False,False,0.4919285815886273,0.5639912379538262,0.762061927095635,0.707972027972028,0.7892561983471075,2,33340,7150,7145,22,0,29.40890411535899,32,480,1042,5.0,657922,512,128,True,5,,,,,,,,,,,,,,,,,,,,,,,,,,
sex_binary,lstm,,40m,6,False,False,0.4750595162818728,0.5503224739578221,0.7724660030817334,0.716923076923077,0.7987139517824833,2,33340,7150,7145,22,0,29.40890411535899,32,480,1042,5.0,657922,512,128,True,5,,,,,,,,,,,,,,,,,,,,,,,,,,
sex_binary,lstm,,40m,7,False,False,0.4595820932811652,0.5498071342915088,0.7836837466680163,0.7211188811188811,0.7977640764829576,2,33340,7150,7145,22,0,29.40890411535899,32,480,1042,5.0,657922,512,128,True,5,,,,,,,,,,,,,,,,,,,,,,,,,,
sex_binary,lstm,,40m,8,False,False,0.4481166243267117,0.5799618478588291,0.7890724162364612,0.7095104895104896,0.796910910068952,2,33340,7150,7145,22,0,29.40890411535899,32,480,1042,5.0,657922,512,128,True,5,,,,,,,,,,,,,,,,,,,,,,,,,,
sex_binary,lstm,,40m,9,False,False,0.4318342924439842,0.5658030408912605,0.799108042874335,0.7124475524475524,0.7930708787715781,2,33340,7150,7145,22,0,29.40890411535899,32,480,1042,5.0,657922,512,128,True,5,,,,,,,,,,,,,,,,,,,,,,,,,,
sex_binary,lstm,,40m,10,False,False,0.4207323095222111,0.5522010951609044,0.80649591614086,0.7191608391608392,0.8050231111545798,2,33340,7150,7145,22,0,29.40890411535899,32,480,1042,5.0,657922,512,128,True,5,,,,,,,,,,,,,,,,,,,,,,,,,,
sex_binary,lstm,,40m,11,False,False,0.4087925335784551,0.5749917408553037,0.8143504853167775,0.7166433566433567,0.8006251650447453,2,33340,7150,7145,22,0,29.40890411535899,32,480,1042,5.0,657922,512,128,True,5,,,,,,,,,,,,,,,,,,,,,,,,,,
sex_binary,lstm,,40m,12,True,False,0.3982769332249578,0.5442525245176328,0.8196427708607483,0.7316083916083915,0.8086170277275171,2,33340,7150,7145,22,0,29.40890411535899,32,480,1042,5.0,657922,512,128,True,5,0.8484703059388122,0.8485359246887336,0.8484663661250782,0.9254466709406036,0.8538718493774674,0.8432,,,,0.7316083916083916,0.7316083916083915,0.7316012042065345,0.7367832167832168,0.7264335664335664,,,,0.7289915966386554,0.728883701188455,0.728692671945062,0.8056058212286991,0.7263157894736842,0.7314516129032258,,,
sex_binary,lstm,,40m,13,False,False,0.3876463992336801,0.5851927433480749,0.8244713117611994,0.7223776223776224,0.7952900973152722,2,33340,7150,7145,22,0,29.40890411535899,32,480,1042,5.0,657922,512,128,True,5,,,,,,,,,,,,,,,,,,,,,,,,,,
sex_binary,lstm,,40m,14,False,False,0.374024509121432,0.5994927117124305,0.833402022246966,0.7170629370629371,0.8039339625409556,2,33340,7150,7145,22,0,29.40890411535899,32,480,1042,5.0,657922,512,128,True,5,,,,,,,,,,,,,,,,,,,,,,,,,,
sex_binary,lstm,,40m,15,False,False,0.3634759616515703,0.588051405486527,0.8398193789294912,0.7262937062937063,0.8034381730157953,2,33340,7150,7145,22,0,29.40890411535899,32,480,1042,5.0,657922,512,128,True,5,,,,,,,,,,,,,,,,,,,,,,,,,,
sex_binary,lstm,,40m,16,False,False,0.3497335434675073,0.6136460131948644,0.8460665699407273,0.7213986013986013,0.8040800821556067,2,33340,7150,7145,22,0,29.40890411535899,32,480,1042,5.0,657922,512,128,True,5,,,,,,,,,,,,,,,,,,,,,,,,,,
sex_binary,lstm,,40m,17,False,False,0.3427440777143891,0.5922886542840438,0.8508167853246504,0.7237762237762237,0.8021359675289744,2,33340,7150,7145,22,0,29.40890411535899,32,480,1042,5.0,657922,512,128,True,5,,,,,,,,,,,,,,,,,,,,,,,,,,
sex_binary,lstm,,40m,18,False,False,0.3351407827627323,0.6262480548045019,0.855670025081261,0.7208391608391609,0.8011292092522861,2,33340,7150,7145,22,0,29.40890411535899,32,480,1042,5.0,657922,512,128,True,5,,,,,,,,,,,,,,,,,,,,,,,,,,
sex_binary,lstm,,40m,19,False,False,0.3196320724437246,0.6108944454643276,0.8632792072971849,0.7257342657342657,0.8038604137121619,2,33340,7150,7145,22,0,29.40890411535899,32,480,1042,5.0,657922,512,128,True,5,,,,,,,,,,,,,,,,,,,,,,,,,,
sex_binary,lstm,,40m,20,False,False,0.3100111768284313,0.6165136101696042,0.8678440327968417,0.7205594405594407,0.7996532250965818,2,33340,7150,7145,22,0,29.40890411535899,32,480,1042,5.0,657922,512,128,True,5,,,,,,,,,,,,,,,,,,,,,,,,,,
sex_binary,lstm,,40m,21,False,False,0.2957525409405004,0.6544505267043214,0.8753578027465668,0.7183216783216784,0.7940874565993447,2,33340,7150,7145,22,0,29.40890411535899,32,480,1042,5.0,657922,512,128,True,5,,,,,,,,,,,,,,,,,,,,,,,,,,
sex_binary,lstm,,40m,22,False,False,0.2867247286211893,0.6924675502977171,0.8811027656870354,0.7163636363636363,0.7917648002347304,2,33340,7150,7145,22,0,29.40890411535899,32,480,1042,5.0,657922,512,128,True,5,,,,,,,,,,,,,,,,,,,,,,,,,,
sex_binary,lstm,,80m,1,False,False,0.600089495506926,0.5839876494514433,0.6756923276406995,0.7014591152946725,0.7643096272132371,2,33335,7145,7150,30,0,86.58668929735819,32,960,1042,5.0,657922,512,128,True,5,,,,,,,,,,,,,,,,,,,,,,,,,,
sex_binary,lstm,,80m,2,False,False,0.5467888105124821,0.5532931425923481,0.7238697393562515,0.7231518855503369,0.7912307662074793,2,33335,7145,7150,30,0,86.58668929735819,32,960,1042,5.0,657922,512,128,True,5,,,,,,,,,,,,,,,,,,,,,,,,,,
sex_binary,lstm,,80m,3,False,False,0.5213687332902728,0.547598617839346,0.7442168441450154,0.7171731483483011,0.79929215713247,2,33335,7145,7150,30,0,86.58668929735819,32,960,1042,5.0,657922,512,128,True,5,,,,,,,,,,,,,,,,,,,,,,,,,,
sex_binary,lstm,,80m,4,False,False,0.5067527700833014,0.5429725609224438,0.7526703152829479,0.7341118556802326,0.8074870988661151,2,33335,7145,7150,30,0,86.58668929735819,32,960,1042,5.0,657922,512,128,True,5,,,,,,,,,,,,,,,,,,,,,,,,,,
sex_binary,lstm,,80m,5,False,False,0.4974366617985924,0.5357811867356551,0.762552041406212,0.7364214828934699,0.8112841786703873,2,33335,7145,7150,30,0,86.58668929735819,32,960,1042,5.0,657922,512,128,True,5,,,,,,,,,,,,,,,,,,,,,,,,,,
sex_binary,lstm,,80m,6,False,False,0.4825641192362837,0.5354401019547184,0.7735939770817913,0.730249376068544,0.8119015858667242,2,33335,7145,7150,30,0,86.58668929735819,32,960,1042,5.0,657922,512,128,True,5,,,,,,,,,,,,,,,,,,,,,,,,,,
sex_binary,lstm,,80m,7,False,False,0.4719852635469575,0.5240798760453165,0.7797175473950932,0.7356269774205593,0.8207328787313066,2,33335,7145,7150,30,0,86.58668929735819,32,960,1042,5.0,657922,512,128,True,5,,,,,,,,,,,,,,,,,,,,,,,,,,
sex_binary,lstm,,80m,8,False,False,0.4574138085077204,0.523808383132462,0.7850678127571906,0.7452701082791282,0.824844537897695,2,33335,7145,7150,30,0,86.58668929735819,32,960,1042,5.0,657922,512,128,True,5,,,,,,,,,,,,,,,,,,,,,,,,,,
sex_binary,lstm,,80m,9,False,False,0.4413577641265332,0.5137487057958807,0.7971063915617195,0.7447188869455853,0.8316114135240829,2,33335,7145,7150,30,0,86.58668929735819,32,960,1042,5.0,657922,512,128,True,5,,,,,,,,,,,,,,,,,,,,,,,,,,
sex_binary,lstm,,80m,10,False,False,0.4288937496230647,0.5083325001098962,0.8042257135602102,0.7562884430208108,0.8348098728555428,2,33335,7145,7150,30,0,86.58668929735819,32,960,1042,5.0,657922,512,128,True,5,,,,,,,,,,,,,,,,,,,,,,,,,,
sex_binary,lstm,,80m,11,False,False,0.415700493435354,0.5039513454769273,0.8109375827286823,0.7590305972055731,0.8390037927171968,2,33335,7145,7150,30,0,86.58668929735819,32,960,1042,5.0,657922,512,128,True,5,,,,,,,,,,,,,,,,,,,,,,,,,,
sex_binary,lstm,,80m,12,False,False,0.4040456899401128,0.5092733188848382,0.8184066118113597,0.760249376068544,0.8375661760371018,2,33335,7145,7150,30,0,86.58668929735819,32,960,1042,5.0,657922,512,128,True,5,,,,,,,,,,,,,,,,,,,,,,,,,,
sex_binary,lstm,,80m,13,False,False,0.3926320332860024,0.508298994212863,0.8249414618597137,0.7626232633089001,0.8390779570420736,2,33335,7145,7150,30,0,86.58668929735819,32,960,1042,5.0,657922,512,128,True,5,,,,,,,,,,,,,,,,,,,,,,,,,,
sex_binary,lstm,,80m,14,False,False,0.380059556454505,0.5244134300692754,0.8322141752164227,0.7629826871303083,0.8399606972311198,2,33335,7145,7150,30,0,86.58668929735819,32,960,1042,5.0,657922,512,128,True,5,,,,,,,,,,,,,,,,,,,,,,,,,,
sex_binary,lstm,,80m,15,False,False,0.364729323970229,0.5425327162441463,0.8400944119982927,0.7496252480987285,0.8389127282017017,2,33335,7145,7150,30,0,86.58668929735819,32,960,1042,5.0,657922,512,128,True,5,,,,,,,,,,,,,,,,,,,,,,,,,,
sex_binary,lstm,,80m,16,False,False,0.3561174893515103,0.5276905173371937,0.8455912343164427,0.7609253836932812,0.8397341560712952,2,33335,7145,7150,30,0,86.58668929735819,32,960,1042,5.0,657922,512,128,True,5,,,,,,,,,,,,,,,,,,,,,,,,,,
sex_binary,lstm,,80m,17,False,False,0.3459748681739154,0.6048765671344968,0.8492135394999631,0.7457102992905851,0.8348666260538056,2,33335,7145,7150,30,0,86.58668929735819,32,960,1042,5.0,657922,512,128,True,5,,,,,,,,,,,,,,,,,,,,,,,,,,
sex_binary,lstm,,80m,18,False,False,0.3316231382028156,0.530490864794558,0.8581863981890185,0.7656725686324601,0.8417857606068346,2,33335,7145,7150,30,0,86.58668929735819,32,960,1042,5.0,657922,512,128,True,5,,,,,,,,,,,,,,,,,,,,,,,,,,
sex_binary,lstm,,80m,19,False,False,0.3171245238547456,0.63429758923299,0.8677374256905088,0.7502124314657967,0.8395282095623637,2,33335,7145,7150,30,0,86.58668929735819,32,960,1042,5.0,657922,512,128,True,5,,,,,,,,,,,,,,,,,,,,,,,,,,
sex_binary,lstm,,80m,20,True,False,0.3071108515167479,0.5571578648892878,0.8713790995157389,0.7660345471338457,0.8433872698331597,2,33335,7145,7150,30,0,86.58668929735819,32,960,1042,5.0,657922,512,128,True,5,0.8932053397330133,0.8938709279479324,0.8932022603252225,0.9595657228168183,0.9210947109471095,0.8666471449487555,,,,0.7678096571028692,0.7660345471338457,0.7665054251312038,0.7973509933774835,0.7347181008902077,,,,0.7553846153846154,0.7567109195120756,0.7553846105997284,0.8374609513545289,0.7883211678832117,0.7251006711409396,,,
sex_binary,lstm,,80m,21,False,False,0.2919916011412068,0.5736180908566092,0.8779856522576939,0.7537524318588245,0.8348974394246075,2,33335,7145,7150,30,0,86.58668929735819,32,960,1042,5.0,657922,512,128,True,5,,,,,,,,,,,,,,,,,,,,,,,,,,
sex_binary,lstm,,80m,22,False,False,0.2841147286210332,0.6007179111961805,0.8822654557438694,0.7507251360858372,0.8396019022540138,2,33335,7145,7150,30,0,86.58668929735819,32,960,1042,5.0,657922,512,128,True,5,,,,,,,,,,,,,,,,,,,,,,,,,,
sex_binary,lstm,,80m,23,False,False,0.2666988654304377,0.5868331042034297,0.8899965602877112,0.7587191227621986,0.8348933519366439,2,33335,7145,7150,30,0,86.58668929735819,32,960,1042,5.0,657922,512,128,True,5,,,,,,,,,,,,,,,,,,,,,,,,,,
sex_binary,lstm,,80m,24,False,False,0.2593567807598952,0.5851443833148171,0.8919891712094281,0.7590960363157584,0.8385288187552814,2,33335,7145,7150,30,0,86.58668929735819,32,960,1042,5.0,657922,512,128,True,5,,,,,,,,,,,,,,,,,,,,,,,,,,
sex_binary,lstm,,80m,25,False,False,0.2407314620843905,0.6041688265647814,0.9013764612023863,0.7591516497337237,0.8377214612769468,2,33335,7145,7150,30,0,86.58668929735819,32,960,1042,5.0,657922,512,128,True,5,,,,,,,,,,,,,,,,,,,,,,,,,,
sex_binary,lstm,,80m,26,False,False,0.2292185312905589,0.6095134852106042,0.9095847492881955,0.7594081003006662,0.8369103700355691,2,33335,7145,7150,30,0,86.58668929735819,32,960,1042,5.0,657922,512,128,True,5,,,,,,,,,,,,,,,,,,,,,,,,,,
sex_binary,lstm,,80m,27,False,False,0.2156856690076528,0.6435691277658797,0.9164489742994062,0.7565464656985085,0.8331073948159649,2,33335,7145,7150,30,0,86.58668929735819,32,960,1042,5.0,657922,512,128,True,5,,,,,,,,,,,,,,,,,,,,,,,,,,
sex_binary,lstm,,80m,28,False,False,0.2084063663249504,0.6850385279339289,0.9181752506397683,0.7473183720793131,0.8335999371155698,2,33335,7145,7150,30,0,86.58668929735819,32,960,1042,5.0,657922,512,128,True,5,,,,,,,,,,,,,,,,,,,,,,,,,,
sex_binary,lstm,,80m,29,False,False,0.1912006382234936,0.6850707648524023,0.9262753588736472,0.7505390374751901,0.8319265431249631,2,33335,7145,7150,30,0,86.58668929735819,32,960,1042,5.0,657922,512,128,True,5,,,,,,,,,,,,,,,,,,,,,,,,,,
sex_binary,lstm,,80m,30,False,False,0.1823025792519764,0.687919151033239,0.9314088323167272,0.7548065321201878,0.8339712696759486,2,33335,7145,7150,30,0,86.58668929735819,32,960,1042,5.0,657922,512,128,True,5,,,,,,,,,,,,,,,,,,,,,,,,,,
sex_binary,lstm,,120m,1,False,False,0.6011750638592238,0.5736107479700098,0.6746951082248743,0.7065279933971349,0.7720374948415115,2,33335,7145,7150,33,0,115.67422663768133,32,1440,1042,5.0,657922,512,128,True,5,,,,,,,,,,,,,,,,,,,,,,,,,,
sex_binary,lstm,,120m,2,False,False,0.5492191393335702,0.5406178072543307,0.7207668937597136,0.7253426218877119,0.8007778017961367,2,33335,7145,7150,33,0,115.67422663768133,32,1440,1042,5.0,657922,512,128,True,5,,,,,,,,,,,,,,,,,,,,,,,,,,
sex_binary,lstm,,120m,3,False,False,0.5232768369271728,0.5371562911673307,0.7424040437329703,0.727453377090416,0.8048365201328432,2,33335,7145,7150,33,0,115.67422663768133,32,1440,1042,5.0,657922,512,128,True,5,,,,,,,,,,,,,,,,,,,,,,,,,,
sex_binary,lstm,,120m,4,False,False,0.5100296963891902,0.5340408198186115,0.7529741625381114,0.732184840922043,0.8132635447167252,2,33335,7145,7150,33,0,115.67422663768133,32,1440,1042,5.0,657922,512,128,True,5,,,,,,,,,,,,,,,,,,,,,,,,,,
sex_binary,lstm,,120m,5,False,False,0.4980241047597564,0.5223325703759724,0.762444680962183,0.7405431642659225,0.8178940004323306,2,33335,7145,7150,33,0,115.67422663768133,32,1440,1042,5.0,657922,512,128,True,5,,,,,,,,,,,,,,,,,,,,,,,,,,
sex_binary,lstm,,120m,6,False,False,0.4866004045084353,0.5156635320336773,0.7695405913063522,0.7479654921689234,0.8271187533161711,2,33335,7145,7150,33,0,115.67422663768133,32,1440,1042,5.0,657922,512,128,True,5,,,,,,,,,,,,,,,,,,,,,,,,,,
sex_binary,lstm,,120m,7,False,False,0.4734511445849593,0.5087808009333508,0.7764313795407354,0.7441464421168471,0.8311762925698114,2,33335,7145,7150,33,0,115.67422663768133,32,1440,1042,5.0,657922,512,128,True,5,,,,,,,,,,,,,,,,,,,,,,,,,,
sex_binary,lstm,,120m,8,False,False,0.4621035394638897,0.5008156327453838,0.7858566144226595,0.7545709120207519,0.8388349087193194,2,33335,7145,7150,33,0,115.67422663768133,32,1440,1042,5.0,657922,512,128,True,5,,,,,,,,,,,,,,,,,,,,,,,,,,
sex_binary,lstm,,120m,9,False,False,0.4478658918911001,0.5010784666737615,0.7930520423066603,0.7583233438795763,0.8394945663922023,2,33335,7145,7150,33,0,115.67422663768133,32,1440,1042,5.0,657922,512,128,True,5,,,,,,,,,,,,,,,,,,,,,,,,,,
sex_binary,lstm,,120m,10,False,False,0.4363063710176088,0.5013152957546536,0.7990347104788764,0.7574496433273724,0.8405001277339987,2,33335,7145,7150,33,0,115.67422663768133,32,1440,1042,5.0,657922,512,128,True,5,,,,,,,,,,,,,,,,,,,,,,,,,,
sex_binary,lstm,,120m,11,False,False,0.4215333536296336,0.49418655534342,0.8087630452439225,0.7642502014266905,0.8451787686442509,2,33335,7145,7150,33,0,115.67422663768133,32,1440,1042,5.0,657922,512,128,True,5,,,,,,,,,,,,,,,,,,,,,,,,,,
sex_binary,lstm,,120m,12,False,False,0.4123629505270976,0.497649775473616,0.8137472423772554,0.7637834810462397,0.8419062628962211,2,33335,7145,7150,33,0,115.67422663768133,32,1440,1042,5.0,657922,512,128,True,5,,,,,,,,,,,,,,,,,,,,,,,,,,
sex_binary,lstm,,120m,13,False,False,0.3947757858904259,0.507431053783695,0.8249032288273102,0.7596397901232141,0.8469528956314971,2,33335,7145,7150,33,0,115.67422663768133,32,1440,1042,5.0,657922,512,128,True,5,,,,,,,,,,,,,,,,,,,,,,,,,,
sex_binary,lstm,,120m,14,False,False,0.3859794883717656,0.4954108348555545,0.8293601955053226,0.7707096114921297,0.8482579440721598,2,33335,7145,7150,33,0,115.67422663768133,32,1440,1042,5.0,657922,512,128,True,5,,,,,,,,,,,,,,,,,,,,,,,,,,
sex_binary,lstm,,120m,15,False,False,0.3692686457308189,0.5004734574643109,0.8378615975032371,0.7704765460726708,0.8463402440701947,2,33335,7145,7150,33,0,115.67422663768133,32,1440,1042,5.0,657922,512,128,True,5,,,,,,,,,,,,,,,,,,,,,,,,,,
sex_binary,lstm,,120m,16,False,False,0.3602343385627607,0.5089815123711874,0.8448869127051446,0.7678611433175467,0.8494865093245819,2,33335,7145,7150,33,0,115.67422663768133,32,1440,1042,5.0,657922,512,128,True,5,,,,,,,,,,,,,,,,,,,,,,,,,,
sex_binary,lstm,,120m,17,False,False,0.3502431544743325,0.5243759719640579,0.8494171938791131,0.7653100005895415,0.849126338750565,2,33335,7145,7150,33,0,115.67422663768133,32,1440,1042,5.0,657922,512,128,True,5,,,,,,,,,,,,,,,,,,,,,,,,,,
sex_binary,lstm,,120m,18,False,False,0.3370783655963881,0.5368381437584184,0.8566212120393533,0.7688065714229567,0.8487975710888831,2,33335,7145,7150,33,0,115.67422663768133,32,1440,1042,5.0,657922,512,128,True,5,,,,,,,,,,,,,,,,,,,,,,,,,,
sex_binary,lstm,,120m,19,False,False,0.323469435214746,0.52703801085058,0.8622642311342587,0.7655469962858883,0.8454816357812408,2,33335,7145,7150,33,0,115.67422663768133,32,1440,1042,5.0,657922,512,128,True,5,,,,,,,,,,,,,,,,,,,,,,,,,,
sex_binary,lstm,,120m,20,False,False,0.3114709569280681,0.5270192236709295,0.8698942783717735,0.7695346552164599,0.8477123823373358,2,33335,7145,7150,33,0,115.67422663768133,32,1440,1042,5.0,657922,512,128,True,5,,,,,,,,,,,,,,,,,,,,,,,,,,
sex_binary,lstm,,120m,21,False,False,0.3000747288419547,0.5314779528564636,0.8746179398104377,0.7584329986047518,0.8439603042034312,2,33335,7145,7150,33,0,115.67422663768133,32,1440,1042,5.0,657922,512,128,True,5,,,,,,,,,,,,,,,,,,,,,,,,,,
sex_binary,lstm,,120m,22,False,False,0.2874102871109024,0.5298349657389899,0.8821746725519963,0.7664613752038831,0.8475675909367814,2,33335,7145,7150,33,0,115.67422663768133,32,1440,1042,5.0,657922,512,128,True,5,,,,,,,,,,,,,,,,,,,,,,,,,,
sex_binary,lstm,,120m,23,True,False,0.2709824967030304,0.5578955250865851,0.8885132789102415,0.7712069880323069,0.8503132823707431,2,33335,7145,7150,33,0,115.67422663768133,32,1440,1042,5.0,657922,512,128,True,5,0.9100944952752362,0.9101192463608385,0.9100539212746522,0.967955269333074,0.9111316113161132,0.9091068814055637,,,,0.772148355493352,0.7712069880323069,0.7713162365578207,0.7878145695364238,0.7545994065281899,,,,0.7724475524475525,0.7724283544799881,0.7722014734485049,0.8500030372801646,0.771970802919708,0.7728859060402684,,,
sex_binary,lstm,,120m,24,False,False,0.2598327307833784,0.5809294854441334,0.8934036853545695,0.7699620728280308,0.8485317271601784,2,33335,7145,7150,33,0,115.67422663768133,32,1440,1042,5.0,657922,512,128,True,5,,,,,,,,,,,,,,,,,,,,,,,,,,
sex_binary,lstm,,120m,25,False,False,0.2463695420708562,0.5815563673506757,0.9028287761647747,0.7674653644349244,0.8459061842906832,2,33335,7145,7150,33,0,115.67422663768133,32,1440,1042,5.0,657922,512,128,True,5,,,,,,,,,,,,,,,,,,,,,,,,,,
sex_binary,lstm,,120m,26,False,False,0.2326223452078343,0.592565295994386,0.9082787751742818,0.7581755654685872,0.8380684261206202,2,33335,7145,7150,33,0,115.67422663768133,32,1440,1042,5.0,657922,512,128,True,5,,,,,,,,,,,,,,,,,,,,,,,,,,
sex_binary,lstm,,120m,27,False,False,0.2182747399805188,0.6017927617011911,0.9127855726580693,0.7649920411893019,0.8431632440505432,2,33335,7145,7150,33,0,115.67422663768133,32,1440,1042,5.0,657922,512,128,True,5,,,,,,,,,,,,,,,,,,,,,,,,,,
sex_binary,lstm,,120m,28,False,False,0.2080174618918748,0.6184648015251561,0.9178517465994572,0.7601680193369622,0.8413720596616032,2,33335,7145,7150,33,0,115.67422663768133,32,1440,1042,5.0,657922,512,128,True,5,,,,,,,,,,,,,,,,,,,,,,,,,,
sex_binary,lstm,,120m,29,False,False,0.1910102943457172,0.7441932843809073,0.926720468449194,0.7484548116414802,0.8398399984278894,2,33335,7145,7150,33,0,115.67422663768133,32,1440,1042,5.0,657922,512,128,True,5,,,,,,,,,,,,,,,,,,,,,,,,,,
sex_binary,lstm,,120m,30,False,False,0.185612148957952,0.6854405718194053,0.9300354146294024,0.7625393518973411,0.8408199736671449,2,33335,7145,7150,33,0,115.67422663768133,32,1440,1042,5.0,657922,512,128,True,5,,,,,,,,,,,,,,,,,,,,,,,,,,
sex_binary,lstm,,120m,31,False,False,0.170299288038194,0.6527216156515794,0.9352187188782576,0.7615339870693891,0.8408077505060231,2,33335,7145,7150,33,0,115.67422663768133,32,1440,1042,5.0,657922,512,128,True,5,,,,,,,,,,,,,,,,,,,,,,,,,,
sex_binary,lstm,,120m,32,False,False,0.1634257724233451,0.6768499050318069,0.9402117223954084,0.7631286969166977,0.8404107925403344,2,33335,7145,7150,33,0,115.67422663768133,32,1440,1042,5.0,657922,512,128,True,5,,,,,,,,,,,,,,,,,,,,,,,,,,
sex_binary,lstm,,120m,33,False,False,0.1534679158422406,0.6762965665338985,0.943491659147924,0.7630455715605164,0.8426312024682141,2,33335,7145,7150,33,0,115.67422663768133,32,1440,1042,5.0,657922,512,128,True,5,,,,,,,,,,,,,,,,,,,,,,,,,,
sex_binary,lstm,,240m,1,False,False,0.5956036523818283,0.575998864701947,0.6774586573995316,0.7049295497867825,0.7735240041660936,2,33331,7145,7150,35,0,156.33233363231022,32,2880,1042,4.9994000299985,657922,512,128,True,5,,,,,,,,,,,,,,,,,,,,,,,,,,
sex_binary,lstm,,240m,2,False,False,0.5390492232750503,0.5418968227545309,0.7304468087589903,0.7319118831921709,0.8033759506357222,2,33331,7145,7150,35,0,156.33233363231022,32,2880,1042,4.9994000299985,657922,512,128,True,5,,,,,,,,,,,,,,,,,,,,,,,,,,
sex_binary,lstm,,240m,3,False,False,0.5143198462027727,0.5160471147970356,0.7530774102919988,0.7510181382278381,0.8230882543675201,2,33331,7145,7150,35,0,156.33233363231022,32,2880,1042,4.9994000299985,657922,512,128,True,5,,,,,,,,,,,,,,,,,,,,,,,,,,
sex_binary,lstm,,240m,4,False,False,0.4898696824519756,0.5059123981386903,0.7677910262349065,0.7629677520781339,0.8324633403423273,2,33331,7145,7150,35,0,156.33233363231022,32,2880,1042,4.9994000299985,657922,512,128,True,5,,,,,,,,,,,,,,,,,,,,,,,,,,
sex_binary,lstm,,240m,5,False,False,0.479133243302351,0.5007643132797065,0.777037579394012,0.7612510071334526,0.8352102501621238,2,33331,7145,7150,35,0,156.33233363231022,32,2880,1042,4.9994000299985,657922,512,128,True,5,,,,,,,,,,,,,,,,,,,,,,,,,,
sex_binary,lstm,,240m,6,False,False,0.4686305665175144,0.5098352152497057,0.7829803415631251,0.7628429657869397,0.8423756165621868,2,33331,7145,7150,35,0,156.33233363231022,32,2880,1042,4.9994000299985,657922,512,128,True,5,,,,,,,,,,,,,,,,,,,,,,,,,,
sex_binary,lstm,,240m,7,False,False,0.4529762888942907,0.5069757058059027,0.7938896845912985,0.7658511997170201,0.8415455420834398,2,33331,7145,7150,35,0,156.33233363231022,32,2880,1042,4.9994000299985,657922,512,128,True,5,,,,,,,,,,,,,,,,,,,,,,,,,,
sex_binary,lstm,,240m,8,False,False,0.4389882680052259,0.4910132322906196,0.798827192170346,0.7825324739127871,0.8509701888498045,2,33331,7145,7150,35,0,156.33233363231022,32,2880,1042,4.9994000299985,657922,512,128,True,5,,,,,,,,,,,,,,,,,,,,,,,,,,
sex_binary,lstm,,240m,9,False,False,0.4249423035518525,0.4997655442100542,0.80893125577908,0.7661980466523867,0.8532652347357871,2,33331,7145,7150,35,0,156.33233363231022,32,2880,1042,4.9994000299985,657922,512,128,True,5,,,,,,,,,,,,,,,,,,,,,,,,,,
sex_binary,lstm,,240m,10,False,False,0.4141855748101882,0.4705723471183556,0.814387496241549,0.7888024446322244,0.8615753728850197,2,33331,7145,7150,35,0,156.33233363231022,32,2880,1042,4.9994000299985,657922,512,128,True,5,,,,,,,,,,,,,,,,,,,,,,,,,,
sex_binary,lstm,,240m,11,False,False,0.3990779227772825,0.4937750710337374,0.8224975327340995,0.7828042525595929,0.8574605301943522,2,33331,7145,7150,35,0,156.33233363231022,32,2880,1042,4.9994000299985,657922,512,128,True,5,,,,,,,,,,,,,,,,,,,,,,,,,,
sex_binary,lstm,,240m,12,False,False,0.3834750681524533,0.502378287137681,0.8323718796030442,0.7715506907461631,0.8575688879281546,2,33331,7145,7150,35,0,156.33233363231022,32,2880,1042,4.9994000299985,657922,512,128,True,5,,,,,,,,,,,,,,,,,,,,,,,,,,
sex_binary,lstm,,240m,13,False,False,0.3693030924780749,0.4917808224342143,0.841783366884691,0.7859734313282372,0.8660813174288128,2,33331,7145,7150,35,0,156.33233363231022,32,2880,1042,4.9994000299985,657922,512,128,True,5,,,,,,,,,,,,,,,,,,,,,,,,,,
sex_binary,lstm,,240m,14,False,False,0.3549791753250954,0.4759770327260062,0.8451060771225134,0.783195118596105,0.8644780788806572,2,33331,7145,7150,35,0,156.33233363231022,32,2880,1042,4.9994000299985,657922,512,128,True,5,,,,,,,,,,,,,,,,,,,,,,,,,,
sex_binary,lstm,,240m,15,False,False,0.3475731621990359,0.4631543045361677,0.8520780640264958,0.7934847800027511,0.8687276514630455,2,33331,7145,7150,35,0,156.33233363231022,32,2880,1042,4.9994000299985,657922,512,128,True,5,,,,,,,,,,,,,,,,,,,,,,,,,,
sex_binary,lstm,,240m,16,False,False,0.3301252940550792,0.4989514754343441,0.8604499563828747,0.7962505158488415,0.8692441684516674,2,33331,7145,7150,35,0,156.33233363231022,32,2880,1042,4.9994000299985,657922,512,128,True,5,,,,,,,,,,,,,,,,,,,,,,,,,,
sex_binary,lstm,,240m,17,False,False,0.3167788826682695,0.5278932467016976,0.8685493344740722,0.7935987580325035,0.8669840234244502,2,33331,7145,7150,35,0,156.33233363231022,32,2880,1042,4.9994000299985,657922,512,128,True,5,,,,,,,,,,,,,,,,,,,,,,,,,,
sex_binary,lstm,,240m,18,False,False,0.3045916309977146,0.495811715468952,0.8742926258417291,0.8005162418692398,0.8725005993672255,2,33331,7145,7150,35,0,156.33233363231022,32,2880,1042,4.9994000299985,657922,512,128,True,5,,,,,,,,,,,,,,,,,,,,,,,,,,
sex_binary,lstm,,240m,19,False,False,0.2924378984210007,0.5332252824388345,0.8817290052550224,0.7910969402794427,0.8656787391671743,2,33331,7145,7150,35,0,156.33233363231022,32,2880,1042,4.9994000299985,657922,512,128,True,5,,,,,,,,,,,,,,,,,,,,,,,,,,
sex_binary,lstm,,240m,20,False,False,0.278690177598683,0.5074990962293753,0.8861455787394849,0.7978312732131979,0.8695624422740581,2,33331,7145,7150,35,0,156.33233363231022,32,2880,1042,4.9994000299985,657922,512,128,True,5,,,,,,,,,,,,,,,,,,,,,,,,,,
sex_binary,lstm,,240m,21,False,False,0.2673582678001271,0.5256513941230121,0.892664788035614,0.7949896830231691,0.8692887770943464,2,33331,7145,7150,35,0,156.33233363231022,32,2880,1042,4.9994000299985,657922,512,128,True,5,,,,,,,,,,,,,,,,,,,,,,,,,,
sex_binary,lstm,,240m,22,False,False,0.2496374283860051,0.517804934333246,0.9019068144814189,0.7999801521017156,0.8699621121307997,2,33331,7145,7150,35,0,156.33233363231022,32,2880,1042,4.9994000299985,657922,512,128,True,5,,,,,,,,,,,,,,,,,,,,,,,,,,
sex_binary,lstm,,240m,23,False,False,0.2390822326724619,0.5195428442331181,0.90623530349298,0.7985851003203175,0.8711956688348695,2,33331,7145,7150,35,0,156.33233363231022,32,2880,1042,4.9994000299985,657922,512,128,True,5,,,,,,,,,,,,,,,,,,,,,,,,,,
sex_binary,lstm,,240m,24,False,False,0.2302497166126858,0.5322958868769884,0.9088595939266172,0.7993234028337296,0.8721817360033014,2,33331,7145,7150,35,0,156.33233363231022,32,2880,1042,4.9994000299985,657922,512,128,True,5,,,,,,,,,,,,,,,,,,,,,,,,,,
sex_binary,lstm,,240m,25,True,False,0.2164534136622993,0.5358482875009416,0.9169987036991804,0.7963420913003321,0.8747291842710319,2,33331,7145,7150,35,0,156.33233363231022,32,2880,1042,4.9994000299985,657922,512,128,True,5,0.9272449071435,0.9266298779794078,0.9270781295331492,0.9787265676388239,0.9013530135301353,0.9519067424286802,,,,0.7939818054583625,0.7963420913003321,0.7939792832181531,0.7547019867549669,0.8379821958456973,,,,0.7909090909090909,0.7890295399990203,0.7896324254558217,0.8691402537598589,0.7442335766423358,0.8338255033557047,,,
sex_binary,lstm,,240m,26,False,False,0.2054090705047753,0.5837204024148095,0.9206155530303471,0.8001444376756343,0.873400672077348,2,33331,7145,7150,35,0,156.33233363231022,32,2880,1042,4.9994000299985,657922,512,128,True,5,,,,,,,,,,,,,,,,,,,,,,,,,,
sex_binary,lstm,,240m,27,False,False,0.1911910683321683,0.599154380538701,0.9275040542274676,0.8006805274431583,0.8717812014856446,2,33331,7145,7150,35,0,156.33233363231022,32,2880,1042,4.9994000299985,657922,512,128,True,5,,,,,,,,,,,,,,,,,,,,,,,,,,
sex_binary,lstm,,240m,28,False,False,0.1821994635285633,0.6235949173235993,0.9310112663103084,0.7975425943757737,0.8702892683789574,2,33331,7145,7150,35,0,156.33233363231022,32,2880,1042,4.9994000299985,657922,512,128,True,5,,,,,,,,,,,,,,,,,,,,,,,,,,
sex_binary,lstm,,240m,29,False,False,0.1654288964605628,0.6036681577750984,0.9378850867619448,0.7958736022952817,0.8707091398589031,2,33331,7145,7150,35,0,156.33233363231022,32,2880,1042,4.9994000299985,657922,512,128,True,5,,,,,,,,,,,,,,,,,,,,,,,,,,
sex_binary,lstm,,240m,30,False,False,0.1567505770869355,0.6142541613544489,0.9427586043038686,0.7970564191247274,0.8673612514001611,2,33331,7145,7150,35,0,156.33233363231022,32,2880,1042,4.9994000299985,657922,512,128,True,5,,,,,,,,,,,,,,,,,,,,,,,,,,
sex_binary,lstm,,240m,31,False,False,0.1467625476463067,0.6425524014344816,0.9472206088413178,0.7972332815846876,0.8685042545247312,2,33331,7145,7150,35,0,156.33233363231022,32,2880,1042,4.9994000299985,657922,512,128,True,5,,,,,,,,,,,,,,,,,,,,,,,,,,
sex_binary,lstm,,240m,32,False,False,0.1372916719033705,0.6305538169405847,0.9494508446490356,0.7982313754003969,0.870387643209464,2,33331,7145,7150,35,0,156.33233363231022,32,2880,1042,4.9994000299985,657922,512,128,True,5,,,,,,,,,,,,,,,,,,,,,,,,,,
sex_binary,lstm,,240m,33,False,False,0.1291954875254351,0.6461380443374116,0.9546552391743824,0.8004787077249592,0.8724045827028514,2,33331,7145,7150,35,0,156.33233363231022,32,2880,1042,4.9994000299985,657922,512,128,True,5,,,,,,,,,,,,,,,,,,,,,,,,,,
sex_binary,lstm,,240m,34,False,False,0.1197322454742857,0.6666938286419356,0.9574229830078748,0.8001546563955431,0.8707510366105292,2,33331,7145,7150,35,0,156.33233363231022,32,2880,1042,4.9994000299985,657922,512,128,True,5,,,,,,,,,,,,,,,,,,,,,,,,,,
sex_binary,lstm,,240m,35,False,False,0.1147893462437957,0.6858001471096304,0.9604981578636592,0.8033731601391318,0.8698210937960579,2,33331,7145,7150,35,0,156.33233363231022,32,2880,1042,4.9994000299985,657922,512,128,True,5,,,,,,,,,,,,,,,,,,,,,,,,,,
sex_binary,mean_pool,,30s,1,False,False,0.6892817447992642,0.6380649742586284,0.5976010437996034,0.6369198420028691,0.6936828659579067,2,33335,7145,7150,18,0,18.174096643924713,32,6,1042,5.0,1026,512,128,True,5,,,,,,,,,,,,,,,,,,,,,,,,,,
sex_binary,mean_pool,,30s,2,False,False,0.6371989604556724,0.6275865794771447,0.6426586004513046,0.6492446007821251,0.7093183720793129,2,33335,7145,7150,18,0,18.174096643924713,32,6,1042,5.0,1026,512,128,True,5,,,,,,,,,,,,,,,,,,,,,,,,,,
sex_binary,mean_pool,,30s,3,False,False,0.622723600343015,0.6197063105101348,0.6575127818628113,0.6555560359227308,0.7144690785465837,2,33335,7145,7150,18,0,18.174096643924713,32,6,1042,5.0,1026,512,128,True,5,,,,,,,,,,,,,,,,,,,,,,,,,,
sex_binary,mean_pool,,30s,4,False,False,0.6184164214674207,0.6211177170276642,0.6593739453499952,0.6602259909210604,0.7148039774402106,2,33335,7145,7150,18,0,18.174096643924713,32,6,1042,5.0,1026,512,128,True,5,,,,,,,,,,,,,,,,,,,,,,,,,,
sex_binary,mean_pool,,30s,5,False,False,0.6154259634515022,0.6175486702740485,0.6657491009024292,0.6606693261540275,0.7176223396938313,2,33335,7145,7150,18,0,18.174096643924713,32,6,1042,5.0,1026,512,128,True,5,,,,,,,,,,,,,,,,,,,,,,,,,,
sex_binary,mean_pool,,30s,6,False,False,0.6124186660336182,0.6212304789299228,0.6655661388239065,0.661493701731287,0.7171012635840195,2,33335,7145,7150,18,0,18.174096643924713,32,6,1042,5.0,1026,512,128,True,5,,,,,,,,,,,,,,,,,,,,,,,,,,
sex_binary,mean_pool,,30s,7,False,False,0.6097843291216997,0.6144791116741173,0.6697288120026149,0.6568968498830743,0.7185174602550749,2,33335,7145,7150,18,0,18.174096643924713,32,6,1042,5.0,1026,512,128,True,5,,,,,,,,,,,,,,,,,,,,,,,,,,
sex_binary,mean_pool,,30s,8,True,False,0.6121059757203771,0.6167159443055107,0.6690890705393144,0.6656786605616365,0.72242604201466,2,33335,7145,7150,18,0,18.174096643924713,32,6,1042,5.0,1026,512,128,True,5,0.6890055497225138,0.6879528489281965,0.6878865431205509,0.7518699500611404,0.6448954489544896,0.7310102489019034,,,,0.6624212736179146,0.6656786605616365,0.6622897577996684,0.6082119205298013,0.7231454005934718,,,,0.6657342657342658,0.6632753637387939,0.6632182496312221,0.7198771763092148,0.6046715328467154,0.7218791946308725,,,
sex_binary,mean_pool,,30s,9,False,False,0.6122157656433022,0.617508692612925,0.6655557206377334,0.6610104741879066,0.7205914673688761,2,33335,7145,7150,18,0,18.174096643924713,32,6,1042,5.0,1026,512,128,True,5,,,,,,,,,,,,,,,,,,,,,,,,,,
sex_binary,mean_pool,,30s,10,False,False,0.610253617174178,0.6134184902326638,0.6687856825127549,0.6624092597323481,0.720577396977617,2,33335,7145,7150,18,0,18.174096643924713,32,6,1042,5.0,1026,512,128,True,5,,,,,,,,,,,,,,,,,,,,,,,,,,
sex_binary,mean_pool,,30s,11,False,False,0.6121629700840225,0.6154351690501246,0.667286472205864,0.6597301864916383,0.7190946214160787,2,33335,7145,7150,18,0,18.174096643924713,32,6,1042,5.0,1026,512,128,True,5,,,,,,,,,,,,,,,,,,,,,,,,,,
sex_binary,mean_pool,,30s,12,False,False,0.6087973351454974,0.6138484386650309,0.6685411477833665,0.6572118615756479,0.7196985084599209,2,33335,7145,7150,18,0,18.174096643924713,32,6,1042,5.0,1026,512,128,True,5,,,,,,,,,,,,,,,,,,,,,,,,,,
sex_binary,mean_pool,,30s,13,False,False,0.6106148944277268,0.6201546931450312,0.6655673904469646,0.6594654823432311,0.7204329986047517,2,33335,7145,7150,18,0,18.174096643924713,32,6,1042,5.0,1026,512,128,True,5,,,,,,,,,,,,,,,,,,,,,,,,,,
sex_binary,mean_pool,,30s,14,False,False,0.6096801556138347,0.6173654078185934,0.669712594929756,0.6583062471751135,0.7167398353213983,2,33335,7145,7150,18,0,18.174096643924713,32,6,1042,5.0,1026,512,128,True,5,,,,,,,,,,,,,,,,,,,,,,,,,,
sex_binary,mean_pool,,30s,15,False,False,0.6100608177318805,0.6183202971270904,0.6675412090138471,0.656951677245662,0.7176447422720931,2,33335,7145,7150,18,0,18.174096643924713,32,6,1042,5.0,1026,512,128,True,5,,,,,,,,,,,,,,,,,,,,,,,,,,
sex_binary,mean_pool,,30s,16,False,False,0.6115317486493649,0.6204585724480924,0.6669689831598169,0.6577697643799005,0.7181792206260931,2,33335,7145,7150,18,0,18.174096643924713,32,6,1042,5.0,1026,512,128,True,5,,,,,,,,,,,,,,,,,,,,,,,,,,
sex_binary,mean_pool,,30s,17,False,False,0.6102522326477718,0.6184824907754667,0.6658250627162201,0.6601100477528642,0.7191098315876354,2,33335,7145,7150,18,0,18.174096643924713,32,6,1042,5.0,1026,512,128,True,5,,,,,,,,,,,,,,,,,,,,,,,,,,
sex_binary,mean_pool,,30s,18,False,False,0.6095596934645112,0.6191417698096028,0.6690626513878609,0.660576768133315,0.718986381590583,2,33335,7145,7150,18,0,18.174096643924713,32,6,1042,5.0,1026,512,128,True,5,,,,,,,,,,,,,,,,,,,,,,,,,,
sex_binary,mean_pool,,10m,1,False,False,0.6688255361321985,0.6249380377975688,0.6150671734389379,0.6567135024662487,0.7110598777683887,2,33335,7145,7150,20,0,17.43059471845627,32,120,1042,5.0,1026,512,128,True,5,,,,,,,,,,,,,,,,,,,,,,,,,,
sex_binary,mean_pool,,10m,2,False,False,0.6269123316454855,0.6174461098214478,0.6549287925529328,0.6666069919625838,0.7255841374024801,2,33335,7145,7150,20,0,17.43059471845627,32,120,1042,5.0,1026,512,128,True,5,,,,,,,,,,,,,,,,,,,,,,,,,,
sex_binary,mean_pool,,10m,3,False,False,0.6108155944768646,0.612826029531934,0.670209147113433,0.669938098139014,0.727738479375872,2,33335,7145,7150,20,0,17.43059471845627,32,120,1042,5.0,1026,512,128,True,5,,,,,,,,,,,,,,,,,,,,,,,,,,
sex_binary,mean_pool,,10m,4,False,False,0.6053461591486132,0.6085714550098396,0.6733234464116238,0.67114371057441,0.7292300194548706,2,33335,7145,7150,20,0,17.43059471845627,32,120,1042,5.0,1026,512,128,True,5,,,,,,,,,,,,,,,,,,,,,,,,,,
sex_binary,mean_pool,,10m,5,False,False,0.6019438056694043,0.6062356922157667,0.6763059380959842,0.6740912217265707,0.7351805372688506,2,33335,7145,7150,20,0,17.43059471845627,32,120,1042,5.0,1026,512,128,True,5,,,,,,,,,,,,,,,,,,,,,,,,,,
sex_binary,mean_pool,,10m,6,False,False,0.5992239464843794,0.6102845077584722,0.6770279445107774,0.6707447874702772,0.7328670976870321,2,33335,7145,7150,20,0,17.43059471845627,32,120,1042,5.0,1026,512,128,True,5,,,,,,,,,,,,,,,,,,,,,,,,,,
sex_binary,mean_pool,,10m,7,False,False,0.597324769486547,0.603339476114891,0.681318022111407,0.6682636036708787,0.7359511466582821,2,33335,7145,7150,20,0,17.43059471845627,32,120,1042,5.0,1026,512,128,True,5,,,,,,,,,,,,,,,,,,,,,,,,,,
sex_binary,mean_pool,,10m,8,False,False,0.59768664602649,0.6032589427902617,0.6794321953468436,0.6775229429913336,0.7371696504018708,2,33335,7145,7150,20,0,17.43059471845627,32,120,1042,5.0,1026,512,128,True,5,,,,,,,,,,,,,,,,,,,,,,,,,,
sex_binary,mean_pool,,10m,9,False,False,0.596752068723573,0.6020999204620271,0.6805960877324733,0.6713862086583999,0.7366003890974119,2,33335,7145,7150,20,0,17.43059471845627,32,120,1042,5.0,1026,512,128,True,5,,,,,,,,,,,,,,,,,,,,,,,,,,
sex_binary,mean_pool,,10m,10,True,False,0.5982484127067279,0.6021719924464269,0.6796340938519195,0.679286261717138,0.7388279128264585,2,33335,7145,7150,20,0,17.43059471845627,32,120,1042,5.0,1026,512,128,True,5,0.7006449677516124,0.7005635275240014,0.7005196143238521,0.7682197435883583,0.6972324723247233,0.7038945827232796,,,,0.6789363191042688,0.679286261717138,0.6786003766760766,0.6731125827814569,0.685459940652819,,,,0.6781818181818182,0.6773144564738157,0.6774043894211174,0.7394915005143781,0.6566423357664234,0.697986577181208,,,
sex_binary,mean_pool,,10m,11,False,False,0.5966879791345878,0.6111716801090787,0.682870070721205,0.6748326684614931,0.7377265313341326,2,33335,7145,7150,20,0,17.43059471845627,32,120,1042,5.0,1026,512,128,True,5,,,,,,,,,,,,,,,,,,,,,,,,,,
sex_binary,mean_pool,,10m,12,False,False,0.5966851118704503,0.6046371497166916,0.6807879282306732,0.6767669542319257,0.7368579008391141,2,33335,7145,7150,20,0,17.43059471845627,32,120,1042,5.0,1026,512,128,True,5,,,,,,,,,,,,,,,,,,,,,,,,,,
sex_binary,mean_pool,,10m,13,False,False,0.5972989815436901,0.6014083088737339,0.6799487194725535,0.682670819659245,0.7379417925992886,2,33335,7145,7150,20,0,17.43059471845627,32,120,1042,5.0,1026,512,128,True,5,,,,,,,,,,,,,,,,,,,,,,,,,,
sex_binary,mean_pool,,10m,14,False,False,0.5975480528809024,0.6067679221268047,0.6793501465029292,0.6728952384695501,0.7355685342032345,2,33335,7145,7150,20,0,17.43059471845627,32,120,1042,5.0,1026,512,128,True,5,,,,,,,,,,,,,,,,,,,,,,,,,,
sex_binary,mean_pool,,10m,15,False,False,0.5940858653197139,0.6037715259926397,0.6833209791834376,0.6758284041110696,0.7371544795330831,2,33335,7145,7150,20,0,17.43059471845627,32,120,1042,5.0,1026,512,128,True,5,,,,,,,,,,,,,,,,,,,,,,,,,,
sex_binary,mean_pool,,10m,16,False,False,0.5948476961550548,0.6057572439219086,0.6841247462987075,0.674606284512744,0.7367276514630456,2,33335,7145,7150,20,0,17.43059471845627,32,120,1042,5.0,1026,512,128,True,5,,,,,,,,,,,,,,,,,,,,,,,,,,
sex_binary,mean_pool,,10m,17,False,False,0.5970275985402504,0.6071160936455696,0.6803837710412244,0.6736217501522982,0.7370166840253896,2,33335,7145,7150,20,0,17.43059471845627,32,120,1042,5.0,1026,512,128,True,5,,,,,,,,,,,,,,,,,,,,,,,,,,
sex_binary,mean_pool,,10m,18,False,False,0.595699827898491,0.6034597991395447,0.6803382713914987,0.6751808909937704,0.7355052567453377,2,33335,7145,7150,20,0,17.43059471845627,32,120,1042,5.0,1026,512,128,True,5,,,,,,,,,,,,,,,,,,,,,,,,,,
sex_binary,mean_pool,,10m,19,False,False,0.5935975436356465,0.602700067792763,0.6838363957578082,0.6786411067659717,0.7371182030774068,2,33335,7145,7150,20,0,17.43059471845627,32,120,1042,5.0,1026,512,128,True,5,,,,,,,,,,,,,,,,,,,,,,,,,,
sex_binary,mean_pool,,10m,20,False,False,0.5946182149129238,0.6041847498705539,0.6798976370437204,0.67865309411048,0.737166977813587,2,33335,7145,7150,20,0,17.43059471845627,32,120,1042,5.0,1026,512,128,True,5,,,,,,,,,,,,,,,,,,,,,,,,,,
sex_binary,mean_pool,,40m,1,False,False,0.657703175127408,0.6035793248926367,0.6195431485793628,0.670540020044412,0.7335844125218622,2,33335,7145,7150,28,0,29.766716023286182,32,480,1042,5.0,1026,512,128,True,5,,,,,,,,,,,,,,,,,,,,,,,,,,
sex_binary,mean_pool,,40m,2,False,False,0.6058503259546095,0.5941416032961652,0.6761978302799133,0.6808131742881286,0.7461280091182424,2,33335,7145,7150,28,0,29.766716023286182,32,480,1042,5.0,1026,512,128,True,5,,,,,,,,,,,,,,,,,,,,,,,,,,
sex_binary,mean_pool,,40m,3,False,False,0.5941806187886464,0.5882193162109236,0.6829214412934759,0.6930583449604024,0.7550756774814785,2,33335,7145,7150,28,0,29.766716023286182,32,480,1042,5.0,1026,512,128,True,5,,,,,,,,,,,,,,,,,,,,,,,,,,
sex_binary,mean_pool,,40m,4,False,False,0.5887197724968593,0.5858984432243817,0.6923830092620107,0.6861365378190893,0.7565217835596516,2,33335,7145,7150,28,0,29.766716023286182,32,480,1042,5.0,1026,512,128,True,5,,,,,,,,,,,,,,,,,,,,,,,,,,
sex_binary,mean_pool,,40m,5,False,False,0.585025627827276,0.5857991031410813,0.6920156894101883,0.6948985005993673,0.7604520604476586,2,33335,7145,7150,28,0,29.766716023286182,32,480,1042,5.0,1026,512,128,True,5,,,,,,,,,,,,,,,,,,,,,,,,,,
sex_binary,mean_pool,,40m,6,False,False,0.5827301026338292,0.5910635135906238,0.6951094404794707,0.6886330496983513,0.7584561872383909,2,33335,7145,7150,28,0,29.766716023286182,32,480,1042,5.0,1026,512,128,True,5,,,,,,,,,,,,,,,,,,,,,,,,,,
sex_binary,mean_pool,,40m,7,False,False,0.5814100005770795,0.5889188336400072,0.6962033860455734,0.6923200424469904,0.7592401595692416,2,33335,7145,7150,28,0,29.766716023286182,32,480,1042,5.0,1026,512,128,True,5,,,,,,,,,,,,,,,,,,,,,,,,,,
sex_binary,mean_pool,,40m,8,False,False,0.5797954236636799,0.5842636518581836,0.6999824502637413,0.6917395405506318,0.7594146245603002,2,33335,7145,7150,28,0,29.766716023286182,32,480,1042,5.0,1026,512,128,True,5,,,,,,,,,,,,,,,,,,,,,,,,,,
sex_binary,mean_pool,,40m,9,False,False,0.5793564744343979,0.5835978565973532,0.6964096877425583,0.6925973234814393,0.7597346277045218,2,33335,7145,7150,28,0,29.766716023286182,32,480,1042,5.0,1026,512,128,True,5,,,,,,,,,,,,,,,,,,,,,,,,,,
sex_binary,mean_pool,,40m,10,False,False,0.5796963521220864,0.5869087129268219,0.6961065158235771,0.6923996305539726,0.7614526303378073,2,33335,7145,7150,28,0,29.766716023286182,32,480,1042,5.0,1026,512,128,True,5,,,,,,,,,,,,,,,,,,,,,,,,,,
sex_binary,mean_pool,,40m,11,False,False,0.5780697971586883,0.5894795540248372,0.700995670644847,0.6889195668834869,0.7613184506848507,2,33335,7145,7150,28,0,29.766716023286182,32,480,1042,5.0,1026,512,128,True,5,,,,,,,,,,,,,,,,,,,,,,,,,,
sex_binary,mean_pool,,40m,12,False,False,0.58098506525179,0.5893211026722271,0.6977729753871478,0.6908966926719987,0.7634503900799812,2,33335,7145,7150,28,0,29.766716023286182,32,480,1042,5.0,1026,512,128,True,5,,,,,,,,,,,,,,,,,,,,,,,,,,
sex_binary,mean_pool,,40m,13,False,False,0.5799565409923826,0.5818985166709851,0.7009327022992045,0.6949189380391849,0.7626454693733173,2,33335,7145,7150,28,0,29.766716023286182,32,480,1042,5.0,1026,512,128,True,5,,,,,,,,,,,,,,,,,,,,,,,,,,
sex_binary,mean_pool,,40m,14,False,False,0.575732297598377,0.586882898230249,0.7025463235598681,0.6925428891465404,0.7617946430326017,2,33335,7145,7150,28,0,29.766716023286182,32,480,1042,5.0,1026,512,128,True,5,,,,,,,,,,,,,,,,,,,,,,,,,,
sex_binary,mean_pool,,40m,15,False,False,0.5776069398081534,0.5809617201751391,0.6996996825019495,0.7010428989722326,0.7633508361664079,2,33335,7145,7150,28,0,29.766716023286182,32,480,1042,5.0,1026,512,128,True,5,,,,,,,,,,,,,,,,,,,,,,,,,,
sex_binary,mean_pool,,40m,16,False,False,0.5791530585600122,0.5806611704067219,0.6965825918142051,0.6976304360642207,0.763560202016232,2,33335,7145,7150,28,0,29.766716023286182,32,480,1042,5.0,1026,512,128,True,5,,,,,,,,,,,,,,,,,,,,,,,,,,
sex_binary,mean_pool,,40m,17,False,False,0.5763049750809407,0.5786915733231958,0.7007323435606245,0.6960341541061568,0.764318863363924,2,33335,7145,7150,28,0,29.766716023286182,32,480,1042,5.0,1026,512,128,True,5,,,,,,,,,,,,,,,,,,,,,,,,,,
sex_binary,mean_pool,,40m,18,True,False,0.5787193332205509,0.5797100069432762,0.6967232778477126,0.6981971819914713,0.7647761117770746,2,33335,7145,7150,28,0,29.766716023286182,32,480,1042,5.0,1026,512,128,True,5,0.7197240137993101,0.7192488910979886,0.7193394124260863,0.7901988261756703,0.6998154981549816,0.7386822840409956,,,,0.6972708187543737,0.6981971819914713,0.6971073252585002,0.6818543046357616,0.714540059347181,,,,0.6962237762237762,0.6948650369862343,0.6950690079699345,0.7637148483809337,0.6624817518248175,0.727248322147651,,,
sex_binary,mean_pool,,40m,19,False,False,0.5754730800647544,0.5873409306694362,0.7033603647895923,0.6922473323245623,0.7645776327942303,2,33335,7145,7150,28,0,29.766716023286182,32,480,1042,5.0,1026,512,128,True,5,,,,,,,,,,,,,,,,,,,,,,,,,,
sex_binary,mean_pool,,40m,20,False,False,0.5784599172938473,0.5822694934190279,0.6999414978776435,0.6952748246113938,0.7635267160571462,2,33335,7145,7150,28,0,29.766716023286182,32,480,1042,5.0,1026,512,128,True,5,,,,,,,,,,,,,,,,,,,,,,,,,,
sex_binary,mean_pool,,40m,21,False,False,0.5769361638050128,0.5860904243794915,0.6990086425022376,0.6910438815414546,0.7640487747361802,2,33335,7145,7150,28,0,29.766716023286182,32,480,1042,5.0,1026,512,128,True,5,,,,,,,,,,,,,,,,,,,,,,,,,,
sex_binary,mean_pool,,40m,22,False,False,0.5767749973022546,0.5818434022872744,0.7003542453433319,0.6977811621828758,0.7646540766797021,2,33335,7145,7150,28,0,29.766716023286182,32,480,1042,5.0,1026,512,128,True,5,,,,,,,,,,,,,,,,,,,,,,,,,,
sex_binary,mean_pool,,40m,23,False,False,0.5763647566595159,0.5815455020349956,0.7008097010691923,0.6961797708648574,0.7631373042230825,2,33335,7145,7150,28,0,29.766716023286182,32,480,1042,5.0,1026,512,128,True,5,,,,,,,,,,,,,,,,,,,,,,,,,,
sex_binary,mean_pool,,40m,24,False,False,0.5763983758829407,0.5796825462658978,0.701148098523445,0.6981806748285417,0.763512016821585,2,33335,7145,7150,28,0,29.766716023286182,32,480,1042,5.0,1026,512,128,True,5,,,,,,,,,,,,,,,,,,,,,,,,,,
sex_binary,mean_pool,,40m,25,False,False,0.5766071042664784,0.5793192828427336,0.7027936496788101,0.7007035195629532,0.764336274490538,2,33335,7145,7150,28,0,29.766716023286182,32,480,1042,5.0,1026,512,128,True,5,,,,,,,,,,,,,,,,,,,,,,,,,,
sex_binary,mean_pool,,40m,26,False,False,0.5762949217236595,0.5804659009814012,0.6991055847600935,0.7012873621946666,0.7643990803152083,2,33335,7145,7150,28,0,29.766716023286182,32,480,1042,5.0,1026,512,128,True,5,,,,,,,,,,,,,,,,,,,,,,,,,,
sex_binary,mean_pool,,40m,27,False,False,0.5764057907883653,0.5825473086078156,0.701059962649407,0.6967482854167075,0.7643036138895986,2,33335,7145,7150,28,0,29.766716023286182,32,480,1042,5.0,1026,512,128,True,5,,,,,,,,,,,,,,,,,,,,,,,,,,
sex_binary,mean_pool,,40m,28,False,False,0.5777991897683997,0.5798539996689396,0.7014509822989884,0.699681451058227,0.7644247843260559,2,33335,7145,7150,28,0,29.766716023286182,32,480,1042,5.0,1026,512,128,True,5,,,,,,,,,,,,,,,,,,,,,,,,,,
sex_binary,mean_pool,,80m,1,False,False,0.6558195695108929,0.5895160720430112,0.6259581489665555,0.685181087507615,0.7525909564328808,2,33335,7145,7150,29,0,61.79463361501694,32,960,1042,5.0,1026,512,128,True,5,,,,,,,,,,,,,,,,,,,,,,,,,,
sex_binary,mean_pool,,80m,2,False,False,0.59601766552295,0.585314456502235,0.6837650532435047,0.6989500265293689,0.7686739245779866,2,33335,7145,7150,29,0,61.79463361501694,32,960,1042,5.0,1026,512,128,True,5,,,,,,,,,,,,,,,,,,,,,,,,,,
sex_binary,mean_pool,,80m,3,False,False,0.5806181295693716,0.5772633065119583,0.700279535152599,0.7035425550730049,0.7745653703303398,2,33335,7145,7150,29,0,61.79463361501694,32,960,1042,5.0,1026,512,128,True,5,,,,,,,,,,,,,,,,,,,,,,,,,,
sex_binary,mean_pool,,80m,4,False,False,0.5723416449159308,0.5670245879759231,0.7064936005143361,0.7093446263289249,0.7786243244836598,2,33335,7145,7150,29,0,61.79463361501694,32,960,1042,5.0,1026,512,128,True,5,,,,,,,,,,,,,,,,,,,,,,,,,,
sex_binary,mean_pool,,80m,5,False,False,0.5678313734364399,0.5673526447373224,0.7089128888360625,0.7132994674474817,0.78108369524633,2,33335,7145,7150,29,0,61.79463361501694,32,960,1042,5.0,1026,512,128,True,5,,,,,,,,,,,,,,,,,,,,,,,,,,
sex_binary,mean_pool,,80m,6,False,False,0.5678671624075085,0.5655463361548243,0.7121486495977698,0.7144125218621652,0.7827733212804842,2,33335,7145,7150,29,0,61.79463361501694,32,960,1042,5.0,1026,512,128,True,5,,,,,,,,,,,,,,,,,,,,,,,,,,
sex_binary,mean_pool,,80m,7,False,False,0.5647649903159386,0.5612243312025837,0.7116507017193159,0.7161200306561597,0.78472784797689,2,33335,7145,7150,29,0,61.79463361501694,32,960,1042,5.0,1026,512,128,True,5,,,,,,,,,,,,,,,,,,,,,,,,,,
sex_binary,mean_pool,,80m,8,False,False,0.5654769335816571,0.5647040615347068,0.7119217996718767,0.7179904494271622,0.7868466995499833,2,33335,7145,7150,29,0,61.79463361501694,32,960,1042,5.0,1026,512,128,True,5,,,,,,,,,,,,,,,,,,,,,,,,,,
sex_binary,mean_pool,,80m,9,False,False,0.565382978328615,0.5705388774064306,0.7097077775316553,0.7117721618488022,0.7843244836598738,2,33335,7145,7150,29,0,61.79463361501694,32,960,1042,5.0,1026,512,128,True,5,,,,,,,,,,,,,,,,,,,,,,,,,,
sex_binary,mean_pool,,80m,10,False,False,0.5614081312141372,0.5592422926943147,0.7150815986197929,0.7144993809813901,0.7865676498909349,2,33335,7145,7150,29,0,61.79463361501694,32,960,1042,5.0,1026,512,128,True,5,,,,,,,,,,,,,,,,,,,,,,,,,,
sex_binary,mean_pool,,80m,11,False,False,0.561133224418429,0.5630600343516359,0.7135236070515902,0.71791086132018,0.7877419380195334,2,33335,7145,7150,29,0,61.79463361501694,32,960,1042,5.0,1026,512,128,True,5,,,,,,,,,,,,,,,,,,,,,,,,,,
sex_binary,mean_pool,,80m,12,False,False,0.5653850348873333,0.5616095478673178,0.7103960261418134,0.7161190480869377,0.7875955745082241,2,33335,7145,7150,29,0,61.79463361501694,32,960,1042,5.0,1026,512,128,True,5,,,,,,,,,,,,,,,,,,,,,,,,,,
sex_binary,mean_pool,,80m,13,False,False,0.5639472368758748,0.5589130781721284,0.7123255246461688,0.7160046770294968,0.7874424509206672,2,33335,7145,7150,29,0,61.79463361501694,32,960,1042,5.0,1026,512,128,True,5,,,,,,,,,,,,,,,,,,,,,,,,,,
sex_binary,mean_pool,,80m,14,False,False,0.5615983259862056,0.5611772760509026,0.7158487445050146,0.7140839507143278,0.7870393617230335,2,33335,7145,7150,29,0,61.79463361501694,32,960,1042,5.0,1026,512,128,True,5,,,,,,,,,,,,,,,,,,,,,,,,,,
sex_binary,mean_pool,,80m,15,False,False,0.5628338039323667,0.5607422001925776,0.7141092585889256,0.7152174425688289,0.7868983433882918,2,33335,7145,7150,29,0,61.79463361501694,32,960,1042,5.0,1026,512,128,True,5,,,,,,,,,,,,,,,,,,,,,,,,,,
sex_binary,mean_pool,,80m,16,False,False,0.5592519761383471,0.5586850023586655,0.717075677272146,0.7158244738341816,0.787031304655413,2,33335,7145,7150,29,0,61.79463361501694,32,960,1042,5.0,1026,512,128,True,5,,,,,,,,,,,,,,,,,,,,,,,,,,
sex_binary,mean_pool,,80m,17,False,False,0.5588571834853873,0.5602907207481005,0.7155969431583042,0.7155613417965296,0.7864219152239276,2,33335,7145,7150,29,0,61.79463361501694,32,960,1042,5.0,1026,512,128,True,5,,,,,,,,,,,,,,,,,,,,,,,,,,
sex_binary,mean_pool,,80m,18,False,False,0.5610165770915346,0.5635117636058946,0.7144755429252682,0.7143506200011791,0.7878228231178885,2,33335,7145,7150,29,0,61.79463361501694,32,960,1042,5.0,1026,512,128,True,5,,,,,,,,,,,,,,,,,,,,,,,,,,
sex_binary,mean_pool,,80m,19,True,False,0.5622861935582067,0.5581378946861577,0.7148323725550578,0.7175634248432803,0.7891821486823747,2,33335,7145,7150,29,0,61.79463361501694,32,960,1042,5.0,1026,512,128,True,5,0.7368831558422079,0.7363126194219483,0.7364327656385263,0.8080639876530538,0.7129766297662976,0.7596486090775988,,,,0.7163051084674598,0.7175634248432803,0.7162082487575195,0.695364238410596,0.7397626112759644,,,,0.7099300699300699,0.7085602312251996,0.7087970084745017,0.7826193896046636,0.6759124087591241,0.7412080536912752,,,
sex_binary,mean_pool,,80m,20,False,False,0.5595496029265195,0.5595321640507837,0.7159806961905637,0.7181370487550849,0.7886275080079391,2,33335,7145,7150,29,0,61.79463361501694,32,960,1042,5.0,1026,512,128,True,5,,,,,,,,,,,,,,,,,,,,,,,,,,
sex_binary,mean_pool,,80m,21,False,False,0.5583667326567143,0.556214335721385,0.7167096810792413,0.7142952030970582,0.7885426926326959,2,33335,7145,7150,29,0,61.79463361501694,32,960,1042,5.0,1026,512,128,True,5,,,,,,,,,,,,,,,,,,,,,,,,,,
sex_binary,mean_pool,,80m,22,False,False,0.5609913367139394,0.560724934749957,0.7141751623958406,0.7151970051290113,0.7884951362823511,2,33335,7145,7150,29,0,61.79463361501694,32,960,1042,5.0,1026,512,128,True,5,,,,,,,,,,,,,,,,,,,,,,,,,,
sex_binary,mean_pool,,80m,23,False,False,0.5606191550011719,0.5607127417710547,0.7165602606977753,0.7167119303554936,0.7880836362921767,2,33335,7145,7150,29,0,61.79463361501694,32,960,1042,5.0,1026,512,128,True,5,,,,,,,,,,,,,,,,,,,,,,,,,,
sex_binary,mean_pool,,80m,24,False,False,0.5602047101675668,0.5599756792052131,0.7172060891911993,0.7172144162556252,0.787365889126889,2,33335,7145,7150,29,0,61.79463361501694,32,960,1042,5.0,1026,512,128,True,5,,,,,,,,,,,,,,,,,,,,,,,,,,
sex_binary,mean_pool,,80m,25,False,False,0.5585973791352308,0.5589385239622491,0.7176482633054735,0.7175742331047222,0.788079627409751,2,33335,7145,7150,29,0,61.79463361501694,32,960,1042,5.0,1026,512,128,True,5,,,,,,,,,,,,,,,,,,,,,,,,,,
sex_binary,mean_pool,,80m,26,False,False,0.5598315279022836,0.5610803804587784,0.7131604022482392,0.7164794544775679,0.7882380568711065,2,33335,7145,7150,29,0,61.79463361501694,32,960,1042,5.0,1026,512,128,True,5,,,,,,,,,,,,,,,,,,,,,,,,,,
sex_binary,mean_pool,,80m,27,False,False,0.5602339408754212,0.5608416331114678,0.7140801921196371,0.7157745593177038,0.7884432566274293,2,33335,7145,7150,29,0,61.79463361501694,32,960,1042,5.0,1026,512,128,True,5,,,,,,,,,,,,,,,,,,,,,,,,,,
sex_binary,mean_pool,,80m,28,False,False,0.5607532817115486,0.5569955166692581,0.7144708515899214,0.718605930787824,0.7887520977852889,2,33335,7145,7150,29,0,61.79463361501694,32,960,1042,5.0,1026,512,128,True,5,,,,,,,,,,,,,,,,,,,,,,,,,,
sex_binary,mean_pool,,80m,29,False,False,0.5605472552207736,0.5610992017411285,0.7160450602309829,0.7171047615304498,0.7886448405290152,2,33335,7145,7150,29,0,61.79463361501694,32,960,1042,5.0,1026,512,128,True,5,,,,,,,,,,,,,,,,,,,,,,,,,,
sex_binary,mean_pool,,120m,1,False,False,0.6412727524874109,0.578544405538607,0.6371417341552625,0.7043003124570126,0.7733899817242125,2,33335,7145,7150,27,0,49.280013938744865,32,1440,1042,5.0,1026,512,128,True,5,,,,,,,,,,,,,,,,,,,,,,,,,,
sex_binary,mean_pool,,120m,2,False,False,0.5829758621449411,0.5583842462931087,0.6998783134244226,0.7190993770511132,0.7887427437262955,2,33335,7145,7150,27,0,49.280013938744865,32,1440,1042,5.0,1026,512,128,True,5,,,,,,,,,,,,,,,,,,,,,,,,,,
sex_binary,mean_pool,,120m,3,False,False,0.5687233901585312,0.559350276885957,0.7077925241185061,0.7217690176272918,0.7942898579204906,2,33335,7145,7150,27,0,49.280013938744865,32,1440,1042,5.0,1026,512,128,True,5,,,,,,,,,,,,,,,,,,,,,,,,,,
sex_binary,mean_pool,,120m,4,False,False,0.561353934463826,0.5527186310608292,0.7136436728203299,0.7267264723799791,0.7970152298229409,2,33335,7145,7150,27,0,49.280013938744865,32,1440,1042,5.0,1026,512,128,True,5,,,,,,,,,,,,,,,,,,,,,,,,,,
sex_binary,mean_pool,,120m,5,False,False,0.5600918979324356,0.5556885573436865,0.714870533551602,0.7236983905516143,0.8002114488965746,2,33335,7145,7150,27,0,49.280013938744865,32,1440,1042,5.0,1026,512,128,True,5,,,,,,,,,,,,,,,,,,,,,,,,,,
sex_binary,mean_pool,,120m,6,False,False,0.5560640926766613,0.5534214084176771,0.7193204497198705,0.7246090357065655,0.8005829386680292,2,33335,7145,7150,27,0,49.280013938744865,32,1440,1042,5.0,1026,512,128,True,5,,,,,,,,,,,,,,,,,,,,,,,,,,
sex_binary,mean_pool,,120m,7,False,False,0.5544694878457099,0.55187380992507,0.7183640386184242,0.7256953642384106,0.8017924420775444,2,33335,7145,7150,27,0,49.280013938744865,32,1440,1042,5.0,1026,512,128,True,5,,,,,,,,,,,,,,,,,,,,,,,,,,
sex_binary,mean_pool,,120m,8,False,False,0.5532443600150085,0.5456497804362762,0.7220437293684796,0.7296283923202389,0.801698508459921,2,33335,7145,7150,27,0,49.280013938744865,32,1440,1042,5.0,1026,512,128,True,5,,,,,,,,,,,,,,,,,,,,,,,,,,
sex_binary,mean_pool,,120m,9,False,False,0.5521855213813058,0.5436679934479292,0.7229575762814728,0.7317947609409083,0.8028519268182444,2,33335,7145,7150,27,0,49.280013938744865,32,1440,1042,5.0,1026,512,128,True,5,,,,,,,,,,,,,,,,,,,,,,,,,,
sex_binary,mean_pool,,120m,10,False,False,0.5518154177813046,0.5477504538104949,0.7222708674378105,0.7274274372629552,0.8041335115058856,2,33335,7145,7150,27,0,49.280013938744865,32,1440,1042,5.0,1026,512,128,True,5,,,,,,,,,,,,,,,,,,,,,,,,,,
sex_binary,mean_pool,,120m,11,False,False,0.5518295670961071,0.5427102299400607,0.7215896693373962,0.7301747008076719,0.805338966730206,2,33335,7145,7150,27,0,49.280013938744865,32,1440,1042,5.0,1026,512,128,True,5,,,,,,,,,,,,,,,,,,,,,,,,,,
sex_binary,mean_pool,,120m,12,False,False,0.5516115949896656,0.5533778108025531,0.7237394715089172,0.7249285672175605,0.8044873150313441,2,33335,7145,7150,27,0,49.280013938744865,32,1440,1042,5.0,1026,512,128,True,5,,,,,,,,,,,,,,,,,,,,,,,,,,
sex_binary,mean_pool,,120m,13,False,False,0.5506561892606945,0.5468730004289252,0.7218711134402706,0.7291538113860121,0.8033938333955626,2,33335,7145,7150,27,0,49.280013938744865,32,1440,1042,5.0,1026,512,128,True,5,,,,,,,,,,,,,,,,,,,,,,,,,,
sex_binary,mean_pool,,120m,14,False,False,0.5520561083576857,0.5396755835783072,0.7212106076404834,0.7333004500167037,0.8061399571599819,2,33335,7145,7150,27,0,49.280013938744865,32,1440,1042,5.0,1026,512,128,True,5,,,,,,,,,,,,,,,,,,,,,,,,,,
sex_binary,mean_pool,,120m,15,False,False,0.5517256807213479,0.5448696047839291,0.7199590115959724,0.7307954880421326,0.8046734922475288,2,33335,7145,7150,27,0,49.280013938744865,32,1440,1042,5.0,1026,512,128,True,5,,,,,,,,,,,,,,,,,,,,,,,,,,
sex_binary,mean_pool,,120m,16,False,False,0.5501267734899932,0.5419492054686336,0.725339739122135,0.7329931023640615,0.8055573329141037,2,33335,7145,7150,27,0,49.280013938744865,32,1440,1042,5.0,1026,512,128,True,5,,,,,,,,,,,,,,,,,,,,,,,,,,
sex_binary,mean_pool,,120m,17,True,False,0.5505012709151792,0.5503139557122684,0.7235037431633466,0.7288224890443531,0.8067075677481479,2,33335,7145,7150,27,0,49.280013938744865,32,1440,1042,5.0,1026,512,128,True,5,0.7416229188540573,0.7396212444554899,0.7390154212822098,0.8194174333983457,0.6577490774907749,0.8214934114202049,,,,0.7238628411476558,0.7288224890443531,0.7232725372174795,0.6413245033112582,0.8163204747774481,,,,0.7190209790209791,0.7152393082839367,0.7149060509914742,0.7965441630333612,0.6251094890510949,0.8053691275167785,,,
sex_binary,mean_pool,,120m,18,False,False,0.551195124271339,0.54167840580076,0.7244419652102817,0.7347245858470729,0.8047315817399336,2,33335,7145,7150,27,0,49.280013938744865,32,1440,1042,5.0,1026,512,128,True,5,,,,,,,,,,,,,,,,,,,,,,,,,,
sex_binary,mean_pool,,120m,19,False,False,0.5499226573759136,0.5415679864319494,0.7231509565461687,0.7320500324247843,0.8060483031029536,2,33335,7145,7150,27,0,49.280013938744865,32,1440,1042,5.0,1026,512,128,True,5,,,,,,,,,,,,,,,,,,,,,,,,,,
sex_binary,mean_pool,,120m,20,False,False,0.5515205589588102,0.5424985394309333,0.7222709394736699,0.7305618330811405,0.8059181323324228,2,33335,7145,7150,27,0,49.280013938744865,32,1440,1042,5.0,1026,512,128,True,5,,,,,,,,,,,,,,,,,,,,,,,,,,
sex_binary,mean_pool,,120m,21,False,False,0.5485253698986403,0.5419555197653027,0.7257439683474434,0.7318698292294692,0.8055731719299625,2,33335,7145,7150,27,0,49.280013938744865,32,1440,1042,5.0,1026,512,128,True,5,,,,,,,,,,,,,,,,,,,,,,,,,,
sex_binary,mean_pool,,120m,22,False,False,0.5492530605148228,0.5409660596627301,0.7231684252420856,0.731509422838839,0.8061155501405073,2,33335,7145,7150,27,0,49.280013938744865,32,1440,1042,5.0,1026,512,128,True,5,,,,,,,,,,,,,,,,,,,,,,,,,,
sex_binary,mean_pool,,120m,23,False,False,0.5488966522911275,0.5390841320772285,0.7260045040421121,0.7355448346336,0.8065023679918251,2,33335,7145,7150,27,0,49.280013938744865,32,1440,1042,5.0,1026,512,128,True,5,,,,,,,,,,,,,,,,,,,,,,,,,,
sex_binary,mean_pool,,120m,24,False,False,0.5488983801857041,0.5433660517421279,0.7241363620810439,0.731828954349834,0.8059988602197025,2,33335,7145,7150,27,0,49.280013938744865,32,1440,1042,5.0,1026,512,128,True,5,,,,,,,,,,,,,,,,,,,,,,,,,,
sex_binary,mean_pool,,120m,25,False,False,0.5494763594973976,0.5426127594780304,0.7232620718593716,0.7306732564309155,0.8058484878259674,2,33335,7145,7150,27,0,49.280013938744865,32,1440,1042,5.0,1026,512,128,True,5,,,,,,,,,,,,,,,,,,,,,,,,,,
sex_binary,mean_pool,,120m,26,False,False,0.5492273688495151,0.5388506786693135,0.723755688581776,0.7329526205121151,0.8064343348988936,2,33335,7145,7150,27,0,49.280013938744865,32,1440,1042,5.0,1026,512,128,True,5,,,,,,,,,,,,,,,,,,,,,,,,,,
sex_binary,mean_pool,,120m,27,False,False,0.5458139915927268,0.5427267601600138,0.7267821401493664,0.7287820071924067,0.8062059858117004,2,33335,7145,7150,27,0,49.280013938744865,32,1440,1042,5.0,1026,512,128,True,5,,,,,,,,,,,,,,,,,,,,,,,,,,
sex_binary,mean_pool,,240m,1,False,False,0.6226234886946055,0.5532409947764382,0.6501198327108337,0.7282494546740819,0.8024006917287323,2,33331,7145,7150,26,0,68.83602998654048,32,2880,1042,4.9994000299985,1026,512,128,True,5,,,,,,,,,,,,,,,,,,,,,,,,,,
sex_binary,mean_pool,,240m,2,False,False,0.5624456186103355,0.5390373764837264,0.7105436951944354,0.7372771041719889,0.8119950478511211,2,33331,7145,7150,26,0,68.83602998654048,32,2880,1042,4.9994000299985,1026,512,128,True,5,,,,,,,,,,,,,,,,,,,,,,,,,,
sex_binary,mean_pool,,240m,3,False,False,0.5493161721482914,0.5285800835775946,0.7229236418220898,0.7404307583469256,0.8167128736219467,2,33331,7145,7150,26,0,68.83602998654048,32,2880,1042,4.9994000299985,1026,512,128,True,5,,,,,,,,,,,,,,,,,,,,,,,,,,
sex_binary,mean_pool,,240m,4,False,False,0.5451101163456797,0.5277678355710168,0.7253499943762838,0.7470784286753002,0.8214813999646275,2,33331,7145,7150,26,0,68.83602998654048,32,2880,1042,4.9994000299985,1026,512,128,True,5,,,,,,,,,,,,,,,,,,,,,,,,,,
sex_binary,mean_pool,,240m,5,False,False,0.5396324944200733,0.5278026830783,0.7324492210126249,0.7485951225263819,0.8237021636174269,2,33331,7145,7150,26,0,68.83602998654048,32,2880,1042,4.9994000299985,1026,512,128,True,5,,,,,,,,,,,,,,,,,,,,,,,,,,
sex_binary,mean_pool,,240m,6,False,False,0.5399725479814416,0.5243188906082997,0.7297709504685698,0.7506443688957887,0.8239964627508009,2,33331,7145,7150,26,0,68.83602998654048,32,2880,1042,4.9994000299985,1026,512,128,True,5,,,,,,,,,,,,,,,,,,,,,,,,,,
sex_binary,mean_pool,,240m,7,False,False,0.5367963036946927,0.52821716151094,0.7327611066954791,0.7444260813174288,0.8259146343859926,2,33331,7145,7150,26,0,68.83602998654048,32,2880,1042,4.9994000299985,1026,512,128,True,5,,,,,,,,,,,,,,,,,,,,,,,,,,
sex_binary,mean_pool,,240m,8,False,False,0.5389611531089361,0.5197902001143336,0.7303945777288011,0.7487888851769607,0.8266427967850336,2,33331,7145,7150,26,0,68.83602998654048,32,2880,1042,4.9994000299985,1026,512,128,True,5,,,,,,,,,,,,,,,,,,,,,,,,,,
sex_binary,mean_pool,,240m,9,False,False,0.5336536560878763,0.5200921290357935,0.7366857473126309,0.7515925481950203,0.8278801265549157,2,33331,7145,7150,26,0,68.83602998654048,32,2880,1042,4.9994000299985,1026,512,128,True,5,,,,,,,,,,,,,,,,,,,,,,,,,,
sex_binary,mean_pool,,240m,10,False,False,0.53501326938348,0.5211390204284473,0.7339999562639876,0.7518529290388507,0.8285416707607051,2,33331,7145,7150,26,0,68.83602998654048,32,2880,1042,4.9994000299985,1026,512,128,True,5,,,,,,,,,,,,,,,,,,,,,,,,,,
sex_binary,mean_pool,,240m,11,False,False,0.5330870634136604,0.5156234699792175,0.737539379523606,0.7534439051231159,0.8282814078251812,2,33331,7145,7150,26,0,68.83602998654048,32,2880,1042,4.9994000299985,1026,512,128,True,5,,,,,,,,,,,,,,,,,,,,,,,,,,
sex_binary,mean_pool,,240m,12,False,False,0.5351640148931224,0.5222815701017186,0.7333951761988478,0.7489236936742194,0.8291924460078213,2,33331,7145,7150,26,0,68.83602998654048,32,2880,1042,4.9994000299985,1026,512,128,True,5,,,,,,,,,,,,,,,,,,,,,,,,,,
sex_binary,mean_pool,,240m,13,False,False,0.5335971753409349,0.516506460244377,0.7363237597580123,0.7525026038084384,0.8288269695600055,2,33331,7145,7150,26,0,68.83602998654048,32,2880,1042,4.9994000299985,1026,512,128,True,5,,,,,,,,,,,,,,,,,,,,,,,,,,
sex_binary,mean_pool,,240m,14,False,False,0.5332831640933944,0.5123669959557815,0.7357367262823821,0.7576709179161671,0.8306948729537996,2,33331,7145,7150,26,0,68.83602998654048,32,2880,1042,4.9994000299985,1026,512,128,True,5,,,,,,,,,,,,,,,,,,,,,,,,,,
sex_binary,mean_pool,,240m,15,False,False,0.5335310808392177,0.515423735769751,0.7354071660627566,0.7552789514021263,0.8301008902077152,2,33331,7145,7150,26,0,68.83602998654048,32,2880,1042,4.9994000299985,1026,512,128,True,5,,,,,,,,,,,,,,,,,,,,,,,,,,
sex_binary,mean_pool,,240m,16,True,False,0.533938381862606,0.5127330437167029,0.7352724058258098,0.7570843240906322,0.8314325466229097,2,33331,7145,7150,26,0,68.83602998654048,32,2880,1042,4.9994000299985,1026,512,128,True,5,0.761153280729651,0.7607568704267677,0.760863636479197,0.8362902696451251,0.7444649446494465,0.7770487962040888,,,,0.7559132260321904,0.7570843240906322,0.755792291828219,0.7364238410596027,0.7777448071216617,,,,0.7418181818181818,0.7409278401018959,0.7411098338131831,0.8204951746436094,0.7197080291970803,0.7621476510067114,,,
sex_binary,mean_pool,,240m,17,False,False,0.5327595328183813,0.5122613860853408,0.7372318764485752,0.7562776347593687,0.8306727454949201,2,33331,7145,7150,26,0,68.83602998654048,32,2880,1042,4.9994000299985,1026,512,128,True,5,,,,,,,,,,,,,,,,,,,,,,,,,,
sex_binary,mean_pool,,240m,18,False,False,0.534347532080265,0.5123267152619746,0.7367674839392644,0.7558649556861281,0.8308000078605537,2,33331,7145,7150,26,0,68.83602998654048,32,2880,1042,4.9994000299985,1026,512,128,True,5,,,,,,,,,,,,,,,,,,,,,,,,,,
sex_binary,mean_pool,,240m,19,False,False,0.5318776249898077,0.5180094975037037,0.7348945648673872,0.7523508951205613,0.8306024721441626,2,33331,7145,7150,26,0,68.83602998654048,32,2880,1042,4.9994000299985,1026,512,128,True,5,,,,,,,,,,,,,,,,,,,,,,,,,,
sex_binary,mean_pool,,240m,20,False,False,0.5338316223526304,0.5123426922640657,0.7353036605024829,0.7570654587615697,0.8298281289916873,2,33331,7145,7150,26,0,68.83602998654048,32,2880,1042,4.9994000299985,1026,512,128,True,5,,,,,,,,,,,,,,,,,,,,,,,,,,
sex_binary,mean_pool,,240m,21,False,False,0.5327807296900026,0.5127711370076392,0.7362608703264703,0.7560241319000924,0.830075028985792,2,33331,7145,7150,26,0,68.83602998654048,32,2880,1042,4.9994000299985,1026,512,128,True,5,,,,,,,,,,,,,,,,,,,,,,,,,,
sex_binary,mean_pool,,240m,22,False,False,0.5303649995968339,0.5119874837350145,0.739361096118137,0.7576288639534655,0.8306978992670033,2,33331,7145,7150,26,0,68.83602998654048,32,2880,1042,4.9994000299985,1026,512,128,True,5,,,,,,,,,,,,,,,,,,,,,,,,,,
sex_binary,mean_pool,,240m,23,False,False,0.5323056733705528,0.51444789031905,0.736202291450013,0.7565983453534302,0.8308997582879712,2,33331,7145,7150,26,0,68.83602998654048,32,2880,1042,4.9994000299985,1026,512,128,True,5,,,,,,,,,,,,,,,,,,,,,,,,,,
sex_binary,mean_pool,,240m,24,False,False,0.5324092172152182,0.5141879591014187,0.7351671511853072,0.7564391691394659,0.8304227798848428,2,33331,7145,7150,26,0,68.83602998654048,32,2880,1042,4.9994000299985,1026,512,128,True,5,,,,,,,,,,,,,,,,,,,,,,,,,,
sex_binary,mean_pool,,240m,25,False,False,0.531098893589965,0.5128763598274567,0.7378409670688002,0.7578688073574784,0.8310928920942481,2,33331,7145,7150,26,0,68.83602998654048,32,2880,1042,4.9994000299985,1026,512,128,True,5,,,,,,,,,,,,,,,,,,,,,,,,,,
sex_binary,mean_pool,,240m,26,False,False,0.533099533557992,0.5149114400502933,0.7373241994238231,0.7544262778312731,0.8302077937390689,2,33331,7145,7150,26,0,68.83602998654048,32,2880,1042,4.9994000299985,1026,512,128,True,5,,,,,,,,,,,,,,,,,,,,,,,,,,
sex_binary,transformer,,30s,1,False,False,0.636664321734366,0.6197058254522043,0.6381480086828402,0.64993006993007,0.7134437478605311,2,33340,7150,7145,40,0,28.08701202472051,32,6,1042,5.0,264322,512,128,True,5,,,,,,,,,,,,,,,,,,,,,,,,,,
sex_binary,transformer,,30s,2,False,False,0.6023539233579561,0.6149525751600732,0.6760425504155841,0.6497902097902097,0.7192310235219326,2,33340,7150,7145,40,0,28.08701202472051,32,6,1042,5.0,264322,512,128,True,5,,,,,,,,,,,,,,,,,,,,,,,,,,
sex_binary,transformer,,30s,3,False,False,0.5903908365203294,0.6198167209525208,0.687364173161926,0.646013986013986,0.7251754511223043,2,33340,7150,7145,40,0,28.08701202472051,32,6,1042,5.0,264322,512,128,True,5,,,,,,,,,,,,,,,,,,,,,,,,,,
sex_binary,transformer,,30s,4,False,False,0.5828991192539938,0.6104957083888821,0.6920400220445164,0.6572027972027972,0.7266670448432686,2,33340,7150,7145,40,0,28.08701202472051,32,6,1042,5.0,264322,512,128,True,5,,,,,,,,,,,,,,,,,,,,,,,,,,
sex_binary,transformer,,30s,5,False,False,0.5768237583495646,0.6119856330731532,0.6941356097670704,0.6537062937062937,0.7290414983617781,2,33340,7150,7145,40,0,28.08701202472051,32,6,1042,5.0,264322,512,128,True,5,,,,,,,,,,,,,,,,,,,,,,,,,,
sex_binary,transformer,,30s,6,False,False,0.5732675894263553,0.6085351177195569,0.6974017793073972,0.6601398601398601,0.7322781162893051,2,33340,7150,7145,40,0,28.08701202472051,32,6,1042,5.0,264322,512,128,True,5,,,,,,,,,,,,,,,,,,,,,,,,,,
sex_binary,transformer,,30s,7,False,False,0.5696884690535304,0.606549745322941,0.6985890609710834,0.6567832167832168,0.729181241136486,2,33340,7150,7145,40,0,28.08701202472051,32,6,1042,5.0,264322,512,128,True,5,,,,,,,,,,,,,,,,,,,,,,,,,,
sex_binary,transformer,,30s,8,False,False,0.569512662454215,0.6086193099888888,0.6995683143817976,0.6555244755244756,0.7291257274194338,2,33340,7150,7145,40,0,28.08701202472051,32,6,1042,5.0,264322,512,128,True,5,,,,,,,,,,,,,,,,,,,,,,,,,,
sex_binary,transformer,,30s,9,False,False,0.5660389228859702,0.5998308735960847,0.6997999527617504,0.6647552447552447,0.7360308279133455,2,33340,7150,7145,40,0,28.08701202472051,32,6,1042,5.0,264322,512,128,True,5,,,,,,,,,,,,,,,,,,,,,,,,,,
sex_binary,transformer,,30s,10,False,False,0.5648002724842033,0.6061494253148566,0.70303610576869,0.6565034965034966,0.7295396743117023,2,33340,7150,7145,40,0,28.08701202472051,32,6,1042,5.0,264322,512,128,True,5,,,,,,,,,,,,,,,,,,,,,,,,,,
sex_binary,transformer,,30s,11,False,False,0.5629404671727074,0.6016148407225842,0.7042582987481864,0.6651748251748252,0.7358152281285149,2,33340,7150,7145,40,0,28.08701202472051,32,6,1042,5.0,264322,512,128,True,5,,,,,,,,,,,,,,,,,,,,,,,,,,
sex_binary,transformer,,30s,12,False,False,0.5621126648831953,0.5986561081542835,0.7042360472832383,0.6692307692307693,0.7374931194679446,2,33340,7150,7145,40,0,28.08701202472051,32,6,1042,5.0,264322,512,128,True,5,,,,,,,,,,,,,,,,,,,,,,,,,,
sex_binary,transformer,,30s,13,False,False,0.558505768846021,0.6022404673799768,0.7068401525120627,0.6566433566433567,0.7341165240354052,2,33340,7150,7145,40,0,28.08701202472051,32,6,1042,5.0,264322,512,128,True,5,,,,,,,,,,,,,,,,,,,,,,,,,,
sex_binary,transformer,,30s,14,False,False,0.5589530619877001,0.6050380895521257,0.7055435570401862,0.6637762237762237,0.7360249205340115,2,33340,7150,7145,40,0,28.08701202472051,32,6,1042,5.0,264322,512,128,True,5,,,,,,,,,,,,,,,,,,,,,,,,,,
sex_binary,transformer,,30s,15,False,False,0.5574251339259659,0.6047348092736065,0.7059224887809158,0.6626573426573427,0.736042094967969,2,33340,7150,7145,40,0,28.08701202472051,32,6,1042,5.0,264322,512,128,True,5,,,,,,,,,,,,,,,,,,,,,,,,,,
sex_binary,transformer,,30s,16,False,False,0.557260001385076,0.6048772687845296,0.7063189751549301,0.6651748251748252,0.7351108416059464,2,33340,7150,7145,40,0,28.08701202472051,32,6,1042,5.0,264322,512,128,True,5,,,,,,,,,,,,,,,,,,,,,,,,,,
sex_binary,transformer,,30s,17,False,False,0.5568324956589283,0.5994426961378617,0.7077455073050578,0.6644755244755245,0.7386116876130862,2,33340,7150,7145,40,0,28.08701202472051,32,6,1042,5.0,264322,512,128,True,5,,,,,,,,,,,,,,,,,,,,,,,,,,
sex_binary,transformer,,30s,18,False,False,0.5561263677383084,0.6005516954485353,0.7081787675315765,0.668951048951049,0.7382086556799843,2,33340,7150,7145,40,0,28.08701202472051,32,6,1042,5.0,264322,512,128,True,5,,,,,,,,,,,,,,,,,,,,,,,,,,
sex_binary,transformer,,30s,19,False,False,0.5543991976393577,0.5992274918006016,0.7083084702680209,0.6676923076923077,0.7388990757494255,2,33340,7150,7145,40,0,28.08701202472051,32,6,1042,5.0,264322,512,128,True,5,,,,,,,,,,,,,,,,,,,,,,,,,,
sex_binary,transformer,,30s,20,False,False,0.5527441308536999,0.6017083816011469,0.7088416866304507,0.6699300699300699,0.736513511663162,2,33340,7150,7145,40,0,28.08701202472051,32,6,1042,5.0,264322,512,128,True,5,,,,,,,,,,,,,,,,,,,,,,,,,,
sex_binary,transformer,,30s,21,False,False,0.5525194880557618,0.6038855012396832,0.7100008142974434,0.6630769230769231,0.7365786102009879,2,33340,7150,7145,40,0,28.08701202472051,32,6,1042,5.0,264322,512,128,True,5,,,,,,,,,,,,,,,,,,,,,,,,,,
sex_binary,transformer,,30s,22,False,False,0.5516344942264236,0.6006082966861191,0.7097357402346167,0.6695104895104895,0.7387114088708495,2,33340,7150,7145,40,0,28.08701202472051,32,6,1042,5.0,264322,512,128,True,5,,,,,,,,,,,,,,,,,,,,,,,,,,
sex_binary,transformer,,30s,23,False,False,0.5506334648421229,0.6012853876610736,0.7090054458953335,0.6648951048951048,0.7384482761993252,2,33340,7150,7145,40,0,28.08701202472051,32,6,1042,5.0,264322,512,128,True,5,,,,,,,,,,,,,,,,,,,,,,,,,,
sex_binary,transformer,,30s,24,False,False,0.5499848642889869,0.6029994486261915,0.7097557782501602,0.6675524475524476,0.737030544280894,2,33340,7150,7145,40,0,28.08701202472051,32,6,1042,5.0,264322,512,128,True,5,,,,,,,,,,,,,,,,,,,,,,,,,,
sex_binary,transformer,,30s,25,False,False,0.5487217610584595,0.6030879015355677,0.7113244390457873,0.6661538461538461,0.7390072472981564,2,33340,7150,7145,40,0,28.08701202472051,32,6,1042,5.0,264322,512,128,True,5,,,,,,,,,,,,,,,,,,,,,,,,,,
sex_binary,transformer,,30s,26,False,False,0.5485610146542546,0.6007788921569611,0.7123584078460483,0.6683916083916084,0.7396152770306617,2,33340,7150,7145,40,0,28.08701202472051,32,6,1042,5.0,264322,512,128,True,5,,,,,,,,,,,,,,,,,,,,,,,,,,
sex_binary,transformer,,30s,27,False,False,0.5477140443083335,0.6002850813215429,0.7123362733520038,0.672027972027972,0.7402224069636657,2,33340,7150,7145,40,0,28.08701202472051,32,6,1042,5.0,264322,512,128,True,5,,,,,,,,,,,,,,,,,,,,,,,,,,
sex_binary,transformer,,30s,28,False,False,0.5478809928565092,0.5986321642765632,0.7128445209254198,0.672027972027972,0.7399943273509708,2,33340,7150,7145,40,0,28.08701202472051,32,6,1042,5.0,264322,512,128,True,5,,,,,,,,,,,,,,,,,,,,,,,,,,
sex_binary,transformer,,30s,29,False,False,0.5461898458919342,0.5984550447397299,0.7129666115553757,0.6678321678321679,0.7408038339283095,2,33340,7150,7145,40,0,28.08701202472051,32,6,1042,5.0,264322,512,128,True,5,,,,,,,,,,,,,,,,,,,,,,,,,,
sex_binary,transformer,,30s,30,True,False,0.5457553163000975,0.5995744275463211,0.7147361563811002,0.6682517482517483,0.7409039855249646,2,33340,7150,7145,40,0,28.08701202472051,32,6,1042,5.0,264322,512,128,True,5,0.716376724655069,0.7160468153546805,0.7160161498867404,0.7988590460123044,0.689219556635287,0.742874074074074,,,,0.6682517482517483,0.6682517482517483,0.6682510993224104,0.6668531468531469,0.6696503496503496,,,,0.6728291316526611,0.6724273721939257,0.6723606126502013,0.746781424888386,0.6628654970760234,0.681989247311828,,,
sex_binary,transformer,,30s,31,False,False,0.5445439813161368,0.6003200877546431,0.713556369852999,0.6713286713286712,0.7393032813340505,2,33340,7150,7145,40,0,28.08701202472051,32,6,1042,5.0,264322,512,128,True,5,,,,,,,,,,,,,,,,,,,,,,,,,,
sex_binary,transformer,,30s,32,False,False,0.5444458929270989,0.5998141640799862,0.7137748445074288,0.6674125874125874,0.7400280893931244,2,33340,7150,7145,40,0,28.08701202472051,32,6,1042,5.0,264322,512,128,True,5,,,,,,,,,,,,,,,,,,,,,,,,,,
sex_binary,transformer,,30s,33,False,False,0.5442226522899918,0.6004725995597305,0.7151228171992217,0.6716083916083916,0.7391141669519292,2,33340,7150,7145,40,0,28.08701202472051,32,6,1042,5.0,264322,512,128,True,5,,,,,,,,,,,,,,,,,,,,,,,,,,
sex_binary,transformer,,30s,34,False,False,0.5439081754846063,0.6001349736343731,0.7134984692557726,0.6668531468531469,0.7397700816665852,2,33340,7150,7145,40,0,28.08701202472051,32,6,1042,5.0,264322,512,128,True,5,,,,,,,,,,,,,,,,,,,,,,,,,,
sex_binary,transformer,,30s,35,False,False,0.5429576994704857,0.6013279322394124,0.7151792421635118,0.6718881118881119,0.7398802484229058,2,33340,7150,7145,40,0,28.08701202472051,32,6,1042,5.0,264322,512,128,True,5,,,,,,,,,,,,,,,,,,,,,,,,,,
sex_binary,transformer,,30s,36,False,False,0.5430160799567114,0.6004573001894917,0.7158576554082172,0.6714685314685315,0.7400041077803315,2,33340,7150,7145,40,0,28.08701202472051,32,6,1042,5.0,264322,512,128,True,5,,,,,,,,,,,,,,,,,,,,,,,,,,
sex_binary,transformer,,30s,37,False,False,0.5430054908036185,0.6007174925787465,0.7170589555847983,0.6714685314685315,0.7397724289696318,2,33340,7150,7145,40,0,28.08701202472051,32,6,1042,5.0,264322,512,128,True,5,,,,,,,,,,,,,,,,,,,,,,,,,,
sex_binary,transformer,,30s,38,False,False,0.5428391404186242,0.6007032402328678,0.7167790082217049,0.6706293706293707,0.7399045821311555,2,33340,7150,7145,40,0,28.08701202472051,32,6,1042,5.0,264322,512,128,True,5,,,,,,,,,,,,,,,,,,,,,,,,,,
sex_binary,transformer,,30s,39,False,False,0.5426016506708233,0.6005716689566633,0.7162406271439979,0.6703496503496503,0.7399825908357378,2,33340,7150,7145,40,0,28.08701202472051,32,6,1042,5.0,264322,512,128,True,5,,,,,,,,,,,,,,,,,,,,,,,,,,
sex_binary,transformer,,30s,40,False,False,0.5419343616551958,0.6006054603136503,0.7142972275646433,0.6707692307692308,0.7399211306176341,2,33340,7150,7145,40,0,28.08701202472051,32,6,1042,5.0,264322,512,128,True,5,,,,,,,,,,,,,,,,,,,,,,,,,,
sex_binary,transformer,,10m,1,False,False,0.6150940936271059,0.6201812535816139,0.6648941615773076,0.6594405594405595,0.7336410386815982,2,33340,7150,7145,36,0,41.147092600663505,32,120,1042,5.0,264322,512,128,True,5,,,,,,,,,,,,,,,,,,,,,,,,,,
sex_binary,transformer,,10m,2,False,False,0.5812665506115772,0.6215026741594701,0.6964902520498026,0.6570629370629371,0.7418967773485257,2,33340,7150,7145,36,0,41.147092600663505,32,120,1042,5.0,264322,512,128,True,5,,,,,,,,,,,,,,,,,,,,,,,,,,
sex_binary,transformer,,10m,3,False,False,0.5686409937992165,0.5983092386905964,0.7032430093014364,0.6795804195804196,0.7511295809086018,2,33340,7150,7145,36,0,41.147092600663505,32,120,1042,5.0,264322,512,128,True,5,,,,,,,,,,,,,,,,,,,,,,,,,,
sex_binary,transformer,,10m,4,False,False,0.5575546135499081,0.5884154332100928,0.7096105813678848,0.675104895104895,0.751154031982004,2,33340,7150,7145,36,0,41.147092600663505,32,120,1042,5.0,264322,512,128,True,5,,,,,,,,,,,,,,,,,,,,,,,,,,
sex_binary,transformer,,10m,5,False,False,0.5523300459768219,0.5978813599456441,0.7155257099796426,0.6787412587412588,0.7608379089442026,2,33340,7150,7145,36,0,41.147092600663505,32,120,1042,5.0,264322,512,128,True,5,,,,,,,,,,,,,,,,,,,,,,,,,,
sex_binary,transformer,,10m,6,False,False,0.547291178880656,0.585539877723147,0.7169887460494202,0.6813986013986014,0.7623953053939068,2,33340,7150,7145,36,0,41.147092600663505,32,120,1042,5.0,264322,512,128,True,5,,,,,,,,,,,,,,,,,,,,,,,,,,
sex_binary,transformer,,10m,7,False,False,0.5447936025506805,0.5777823340976155,0.7181700082104576,0.6867132867132867,0.7649761259719301,2,33340,7150,7145,36,0,41.147092600663505,32,120,1042,5.0,264322,512,128,True,5,,,,,,,,,,,,,,,,,,,,,,,,,,
sex_binary,transformer,,10m,8,False,False,0.5411784002504881,0.5821195860759362,0.7231680939366332,0.684055944055944,0.765037155851142,2,33340,7150,7145,36,0,41.147092600663505,32,120,1042,5.0,264322,512,128,True,5,,,,,,,,,,,,,,,,,,,,,,,,,,
sex_binary,transformer,,10m,9,False,False,0.537589344334016,0.5760983750203272,0.7217045539921945,0.6844755244755245,0.7668657440461636,2,33340,7150,7145,36,0,41.147092600663505,32,120,1042,5.0,264322,512,128,True,5,,,,,,,,,,,,,,,,,,,,,,,,,,
sex_binary,transformer,,10m,10,False,False,0.5356828219245563,0.6017844765253,0.7261946260867609,0.6825174825174825,0.7691601936525013,2,33340,7150,7145,36,0,41.147092600663505,32,120,1042,5.0,264322,512,128,True,5,,,,,,,,,,,,,,,,,,,,,,,,,,
sex_binary,transformer,,10m,11,False,False,0.5343774039836865,0.5972478690680924,0.7276295081598452,0.6773426573426573,0.7655364663308719,2,33340,7150,7145,36,0,41.147092600663505,32,120,1042,5.0,264322,512,128,True,5,,,,,,,,,,,,,,,,,,,,,,,,,,
sex_binary,transformer,,10m,12,False,False,0.5349641108412763,0.5749929379749965,0.725752395091721,0.6886713286713286,0.7675605457479584,2,33340,7150,7145,36,0,41.147092600663505,32,120,1042,5.0,264322,512,128,True,5,,,,,,,,,,,,,,,,,,,,,,,,,,
sex_binary,transformer,,10m,13,False,False,0.530598359588527,0.5808044999045926,0.7279994691320534,0.6893706293706294,0.7694986747518215,2,33340,7150,7145,36,0,41.147092600663505,32,120,1042,5.0,264322,512,128,True,5,,,,,,,,,,,,,,,,,,,,,,,,,,
sex_binary,transformer,,10m,14,False,False,0.5288433020423827,0.5720101883194664,0.7282002361912474,0.6945454545454546,0.7729922832412341,2,33340,7150,7145,36,0,41.147092600663505,32,120,1042,5.0,264322,512,128,True,5,,,,,,,,,,,,,,,,,,,,,,,,,,
sex_binary,transformer,,10m,15,False,False,0.5273120454491865,0.6085585125176223,0.7321307644723375,0.6721678321678322,0.768699691916475,2,33340,7150,7145,36,0,41.147092600663505,32,120,1042,5.0,264322,512,128,True,5,,,,,,,,,,,,,,,,,,,,,,,,,,
sex_binary,transformer,,10m,16,False,False,0.52643535156127,0.5725749841353276,0.7323956045933574,0.6928671328671329,0.7717730940388283,2,33340,7150,7145,36,0,41.147092600663505,32,120,1042,5.0,264322,512,128,True,5,,,,,,,,,,,,,,,,,,,,,,,,,,
sex_binary,transformer,,10m,17,False,False,0.5251435786789594,0.605490119673989,0.7333475587947498,0.666013986013986,0.7584720622035307,2,33340,7150,7145,36,0,41.147092600663505,32,120,1042,5.0,264322,512,128,True,5,,,,,,,,,,,,,,,,,,,,,,,,,,
sex_binary,transformer,,10m,18,False,False,0.5223993855246399,0.5760281042702549,0.7365041805850794,0.681958041958042,0.7660305345004645,2,33340,7150,7145,36,0,41.147092600663505,32,120,1042,5.0,264322,512,128,True,5,,,,,,,,,,,,,,,,,,,,,,,,,,
sex_binary,transformer,,10m,19,False,False,0.522832373780409,0.5727781882319417,0.7351155110166345,0.6888111888111887,0.7682455670203923,2,33340,7150,7145,36,0,41.147092600663505,32,120,1042,5.0,264322,512,128,True,5,,,,,,,,,,,,,,,,,,,,,,,,,,
sex_binary,transformer,,10m,20,False,False,0.5210484784523313,0.5755858023516782,0.7346896289547975,0.685034965034965,0.7670845126901071,2,33340,7150,7145,36,0,41.147092600663505,32,120,1042,5.0,264322,512,128,True,5,,,,,,,,,,,,,,,,,,,,,,,,,,
sex_binary,transformer,,10m,21,False,False,0.5197280478677709,0.5758904251101967,0.7367097254557928,0.6886713286713286,0.7686142892072962,2,33340,7150,7145,36,0,41.147092600663505,32,120,1042,5.0,264322,512,128,True,5,,,,,,,,,,,,,,,,,,,,,,,,,,
sex_binary,transformer,,10m,22,False,False,0.519036010345729,0.5799244409591168,0.738628660120795,0.6890909090909091,0.7727985133747372,2,33340,7150,7145,36,0,41.147092600663505,32,120,1042,5.0,264322,512,128,True,5,,,,,,,,,,,,,,,,,,,,,,,,,,
sex_binary,transformer,,10m,23,False,False,0.517981111753037,0.5724839221264099,0.7376316991148452,0.6935664335664335,0.7704245684385544,2,33340,7150,7145,36,0,41.147092600663505,32,120,1042,5.0,264322,512,128,True,5,,,,,,,,,,,,,,,,,,,,,,,,,,
sex_binary,transformer,,10m,24,False,False,0.5156166223901865,0.5726261451611152,0.7381044145268865,0.6953846153846155,0.7741714900484131,2,33340,7150,7145,36,0,41.147092600663505,32,120,1042,5.0,264322,512,128,True,5,,,,,,,,,,,,,,,,,,,,,,,,,,
sex_binary,transformer,,10m,25,False,False,0.5149437803813063,0.5850084514884683,0.7398486396508869,0.6822377622377622,0.766320152574698,2,33340,7150,7145,36,0,41.147092600663505,32,120,1042,5.0,264322,512,128,True,5,,,,,,,,,,,,,,,,,,,,,,,,,,
sex_binary,transformer,,10m,26,True,False,0.5140977456280766,0.572802997802521,0.7391717020391178,0.6984615384615385,0.7743986307398895,2,33340,7150,7145,36,0,41.147092600663505,32,120,1042,5.0,264322,512,128,True,5,0.7457108578284343,0.7455676260530193,0.7456006268183961,0.8303007204957766,0.7339204372912238,0.7572148148148148,,,,0.6984615384615385,0.6984615384615385,0.6984538940045308,0.7034965034965035,0.6934265734265734,,,,0.6977591036414565,0.6976726089417091,0.697461333943223,0.7757498585172609,0.6956140350877194,0.6997311827956989,,,
sex_binary,transformer,,10m,27,False,False,0.5134880005276411,0.574590750524214,0.7398900743440069,0.6921678321678322,0.7721019903173749,2,33340,7150,7145,36,0,41.147092600663505,32,120,1042,5.0,264322,512,128,True,5,,,,,,,,,,,,,,,,,,,,,,,,,,
sex_binary,transformer,,10m,28,False,False,0.5116313310247306,0.573268093020766,0.7426937049408959,0.6946853146853147,0.772949210230329,2,33340,7150,7145,36,0,41.147092600663505,32,120,1042,5.0,264322,512,128,True,5,,,,,,,,,,,,,,,,,,,,,,,,,,
sex_binary,transformer,,10m,29,False,False,0.5107144634739396,0.5724709229119174,0.7433492458750885,0.6941258741258741,0.7719835688786738,2,33340,7150,7145,36,0,41.147092600663505,32,120,1042,5.0,264322,512,128,True,5,,,,,,,,,,,,,,,,,,,,,,,,,,
sex_binary,transformer,,10m,30,False,False,0.5096472540728404,0.5760387282438212,0.7425084320275331,0.6909090909090909,0.7690631717932417,2,33340,7150,7145,36,0,41.147092600663505,32,120,1042,5.0,264322,512,128,True,5,,,,,,,,,,,,,,,,,,,,,,,,,,
sex_binary,transformer,,10m,31,False,False,0.5094433880309968,0.5718163385591307,0.7428112517011394,0.6942657342657343,0.7717241527703067,2,33340,7150,7145,36,0,41.147092600663505,32,120,1042,5.0,264322,512,128,True,5,,,,,,,,,,,,,,,,,,,,,,,,,,
sex_binary,transformer,,10m,32,False,False,0.5082087135915636,0.5748345718850623,0.7443559154660278,0.6899300699300699,0.7707061274389946,2,33340,7150,7145,36,0,41.147092600663505,32,120,1042,5.0,264322,512,128,True,5,,,,,,,,,,,,,,,,,,,,,,,,,,
sex_binary,transformer,,10m,33,False,False,0.50814477925395,0.5729196048199714,0.7445091113585496,0.695104895104895,0.7718248129492885,2,33340,7150,7145,36,0,41.147092600663505,32,120,1042,5.0,264322,512,128,True,5,,,,,,,,,,,,,,,,,,,,,,,,,,
sex_binary,transformer,,10m,34,False,False,0.5074428932139026,0.5787970776908048,0.744922450540428,0.6941258741258741,0.7734074429067437,2,33340,7150,7145,36,0,41.147092600663505,32,120,1042,5.0,264322,512,128,True,5,,,,,,,,,,,,,,,,,,,,,,,,,,
sex_binary,transformer,,10m,35,False,False,0.5072254402950701,0.5740363937491304,0.7457640022044516,0.693986013986014,0.7731010807374443,2,33340,7150,7145,36,0,41.147092600663505,32,120,1042,5.0,264322,512,128,True,5,,,,,,,,,,,,,,,,,,,,,,,,,,
sex_binary,transformer,,10m,36,False,False,0.5067195531416597,0.5733625938092078,0.7464076211042503,0.6965034965034964,0.7730268277177369,2,33340,7150,7145,36,0,41.147092600663505,32,120,1042,5.0,264322,512,128,True,5,,,,,,,,,,,,,,,,,,,,,,,,,,
sex_binary,transformer,,40m,1,False,False,0.5949865038193266,0.5847785395675605,0.6819000123719225,0.6895104895104895,0.7701780233752262,2,33340,7150,7145,37,0,95.6835906902949,32,480,1042,5.0,264322,512,128,True,5,,,,,,,,,,,,,,,,,,,,,,,,,,
sex_binary,transformer,,40m,2,False,False,0.5543071712286228,0.561672363839783,0.7208609868295262,0.7023776223776224,0.7811219326128418,2,33340,7150,7145,37,0,95.6835906902949,32,480,1042,5.0,264322,512,128,True,5,,,,,,,,,,,,,,,,,,,,,,,,,,
sex_binary,transformer,,40m,3,False,False,0.5361244368567464,0.5691149008274078,0.7314927781714299,0.6984615384615385,0.7764758765709816,2,33340,7150,7145,37,0,95.6835906902949,32,480,1042,5.0,264322,512,128,True,5,,,,,,,,,,,,,,,,,,,,,,,,,,
sex_binary,transformer,,40m,4,False,False,0.5233520757672883,0.5476377557291018,0.7384590793040231,0.7107692307692308,0.7935383050515917,2,33340,7150,7145,37,0,95.6835906902949,32,480,1042,5.0,264322,512,128,True,5,,,,,,,,,,,,,,,,,,,,,,,,,,
sex_binary,transformer,,40m,5,False,False,0.5180962299757113,0.5488362592166954,0.741426235223988,0.7117482517482517,0.795622905765563,2,33340,7150,7145,37,0,95.6835906902949,32,480,1042,5.0,264322,512,128,True,5,,,,,,,,,,,,,,,,,,,,,,,,,,
sex_binary,transformer,,40m,6,False,False,0.5102666334828432,0.5474707162463581,0.7474693569974469,0.7158041958041959,0.8013649958433173,2,33340,7150,7145,37,0,95.6835906902949,32,480,1042,5.0,264322,512,128,True,5,,,,,,,,,,,,,,,,,,,,,,,,,,
sex_binary,transformer,,40m,7,False,False,0.5038798976101844,0.5435195356482393,0.7525603716075626,0.7144055944055945,0.8003495134236392,2,33340,7150,7145,37,0,95.6835906902949,32,480,1042,5.0,264322,512,128,True,5,,,,,,,,,,,,,,,,,,,,,,,,,,
sex_binary,transformer,,40m,8,False,False,0.4985486939701407,0.5414280696432073,0.7537699047361969,0.7176223776223776,0.8016788302606485,2,33340,7150,7145,37,0,95.6835906902949,32,480,1042,5.0,264322,512,128,True,5,,,,,,,,,,,,,,,,,,,,,,,,,,
sex_binary,transformer,,40m,9,False,False,0.4957389361570892,0.540986438239371,0.7588215811316935,0.7195804195804196,0.8028366374883857,2,33340,7150,7145,37,0,95.6835906902949,32,480,1042,5.0,264322,512,128,True,5,,,,,,,,,,,,,,,,,,,,,,,,,,
sex_binary,transformer,,40m,10,False,False,0.4913094890568166,0.5544246226257378,0.760235453430959,0.7079720279720281,0.7948727077118686,2,33340,7150,7145,37,0,95.6835906902949,32,480,1042,5.0,264322,512,128,True,5,,,,,,,,,,,,,,,,,,,,,,,,,,
sex_binary,transformer,,40m,11,False,False,0.4896197481718904,0.5431442370781532,0.7609235752606539,0.7202797202797203,0.8006142892072963,2,33340,7150,7145,37,0,95.6835906902949,32,480,1042,5.0,264322,512,128,True,5,,,,,,,,,,,,,,,,,,,,,,,,,,
sex_binary,transformer,,40m,12,False,False,0.4858425635882459,0.5369639932025563,0.7629692613962278,0.7195804195804196,0.806296757787667,2,33340,7150,7145,37,0,95.6835906902949,32,480,1042,5.0,264322,512,128,True,5,,,,,,,,,,,,,,,,,,,,,,,,,,
sex_binary,transformer,,40m,13,False,False,0.4837805736973104,0.5457727885413003,0.763932903690207,0.7127272727272727,0.8028370287055602,2,33340,7150,7145,37,0,95.6835906902949,32,480,1042,5.0,264322,512,128,True,5,,,,,,,,,,,,,,,,,,,,,,,,,,
sex_binary,transformer,,40m,14,False,False,0.4813209106876382,0.5355668281341767,0.7651839884828648,0.7215384615384615,0.8090991637732896,2,33340,7150,7145,37,0,95.6835906902949,32,480,1042,5.0,264322,512,128,True,5,,,,,,,,,,,,,,,,,,,,,,,,,,
sex_binary,transformer,,40m,15,False,False,0.4798197679592594,0.5402006719662593,0.7671612916287074,0.7230769230769231,0.8075010024940095,2,33340,7150,7145,37,0,95.6835906902949,32,480,1042,5.0,264322,512,128,True,5,,,,,,,,,,,,,,,,,,,,,,,,,,
sex_binary,transformer,,40m,16,False,False,0.4770660245854767,0.5524834491447969,0.767912982645567,0.7213986013986013,0.8083440755049146,2,33340,7150,7145,37,0,95.6835906902949,32,480,1042,5.0,264322,512,128,True,5,,,,,,,,,,,,,,,,,,,,,,,,,,
sex_binary,transformer,,40m,17,False,False,0.4748826353436969,0.5335047502701099,0.7705815118489276,0.7241958041958042,0.8130474057411121,2,33340,7150,7145,37,0,95.6835906902949,32,480,1042,5.0,264322,512,128,True,5,,,,,,,,,,,,,,,,,,,,,,,,,,
sex_binary,transformer,,40m,18,False,False,0.4726749134120929,0.5952994670442768,0.7722491210311435,0.7043356643356643,0.8074663797740721,2,33340,7150,7145,37,0,95.6835906902949,32,480,1042,5.0,264322,512,128,True,5,,,,,,,,,,,,,,,,,,,,,,,,,,
sex_binary,transformer,,40m,19,False,False,0.4690659996486382,0.5408056373196048,0.7748690713185096,0.7229370629370628,0.8036901951195656,2,33340,7150,7145,37,0,95.6835906902949,32,480,1042,5.0,264322,512,128,True,5,,,,,,,,,,,,,,,,,,,,,,,,,,
sex_binary,transformer,,40m,20,False,False,0.4684704476655709,0.5588217230735125,0.7749407564868239,0.7191608391608392,0.8098516308865961,2,33340,7150,7145,37,0,95.6835906902949,32,480,1042,5.0,264322,512,128,True,5,,,,,,,,,,,,,,,,,,,,,,,,,,
sex_binary,transformer,,40m,21,False,False,0.4637354996687792,0.5414614306296502,0.7771562213899292,0.725034965034965,0.8071009829331508,2,33340,7150,7145,37,0,95.6835906902949,32,480,1042,5.0,264322,512,128,True,5,,,,,,,,,,,,,,,,,,,,,,,,,,
sex_binary,transformer,,40m,22,False,False,0.4638112522773422,0.5316758755953995,0.7771054290245302,0.7274125874125874,0.8123454838867427,2,33340,7150,7145,37,0,95.6835906902949,32,480,1042,5.0,264322,512,128,True,5,,,,,,,,,,,,,,,,,,,,,,,,,,
sex_binary,transformer,,40m,23,False,False,0.4629509347995456,0.5289871710913998,0.7763570761773009,0.7265734265734265,0.813988400410778,2,33340,7150,7145,37,0,95.6835906902949,32,480,1042,5.0,264322,512,128,True,5,,,,,,,,,,,,,,,,,,,,,,,,,,
sex_binary,transformer,,40m,24,False,False,0.4590429721618028,0.531718909315296,0.7808198490625458,0.7288111888111888,0.8108308474742041,2,33340,7150,7145,37,0,95.6835906902949,32,480,1042,5.0,264322,512,128,True,5,,,,,,,,,,,,,,,,,,,,,,,,,,
sex_binary,transformer,,40m,25,False,False,0.4572352680605046,0.5351772780268342,0.7822291774920989,0.7290909090909091,0.8092450877793534,2,33340,7150,7145,37,0,95.6835906902949,32,480,1042,5.0,264322,512,128,True,5,,,,,,,,,,,,,,,,,,,,,,,,,,
sex_binary,transformer,,40m,26,False,False,0.4559992435097194,0.5380093516919996,0.7832108782940244,0.7244755244755244,0.8086477773974277,2,33340,7150,7145,37,0,95.6835906902949,32,480,1042,5.0,264322,512,128,True,5,,,,,,,,,,,,,,,,,,,,,,,,,,
sex_binary,transformer,,40m,27,True,False,0.4548088180890109,0.5362720591705162,0.7832794952255626,0.7285314685314686,0.8154470927673724,2,33340,7150,7145,37,0,95.6835906902949,32,480,1042,5.0,264322,512,128,True,5,0.786622675464907,0.7859226777339137,0.785672392654003,0.8751687273790645,0.7290009110233829,0.8428444444444444,,,,0.7285314685314686,0.7285314685314686,0.7270599225616127,0.6551048951048951,0.801958041958042,,,,0.7259103641456582,0.7226254480286738,0.7226426301845166,0.8115775325410299,0.6444444444444445,0.8008064516129032,,,
sex_binary,transformer,,40m,28,False,False,0.4533146041842656,0.5358729558391171,0.7847330566521578,0.726013986013986,0.80964667220891,2,33340,7150,7145,37,0,95.6835906902949,32,480,1042,5.0,264322,512,128,True,5,,,,,,,,,,,,,,,,,,,,,,,,,,
sex_binary,transformer,,40m,29,False,False,0.4508355016077645,0.5336757923006178,0.7861069698912395,0.7271328671328672,0.8127579441537482,2,33340,7150,7145,37,0,95.6835906902949,32,480,1042,5.0,264322,512,128,True,5,,,,,,,,,,,,,,,,,,,,,,,,,,
sex_binary,transformer,,40m,30,False,False,0.4504101238353709,0.536422872384945,0.7868802915274826,0.726013986013986,0.8110579099222455,2,33340,7150,7145,37,0,95.6835906902949,32,480,1042,5.0,264322,512,128,True,5,,,,,,,,,,,,,,,,,,,,,,,,,,
sex_binary,transformer,,40m,31,False,False,0.4488940078231054,0.5311594271993304,0.7865935868452723,0.7302097902097902,0.8133106948995061,2,33340,7150,7145,37,0,95.6835906902949,32,480,1042,5.0,264322,512,128,True,5,,,,,,,,,,,,,,,,,,,,,,,,,,
sex_binary,transformer,,40m,32,False,False,0.4479708983001411,0.5311995086386487,0.7864048587913757,0.7307692307692308,0.8130592987432148,2,33340,7150,7145,37,0,95.6835906902949,32,480,1042,5.0,264322,512,128,True,5,,,,,,,,,,,,,,,,,,,,,,,,,,
sex_binary,transformer,,40m,33,False,False,0.4473916651355912,0.5314051158611591,0.7876675147057169,0.7282517482517482,0.8133418357865909,2,33340,7150,7145,37,0,95.6835906902949,32,480,1042,5.0,264322,512,128,True,5,,,,,,,,,,,,,,,,,,,,,,,,,,
sex_binary,transformer,,40m,34,False,False,0.44558792940213,0.5370735445972923,0.7870819133740482,0.7271328671328672,0.8100768546139175,2,33340,7150,7145,37,0,95.6835906902949,32,480,1042,5.0,264322,512,128,True,5,,,,,,,,,,,,,,,,,,,,,,,,,,
sex_binary,transformer,,40m,35,False,False,0.4456003252803457,0.5350199616205442,0.7879454825612129,0.7251748251748251,0.8105716269744242,2,33340,7150,7145,37,0,95.6835906902949,32,480,1042,5.0,264322,512,128,True,5,,,,,,,,,,,,,,,,,,,,,,,,,,
sex_binary,transformer,,40m,36,False,False,0.4435602528468248,0.5358045608680565,0.7896120030142502,0.7265734265734265,0.8106850408332926,2,33340,7150,7145,37,0,95.6835906902949,32,480,1042,5.0,264322,512,128,True,5,,,,,,,,,,,,,,,,,,,,,,,,,,
sex_binary,transformer,,40m,37,False,False,0.4427315686320429,0.5342027814154858,0.79113565700532,0.729090909090909,0.8116875348427797,2,33340,7150,7145,37,0,95.6835906902949,32,480,1042,5.0,264322,512,128,True,5,,,,,,,,,,,,,,,,,,,,,,,,,,
sex_binary,transformer,,80m,1,False,False,0.5834086354541979,0.567713789872309,0.6931875687717346,0.7174197732230235,0.7986421679407314,2,33335,7145,7150,40,0,93.93371580044429,32,960,1042,5.0,264322,512,128,True,5,,,,,,,,,,,,,,,,,,,,,,,,,,
sex_binary,transformer,,80m,2,False,False,0.5299499121387448,0.5184721528837278,0.7398785475409659,0.7451647768585297,0.8211882013087821,2,33335,7145,7150,40,0,93.93371580044429,32,960,1042,5.0,264322,512,128,True,5,,,,,,,,,,,,,,,,,,,,,,,,,,
sex_binary,transformer,,80m,3,False,False,0.5075007785130105,0.5654864017449533,0.7554961199685204,0.7300772299408493,0.8295760410320907,2,33335,7145,7150,40,0,93.93371580044429,32,960,1042,5.0,264322,512,128,True,5,,,,,,,,,,,,,,,,,,,,,,,,,,
sex_binary,transformer,,80m,4,False,False,0.4897638227094931,0.5087027974233834,0.768100090224914,0.7531546367441586,0.8360652818991097,2,33335,7145,7150,40,0,93.93371580044429,32,960,1042,5.0,264322,512,128,True,5,,,,,,,,,,,,,,,,,,,,,,,,,,
sex_binary,transformer,,80m,5,False,False,0.4771437223175395,0.5220135864425657,0.7723508992776604,0.7509656690313833,0.8433051663489692,2,33335,7145,7150,40,0,93.93371580044429,32,960,1042,5.0,264322,512,128,True,5,,,,,,,,,,,,,,,,,,,,,,,,,,
sex_binary,transformer,,80m,6,False,False,0.463885391137581,0.5076885419199731,0.7834862654629475,0.759780101008116,0.8441089472753356,2,33335,7145,7150,40,0,93.93371580044429,32,960,1042,5.0,264322,512,128,True,5,,,,,,,,,,,,,,,,,,,,,,,,,,
sex_binary,transformer,,80m,7,False,False,0.4593377461690174,0.4990644115806043,0.7860328861707357,0.763171536934777,0.851891838780042,2,33335,7145,7150,40,0,93.93371580044429,32,960,1042,5.0,264322,512,128,True,5,,,,,,,,,,,,,,,,,,,,,,,,,,
sex_binary,transformer,,80m,8,False,False,0.4505972371155736,0.4775684173266482,0.7913375078113885,0.7701912079706015,0.8530192387053668,2,33335,7145,7150,40,0,93.93371580044429,32,960,1042,5.0,264322,512,128,True,5,,,,,,,,,,,,,,,,,,,,,,,,,,
sex_binary,transformer,,80m,9,False,False,0.4445915451136704,0.4757980086404682,0.793982034256653,0.7721455381531628,0.8544897911057835,2,33335,7145,7150,40,0,93.93371580044429,32,960,1042,5.0,264322,512,128,True,5,,,,,,,,,,,,,,,,,,,,,,,,,,
sex_binary,transformer,,80m,10,False,False,0.4365965338791795,0.4711549027607189,0.7988036734686528,0.7770524888478393,0.8592411421384636,2,33335,7145,7150,40,0,93.93371580044429,32,960,1042,5.0,264322,512,128,True,5,,,,,,,,,,,,,,,,,,,,,,,,,,
sex_binary,transformer,,80m,11,False,False,0.4344561715229387,0.5083160261410445,0.7979323907441125,0.7618431033466307,0.8579718592174818,2,33335,7145,7150,40,0,93.93371580044429,32,960,1042,5.0,264322,512,128,True,5,,,,,,,,,,,,,,,,,,,,,,,,,,
sex_binary,transformer,,80m,12,False,False,0.4295167715559839,0.490680536053204,0.8026224384498604,0.7559702871067266,0.8588694558531649,2,33335,7145,7150,40,0,93.93371580044429,32,960,1042,5.0,264322,512,128,True,5,,,,,,,,,,,,,,,,,,,,,,,,,,
sex_binary,transformer,,80m,13,False,False,0.4259359200372319,0.4723274215179944,0.8056386159029965,0.775473696621927,0.8595422013480851,2,33335,7145,7150,40,0,93.93371580044429,32,960,1042,5.0,264322,512,128,True,5,,,,,,,,,,,,,,,,,,,,,,,,,,
sex_binary,transformer,,80m,14,False,False,0.4182084401704855,0.4722568822874732,0.8104353036941789,0.7807787843653585,0.8615730147188868,2,33335,7145,7150,40,0,93.93371580044429,32,960,1042,5.0,264322,512,128,True,5,,,,,,,,,,,,,,,,,,,,,,,,,,
sex_binary,transformer,,80m,15,False,False,0.4174115581027532,0.4710055850774696,0.809208442962907,0.7792080492070665,0.8593820032621298,2,33335,7145,7150,40,0,93.93371580044429,32,960,1042,5.0,264322,512,128,True,5,,,,,,,,,,,,,,,,,,,,,,,,,,
sex_binary,transformer,,80m,16,False,False,0.4133789282206636,0.4737855802713114,0.8140154048685435,0.7721533987069389,0.8563384754455952,2,33335,7145,7150,40,0,93.93371580044429,32,960,1042,5.0,264322,512,128,True,5,,,,,,,,,,,,,,,,,,,,,,,,,,
sex_binary,transformer,,80m,17,False,False,0.4085821249950981,0.4744160526235926,0.8157592939765415,0.7782052390590917,0.8580692121759979,2,33335,7145,7150,40,0,93.93371580044429,32,960,1042,5.0,264322,512,128,True,5,,,,,,,,,,,,,,,,,,,,,,,,,,
sex_binary,transformer,,80m,18,False,False,0.4066069287607941,0.4687121610997272,0.8166628667750806,0.7801607483247195,0.8613189223180773,2,33335,7145,7150,40,0,93.93371580044429,32,960,1042,5.0,264322,512,128,True,5,,,,,,,,,,,,,,,,,,,,,,,,,,
sex_binary,transformer,,80m,19,False,False,0.4050530036028239,0.4636989700066367,0.819203184345167,0.7841849588303496,0.8648419046121798,2,33335,7145,7150,40,0,93.93371580044429,32,960,1042,5.0,264322,512,128,True,5,,,,,,,,,,,,,,,,,,,,,,,,,,
sex_binary,transformer,,80m,20,False,False,0.4012432774986769,0.4699139144847741,0.8207814359988401,0.7834902823903944,0.8627459272505749,2,33335,7145,7150,40,0,93.93371580044429,32,960,1042,5.0,264322,512,128,True,5,,,,,,,,,,,,,,,,,,,,,,,,,,
sex_binary,transformer,,80m,21,False,False,0.3994705369738208,0.4844066012794109,0.8214638857223127,0.7792133550808654,0.8648886356043785,2,33335,7145,7150,40,0,93.93371580044429,32,960,1042,5.0,264322,512,128,True,5,,,,,,,,,,,,,,,,,,,,,,,,,,
sex_binary,transformer,,80m,22,False,False,0.3969109343332705,0.4631585141415776,0.8235121983723497,0.78560378878692,0.8641854304635762,2,33335,7145,7150,40,0,93.93371580044429,32,960,1042,5.0,264322,512,128,True,5,,,,,,,,,,,,,,,,,,,,,,,,,,
sex_binary,transformer,,80m,23,False,False,0.3932360501702049,0.4648521433277427,0.8252795711705287,0.7846805667459272,0.8644257275925089,2,33335,7145,7150,40,0,93.93371580044429,32,960,1042,5.0,264322,512,128,True,5,,,,,,,,,,,,,,,,,,,,,,,,,,
sex_binary,transformer,,80m,24,False,False,0.3912873875250858,0.4635705028373182,0.8257508837899507,0.7833470237978266,0.8660345471338455,2,33335,7145,7150,40,0,93.93371580044429,32,960,1042,5.0,264322,512,128,True,5,,,,,,,,,,,,,,,,,,,,,,,,,,
sex_binary,transformer,,80m,25,False,False,0.389443473902102,0.4656591274933935,0.8264217357400514,0.7856731581739933,0.8657991628510229,2,33335,7145,7150,40,0,93.93371580044429,32,960,1042,5.0,264322,512,128,True,5,,,,,,,,,,,,,,,,,,,,,,,,,,
sex_binary,transformer,,80m,26,False,False,0.3865971257809275,0.463759106283967,0.8287205260778816,0.7849159903315188,0.8665137657948002,2,33335,7145,7150,40,0,93.93371580044429,32,960,1042,5.0,264322,512,128,True,5,,,,,,,,,,,,,,,,,,,,,,,,,,
sex_binary,transformer,,80m,27,False,False,0.3843344633656498,0.4617898979247075,0.8298683454623712,0.7887609802110558,0.8673288659186039,2,33335,7145,7150,40,0,93.93371580044429,32,960,1042,5.0,264322,512,128,True,5,,,,,,,,,,,,,,,,,,,,,,,,,,
sex_binary,transformer,,80m,28,False,False,0.3825244645262758,0.4694336766396643,0.8316826856409121,0.7816047320533732,0.8655688093226167,2,33335,7145,7150,40,0,93.93371580044429,32,960,1042,5.0,264322,512,128,True,5,,,,,,,,,,,,,,,,,,,,,,,,,,
sex_binary,transformer,,80m,29,False,False,0.3778957287258914,0.4622628719412296,0.8298434660774133,0.7858720301845266,0.867441900681903,2,33335,7145,7150,40,0,93.93371580044429,32,960,1042,5.0,264322,512,128,True,5,,,,,,,,,,,,,,,,,,,,,,,,,,
sex_binary,transformer,,80m,30,False,False,0.3808028902395279,0.4687769366142798,0.8331614197547539,0.7839951264566589,0.8667588185587676,2,33335,7145,7150,40,0,93.93371580044429,32,960,1042,5.0,264322,512,128,True,5,,,,,,,,,,,,,,,,,,,,,,,,,,
sex_binary,transformer,,80m,31,False,False,0.3778250657575177,0.4733091373817749,0.8341513005173975,0.7830162909977008,0.867300017686246,2,33335,7145,7150,40,0,93.93371580044429,32,960,1042,5.0,264322,512,128,True,5,,,,,,,,,,,,,,,,,,,,,,,,,,
sex_binary,transformer,,80m,32,False,False,0.3749564680833946,0.4632074908913224,0.8350034307078064,0.7845225696150293,0.8672064770963115,2,33335,7145,7150,40,0,93.93371580044429,32,960,1042,5.0,264322,512,128,True,5,,,,,,,,,,,,,,,,,,,,,,,,,,
sex_binary,transformer,,80m,33,False,False,0.374382377946611,0.4653536950086195,0.8339169678666041,0.7843810796470612,0.8675918407451804,2,33335,7145,7150,40,0,93.93371580044429,32,960,1042,5.0,264322,512,128,True,5,,,,,,,,,,,,,,,,,,,,,,,,,,
sex_binary,transformer,,80m,34,False,False,0.3719513528088106,0.4664602287139736,0.8363372917038101,0.7846039263466111,0.8681758798907382,2,33335,7145,7150,40,0,93.93371580044429,32,960,1042,5.0,264322,512,128,True,5,,,,,,,,,,,,,,,,,,,,,,,,,,
sex_binary,transformer,,80m,35,True,False,0.3705940627767458,0.4619186008139204,0.8373988031241952,0.7864723799791695,0.8682633285514965,2,33335,7145,7150,40,0,93.93371580044429,32,960,1042,5.0,264322,512,128,True,5,0.8435578221088945,0.8435765353993219,0.8434961000756456,0.921664727101151,0.8443419434194342,0.8428111273792094,,,,0.7869839048285514,0.7864723799791695,0.7863700648211971,0.7954966887417219,0.7774480712166172,,,,0.7827972027972028,0.7824552980943517,0.782431844910827,0.8662562876598245,0.7743065693430657,0.7906040268456376,,,
sex_binary,transformer,,80m,36,False,False,0.36874445175792,0.462614830662063,0.8374192793172441,0.7859476880146207,0.8679955194843477,2,33335,7145,7150,40,0,93.93371580044429,32,960,1042,5.0,264322,512,128,True,5,,,,,,,,,,,,,,,,,,,,,,,,,,
sex_binary,transformer,,80m,37,False,False,0.3682006220714217,0.4620491908158015,0.8377428553934148,0.7882095623636685,0.86821758012852,2,33335,7145,7150,40,0,93.93371580044429,32,960,1042,5.0,264322,512,128,True,5,,,,,,,,,,,,,,,,,,,,,,,,,,
sex_binary,transformer,,80m,38,False,False,0.3680127381759908,0.4629819905428389,0.8388206559225182,0.7854605301943522,0.8681692377227974,2,33335,7145,7150,40,0,93.93371580044429,32,960,1042,5.0,264322,512,128,True,5,,,,,,,,,,,,,,,,,,,,,,,,,,
sex_binary,transformer,,80m,39,False,False,0.3675220096014743,0.4632805325763471,0.8389581903871748,0.7848778666457052,0.8681469137500738,2,33335,7145,7150,40,0,93.93371580044429,32,960,1042,5.0,264322,512,128,True,5,,,,,,,,,,,,,,,,,,,,,,,,,,
sex_binary,transformer,,80m,40,False,False,0.3681690774374107,0.4632363098684602,0.8384677252336212,0.7852433823962899,0.868135005011103,2,33335,7145,7150,40,0,93.93371580044429,32,960,1042,5.0,264322,512,128,True,5,,,,,,,,,,,,,,,,,,,,,,,,,,
sex_binary,transformer,,120m,1,False,False,0.5694630503565078,0.5645131736055298,0.7083170352201326,0.7246080531373436,0.8153751252775758,2,33335,7145,7150,37,0,118.97004123131434,32,1440,1042,5.0,264322,512,128,True,5,,,,,,,,,,,,,,,,,,,,,,,,,,
sex_binary,transformer,,120m,2,False,False,0.5142443644521261,0.5028312978542627,0.7522528044460532,0.7576760272761216,0.8339096429343449,2,33335,7145,7150,37,0,118.97004123131434,32,1440,1042,5.0,264322,512,128,True,5,,,,,,,,,,,,,,,,,,,,,,,,,,
sex_binary,transformer,,120m,3,False,False,0.4899264452964161,0.4950510050342832,0.7712583494063345,0.7631088490184132,0.842097352958516,2,33335,7145,7150,37,0,118.97004123131434,32,1440,1042,5.0,264322,512,128,True,5,,,,,,,,,,,,,,,,,,,,,,,,,,
sex_binary,transformer,,120m,4,False,False,0.4708077076503464,0.4799450705535684,0.7820777663120702,0.7689667302061429,0.851049973470631,2,33335,7145,7150,37,0,118.97004123131434,32,1440,1042,5.0,264322,512,128,True,5,,,,,,,,,,,,,,,,,,,,,,,,,,
sex_binary,transformer,,120m,5,False,False,0.4568768320500949,0.4845022975209712,0.7897736453206406,0.7730245445791656,0.856691139190756,2,33335,7145,7150,37,0,118.97004123131434,32,1440,1042,5.0,264322,512,128,True,5,,,,,,,,,,,,,,,,,,,,,,,,,,
sex_binary,transformer,,120m,6,False,False,0.4457288573649006,0.4603048571867071,0.7950343791139229,0.7833731601391318,0.8639509501444378,2,33335,7145,7150,37,0,118.97004123131434,32,1440,1042,5.0,264322,512,128,True,5,,,,,,,,,,,,,,,,,,,,,,,,,,
sex_binary,transformer,,120m,7,False,False,0.432648923467871,0.54609322949587,0.8027816286947642,0.7470815728968105,0.8674185548371883,2,33335,7145,7150,37,0,118.97004123131434,32,1440,1042,5.0,264322,512,128,True,5,,,,,,,,,,,,,,,,,,,,,,,,,,
sex_binary,transformer,,120m,8,False,False,0.4284373938760175,0.4579314876699714,0.8049180772188396,0.7879436791321949,0.8718454222099946,2,33335,7145,7150,37,0,118.97004123131434,32,1440,1042,5.0,264322,512,128,True,5,,,,,,,,,,,,,,,,,,,,,,,,,,
sex_binary,transformer,,120m,9,False,False,0.42170785834304,0.5288103126787155,0.809357575200935,0.7602254013795272,0.8712764753276867,2,33335,7145,7150,37,0,118.97004123131434,32,1440,1042,5.0,264322,512,128,True,5,,,,,,,,,,,,,,,,,,,,,,,,,,
sex_binary,transformer,,120m,10,False,False,0.4102285514774397,0.5028284251543923,0.8162610687600287,0.7501884567767799,0.8642736258769431,2,33335,7145,7150,37,0,118.97004123131434,32,1440,1042,5.0,264322,512,128,True,5,,,,,,,,,,,,,,,,,,,,,,,,,,
sex_binary,transformer,,120m,11,False,False,0.4067629679185939,0.447803535761326,0.8175982253966024,0.7941745435965963,0.8780855228250829,2,33335,7145,7150,37,0,118.97004123131434,32,1440,1042,5.0,264322,512,128,True,5,,,,,,,,,,,,,,,,,,,,,,,,,,
sex_binary,transformer,,120m,12,False,False,0.4008868910766746,0.4550517146928565,0.8196070533911781,0.7922304321339438,0.8748703205140802,2,33335,7145,7150,37,0,118.97004123131434,32,1440,1042,5.0,264322,512,128,True,5,,,,,,,,,,,,,,,,,,,,,,,,,,
sex_binary,transformer,,120m,13,False,False,0.3974210154184144,0.4775455657963656,0.8236909013306823,0.7858120934619843,0.8766189400043234,2,33335,7145,7150,37,0,118.97004123131434,32,1440,1042,5.0,264322,512,128,True,5,,,,,,,,,,,,,,,,,,,,,,,,,,
sex_binary,transformer,,120m,14,False,False,0.3913542752673963,0.4452222955261309,0.8272138330460903,0.7947546524652662,0.8796237938962801,2,33335,7145,7150,37,0,118.97004123131434,32,1440,1042,5.0,264322,512,128,True,5,,,,,,,,,,,,,,,,,,,,,,,,,,
sex_binary,transformer,,120m,15,False,False,0.3863092793112343,0.4756979294720857,0.8296106731931154,0.7877681922691453,0.8810428989722325,2,33335,7145,7150,37,0,118.97004123131434,32,1440,1042,5.0,264322,512,128,True,5,,,,,,,,,,,,,,,,,,,,,,,,,,
sex_binary,transformer,,120m,16,False,False,0.3804421738185713,0.4515870314573724,0.832268121070669,0.7949527384204217,0.8767153889991549,2,33335,7145,7150,37,0,118.97004123131434,32,1440,1042,5.0,264322,512,128,True,5,,,,,,,,,,,,,,,,,,,,,,,,,,
sex_binary,transformer,,120m,17,False,False,0.3779590597731322,0.4470182276271581,0.8356169691272315,0.7959871872973452,0.8784484052901528,2,33335,7145,7150,37,0,118.97004123131434,32,1440,1042,5.0,264322,512,128,True,5,,,,,,,,,,,,,,,,,,,,,,,,,,
sex_binary,transformer,,120m,18,False,False,0.3722314144326987,0.4551396216130949,0.8383023038868749,0.7972857507811426,0.8797908699667891,2,33335,7145,7150,37,0,118.97004123131434,32,1440,1042,5.0,264322,512,128,True,5,,,,,,,,,,,,,,,,,,,,,,,,,,
sex_binary,transformer,,120m,19,False,False,0.3698523391718197,0.4429518140477054,0.8398673459648214,0.799115491186354,0.8797723583626466,2,33335,7145,7150,37,0,118.97004123131434,32,1440,1042,5.0,264322,512,128,True,5,,,,,,,,,,,,,,,,,,,,,,,,,,
sex_binary,transformer,,120m,20,False,False,0.3656304122917259,0.4384693486773734,0.8431003873728342,0.7973372374083754,0.8811363216538606,2,33335,7145,7150,37,0,118.97004123131434,32,1440,1042,5.0,264322,512,128,True,5,,,,,,,,,,,,,,,,,,,,,,,,,,
sex_binary,transformer,,120m,21,False,False,0.3633233344606754,0.4501470210519472,0.8433244459091735,0.7972788727965885,0.8796258376402617,2,33335,7145,7150,37,0,118.97004123131434,32,1440,1042,5.0,264322,512,128,True,5,,,,,,,,,,,,,,,,,,,,,,,,,,
sex_binary,transformer,,120m,22,False,False,0.359431573335996,0.4364109905440545,0.8444606675202916,0.7993518973411677,0.8819558236877787,2,33335,7145,7150,37,0,118.97004123131434,32,1440,1042,5.0,264322,512,128,True,5,,,,,,,,,,,,,,,,,,,,,,,,,,
sex_binary,transformer,,120m,23,False,False,0.3574106712578762,0.4374171857059294,0.8470347428950131,0.8040434688623814,0.8827862911942146,2,33335,7145,7150,37,0,118.97004123131434,32,1440,1042,5.0,264322,512,128,True,5,,,,,,,,,,,,,,,,,,,,,,,,,,
sex_binary,transformer,,120m,24,False,False,0.3558192768853447,0.4380246908822995,0.8472719389712198,0.8013698980093147,0.8836211213079961,2,33335,7145,7150,37,0,118.97004123131434,32,1440,1042,5.0,264322,512,128,True,5,,,,,,,,,,,,,,,,,,,,,,,,,,
sex_binary,transformer,,120m,25,False,False,0.3492926824007039,0.4372525422503432,0.8492882496906959,0.8034095152003459,0.8838723053039088,2,33335,7145,7150,37,0,118.97004123131434,32,1440,1042,5.0,264322,512,128,True,5,,,,,,,,,,,,,,,,,,,,,,,,,,
sex_binary,transformer,,120m,26,False,False,0.3489309098582155,0.4438915425915456,0.8501520496903359,0.7986668500795882,0.8808711458722268,2,33335,7145,7150,37,0,118.97004123131434,32,1440,1042,5.0,264322,512,128,True,5,,,,,,,,,,,,,,,,,,,,,,,,,,
sex_binary,transformer,,120m,27,True,False,0.344996046214442,0.4384296148431476,0.8532723639827906,0.8042134533377876,0.8855325721697094,2,33335,7145,7150,37,0,118.97004123131434,32,1440,1042,5.0,264322,512,128,True,5,0.8638368081595921,0.8635697009971564,0.8636968986210591,0.9347812270948477,0.8526445264452645,0.8744948755490484,,,,0.8033589923023093,0.8042134533377876,0.803175766306709,0.7891390728476821,0.8192878338278932,,,,0.8081118881118882,0.8072561602900112,0.8075451528679809,0.8888503600646647,0.7868613138686131,0.8276510067114093,,,
sex_binary,transformer,,120m,28,False,False,0.3440414820079308,0.4382050104642598,0.85451991701469,0.8033806276652191,0.8848752726629592,2,33335,7145,7150,37,0,118.97004123131434,32,1440,1042,5.0,264322,512,128,True,5,,,,,,,,,,,,,,,,,,,,,,,,,,
sex_binary,transformer,,120m,29,False,False,0.3424885021740839,0.4424322770161592,0.8551099717439341,0.8043663411087312,0.8837180419360543,2,33335,7145,7150,37,0,118.97004123131434,32,1440,1042,5.0,264322,512,128,True,5,,,,,,,,,,,,,,,,,,,,,,,,,,
sex_binary,transformer,,120m,30,False,False,0.3386628992449885,0.440056551502792,0.8572843651569751,0.8020588755477823,0.8834120305775542,2,33335,7145,7150,37,0,118.97004123131434,32,1440,1042,5.0,264322,512,128,True,5,,,,,,,,,,,,,,,,,,,,,,,,,,
sex_binary,transformer,,120m,31,False,False,0.338509327817825,0.4728551222841751,0.8558507705135616,0.7998524181028553,0.8846383948749189,2,33335,7145,7150,37,0,118.97004123131434,32,1440,1042,5.0,264322,512,128,True,5,,,,,,,,,,,,,,,,,,,,,,,,,,
sex_binary,transformer,,120m,32,False,False,0.3360323926391175,0.4459573021722974,0.8579226388896393,0.8020152494743255,0.8838126437007486,2,33335,7145,7150,37,0,118.97004123131434,32,1440,1042,5.0,264322,512,128,True,5,,,,,,,,,,,,,,,,,,,,,,,,,,
sex_binary,transformer,,120m,33,False,False,0.3342419654028122,0.4597031111965194,0.8607969507220694,0.8006879949692456,0.8840222060644171,2,33335,7145,7150,37,0,118.97004123131434,32,1440,1042,5.0,264322,512,128,True,5,,,,,,,,,,,,,,,,,,,,,,,,,,
sex_binary,transformer,,120m,34,False,False,0.3318039591530193,0.4482696420646698,0.8601263869154065,0.8021744256882897,0.8844707685656454,2,33335,7145,7150,37,0,118.97004123131434,32,1440,1042,5.0,264322,512,128,True,5,,,,,,,,,,,,,,,,,,,,,,,,,,
sex_binary,transformer,,120m,35,False,False,0.3311087191033366,0.4399128797897473,0.8618950833725029,0.8043663411087312,0.8854391101853125,2,33335,7145,7150,37,0,118.97004123131434,32,1440,1042,5.0,264322,512,128,True,5,,,,,,,,,,,,,,,,,,,,,,,,,,
sex_binary,transformer,,120m,36,False,False,0.3297354909859444,0.4466405421464154,0.863155845980129,0.803409122172657,0.885474718493918,2,33335,7145,7150,37,0,118.97004123131434,32,1440,1042,5.0,264322,512,128,True,5,,,,,,,,,,,,,,,,,,,,,,,,,,
sex_binary,transformer,,120m,37,False,False,0.3300113701258926,0.4431035842451914,0.863307985715289,0.8030054827362587,0.8851494487786664,2,33335,7145,7150,37,0,118.97004123131434,32,1440,1042,5.0,264322,512,128,True,5,,,,,,,,,,,,,,,,,,,,,,,,,,
sex_binary,transformer,,240m,1,False,False,0.551674894729909,0.5053858163402246,0.7204646457746868,0.7592119794839547,0.8327638100104152,2,33331,7145,7150,35,0,400.60944569508234,32,2880,1042,4.9994000299985,264322,512,128,True,5,,,,,,,,,,,,,,,,,,,,,,,,,,
sex_binary,transformer,,240m,2,False,False,0.4911715849813342,0.4857765495579004,0.7692336571599563,0.7777960972350502,0.8523564761137422,2,33331,7145,7150,35,0,400.60944569508234,32,2880,1042,4.9994000299985,264322,512,128,True,5,,,,,,,,,,,,,,,,,,,,,,,,,,
sex_binary,transformer,,240m,3,False,False,0.4718872789962003,0.5016310955726908,0.7827628359612049,0.7490691139190756,0.85850008843123,2,33331,7145,7150,35,0,400.60944569508234,32,2880,1042,4.9994000299985,264322,512,128,True,5,,,,,,,,,,,,,,,,,,,,,,,,,,
sex_binary,transformer,,240m,4,False,False,0.4560370355820356,0.4656672607786677,0.7910218090670158,0.7873847937587204,0.8635278165346747,2,33331,7145,7150,35,0,400.60944569508234,32,2880,1042,4.9994000299985,264322,512,128,True,5,,,,,,,,,,,,,,,,,,,,,,,,,,
sex_binary,transformer,,240m,5,False,False,0.4370706469774611,0.4523316354993301,0.8017250254220075,0.7924713581071787,0.8712712873621946,2,33331,7145,7150,35,0,400.60944569508234,32,2880,1042,4.9994000299985,264322,512,128,True,5,,,,,,,,,,,,,,,,,,,,,,,,,,
sex_binary,transformer,,240m,6,False,False,0.416591283112218,0.4422755048906807,0.8142043111603279,0.7948552675535991,0.877617859178179,2,33331,7145,7150,35,0,400.60944569508234,32,2880,1042,4.9994000299985,264322,512,128,True,5,,,,,,,,,,,,,,,,,,,,,,,,,,
sex_binary,transformer,,240m,7,False,False,0.4063048259128828,0.4480214521737262,0.820083679528729,0.7951411951972016,0.878627547310708,2,33331,7145,7150,35,0,400.60944569508234,32,2880,1042,4.9994000299985,264322,512,128,True,5,,,,,,,,,,,,,,,,,,,,,,,,,,
sex_binary,transformer,,240m,8,False,False,0.394292870648269,0.4232522192479556,0.8262782876349647,0.810282783422092,0.8875449918446755,2,33331,7145,7150,35,0,400.60944569508234,32,2880,1042,4.9994000299985,264322,512,128,True,5,,,,,,,,,,,,,,,,,,,,,,,,,,
sex_binary,transformer,,240m,9,False,False,0.3817680836321157,0.4178497839862438,0.8345620955184422,0.8096055967142886,0.8931176135358736,2,33331,7145,7150,35,0,400.60944569508234,32,2880,1042,4.9994000299985,264322,512,128,True,5,,,,,,,,,,,,,,,,,,,,,,,,,,
sex_binary,transformer,,240m,10,False,False,0.3692189884153244,0.4959304648462586,0.8408694067170301,0.7855245937076267,0.8947120482638001,2,33331,7145,7150,35,0,400.60944569508234,32,2880,1042,4.9994000299985,264322,512,128,True,5,,,,,,,,,,,,,,,,,,,,,,,,,,
sex_binary,transformer,,240m,11,False,False,0.359403261183952,0.4141236377859122,0.8465965564699288,0.8112631909918053,0.9001931338062766,2,33331,7145,7150,35,0,400.60944569508234,32,2880,1042,4.9994000299985,264322,512,128,True,5,,,,,,,,,,,,,,,,,,,,,,,,,,
sex_binary,transformer,,240m,12,False,False,0.3533121843478534,0.4031327035119059,0.8489337239456396,0.8253707233674612,0.9011097136793288,2,33331,7145,7150,35,0,400.60944569508234,32,2880,1042,4.9994000299985,264322,512,128,True,5,,,,,,,,,,,,,,,,,,,,,,,,,,
sex_binary,transformer,,240m,13,False,False,0.3449108625830985,0.4054037086475325,0.8532112986908089,0.8234163931848999,0.9006644133079176,2,33331,7145,7150,35,0,400.60944569508234,32,2880,1042,4.9994000299985,264322,512,128,True,5,,,,,,,,,,,,,,,,,,,,,,,,,,
sex_binary,transformer,,240m,14,False,False,0.3397038482358248,0.4234450617228993,0.8548366823806484,0.8082946528582938,0.904038045080276,2,33331,7145,7150,35,0,400.60944569508234,32,2880,1042,4.9994000299985,264322,512,128,True,5,,,,,,,,,,,,,,,,,,,,,,,,,,
sex_binary,transformer,,240m,15,False,False,0.3347333237465764,0.3939498616099628,0.8577802348962509,0.8266651600605263,0.906625935897184,2,33331,7145,7150,35,0,400.60944569508234,32,2880,1042,4.9994000299985,264322,512,128,True,5,,,,,,,,,,,,,,,,,,,,,,,,,,
sex_binary,transformer,,240m,16,False,False,0.3284767242745631,0.4415818962477736,0.8625321400246981,0.7962171084952935,0.9043982942598304,2,33331,7145,7150,35,0,400.60944569508234,32,2880,1042,4.9994000299985,264322,512,128,True,5,,,,,,,,,,,,,,,,,,,,,,,,,,
sex_binary,transformer,,240m,17,False,False,0.3221802499492528,0.4078366019397432,0.8643230342589876,0.8307001788275984,0.9049702281525732,2,33331,7145,7150,35,0,400.60944569508234,32,2880,1042,4.9994000299985,264322,512,128,True,5,,,,,,,,,,,,,,,,,,,,,,,,,,
sex_binary,transformer,,240m,18,False,False,0.3173126254270638,0.4172546592321406,0.866444949582177,0.8268671762925699,0.906311710259988,2,33331,7145,7150,35,0,400.60944569508234,32,2880,1042,4.9994000299985,264322,512,128,True,5,,,,,,,,,,,,,,,,,,,,,,,,,,
sex_binary,transformer,,240m,19,False,False,0.3128053828139985,0.4033181177276239,0.868461394106648,0.8290936781496256,0.9050827912826458,2,33331,7145,7150,35,0,400.60944569508234,32,2880,1042,4.9994000299985,264322,512,128,True,5,,,,,,,,,,,,,,,,,,,,,,,,,,
sex_binary,transformer,,240m,20,False,False,0.3110390602639254,0.4182003374575807,0.8692623629710023,0.8140758936467074,0.9064272604004951,2,33331,7145,7150,35,0,400.60944569508234,32,2880,1042,4.9994000299985,264322,512,128,True,5,,,,,,,,,,,,,,,,,,,,,,,,,,
sex_binary,transformer,,240m,21,False,False,0.3061941320226408,0.4111663744331939,0.8711382758341671,0.8235954172971486,0.901917739304734,2,33331,7145,7150,35,0,400.60944569508234,32,2880,1042,4.9994000299985,264322,512,128,True,5,,,,,,,,,,,,,,,,,,,,,,,,,,
sex_binary,transformer,,240m,22,False,False,0.3023370321153689,0.3957843575571866,0.871251195084735,0.8283591093992572,0.907610352349323,2,33331,7145,7150,35,0,400.60944569508234,32,2880,1042,4.9994000299985,264322,512,128,True,5,,,,,,,,,,,,,,,,,,,,,,,,,,
sex_binary,transformer,,240m,23,False,False,0.2995820084732539,0.4037914296803752,0.8753044642507816,0.8313146776190383,0.9070625896594416,2,33331,7145,7150,35,0,400.60944569508234,32,2880,1042,4.9994000299985,264322,512,128,True,5,,,,,,,,,,,,,,,,,,,,,,,,,,
sex_binary,transformer,,240m,24,False,False,0.2955376427025045,0.3987339673168889,0.8775744317398654,0.8248136066185863,0.9078418456580266,2,33331,7145,7150,35,0,400.60944569508234,32,2880,1042,4.9994000299985,264322,512,128,True,5,,,,,,,,,,,,,,,,,,,,,,,,,,
sex_binary,transformer,,240m,25,True,False,0.2932164395763222,0.3914133265163512,0.8799129880321122,0.8377035392143377,0.9110042643504236,2,33331,7145,7150,35,0,400.60944569508234,32,2880,1042,4.9994000299985,264322,512,128,True,5,0.8913023911673817,0.8914564005636543,0.8912767365398008,0.9556213835379522,0.8977859778597786,0.8851268232675298,,,,0.8377886634009797,0.8377035392143377,0.8373984913169976,0.8392052980132451,0.8362017804154303,,,,0.8278321678321678,0.8278048302552294,0.827616331238618,0.9062727477587812,0.8271532846715328,0.8284563758389262,,,
sex_binary,transformer,,240m,26,False,False,0.2881943720120815,0.4110366445707328,0.8823350300312212,0.832201544598817,0.9091303476329908,2,33331,7145,7150,35,0,400.60944569508234,32,2880,1042,4.9994000299985,264322,512,128,True,5,,,,,,,,,,,,,,,,,,,,,,,,,,
sex_binary,transformer,,240m,27,False,False,0.285869900051014,0.4001004002331394,0.8840028509827598,0.8325253994143887,0.9086182325544836,2,33331,7145,7150,35,0,400.60944569508234,32,2880,1042,4.9994000299985,264322,512,128,True,5,,,,,,,,,,,,,,,,,,,,,,,,,,
sex_binary,transformer,,240m,28,False,False,0.2822725873501193,0.4006822275228543,0.8845697204995013,0.8263922023306542,0.9097899660031048,2,33331,7145,7150,35,0,400.60944569508234,32,2880,1042,4.9994000299985,264322,512,128,True,5,,,,,,,,,,,,,,,,,,,,,,,,,,
sex_binary,transformer,,240m,29,False,False,0.2794119728458821,0.4037448836605216,0.8856914843678342,0.8330779963448425,0.9081917975121347,2,33331,7145,7150,35,0,400.60944569508234,32,2880,1042,4.9994000299985,264322,512,128,True,5,,,,,,,,,,,,,,,,,,,,,,,,,,
sex_binary,transformer,,240m,30,False,False,0.2772773888126064,0.3968467593189144,0.8867164706003572,0.833404209326547,0.910550513883703,2,33331,7145,7150,35,0,400.60944569508234,32,2880,1042,4.9994000299985,264322,512,128,True,5,,,,,,,,,,,,,,,,,,,,,,,,,,
sex_binary,transformer,,240m,31,False,False,0.2764487920906752,0.4062089714552083,0.8865961749506781,0.8360146992355612,0.909429127282017,2,33331,7145,7150,35,0,400.60944569508234,32,2880,1042,4.9994000299985,264322,512,128,True,5,,,,,,,,,,,,,,,,,,,,,,,,,,
sex_binary,transformer,,240m,32,False,False,0.2727148402342004,0.4053485561206551,0.8897155361483906,0.8325857291646197,0.9084082378603572,2,33331,7145,7150,35,0,400.60944569508234,32,2880,1042,4.9994000299985,264322,512,128,True,5,,,,,,,,,,,,,,,,,,,,,,,,,,
sex_binary,transformer,,240m,33,False,False,0.271227843871476,0.4143093064972222,0.8899482466794675,0.8294870988661152,0.90698052547802,2,33331,7145,7150,35,0,400.60944569508234,32,2880,1042,4.9994000299985,264322,512,128,True,5,,,,,,,,,,,,,,,,,,,,,,,,,,
sex_binary,transformer,,240m,34,False,False,0.2697039699155482,0.4023669619747992,0.8924144029677659,0.8286723524672313,0.9087586220449232,2,33331,7145,7150,35,0,400.60944569508234,32,2880,1042,4.9994000299985,264322,512,128,True,5,,,,,,,,,,,,,,,,,,,,,,,,,,
sex_binary,transformer,,240m,35,False,False,0.2703944539210858,0.4038123268417706,0.8917802614116588,0.8348004401910114,0.9097780179613651,2,33331,7145,7150,35,0,400.60944569508234,32,2880,1042,4.9994000299985,264322,512,128,True,5,,,,,,,,,,,,,,,,,,,,,,,,,,
sleep_efficiency_binary,lstm,,30s,1,False,False,0.6671185273596014,0.6656870205027228,0.5980972727571423,0.5957884192682353,0.650153458078854,2,47085,10105,10100,14,0,22.38743939399719,32,6,1472,5.0,657922,512,128,True,5,,,,,,,,,,,,,,,,,,,,,,,,,,
sleep_efficiency_binary,lstm,,30s,2,False,False,0.6499811133774296,0.6655920387140186,0.6254722997210044,0.6048626825964587,0.6395448775660835,2,47085,10105,10100,14,0,22.38743939399719,32,6,1472,5.0,657922,512,128,True,5,,,,,,,,,,,,,,,,,,,,,,,,,,
sleep_efficiency_binary,lstm,,30s,3,False,False,0.6410417538521155,0.6613984689861168,0.6343457745663996,0.6139275170125962,0.6468457754418409,2,47085,10105,10100,14,0,22.38743939399719,32,6,1472,5.0,657922,512,128,True,5,,,,,,,,,,,,,,,,,,,,,,,,,,
sleep_efficiency_binary,lstm,,30s,4,True,False,0.6342786771471085,0.6572565225903673,0.6429706676037947,0.6217316146352937,0.6567075658401668,2,47085,10105,10100,14,0,22.38743939399719,32,6,1472,5.0,657922,512,128,True,5,0.6618455983858978,0.6631890070298896,0.6544309573171039,0.721585161756982,0.6690377722635787,0.6573402417962003,,,,0.6244433448787728,0.6217316146352937,0.618043690188903,0.6070388349514563,0.6364243943191311,,,,0.6294059405940594,0.6271102654999138,0.6223869917086714,0.6666416317664915,0.61557478368356,0.6386457473162676,,,
sleep_efficiency_binary,lstm,,30s,5,False,False,0.6285958304885746,0.6624466006676789,0.6447176258658792,0.6161849810610669,0.656032232685273,2,47085,10105,10100,14,0,22.38743939399719,32,6,1472,5.0,657922,512,128,True,5,,,,,,,,,,,,,,,,,,,,,,,,,,
sleep_efficiency_binary,lstm,,30s,6,False,False,0.6223197117395635,0.6632230169639795,0.657247743249749,0.6196867573464406,0.652630646194775,2,47085,10105,10100,14,0,22.38743939399719,32,6,1472,5.0,657922,512,128,True,5,,,,,,,,,,,,,,,,,,,,,,,,,,
sleep_efficiency_binary,lstm,,30s,7,False,False,0.6159800393902675,0.6634043105753975,0.6614627198715448,0.612731768742244,0.6493445790852536,2,47085,10105,10100,14,0,22.38743939399719,32,6,1472,5.0,657922,512,128,True,5,,,,,,,,,,,,,,,,,,,,,,,,,,
sleep_efficiency_binary,lstm,,30s,8,False,False,0.6102285260745037,0.6846184886133004,0.6675964234847738,0.5897765246449457,0.6365510661767688,2,47085,10105,10100,14,0,22.38743939399719,32,6,1472,5.0,657922,512,128,True,5,,,,,,,,,,,,,,,,,,,,,,,,,,
sleep_efficiency_binary,lstm,,30s,9,False,False,0.6046082186853353,0.6736980578676419,0.6711519533264477,0.6123179104719728,0.6456788005612737,2,47085,10105,10100,14,0,22.38743939399719,32,6,1472,5.0,657922,512,128,True,5,,,,,,,,,,,,,,,,,,,,,,,,,,
sleep_efficiency_binary,lstm,,30s,10,False,False,0.6000825923378077,0.6683340874242051,0.6779822174222976,0.6137696587747686,0.6485964303963793,2,47085,10105,10100,14,0,22.38743939399719,32,6,1472,5.0,657922,512,128,True,5,,,,,,,,,,,,,,,,,,,,,,,,,,
sleep_efficiency_binary,lstm,,30s,11,False,False,0.5946692290257481,0.6694672309839154,0.6837099559864059,0.6132144682093583,0.647122884071019,2,47085,10105,10100,14,0,22.38743939399719,32,6,1472,5.0,657922,512,128,True,5,,,,,,,,,,,,,,,,,,,,,,,,,,
sleep_efficiency_binary,lstm,,30s,12,False,False,0.5892984490087233,0.67780988867008,0.6877118359568635,0.6179098636559035,0.6519305139872335,2,47085,10105,10100,14,0,22.38743939399719,32,6,1472,5.0,657922,512,128,True,5,,,,,,,,,,,,,,,,,,,,,,,,,,
sleep_efficiency_binary,lstm,,30s,13,False,False,0.5825718954501415,0.6789050430693525,0.6887905618625993,0.6061213916668695,0.6518087289420964,2,47085,10105,10100,14,0,22.38743939399719,32,6,1472,5.0,657922,512,128,True,5,,,,,,,,,,,,,,,,,,,,,,,,,,
sleep_efficiency_binary,lstm,,30s,14,False,False,0.5769864639583205,0.6802725019813587,0.6960939899515864,0.6171258445466417,0.6518270595582808,2,47085,10105,10100,14,0,22.38743939399719,32,6,1472,5.0,657922,512,128,True,5,,,,,,,,,,,,,,,,,,,,,,,,,,
sleep_efficiency_binary,lstm,,10m,1,False,False,0.6657224645467273,0.6605877216855587,0.6014926622581644,0.6200297466968392,0.6493353123910099,2,47085,10105,10100,15,0,16.286264900366465,32,120,1472,5.0,657922,512,128,True,5,,,,,,,,,,,,,,,,,,,,,,,,,,
sleep_efficiency_binary,lstm,,10m,2,False,False,0.6482477583904941,0.6596050983988844,0.6257162387448197,0.6164530460455346,0.6526960402624684,2,47085,10105,10100,15,0,16.286264900366465,32,120,1472,5.0,657922,512,128,True,5,,,,,,,,,,,,,,,,,,,,,,,,,,
sleep_efficiency_binary,lstm,,10m,3,False,False,0.6401682551238547,0.6589458764985551,0.6345242717614438,0.6157955568532982,0.654126416364536,2,47085,10105,10100,15,0,16.286264900366465,32,120,1472,5.0,657922,512,128,True,5,,,,,,,,,,,,,,,,,,,,,,,,,,
sleep_efficiency_binary,lstm,,10m,4,False,False,0.6312769248212892,0.6621210961486962,0.6451672473718271,0.6155409762269752,0.6547486637305238,2,47085,10105,10100,15,0,16.286264900366465,32,120,1472,5.0,657922,512,128,True,5,,,,,,,,,,,,,,,,,,,,,,,,,,
sleep_efficiency_binary,lstm,,10m,5,True,False,0.6242564343287077,0.6601358844406944,0.6530483520973243,0.6220196526915995,0.6566389882473173,2,47085,10105,10100,15,0,16.286264900366465,32,120,1472,5.0,657922,512,128,True,5,0.6569608155463523,0.6677037075131677,0.6530182779827265,0.7310138288303089,0.7144747725392887,0.6209326424870466,,,,0.6181098466105888,0.6220196526915995,0.6147333128563557,0.6432038834951457,0.6008354218880535,,,,0.6263366336633663,0.6309515473630166,0.622378826156833,0.6661451731603278,0.654140914709518,0.6077621800165153,,,
sleep_efficiency_binary,lstm,,10m,6,False,False,0.618582948499568,0.6731516095389829,0.6582029996671481,0.6102871458581729,0.6519850800139507,2,47085,10105,10100,15,0,16.286264900366465,32,120,1472,5.0,657922,512,128,True,5,,,,,,,,,,,,,,,,,,,,,,,,,,
sleep_efficiency_binary,lstm,,10m,7,False,False,0.6115295970985511,0.6629693050953139,0.664838381111154,0.6191626923295293,0.6553339862601488,2,47085,10105,10100,15,0,16.286264900366465,32,120,1472,5.0,657922,512,128,True,5,,,,,,,,,,,,,,,,,,,,,,,,,,
sleep_efficiency_binary,lstm,,10m,8,False,False,0.6053749368374827,0.6673013611160724,0.6713808783004838,0.6161095497643786,0.6510069064246375,2,47085,10105,10100,15,0,16.286264900366465,32,120,1472,5.0,657922,512,128,True,5,,,,,,,,,,,,,,,,,,,,,,,,,,
sleep_efficiency_binary,lstm,,10m,9,False,False,0.5968096608162129,0.6758154172640163,0.680682674986536,0.615276966688566,0.6528507960840613,2,47085,10105,10100,15,0,16.286264900366465,32,120,1472,5.0,657922,512,128,True,5,,,,,,,,,,,,,,,,,,,,,,,,,,
sleep_efficiency_binary,lstm,,10m,10,False,False,0.5903063735207947,0.678008976311804,0.6845953706441756,0.6115102683894202,0.6485751595818023,2,47085,10105,10100,15,0,16.286264900366465,32,120,1472,5.0,657922,512,128,True,5,,,,,,,,,,,,,,,,,,,,,,,,,,
sleep_efficiency_binary,lstm,,10m,11,False,False,0.5811046552845434,0.6905461780745342,0.6935572726714294,0.6166654500328491,0.6525940660713272,2,47085,10105,10100,15,0,16.286264900366465,32,120,1472,5.0,657922,512,128,True,5,,,,,,,,,,,,,,,,,,,,,,,,,,
sleep_efficiency_binary,lstm,,10m,12,False,False,0.5751328141329534,0.6927777030484503,0.6972693714813052,0.6106635926385544,0.6455171504813815,2,47085,10105,10100,15,0,16.286264900366465,32,120,1472,5.0,657922,512,128,True,5,,,,,,,,,,,,,,,,,,,,,,,,,,
sleep_efficiency_binary,lstm,,10m,13,False,False,0.5662909335102437,0.6905725512275714,0.7042803898795876,0.5978568995303793,0.6343396517182924,2,47085,10105,10100,15,0,16.286264900366465,32,120,1472,5.0,657922,512,128,True,5,,,,,,,,,,,,,,,,,,,,,,,,,,
sleep_efficiency_binary,lstm,,10m,14,False,False,0.5592306721187693,0.723272319140262,0.7126003019952544,0.5910375655968401,0.6380121825599597,2,47085,10105,10100,15,0,16.286264900366465,32,120,1472,5.0,657922,512,128,True,5,,,,,,,,,,,,,,,,,,,,,,,,,,
sleep_efficiency_binary,lstm,,10m,15,False,False,0.5518220943048576,0.6970399367815194,0.7171472591144996,0.5962796351720725,0.6413649212026831,2,47085,10105,10100,15,0,16.286264900366465,32,120,1472,5.0,657922,512,128,True,5,,,,,,,,,,,,,,,,,,,,,,,,,,
sleep_efficiency_binary,lstm,,40m,1,False,False,0.6629079363269387,0.6553905091800057,0.6053365304259504,0.6185570114606905,0.6582767395835868,2,47085,10105,10100,22,0,36.62158418099086,32,480,1472,5.0,657922,512,128,True,5,,,,,,,,,,,,,,,,,,,,,,,,,,
sleep_efficiency_binary,lstm,,40m,2,False,False,0.6437497592306547,0.6555796387642696,0.6344547442825899,0.6165459157602744,0.6626353707894331,2,47085,10105,10100,22,0,36.62158418099086,32,480,1472,5.0,657922,512,128,True,5,,,,,,,,,,,,,,,,,,,,,,,,,,
sleep_efficiency_binary,lstm,,40m,3,False,False,0.6333529426753552,0.6536597269646665,0.6426950290781145,0.6260369775571615,0.6638989261178836,2,47085,10105,10100,22,0,36.62158418099086,32,480,1472,5.0,657922,512,128,True,5,,,,,,,,,,,,,,,,,,,,,,,,,,
sleep_efficiency_binary,lstm,,40m,4,False,False,0.6247468220652118,0.6528334758825552,0.654625113033938,0.619125382225791,0.6668617538993113,2,47085,10105,10100,22,0,36.62158418099086,32,480,1472,5.0,657922,512,128,True,5,,,,,,,,,,,,,,,,,,,,,,,,,,
sleep_efficiency_binary,lstm,,40m,5,False,False,0.6174719849158918,0.6478571357436843,0.660687160630333,0.626978652131948,0.6730396176525456,2,47085,10105,10100,22,0,36.62158418099086,32,480,1472,5.0,657922,512,128,True,5,,,,,,,,,,,,,,,,,,,,,,,,,,
sleep_efficiency_binary,lstm,,40m,6,False,False,0.6114907265266466,0.6511573544237532,0.6685389943872311,0.6209707115685654,0.6667351631505949,2,47085,10105,10100,22,0,36.62158418099086,32,480,1472,5.0,657922,512,128,True,5,,,,,,,,,,,,,,,,,,,,,,,,,,
sleep_efficiency_binary,lstm,,40m,7,False,False,0.6026346285922697,0.6683653960748217,0.6759638205685339,0.6167602460844668,0.6724318482289868,2,47085,10105,10100,22,0,36.62158418099086,32,480,1472,5.0,657922,512,128,True,5,,,,,,,,,,,,,,,,,,,,,,,,,,
sleep_efficiency_binary,lstm,,40m,8,False,False,0.5963186881414857,0.6523996010739752,0.6821567518224714,0.6287742008743542,0.668670989772165,2,47085,10105,10100,22,0,36.62158418099086,32,480,1472,5.0,657922,512,128,True,5,,,,,,,,,,,,,,,,,,,,,,,,,,
sleep_efficiency_binary,lstm,,40m,9,False,False,0.5878281379006807,0.6625538736773504,0.6901451262908727,0.6175261170726167,0.6664329310330843,2,47085,10105,10100,22,0,36.62158418099086,32,480,1472,5.0,657922,512,128,True,5,,,,,,,,,,,,,,,,,,,,,,,,,,
sleep_efficiency_binary,lstm,,40m,10,False,False,0.5816320254086967,0.6573785570398054,0.694400673703699,0.6245194296420664,0.6697039929921892,2,47085,10105,10100,22,0,36.62158418099086,32,480,1472,5.0,657922,512,128,True,5,,,,,,,,,,,,,,,,,,,,,,,,,,
sleep_efficiency_binary,lstm,,40m,11,False,False,0.5751673951097844,0.6693887911445725,0.6982390705288917,0.6243098644669927,0.6719197062234875,2,47085,10105,10100,22,0,36.62158418099086,32,480,1472,5.0,657922,512,128,True,5,,,,,,,,,,,,,,,,,,,,,,,,,,
sleep_efficiency_binary,lstm,,40m,12,True,False,0.565587775755602,0.6560579923047458,0.70576180945728,0.6267017665523031,0.6757427955000771,2,47085,10105,10100,22,0,36.62158418099086,32,480,1472,5.0,657922,512,128,True,5,0.7111606668790486,0.7270234610598976,0.7083638342692055,0.8073170040661267,0.7960849186655639,0.6579620034542314,,,,0.6203859475507175,0.6267017665523031,0.6178510541506839,0.6609223300970873,0.5924812030075188,,,,0.6276237623762376,0.634487021013597,0.6244602272584034,0.6805520266939131,0.668974042027194,0.6,,,
sleep_efficiency_binary,lstm,,40m,13,False,False,0.558915821055489,0.6803226547480691,0.7115814322917782,0.6198580999424126,0.6695617279444567,2,47085,10105,10100,22,0,36.62158418099086,32,480,1472,5.0,657922,512,128,True,5,,,,,,,,,,,,,,,,,,,,,,,,,,
sleep_efficiency_binary,lstm,,40m,14,False,False,0.5539655881005512,0.6829779210714702,0.7170182611416106,0.6177310184847231,0.664160583497579,2,47085,10105,10100,22,0,36.62158418099086,32,480,1472,5.0,657922,512,128,True,5,,,,,,,,,,,,,,,,,,,,,,,,,,
sleep_efficiency_binary,lstm,,40m,15,False,False,0.5464261898724051,0.6861732923471355,0.7200166568811062,0.6208557396728067,0.6668325952421508,2,47085,10105,10100,22,0,36.62158418099086,32,480,1472,5.0,657922,512,128,True,5,,,,,,,,,,,,,,,,,,,,,,,,,,
sleep_efficiency_binary,lstm,,40m,16,False,False,0.5376681145024651,0.7122968173658182,0.7309254854566571,0.6115566018606386,0.6695814982439918,2,47085,10105,10100,22,0,36.62158418099086,32,480,1472,5.0,657922,512,128,True,5,,,,,,,,,,,,,,,,,,,,,,,,,,
sleep_efficiency_binary,lstm,,40m,17,False,False,0.5285342445707225,0.6758796211754197,0.7347449825788452,0.6195784769366782,0.6674629535002554,2,47085,10105,10100,22,0,36.62158418099086,32,480,1472,5.0,657922,512,128,True,5,,,,,,,,,,,,,,,,,,,,,,,,,,
sleep_efficiency_binary,lstm,,40m,18,False,False,0.5218642146252922,0.6849557366039657,0.7414226347871676,0.6240810359231412,0.6678475314499842,2,47085,10105,10100,22,0,36.62158418099086,32,480,1472,5.0,657922,512,128,True,5,,,,,,,,,,,,,,,,,,,,,,,,,,
sleep_efficiency_binary,lstm,,40m,19,False,False,0.5120180298558742,0.7028002087666456,0.7463169578763762,0.6204836524969382,0.6616625706661475,2,47085,10105,10100,22,0,36.62158418099086,32,480,1472,5.0,657922,512,128,True,5,,,,,,,,,,,,,,,,,,,,,,,,,,
sleep_efficiency_binary,lstm,,40m,20,False,False,0.5021507858597094,0.7107541577229696,0.7549980643161321,0.617758798290224,0.6579059298732268,2,47085,10105,10100,22,0,36.62158418099086,32,480,1472,5.0,657922,512,128,True,5,,,,,,,,,,,,,,,,,,,,,,,,,,
sleep_efficiency_binary,lstm,,40m,21,False,False,0.4901741048086344,0.7128420190018395,0.7609348138814962,0.624150890981499,0.6681749681647484,2,47085,10105,10100,22,0,36.62158418099086,32,480,1472,5.0,657922,512,128,True,5,,,,,,,,,,,,,,,,,,,,,,,,,,
sleep_efficiency_binary,lstm,,40m,22,False,False,0.4804900882033212,0.7253047317989034,0.7669674047979247,0.6023971741651863,0.6443412941739461,2,47085,10105,10100,22,0,36.62158418099086,32,480,1472,5.0,657922,512,128,True,5,,,,,,,,,,,,,,,,,,,,,,,,,,
sleep_efficiency_binary,lstm,,80m,1,False,False,0.6608498308009703,0.6496688955966227,0.6108528723120066,0.6350106658231338,0.6706313112879285,2,47085,10105,10100,21,0,66.68417814572652,32,960,1472,5.0,657922,512,128,True,5,,,,,,,,,,,,,,,,,,,,,,,,,,
sleep_efficiency_binary,lstm,,80m,2,False,False,0.6407579952495498,0.6510719018133485,0.6369645334144749,0.6249551873210535,0.6749318076745262,2,47085,10105,10100,21,0,66.68417814572652,32,960,1472,5.0,657922,512,128,True,5,,,,,,,,,,,,,,,,,,,,,,,,,,
sleep_efficiency_binary,lstm,,80m,3,False,False,0.629312974283545,0.6429801355134963,0.6513131507933447,0.6348845414507142,0.6814793658904542,2,47085,10105,10100,21,0,66.68417814572652,32,960,1472,5.0,657922,512,128,True,5,,,,,,,,,,,,,,,,,,,,,,,,,,
sleep_efficiency_binary,lstm,,80m,4,False,False,0.6221063366080085,0.6398402289492491,0.6576187517053304,0.6426005345077905,0.6865621983761994,2,47085,10105,10100,21,0,66.68417814572652,32,960,1472,5.0,657922,512,128,True,5,,,,,,,,,,,,,,,,,,,,,,,,,,
sleep_efficiency_binary,lstm,,80m,5,False,False,0.6174844182738962,0.643906785502757,0.6617191015569754,0.6372774573975392,0.6900430688371413,2,47085,10105,10100,21,0,66.68417814572652,32,960,1472,5.0,657922,512,128,True,5,,,,,,,,,,,,,,,,,,,,,,,,,,
sleep_efficiency_binary,lstm,,80m,6,False,False,0.6110584870422293,0.6407397941278385,0.6696908334297604,0.6441848958966997,0.6866961700367423,2,47085,10105,10100,21,0,66.68417814572652,32,960,1472,5.0,657922,512,128,True,5,,,,,,,,,,,,,,,,,,,,,,,,,,
sleep_efficiency_binary,lstm,,80m,7,False,False,0.6027388152934898,0.6408495797077539,0.6770671175167247,0.6431841131956104,0.6887415139791226,2,47085,10105,10100,21,0,66.68417814572652,32,960,1472,5.0,657922,512,128,True,5,,,,,,,,,,,,,,,,,,,,,,,,,,
sleep_efficiency_binary,lstm,,80m,8,False,False,0.5960936625317503,0.6407259738810991,0.6839393952380748,0.648227263141673,0.69787981280061,2,47085,10105,10100,21,0,66.68417814572652,32,960,1472,5.0,657922,512,128,True,5,,,,,,,,,,,,,,,,,,,,,,,,,,
sleep_efficiency_binary,lstm,,80m,9,False,False,0.5906134059971732,0.6385186155499473,0.6867579795174648,0.6437403176225354,0.6912374382558337,2,47085,10105,10100,21,0,66.68417814572652,32,960,1472,5.0,657922,512,128,True,5,,,,,,,,,,,,,,,,,,,,,,,,,,
sleep_efficiency_binary,lstm,,80m,10,False,False,0.5832289101971908,0.6422588864274098,0.6955600411993526,0.6408781865667404,0.6910403841318506,2,47085,10105,10100,21,0,66.68417814572652,32,960,1472,5.0,657922,512,128,True,5,,,,,,,,,,,,,,,,,,,,,,,,,,
sleep_efficiency_binary,lstm,,80m,11,True,False,0.5767880103080987,0.6349549681523364,0.6994494372231294,0.6500100372289948,0.6996281155964346,2,47085,10105,10100,21,0,66.68417814572652,32,960,1472,5.0,657922,512,128,True,5,0.7078475098226611,0.716336486140932,0.7030137342799014,0.7909703142760137,0.7532947339398952,0.6793782383419689,,,,0.6479960415635824,0.6500100372289948,0.6437592791140152,0.6609223300970873,0.6390977443609023,,,,0.6521782178217822,0.6543094358573398,0.6471388549524419,0.7029586842489377,0.6650185414091471,0.6436003303055327,,,
sleep_efficiency_binary,lstm,,80m,12,False,False,0.5713826978878824,0.6449934074396193,0.7044779724890038,0.6420679530541564,0.6962013042314523,2,47085,10105,10100,21,0,66.68417814572652,32,960,1472,5.0,657922,512,128,True,5,,,,,,,,,,,,,,,,,,,,,,,,,,
sleep_efficiency_binary,lstm,,80m,13,False,False,0.5640605542732422,0.6450587032337934,0.7115219617977432,0.6437740792109725,0.6932313794194225,2,47085,10105,10100,21,0,66.68417814572652,32,960,1472,5.0,657922,512,128,True,5,,,,,,,,,,,,,,,,,,,,,,,,,,
sleep_efficiency_binary,lstm,,80m,14,False,False,0.5550367127333754,0.6456234910829064,0.7155984548814234,0.6431994225044813,0.6947882448840548,2,47085,10105,10100,21,0,66.68417814572652,32,960,1472,5.0,657922,512,128,True,5,,,,,,,,,,,,,,,,,,,,,,,,,,
sleep_efficiency_binary,lstm,,80m,15,False,False,0.5482886535062828,0.6541459977272889,0.7222298792447548,0.6445654995092911,0.697368380498171,2,47085,10105,10100,21,0,66.68417814572652,32,960,1472,5.0,657922,512,128,True,5,,,,,,,,,,,,,,,,,,,,,,,,,,
sleep_efficiency_binary,lstm,,80m,16,False,False,0.5422303880439565,0.6507767288711979,0.7242159337496126,0.6417865050976956,0.6929834091701746,2,47085,10105,10100,21,0,66.68417814572652,32,960,1472,5.0,657922,512,128,True,5,,,,,,,,,,,,,,,,,,,,,,,,,,
sleep_efficiency_binary,lstm,,80m,17,False,False,0.5323687599699526,0.6764705402552639,0.7313438931673931,0.6271479670048908,0.6859237089487473,2,47085,10105,10100,21,0,66.68417814572652,32,960,1472,5.0,657922,512,128,True,5,,,,,,,,,,,,,,,,,,,,,,,,,,
sleep_efficiency_binary,lstm,,80m,18,False,False,0.5233018985166283,0.6576479020860748,0.7385009235569155,0.6480150619266614,0.6966107217882894,2,47085,10105,10100,21,0,66.68417814572652,32,960,1472,5.0,657922,512,128,True,5,,,,,,,,,,,,,,,,,,,,,,,,,,
sleep_efficiency_binary,lstm,,80m,19,False,False,0.5173590508162551,0.6730156123844602,0.7431646359842916,0.6400915314175406,0.6946646146109611,2,47085,10105,10100,21,0,66.68417814572652,32,960,1472,5.0,657922,512,128,True,5,,,,,,,,,,,,,,,,,,,,,,,,,,
sleep_efficiency_binary,lstm,,80m,20,False,False,0.510247637181952,0.66725789589318,0.7468166357385813,0.634098900163029,0.683730523720304,2,47085,10105,10100,21,0,66.68417814572652,32,960,1472,5.0,657922,512,128,True,5,,,,,,,,,,,,,,,,,,,,,,,,,,
sleep_efficiency_binary,lstm,,80m,21,False,False,0.500470955184884,0.6767913788925711,0.7539609806131617,0.6337703076461381,0.6860876909101232,2,47085,10105,10100,21,0,66.68417814572652,32,960,1472,5.0,657922,512,128,True,5,,,,,,,,,,,,,,,,,,,,,,,,,,
sleep_efficiency_binary,lstm,,120m,1,False,False,0.6616312366072712,0.6557642382746106,0.6075778809190141,0.6198536389517483,0.6676854758254862,2,47085,10105,10100,25,0,106.45032728513083,32,1440,1472,5.0,657922,512,128,True,5,,,,,,,,,,,,,,,,,,,,,,,,,,
sleep_efficiency_binary,lstm,,120m,2,False,False,0.6380107526302186,0.6460948844642582,0.6400761559461208,0.633260740848886,0.6755494521092376,2,47085,10105,10100,25,0,106.45032728513083,32,1440,1472,5.0,657922,512,128,True,5,,,,,,,,,,,,,,,,,,,,,,,,,,
sleep_efficiency_binary,lstm,,120m,3,False,False,0.6277016672698684,0.6447491038500348,0.6499945715138762,0.6365089503694512,0.6819171310152403,2,47085,10105,10100,25,0,106.45032728513083,32,1440,1472,5.0,657922,512,128,True,5,,,,,,,,,,,,,,,,,,,,,,,,,,
sleep_efficiency_binary,lstm,,120m,4,False,False,0.6164022962062414,0.6465761790471405,0.6606511183395689,0.6392666536892393,0.690082061950994,2,47085,10105,10100,25,0,106.45032728513083,32,1440,1472,5.0,657922,512,128,True,5,,,,,,,,,,,,,,,,,,,,,,,,,,
sleep_efficiency_binary,lstm,,120m,5,False,False,0.6082128083666659,0.6423733288907933,0.6705531341650346,0.644544918120544,0.6948191473830208,2,47085,10105,10100,25,0,106.45032728513083,32,1440,1472,5.0,657922,512,128,True,5,,,,,,,,,,,,,,,,,,,,,,,,,,
sleep_efficiency_binary,lstm,,120m,6,False,False,0.59996907961423,0.6391831136233497,0.6786346500269282,0.6439651921064797,0.6936217566570148,2,47085,10105,10100,25,0,106.45032728513083,32,1440,1472,5.0,657922,512,128,True,5,,,,,,,,,,,,,,,,,,,,,,,,,,
sleep_efficiency_binary,lstm,,120m,7,False,False,0.5936921461962509,0.6474180411136369,0.6839496950762203,0.6430174343626056,0.6898682791120196,2,47085,10105,10100,25,0,106.45032728513083,32,1440,1472,5.0,657922,512,128,True,5,,,,,,,,,,,,,,,,,,,,,,,,,,
sleep_efficiency_binary,lstm,,120m,8,False,False,0.5856262887107778,0.63259055676406,0.6931238080544448,0.6560325773981881,0.7054620978011371,2,47085,10105,10100,25,0,106.45032728513083,32,1440,1472,5.0,657922,512,128,True,5,,,,,,,,,,,,,,,,,,,,,,,,,,
sleep_efficiency_binary,lstm,,120m,9,False,False,0.5784519261775585,0.6344605415572865,0.6991916269887188,0.6583898054196982,0.7068513922346319,2,47085,10105,10100,25,0,106.45032728513083,32,1440,1472,5.0,657922,512,128,True,5,,,,,,,,,,,,,,,,,,,,,,,,,,
sleep_efficiency_binary,lstm,,120m,10,False,False,0.5688345428572423,0.6330469049834072,0.7060136626424443,0.6568593814633672,0.7054735341590221,2,47085,10105,10100,25,0,106.45032728513083,32,1440,1472,5.0,657922,512,128,True,5,,,,,,,,,,,,,,,,,,,,,,,,,,
sleep_efficiency_binary,lstm,,120m,11,False,False,0.5600301746579256,0.6433100387756333,0.7149027086717209,0.658497781671006,0.7076756819232548,2,47085,10105,10100,25,0,106.45032728513083,32,1440,1472,5.0,657922,512,128,True,5,,,,,,,,,,,,,,,,,,,,,,,,,,
sleep_efficiency_binary,lstm,,120m,12,False,False,0.5511369225616046,0.6373123246451996,0.7179445608711863,0.6637443122369029,0.7118505405909596,2,47085,10105,10100,25,0,106.45032728513083,32,1440,1472,5.0,657922,512,128,True,5,,,,,,,,,,,,,,,,,,,,,,,,,,
sleep_efficiency_binary,lstm,,120m,13,False,False,0.5425339718412869,0.6397808027703947,0.7275905235774867,0.657524677389266,0.7073836086981207,2,47085,10105,10100,25,0,106.45032728513083,32,1440,1472,5.0,657922,512,128,True,5,,,,,,,,,,,,,,,,,,,,,,,,,,
sleep_efficiency_binary,lstm,,120m,14,False,False,0.5344419089107487,0.6459243839297891,0.7332489203741084,0.6578933174359848,0.7094643161301311,2,47085,10105,10100,25,0,106.45032728513083,32,1440,1472,5.0,657922,512,128,True,5,,,,,,,,,,,,,,,,,,,,,,,,,,
sleep_efficiency_binary,lstm,,120m,15,True,False,0.5257147573850027,0.65448712838398,0.73846499555007,0.6551434208498593,0.7153700391756088,2,47085,10105,10100,25,0,106.45032728513083,32,1440,1472,5.0,657922,512,128,True,5,0.7080598916852501,0.7395293359675776,0.7077444069802499,0.8347394169520194,0.8765370829886959,0.6025215889464595,,,,0.6365165759524988,0.6551434208498593,0.6363712683643548,0.7560679611650486,0.55421888053467,,,,0.6400990099009901,0.6594583642526939,0.6396834537658278,0.7197863833687694,0.7567367119901113,0.5621800165152766,,,
sleep_efficiency_binary,lstm,,120m,16,False,False,0.5203886041440464,0.6537398810023308,0.74408006445613,0.6525094086348557,0.7031594966380352,2,47085,10105,10100,25,0,106.45032728513083,32,1440,1472,5.0,657922,512,128,True,5,,,,,,,,,,,,,,,,,,,,,,,,,,
sleep_efficiency_binary,lstm,,120m,17,False,False,0.5095913103492166,0.6693825452443339,0.748170243039038,0.6542336829127836,0.7028986503475517,2,47085,10105,10100,25,0,106.45032728513083,32,1440,1472,5.0,657922,512,128,True,5,,,,,,,,,,,,,,,,,,,,,,,,,,
sleep_efficiency_binary,lstm,,120m,18,False,False,0.5002661941954573,0.6638290141668136,0.7574409544992864,0.6543507839177232,0.702921056687025,2,47085,10105,10100,25,0,106.45032728513083,32,1440,1472,5.0,657922,512,128,True,5,,,,,,,,,,,,,,,,,,,,,,,,,,
sleep_efficiency_binary,lstm,,120m,19,False,False,0.4886586895531576,0.6890576594245132,0.7633873753412446,0.6515565815834083,0.7024407296558548,2,47085,10105,10100,25,0,106.45032728513083,32,1440,1472,5.0,657922,512,128,True,5,,,,,,,,,,,,,,,,,,,,,,,,,,
sleep_efficiency_binary,lstm,,120m,20,False,False,0.4772900510836878,0.6792893698550521,0.7719813688642035,0.6566979747102384,0.7034373149702735,2,47085,10105,10100,25,0,106.45032728513083,32,1440,1472,5.0,657922,512,128,True,5,,,,,,,,,,,,,,,,,,,,,,,,,,
sleep_efficiency_binary,lstm,,120m,21,False,False,0.4684956814195366,0.7001144362935213,0.7769511907670021,0.6525173167546698,0.6962382898995061,2,47085,10105,10100,25,0,106.45032728513083,32,1440,1472,5.0,657922,512,128,True,5,,,,,,,,,,,,,,,,,,,,,,,,,,
sleep_efficiency_binary,lstm,,120m,22,False,False,0.4632786797118868,0.7117552643008659,0.7798098458452796,0.6478105660591609,0.6979811583976122,2,47085,10105,10100,25,0,106.45032728513083,32,1440,1472,5.0,657922,512,128,True,5,,,,,,,,,,,,,,,,,,,,,,,,,,
sleep_efficiency_binary,lstm,,120m,23,False,False,0.4489440194307473,0.7013187572544368,0.7893460245624712,0.6458108256077086,0.6934360577819955,2,47085,10105,10100,25,0,106.45032728513083,32,1440,1472,5.0,657922,512,128,True,5,,,,,,,,,,,,,,,,,,,,,,,,,,
sleep_efficiency_binary,lstm,,120m,24,False,False,0.4402298216070607,0.7215820111714042,0.7937330841943913,0.6404168795775848,0.6870517515471526,2,47085,10105,10100,25,0,106.45032728513083,32,1440,1472,5.0,657922,512,128,True,5,,,,,,,,,,,,,,,,,,,,,,,,,,
sleep_efficiency_binary,lstm,,120m,25,False,False,0.429732383003252,0.7313615654229764,0.8016151317622151,0.6403832193752991,0.6913979325335993,2,47085,10105,10100,25,0,106.45032728513083,32,1440,1472,5.0,657922,512,128,True,5,,,,,,,,,,,,,,,,,,,,,,,,,,
sleep_efficiency_binary,lstm,,240m,1,False,False,0.6613891790401905,0.6519863065334018,0.6099225160353445,0.6245490574521584,0.6656643692079935,2,47081,10101,10100,27,0,119.34508919318517,32,2880,1472,4.999575236274822,657922,512,128,True,5,,,,,,,,,,,,,,,,,,,,,,,,,,
sleep_efficiency_binary,lstm,,240m,2,False,False,0.6341725155720352,0.6496176231870462,0.6435530810049102,0.629709573844683,0.6882966164699542,2,47081,10101,10100,27,0,119.34508919318517,32,2880,1472,4.999575236274822,657922,512,128,True,5,,,,,,,,,,,,,,,,,,,,,,,,,,
sleep_efficiency_binary,lstm,,240m,3,False,False,0.6152914309546718,0.6248916603795208,0.6658119743844442,0.6567829883628253,0.7107438320052334,2,47081,10101,10100,27,0,119.34508919318517,32,2880,1472,4.999575236274822,657922,512,128,True,5,,,,,,,,,,,,,,,,,,,,,,,,,,
sleep_efficiency_binary,lstm,,240m,4,False,False,0.5938857679538634,0.6214093531892861,0.6865477583912133,0.6664283986669761,0.7224939046462666,2,47081,10101,10100,27,0,119.34508919318517,32,2880,1472,4.999575236274822,657922,512,128,True,5,,,,,,,,,,,,,,,,,,,,,,,,,,
sleep_efficiency_binary,lstm,,240m,5,False,False,0.5809027858002361,0.6300210786059333,0.6996111257128992,0.6659577740514866,0.7240574115767893,2,47081,10101,10100,27,0,119.34508919318517,32,2880,1472,4.999575236274822,657922,512,128,True,5,,,,,,,,,,,,,,,,,,,,,,,,,,
sleep_efficiency_binary,lstm,,240m,6,False,False,0.5671873865640599,0.60799199160981,0.7126718755712009,0.6803656157118902,0.749095578555393,2,47081,10101,10100,27,0,119.34508919318517,32,2880,1472,4.999575236274822,657922,512,128,True,5,,,,,,,,,,,,,,,,,,,,,,,,,,
sleep_efficiency_binary,lstm,,240m,7,False,False,0.5500691694833112,0.5977940016802603,0.7245254033108168,0.6893503172668142,0.7520776147119601,2,47081,10101,10100,27,0,119.34508919318517,32,2880,1472,4.999575236274822,657922,512,128,True,5,,,,,,,,,,,,,,,,,,,,,,,,,,
sleep_efficiency_binary,lstm,,240m,8,False,False,0.5386360653515607,0.5925105385863655,0.7334919775223523,0.6992471304762817,0.7586257168736598,2,47081,10101,10100,27,0,119.34508919318517,32,2880,1472,4.999575236274822,657922,512,128,True,5,,,,,,,,,,,,,,,,,,,,,,,,,,
sleep_efficiency_binary,lstm,,240m,9,False,False,0.5282002403565913,0.5841083233456319,0.7427588570798508,0.7053797583934888,0.7671502638614512,2,47081,10101,10100,27,0,119.34508919318517,32,2880,1472,4.999575236274822,657922,512,128,True,5,,,,,,,,,,,,,,,,,,,,,,,,,,
sleep_efficiency_binary,lstm,,240m,10,False,False,0.5172678677629501,0.5883881329469263,0.7499479107641581,0.7044682554626869,0.7670501085151523,2,47081,10101,10100,27,0,119.34508919318517,32,2880,1472,4.999575236274822,657922,512,128,True,5,,,,,,,,,,,,,,,,,,,,,,,,,,
sleep_efficiency_binary,lstm,,240m,11,False,False,0.508105367463249,0.5997045678722305,0.7585883126526103,0.6956162759742421,0.7676678616590076,2,47081,10101,10100,27,0,119.34508919318517,32,2880,1472,4.999575236274822,657922,512,128,True,5,,,,,,,,,,,,,,,,,,,,,,,,,,
sleep_efficiency_binary,lstm,,240m,12,False,False,0.4972962870735276,0.5964410010451976,0.7638523972773732,0.7051136446644146,0.7707678684767134,2,47081,10101,10100,27,0,119.34508919318517,32,2880,1472,4.999575236274822,657922,512,128,True,5,,,,,,,,,,,,,,,,,,,,,,,,,,
sleep_efficiency_binary,lstm,,240m,13,False,False,0.4868088702655345,0.6047474951475472,0.7701671677089752,0.6877479128891977,0.7561819751218666,2,47081,10101,10100,27,0,119.34508919318517,32,2880,1472,4.999575236274822,657922,512,128,True,5,,,,,,,,,,,,,,,,,,,,,,,,,,
sleep_efficiency_binary,lstm,,240m,14,False,False,0.4759841042129983,0.6094794547988004,0.776518485473202,0.699203241494506,0.7706776556181955,2,47081,10101,10100,27,0,119.34508919318517,32,2880,1472,4.999575236274822,657922,512,128,True,5,,,,,,,,,,,,,,,,,,,,,,,,,,
sleep_efficiency_binary,lstm,,240m,15,False,False,0.4649590977052644,0.598936553609665,0.7846974651429219,0.7025609819444423,0.7717298346057012,2,47081,10101,10100,27,0,119.34508919318517,32,2880,1472,4.999575236274822,657922,512,128,True,5,,,,,,,,,,,,,,,,,,,,,,,,,,
sleep_efficiency_binary,lstm,,240m,16,False,False,0.4570196616548601,0.6059731081114843,0.78865709478976,0.6950336461902822,0.7599861941455386,2,47081,10101,10100,27,0,119.34508919318517,32,2880,1472,4.999575236274822,657922,512,128,True,5,,,,,,,,,,,,,,,,,,,,,,,,,,
sleep_efficiency_binary,lstm,,240m,17,True,False,0.4511670105322122,0.5941412687366545,0.7943832436166326,0.7098628058430987,0.7750227865587305,2,47081,10101,10100,27,0,119.34508919318517,32,2880,1472,4.999575236274822,657922,512,128,True,5,0.804634565960791,0.8159303774551745,0.8008324815303234,0.8963661207198115,0.8651226909291425,0.7667380639812064,,,,0.710919710919711,0.7098628058430987,0.7054294998350121,0.704126213592233,0.7155993980939642,,,,0.711980198019802,0.7087812685324779,0.7046891405150258,0.7751971370798583,0.6927070457354759,0.7248554913294798,,,
sleep_efficiency_binary,lstm,,240m,18,False,False,0.4384109902428992,0.6132679841132721,0.8002764852861697,0.7027078466925198,0.7667524223146762,2,47081,10101,10100,27,0,119.34508919318517,32,2880,1472,4.999575236274822,657922,512,128,True,5,,,,,,,,,,,,,,,,,,,,,,,,,,
sleep_efficiency_binary,lstm,,240m,19,False,False,0.4262405923169891,0.6079656141262906,0.8067058611806006,0.7004044157631854,0.769001189852007,2,47081,10101,10100,27,0,119.34508919318517,32,2880,1472,4.999575236274822,657922,512,128,True,5,,,,,,,,,,,,,,,,,,,,,,,,,,
sleep_efficiency_binary,lstm,,240m,20,False,False,0.4151472911140239,0.6311866502787332,0.8147589501960154,0.7029252219406762,0.7731819045099123,2,47081,10101,10100,27,0,119.34508919318517,32,2880,1472,4.999575236274822,657922,512,128,True,5,,,,,,,,,,,,,,,,,,,,,,,,,,
sleep_efficiency_binary,lstm,,240m,21,False,False,0.4065522125052103,0.6365245466343944,0.8199270487808878,0.7042881341075218,0.7715022327986845,2,47081,10101,10100,27,0,119.34508919318517,32,2880,1472,4.999575236274822,657922,512,128,True,5,,,,,,,,,,,,,,,,,,,,,,,,,,
sleep_efficiency_binary,lstm,,240m,22,False,False,0.3965049673283516,0.6647994233327224,0.8245241202965597,0.6928731233047043,0.7621229565143992,2,47081,10101,10100,27,0,119.34508919318517,32,2880,1472,4.999575236274822,657922,512,128,True,5,,,,,,,,,,,,,,,,,,,,,,,,,,
sleep_efficiency_binary,lstm,,240m,23,False,False,0.3883769331391414,0.6804650366208941,0.8302253651213785,0.698622843697599,0.7675792720638006,2,47081,10101,10100,27,0,119.34508919318517,32,2880,1472,4.999575236274822,657922,512,128,True,5,,,,,,,,,,,,,,,,,,,,,,,,,,
sleep_efficiency_binary,lstm,,240m,24,False,False,0.3740992099929743,0.6777401067587234,0.8367822985409012,0.7068340602847528,0.770403242955443,2,47081,10101,10100,27,0,119.34508919318517,32,2880,1472,4.999575236274822,657922,512,128,True,5,,,,,,,,,,,,,,,,,,,,,,,,,,
sleep_efficiency_binary,lstm,,240m,25,False,False,0.3653949834443564,0.6730395059380929,0.8435076706821869,0.7032341086579995,0.7672772233431757,2,47081,10101,10100,27,0,119.34508919318517,32,2880,1472,4.999575236274822,657922,512,128,True,5,,,,,,,,,,,,,,,,,,,,,,,,,,
sleep_efficiency_binary,lstm,,240m,26,False,False,0.3514706499415508,0.7043914965737186,0.8497065145367992,0.6977600183753407,0.7644246830172569,2,47081,10101,10100,27,0,119.34508919318517,32,2880,1472,4.999575236274822,657922,512,128,True,5,,,,,,,,,,,,,,,,,,,,,,,,,,
sleep_efficiency_binary,lstm,,240m,27,False,False,0.3427545230710104,0.6767757752516189,0.8550845378760763,0.7022691394918861,0.7659384166365011,2,47081,10101,10100,27,0,119.34508919318517,32,2880,1472,4.999575236274822,657922,512,128,True,5,,,,,,,,,,,,,,,,,,,,,,,,,,
sleep_efficiency_binary,mean_pool,,30s,1,False,False,0.7287066046239921,0.6672966298550913,0.5567980931728216,0.6073330575630014,0.6386091442197728,2,47085,10105,10100,15,0,22.70077249209086,32,6,1472,5.0,1026,512,128,True,5,,,,,,,,,,,,,,,,,,,,,,,,,,
sleep_efficiency_binary,mean_pool,,30s,2,False,False,0.6811094691321211,0.6612056515967121,0.5871576160946043,0.6129930408545636,0.6487543900203584,2,47085,10105,10100,15,0,22.70077249209086,32,6,1472,5.0,1026,512,128,True,5,,,,,,,,,,,,,,,,,,,,,,,,,,
sleep_efficiency_binary,mean_pool,,30s,3,False,False,0.6695334549439843,0.6596917908537335,0.6001665545255718,0.6170410857240187,0.6497519486418312,2,47085,10105,10100,15,0,22.70077249209086,32,6,1472,5.0,1026,512,128,True,5,,,,,,,,,,,,,,,,,,,,,,,,,,
sleep_efficiency_binary,mean_pool,,30s,4,False,False,0.6644826541714599,0.6586061174181769,0.6055354844423874,0.616791168860663,0.6520540023197151,2,47085,10105,10100,15,0,22.70077249209086,32,6,1472,5.0,1026,512,128,True,5,,,,,,,,,,,,,,,,,,,,,,,,,,
sleep_efficiency_binary,mean_pool,,30s,5,True,False,0.663122487166916,0.6578271578468349,0.6072129866530669,0.6184424451095376,0.65292486880632,2,47085,10105,10100,15,0,22.70077249209086,32,6,1472,5.0,1026,512,128,True,5,0.616756928958267,0.6242563759712347,0.6119990909957024,0.6632855178942426,0.6569065343258892,0.5916062176165803,,,,0.6116773874319644,0.6184424451095376,0.6093317602044637,0.6550970873786408,0.5817878028404344,,,,0.6186138613861386,0.6263981079903114,0.6158023526422707,0.6593470443472944,0.6655129789864029,0.5872832369942197,,,
sleep_efficiency_binary,mean_pool,,30s,6,False,False,0.6620582268308198,0.6582726014362356,0.6112254807424455,0.6174282794364552,0.6522253854701479,2,47085,10105,10100,15,0,22.70077249209086,32,6,1472,5.0,1026,512,128,True,5,,,,,,,,,,,,,,,,,,,,,,,,,,
sleep_efficiency_binary,mean_pool,,30s,7,False,False,0.6630801129495565,0.662134232092234,0.6082346848835232,0.6124808380173735,0.6483892173800196,2,47085,10105,10100,15,0,22.70077249209086,32,6,1472,5.0,1026,512,128,True,5,,,,,,,,,,,,,,,,,,,,,,,,,,
sleep_efficiency_binary,mean_pool,,30s,8,False,False,0.6614540504183855,0.659435562784279,0.6102670958027803,0.6141655716962309,0.6507422277376289,2,47085,10105,10100,15,0,22.70077249209086,32,6,1472,5.0,1026,512,128,True,5,,,,,,,,,,,,,,,,,,,,,,,,,,
sleep_efficiency_binary,mean_pool,,30s,9,False,False,0.6613000350683577,0.6592387527065192,0.6114848623807341,0.6180621456554006,0.6514556618082423,2,47085,10105,10100,15,0,22.70077249209086,32,6,1472,5.0,1026,512,128,True,5,,,,,,,,,,,,,,,,,,,,,,,,,,
sleep_efficiency_binary,mean_pool,,30s,10,False,False,0.6607027707351067,0.6584809389402229,0.6110771973583272,0.6169090809548142,0.6518003747232157,2,47085,10105,10100,15,0,22.70077249209086,32,6,1472,5.0,1026,512,128,True,5,,,,,,,,,,,,,,,,,,,,,,,,,,
sleep_efficiency_binary,mean_pool,,30s,11,False,False,0.6601713638707206,0.6601426490252116,0.6109122142366334,0.6179635983161789,0.6499863737012435,2,47085,10105,10100,15,0,22.70077249209086,32,6,1472,5.0,1026,512,128,True,5,,,,,,,,,,,,,,,,,,,,,,,,,,
sleep_efficiency_binary,mean_pool,,30s,12,False,False,0.6595421755593636,0.6638503713338815,0.6128478981044583,0.6035811616419691,0.6528704852746754,2,47085,10105,10100,15,0,22.70077249209086,32,6,1472,5.0,1026,512,128,True,5,,,,,,,,,,,,,,,,,,,,,,,,,,
sleep_efficiency_binary,mean_pool,,30s,13,False,False,0.6614060055694345,0.6604360560064915,0.6130788944745154,0.6137910512527274,0.651826654013675,2,47085,10105,10100,15,0,22.70077249209086,32,6,1472,5.0,1026,512,128,True,5,,,,,,,,,,,,,,,,,,,,,,,,,,
sleep_efficiency_binary,mean_pool,,30s,14,False,False,0.6600239222895584,0.6618140782742498,0.6123758626650153,0.6077932493044911,0.6510037634539423,2,47085,10105,10100,15,0,22.70077249209086,32,6,1472,5.0,1026,512,128,True,5,,,,,,,,,,,,,,,,,,,,,,,,,,
sleep_efficiency_binary,mean_pool,,30s,15,False,False,0.6607478582847647,0.6578862401590909,0.6109907844305305,0.6192341695663106,0.6524946062567422,2,47085,10105,10100,15,0,22.70077249209086,32,6,1472,5.0,1026,512,128,True,5,,,,,,,,,,,,,,,,,,,,,,,,,,
sleep_efficiency_binary,mean_pool,,10m,1,False,False,0.7214695592373183,0.6633271610453717,0.5607183887110345,0.6088032581453634,0.6453105457819306,2,47085,10105,10100,27,0,24.088591106732686,32,120,1472,5.0,1026,512,128,True,5,,,,,,,,,,,,,,,,,,,,,,,,,,
sleep_efficiency_binary,mean_pool,,10m,2,False,False,0.6751474462016773,0.6567077373939242,0.5956037690836287,0.619791590627053,0.6558257902036646,2,47085,10105,10100,27,0,24.088591106732686,32,120,1472,5.0,1026,512,128,True,5,,,,,,,,,,,,,,,,,,,,,,,,,,
sleep_efficiency_binary,mean_pool,,10m,3,False,False,0.6653755161100681,0.6564719470109992,0.6061704458929931,0.6140531344542586,0.6568978676464624,2,47085,10105,10100,27,0,24.088591106732686,32,120,1472,5.0,1026,512,128,True,5,,,,,,,,,,,,,,,,,,,,,,,,,,
sleep_efficiency_binary,mean_pool,,10m,4,False,False,0.6611697650416535,0.6555456006426672,0.6139175241531919,0.620463273880494,0.6577665036377351,2,47085,10105,10100,27,0,24.088591106732686,32,120,1472,5.0,1026,512,128,True,5,,,,,,,,,,,,,,,,,,,,,,,,,,
sleep_efficiency_binary,mean_pool,,10m,5,False,False,0.6583348929344044,0.6564878875079101,0.6163668856632253,0.6178251048332806,0.6578451792912703,2,47085,10105,10100,27,0,24.088591106732686,32,120,1472,5.0,1026,512,128,True,5,,,,,,,,,,,,,,,,,,,,,,,,,,
sleep_efficiency_binary,mean_pool,,10m,6,False,False,0.6577426607788299,0.6555796189570061,0.6168573208135301,0.621118938122004,0.658254921283792,2,47085,10105,10100,27,0,24.088591106732686,32,120,1472,5.0,1026,512,128,True,5,,,,,,,,,,,,,,,,,,,,,,,,,,
sleep_efficiency_binary,mean_pool,,10m,7,False,False,0.6578043616892768,0.6545073576459549,0.6161913455645697,0.6232184425464957,0.660002838812241,2,47085,10105,10100,27,0,24.088591106732686,32,120,1472,5.0,1026,512,128,True,5,,,,,,,,,,,,,,,,,,,,,,,,,,
sleep_efficiency_binary,mean_pool,,10m,8,False,False,0.6560304343997894,0.6566843767734756,0.6198216170888743,0.6194591454364066,0.6571481697771938,2,47085,10105,10100,27,0,24.088591106732686,32,120,1472,5.0,1026,512,128,True,5,,,,,,,,,,,,,,,,,,,,,,,,,,
sleep_efficiency_binary,mean_pool,,10m,9,False,False,0.656472432803257,0.6563943688672466,0.6193385246803265,0.6190070645870339,0.6580871474803514,2,47085,10105,10100,27,0,24.088591106732686,32,120,1472,5.0,1026,512,128,True,5,,,,,,,,,,,,,,,,,,,,,,,,,,
sleep_efficiency_binary,mean_pool,,10m,10,False,False,0.6554932720686228,0.6542703525197795,0.6173034852309464,0.6198062916190151,0.6600596150570601,2,47085,10105,10100,27,0,24.088591106732686,32,120,1472,5.0,1026,512,128,True,5,,,,,,,,,,,,,,,,,,,,,,,,,,
sleep_efficiency_binary,mean_pool,,10m,11,False,False,0.6576576942342779,0.6546071889080782,0.6163479145327716,0.6207043701486726,0.6615473148891646,2,47085,10105,10100,27,0,24.088591106732686,32,120,1472,5.0,1026,512,128,True,5,,,,,,,,,,,,,,,,,,,,,,,,,,
sleep_efficiency_binary,mean_pool,,10m,12,False,False,0.6564206417153516,0.6547535842270735,0.6194963507716307,0.6206898719290135,0.6590748513679019,2,47085,10105,10100,27,0,24.088591106732686,32,120,1472,5.0,1026,512,128,True,5,,,,,,,,,,,,,,,,,,,,,,,,,,
sleep_efficiency_binary,mean_pool,,10m,13,False,False,0.6557380169696511,0.6543146159435369,0.6209265282974126,0.6205292762650965,0.6598144025111321,2,47085,10105,10100,27,0,24.088591106732686,32,120,1472,5.0,1026,512,128,True,5,,,,,,,,,,,,,,,,,,,,,,,,,,
sleep_efficiency_binary,mean_pool,,10m,14,False,False,0.6560212734171675,0.654532233527956,0.6183892395976635,0.6209429317630646,0.6606243156434777,2,47085,10105,10100,27,0,24.088591106732686,32,120,1472,5.0,1026,512,128,True,5,,,,,,,,,,,,,,,,,,,,,,,,,,
sleep_efficiency_binary,mean_pool,,10m,15,False,False,0.6559627769124271,0.6541636221365195,0.6197538467252657,0.621495080743931,0.6616338581080532,2,47085,10105,10100,27,0,24.088591106732686,32,120,1472,5.0,1026,512,128,True,5,,,,,,,,,,,,,,,,,,,,,,,,,,
sleep_efficiency_binary,mean_pool,,10m,16,False,False,0.6568411271979985,0.6539850132734335,0.6188882174708683,0.6257203486061431,0.6629968124193981,2,47085,10105,10100,27,0,24.088591106732686,32,120,1472,5.0,1026,512,128,True,5,,,,,,,,,,,,,,,,,,,,,,,,,,
sleep_efficiency_binary,mean_pool,,10m,17,True,False,0.6552961737192827,0.6570889377080822,0.6216536740136941,0.6198381268705745,0.6631418148932202,2,47085,10105,10100,27,0,24.088591106732686,32,120,1472,5.0,1026,512,128,True,5,0.6459806732505045,0.6289976871792015,0.6282463668333702,0.6740448431048465,0.5550592776399228,0.7029360967184801,,,,0.6367144977733795,0.6198381268705745,0.6206412306638186,0.5283980582524271,0.7112781954887218,,,,0.6443564356435644,0.6272283629972063,0.627802952814674,0.6701616312765452,0.5411619283065513,0.7132947976878613,,,
sleep_efficiency_binary,mean_pool,,10m,18,False,False,0.655309345376103,0.6546433559182491,0.6204624070193183,0.6204881134876026,0.6607793756235247,2,47085,10105,10100,27,0,24.088591106732686,32,120,1472,5.0,1026,512,128,True,5,,,,,,,,,,,,,,,,,,,,,,,,,,
sleep_efficiency_binary,mean_pool,,10m,19,False,False,0.6555995425829098,0.6534474327445089,0.6190070441750202,0.6247009108531847,0.6624082252556959,2,47085,10105,10100,27,0,24.088591106732686,32,120,1472,5.0,1026,512,128,True,5,,,,,,,,,,,,,,,,,,,,,,,,,,
sleep_efficiency_binary,mean_pool,,10m,20,False,False,0.6542594691123934,0.6549067380551004,0.620464349845931,0.6234987752552903,0.662525711528011,2,47085,10105,10100,27,0,24.088591106732686,32,120,1472,5.0,1026,512,128,True,5,,,,,,,,,,,,,,,,,,,,,,,,,,
sleep_efficiency_binary,mean_pool,,10m,21,False,False,0.6548149758518482,0.653604378982206,0.620808958716363,0.6221702111265218,0.6613075569181854,2,47085,10105,10100,27,0,24.088591106732686,32,120,1472,5.0,1026,512,128,True,5,,,,,,,,,,,,,,,,,,,,,,,,,,
sleep_efficiency_binary,mean_pool,,10m,22,False,False,0.6552359864402124,0.6537076162501528,0.6205104491215138,0.6253568792531491,0.6620574088944043,2,47085,10105,10100,27,0,24.088591106732686,32,120,1472,5.0,1026,512,128,True,5,,,,,,,,,,,,,,,,,,,,,,,,,,
sleep_efficiency_binary,mean_pool,,10m,23,False,False,0.6547203088181407,0.6540867869421021,0.6202405819337125,0.6217147845341509,0.6622234996877306,2,47085,10105,10100,27,0,24.088591106732686,32,120,1472,5.0,1026,512,128,True,5,,,,,,,,,,,,,,,,,,,,,,,,,,
sleep_efficiency_binary,mean_pool,,10m,24,False,False,0.6544381192260402,0.6550847501963569,0.6239192098409883,0.6215044082698655,0.6618170628837465,2,47085,10105,10100,27,0,24.088591106732686,32,120,1472,5.0,1026,512,128,True,5,,,,,,,,,,,,,,,,,,,,,,,,,,
sleep_efficiency_binary,mean_pool,,10m,25,False,False,0.6540527775293451,0.654052382698748,0.6204549928501124,0.6223411481778881,0.6616058552530193,2,47085,10105,10100,27,0,24.088591106732686,32,120,1472,5.0,1026,512,128,True,5,,,,,,,,,,,,,,,,,,,,,,,,,,
sleep_efficiency_binary,mean_pool,,10m,26,False,False,0.6536245234923794,0.6541560811137634,0.6207847162401734,0.6235025265428944,0.6627401229611245,2,47085,10105,10100,27,0,24.088591106732686,32,120,1472,5.0,1026,512,128,True,5,,,,,,,,,,,,,,,,,,,,,,,,,,
sleep_efficiency_binary,mean_pool,,10m,27,False,False,0.6538674141287968,0.6549904193487691,0.622825912735657,0.6226606159411474,0.6626739583586799,2,47085,10105,10100,27,0,24.088591106732686,32,120,1472,5.0,1026,512,128,True,5,,,,,,,,,,,,,,,,,,,,,,,,,,
sleep_efficiency_binary,mean_pool,,40m,1,False,False,0.7041440843928198,0.6579279889451697,0.5728069987471626,0.6145474933287912,0.6620983891768255,2,47085,10105,10100,16,0,26.200322504838308,32,480,1472,5.0,1026,512,128,True,5,,,,,,,,,,,,,,,,,,,,,,,,,,
sleep_efficiency_binary,mean_pool,,40m,2,False,False,0.6683354087109853,0.6498555383046389,0.607055989120171,0.6304024624668467,0.6694892571233909,2,47085,10105,10100,16,0,26.200322504838308,32,480,1472,5.0,1026,512,128,True,5,,,,,,,,,,,,,,,,,,,,,,,,,,
sleep_efficiency_binary,mean_pool,,40m,3,False,False,0.6573581604361597,0.6496064890852545,0.615764723697199,0.6329860857645733,0.6709445742187183,2,47085,10105,10100,16,0,26.200322504838308,32,480,1472,5.0,1026,512,128,True,5,,,,,,,,,,,,,,,,,,,,,,,,,,
sleep_efficiency_binary,mean_pool,,40m,4,False,False,0.6529557996245849,0.6492480610456283,0.6248760376622653,0.6288368575159582,0.6717483433502851,2,47085,10105,10100,16,0,26.200322504838308,32,480,1472,5.0,1026,512,128,True,5,,,,,,,,,,,,,,,,,,,,,,,,,,
sleep_efficiency_binary,mean_pool,,40m,5,False,False,0.6515568572940423,0.648394274390139,0.6236215859465066,0.6333687171001938,0.6721996333876763,2,47085,10105,10100,16,0,26.200322504838308,32,480,1472,5.0,1026,512,128,True,5,,,,,,,,,,,,,,,,,,,,,,,,,,
sleep_efficiency_binary,mean_pool,,40m,6,True,False,0.6503533669790037,0.646793537603517,0.6253868867774934,0.6321716508098725,0.6755586174173298,2,47085,10105,10100,16,0,26.200322504838308,32,480,1472,5.0,1026,512,128,True,5,0.6407560794308166,0.6390245581855143,0.6319924838788269,0.6860252605554293,0.631486076647367,0.6465630397236615,,,,0.6381989114299852,0.6321716508098725,0.6299467042992912,0.5995145631067961,0.664828738512949,,,,0.6446534653465347,0.6385139721485885,0.6355648250570107,0.6819236112316129,0.607663782447466,0.669364161849711,,,
sleep_efficiency_binary,mean_pool,,40m,7,False,False,0.6493751071663284,0.6559192538644818,0.6284431244651869,0.6187848261430275,0.672951756413688,2,47085,10105,10100,16,0,26.200322504838308,32,480,1472,5.0,1026,512,128,True,5,,,,,,,,,,,,,,,,,,,,,,,,,,
sleep_efficiency_binary,mean_pool,,40m,8,False,False,0.6507430596489353,0.6491710941163931,0.6244311303679513,0.6298324695233228,0.6730647614181083,2,47085,10105,10100,16,0,26.200322504838308,32,480,1472,5.0,1026,512,128,True,5,,,,,,,,,,,,,,,,,,,,,,,,,,
sleep_efficiency_binary,mean_pool,,40m,9,False,False,0.6498276740119527,0.6463974328338362,0.6262121309522279,0.6317147034252297,0.6752136814528229,2,47085,10105,10100,16,0,26.200322504838308,32,480,1472,5.0,1026,512,128,True,5,,,,,,,,,,,,,,,,,,,,,,,,,,
sleep_efficiency_binary,mean_pool,,40m,10,False,False,0.649826142747931,0.6467048731845891,0.6271023169635905,0.6299304085456359,0.6741841861936395,2,47085,10105,10100,16,0,26.200322504838308,32,480,1472,5.0,1026,512,128,True,5,,,,,,,,,,,,,,,,,,,,,,,,,,
sleep_efficiency_binary,mean_pool,,40m,11,False,False,0.6491002907403097,0.6494316450532623,0.6277166073104565,0.6294756916563253,0.6744692232198619,2,47085,10105,10100,16,0,26.200322504838308,32,480,1472,5.0,1026,512,128,True,5,,,,,,,,,,,,,,,,,,,,,,,,,,
sleep_efficiency_binary,mean_pool,,40m,12,False,False,0.6489626555467115,0.6472987763425138,0.6286248787519053,0.6329471534824116,0.6740817456262015,2,47085,10105,10100,16,0,26.200322504838308,32,480,1472,5.0,1026,512,128,True,5,,,,,,,,,,,,,,,,,,,,,,,,,,
sleep_efficiency_binary,mean_pool,,40m,13,False,False,0.6489420790599894,0.6462813249972125,0.6284455101419835,0.6310638043328385,0.6754735544362525,2,47085,10105,10100,16,0,26.200322504838308,32,480,1472,5.0,1026,512,128,True,5,,,,,,,,,,,,,,,,,,,,,,,,,,
sleep_efficiency_binary,mean_pool,,40m,14,False,False,0.6486616435255533,0.6472540013716989,0.628634735739867,0.6332188683683319,0.6752125662051569,2,47085,10105,10100,16,0,26.200322504838308,32,480,1472,5.0,1026,512,128,True,5,,,,,,,,,,,,,,,,,,,,,,,,,,
sleep_efficiency_binary,mean_pool,,40m,15,False,False,0.6478772681015393,0.6465930831898327,0.6298685877793349,0.6290238135792556,0.6744230925209465,2,47085,10105,10100,16,0,26.200322504838308,32,480,1472,5.0,1026,512,128,True,5,,,,,,,,,,,,,,,,,,,,,,,,,,
sleep_efficiency_binary,mean_pool,,40m,16,False,False,0.6487994391092566,0.6523306185010045,0.6285740652646887,0.6254010836151869,0.6736789790009003,2,47085,10105,10100,16,0,26.200322504838308,32,480,1472,5.0,1026,512,128,True,5,,,,,,,,,,,,,,,,,,,,,,,,,,
sleep_efficiency_binary,mean_pool,,80m,1,False,False,0.6971108429267602,0.6493080504869011,0.5781169010201268,0.6340484098596004,0.6728521343812606,2,47085,10105,10100,25,0,93.64604164361954,32,960,1472,5.0,1026,512,128,True,5,,,,,,,,,,,,,,,,,,,,,,,,,,
sleep_efficiency_binary,mean_pool,,80m,2,False,False,0.659189940583773,0.6431227859472768,0.6180219596549197,0.6376448808104404,0.6830665458143741,2,47085,10105,10100,25,0,93.64604164361954,32,960,1472,5.0,1026,512,128,True,5,,,,,,,,,,,,,,,,,,,,,,,,,,
sleep_efficiency_binary,mean_pool,,80m,3,False,False,0.6488735082208497,0.6462855069398998,0.6302013254077437,0.636373295698794,0.6885808372062843,2,47085,10105,10100,25,0,93.64604164361954,32,960,1472,5.0,1026,512,128,True,5,,,,,,,,,,,,,,,,,,,,,,,,,,
sleep_efficiency_binary,mean_pool,,80m,4,False,False,0.6447467719570548,0.6386873068873213,0.6317924718325855,0.6429798201004129,0.6893176914778856,2,47085,10105,10100,25,0,93.64604164361954,32,960,1472,5.0,1026,512,128,True,5,,,,,,,,,,,,,,,,,,,,,,,,,,
sleep_efficiency_binary,mean_pool,,80m,5,False,False,0.6433059979171222,0.6379120545626749,0.635699196155489,0.642124830685127,0.6905260521854799,2,47085,10105,10100,25,0,93.64604164361954,32,960,1472,5.0,1026,512,128,True,5,,,,,,,,,,,,,,,,,,,,,,,,,,
sleep_efficiency_binary,mean_pool,,80m,6,False,False,0.6434368409636523,0.6522186641997479,0.6376164803124522,0.6250687398106918,0.6889387708754084,2,47085,10105,10100,25,0,93.64604164361954,32,960,1472,5.0,1026,512,128,True,5,,,,,,,,,,,,,,,,,,,,,,,,,,
sleep_efficiency_binary,mean_pool,,80m,7,False,False,0.6425982997234402,0.6374880687987551,0.6361412177808634,0.6441202115320663,0.6919905954205903,2,47085,10105,10100,25,0,93.64604164361954,32,960,1472,5.0,1026,512,128,True,5,,,,,,,,,,,,,,,,,,,,,,,,,,
sleep_efficiency_binary,mean_pool,,80m,8,False,False,0.6405628382849493,0.6362291126484803,0.637391769557907,0.6460615535602761,0.693212298545717,2,47085,10105,10100,25,0,93.64604164361954,32,960,1472,5.0,1026,512,128,True,5,,,,,,,,,,,,,,,,,,,,,,,,,,
sleep_efficiency_binary,mean_pool,,80m,9,False,False,0.6417584422313953,0.6413890710123573,0.6385904507214887,0.6410193160895767,0.6939321199438726,2,47085,10105,10100,25,0,93.64604164361954,32,960,1472,5.0,1026,512,128,True,5,,,,,,,,,,,,,,,,,,,,,,,,,,
sleep_efficiency_binary,mean_pool,,80m,10,False,False,0.6399686565061936,0.6379531406666135,0.6387734621313094,0.6439459287377018,0.6920004907089731,2,47085,10105,10100,25,0,93.64604164361954,32,960,1472,5.0,1026,512,128,True,5,,,,,,,,,,,,,,,,,,,,,,,,,,
sleep_efficiency_binary,mean_pool,,80m,11,False,False,0.6416647748720802,0.6372641707988496,0.6368385925364031,0.6454383328872343,0.6924278941690796,2,47085,10105,10100,25,0,93.64604164361954,32,960,1472,5.0,1026,512,128,True,5,,,,,,,,,,,,,,,,,,,,,,,,,,
sleep_efficiency_binary,mean_pool,,80m,12,False,False,0.6399009704387301,0.6455162640788188,0.6392747685393516,0.6325176817448152,0.6941407320891225,2,47085,10105,10100,25,0,93.64604164361954,32,960,1472,5.0,1026,512,128,True,5,,,,,,,,,,,,,,,,,,,,,,,,,,
sleep_efficiency_binary,mean_pool,,80m,13,False,False,0.6423584401234075,0.6365335402483989,0.6371014884051822,0.6454905467552376,0.6930608276354315,2,47085,10105,10100,25,0,93.64604164361954,32,960,1472,5.0,1026,512,128,True,5,,,,,,,,,,,,,,,,,,,,,,,,,,
sleep_efficiency_binary,mean_pool,,80m,14,False,False,0.640661553892472,0.6404894132268482,0.6377256357400098,0.6385367747848586,0.6945790649763568,2,47085,10105,10100,25,0,93.64604164361954,32,960,1472,5.0,1026,512,128,True,5,,,,,,,,,,,,,,,,,,,,,,,,,,
sleep_efficiency_binary,mean_pool,,80m,15,True,False,0.6394818154998655,0.6367471102203018,0.6406308329440538,0.6454617530882222,0.695558840466863,2,47085,10105,10100,25,0,93.64604164361954,32,960,1472,5.0,1026,512,128,True,5,0.6573218647127536,0.6535672439433095,0.6475554267277519,0.7046734989402548,0.6372208436724566,0.6699136442141623,,,,0.6559129143988125,0.6454617530882222,0.6449453943304118,0.5888349514563107,0.7020885547201337,,,,0.6589108910891089,0.6476147265639752,0.6467361714818738,0.698923465268414,0.5908529048207664,0.7043765483071841,,,
sleep_efficiency_binary,mean_pool,,80m,16,False,False,0.641306169157488,0.6377073204676624,0.6373613700356138,0.6440167976575744,0.6943028079908509,2,47085,10105,10100,25,0,93.64604164361954,32,960,1472,5.0,1026,512,128,True,5,,,,,,,,,,,,,,,,,,,,,,,,,,
sleep_efficiency_binary,mean_pool,,80m,17,False,False,0.639974319334178,0.6363667526615545,0.6410410693546245,0.6446155842681136,0.6930780227267198,2,47085,10105,10100,25,0,93.64604164361954,32,960,1472,5.0,1026,512,128,True,5,,,,,,,,,,,,,,,,,,,,,,,,,,
sleep_efficiency_binary,mean_pool,,80m,18,False,False,0.6401094866125551,0.6362100495583111,0.6387319484979521,0.6460127868214225,0.6935358623094954,2,47085,10105,10100,25,0,93.64604164361954,32,960,1472,5.0,1026,512,128,True,5,,,,,,,,,,,,,,,,,,,,,,,,,,
sleep_efficiency_binary,mean_pool,,80m,19,False,False,0.6403570722087979,0.6396844448841544,0.637655608269013,0.6409006942923652,0.6942773397896035,2,47085,10105,10100,25,0,93.64604164361954,32,960,1472,5.0,1026,512,128,True,5,,,,,,,,,,,,,,,,,,,,,,,,,,
sleep_efficiency_binary,mean_pool,,80m,20,False,False,0.6407504727534836,0.6389871530312232,0.6391179424323332,0.6428135468120139,0.6942472889343099,2,47085,10105,10100,25,0,93.64604164361954,32,960,1472,5.0,1026,512,128,True,5,,,,,,,,,,,,,,,,,,,,,,,,,,
sleep_efficiency_binary,mean_pool,,80m,21,False,False,0.6394107622098705,0.6392679107094802,0.6404586213645214,0.6422270279258016,0.6936936799928625,2,47085,10105,10100,25,0,93.64604164361954,32,960,1472,5.0,1026,512,128,True,5,,,,,,,,,,,,,,,,,,,,,,,,,,
sleep_efficiency_binary,mean_pool,,80m,22,False,False,0.6403672778557045,0.6389111805616895,0.6367476511083396,0.6432718122166257,0.6938250156134673,2,47085,10105,10100,25,0,93.64604164361954,32,960,1472,5.0,1026,512,128,True,5,,,,,,,,,,,,,,,,,,,,,,,,,,
sleep_efficiency_binary,mean_pool,,80m,23,False,False,0.639961748929797,0.6374519320804846,0.6398155743266891,0.6462393848699419,0.6930078837871376,2,47085,10105,10100,25,0,93.64604164361954,32,960,1472,5.0,1026,512,128,True,5,,,,,,,,,,,,,,,,,,,,,,,,,,
sleep_efficiency_binary,mean_pool,,80m,24,False,False,0.6400468072542355,0.6373843579112982,0.6399726432870341,0.6428042192860792,0.6941885863526129,2,47085,10105,10100,25,0,93.64604164361954,32,960,1472,5.0,1026,512,128,True,5,,,,,,,,,,,,,,,,,,,,,,,,,,
sleep_efficiency_binary,mean_pool,,80m,25,False,False,0.6389324134330632,0.6363638306772986,0.6416981875999092,0.64542971506436,0.6931451200817578,2,47085,10105,10100,25,0,93.64604164361954,32,960,1472,5.0,1026,512,128,True,5,,,,,,,,,,,,,,,,,,,,,,,,,,
sleep_efficiency_binary,mean_pool,,120m,1,False,False,0.696776084534312,0.641782378486806,0.5799434294603942,0.643348764305586,0.6891144122442028,2,47085,10105,10100,34,0,133.78993975321453,32,1440,1472,5.0,1026,512,128,True,5,,,,,,,,,,,,,,,,,,,,,,,,,,
sleep_efficiency_binary,mean_pool,,120m,2,False,False,0.655745718861963,0.6457318049029275,0.6230521948940803,0.6367360553487278,0.6975711325238663,2,47085,10105,10100,34,0,133.78993975321453,32,1440,1472,5.0,1026,512,128,True,5,,,,,,,,,,,,,,,,,,,,,,,,,,
sleep_efficiency_binary,mean_pool,,120m,3,False,False,0.6441117683932497,0.6321645608755222,0.6358042659329639,0.6563685711041358,0.7018994898248858,2,47085,10105,10100,34,0,133.78993975321453,32,1440,1472,5.0,1026,512,128,True,5,,,,,,,,,,,,,,,,,,,,,,,,,,
sleep_efficiency_binary,mean_pool,,120m,4,False,False,0.6397064275557769,0.6346096687922084,0.6437531981640289,0.6493765765546553,0.7025942080119392,2,47085,10105,10100,34,0,133.78993975321453,32,1440,1472,5.0,1026,512,128,True,5,,,,,,,,,,,,,,,,,,,,,,,,,,
sleep_efficiency_binary,mean_pool,,120m,5,False,False,0.6379234959317884,0.6319572306634883,0.6429198541165781,0.6552046580853428,0.7032429982723799,2,47085,10105,10100,34,0,133.78993975321453,32,1440,1472,5.0,1026,512,128,True,5,,,,,,,,,,,,,,,,,,,,,,,,,,
sleep_efficiency_binary,mean_pool,,120m,6,False,False,0.6363862053501361,0.633681022050297,0.647090674289404,0.6509198765522219,0.7034804040846454,2,47085,10105,10100,34,0,133.78993975321453,32,1440,1472,5.0,1026,512,128,True,5,,,,,,,,,,,,,,,,,,,,,,,,,,
sleep_efficiency_binary,mean_pool,,120m,7,False,False,0.6359858371326089,0.6292686984363256,0.6464059850488064,0.659498057441338,0.7046836549302058,2,47085,10105,10100,34,0,133.78993975321453,32,1440,1472,5.0,1026,512,128,True,5,,,,,,,,,,,,,,,,,,,,,,,,,,
sleep_efficiency_binary,mean_pool,,120m,8,False,False,0.6354818067999293,0.6307178560104304,0.6455311845099577,0.6573003098360789,0.7061027974466911,2,47085,10105,10100,34,0,133.78993975321453,32,1440,1472,5.0,1026,512,128,True,5,,,,,,,,,,,,,,,,,,,,,,,,,,
sleep_efficiency_binary,mean_pool,,120m,9,False,False,0.6351402473700354,0.6356859871829164,0.6465501827828419,0.6471230665660916,0.705244867833013,2,47085,10105,10100,34,0,133.78993975321453,32,1440,1472,5.0,1026,512,128,True,5,,,,,,,,,,,,,,,,,,,,,,,,,,
sleep_efficiency_binary,mean_pool,,120m,10,False,False,0.6354446698655442,0.6319326966573318,0.6487872047724964,0.6582247487651167,0.703128431921227,2,47085,10105,10100,34,0,133.78993975321453,32,1440,1472,5.0,1026,512,128,True,5,,,,,,,,,,,,,,,,,,,,,,,,,,
sleep_efficiency_binary,mean_pool,,120m,11,False,False,0.6351825536848115,0.6300717332497615,0.6449211083825825,0.6593960629729664,0.7062648936256499,2,47085,10105,10100,34,0,133.78993975321453,32,1440,1472,5.0,1026,512,128,True,5,,,,,,,,,,,,,,,,,,,,,,,,,,
sleep_efficiency_binary,mean_pool,,120m,12,False,False,0.6347143781378832,0.6323126986143555,0.6463302433818897,0.6536767687827985,0.7067920610587959,2,47085,10105,10100,34,0,133.78993975321453,32,1440,1472,5.0,1026,512,128,True,5,,,,,,,,,,,,,,,,,,,,,,,,,,
sleep_efficiency_binary,mean_pool,,120m,13,False,False,0.6354899491159428,0.6284645656144955,0.6473597272042868,0.6611355451736136,0.7060814455231931,2,47085,10105,10100,34,0,133.78993975321453,32,1440,1472,5.0,1026,512,128,True,5,,,,,,,,,,,,,,,,,,,,,,,,,,
sleep_efficiency_binary,mean_pool,,120m,14,False,False,0.6348813738300882,0.6300374416742273,0.6470247324684898,0.6576124777964327,0.7071505827675987,2,47085,10105,10100,34,0,133.78993975321453,32,1440,1472,5.0,1026,512,128,True,5,,,,,,,,,,,,,,,,,,,,,,,,,,
sleep_efficiency_binary,mean_pool,,120m,15,False,False,0.6347656440884238,0.6308151764335284,0.6460323623485917,0.6590292478769739,0.7057056273369507,2,47085,10105,10100,34,0,133.78993975321453,32,1440,1472,5.0,1026,512,128,True,5,,,,,,,,,,,,,,,,,,,,,,,,,,
sleep_efficiency_binary,mean_pool,,120m,16,False,False,0.6351012196120049,0.6282578113408209,0.648586293643957,0.6640021372200728,0.7059340300589663,2,47085,10105,10100,34,0,133.78993975321453,32,1440,1472,5.0,1026,512,128,True,5,,,,,,,,,,,,,,,,,,,,,,,,,,
sleep_efficiency_binary,mean_pool,,120m,17,False,False,0.6338304683333486,0.629543932757715,0.6463703141807772,0.6619500815144658,0.7051772838244478,2,47085,10105,10100,34,0,133.78993975321453,32,1440,1472,5.0,1026,512,128,True,5,,,,,,,,,,,,,,,,,,,,,,,,,,
sleep_efficiency_binary,mean_pool,,120m,18,False,False,0.6335840916651329,0.6337083624826099,0.6500998127172287,0.6520382671890081,0.7062769788549041,2,47085,10105,10100,34,0,133.78993975321453,32,1440,1472,5.0,1026,512,128,True,5,,,,,,,,,,,,,,,,,,,,,,,,,,
sleep_efficiency_binary,mean_pool,,120m,19,False,False,0.6337324045248013,0.6302618586267946,0.6491199424009051,0.6576502948309284,0.7066883227486191,2,47085,10105,10100,34,0,133.78993975321453,32,1440,1472,5.0,1026,512,128,True,5,,,,,,,,,,,,,,,,,,,,,,,,,,
sleep_efficiency_binary,mean_pool,,120m,20,False,False,0.6323772295741401,0.6278252241577269,0.6493506244901865,0.6610400394189357,0.7075575265023399,2,47085,10105,10100,34,0,133.78993975321453,32,1440,1472,5.0,1026,512,128,True,5,,,,,,,,,,,,,,,,,,,,,,,,,,
sleep_efficiency_binary,mean_pool,,120m,21,False,False,0.6342431888479557,0.6281320547833412,0.6494977078931616,0.6629645513460025,0.7061717603069162,2,47085,10105,10100,34,0,133.78993975321453,32,1440,1472,5.0,1026,512,128,True,5,,,,,,,,,,,,,,,,,,,,,,,,,,
sleep_efficiency_binary,mean_pool,,120m,22,False,False,0.63490825898204,0.6309413847564648,0.6488762605159062,0.6569589426641036,0.7068416186096308,2,47085,10105,10100,34,0,133.78993975321453,32,1440,1472,5.0,1026,512,128,True,5,,,,,,,,,,,,,,,,,,,,,,,,,,
sleep_efficiency_binary,mean_pool,,120m,23,False,False,0.6326690930374314,0.6293987097155039,0.6480903300090999,0.6576310314621505,0.7075018857824174,2,47085,10105,10100,34,0,133.78993975321453,32,1440,1472,5.0,1026,512,128,True,5,,,,,,,,,,,,,,,,,,,,,,,,,,
sleep_efficiency_binary,mean_pool,,120m,24,True,False,0.6338200768075501,0.6309904492797974,0.6479532893054538,0.6547576465435434,0.7077483960710838,2,47085,10105,10100,34,0,133.78993975321453,32,1440,1472,5.0,1026,512,128,True,5,0.670404587448232,0.6618785133376476,0.6581752263995718,0.7153126708008875,0.6247587537910119,0.6989982728842833,,,,0.6690747154873825,0.6547576465435434,0.6555125342793936,0.5771844660194175,0.7323308270676692,,,,0.6692079207920792,0.6538637887759404,0.654365212363237,0.7105319082697849,0.576761433868974,0.7309661436829067,,,
sleep_efficiency_binary,mean_pool,,120m,25,False,False,0.6332073409111495,0.6325991032207324,0.6491204423930481,0.6550608925225685,0.7069847758554964,2,47085,10105,10100,34,0,133.78993975321453,32,1440,1472,5.0,1026,512,128,True,5,,,,,,,,,,,,,,,,,,,,,,,,,,
sleep_efficiency_binary,mean_pool,,120m,26,False,False,0.6334715947244557,0.6279947614858553,0.6499995142933468,0.6635473189446107,0.7071187272388091,2,47085,10105,10100,34,0,133.78993975321453,32,1440,1472,5.0,1026,512,128,True,5,,,,,,,,,,,,,,,,,,,,,,,,,,
sleep_efficiency_binary,mean_pool,,120m,27,False,False,0.633280086036294,0.6327014007555383,0.6481602289106886,0.654235102318904,0.7071332254584681,2,47085,10105,10100,34,0,133.78993975321453,32,1440,1472,5.0,1026,512,128,True,5,,,,,,,,,,,,,,,,,,,,,,,,,,
sleep_efficiency_binary,mean_pool,,120m,28,False,False,0.6344020447774564,0.6284573060165002,0.6465138833532615,0.66264832793959,0.7069061813108823,2,47085,10105,10100,34,0,133.78993975321453,32,1440,1472,5.0,1026,512,128,True,5,,,,,,,,,,,,,,,,,,,,,,,,,,
sleep_efficiency_binary,mean_pool,,120m,29,False,False,0.6327275975597149,0.6291778803225616,0.6482383562544017,0.6590443544135419,0.7069564485647777,2,47085,10105,10100,34,0,133.78993975321453,32,1440,1472,5.0,1026,512,128,True,5,,,,,,,,,,,,,,,,,,,,,,,,,,
sleep_efficiency_binary,mean_pool,,120m,30,False,False,0.6325364141285995,0.6307549701563974,0.6495026649581221,0.659187410273256,0.70675977970817,2,47085,10105,10100,34,0,133.78993975321453,32,1440,1472,5.0,1026,512,128,True,5,,,,,,,,,,,,,,,,,,,,,,,,,,
sleep_efficiency_binary,mean_pool,,120m,31,False,False,0.6326161468878437,0.6302010470159806,0.6494454515714753,0.6593070459319821,0.7071476628464365,2,47085,10105,10100,34,0,133.78993975321453,32,1440,1472,5.0,1026,512,128,True,5,,,,,,,,,,,,,,,,,,,,,,,,,,
sleep_efficiency_binary,mean_pool,,120m,32,False,False,0.6315413383082041,0.6311778907991765,0.6488588036473713,0.6553609955308984,0.7069697909823102,2,47085,10105,10100,34,0,133.78993975321453,32,1440,1472,5.0,1026,512,128,True,5,,,,,,,,,,,,,,,,,,,,,,,,,,
sleep_efficiency_binary,mean_pool,,120m,33,False,False,0.6327483511229312,0.628480424136587,0.6489128170843029,0.6615385551256783,0.7068176509234251,2,47085,10105,10100,34,0,133.78993975321453,32,1440,1472,5.0,1026,512,128,True,5,,,,,,,,,,,,,,,,,,,,,,,,,,
sleep_efficiency_binary,mean_pool,,120m,34,False,False,0.6315005196840935,0.6285933107034456,0.6493967809077286,0.6608499403849429,0.7069070329545546,2,47085,10105,10100,34,0,133.78993975321453,32,1440,1472,5.0,1026,512,128,True,5,,,,,,,,,,,,,,,,,,,,,,,,,,
sleep_efficiency_binary,mean_pool,,240m,1,False,False,0.6790672772431677,0.622117926084031,0.594946094446499,0.6646746858579677,0.7192864986697358,2,47081,10101,10100,31,0,169.67685525814693,32,2880,1472,4.999575236274822,1026,512,128,True,5,,,,,,,,,,,,,,,,,,,,,,,,,,
sleep_efficiency_binary,mean_pool,,240m,2,False,False,0.6376714860569314,0.6162547195810998,0.6404351134732289,0.6689891979942959,0.7274056153547723,2,47081,10101,10100,31,0,169.67685525814693,32,2880,1472,4.999575236274822,1026,512,128,True,5,,,,,,,,,,,,,,,,,,,,,,,,,,
sleep_efficiency_binary,mean_pool,,240m,3,False,False,0.6297491890182284,0.61411740352418,0.649187108074625,0.6715396895995897,0.7322094805070425,2,47081,10101,10100,31,0,169.67685525814693,32,2880,1472,4.999575236274822,1026,512,128,True,5,,,,,,,,,,,,,,,,,,,,,,,,,,
sleep_efficiency_binary,mean_pool,,240m,4,False,False,0.6256872505770572,0.6115523659083032,0.6521721097998838,0.6753594716602576,0.7324208090993649,2,47081,10101,10100,31,0,169.67685525814693,32,2880,1472,4.999575236274822,1026,512,128,True,5,,,,,,,,,,,,,,,,,,,,,,,,,,
sleep_efficiency_binary,mean_pool,,240m,5,False,False,0.6232406585381255,0.6110074312312097,0.6565011142031087,0.6764431825375826,0.7338583913785239,2,47081,10101,10100,31,0,169.67685525814693,32,2880,1472,4.999575236274822,1026,512,128,True,5,,,,,,,,,,,,,,,,,,,,,,,,,,
sleep_efficiency_binary,mean_pool,,240m,6,False,False,0.6229389859441968,0.6098103125742574,0.6576002992823635,0.676326003217308,0.7332742803667925,2,47081,10101,10100,31,0,169.67685525814693,32,2880,1472,4.999575236274822,1026,512,128,True,5,,,,,,,,,,,,,,,,,,,,,,,,,,
sleep_efficiency_binary,mean_pool,,240m,7,False,False,0.6224759302620161,0.6106210874456095,0.6575092767074276,0.6745876505373813,0.7343256071410599,2,47081,10101,10100,31,0,169.67685525814693,32,2880,1472,4.999575236274822,1026,512,128,True,5,,,,,,,,,,,,,,,,,,,,,,,,,,
sleep_efficiency_binary,mean_pool,,240m,8,False,False,0.6205172628599163,0.614709113853519,0.6591731795118301,0.6697210259673432,0.735575986578859,2,47081,10101,10100,31,0,169.67685525814693,32,2880,1472,4.999575236274822,1026,512,128,True,5,,,,,,,,,,,,,,,,,,,,,,,,,,
sleep_efficiency_binary,mean_pool,,240m,9,False,False,0.6233661479513535,0.6107611459483605,0.6548023309368685,0.6743879282777339,0.7351041445158861,2,47081,10101,10100,31,0,169.67685525814693,32,2880,1472,4.999575236274822,1026,512,128,True,5,,,,,,,,,,,,,,,,,,,,,,,,,,
sleep_efficiency_binary,mean_pool,,240m,10,False,False,0.6213515192831751,0.6085943145015997,0.659208059973668,0.6784578349238608,0.7366173302837626,2,47081,10101,10100,31,0,169.67685525814693,32,2880,1472,4.999575236274822,1026,512,128,True,5,,,,,,,,,,,,,,,,,,,,,,,,,,
sleep_efficiency_binary,mean_pool,,240m,11,False,False,0.6206621563537653,0.6093757598367779,0.661428370914221,0.6778536563194453,0.7357268891944231,2,47081,10101,10100,31,0,169.67685525814693,32,2880,1472,4.999575236274822,1026,512,128,True,5,,,,,,,,,,,,,,,,,,,,,,,,,,
sleep_efficiency_binary,mean_pool,,240m,12,False,False,0.6198550139942883,0.6091295150279669,0.6625846858465773,0.6760547153364295,0.734840952660772,2,47081,10101,10100,31,0,169.67685525814693,32,2880,1472,4.999575236274822,1026,512,128,True,5,,,,,,,,,,,,,,,,,,,,,,,,,,
sleep_efficiency_binary,mean_pool,,240m,13,False,False,0.6194736865923147,0.6095670106599572,0.6625963167946796,0.6767950654418604,0.732614991972963,2,47081,10101,10100,31,0,169.67685525814693,32,2880,1472,4.999575236274822,1026,512,128,True,5,,,,,,,,,,,,,,,,,,,,,,,,,,
sleep_efficiency_binary,mean_pool,,240m,14,False,False,0.6196109441577956,0.6162217905109276,0.6600557847360013,0.6725201406395334,0.7354664163053554,2,47081,10101,10100,31,0,169.67685525814693,32,2880,1472,4.999575236274822,1026,512,128,True,5,,,,,,,,,,,,,,,,,,,,,,,,,,
sleep_efficiency_binary,mean_pool,,240m,15,False,False,0.6211958100934956,0.6093293410098832,0.6582158498990286,0.6776456351261195,0.7371717152861083,2,47081,10101,10100,31,0,169.67685525814693,32,2880,1472,4.999575236274822,1026,512,128,True,5,,,,,,,,,,,,,,,,,,,,,,,,,,
sleep_efficiency_binary,mean_pool,,240m,16,False,False,0.6198641691694841,0.608609457253088,0.6612748968821345,0.6765110755255721,0.7363294445355275,2,47081,10101,10100,31,0,169.67685525814693,32,2880,1472,4.999575236274822,1026,512,128,True,5,,,,,,,,,,,,,,,,,,,,,,,,,,
sleep_efficiency_binary,mean_pool,,240m,17,False,False,0.6186372664170182,0.6111959778115414,0.6600866894728881,0.6750268041354256,0.7351678373100579,2,47081,10101,10100,31,0,169.67685525814693,32,2880,1472,4.999575236274822,1026,512,128,True,5,,,,,,,,,,,,,,,,,,,,,,,,,,
sleep_efficiency_binary,mean_pool,,240m,18,False,False,0.6209165221409543,0.6093071868998876,0.6572883753707668,0.678563265875921,0.7349575435480965,2,47081,10101,10100,31,0,169.67685525814693,32,2880,1472,4.999575236274822,1026,512,128,True,5,,,,,,,,,,,,,,,,,,,,,,,,,,
sleep_efficiency_binary,mean_pool,,240m,19,False,False,0.6203705439682823,0.6077772325961239,0.6600926654427834,0.6781271761873766,0.7365393324816611,2,47081,10101,10100,31,0,169.67685525814693,32,2880,1472,4.999575236274822,1026,512,128,True,5,,,,,,,,,,,,,,,,,,,,,,,,,,
sleep_efficiency_binary,mean_pool,,240m,20,True,False,0.6195690380881539,0.6106151276508802,0.6600720581573694,0.6755659304626462,0.7372184855602613,2,47081,10101,10100,31,0,169.67685525814693,32,2880,1472,4.999575236274822,1026,512,128,True,5,0.6856268983241648,0.6779260130731056,0.6739548576156003,0.7401222484940109,0.6443893024538185,0.7114627236923927,,,,0.6876546876546876,0.6755659304626462,0.6759464788227985,0.6099514563106796,0.741180404614613,,,,0.6901980198019801,0.6760887782880252,0.6765457022779175,0.7381987528822628,0.6051915945611867,0.7469859620148638,,,
sleep_efficiency_binary,mean_pool,,240m,21,False,False,0.6186931181137802,0.6103503258614691,0.6608796056187528,0.677278716745422,0.7359786370431934,2,47081,10101,10100,31,0,169.67685525814693,32,2880,1472,4.999575236274822,1026,512,128,True,5,,,,,,,,,,,,,,,,,,,,,,,,,,
sleep_efficiency_binary,mean_pool,,240m,22,False,False,0.6202664368886545,0.6101961939650684,0.6606513824330983,0.6772141108656375,0.7360506287710435,2,47081,10101,10100,31,0,169.67685525814693,32,2880,1472,4.999575236274822,1026,512,128,True,5,,,,,,,,,,,,,,,,,,,,,,,,,,
sleep_efficiency_binary,mean_pool,,240m,23,False,False,0.6184745594602441,0.6174991890683338,0.6631779623070413,0.6703378457347945,0.7367279962600013,2,47081,10101,10100,31,0,169.67685525814693,32,2880,1472,4.999575236274822,1026,512,128,True,5,,,,,,,,,,,,,,,,,,,,,,,,,,
sleep_efficiency_binary,mean_pool,,240m,24,False,False,0.619939469453804,0.609149233965741,0.6593123927499618,0.6793501224752168,0.7369995276303765,2,47081,10101,10100,31,0,169.67685525814693,32,2880,1472,4.999575236274822,1026,512,128,True,5,,,,,,,,,,,,,,,,,,,,,,,,,,
sleep_efficiency_binary,mean_pool,,240m,25,False,False,0.6177063908588815,0.6112420218951065,0.6627491116959827,0.6760513673558501,0.7359947479315567,2,47081,10101,10100,31,0,169.67685525814693,32,2880,1472,4.999575236274822,1026,512,128,True,5,,,,,,,,,,,,,,,,,,,,,,,,,,
sleep_efficiency_binary,mean_pool,,240m,26,False,False,0.6189307312433571,0.6087596314270394,0.6614981194554281,0.6785145882673774,0.7358802875773282,2,47081,10101,10100,31,0,169.67685525814693,32,2880,1472,4.999575236274822,1026,512,128,True,5,,,,,,,,,,,,,,,,,,,,,,,,,,
sleep_efficiency_binary,mean_pool,,240m,27,False,False,0.6199860005481421,0.6084107711384549,0.6598505024548625,0.6776168424931377,0.7362360460227614,2,47081,10101,10100,31,0,169.67685525814693,32,2880,1472,4.999575236274822,1026,512,128,True,5,,,,,,,,,,,,,,,,,,,,,,,,,,
sleep_efficiency_binary,mean_pool,,240m,28,False,False,0.6180469791419403,0.6088501890984258,0.6611948385069859,0.6791807552394882,0.7360394079634052,2,47081,10101,10100,31,0,169.67685525814693,32,2880,1472,4.999575236274822,1026,512,128,True,5,,,,,,,,,,,,,,,,,,,,,,,,,,
sleep_efficiency_binary,mean_pool,,240m,29,False,False,0.6191651593547277,0.6083080703469151,0.6607809525856032,0.679904121952526,0.7354221417985434,2,47081,10101,10100,31,0,169.67685525814693,32,2880,1472,4.999575236274822,1026,512,128,True,5,,,,,,,,,,,,,,,,,,,,,,,,,,
sleep_efficiency_binary,mean_pool,,240m,30,False,False,0.6201008575047843,0.6114008813231974,0.6602308290285681,0.6761214314585182,0.7362254339388646,2,47081,10101,10100,31,0,169.67685525814693,32,2880,1472,4.999575236274822,1026,512,128,True,5,,,,,,,,,,,,,,,,,,,,,,,,,,
sleep_efficiency_binary,mean_pool,,240m,31,False,False,0.6191001894247111,0.6097425607575861,0.6614755366900072,0.6782659652004812,0.7362700736799217,2,47081,10101,10100,31,0,169.67685525814693,32,2880,1472,4.999575236274822,1026,512,128,True,5,,,,,,,,,,,,,,,,,,,,,,,,,,
sleep_efficiency_binary,transformer,,30s,1,False,False,0.6792496453808082,0.6647800829138041,0.5822122938068116,0.6077433673179713,0.6474783033635869,2,47085,10105,10100,22,0,23.302107270558675,32,6,1472,5.0,264322,512,128,True,5,,,,,,,,,,,,,,,,,,,,,,,,,,
sleep_efficiency_binary,transformer,,30s,2,False,False,0.6633532024941349,0.6597279595479347,0.6083629400109427,0.6170452425562287,0.6494372865821512,2,47085,10105,10100,22,0,23.302107270558675,32,6,1472,5.0,264322,512,128,True,5,,,,,,,,,,,,,,,,,,,,,,,,,,
sleep_efficiency_binary,transformer,,30s,3,False,False,0.6581842049185709,0.6599445707664697,0.6164814410059271,0.612912945794908,0.6490277068074717,2,47085,10105,10100,22,0,23.302107270558675,32,6,1472,5.0,264322,512,128,True,5,,,,,,,,,,,,,,,,,,,,,,,,,,
sleep_efficiency_binary,transformer,,30s,4,False,False,0.6542613524406772,0.6636743639141897,0.6205084491529419,0.6110946865545741,0.6503183525155931,2,47085,10105,10100,22,0,23.302107270558675,32,6,1472,5.0,264322,512,128,True,5,,,,,,,,,,,,,,,,,,,,,,,,,,
sleep_efficiency_binary,transformer,,30s,5,False,False,0.6521222103435775,0.6566699894981063,0.62472398290884,0.6192019287701453,0.655018573942948,2,47085,10105,10100,22,0,23.302107270558675,32,6,1472,5.0,264322,512,128,True,5,,,,,,,,,,,,,,,,,,,,,,,,,,
sleep_efficiency_binary,transformer,,30s,6,False,False,0.6505053909528505,0.6579253814941228,0.6246143274891395,0.6166963728090453,0.6526736339229952,2,47085,10105,10100,22,0,23.302107270558675,32,6,1472,5.0,264322,512,128,True,5,,,,,,,,,,,,,,,,,,,,,,,,,,
sleep_efficiency_binary,transformer,,30s,7,False,False,0.6493903553940327,0.659981829565035,0.6265191832699772,0.6126737758636073,0.6562162485501781,2,47085,10105,10100,22,0,23.302107270558675,32,6,1472,5.0,264322,512,128,True,5,,,,,,,,,,,,,,,,,,,,,,,,,,
sleep_efficiency_binary,transformer,,30s,8,False,False,0.6482899855773667,0.6594516071778957,0.627086117218158,0.6161748424459206,0.6541615365274027,2,47085,10105,10100,22,0,23.302107270558675,32,6,1472,5.0,264322,512,128,True,5,,,,,,,,,,,,,,,,,,,,,,,,,,
sleep_efficiency_binary,transformer,,30s,9,False,False,0.6477273355158725,0.6591464361184189,0.6274971679016472,0.616390693562385,0.6517126757022005,2,47085,10105,10100,22,0,23.302107270558675,32,6,1472,5.0,264322,512,128,True,5,,,,,,,,,,,,,,,,,,,,,,,,,,
sleep_efficiency_binary,transformer,,30s,10,False,False,0.6466082698716294,0.65952695491938,0.6288273612843227,0.614644925420347,0.6496693594828494,2,47085,10105,10100,22,0,23.302107270558675,32,6,1472,5.0,264322,512,128,True,5,,,,,,,,,,,,,,,,,,,,,,,,,,
sleep_efficiency_binary,transformer,,30s,11,False,False,0.6463871574001833,0.6654512274271188,0.6298324169191627,0.6108733605859309,0.6534670211126522,2,47085,10105,10100,22,0,23.302107270558675,32,6,1472,5.0,264322,512,128,True,5,,,,,,,,,,,,,,,,,,,,,,,,,,
sleep_efficiency_binary,transformer,,30s,12,True,False,0.6456616013789614,0.6568201840631682,0.6300816844306733,0.6186553560276095,0.6566672344291149,2,47085,10105,10100,22,0,23.302107270558675,32,6,1472,5.0,264322,512,128,True,5,0.6383561643835617,0.6339623663056724,0.6282670393555165,0.6828374582685129,0.6148331954783568,0.653091537132988,,,,0.6228599703117269,0.6186553560276095,0.6156501192183459,0.595873786407767,0.6414369256474519,,,,0.6243564356435644,0.6198213941220723,0.6161589360880999,0.6626259698131773,0.5970333745364648,0.6426094137076797,,,
sleep_efficiency_binary,transformer,,30s,13,False,False,0.6444172941285156,0.6580090901215793,0.6308769719332982,0.6202776358371658,0.6541951358979974,2,47085,10105,10100,22,0,23.302107270558675,32,6,1472,5.0,264322,512,128,True,5,,,,,,,,,,,,,,,,,,,,,,,,,,
sleep_efficiency_binary,transformer,,30s,14,False,False,0.64450207284723,0.6572463708251848,0.6308411153539015,0.6192590091734189,0.6555987866105393,2,47085,10105,10100,22,0,23.302107270558675,32,6,1472,5.0,264322,512,128,True,5,,,,,,,,,,,,,,,,,,,,,,,,,,
sleep_efficiency_binary,transformer,,30s,15,False,False,0.6442077450366414,0.6584941093252769,0.631492705114634,0.6208617214557429,0.6546003155137033,2,47085,10105,10100,22,0,23.302107270558675,32,6,1472,5.0,264322,512,128,True,5,,,,,,,,,,,,,,,,,,,,,,,,,,
sleep_efficiency_binary,transformer,,30s,16,False,False,0.6433580313997814,0.6608669454982999,0.6298276455655697,0.6207634782749755,0.6555651061310233,2,47085,10105,10100,22,0,23.302107270558675,32,6,1472,5.0,264322,512,128,True,5,,,,,,,,,,,,,,,,,,,,,,,,,,
sleep_efficiency_binary,transformer,,30s,17,False,False,0.6432181610073192,0.6615611480286309,0.6319666262387305,0.6159851489565338,0.652070893252549,2,47085,10105,10100,22,0,23.302107270558675,32,6,1472,5.0,264322,512,128,True,5,,,,,,,,,,,,,,,,,,,,,,,,,,
sleep_efficiency_binary,transformer,,30s,18,False,False,0.6429127651465044,0.6598760739934734,0.6317289156884678,0.6203929118913789,0.6549287660899822,2,47085,10105,10100,22,0,23.302107270558675,32,6,1472,5.0,264322,512,128,True,5,,,,,,,,,,,,,,,,,,,,,,,,,,
sleep_efficiency_binary,transformer,,30s,19,False,False,0.6419982056563557,0.6629941751407197,0.6335047020689675,0.6146602347292178,0.6545684194304531,2,47085,10105,10100,22,0,23.302107270558675,32,6,1472,5.0,264322,512,128,True,5,,,,,,,,,,,,,,,,,,,,,,,,,,
sleep_efficiency_binary,transformer,,30s,20,False,False,0.6417318339191881,0.6580365221521631,0.6323015638325684,0.6200281245184158,0.6555437542075253,2,47085,10105,10100,22,0,23.302107270558675,32,6,1472,5.0,264322,512,128,True,5,,,,,,,,,,,,,,,,,,,,,,,,,,
sleep_efficiency_binary,transformer,,30s,21,False,False,0.640430959368304,0.6588048725538711,0.6330347380255453,0.6182875270701025,0.6553072811478534,2,47085,10105,10100,22,0,23.302107270558675,32,6,1472,5.0,264322,512,128,True,5,,,,,,,,,,,,,,,,,,,,,,,,,,
sleep_efficiency_binary,transformer,,30s,22,False,False,0.6404978733071859,0.6585518050347149,0.6345000864272132,0.6200259954092351,0.6556855528789611,2,47085,10105,10100,22,0,23.302107270558675,32,6,1472,5.0,264322,512,128,True,5,,,,,,,,,,,,,,,,,,,,,,,,,,
sleep_efficiency_binary,transformer,,10m,1,False,False,0.6747292721677867,0.6537386985417347,0.5923581772286435,0.6224088741270652,0.6619976518967321,2,47085,10105,10100,40,0,44.37329965829849,32,120,1472,5.0,264322,512,128,True,5,,,,,,,,,,,,,,,,,,,,,,,,,,
sleep_efficiency_binary,transformer,,10m,2,False,False,0.6581968821891366,0.6551420907818521,0.6156844678155058,0.616770790244219,0.6629945616468356,2,47085,10105,10100,40,0,44.37329965829849,32,120,1472,5.0,264322,512,128,True,5,,,,,,,,,,,,,,,,,,,,,,,,,,
sleep_efficiency_binary,transformer,,10m,3,False,False,0.652704700181043,0.6535610779743865,0.6253543587172201,0.6167369272696304,0.6614173986746802,2,47085,10105,10100,40,0,44.37329965829849,32,120,1472,5.0,264322,512,128,True,5,,,,,,,,,,,,,,,,,,,,,,,,,,
sleep_efficiency_binary,transformer,,10m,4,False,False,0.6505065654270257,0.6669181766957119,0.6278080487306628,0.6016333309000657,0.6618153190419415,2,47085,10105,10100,40,0,44.37329965829849,32,120,1472,5.0,264322,512,128,True,5,,,,,,,,,,,,,,,,,,,,,,,,,,
sleep_efficiency_binary,transformer,,10m,5,False,False,0.6484256991651948,0.6557518529986345,0.6314515057620523,0.6201523225539578,0.6621423907665605,2,47085,10105,10100,40,0,44.37329965829849,32,120,1472,5.0,264322,512,128,True,5,,,,,,,,,,,,,,,,,,,,,,,,,,
sleep_efficiency_binary,transformer,,10m,6,False,False,0.6468342659908127,0.6649964824576946,0.632518988987316,0.618190399137001,0.6662656438831707,2,47085,10105,10100,40,0,44.37329965829849,32,120,1472,5.0,264322,512,128,True,5,,,,,,,,,,,,,,,,,,,,,,,,,,
sleep_efficiency_binary,transformer,,10m,7,False,False,0.6458122086750293,0.6563757781873889,0.6321382092567116,0.6191281196518805,0.658257760096033,2,47085,10105,10100,40,0,44.37329965829849,32,120,1472,5.0,264322,512,128,True,5,,,,,,,,,,,,,,,,,,,,,,,,,,
sleep_efficiency_binary,transformer,,10m,8,False,False,0.6445975203644233,0.6560461031511714,0.6335194589799303,0.6233368615714042,0.6633202545197947,2,47085,10105,10100,40,0,44.37329965829849,32,120,1472,5.0,264322,512,128,True,5,,,,,,,,,,,,,,,,,,,,,,,,,,
sleep_efficiency_binary,transformer,,10m,9,False,False,0.6431891948234709,0.6550524561668256,0.6326970433321762,0.6233533875140926,0.6635989650501659,2,47085,10105,10100,40,0,44.37329965829849,32,120,1472,5.0,264322,512,128,True,5,,,,,,,,,,,,,,,,,,,,,,,,,,
sleep_efficiency_binary,transformer,,10m,10,False,False,0.6428234266275255,0.6518498519810635,0.6343083465831252,0.6253737093542919,0.6667289785953556,2,47085,10105,10100,40,0,44.37329965829849,32,120,1472,5.0,264322,512,128,True,5,,,,,,,,,,,,,,,,,,,,,,,,,,
sleep_efficiency_binary,transformer,,10m,11,False,False,0.6421251371444329,0.6527968767962203,0.6355902407247886,0.6248305837409056,0.6649356400710514,2,47085,10105,10100,40,0,44.37329965829849,32,120,1472,5.0,264322,512,128,True,5,,,,,,,,,,,,,,,,,,,,,,,,,,
sleep_efficiency_binary,transformer,,10m,12,False,False,0.6416152931657252,0.6584753588041063,0.6353300448135815,0.6212714228938041,0.664839546276695,2,47085,10105,10100,40,0,44.37329965829849,32,120,1472,5.0,264322,512,128,True,5,,,,,,,,,,,,,,,,,,,,,,,,,,
sleep_efficiency_binary,transformer,,10m,13,False,False,0.6415657975471892,0.6557104548565649,0.6371160024628184,0.6265526275235013,0.6646940368721155,2,47085,10105,10100,40,0,44.37329965829849,32,120,1472,5.0,264322,512,128,True,5,,,,,,,,,,,,,,,,,,,,,,,,,,
sleep_efficiency_binary,transformer,,10m,14,False,False,0.6408551972700024,0.6578371948384224,0.6369995614354631,0.6261539771759497,0.6666846931243968,2,47085,10105,10100,40,0,44.37329965829849,32,120,1472,5.0,264322,512,128,True,5,,,,,,,,,,,,,,,,,,,,,,,,,,
sleep_efficiency_binary,transformer,,10m,15,False,False,0.6402899653539165,0.6538735865838807,0.6381090011442678,0.6261782084661491,0.665704532366515,2,47085,10105,10100,40,0,44.37329965829849,32,120,1472,5.0,264322,512,128,True,5,,,,,,,,,,,,,,,,,,,,,,,,,,
sleep_efficiency_binary,transformer,,10m,16,False,False,0.6394136434289013,0.6581176373257842,0.6378068487495197,0.6266871669464924,0.6643425108077637,2,47085,10105,10100,40,0,44.37329965829849,32,120,1472,5.0,264322,512,128,True,5,,,,,,,,,,,,,,,,,,,,,,,,,,
sleep_efficiency_binary,transformer,,10m,17,False,False,0.6397698968221671,0.6601277651762031,0.6374668255213132,0.6207533396598293,0.6650419941439359,2,47085,10105,10100,40,0,44.37329965829849,32,120,1472,5.0,264322,512,128,True,5,,,,,,,,,,,,,,,,,,,,,,,,,,
sleep_efficiency_binary,transformer,,10m,18,False,False,0.639198708783622,0.6530437889870648,0.6391710844543872,0.6254229830239029,0.6671898597626753,2,47085,10105,10100,40,0,44.37329965829849,32,120,1472,5.0,264322,512,128,True,5,,,,,,,,,,,,,,,,,,,,,,,,,,
sleep_efficiency_binary,transformer,,10m,19,False,False,0.6386548688764391,0.6508193503329802,0.6383674399402295,0.6289550737685639,0.6687993851943775,2,47085,10105,10100,40,0,44.37329965829849,32,120,1472,5.0,264322,512,128,True,5,,,,,,,,,,,,,,,,,,,,,,,,,,
sleep_efficiency_binary,transformer,,10m,20,False,False,0.6382318822292179,0.6513661716610768,0.6392604544785725,0.6250491722834595,0.6662863469352993,2,47085,10105,10100,40,0,44.37329965829849,32,120,1472,5.0,264322,512,128,True,5,,,,,,,,,,,,,,,,,,,,,,,,,,
sleep_efficiency_binary,transformer,,10m,21,False,False,0.6376408279986471,0.6542901050271757,0.6406683323547773,0.6269009903399275,0.6655812062518756,2,47085,10105,10100,40,0,44.37329965829849,32,120,1472,5.0,264322,512,128,True,5,,,,,,,,,,,,,,,,,,,,,,,,,,
sleep_efficiency_binary,transformer,,10m,22,False,False,0.6382096215698058,0.6563286022258713,0.6400126569439624,0.6243479856599428,0.6672084742600839,2,47085,10105,10100,40,0,44.37329965829849,32,120,1472,5.0,264322,512,128,True,5,,,,,,,,,,,,,,,,,,,,,,,,,,
sleep_efficiency_binary,transformer,,10m,23,False,False,0.6372041045461122,0.6504487321908848,0.6405841765343687,0.6282358404100867,0.6676212781143798,2,47085,10105,10100,40,0,44.37329965829849,32,120,1472,5.0,264322,512,128,True,5,,,,,,,,,,,,,,,,,,,,,,,,,,
sleep_efficiency_binary,transformer,,10m,24,False,False,0.6371976528499895,0.6625673169549416,0.6408957430668947,0.6204611447713134,0.6671976664963379,2,47085,10105,10100,40,0,44.37329965829849,32,120,1472,5.0,264322,512,128,True,5,,,,,,,,,,,,,,,,,,,,,,,,,,
sleep_efficiency_binary,transformer,,10m,25,False,False,0.6364388034489804,0.6519157442758722,0.6410744259733061,0.6275702403257335,0.6691251997307184,2,47085,10105,10100,40,0,44.37329965829849,32,120,1472,5.0,264322,512,128,True,5,,,,,,,,,,,,,,,,,,,,,,,,,,
sleep_efficiency_binary,transformer,,10m,26,False,False,0.6360588278476252,0.6515967659405232,0.6412041810771545,0.6263961886917943,0.6664157562190266,2,47085,10105,10100,40,0,44.37329965829849,32,120,1472,5.0,264322,512,128,True,5,,,,,,,,,,,,,,,,,,,,,,,,,,
sleep_efficiency_binary,transformer,,10m,27,False,False,0.6365691696203754,0.6516024233739249,0.6419351553047024,0.6288574389047051,0.6686557615722153,2,47085,10105,10100,40,0,44.37329965829849,32,120,1472,5.0,264322,512,128,True,5,,,,,,,,,,,,,,,,,,,,,,,,,,
sleep_efficiency_binary,transformer,,10m,28,False,False,0.6353734604578382,0.6515352315562954,0.641924355474414,0.6286490903634491,0.6688211832169421,2,47085,10105,10100,40,0,44.37329965829849,32,120,1472,5.0,264322,512,128,True,5,,,,,,,,,,,,,,,,,,,,,,,,,,
sleep_efficiency_binary,transformer,,10m,29,False,False,0.6355226528268592,0.65217913786177,0.6427369141342065,0.6272856493985774,0.6678088424945859,2,47085,10105,10100,40,0,44.37329965829849,32,120,1472,5.0,264322,512,128,True,5,,,,,,,,,,,,,,,,,,,,,,,,,,
sleep_efficiency_binary,transformer,,10m,30,False,False,0.6350331446617364,0.6546796096780995,0.6422718500137855,0.6279275251234884,0.6684081563131128,2,47085,10105,10100,40,0,44.37329965829849,32,120,1472,5.0,264322,512,128,True,5,,,,,,,,,,,,,,,,,,,,,,,,,,
sleep_efficiency_binary,transformer,,10m,31,True,False,0.6350938142656178,0.651710624366866,0.642983610257553,0.6249439334582411,0.6696140634758416,2,47085,10105,10100,40,0,44.37329965829849,32,120,1472,5.0,264322,512,128,True,5,0.6316236593394924,0.6428144843438175,0.6279828597897661,0.6942469351672091,0.6915357044389302,0.5940932642487047,,,,0.6173181593270658,0.6249439334582411,0.615209751511255,0.6662621359223301,0.583625730994152,,,,0.626039603960396,0.6343967892179129,0.6233657593005709,0.6774292920580709,0.6763906056860322,0.5924029727497936,,,
sleep_efficiency_binary,transformer,,10m,32,False,False,0.6352081950510639,0.6517196381994547,0.643388632464347,0.6281512843597667,0.6686642577317079,2,47085,10105,10100,40,0,44.37329965829849,32,120,1472,5.0,264322,512,128,True,5,,,,,,,,,,,,,,,,,,,,,,,,,,
sleep_efficiency_binary,transformer,,10m,33,False,False,0.6346260246519604,0.6523187411120479,0.6439310096555626,0.6293284789644013,0.6680954408675411,2,47085,10105,10100,40,0,44.37329965829849,32,120,1472,5.0,264322,512,128,True,5,,,,,,,,,,,,,,,,,,,,,,,,,,
sleep_efficiency_binary,transformer,,10m,34,False,False,0.6343874382304325,0.6517114702573452,0.643491630845801,0.6269019028152907,0.6685502794202335,2,47085,10105,10100,40,0,44.37329965829849,32,120,1472,5.0,264322,512,128,True,5,,,,,,,,,,,,,,,,,,,,,,,,,,
sleep_efficiency_binary,transformer,,10m,35,False,False,0.6344343010668062,0.6519715829688332,0.6447177544352874,0.627830194418084,0.6681331362386549,2,47085,10105,10100,40,0,44.37329965829849,32,120,1472,5.0,264322,512,128,True,5,,,,,,,,,,,,,,,,,,,,,,,,,,
sleep_efficiency_binary,transformer,,10m,36,False,False,0.6341541250255618,0.6521233905724285,0.644151577618066,0.627752836784518,0.6682006796927594,2,47085,10105,10100,40,0,44.37329965829849,32,120,1472,5.0,264322,512,128,True,5,,,,,,,,,,,,,,,,,,,,,,,,,,
sleep_efficiency_binary,transformer,,10m,37,False,False,0.6342051859543533,0.6523520426960171,0.6433894467372656,0.627839826102473,0.668056833021064,2,47085,10105,10100,40,0,44.37329965829849,32,120,1472,5.0,264322,512,128,True,5,,,,,,,,,,,,,,,,,,,,,,,,,,
sleep_efficiency_binary,transformer,,10m,38,False,False,0.6342443122559448,0.6522369131187824,0.6445117576723793,0.6280130950353229,0.6681089860573765,2,47085,10105,10100,40,0,44.37329965829849,32,120,1472,5.0,264322,512,128,True,5,,,,,,,,,,,,,,,,,,,,,,,,,,
sleep_efficiency_binary,transformer,,10m,39,False,False,0.6337213614418132,0.6522821405923703,0.644269961472034,0.6283709881499866,0.6681072016611107,2,47085,10105,10100,40,0,44.37329965829849,32,120,1472,5.0,264322,512,128,True,5,,,,,,,,,,,,,,,,,,,,,,,,,,
sleep_efficiency_binary,transformer,,10m,40,False,False,0.6336185045969945,0.6522377947484544,0.6443594600656275,0.6279453690861458,0.6681240925939445,2,47085,10105,10100,40,0,44.37329965829849,32,120,1472,5.0,264322,512,128,True,5,,,,,,,,,,,,,,,,,,,,,,,,,,
sleep_efficiency_binary,transformer,,40m,1,False,False,0.6668300910412259,0.664721736210163,0.6048820232824912,0.6128413671719752,0.6738776350260767,2,47085,10105,10100,29,0,49.89745628436406,32,480,1472,5.0,264322,512,128,True,5,,,,,,,,,,,,,,,,,,,,,,,,,,
sleep_efficiency_binary,transformer,,40m,2,False,False,0.6459392458184631,0.6489014511530733,0.632744214019494,0.6255953394813896,0.6783619647825064,2,47085,10105,10100,29,0,49.89745628436406,32,480,1472,5.0,264322,512,128,True,5,,,,,,,,,,,,,,,,,,,,,,,,,,
sleep_efficiency_binary,transformer,,40m,3,False,False,0.6378437872625174,0.64541450333088,0.6414201062554732,0.6284990388592842,0.6854551832656074,2,47085,10105,10100,29,0,49.89745628436406,32,480,1472,5.0,264322,512,128,True,5,,,,,,,,,,,,,,,,,,,,,,,,,,
sleep_efficiency_binary,transformer,,40m,4,False,False,0.633160421818422,0.6420404413382291,0.6456367114231062,0.6335499955390094,0.6852070913529779,2,47085,10105,10100,29,0,49.89745628436406,32,480,1472,5.0,264322,512,128,True,5,,,,,,,,,,,,,,,,,,,,,,,,,,
sleep_efficiency_binary,transformer,,40m,5,False,False,0.6291324148274815,0.6484976906843671,0.6517167158801791,0.6316986844132986,0.6829843216455378,2,47085,10105,10100,29,0,49.89745628436406,32,480,1472,5.0,264322,512,128,True,5,,,,,,,,,,,,,,,,,,,,,,,,,,
sleep_efficiency_binary,transformer,,40m,6,False,False,0.6271312923546339,0.6474784895903046,0.6539179384323961,0.6336759171391262,0.6918131493783001,2,47085,10105,10100,29,0,49.89745628436406,32,480,1472,5.0,264322,512,128,True,5,,,,,,,,,,,,,,,,,,,,,,,,,,
sleep_efficiency_binary,transformer,,40m,7,False,False,0.6245291736078602,0.6390825469767558,0.6557263243006182,0.6413395949420477,0.6883946111232774,2,47085,10105,10100,29,0,49.89745628436406,32,480,1472,5.0,264322,512,128,True,5,,,,,,,,,,,,,,,,,,,,,,,,,,
sleep_efficiency_binary,transformer,,40m,8,False,False,0.6220416269966204,0.6423150758174668,0.6574653684013537,0.6344421936718819,0.691524056906019,2,47085,10105,10100,29,0,49.89745628436406,32,480,1472,5.0,264322,512,128,True,5,,,,,,,,,,,,,,,,,,,,,,,,,,
sleep_efficiency_binary,transformer,,40m,9,False,False,0.6212359920547585,0.6401354610654518,0.65735238446253,0.6364555198676303,0.6877882408286087,2,47085,10105,10100,29,0,49.89745628436406,32,480,1472,5.0,264322,512,128,True,5,,,,,,,,,,,,,,,,,,,,,,,,,,
sleep_efficiency_binary,transformer,,40m,10,False,False,0.6192202205128562,0.6397183040178158,0.6615458757076675,0.6424091174538288,0.6900566748586677,2,47085,10105,10100,29,0,49.89745628436406,32,480,1472,5.0,264322,512,128,True,5,,,,,,,,,,,,,,,,,,,,,,,,,,
sleep_efficiency_binary,transformer,,40m,11,False,False,0.6170085247388067,0.6368530391054187,0.6639617663151007,0.6377055097290152,0.6942739534921446,2,47085,10105,10100,29,0,49.89745628436406,32,480,1472,5.0,264322,512,128,True,5,,,,,,,,,,,,,,,,,,,,,,,,,,
sleep_efficiency_binary,transformer,,40m,12,False,False,0.6150094990114048,0.6372079207365139,0.6651172338720391,0.6391082885206544,0.6900864418327373,2,47085,10105,10100,29,0,49.89745628436406,32,480,1472,5.0,264322,512,128,True,5,,,,,,,,,,,,,,,,,,,,,,,,,,
sleep_efficiency_binary,transformer,,40m,13,False,False,0.6133842125735972,0.6387846014188222,0.6647142830612662,0.6392452612112807,0.6900490708973079,2,47085,10105,10100,29,0,49.89745628436406,32,480,1472,5.0,264322,512,128,True,5,,,,,,,,,,,,,,,,,,,,,,,,,,
sleep_efficiency_binary,transformer,,40m,14,False,False,0.6108618746065113,0.6408913330121067,0.6672160866043534,0.6391751019944684,0.6898435408910626,2,47085,10105,10100,29,0,49.89745628436406,32,480,1472,5.0,264322,512,128,True,5,,,,,,,,,,,,,,,,,,,,,,,,,,
sleep_efficiency_binary,transformer,,40m,15,False,False,0.6095254718086403,0.63949758168909,0.6698926731151368,0.6458247155104591,0.6954452676999944,2,47085,10105,10100,29,0,49.89745628436406,32,480,1472,5.0,264322,512,128,True,5,,,,,,,,,,,,,,,,,,,,,,,,,,
sleep_efficiency_binary,transformer,,40m,16,False,False,0.6087922637257794,0.635759666896822,0.6683194264090135,0.6437852316876334,0.6954176095578752,2,47085,10105,10100,29,0,49.89745628436406,32,480,1472,5.0,264322,512,128,True,5,,,,,,,,,,,,,,,,,,,,,,,,,,
sleep_efficiency_binary,transformer,,40m,17,False,False,0.6071154162295624,0.643361112066922,0.6718883988965887,0.6376927350739308,0.6929054229424696,2,47085,10105,10100,29,0,49.89745628436406,32,480,1472,5.0,264322,512,128,True,5,,,,,,,,,,,,,,,,,,,,,,,,,,
sleep_efficiency_binary,transformer,,40m,18,False,False,0.6056502975272666,0.6363054258760871,0.6737137987831621,0.6410123204451258,0.6924232304061124,2,47085,10105,10100,29,0,49.89745628436406,32,480,1472,5.0,264322,512,128,True,5,,,,,,,,,,,,,,,,,,,,,,,,,,
sleep_efficiency_binary,transformer,,40m,19,True,False,0.6036170261648287,0.6354570270705376,0.6731360650046928,0.648680966169469,0.6971318263295778,2,47085,10105,10100,29,0,49.89745628436406,32,480,1472,5.0,264322,512,128,True,5,0.6780078581289158,0.6809260854472288,0.6712188592754644,0.7437958641602299,0.693631100082713,0.6682210708117444,,,,0.6507669470559129,0.648680966169469,0.6446668169087265,0.637378640776699,0.6599832915622389,,,,0.6576237623762377,0.6548299018371969,0.6503372163751646,0.7082772157570846,0.6407911001236094,0.6688687035507844,,,
sleep_efficiency_binary,transformer,,40m,20,False,False,0.6035525046868905,0.6392686984434038,0.6752249321796371,0.6381125751271383,0.6936949169039102,2,47085,10105,10100,29,0,49.89745628436406,32,480,1472,5.0,264322,512,128,True,5,,,,,,,,,,,,,,,,,,,,,,,,,,
sleep_efficiency_binary,transformer,,40m,21,False,False,0.6021440144530575,0.6367668691924868,0.6762872583430832,0.6404456732446002,0.6911753696539082,2,47085,10105,10100,29,0,49.89745628436406,32,480,1472,5.0,264322,512,128,True,5,,,,,,,,,,,,,,,,,,,,,,,,,,
sleep_efficiency_binary,transformer,,40m,22,False,False,0.6011419097050823,0.6369901605049966,0.6768657492525118,0.6445956111962755,0.6935433040530128,2,47085,10105,10100,29,0,49.89745628436406,32,480,1472,5.0,264322,512,128,True,5,,,,,,,,,,,,,,,,,,,,,,,,,,
sleep_efficiency_binary,transformer,,40m,23,False,False,0.5984938332428659,0.6358348122715419,0.6790186154217577,0.6455812873607969,0.6953484642025777,2,47085,10105,10100,29,0,49.89745628436406,32,480,1472,5.0,264322,512,128,True,5,,,,,,,,,,,,,,,,,,,,,,,,,,
sleep_efficiency_binary,transformer,,40m,24,False,False,0.5982543269109609,0.6395171529936472,0.6788140614933194,0.6396636818583676,0.6960881978408805,2,47085,10105,10100,29,0,49.89745628436406,32,480,1472,5.0,264322,512,128,True,5,,,,,,,,,,,,,,,,,,,,,,,,,,
sleep_efficiency_binary,transformer,,40m,25,False,False,0.596421934486866,0.6389287966628407,0.6818263998708591,0.6421784639592509,0.6944997810059128,2,47085,10105,10100,29,0,49.89745628436406,32,480,1472,5.0,264322,512,128,True,5,,,,,,,,,,,,,,,,,,,,,,,,,,
sleep_efficiency_binary,transformer,,40m,26,False,False,0.5959736290594012,0.6431361769933857,0.6801757829519821,0.6367256125751272,0.6903234623776269,2,47085,10105,10100,29,0,49.89745628436406,32,480,1472,5.0,264322,512,128,True,5,,,,,,,,,,,,,,,,,,,,,,,,,,
sleep_efficiency_binary,transformer,,40m,27,False,False,0.5953877862236284,0.6385377199357244,0.6838721820085685,0.6461781476344584,0.6949470967061667,2,47085,10105,10100,29,0,49.89745628436406,32,480,1472,5.0,264322,512,128,True,5,,,,,,,,,,,,,,,,,,,,,,,,,,
sleep_efficiency_binary,transformer,,40m,28,False,False,0.5947440650187898,0.6399856138766137,0.6820284395530927,0.6406523996074329,0.6941288901866316,2,47085,10105,10100,29,0,49.89745628436406,32,480,1472,5.0,264322,512,128,True,5,,,,,,,,,,,,,,,,,,,,,,,,,,
sleep_efficiency_binary,transformer,,40m,29,False,False,0.5926406131259597,0.6401134430536358,0.6833450045784994,0.6423613645764898,0.6955551094564891,2,47085,10105,10100,29,0,49.89745628436406,32,480,1472,5.0,264322,512,128,True,5,,,,,,,,,,,,,,,,,,,,,,,,,,
sleep_efficiency_binary,transformer,,80m,1,False,False,0.657282225846662,0.6348288343042386,0.6182360705760338,0.6472718000502875,0.6967209082576993,2,47085,10105,10100,19,0,54.300493411223094,32,960,1472,5.0,264322,512,128,True,5,,,,,,,,,,,,,,,,,,,,,,,,,,
sleep_efficiency_binary,transformer,,80m,2,False,False,0.630590168017294,0.6311576050617269,0.6508482009568421,0.6480457819305545,0.7099205132572532,2,47085,10105,10100,19,0,54.300493411223094,32,960,1472,5.0,264322,512,128,True,5,,,,,,,,,,,,,,,,,,,,,,,,,,
sleep_efficiency_binary,transformer,,80m,3,False,False,0.6199929957026773,0.6226369359598249,0.662329863387861,0.6601454080184279,0.7132732316227463,2,47085,10105,10100,19,0,54.300493411223094,32,960,1472,5.0,264322,512,128,True,5,,,,,,,,,,,,,,,,,,,,,,,,,,
sleep_efficiency_binary,transformer,,80m,4,False,False,0.6135582644886002,0.6229796107926621,0.6673559558349798,0.6618085464470237,0.7193234907657493,2,47085,10105,10100,19,0,54.300493411223094,32,960,1472,5.0,264322,512,128,True,5,,,,,,,,,,,,,,,,,,,,,,,,,,
sleep_efficiency_binary,transformer,,80m,5,False,False,0.6087123076121013,0.6387902809864574,0.6732296492483689,0.6406159005929062,0.7159135500563708,2,47085,10105,10100,19,0,54.300493411223094,32,960,1472,5.0,264322,512,128,True,5,,,,,,,,,,,,,,,,,,,,,,,,,,
sleep_efficiency_binary,transformer,,80m,6,False,False,0.604675056818654,0.6189040488974993,0.6768177071503162,0.6668989423396678,0.7181989561281845,2,47085,10105,10100,19,0,54.300493411223094,32,960,1472,5.0,264322,512,128,True,5,,,,,,,,,,,,,,,,,,,,,,,,,,
sleep_efficiency_binary,transformer,,80m,7,False,False,0.6011821995125058,0.6161163451764797,0.679788660463907,0.6713108621067232,0.7237469279996106,2,47085,10105,10100,19,0,54.300493411223094,32,960,1472,5.0,264322,512,128,True,5,,,,,,,,,,,,,,,,,,,,,,,,,,
sleep_efficiency_binary,transformer,,80m,8,False,False,0.5972080306565292,0.6172652064220319,0.6824440187368485,0.6678664703830774,0.7234447567137909,2,47085,10105,10100,19,0,54.300493411223094,32,960,1472,5.0,264322,512,128,True,5,,,,,,,,,,,,,,,,,,,,,,,,,,
sleep_efficiency_binary,transformer,,80m,9,True,False,0.5954458628146907,0.6255692798273803,0.6850921485519513,0.6622207825388715,0.7244170296290889,2,47085,10105,10100,19,0,54.300493411223094,32,960,1472,5.0,264322,512,128,True,5,0.7063820749707975,0.6902603673370846,0.6901719252767363,0.760284633622424,0.6200716845878136,0.7604490500863558,,,,0.6815437902028698,0.6622207825388715,0.6642558216160099,0.5575242718446602,0.7669172932330827,,,,0.6826732673267327,0.6615243049140603,0.6636327613969764,0.7281776341508974,0.5552533992583436,0.7677952105697771,,,
sleep_efficiency_binary,transformer,,80m,10,False,False,0.5927792526486447,0.6166559518238862,0.6867135659296782,0.6713593246871223,0.723649293135752,2,47085,10105,10100,19,0,54.300493411223094,32,960,1472,5.0,264322,512,128,True,5,,,,,,,,,,,,,,,,,,,,,,,,,,
sleep_efficiency_binary,transformer,,80m,11,False,False,0.5904831468128559,0.6245557421684736,0.6898672735142733,0.6635553284505763,0.72019891962917,2,47085,10105,10100,19,0,54.300493411223094,32,960,1472,5.0,264322,512,128,True,5,,,,,,,,,,,,,,,,,,,,,,,,,,
sleep_efficiency_binary,transformer,,80m,12,False,False,0.5882537116844385,0.6348403853363828,0.6911935098162744,0.6553470042419967,0.7172430874921932,2,47085,10105,10100,19,0,54.300493411223094,32,960,1472,5.0,264322,512,128,True,5,,,,,,,,,,,,,,,,,,,,,,,,,,
sleep_efficiency_binary,transformer,,80m,13,False,False,0.5866840978178665,0.6275715920814248,0.695184275675668,0.6647493531563538,0.7217018273839939,2,47085,10105,10100,19,0,54.300493411223094,32,960,1472,5.0,264322,512,128,True,5,,,,,,,,,,,,,,,,,,,,,,,,,,
sleep_efficiency_binary,transformer,,80m,14,False,False,0.5829637744313556,0.6340617203317261,0.6960166197388327,0.6605499387627645,0.7198296104338517,2,47085,10105,10100,19,0,54.300493411223094,32,960,1472,5.0,264322,512,128,True,5,,,,,,,,,,,,,,,,,,,,,,,,,,
sleep_efficiency_binary,transformer,,80m,15,False,False,0.5811259545109714,0.6195603801642592,0.6975129247968961,0.6689748237908688,0.7212937278471259,2,47085,10105,10100,19,0,54.300493411223094,32,960,1472,5.0,264322,512,128,True,5,,,,,,,,,,,,,,,,,,,,,,,,,,
sleep_efficiency_binary,transformer,,80m,16,False,False,0.5786261976303233,0.626651262396459,0.6993807240171941,0.668118516355614,0.7224421693392057,2,47085,10105,10100,19,0,54.300493411223094,32,960,1472,5.0,264322,512,128,True,5,,,,,,,,,,,,,,,,,,,,,,,,,,
sleep_efficiency_binary,transformer,,80m,17,False,False,0.5778527674786893,0.6214951020429065,0.7005777052074896,0.6675122271698664,0.7206808485615332,2,47085,10105,10100,19,0,54.300493411223094,32,960,1472,5.0,264322,512,128,True,5,,,,,,,,,,,,,,,,,,,,,,,,,,
sleep_efficiency_binary,transformer,,80m,18,False,False,0.5746905800692909,0.6280613126464553,0.7045088720034399,0.662433186526186,0.717488076988588,2,47085,10105,10100,19,0,54.300493411223094,32,960,1472,5.0,264322,512,128,True,5,,,,,,,,,,,,,,,,,,,,,,,,,,
sleep_efficiency_binary,transformer,,80m,19,False,False,0.5737758561166543,0.6227836569661495,0.7052445604426216,0.6658215117080728,0.7188524709832834,2,47085,10105,10100,19,0,54.300493411223094,32,960,1472,5.0,264322,512,128,True,5,,,,,,,,,,,,,,,,,,,,,,,,,,
sleep_efficiency_binary,transformer,,120m,1,False,False,0.6486994382440633,0.6278326097306257,0.6289883301833828,0.6555759341719996,0.717084762878069,2,47085,10105,10100,24,0,106.84606563250223,32,1440,1472,5.0,264322,512,128,True,5,,,,,,,,,,,,,,,,,,,,,,,,,,
sleep_efficiency_binary,transformer,,120m,2,False,False,0.6152944275435842,0.613781759462871,0.6658915502756385,0.6697342060653251,0.7241623070621537,2,47085,10105,10100,24,0,106.84606563250223,32,1440,1472,5.0,264322,512,128,True,5,,,,,,,,,,,,,,,,,,,,,,,,,,
sleep_efficiency_binary,transformer,,120m,3,False,False,0.6049190664045798,0.6070656892216365,0.6751302908097159,0.680122332530355,0.7348425473067783,2,47085,10105,10100,24,0,106.84606563250223,32,1440,1472,5.0,264322,512,128,True,5,,,,,,,,,,,,,,,,,,,,,,,,,,
sleep_efficiency_binary,transformer,,120m,4,False,False,0.5977351017991765,0.6269330253877126,0.6828860975041822,0.6666017795297305,0.7354953119043564,2,47085,10105,10100,24,0,106.84606563250223,32,1440,1472,5.0,264322,512,128,True,5,,,,,,,,,,,,,,,,,,,,,,,,,,
sleep_efficiency_binary,transformer,,120m,5,False,False,0.5915729948254519,0.6313141047984052,0.6873684270675746,0.6589523971741652,0.7307031129603945,2,47085,10105,10100,24,0,106.84606563250223,32,1440,1472,5.0,264322,512,128,True,5,,,,,,,,,,,,,,,,,,,,,,,,,,
sleep_efficiency_binary,transformer,,120m,6,False,False,0.5886240072572916,0.604514059738497,0.6893120250967485,0.6813547825875368,0.7398587893682425,2,47085,10105,10100,24,0,106.84606563250223,32,1440,1472,5.0,264322,512,128,True,5,,,,,,,,,,,,,,,,,,,,,,,,,,
sleep_efficiency_binary,transformer,,120m,7,False,False,0.5848103632615025,0.602714243792237,0.6923099779860602,0.6853353042801178,0.740579016311004,2,47085,10105,10100,24,0,106.84606563250223,32,1440,1472,5.0,264322,512,128,True,5,,,,,,,,,,,,,,,,,,,,,,,,,,
sleep_efficiency_binary,transformer,,120m,8,False,False,0.5800384277647768,0.6189263989788538,0.6986398213742355,0.6742026993048965,0.7389774801080371,2,47085,10105,10100,24,0,106.84606563250223,32,1440,1472,5.0,264322,512,128,True,5,,,,,,,,,,,,,,,,,,,,,,,,,,
sleep_efficiency_binary,transformer,,120m,9,False,False,0.5779966741695872,0.6062098624357075,0.6994059093357105,0.6836884890219075,0.7375314905386443,2,47085,10105,10100,24,0,106.84606563250223,32,1440,1472,5.0,264322,512,128,True,5,,,,,,,,,,,,,,,,,,,,,,,,,,
sleep_efficiency_binary,transformer,,120m,10,False,False,0.5738763060781927,0.6060648296328832,0.7048934802453104,0.6789317549537273,0.7373936256498852,2,47085,10105,10100,24,0,106.84606563250223,32,1440,1472,5.0,264322,512,128,True,5,,,,,,,,,,,,,,,,,,,,,,,,,,
sleep_efficiency_binary,transformer,,120m,11,False,False,0.5684580386691354,0.60659562475548,0.7076686080647304,0.6883891565483287,0.7405208003828341,2,47085,10105,10100,24,0,106.84606563250223,32,1440,1472,5.0,264322,512,128,True,5,,,,,,,,,,,,,,,,,,,,,,,,,,
sleep_efficiency_binary,transformer,,120m,12,False,False,0.5673430345158953,0.6126504988643215,0.7080433593186393,0.6738629543113447,0.7364445498860419,2,47085,10105,10100,24,0,106.84606563250223,32,1440,1472,5.0,264322,512,128,True,5,,,,,,,,,,,,,,,,,,,,,,,,,,
sleep_efficiency_binary,transformer,,120m,13,False,False,0.5632209149733134,0.6397742564580277,0.7130116669595192,0.6556516696271423,0.7383372265615494,2,47085,10105,10100,24,0,106.84606563250223,32,1440,1472,5.0,264322,512,128,True,5,,,,,,,,,,,,,,,,,,,,,,,,,,
sleep_efficiency_binary,transformer,,120m,14,True,False,0.5598334390550987,0.6023281141533113,0.7150138640678503,0.6837844003211913,0.7442171569700952,2,47085,10105,10100,24,0,106.84606563250223,32,1440,1472,5.0,264322,512,128,True,5,0.7159180206010407,0.7245680996441485,0.7111282461269894,0.7963580019933021,0.7622277364212848,0.6869084628670121,,,,0.6816427511133103,0.6837844003211913,0.6774063181325254,0.6953883495145631,0.6721804511278195,,,,0.6861386138613862,0.6874750305961321,0.6807348103181659,0.7480100316525791,0.6941903584672435,0.6807597027250206,,,
sleep_efficiency_binary,transformer,,120m,15,False,False,0.5573667912140411,0.6170614242612696,0.7154844566728238,0.6702765205894996,0.7337629672887721,2,47085,10105,10100,24,0,106.84606563250223,32,1440,1472,5.0,264322,512,128,True,5,,,,,,,,,,,,,,,,,,,,,,,,,,
sleep_efficiency_binary,transformer,,120m,16,False,False,0.553602358655488,0.6174905187714401,0.7198485309516565,0.6729279712225548,0.7345662092123513,2,47085,10105,10100,24,0,106.84606563250223,32,1440,1472,5.0,264322,512,128,True,5,,,,,,,,,,,,,,,,,,,,,,,,,,
sleep_efficiency_binary,transformer,,120m,17,False,False,0.5520081384496931,0.6234676701842058,0.7227523424631899,0.6702665847466562,0.7353670989772165,2,47085,10105,10100,24,0,106.84606563250223,32,1440,1472,5.0,264322,512,128,True,5,,,,,,,,,,,,,,,,,,,,,,,,,,
sleep_efficiency_binary,transformer,,120m,18,False,False,0.5481228952500501,0.6193192428730904,0.7236636281429862,0.6702758108864394,0.7343067214962974,2,47085,10105,10100,24,0,106.84606563250223,32,1440,1472,5.0,264322,512,128,True,5,,,,,,,,,,,,,,,,,,,,,,,,,,
sleep_efficiency_binary,transformer,,120m,19,False,False,0.5436380976208762,0.616734280251796,0.7273227277857062,0.6753212927139856,0.734325133221403,2,47085,10105,10100,24,0,106.84606563250223,32,1440,1472,5.0,264322,512,128,True,5,,,,,,,,,,,,,,,,,,,,,,,,,,
sleep_efficiency_binary,transformer,,120m,20,False,False,0.5412465808497147,0.6224588700593668,0.7292959682062139,0.6695455264374528,0.728587325919978,2,47085,10105,10100,24,0,106.84606563250223,32,1440,1472,5.0,264322,512,128,True,5,,,,,,,,,,,,,,,,,,,,,,,,,,
sleep_efficiency_binary,transformer,,120m,21,False,False,0.5404096369646126,0.6119116259411619,0.7307257028818118,0.6772440810764776,0.7366237397701374,2,47085,10105,10100,24,0,106.84606563250223,32,1440,1472,5.0,264322,512,128,True,5,,,,,,,,,,,,,,,,,,,,,,,,,,
sleep_efficiency_binary,transformer,,120m,22,False,False,0.5364804924566098,0.6309528090704909,0.7329440108798291,0.67178818810781,0.7347725503078084,2,47085,10105,10100,24,0,106.84606563250223,32,1440,1472,5.0,264322,512,128,True,5,,,,,,,,,,,,,,,,,,,,,,,,,,
sleep_efficiency_binary,transformer,,120m,23,False,False,0.5339465886325964,0.6600019948604023,0.7348074101692688,0.6560696847296235,0.7295175438596491,2,47085,10105,10100,24,0,106.84606563250223,32,1440,1472,5.0,264322,512,128,True,5,,,,,,,,,,,,,,,,,,,,,,,,,,
sleep_efficiency_binary,transformer,,120m,24,False,False,0.5315168173295165,0.6386663068555948,0.7365656111118254,0.6669661613580877,0.7296811202764192,2,47085,10105,10100,24,0,106.84606563250223,32,1440,1472,5.0,264322,512,128,True,5,,,,,,,,,,,,,,,,,,,,,,,,,,
sleep_efficiency_binary,transformer,,240m,1,False,False,0.6202047995129305,0.5827219076318182,0.66054483986239,0.7093550896609491,0.7663889533685149,2,47081,10101,10100,15,0,266.1325266480446,32,2880,1472,4.999575236274822,264322,512,128,True,5,,,,,,,,,,,,,,,,,,,,,,,,,,
sleep_efficiency_binary,transformer,,240m,2,False,False,0.574032206769651,0.5667034615878244,0.7068968445678805,0.722571435760166,0.7838523650134812,2,47081,10101,10100,15,0,266.1325266480446,32,2880,1472,4.999575236274822,264322,512,128,True,5,,,,,,,,,,,,,,,,,,,,,,,,,,
sleep_efficiency_binary,transformer,,240m,3,False,False,0.5572821696793445,0.5622830203784219,0.7191344031443394,0.7165006947566972,0.7847534181867175,2,47081,10101,10100,15,0,266.1325266480446,32,2880,1472,4.999575236274822,264322,512,128,True,5,,,,,,,,,,,,,,,,,,,,,,,,,,
sleep_efficiency_binary,transformer,,240m,4,False,False,0.546815350324796,0.6006159780801682,0.7268566154510616,0.7067440503341487,0.7887264565947508,2,47081,10101,10100,15,0,266.1325266480446,32,2880,1472,4.999575236274822,264322,512,128,True,5,,,,,,,,,,,,,,,,,,,,,,,,,,
sleep_efficiency_binary,transformer,,240m,5,True,False,0.5376321345422747,0.5574458636260129,0.7342483091881862,0.7237183118710869,0.7938331212269272,2,47081,10101,10100,15,0,266.1325266480446,32,2880,1472,4.999575236274822,264322,512,128,True,5,0.7177417641936238,0.7408570003743887,0.7163735601754169,0.8240190527331432,0.8415219189412738,0.6401920818075036,,,,0.7118107118107118,0.7237183118710869,0.7104438551150378,0.7883495145631068,0.6590871091790671,,,,0.7105940594059406,0.7221508851187968,0.7084556339250423,0.7919215799954884,0.7802224969097652,0.6640792733278282,,,
sleep_efficiency_binary,transformer,,240m,6,False,False,0.5274613442747285,0.5894518580994692,0.741933998927221,0.7067658832256839,0.792208011453746,2,47081,10101,10100,15,0,266.1325266480446,32,2880,1472,4.999575236274822,264322,512,128,True,5,,,,,,,,,,,,,,,,,,,,,,,,,,
sleep_efficiency_binary,transformer,,240m,7,False,False,0.5184695659467736,0.5690258444860281,0.7481889848949312,0.7204817074457465,0.7878973545677816,2,47081,10101,10100,15,0,266.1325266480446,32,2880,1472,4.999575236274822,264322,512,128,True,5,,,,,,,,,,,,,,,,,,,,,,,,,,
sleep_efficiency_binary,transformer,,240m,8,False,False,0.50980184685062,0.5670589193821237,0.7540307269246362,0.7191095020964446,0.790683036736072,2,47081,10101,10100,15,0,266.1325266480446,32,2880,1472,4.999575236274822,264322,512,128,True,5,,,,,,,,,,,,,,,,,,,,,,,,,,
sleep_efficiency_binary,transformer,,240m,9,False,False,0.5044165920075385,0.584874095453294,0.7572176895719287,0.7141216806294366,0.7890511498385666,2,47081,10101,10100,15,0,266.1325266480446,32,2880,1472,4.999575236274822,264322,512,128,True,5,,,,,,,,,,,,,,,,,,,,,,,,,,
sleep_efficiency_binary,transformer,,240m,10,False,False,0.4981860742993637,0.577463799264216,0.7618316888748148,0.7195883039008641,0.7915473838676845,2,47081,10101,10100,15,0,266.1325266480446,32,2880,1472,4.999575236274822,264322,512,128,True,5,,,,,,,,,,,,,,,,,,,,,,,,,,
sleep_efficiency_binary,transformer,,240m,11,False,False,0.489682765549982,0.5670748668376224,0.7686875817612027,0.7200785902932101,0.7897272187168752,2,47081,10101,10100,15,0,266.1325266480446,32,2880,1472,4.999575236274822,264322,512,128,True,5,,,,,,,,,,,,,,,,,,,,,,,,,,
sleep_efficiency_binary,transformer,,240m,12,False,False,0.4850535116392973,0.5799965036085319,0.7690254221797942,0.7142205982374608,0.7827983192731677,2,47081,10101,10100,15,0,266.1325266480446,32,2880,1472,4.999575236274822,264322,512,128,True,5,,,,,,,,,,,,,,,,,,,,,,,,,,
sleep_efficiency_binary,transformer,,240m,13,False,False,0.4783673996893046,0.5741168931030706,0.7754906910410039,0.7182881105702037,0.7849054976681823,2,47081,10101,10100,15,0,266.1325266480446,32,2880,1472,4.999575236274822,264322,512,128,True,5,,,,,,,,,,,,,,,,,,,,,,,,,,
sleep_efficiency_binary,transformer,,240m,14,False,False,0.4734118769135988,0.5755479766843153,0.7805448261464247,0.7225943846452276,0.7888199768522652,2,47081,10101,10100,15,0,266.1325266480446,32,2880,1472,4.999575236274822,264322,512,128,True,5,,,,,,,,,,,,,,,,,,,,,,,,,,
sleep_efficiency_binary,transformer,,240m,15,False,False,0.4683760140935525,0.6133908756197519,0.7836460878228306,0.7037188150827134,0.7888518131039554,2,47081,10101,10100,15,0,266.1325266480446,32,2880,1472,4.999575236274822,264322,512,128,True,5,,,,,,,,,,,,,,,,,,,,,,,,,,
