task,head,context_length,k,split,context_length_min,total_compute_min,n_subjects,n_segments,seg_accuracy,seg_balanced_accuracy,seg_macro_f1,seg_auroc,mean_prob_accuracy,mean_prob_balanced_accuracy,mean_prob_macro_f1,mean_prob_auroc,majority_accuracy,majority_balanced_accuracy,majority_macro_f1,majority_auroc,mean_prob_auroc_ci_lo,mean_prob_auroc_ci_hi,mean_prob_bal_acc_ci_lo,mean_prob_bal_acc_ci_hi
age_class,lstm,30s,1,test,0.5,0.5,1862,1862,0.6186895810955961,0.584407765482878,0.5410797789878302,0.7962354435406945,0.6186895810955961,0.584407765482878,0.5410797789878302,0.7962354435406945,0.6186895810955961,0.584407765482878,0.5410797789878302,0.7962354435406945,,,,
age_class,lstm,30s,10,test,0.5,5.0,1862,18620,0.6393662728249194,0.612481737328051,0.5627730992638461,0.8187114721030945,0.692266380236305,0.67108591781345,0.6179495374126246,0.8547861078069907,0.6680988184747583,0.6585426236910266,0.5987266087060966,0.8547861078069907,,,,
age_class,lstm,30s,100,test,0.5,50.0,1862,186070,0.6469715698393078,0.6195234156072715,0.5696945739632869,0.8225601642763412,0.6987110633727175,0.6790879581852707,0.6269564816901098,0.8624262575072041,0.6960257787325457,0.6775891572260381,0.6243998591570185,0.8624262575072041,,,,
age_class,lstm,30s,12,test,0.5,6.0,1862,22344,0.6432599355531686,0.6171566635961421,0.5677094629637686,0.8196754883682905,0.6917293233082706,0.6740260502647986,0.6212409855711135,0.8573091965756499,0.6804511278195489,0.6707157952430095,0.6122375050914156,0.8573091965756499,,,,
age_class,lstm,30s,120,test,0.5,60.0,1862,223270,0.6462578940296502,0.618440922677704,0.5688610421532935,0.8220627565721782,0.7003222341568206,0.6820621059775377,0.6295546644680812,0.8619749361431387,0.6933404940923737,0.6761625017076249,0.6209842095079581,0.8619749361431387,,,,
age_class,lstm,30s,16,test,0.5,8.0,1862,29792,0.6475563909774437,0.6176938939582719,0.5688475284472095,0.8213073817128166,0.6938775510204082,0.6730032583404792,0.619975155818393,0.8600785196451346,0.6809881847475833,0.6634068174424085,0.6074593263989465,0.8600785196451346,,,,
age_class,lstm,30s,160,test,0.5,80.0,1862,297670,0.6465717069237746,0.6184438517918226,0.5689851486639773,0.822068979813789,0.7024704618689581,0.6826786340316903,0.6302948298858047,0.8621701135072574,0.7003222341568206,0.6826806914111813,0.6280517076026629,0.8621701135072574,,,,
age_class,lstm,30s,2,test,0.5,1.0,1862,3724,0.6160042964554243,0.5822182336491822,0.5411410716147571,0.795398196670047,0.6493018259935553,0.6186755468651844,0.5750006925777921,0.8179461731953923,0.560687432867884,0.5981162907697178,0.514898262879722,0.8179461731953923,,,,
age_class,lstm,30s,20,test,0.5,10.0,1862,37240,0.648952738990333,0.6223626280855892,0.5724724586037553,0.8240587406865086,0.706766917293233,0.6919920480911085,0.6353812014348638,0.8634969562039941,0.6928034371643395,0.6803758777466702,0.6212203444257983,0.8634969562039941,,,,
age_class,lstm,30s,200,test,0.5,100.0,1862,372070,0.6468110839358185,0.6185356914250467,0.5691166856479213,0.8220890624707518,0.6997851772287863,0.6826721875759517,0.629039628973334,0.8623356331553902,0.7019334049409237,0.6859460955600652,0.6304305600120261,0.8623356331553902,,,,
age_class,lstm,30s,25,test,0.5,12.5,1862,46550,0.6481632653061224,0.6202720404321703,0.5707697680792684,0.8223412047954676,0.6987110633727175,0.6770491636889527,0.6243388234772723,0.861110216513037,0.6933404940923737,0.6779461125677356,0.621423335827913,0.861110216513037,,,,
age_class,lstm,30s,250,test,0.5,125.0,1862,465070,0.6462274496312383,0.6181548326413293,0.5686041480138964,0.8220113494615978,0.6960257787325457,0.674349264582843,0.6228513549074248,0.8622158639094285,0.6917293233082706,0.6752632211320854,0.6199568042973745,0.8622158639094285,,,,
age_class,lstm,30s,3,test,0.5,1.5,1862,5586,0.6324740422484784,0.5990668229543568,0.5544531063945853,0.8092817977225139,0.677765843179377,0.6586235472843414,0.6046281363631739,0.8424252787423838,0.650375939849624,0.6258991434169069,0.5680318210233403,0.8424252787423838,,,,
age_class,lstm,30s,30,test,0.5,15.0,1862,55860,0.6448621553884711,0.6173694126373576,0.5678527644077432,0.8213333038253262,0.6928034371643395,0.6680736399212819,0.6182726196895959,0.8610598050549444,0.6825993555316864,0.6612853162905503,0.6060170918025923,0.8610598050549444,,,,
age_class,lstm,30s,320,test,0.5,160.0,1862,595220,0.6463509290682437,0.6184775927045815,0.5687770563539013,0.8220258153780579,0.6987110633727175,0.678505445472037,0.6262035950126433,0.8621149748276165,0.69656283566058,0.6787987592081448,0.6250299156908258,0.8621149748276165,,,,
age_class,lstm,30s,4,test,0.5,2.0,1862,7448,0.6333243823845328,0.6008028854884521,0.5549185956743833,0.8104244674071671,0.6809881847475833,0.6524499686455366,0.6005530785948668,0.8437896234121092,0.6482277121374865,0.6436651639566864,0.5809205058982441,0.8437896234121092,,,,
age_class,lstm,30s,40,test,0.5,20.0,1862,74470,0.6469853632335169,0.6192455431863094,0.5702055343761655,0.82217273887705,0.7013963480128894,0.6820791136479972,0.6299477305385297,0.8615255760182622,0.6970998925886144,0.6820832284069794,0.6259818889025666,0.8615255760182622,,,,
age_class,lstm,30s,400,test,0.5,200.0,1862,743940,0.6471220797376133,0.6191240050579272,0.5694378380296865,0.8223291220029262,0.7013963480128894,0.6808780155011201,0.628799951878932,0.862587947848292,0.6949516648764769,0.6791366494998922,0.6232863531203412,0.862587947848292,,,,
age_class,lstm,30s,5,test,0.5,2.5,1862,9310,0.6378088077336198,0.609763623555514,0.5615534175038183,0.8155442825014809,0.6890440386680988,0.668740916669547,0.614223229003469,0.8505572072583512,0.6632653061224489,0.6571180255521046,0.5932552167737191,0.8505572072583512,,,,
age_class,lstm,30s,50,test,0.5,25.0,1862,93070,0.6469646502632427,0.6198773887314442,0.5702886031641704,0.8219355870900199,0.6970998925886144,0.6788072630433746,0.6259599166716948,0.8614934717786534,0.6906552094522019,0.671060406307761,0.6181604936281603,0.8614934717786534,,,,
age_class,lstm,30s,500,test,0.5,250.0,1862,929840,0.6467446012217155,0.618679172763798,0.5688437981435993,0.822062596638554,0.7024704618689581,0.6814775358848131,0.6295471960989202,0.8624019350547597,0.69656283566058,0.6788348319285546,0.6240186359245578,0.8624019350547597,,,,
age_class,lstm,30s,6,test,0.5,3.0,1862,11172,0.6438417472252058,0.610634987777337,0.5650006664042737,0.8178358697275115,0.6938775510204082,0.6708201729625222,0.6211648994718364,0.8540511407082807,0.658968850698174,0.650861465940494,0.5897876971047703,0.8540511407082807,,,,
age_class,lstm,30s,60,test,0.5,30.0,1862,111670,0.6465030894600161,0.6194543095184053,0.5698613608981903,0.8220602362363656,0.6992481203007519,0.6793877183771171,0.6272363070558965,0.8615928743160465,0.6960257787325457,0.6820662207365199,0.6267818195009799,0.8615928743160465,,,,
age_class,lstm,30s,8,test,0.5,4.0,1862,14896,0.6431928034371643,0.6117349600072859,0.564840812946492,0.8179370739228288,0.6906552094522019,0.667565330028359,0.6145381834542224,0.8544316971751679,0.6616541353383458,0.6505405833192061,0.591356972730669,0.8544316971751679,,,,
age_class,lstm,30s,80,test,0.5,40.0,1862,148870,0.6461745146772352,0.6182301608650501,0.5686934246255557,0.8220502481979928,0.7003222341568206,0.6809331532714803,0.6278356333980625,0.8620548025730518,0.6911922663802363,0.6821339771010919,0.6224778812294186,0.8620548025730518,,,,
age_class,lstm,30s,all,test,0.5,,1862,2080220,0.6647719952697311,0.623979828946625,0.5722619078178179,0.83330690268612,0.700859291084855,0.6802869989526568,0.6279477823640894,0.8623606494470021,0.69656283566058,0.6809096991452822,0.6254939748274532,0.8623606494470021,,,,
age_class,lstm,10m,1,test,10.0,10.0,1862,1862,0.6396348012889366,0.605088612706266,0.5591258631512869,0.8159034582661241,0.6396348012889366,0.605088612706266,0.5591258631512869,0.8159034582661241,0.6396348012889366,0.605088612706266,0.5591258631512869,0.8159034582661241,,,,
age_class,lstm,10m,10,test,10.0,100.0,1862,18603,0.6537117669193141,0.6145674456844171,0.5767145672801556,0.8250495382066815,0.7040816326530612,0.6698581423125055,0.6330849810742925,0.8672501819834076,0.6879699248120301,0.6690178399490428,0.6221066560074442,0.8672501819834076,,,,
age_class,lstm,10m,100,test,10.0,1000.0,1862,103524,0.67472276959932,0.6231143944240524,0.5834126443779031,0.8380609803329345,0.709452201933405,0.6773688804618625,0.6410637630374262,0.8720758101591345,0.709452201933405,0.6787890895245369,0.6411708415026215,0.8720758101591345,,,,
age_class,lstm,10m,12,test,10.0,120.0,1862,22323,0.6566321730950141,0.6163811084277299,0.5791798988285944,0.826822748188146,0.7116004296455424,0.6797690193761258,0.6410838009989512,0.8694435644247839,0.7013963480128894,0.6830277027520056,0.6366095222309065,0.8694435644247839,,,,
age_class,lstm,10m,16,test,10.0,160.0,1862,29760,0.6563844086021505,0.6161817192869202,0.579463093206931,0.8274796287095484,0.7110633727175081,0.6800517718975129,0.640943846082186,0.8706768551303439,0.6981740064446831,0.6735121854472496,0.6297720911281179,0.8706768551303439,,,,
age_class,lstm,10m,2,test,10.0,20.0,1862,3723,0.6312113886650551,0.5970883469860001,0.5571717743423906,0.8111015991600868,0.6611170784103115,0.6363380126372479,0.592946949695562,0.8375712234254444,0.5784103114930182,0.6273007674848453,0.5345430088076611,0.8375712234254444,,,,
age_class,lstm,10m,20,test,10.0,200.0,1862,37196,0.6572749758038499,0.6164094617390615,0.5792691527525569,0.8271375690979822,0.7078410311493019,0.6749772453828289,0.6373483581223213,0.8703972218802636,0.6987110633727175,0.6678425276251202,0.627818674444805,0.8703972218802636,,,,
age_class,lstm,10m,25,test,10.0,250.0,1862,46491,0.6585360607429395,0.6177199751296067,0.5805467093614437,0.8279425082730709,0.7132116004296455,0.6845267780285038,0.6471064345997327,0.8717367277619396,0.7073039742212675,0.6836316122119462,0.6408754492263583,0.8717367277619396,,,,
age_class,lstm,10m,3,test,10.0,30.0,1862,5583,0.646247537166398,0.6110382079615203,0.5710472698714929,0.8202119953743076,0.6868958109559613,0.6596084834260251,0.617465811458021,0.8553069201341991,0.6595059076262084,0.6379491465166919,0.5837846098304068,0.8553069201341991,,,,
age_class,lstm,10m,30,test,10.0,300.0,1862,55778,0.6593280504858546,0.6197776385049691,0.5821231603761792,0.8282631181083971,0.7105263157894737,0.6794607553490494,0.6424867533805252,0.8731717041605318,0.7089151450053706,0.6838762346334325,0.6420336059497415,0.8731717041605318,,,,
age_class,lstm,10m,4,test,10.0,40.0,1862,7443,0.6457073760580411,0.6070613142112343,0.568827650642744,0.8194283081530348,0.6917293233082706,0.6604505688517134,0.6199013352870785,0.8571092579627676,0.6595059076262084,0.6664147748376453,0.6021562152779713,0.8571092579627676,,,,
age_class,lstm,10m,40,test,10.0,400.0,1862,74265,0.6582239278260285,0.6178749762501751,0.5805394305537911,0.8275405760536986,0.7126745435016112,0.6842270178366573,0.6461013638829673,0.8717202405871181,0.7073039742212675,0.6782447069112041,0.6396212717729245,0.8717202405871181,,,,
age_class,lstm,10m,5,test,10.0,50.0,1862,9303,0.6511877888853058,0.6126472045663992,0.5738341006256679,0.821878245339755,0.6954887218045113,0.6631314029078728,0.6223344747890173,0.8608486123987934,0.6809881847475833,0.6607521121057854,0.6103950287260343,0.8608486123987934,,,,
age_class,lstm,10m,50,test,10.0,500.0,1862,91170,0.659295820993748,0.6181599059260506,0.5801678808346143,0.828300509999647,0.7121374865735768,0.680360035924589,0.6432510238435308,0.8720612071391779,0.7062298603651987,0.6782276992407447,0.6392442567953127,0.8720612071391779,,,,
age_class,lstm,10m,6,test,10.0,60.0,1862,11163,0.6518856938099077,0.6147307288229268,0.5764789039170478,0.82559989291197,0.7051557465091299,0.6797391187941891,0.6383100696623728,0.865399751525135,0.673469387755102,0.6642724255736111,0.6101962986158135,0.865399751525135,,,,
age_class,lstm,10m,60,test,10.0,600.0,1862,99382,0.6669920106256666,0.6204540712542829,0.5814442100863321,0.8328727123830322,0.709452201933405,0.6770776241052457,0.6408803255878807,0.8719259376204086,0.7089151450053706,0.6779068166194566,0.640244533599646,0.8719259376204086,,,,
age_class,lstm,10m,8,test,10.0,80.0,1862,14883,0.6550426661291406,0.6186244635737498,0.5793753762380801,0.8254944892527133,0.6981740064446831,0.6738034418038664,0.6325670473889503,0.8674362430050456,0.6804511278195489,0.6726102988576881,0.6187224080267558,0.8674362430050456,,,,
age_class,lstm,10m,80,test,10.0,800.0,1862,103410,0.674373851658447,0.6229717601668291,0.583293037197972,0.8378405199008573,0.709452201933405,0.6773688804618625,0.6410637630374262,0.8720770648482657,0.709452201933405,0.6787890895245369,0.6411708415026215,0.8720770648482657,,,,
age_class,lstm,10m,all,test,10.0,,1862,103533,0.6747510455603527,0.6231258967755205,0.5834222226994724,0.8380802900121008,0.709452201933405,0.6773688804618625,0.6410637630374262,0.8720758101591345,0.709452201933405,0.6787890895245369,0.6411708415026215,0.8720758101591345,,,,
age_class,lstm,40m,1,test,40.0,40.0,1862,1862,0.6788399570354458,0.6186796616241667,0.6096902051660242,0.8432841179026571,0.6788399570354458,0.6186796616241667,0.6096902051660242,0.8432841179026571,0.6788399570354458,0.6186796616241667,0.6096902051660242,0.8432841179026571,,,,
age_class,lstm,40m,10,test,40.0,400.0,1862,18555,0.6895176502290488,0.6275053765507913,0.6125561911381036,0.8485678570216258,0.7207303974221267,0.6651062814813352,0.653990154136567,0.8884489635327624,0.7024704618689581,0.65524176403558,0.6385987750234169,0.8884489635327624,,,,
age_class,lstm,40m,12,test,40.0,480.0,1862,21918,0.6912127018888585,0.628527447477687,0.613068244979326,0.8493322244334441,0.7250268528464017,0.6695431575124252,0.6582884991210055,0.8898015477571127,0.7116004296455424,0.6644874217304263,0.6473030663425686,0.8898015477571127,,,,
age_class,lstm,40m,16,test,40.0,640.0,1862,24805,0.7010280185446482,0.6308686095199957,0.6138524879740573,0.855637079366934,0.7212674543501612,0.666862323456266,0.6559207838480017,0.8896718451734821,0.7137486573576799,0.663029082567851,0.6471323507929981,0.8896718451734821,,,,
age_class,lstm,40m,2,test,40.0,80.0,1862,3722,0.6722192369693714,0.613833596722392,0.6016826265136909,0.8383684288072962,0.700859291084855,0.6464064163905663,0.637668620515784,0.8626376034323678,0.6396348012889366,0.6618087822123906,0.6039067013291132,0.8626376034323678,,,,
age_class,lstm,40m,20,test,40.0,800.0,1862,25248,0.7045706590621039,0.6323341287643379,0.6148868607955403,0.8580130741714901,0.7207303974221267,0.6662713069078026,0.6554525608926793,0.889674986948498,0.7142857142857143,0.6633288427596975,0.6474839335917032,0.889674986948498,,,,
age_class,lstm,40m,25,test,40.0,1000.0,1862,25270,0.7048278591214879,0.6324528556294479,0.6149803504294232,0.858157351823552,0.7207303974221267,0.6662713069078026,0.6554525608926793,0.8896783245509544,0.7142857142857143,0.6633288427596975,0.6474839335917032,0.8896783245509544,,,,
age_class,lstm,40m,3,test,40.0,120.0,1862,5582,0.6861340021497672,0.6233927163003704,0.6107353099573198,0.8441814188836809,0.7201933404940923,0.6588371032755127,0.6482907326226472,0.8787735490897323,0.7003222341568206,0.6353689183176451,0.6184059249271208,0.8787735490897323,,,,
age_class,lstm,40m,4,test,40.0,160.0,1862,7441,0.6837790619540385,0.6228841957468408,0.6080729020069261,0.8456215700510471,0.7169709989258861,0.6585308966279276,0.6492796616374862,0.8817788470552066,0.6879699248120301,0.6656750783312951,0.6352807486889626,0.8817788470552066,,,,
age_class,lstm,40m,5,test,40.0,200.0,1862,9300,0.6861290322580645,0.6232406858971657,0.6094769387430623,0.8456381221918079,0.7250268528464017,0.664156252211683,0.6550202918463671,0.8832919369813396,0.7132116004296455,0.656432575285002,0.6426956555949048,0.8832919369813396,,,,
age_class,lstm,40m,6,test,40.0,240.0,1862,11159,0.6857245272873913,0.6234712332369786,0.6084458620675891,0.8476138816213572,0.7266380236305048,0.6686948999482638,0.6573252910315159,0.8869060596252302,0.7083780880773362,0.6739730384532456,0.6508272443530011,0.8869060596252302,,,,
age_class,lstm,40m,8,test,40.0,320.0,1862,14873,0.6913870772540845,0.6292922119260007,0.6148373471096736,0.8485336823658679,0.7255639097744361,0.6721729685572063,0.6613058488137489,0.888962832807163,0.7148227712137487,0.6718919990980448,0.6515449929190975,0.888962832807163,,,,
age_class,lstm,40m,all,test,40.0,,1862,25271,0.70483953939298,0.6324582444232739,0.6149845931544937,0.8581648574766242,0.7207303974221267,0.6662713069078026,0.6554525608926793,0.8896783245509544,0.7142857142857143,0.6633288427596975,0.6474839335917032,0.8896783245509544,,,,
age_class,lstm,80m,1,test,80.0,80.0,1862,1862,0.6928034371643395,0.6535215204637937,0.6389828725530511,0.8595040905595471,0.6928034371643395,0.6535215204637937,0.6389828725530511,0.8595040905595471,0.6928034371643395,0.6535215204637937,0.6389828725530511,0.8595040905595471,,,,
age_class,lstm,80m,10,test,80.0,800.0,1862,12063,0.7059603746994944,0.6515325975710183,0.6303035016309141,0.8688029327315386,0.7137486573576799,0.6691454660568046,0.6556756612982433,0.8837739236169678,0.6954887218045113,0.6643765975551749,0.6422211239573271,0.8837739236169678,,,,
age_class,lstm,80m,12,test,80.0,960.0,1862,12070,0.7061309030654516,0.6516178173355123,0.6303685412604109,0.8688975819548576,0.7137486573576799,0.6691454660568046,0.6556756612982433,0.8837726132794724,0.6954887218045113,0.6643765975551749,0.6422211239573271,0.8837726132794724,,,,
age_class,lstm,80m,2,test,80.0,160.0,1862,3721,0.6920182746573502,0.6532502505174549,0.6375362208151133,0.8583000516023196,0.7046186895810956,0.663211846445973,0.6497060868199965,0.8760433862516245,0.6546723952738991,0.6763545237934566,0.6229962828427187,0.8760433862516245,,,,
age_class,lstm,80m,3,test,80.0,240.0,1862,5580,0.6896057347670251,0.6465238539972832,0.6295314419107892,0.8584801491292682,0.7175080558539205,0.6724448855466072,0.659233843100365,0.88031735828478,0.6992481203007519,0.660868902681561,0.6412093071998656,0.88031735828478,,,,
age_class,lstm,80m,4,test,80.0,320.0,1862,7437,0.6918112141992739,0.6512287700737965,0.6322622642912085,0.8605145903804446,0.715359828141783,0.6759780919259102,0.6615423932891249,0.8844183580583778,0.6847475832438239,0.6775268186274591,0.6431461103116209,0.8844183580583778,,,,
age_class,lstm,80m,5,test,80.0,400.0,1862,9270,0.6898597626752967,0.6462368478835129,0.6278656589124869,0.8589020648732278,0.7142857142857143,0.6682441281017738,0.6553309550995,0.8832795853324201,0.7078410311493019,0.660824600443187,0.6460014981724386,0.8832795853324201,,,,
age_class,lstm,80m,6,test,80.0,480.0,1862,10856,0.6910464259395726,0.6452864069724394,0.6262108850963908,0.8597332058760024,0.7158968850698174,0.6706357631808074,0.6568563675250888,0.8839251353404108,0.6970998925886144,0.6661496472005649,0.6439192309520091,0.8839251353404108,,,,
age_class,lstm,80m,8,test,80.0,640.0,1862,11924,0.7031197584703119,0.6502844290209734,0.6292106908007206,0.8670906568420568,0.7137486573576799,0.6691454660568046,0.6556756612982433,0.8838446235913072,0.6949516648764769,0.6640768373633282,0.6418673938245625,0.8838446235913072,,,,
age_class,lstm,80m,all,test,80.0,,1862,12071,0.7061552481153177,0.6516299786740299,0.6303778215855805,0.8689124133976168,0.7137486573576799,0.6691454660568046,0.6556756612982433,0.8837726132794724,0.6954887218045113,0.6643765975551749,0.6422211239573271,0.8837726132794724,,,,
age_class,lstm,120m,1,test,120.0,120.0,1862,1862,0.7261009667024705,0.6546673436816779,0.6487426156624417,0.8679857628280702,0.7261009667024705,0.6546673436816779,0.6487426156624417,0.8679857628280702,0.7261009667024705,0.6546673436816779,0.6487426156624417,0.8679857628280702,,,,
age_class,lstm,120m,2,test,120.0,240.0,1862,3721,0.7248051599032518,0.6549086885136416,0.647759307075925,0.8675421336149092,0.7443609022556391,0.6739602827004011,0.6666789159682799,0.8848192769042854,0.706766917293233,0.6970209007810909,0.6527815122976247,0.8848192769042854,,,,
age_class,lstm,120m,3,test,120.0,360.0,1862,5570,0.7263913824057451,0.6508737030116877,0.6444292216725778,0.8698267683472193,0.7551020408163265,0.6855254300334611,0.6793346590875761,0.8910533621850165,0.7454350161117078,0.6696832650557659,0.6637800653266043,0.8910533621850165,,,,
age_class,lstm,120m,4,test,120.0,480.0,1862,7156,0.7273616545556176,0.6467511659755535,0.6393142124300976,0.8709832649102619,0.7465091299677766,0.6712286999501291,0.6652491868837852,0.8923262617967357,0.7416756176154672,0.6814904287962903,0.6680472588078105,0.8923262617967357,,,,
age_class,lstm,120m,5,test,120.0,600.0,1862,7708,0.7374156720290607,0.6497035169965312,0.6416278404159529,0.8769615473102425,0.7481203007518797,0.6732930059521359,0.6676352772401813,0.8928199818543403,0.7454350161117078,0.6841712628524497,0.6721003679191485,0.8928199818543403,,,,
age_class,lstm,120m,6,test,120.0,720.0,1862,7824,0.74079754601227,0.6510359646134831,0.6428823568466988,0.8790696723560988,0.7481203007518797,0.6732930059521359,0.6676352772401813,0.8928585173353443,0.7459720730397422,0.6859633775477901,0.6735469453425033,0.8928585173353443,,,,
age_class,lstm,120m,8,test,120.0,960.0,1862,7835,0.7411614550095724,0.6511701205264847,0.6429967451723578,0.8792640215812199,0.7481203007518797,0.6732930059521359,0.6676352772401813,0.8928515103192479,0.7459720730397422,0.6859633775477901,0.6735469453425033,0.8928515103192479,,,,
age_class,lstm,120m,all,test,120.0,,1862,7835,0.7411614550095724,0.6511701205264847,0.6429967451723578,0.8792640215812199,0.7481203007518797,0.6732930059521359,0.6676352772401813,0.8928515103192479,0.7459720730397422,0.6859633775477901,0.6735469453425033,0.8928515103192479,,,,
age_class,lstm,240m,1,test,240.0,240.0,1862,1862,0.7352309344790547,0.6530309726138102,0.6494230120520044,0.8718506396667444,0.7352309344790547,0.6530309726138102,0.6494230120520044,0.8718506396667444,0.7352309344790547,0.6530309726138102,0.6494230120520044,0.8718506396667444,,,,
age_class,lstm,240m,2,test,240.0,480.0,1862,3448,0.7334686774941995,0.6468044995928147,0.6404349906350425,0.8671908380016339,0.7395273899033298,0.6564497886934104,0.6539252428790515,0.8793062214516657,0.7185821697099892,0.6790111493509379,0.6509521173537142,0.8793062214516657,,,,
age_class,lstm,240m,3,test,240.0,720.0,1862,3564,0.7410213243546577,0.6490991281677797,0.6426212006362342,0.8725425365995411,0.7400644468313641,0.6567495488852569,0.6542757587010571,0.8798222406002721,0.719656283566058,0.679610669734631,0.651664754422952,0.8798222406002721,,,,
age_class,lstm,240m,4,test,240.0,960.0,1862,3566,0.7411665731912507,0.6491563088138713,0.6426690692439389,0.872640819599806,0.7400644468313641,0.6567495488852569,0.6542757587010571,0.8798222406002721,0.719656283566058,0.679610669734631,0.651664754422952,0.8798222406002721,,,,
age_class,lstm,240m,all,test,240.0,,1862,3566,0.7411665731912507,0.6491563088138713,0.6426690692439389,0.872640819599806,0.7400644468313641,0.6567495488852569,0.6542757587010571,0.8798222406002721,0.719656283566058,0.679610669734631,0.651664754422952,0.8798222406002721,,,,
age_class,transformer,30s,1,test,0.5,0.5,1862,1862,0.6305048335123523,0.5689445012281183,0.5426194222989138,0.7991651534382908,0.6305048335123523,0.5689445012281183,0.5426194222989138,0.7991651534382908,0.6305048335123523,0.5689445012281183,0.5426194222989138,0.7991651534382908,,,,
age_class,transformer,30s,10,test,0.5,5.0,1862,18620,0.6251879699248121,0.6162133779592661,0.5590769370307839,0.8154562732877254,0.6761546723952739,0.6728335245324675,0.6171691788884881,0.8492718117284307,0.6557465091299678,0.6729071787182471,0.6016326138475553,0.8492718117284307,,,,
age_class,transformer,30s,100,test,0.5,50.0,1862,186070,0.6291718170580964,0.6216382185523224,0.5610791761682631,0.8188122166608091,0.6874328678839957,0.6812033557779721,0.6248067470292923,0.8539623243720146,0.6852846401718582,0.6898682838218102,0.6259918553941498,0.8539623243720146,,,,
age_class,transformer,30s,12,test,0.5,6.0,1862,22344,0.6289831722162549,0.6187526243018397,0.561259545585148,0.8170417854096191,0.6804511278195489,0.6731206661301021,0.6189882731918483,0.850985264278655,0.6638023630504833,0.6758751543720413,0.6073032070554745,0.850985264278655,,,,
age_class,transformer,30s,120,test,0.5,60.0,1862,223270,0.628987324763739,0.6219635629328534,0.5612552811401951,0.8191729150603569,0.6842105263157895,0.6793687219064831,0.6232969883305071,0.8542051380294772,0.6766917293233082,0.6815048990320441,0.6180330691744941,0.8542051380294772,,,,
age_class,transformer,30s,16,test,0.5,8.0,1862,29792,0.6271817937701396,0.6183231220445743,0.5598063576051683,0.8174309336753627,0.6793770139634802,0.6767790983410937,0.6196141443113931,0.8519455201809835,0.6659505907626209,0.6726332043493551,0.6076271798645209,0.8519455201809835,,,,
age_class,transformer,30s,160,test,0.5,80.0,1862,297670,0.6292471528874257,0.6212168360809093,0.5612885773135704,0.8189419986947115,0.6842105263157895,0.6779124401233988,0.6222526095231697,0.8542980294085272,0.6842105263157895,0.6937097542281893,0.6278592375164532,0.8542980294085272,,,,
age_class,transformer,30s,2,test,0.5,1.0,1862,3724,0.6039205155746509,0.5758383684267411,0.5342725015465297,0.7911043409089774,0.6450053705692803,0.6038309366233849,0.5715070188700371,0.81791437639185,0.5488721804511278,0.6009499881220625,0.5113075057725457,0.81791437639185,,,,
age_class,transformer,30s,20,test,0.5,10.0,1862,37240,0.6307196562835661,0.6230516341902456,0.5634427999500711,0.8195051386042764,0.692266380236305,0.6847388938540314,0.6296807999135009,0.8549412088355908,0.6723952738990333,0.6782330484274214,0.6141958433884026,0.8549412088355908,,,,
age_class,transformer,30s,200,test,0.5,100.0,1862,372070,0.6287123390759803,0.6217098443192022,0.5608722939867025,0.8188501838738057,0.6874328678839957,0.6823683812044393,0.6263374100975575,0.8540428049733925,0.686358754027927,0.6883568642683656,0.6261705304601393,0.8540428049733925,,,,
age_class,transformer,30s,25,test,0.5,12.5,1862,46550,0.629624060150376,0.6216527560381345,0.5622354360856259,0.8178777874389883,0.6879699248120301,0.6791009196760642,0.6247042265202839,0.8528582940936352,0.6766917293233082,0.6806311299621935,0.6180335844141852,0.8528582940936352,,,,
age_class,transformer,30s,250,test,0.5,125.0,1862,465070,0.62912249768852,0.6218244779041103,0.5611692885752918,0.8188093349811032,0.6831364124597207,0.6752019798025684,0.6210769400654895,0.8538789217918294,0.6804511278195489,0.6853868312350806,0.6214596861774607,0.8538789217918294,,,,
age_class,transformer,30s,3,test,0.5,1.5,1862,5586,0.6172574292875045,0.5956461095136703,0.5467609267216865,0.8037597479693743,0.6718582169709989,0.6465938436622013,0.6045394219928809,0.8372503823670078,0.6283566058002148,0.6268598024805961,0.5600637341386684,0.8372503823670078,,,,
age_class,transformer,30s,30,test,0.5,15.0,1862,55860,0.6278016469745793,0.6200499129408438,0.5602700263182218,0.8182688709691468,0.6804511278195489,0.6752316060672396,0.6195624989053811,0.8534143732800487,0.6713211600429646,0.6815641515613864,0.6135990374449958,0.8534143732800487,,,,
age_class,transformer,30s,320,test,0.5,160.0,1862,595220,0.629029602499916,0.6214483136222482,0.5607918815023463,0.8189330453650828,0.6895810955961332,0.6841499346850591,0.6288094917512748,0.8541731888958881,0.6831364124597207,0.6865583031172866,0.6241759326498452,0.8541731888958881,,,,
age_class,transformer,30s,4,test,0.5,2.0,1862,7448,0.6207035445757251,0.6033422575597723,0.553401097385435,0.8068080404260588,0.6670247046186896,0.6513938471734623,0.6039516306329858,0.8401718485786877,0.6321160042964554,0.6516734450462965,0.5816612339344124,0.8401718485786877,,,,
age_class,transformer,30s,40,test,0.5,20.0,1862,74470,0.6299852289512555,0.6223090542628468,0.5625118757350572,0.8190971234874516,0.686358754027927,0.6832612153242402,0.6265192690257272,0.8540751600780303,0.6788399570354458,0.6841962943029242,0.6202650141058604,0.8540751600780303,,,,
age_class,transformer,30s,400,test,0.5,200.0,1862,743940,0.6288558217060516,0.621310254585666,0.5605643546214223,0.8190238800389452,0.6874328678839957,0.6811672830575621,0.6259456492943601,0.8542818925129194,0.6825993555316864,0.6848022611423558,0.6224426053493891,0.8542818925129194,,,,
age_class,transformer,30s,5,test,0.5,2.5,1862,9310,0.621374865735768,0.6076532596846339,0.5536960420680126,0.8103012686173484,0.6654135338345865,0.6510770793111564,0.6016886644043874,0.8431567717340553,0.6374865735767992,0.6431316854546562,0.5778655663856674,0.8431567717340553,,,,
age_class,transformer,30s,50,test,0.5,25.0,1862,93070,0.62779628236811,0.6209470177765383,0.5605727688132766,0.8185455451475027,0.6852846401718582,0.682952951297164,0.6256813664915871,0.8534238417420125,0.6729323308270677,0.6833372012067764,0.6159207706158897,0.8534238417420125,,,,
age_class,transformer,30s,500,test,0.5,250.0,1862,929840,0.6292738535662049,0.6217212540516922,0.5609111899146516,0.8189338323241614,0.6842105263157895,0.6796960509835097,0.6236536198714716,0.8542779100122758,0.6836734693877551,0.6868941360295429,0.6235353584499693,0.8542779100122758,,,,
age_class,transformer,30s,6,test,0.5,3.0,1862,11172,0.6245972073039742,0.6108749239455381,0.5565393611870886,0.8149012704545666,0.6766917293233082,0.6660349140042804,0.6137190096825447,0.8484521530759633,0.6337271750805585,0.6526809437830655,0.5797187280133361,0.8484521530759633,,,,
age_class,transformer,30s,60,test,0.5,30.0,1862,111670,0.6292200232828871,0.6220583770709333,0.5616637334961263,0.8190248227443752,0.6815252416756176,0.678488506380894,0.6215578610754182,0.8539084967084619,0.6729323308270677,0.6761666850459234,0.6129394261809565,0.8539084967084619,,,,
age_class,transformer,30s,8,test,0.5,4.0,1862,14896,0.6254699248120301,0.6152251328655676,0.5586843535236478,0.8156848962752283,0.6707841031149302,0.6650676027469034,0.6112503598887772,0.8503644836369383,0.6498388829215896,0.6704835856777859,0.5977265476204745,0.8503644836369383,,,,
age_class,transformer,30s,80,test,0.5,40.0,1862,148870,0.6289715859474709,0.6214350470553599,0.5613157998602326,0.8188238629795856,0.6847475832438239,0.6802870675319731,0.623872631627784,0.8540301148174514,0.6729323308270677,0.6737284160317594,0.6124520760101194,0.8540301148174514,,,,
age_class,transformer,30s,all,test,0.5,,1862,2080220,0.6470882887386911,0.6288551247268881,0.5648955925658258,0.8301699988017051,0.6885069817400644,0.6814755470846384,0.6263315630787641,0.8542383195753631,0.6847475832438239,0.6868750709795926,0.6242731051187783,0.8542383195753631,,,,
age_class,transformer,10m,1,test,10.0,10.0,1862,1862,0.6423200859291085,0.6358519910221445,0.5693674999853872,0.825499291904848,0.6423200859291085,0.6358519910221445,0.5693674999853872,0.825499291904848,0.6423200859291085,0.6358519910221445,0.5693674999853872,0.825499291904848,,,,
age_class,transformer,10m,10,test,10.0,100.0,1862,18603,0.6447347202064183,0.6385470508620984,0.5767015141207539,0.8320910346093512,0.6885069817400644,0.6858417178405526,0.623313126376508,0.8647461147915726,0.6740064446831364,0.6876121614719205,0.6158893027350164,0.8647461147915726,,,,
age_class,transformer,10m,100,test,10.0,1000.0,1862,103524,0.664039256597504,0.6459679957938159,0.5819726695573896,0.8438530002550922,0.6933404940923737,0.6855548505601833,0.6261139812228184,0.8669726106185717,0.6847475832438239,0.686983289140822,0.6232122542270339,0.8669726106185717,,,,
age_class,transformer,10m,12,test,10.0,120.0,1862,22323,0.6480759754513282,0.6419434532341793,0.5802375598659003,0.8336317172679548,0.692266380236305,0.6885946973375314,0.6255634037521611,0.8659977377593763,0.6788399570354458,0.6899826741215126,0.6193890541118857,0.8659977377593763,,,,
age_class,transformer,10m,16,test,10.0,160.0,1862,29760,0.6455645161290322,0.6397401678564641,0.5779258640294533,0.8330939798414191,0.6944146079484426,0.6900489217411246,0.628539123848665,0.8654256862589603,0.6713211600429646,0.6843297496525772,0.6140597870442557,0.8654256862589603,,,,
age_class,transformer,10m,2,test,10.0,20.0,1862,3723,0.6255707762557078,0.6261916973274624,0.5626522386651441,0.8138443798481113,0.667561761546724,0.6695631140934885,0.6057036531379145,0.8393890433187012,0.5644468313641245,0.6339562529797713,0.5254295196988977,0.8393890433187012,,,,
age_class,transformer,10m,20,test,10.0,200.0,1862,37196,0.6468706312506721,0.6398670490135339,0.5782278027084182,0.8342350138796989,0.6895810955961332,0.685567469154395,0.6248777169656319,0.8669975433860794,0.6766917293233082,0.6884923769975098,0.6182633258278245,0.8669975433860794,,,,
age_class,transformer,10m,25,test,10.0,250.0,1862,46491,0.6481254436342518,0.6409421380157676,0.5793544021448377,0.8343688402911497,0.7013963480128894,0.6956933423748305,0.6355246291162194,0.867318106432004,0.6847475832438239,0.6902953272248364,0.624218983481458,0.867318106432004,,,,
age_class,transformer,10m,3,test,10.0,30.0,1862,5583,0.6380082392978685,0.6359612176082404,0.5722627976690052,0.823534534249224,0.6825993555316864,0.6869105264861549,0.618492337749624,0.8540107656878533,0.6578947368421053,0.6746499848851187,0.5948298645987974,0.8540107656878533,,,,
age_class,transformer,10m,30,test,10.0,300.0,1862,55778,0.6475133565204919,0.6406080229628816,0.5792314990600914,0.8342110125680273,0.6906552094522019,0.6861669895380881,0.6253063820252031,0.8673423454799781,0.6847475832438239,0.6896406690707831,0.6250584020200178,0.8673423454799781,,,,
age_class,transformer,10m,4,test,10.0,40.0,1862,7443,0.6375117560123607,0.6356487737573163,0.5722986407113702,0.8254043158023198,0.6836734693877551,0.6873296832677989,0.6220967157050755,0.8575191982254634,0.6390977443609023,0.671220676170114,0.5879759103997187,0.8575191982254634,,,,
age_class,transformer,10m,40,test,10.0,400.0,1862,74265,0.6480576314549249,0.6406967059053618,0.579333993415262,0.8341161800238925,0.69656283566058,0.6867708989980287,0.6280465834480125,0.8669012704051431,0.6868958109559613,0.6911670389151959,0.6266170276474697,0.8669012704051431,,,,
age_class,transformer,10m,5,test,10.0,50.0,1862,9303,0.6415134902719553,0.635710949462693,0.5740427485865333,0.8278404724903631,0.6852846401718582,0.6820404349135654,0.619391816621392,0.8592579004756259,0.6680988184747583,0.6814383085158503,0.6072932146727695,0.8592579004756259,,,,
age_class,transformer,10m,50,test,10.0,500.0,1862,91170,0.6488647581441264,0.6404785437954533,0.5786018789068165,0.8347400385443021,0.6933404940923737,0.6864286196300338,0.6270391114593751,0.8671396327319186,0.6825993555316864,0.6849104793035853,0.6210225479294907,0.8671396327319186,,,,
age_class,transformer,10m,6,test,10.0,60.0,1862,11163,0.6417629669443697,0.6373664315966935,0.5747984236257112,0.8311656171727405,0.6911922663802363,0.6912350695970334,0.6274246199960514,0.8633459569565088,0.6584317937701396,0.680483615852685,0.602043352982225,0.8633459569565088,,,,
age_class,transformer,10m,60,test,10.0,600.0,1862,99382,0.6561147893984827,0.6429883304730697,0.5798028752166906,0.838967348920019,0.6928034371643395,0.6852550903683369,0.6257572921420812,0.8669039641708304,0.6842105263157895,0.6866835289489753,0.6228549873851971,0.8669039641708304,,,,
age_class,transformer,10m,8,test,10.0,80.0,1862,14883,0.6447624806826581,0.637796463154035,0.5765882666352233,0.8310876981535412,0.6906552094522019,0.6786691443002084,0.6224346323273696,0.8637804890787218,0.6680988184747583,0.6816213467112378,0.6100371787033744,0.8637804890787218,,,,
age_class,transformer,10m,80,test,10.0,800.0,1862,103410,0.6637559230248525,0.6458589145929694,0.5819056730678154,0.8436749329491892,0.6933404940923737,0.6855548505601833,0.6261139812228184,0.8669814678128293,0.6847475832438239,0.686983289140822,0.6232122542270339,0.8669814678128293,,,,
age_class,transformer,10m,all,test,10.0,,1862,103533,0.6640684612635585,0.645980571861867,0.5819827629601102,0.8438717029283239,0.6933404940923737,0.6855548505601833,0.6261139812228184,0.8669726106185717,0.6847475832438239,0.686983289140822,0.6232122542270339,0.8669726106185717,,,,
age_class,transformer,40m,1,test,40.0,40.0,1862,1862,0.673469387755102,0.5987450945215002,0.568274682920548,0.840973832846316,0.673469387755102,0.5987450945215002,0.568274682920548,0.840973832846316,0.673469387755102,0.5987450945215002,0.568274682920548,0.840973832846316,,,,
age_class,transformer,40m,10,test,40.0,400.0,1862,18555,0.6900026946914578,0.641448245284976,0.60011131834117,0.8523921673681633,0.7261009667024705,0.6706035994814306,0.6332862544250136,0.8770262219619663,0.7191192266380236,0.6851253383017677,0.6357105532166636,0.8770262219619663,,,,
age_class,transformer,40m,12,test,40.0,480.0,1862,21918,0.6910302034857195,0.6406986353781378,0.5994712456624299,0.853075983533318,0.7277121374865736,0.6712116237003535,0.6347263073618038,0.8774600682671635,0.7228786251342643,0.6815454979873342,0.6366194474247976,0.8774600682671635,,,,
age_class,transformer,40m,16,test,40.0,640.0,1862,24805,0.7020358798629308,0.6417322179368483,0.6006860774708426,0.8592519350688561,0.7287862513426423,0.6709013022937862,0.6349506242708308,0.8778444862974712,0.7250268528464017,0.6842368932582144,0.6395559619624643,0.8778444862974712,,,,
age_class,transformer,40m,2,test,40.0,80.0,1862,3722,0.6663084363245567,0.6037622001306372,0.5715671401119478,0.8370978176596715,0.6949516648764769,0.6272622944883627,0.5949638383778969,0.8562675687239918,0.6530612244897959,0.6521493855018936,0.5846634515851161,0.8562675687239918,,,,
age_class,transformer,40m,20,test,40.0,800.0,1862,25248,0.7057588719898605,0.6426546953099219,0.6016430369772264,0.861654305650592,0.7287862513426423,0.6709013022937862,0.6349506242708308,0.8779464372361088,0.7255639097744361,0.6848279098066777,0.640396691830012,0.8779464372361088,,,,
age_class,transformer,40m,25,test,40.0,1000.0,1862,25270,0.706015037593985,0.6427289403213537,0.601717402958109,0.8618071753326415,0.7287862513426423,0.6709013022937862,0.6349506242708308,0.8779542992610807,0.7255639097744361,0.6848279098066777,0.640396691830012,0.8779542992610807,,,,
age_class,transformer,40m,3,test,40.0,120.0,1862,5582,0.6814761734145468,0.6254381828792029,0.5890594063114781,0.8471071884826573,0.7244897959183674,0.667701597129983,0.6321182301226822,0.8710205541948914,0.6949516648764769,0.6465907575929648,0.5964775411874609,0.8710205541948914,,,,
age_class,transformer,40m,4,test,40.0,160.0,1862,7441,0.6773283160865475,0.6244284495322995,0.5857410349013988,0.84660749895255,0.7180451127819549,0.6626481930447407,0.6244187474405076,0.8704485269601436,0.7030075187969925,0.6790450961125404,0.6287460706463194,0.8704485269601436,,,,
age_class,transformer,40m,5,test,40.0,200.0,1862,9300,0.6873118279569892,0.6344518649650123,0.5961628092527642,0.850832051608364,0.7309344790547798,0.6765774065716542,0.6394292381844552,0.8753329875611771,0.7148227712137487,0.671443078893097,0.6264279626483537,0.8753329875611771,,,,
age_class,transformer,40m,6,test,40.0,240.0,1862,11159,0.6866206649341339,0.6343887223766508,0.5947611967313565,0.8513487801648988,0.7212674543501612,0.6682330868318386,0.6286326681941755,0.8756876320323442,0.7110633727175081,0.6773890427808748,0.6258838174100728,0.8756876320323442,,,,
age_class,transformer,40m,8,test,40.0,320.0,1862,14873,0.6901095945673368,0.6417870920993654,0.6005081740141393,0.8518738350418236,0.7303974221267454,0.6786437699531521,0.6406972761689743,0.8766621903507951,0.7175080558539205,0.6889943775933268,0.636863559937166,0.8766621903507951,,,,
age_class,transformer,40m,all,test,40.0,,1862,25271,0.7060266708875786,0.6427323101657345,0.6017207782949506,0.861814708435014,0.7287862513426423,0.6709013022937862,0.6349506242708308,0.8779542992610807,0.7255639097744361,0.6848279098066777,0.640396691830012,0.8779542992610807,,,,
age_class,transformer,80m,1,test,80.0,80.0,1862,1862,0.7003222341568206,0.6590969503052329,0.6383796676328667,0.8636876188413063,0.7003222341568206,0.6590969503052329,0.6383796676328667,0.8636876188413063,0.7003222341568206,0.6590969503052329,0.6383796676328667,0.8636876188413063,,,,
age_class,transformer,80m,10,test,80.0,800.0,1862,12063,0.7241979607062919,0.6846491127961859,0.6489466669689784,0.8803159392714708,0.7448979591836735,0.7220541343178031,0.6904090368657299,0.8921929264380725,0.7261009667024705,0.7161117365544764,0.6755254859102622,0.8921929264380725,,,,
age_class,transformer,80m,12,test,80.0,960.0,1862,12070,0.7243579121789561,0.6847214777239152,0.6490016952993202,0.8804059728397736,0.7448979591836735,0.7220541343178031,0.6904090368657299,0.8921950917844433,0.7261009667024705,0.7161117365544764,0.6755254859102622,0.8921950917844433,,,,
age_class,transformer,80m,2,test,80.0,160.0,1862,3721,0.6965869389948939,0.6684360002051983,0.6376628354461095,0.8627875075848613,0.7158968850698174,0.6911239025252002,0.6605093101010849,0.8790524498096742,0.6573576799140709,0.6863304826283105,0.6185740837214927,0.8790524498096742,,,,
age_class,transformer,80m,3,test,80.0,240.0,1862,5580,0.7016129032258065,0.6735849987909766,0.6416786064062104,0.8680410400118058,0.7277121374865736,0.7048169974658571,0.6736017147570775,0.8866299376437624,0.7191192266380236,0.7003842361937492,0.6626327516264645,0.8866299376437624,,,,
age_class,transformer,80m,4,test,80.0,320.0,1862,7437,0.709694769396262,0.6809016780598453,0.648793731249871,0.871689574183654,0.7406015037593985,0.7223495054334022,0.6901836139140823,0.89186223157239,0.7121374865735768,0.711011424216838,0.6644612454644584,0.89186223157239,,,,
age_class,transformer,80m,5,test,80.0,400.0,1862,9270,0.7076591154261057,0.6787631380955128,0.6459955896345652,0.8704381643102872,0.7379162191192267,0.7131698210409022,0.6818786540571318,0.8901555936539705,0.7293233082706767,0.7104485251880858,0.6753383600671422,0.8901555936539705,,,,
age_class,transformer,80m,6,test,80.0,480.0,1862,10856,0.7109432571849669,0.6798053552739419,0.6466789326704586,0.8723362662326406,0.7438238453276047,0.7208721012208764,0.6885015639159286,0.8922225066773543,0.7250268528464017,0.7155122161707833,0.6736736433965026,0.8922225066773543,,,,
age_class,transformer,80m,8,test,80.0,640.0,1862,11924,0.7214860784971486,0.6835324138328014,0.6480239198947625,0.8787603892087246,0.7443609022556391,0.7214631177693397,0.6895962761375923,0.8921700099747185,0.7261009667024705,0.7161117365544764,0.6755254859102622,0.8921700099747185,,,,
age_class,transformer,80m,all,test,80.0,,1862,12071,0.7243807472454643,0.6847318046051045,0.6490095473775868,0.8804196058802901,0.7448979591836735,0.7220541343178031,0.6904090368657299,0.8921950917844433,0.7261009667024705,0.7161117365544764,0.6755254859102622,0.8921950917844433,,,,
age_class,transformer,120m,1,test,120.0,120.0,1862,1862,0.709452201933405,0.6492332558112741,0.6368659508194391,0.8639398702009328,0.709452201933405,0.6492332558112741,0.6368659508194391,0.8639398702009328,0.709452201933405,0.6492332558112741,0.6368659508194391,0.8639398702009328,,,,
age_class,transformer,120m,2,test,120.0,240.0,1862,3721,0.7156678312281645,0.6645401115537254,0.6461405784274407,0.8665356975688326,0.7303974221267454,0.6833118954390365,0.6674775534197702,0.879287195509964,0.6938775510204082,0.693138694260789,0.6442285258504978,0.879287195509964,,,,
age_class,transformer,120m,3,test,120.0,360.0,1862,5570,0.7190305206463196,0.6696781631665937,0.6491570583813973,0.8691601176846989,0.7352309344790547,0.68928570252926,0.6702336276360786,0.8837412000927373,0.742749731471536,0.6955211397114293,0.6757052425285633,0.8837412000927373,,,,
age_class,transformer,120m,4,test,120.0,480.0,1862,7156,0.7224706539966461,0.6713538888543135,0.649947427121946,0.8702357764728355,0.7411385606874329,0.695276517289943,0.6757790234545028,0.885140020793575,0.7250268528464017,0.6925083131847302,0.6630176713015491,0.885140020793575,,,,
age_class,transformer,120m,5,test,120.0,600.0,1862,7708,0.7324857291126102,0.6746925784835701,0.6524565905970586,0.8760366164596242,0.7416756176154672,0.6961587901950231,0.6761111479635938,0.8859559132642141,0.7298603651987111,0.6949148985547321,0.6663531229237082,0.8859559132642141,,,,
age_class,transformer,120m,6,test,120.0,720.0,1862,7824,0.7359406952965235,0.6760862898992914,0.6537556636481621,0.8782040741517148,0.7416756176154672,0.6961587901950231,0.6761111479635938,0.8860697311172426,0.7293233082706767,0.6946151383628857,0.6659976925910139,0.8860697311172426,,,,
age_class,transformer,120m,8,test,120.0,960.0,1862,7835,0.7363114231014678,0.676242058962834,0.6538792214783874,0.87843866234526,0.7416756176154672,0.6961587901950231,0.6761111479635938,0.8860719521119774,0.7293233082706767,0.6946151383628857,0.6659976925910139,0.8860719521119774,,,,
age_class,transformer,120m,all,test,120.0,,1862,7835,0.7363114231014678,0.676242058962834,0.6538792214783874,0.87843866234526,0.7416756176154672,0.6961587901950231,0.6761111479635938,0.8860719521119774,0.7293233082706767,0.6946151383628857,0.6659976925910139,0.8860719521119774,,,,
age_class,transformer,240m,1,test,240.0,240.0,1862,1862,0.7298603651987111,0.6101032008984438,0.6223203232560769,0.8712378068724655,0.7298603651987111,0.6101032008984438,0.6223203232560769,0.8712378068724655,0.7298603651987111,0.6101032008984438,0.6223203232560769,0.8712378068724655,,,,
age_class,transformer,240m,2,test,240.0,480.0,1862,3448,0.7372389791183295,0.6136422705126128,0.6239057901616353,0.8721944887138989,0.7438238453276047,0.6233586912213537,0.634635472054827,0.877344584013997,0.7309344790547798,0.6327273116304485,0.6330048620001111,0.877344584013997,,,,
age_class,transformer,240m,3,test,240.0,720.0,1862,3564,0.744668911335578,0.6160478248207948,0.626185257246152,0.8769008268400625,0.7443609022556391,0.6239497077698171,0.6351328908498496,0.877464376016596,0.7309344790547798,0.6312349571269545,0.6318559207434128,0.877464376016596,,,,
age_class,transformer,240m,4,test,240.0,960.0,1862,3566,0.7448121144139092,0.6160968565342307,0.6262309476119875,0.8769946326996089,0.7443609022556391,0.6239497077698171,0.6351328908498496,0.8774635210077205,0.7309344790547798,0.6312349571269545,0.6318559207434128,0.8774635210077205,,,,
age_class,transformer,240m,all,test,240.0,,1862,3566,0.7448121144139092,0.6160968565342307,0.6262309476119875,0.8769946326996089,0.7443609022556391,0.6239497077698171,0.6351328908498496,0.8774635210077205,0.7309344790547798,0.6312349571269545,0.6318559207434128,0.8774635210077205,,,,
bmi_binary,lstm,30s,1,test,0.5,0.5,1856,1856,0.6697198275862069,0.6281876038841746,0.6233854750267716,0.675811663459015,0.6697198275862069,0.6281876038841746,0.6233854750267716,0.675811663459015,0.6697198275862069,0.6281876038841746,0.6233854750267716,0.675811663459015,0.6476440221384339,0.7015091523474144,0.6021199031424955,0.6516922925633946
bmi_binary,lstm,30s,10,test,0.5,5.0,1856,18560,0.6956357758620689,0.6406105108914355,0.6409200757268625,0.6981749600866066,0.7510775862068966,0.6804085381856355,0.6892262550232824,0.7535799033330418,0.7429956896551724,0.6603151517802467,0.6704092744299811,0.7535799033330418,0.7288924431310296,0.7775127110029518,0.6565859402070673,0.702686317263845
bmi_binary,lstm,30s,100,test,0.5,50.0,1856,185600,0.7000808189655172,0.6448612872889511,0.6454602559806235,0.7029095531750283,0.7526939655172413,0.683049383256058,0.691798194790296,0.7597391413699589,0.7473060344827587,0.6732624004898959,0.6824068753272292,0.7597391413699589,0.7350267904658727,0.7830022880944625,0.6622890040982841,0.7036875068362851
bmi_binary,lstm,30s,12,test,0.5,6.0,1856,22272,0.6977819683908046,0.6422142456186394,0.6427856017595346,0.6996317095280012,0.7435344827586207,0.6725133409150555,0.6805738748119866,0.7574058481322719,0.7429956896551724,0.6617914005773773,0.6716824073775334,0.7574058481322719,0.7332526001831772,0.7816346362870086,0.6501711345840137,0.6954895113694783
bmi_binary,lstm,30s,120,test,0.5,60.0,1856,222720,0.6995599856321839,0.6443195404309917,0.6448960481686727,0.7034336112253988,0.75,0.6811083894672383,0.6893652140288911,0.7602694974192984,0.7462284482758621,0.6744543347038754,0.6829818367757693,0.7602694974192984,0.7356932794211176,0.7836646521582017,0.658676552732729,0.7026208493170704
bmi_binary,lstm,30s,16,test,0.5,8.0,1856,29696,0.6996901939655172,0.6431380401977079,0.6440814744414198,0.7013419922772026,0.7489224137931034,0.6759032455603184,0.6850158785653934,0.756382042253521,0.7483836206896551,0.6686258857492783,0.6789768171240611,0.756382042253521,0.73134360034889,0.7801874843733503,0.6550191839561383,0.6978848621304865
bmi_binary,lstm,30s,160,test,0.5,80.0,1856,296960,0.7000235721982758,0.6445131044418686,0.6451899669506436,0.703236913947168,0.7489224137931034,0.6783636602222027,0.6869109416968933,0.7602927346688828,0.7478448275862069,0.6746347651124136,0.6836640153832707,0.7602927346688828,0.7355336374383491,0.7837419193578095,0.6555631586073368,0.7000322084287552
bmi_binary,lstm,30s,2,test,0.5,1.0,1856,3712,0.671875,0.6120254133496632,0.6124061152037561,0.661875635607121,0.7047413793103449,0.6371817863703964,0.6410123915894752,0.6858501552795031,0.7203663793103449,0.6031679205668795,0.6075855772838431,0.6858501552795031,0.658410718779939,0.7119901149236417,0.6140849621636124,0.660563653146306
bmi_binary,lstm,30s,20,test,0.5,10.0,1856,37120,0.6978178879310345,0.6417398412212405,0.6424522704268343,0.7006704322401802,0.7467672413793104,0.6758266993263932,0.6842234819689696,0.758786414136996,0.7478448275862069,0.6702060187210217,0.6801202023996288,0.758786414136996,0.7345781821049359,0.7823346044083765,0.653989539337581,0.6969088432838738
bmi_binary,lstm,30s,200,test,0.5,100.0,1856,371200,0.70015625,0.6448147581139008,0.6454518894196826,0.7037825978629932,0.7516163793103449,0.6812888198757764,0.6900848194024429,0.7611839515352987,0.7462284482758621,0.6744543347038754,0.6829818367757693,0.7611839515352987,0.7363544651278354,0.7845280265025947,0.6583840059388724,0.7034901862532982
bmi_binary,lstm,30s,25,test,0.5,12.5,1856,46400,0.6988146551724138,0.6441901408450704,0.6445539506435797,0.7013906755751903,0.7489224137931034,0.6793478260869565,0.687656280922135,0.7586674940950048,0.7467672413793104,0.6773029481235238,0.6853483848999544,0.7586674940950048,0.7329645534116637,0.7824445134357175,0.658606350800879,0.7007543192873498
bmi_binary,lstm,30s,250,test,0.5,125.0,1856,464000,0.7000301724137931,0.6449241973580615,0.6454886265883988,0.7032533840105851,0.7505387931034483,0.681988671157379,0.6902178282068152,0.7602558284489547,0.7478448275862069,0.6756189309771674,0.6844308035714286,0.7602558284489547,0.7358513768916897,0.7837231031910172,0.6594305291041974,0.7035721220609348
bmi_binary,lstm,30s,3,test,0.5,1.5,1856,5568,0.6848060344827587,0.6300356486746567,0.6297565852177176,0.6793784293927818,0.7311422413793104,0.6581718572303386,0.6653387087623903,0.7239223383780947,0.709051724137931,0.6397952935001312,0.6442768552801944,0.7239223383780947,0.6982411486440193,0.7481303827308222,0.6355621567727716,0.6804086816802244
bmi_binary,lstm,30s,30,test,0.5,15.0,1856,55680,0.7001975574712643,0.6454555229930307,0.6459265251410542,0.7033456771729409,0.7462284482758621,0.675930583501006,0.6841172982506729,0.7610704990814453,0.7473060344827587,0.6742465663546496,0.6831808862639677,0.7610704990814453,0.7363267469118938,0.7835348551803413,0.653363832941442,0.6971919321172332
bmi_binary,lstm,30s,320,test,0.5,160.0,1856,593920,0.7000134698275862,0.6447979999562593,0.6453921653097257,0.7034249020415377,0.7510775862068966,0.6809006211180124,0.6895984014248169,0.760274965007436,0.7489224137931034,0.6783636602222027,0.6869109416968933,0.760274965007436,0.7353227300121693,0.783925958465355,0.6592805603729834,0.7027103162390644
bmi_binary,lstm,30s,4,test,0.5,2.0,1856,7424,0.689520474137931,0.6327352703175575,0.6332039003723087,0.6884895480218266,0.7419181034482759,0.673317076371271,0.6806399386155522,0.7375489349138308,0.7327586206896551,0.6317798092905258,0.6410858624846582,0.7375489349138308,0.7124717501165455,0.7613226773131931,0.6520887927883612,0.694495044048288
bmi_binary,lstm,30s,40,test,0.5,20.0,1856,74240,0.6987742456896552,0.6441388822062811,0.6445036115119789,0.7030815027734341,0.7510775862068966,0.6813927040503893,0.689968760846928,0.7604895678418335,0.7446120689655172,0.671321406701076,0.6799976720331153,0.7604895678418335,0.7361185449928762,0.7837383260846755,0.6587906448613041,0.7033358983921629
bmi_binary,lstm,30s,400,test,0.5,200.0,1856,742400,0.7003071120689656,0.6451202869390255,0.6457224469122436,0.7034675642381805,0.7510775862068966,0.6809006211180124,0.6895984014248169,0.7605784161490684,0.7473060344827587,0.6752307322194033,0.6839474615810542,0.7605784161490684,0.7360469460717216,0.7840296207502527,0.6594731807540735,0.7023517679540575
bmi_binary,lstm,30s,5,test,0.5,2.5,1856,9280,0.6952586206896552,0.6416673956784184,0.6415556307304464,0.6921821144256846,0.7376077586206896,0.6697194033767825,0.6764359383093603,0.7467413174700377,0.7295258620689655,0.6624201732131922,0.6681856968046234,0.7467413174700377,0.7230563556723697,0.7702018266450628,0.6480679751487314,0.6920920121755244
bmi_binary,lstm,30s,50,test,0.5,25.0,1856,92800,0.7010560344827587,0.6456967894322456,0.6463883423231318,0.7032554722355875,0.7494612068965517,0.6782597760475899,0.6870202847149315,0.7606604299711311,0.75,0.6756954772110927,0.6852135338763611,0.7606604299711311,0.736435269171602,0.7848122714419363,0.6567288966481003,0.6999853444781321
bmi_binary,lstm,30s,500,test,0.5,250.0,1856,928000,0.7002823275862069,0.6452092117924941,0.6457781360307455,0.7037062769224041,0.7516163793103449,0.6817809028081533,0.6904552675344804,0.7606658975592686,0.7483836206896551,0.677483378532062,0.6860512161842534,0.7606658975592686,0.7360013633415615,0.784482156077561,0.6595758511500005,0.7031952746231903
bmi_binary,lstm,30s,6,test,0.5,3.0,1856,11136,0.6968390804597702,0.639279517685825,0.6403312059743358,0.6996062273398848,0.7446120689655172,0.6698451579039454,0.6788242715951307,0.7552331652961246,0.7332974137931034,0.6405334178986966,0.6501061998064523,0.7552331652961246,0.7316488404020544,0.7784045509965208,0.6472882439184752,0.6917350181851263
bmi_binary,lstm,30s,60,test,0.5,30.0,1856,111360,0.6994073275862069,0.6444678943224564,0.6449519618009651,0.7032277050360739,0.7478448275862069,0.6775872627066748,0.6859423811176675,0.7603679140057737,0.7435344827586207,0.6685766774560405,0.6774690997453212,0.7603679140057737,0.7356238833044414,0.7836386598822891,0.6554484910452817,0.6994184945819605
bmi_binary,lstm,30s,8,test,0.5,4.0,1856,14848,0.6968615301724138,0.6406694241536174,0.6413611696571272,0.6955672874714318,0.7386853448275862,0.6660670545009185,0.673950406529685,0.7510156044965445,0.7376077586206896,0.6534806666083457,0.6630620884833298,0.7510156044965445,0.7258071925191438,0.775023088789183,0.6441126944933798,0.6880709998133979
bmi_binary,lstm,30s,80,test,0.5,40.0,1856,148480,0.6997440732758621,0.6437612085556819,0.6445529095671716,0.7026801979292535,0.7494612068965517,0.6787518589799668,0.6873957505903165,0.7598402917505032,0.7456896551724138,0.6735740530137346,0.6821175135240269,0.7598402917505032,0.7348531323609379,0.7833028380804699,0.655823543215293,0.7014107520997168
bmi_binary,lstm,30s,all,test,0.5,,1856,2077920,0.7032041657041657,0.643393750345338,0.6446631757638299,0.702209425490982,0.7516163793103449,0.6817809028081533,0.6904552675344804,0.7604130216079084,0.7489224137931034,0.6788557431545796,0.6872845076940877,0.7604130216079084,0.7357869089741167,0.7840391779327694,0.659799103035638,0.7034170043662212
bmi_binary,lstm,10m,1,test,10.0,10.0,1856,1856,0.6007543103448276,0.626722290263319,0.5879641932562308,0.6775325868252996,0.6007543103448276,0.626722290263319,0.5879641932562308,0.6775325868252996,0.6007543103448276,0.626722290263319,0.5879641932562308,0.6775325868252996,0.6478578212499516,0.7039578070875212,0.6023318270073891,0.6514613507502126
bmi_binary,lstm,10m,10,test,10.0,100.0,1856,18560,0.6295797413793104,0.646802007698364,0.6130773910624777,0.7050059049951886,0.6767241379310345,0.6922841396203308,0.6589238459276683,0.7615844523663721,0.6875,0.6867618756014346,0.6632561002924237,0.7615844523663721,0.7384917247441972,0.7845527776506674,0.6708956238681442,0.7129959495410837
bmi_binary,lstm,10m,100,test,10.0,1000.0,1856,103418,0.6306155601539384,0.6462809687748927,0.6124042266905598,0.7049701175442293,0.6783405172413793,0.6944329017583764,0.6607172438542757,0.7623403464263845,0.6751077586206896,0.6881670457527775,0.6564067754149441,0.7623403464263845,0.7393432063911163,0.7855110917371118,0.6726614972820271,0.7160425227372315
bmi_binary,lstm,10m,12,test,10.0,120.0,1856,22272,0.6298042385057471,0.6462584383110255,0.6130152650164677,0.7020245861871106,0.6799568965517241,0.696089580964045,0.6623346074683917,0.7571393032105677,0.6869612068965517,0.6883420085731782,0.6636102588738823,0.7571393032105677,0.7331411660406264,0.780325481003507,0.6751001590260789,0.7162725598568818
bmi_binary,lstm,10m,16,test,10.0,160.0,1856,29696,0.628838900862069,0.6454809017146357,0.6121386102703448,0.7044021757284535,0.6761853448275862,0.6928801067273205,0.658795873576667,0.7610089887148981,0.6918103448275862,0.6962645437844458,0.6697196559413827,0.7610089887148981,0.7371822842726151,0.7839122744340545,0.6710701576749403,0.7141703447768304
bmi_binary,lstm,10m,2,test,10.0,20.0,1856,3712,0.5988685344827587,0.60887881637652,0.5802889258798496,0.6578099712404865,0.6336206896551724,0.6464657510279066,0.6153977425095687,0.6899932201907094,0.6681034482758621,0.6009426121949085,0.602500504133898,0.6899932201907094,0.6607611239715604,0.7168966142763724,0.6216147872776923,0.6684138314770881
bmi_binary,lstm,10m,20,test,10.0,200.0,1856,37120,0.6307650862068965,0.6472623786195433,0.6139728615306954,0.7064258854758989,0.6724137931034483,0.6911468812877264,0.6557796302442263,0.7628912059312395,0.6853448275862069,0.6911140757589012,0.6637843860543775,0.7628912059312395,0.7390978410182804,0.7855658420191912,0.6695268130206392,0.7114393025225859
bmi_binary,lstm,10m,25,test,10.0,250.0,1856,46400,0.6302155172413794,0.6468664158866241,0.6134908113864723,0.7049677554457178,0.6707974137931034,0.688013953284927,0.6536474773583631,0.7604143885049428,0.6772629310344828,0.691196089580964,0.6588669750458349,0.7604143885049428,0.7367655916496371,0.7835252987902088,0.6654384757439675,0.7093344070523253
bmi_binary,lstm,10m,3,test,10.0,30.0,1856,5568,0.6138649425287356,0.627803050185169,0.5964712538353298,0.6795404066913558,0.6519396551724138,0.6719665821013034,0.6360333581042028,0.7279273466888286,0.640625,0.6593856617968681,0.6244659884344386,0.7279273466888286,0.702276847048823,0.7522307804743374,0.6492777309032518,0.693660918237869
bmi_binary,lstm,10m,30,test,10.0,300.0,1856,55673,0.6302875720726384,0.6476539728495998,0.6138333738963905,0.7055589994943388,0.6724137931034483,0.6901627154229726,0.655434883505059,0.7612673322543959,0.6783405172413793,0.6895120724346077,0.6589082856111168,0.7612673322543959,0.7380309228579882,0.7846837797307009,0.6680217979575249,0.7124019201765687
bmi_binary,lstm,10m,4,test,10.0,40.0,1856,7424,0.6216325431034483,0.6381973908669407,0.6050550415999596,0.6930808270137128,0.6664870689655172,0.6868766949523226,0.6504960106500297,0.7471021782871139,0.6885775862068966,0.6693312046190185,0.6556409416870501,0.7471021782871139,0.7224029926950327,0.7701176366325405,0.6653814782964275,0.7074740038508205
bmi_binary,lstm,10m,40,test,10.0,400.0,1856,74104,0.6315313613300226,0.6481221447621737,0.6147708907418736,0.7059301415884952,0.6756465517241379,0.6919998250371796,0.658140411512158,0.7613425115912869,0.6767241379310345,0.687363310296562,0.6571006281561769,0.7613425115912869,0.737708286207733,0.7845525932961209,0.669829036604813,0.7137358679702294
bmi_binary,lstm,10m,5,test,10.0,50.0,1856,9280,0.6206896551724138,0.6357711486309159,0.6035786656352256,0.6915592467850581,0.6616379310344828,0.6819066573353163,0.6456701626386989,0.7450559334266467,0.6627155172413793,0.6782543084594523,0.6450548980551974,0.7450559334266467,0.7201845444436927,0.7685584124769088,0.6597838206846548,0.7043747710337506
bmi_binary,lstm,10m,50,test,10.0,500.0,1856,90998,0.6310907932042462,0.647838017913188,0.6141635859916184,0.7065915275407879,0.6729525862068966,0.688582582451229,0.6552123262621672,0.7619111407575891,0.6767241379310345,0.6893316420260696,0.6578423420101762,0.7619111407575891,0.738696721478777,0.785008509184745,0.6661624863359978,0.7106024498494603
bmi_binary,lstm,10m,6,test,10.0,60.0,1856,11136,0.623742816091954,0.6386926632257311,0.6065170180370991,0.6955295138888888,0.6643318965517241,0.6808951535298748,0.647022801959207,0.7508871161753128,0.6912715517241379,0.6830821887848832,0.663748448751492,0.7508871161753128,0.7267385818659946,0.7736762223146945,0.6569882182343407,0.7022736188104192
bmi_binary,lstm,10m,60,test,10.0,600.0,1856,99177,0.6310233219395626,0.6472674446821204,0.6133197138192297,0.7061180178708946,0.677801724137931,0.6935526200682355,0.6600607664412428,0.7628816376519989,0.6756465517241379,0.6880631615781646,0.6567018164835434,0.7628816376519989,0.7398454692293883,0.7859918395575726,0.6722587026080711,0.7146257434208054
bmi_binary,lstm,10m,8,test,10.0,80.0,1856,14848,0.6237203663793104,0.639025047021258,0.606628549706685,0.6960085282414596,0.6567887931034483,0.6769366197183099,0.6408493083686857,0.7506151036654711,0.6842672413793104,0.6790197707987053,0.6580404585384871,0.7506151036654711,0.7258286978875645,0.7735746500929578,0.6533617405954786,0.6976879621322466
bmi_binary,lstm,10m,80,test,10.0,800.0,1856,103259,0.6307149982083886,0.6463364432787868,0.6125487173121895,0.7049544987133007,0.6783405172413793,0.6944329017583764,0.6607172438542757,0.7622761022657686,0.6751077586206896,0.6881670457527775,0.6564067754149441,0.7622761022657686,0.7392796742056889,0.7854829666381549,0.6726614972820271,0.7160425227372315
bmi_binary,lstm,10m,all,test,10.0,,1856,103428,0.6306029315079089,0.6462735767804102,0.6123861464727065,0.7049692487911031,0.6783405172413793,0.6944329017583764,0.6607172438542757,0.7623362457352814,0.6751077586206896,0.6881670457527775,0.6564067754149441,0.7623362457352814,0.7393418926564582,0.7855094278086315,0.6726614972820271,0.7160425227372315
bmi_binary,lstm,40m,1,test,40.0,40.0,1856,1856,0.6670258620689655,0.6405170151342839,0.6298770697052462,0.692799459802292,0.6670258620689655,0.6405170151342839,0.6298770697052462,0.692799459802292,0.6670258620689655,0.6405170151342839,0.6298770697052462,0.692799459802292,0.6650324508596948,0.7183350526064043,0.6161850376217372,0.6630693477248623
bmi_binary,lstm,40m,10,test,40.0,400.0,1856,18514,0.6973641568542724,0.6482034168228978,0.6468682191925805,0.7103469620858065,0.7397629310344828,0.6816059399877525,0.6858288868445263,0.7541047917942437,0.7338362068965517,0.6635574315457966,0.6704464908307993,0.7541047917942437,0.729911101256337,0.7769460332279023,0.6588884554356369,0.703179768770985
bmi_binary,lstm,40m,12,test,40.0,480.0,1856,21875,0.69984,0.6507264744819111,0.6493739131735599,0.7124004669996108,0.7408405172413793,0.6828744204356574,0.6871298024269505,0.7551436335403726,0.7306034482758621,0.6617203219315896,0.6679904117920648,0.7551436335403726,0.7303903001739654,0.7778645265865198,0.6615907948962405,0.705397323967409
bmi_binary,lstm,40m,16,test,40.0,640.0,1856,24772,0.7027288874535766,0.650270299770152,0.6494171585740967,0.7114821590711093,0.740301724137931,0.6824862216778935,0.6866481348637016,0.7558202475723907,0.7327586206896551,0.6677018633540373,0.6732617041092156,0.7558202475723907,0.7308042885552753,0.7783111954534252,0.6601825752419843,0.7062747217256184
bmi_binary,lstm,40m,2,test,40.0,80.0,1856,3712,0.6686422413793104,0.6227364185110664,0.6193311882693816,0.6786814637826962,0.7036637931034483,0.6511678768261744,0.6511678768261744,0.70971891129385,0.7117456896551724,0.6018775697664246,0.6067570805388398,0.70971891129385,0.685408985215566,0.735332722123223,0.6280390848669102,0.6742522371041425
bmi_binary,lstm,40m,20,test,40.0,800.0,1856,25227,0.7031355293931105,0.649999903821332,0.64935130623731,0.7112896332160142,0.7397629310344828,0.6816059399877525,0.6858288868445263,0.7560676559356138,0.7316810344827587,0.6669254658385093,0.6723122019289267,0.7560676559356138,0.7308751386943403,0.7787447128346262,0.6586782811256702,0.7056314057843509
bmi_binary,lstm,40m,25,test,40.0,1000.0,1856,25259,0.7032344906765905,0.649962417919874,0.6493079480925544,0.7111759589866483,0.7397629310344828,0.6816059399877525,0.6858288868445263,0.7560047786720322,0.7316810344827587,0.6669254658385093,0.6723122019289267,0.7560047786720322,0.7308417280396029,0.7786332134385302,0.6586782811256702,0.7056314057843509
bmi_binary,lstm,40m,3,test,40.0,120.0,1856,5568,0.6849856321839081,0.6370542093138541,0.6348037104046409,0.6971048817056931,0.7316810344827587,0.6728304610270317,0.6765939579703146,0.7383349007085995,0.71875,0.6595770273816814,0.6624481041554304,0.7383349007085995,0.7144534487168426,0.7630090562871661,0.6500773157645747,0.6942477183958915
bmi_binary,lstm,40m,4,test,40.0,160.0,1856,7424,0.6904633620689655,0.643379297524276,0.6410709078614789,0.7010500503018109,0.734375,0.677231869477736,0.6806940220511131,0.7450108258245123,0.734375,0.6521356399265156,0.6611040060860003,0.7450108258245123,0.7207334805616885,0.7689180029815362,0.6546599589900434,0.6996442903800029
bmi_binary,lstm,40m,5,test,40.0,200.0,1856,9280,0.693426724137931,0.6453667658122649,0.643494642096456,0.7054750787332692,0.734375,0.6718189572215905,0.6768636768636769,0.7490281362085558,0.7279094827586207,0.6666684891960459,0.6708072156327235,0.7490281362085558,0.724663424864307,0.7717168552024272,0.6492513643014746,0.6939579745300247
bmi_binary,lstm,40m,6,test,40.0,240.0,1856,11136,0.6953125,0.647201141632403,0.64542675425553,0.7065509185851826,0.7327586206896551,0.6706543609482984,0.6754347862876613,0.7497129516227801,0.7311422413793104,0.6532510279065699,0.6612602305632557,0.7497129516227801,0.7252183650641431,0.7730723358719314,0.6492754840613393,0.6918378425702523
bmi_binary,lstm,40m,8,test,40.0,320.0,1856,14843,0.6977699925890992,0.6487854907628117,0.6474219248831721,0.7115475495706544,0.7424568965517241,0.6825627679118187,0.6875566130366,0.7569862107427172,0.7354525862068966,0.6632457790219578,0.6707040200447567,0.7569862107427172,0.7322606209985006,0.7805715929661473,0.6597333636446547,0.7039582456747463
bmi_binary,lstm,40m,all,test,40.0,,1856,25261,0.7032183999049919,0.6499463063473304,0.6492861575947753,0.7111760192535326,0.7397629310344828,0.6816059399877525,0.6858288868445263,0.7560020448779635,0.7316810344827587,0.6669254658385093,0.6723122019289267,0.7560020448779635,0.7308361957832649,0.778633179594559,0.6586782811256702,0.7056314057843509
bmi_binary,lstm,80m,1,test,80.0,80.0,1856,1856,0.6955818965517241,0.655678637039629,0.6510543340852606,0.7024784577027383,0.6955818965517241,0.655678637039629,0.6510543340852606,0.7024784577027383,0.6955818965517241,0.655678637039629,0.6510543340852606,0.7024784577027383,0.6769252673340105,0.728153872311242,0.6328334952299656,0.6791797544716333
bmi_binary,lstm,80m,10,test,80.0,800.0,1856,12047,0.7135386403253922,0.6669971621938875,0.6646934046882775,0.7260711987490039,0.744073275862069,0.6876640276441257,0.6916955381532017,0.7664574402939376,0.7446120689655172,0.6816551482809903,0.6877541285237263,0.7664574402939376,0.7435602164957237,0.7875798594433777,0.6659682050521082,0.7106478637777438
bmi_binary,lstm,80m,12,test,80.0,960.0,1856,12059,0.7138237001409735,0.6671998193233896,0.6648924168208356,0.7260773854632351,0.744073275862069,0.6876640276441257,0.6916955381532017,0.7665859286151693,0.7446120689655172,0.6816551482809903,0.6877541285237263,0.7665859286151693,0.743724004036504,0.7875758999789685,0.6659682050521082,0.7106478637777438
bmi_binary,lstm,80m,2,test,80.0,160.0,1856,3712,0.6966594827586207,0.6579312833522877,0.6529003090894897,0.7090525489895898,0.7149784482758621,0.6607962995363486,0.6619658179982792,0.7408076174437932,0.7300646551724138,0.6347596448254746,0.6438925583848142,0.7408076174437932,0.7182076402214042,0.7630186396041981,0.6383771196174093,0.6843928719747577
bmi_binary,lstm,80m,3,test,80.0,240.0,1856,5568,0.7009698275862069,0.6605447904820225,0.656316364576643,0.7185121599160179,0.7311422413793104,0.6773630915930364,0.6795028983867246,0.7567579389379757,0.724676724137931,0.6786097016883912,0.6776348504701646,0.7567579389379757,0.7341905335404413,0.7784802001717701,0.656175442148078,0.700836244752641
bmi_binary,lstm,80m,4,test,80.0,320.0,1856,7420,0.7078167115902965,0.6656268467448045,0.6623812446486792,0.7210509072304847,0.7370689655172413,0.6836016096579477,0.6860813965740017,0.7604936685329368,0.7489224137931034,0.6759032455603184,0.6850158785653934,0.7604936685329368,0.7370311204184873,0.7823500789184926,0.6602114044365583,0.7062594688570419
bmi_binary,lstm,80m,5,test,80.0,400.0,1856,9248,0.7063148788927336,0.664766403201037,0.6612217902741494,0.7227855832699325,0.7316810344827587,0.6772592074184236,0.6796486383070754,0.7625412802904383,0.7316810344827587,0.6811958708774386,0.6822564587722145,0.7625412802904383,0.7397473619090488,0.7834460592950973,0.6547700294822251,0.700412737230358
bmi_binary,lstm,80m,6,test,80.0,480.0,1856,10834,0.7103562857670297,0.6667735292147945,0.6639503758542322,0.7253818919965938,0.7386853448275862,0.6823057912693553,0.6858754577987622,0.7648704728370223,0.7456896551724138,0.6775107164727496,0.6851229628990634,0.7648704728370223,0.7421180261303307,0.7864056356740742,0.6604258483792989,0.7042873177622208
bmi_binary,lstm,80m,8,test,80.0,640.0,1856,11896,0.7131809011432414,0.667043546441136,0.6645858157311166,0.7262953823221843,0.7424568965517241,0.6860073484384568,0.6899141570897296,0.7660624070510017,0.7446120689655172,0.6811630653486134,0.6874021959279395,0.7660624070510017,0.7430015414572638,0.786967737429467,0.6638127844162006,0.708043481945269
bmi_binary,lstm,80m,all,test,80.0,,1856,12060,0.7138474295190713,0.6672125970160767,0.6649048384333427,0.7260697756387633,0.744073275862069,0.6876640276441257,0.6916955381532017,0.7665859286151693,0.7446120689655172,0.6816551482809903,0.6877541285237263,0.7665859286151693,0.743724004036504,0.7875758999789685,0.6659682050521082,0.7106478637777438
bmi_binary,lstm,120m,1,test,120.0,120.0,1856,1856,0.712823275862069,0.6651484996938151,0.6640794706214534,0.7219266687078996,0.712823275862069,0.6651484996938151,0.6640794706214534,0.7219266687078996,0.712823275862069,0.6651484996938151,0.6640794706214534,0.7219266687078996,0.6957466320542774,0.7468270989151138,0.6407328370397067,0.6884719935997754
bmi_binary,lstm,120m,2,test,120.0,240.0,1856,3712,0.7136314655172413,0.6595797611757501,0.6606256808053425,0.7189512755883125,0.7279094827586207,0.6627318257370309,0.6678920635033121,0.7427868843495756,0.7392241379310345,0.6403748578427084,0.6507887637129818,0.7427868843495756,0.7178179485179134,0.7668230019424013,0.6404877420073498,0.6864053035018634
bmi_binary,lstm,120m,3,test,120.0,360.0,1856,5555,0.717011701170117,0.6606773358260534,0.6625874822995268,0.7229281503154162,0.7473060344827587,0.6816278103403027,0.688754397576296,0.751729124748491,0.740301724137931,0.6755970606246173,0.6817666979709154,0.751729124748491,0.7273940196100407,0.7752920709495538,0.6596884013354146,0.703472111666174
bmi_binary,lstm,120m,4,test,120.0,480.0,1856,7141,0.7210474723428091,0.6621318920144341,0.664810165620378,0.7223466044245285,0.7510775862068966,0.6843452016446505,0.6921539230384808,0.7518521454815852,0.7553879310344828,0.6746566354649637,0.6860977993944162,0.7518521454815852,0.7273849164174483,0.7753079242891505,0.6621743169079418,0.7076348373911429
bmi_binary,lstm,120m,5,test,120.0,600.0,1856,7691,0.7240930958262904,0.6626486270456282,0.6657601260519759,0.7245117457097182,0.7532327586206896,0.6863900796080833,0.6944625360334131,0.753340696352025,0.7537715517241379,0.6779207855830636,0.6882260290714879,0.753340696352025,0.7290157000941796,0.776485422607097,0.6646129855194443,0.7099120993357817
bmi_binary,lstm,120m,6,test,120.0,720.0,1856,7813,0.7244336362472802,0.6622329834143962,0.6655633554506535,0.7242829648559677,0.7521551724137931,0.6851215991601785,0.6931283112999346,0.7536947226839298,0.7510775862068966,0.6730272941999825,0.6834228515985545,0.7536947226839298,0.7292947534632316,0.7770573773571199,0.663633453905154,0.7085175918943099
bmi_binary,lstm,120m,8,test,120.0,960.0,1856,7829,0.7244858858091711,0.6621881215303018,0.665483664501241,0.7242392573751117,0.7521551724137931,0.6851215991601785,0.6931283112999346,0.7536769530224827,0.7510775862068966,0.6730272941999825,0.6834228515985545,0.7536769530224827,0.7293840220156098,0.7771421742263158,0.663633453905154,0.7085175918943099
bmi_binary,lstm,120m,all,test,120.0,,1856,7830,0.7245210727969349,0.6622046727824651,0.6655011145566059,0.7242066481407081,0.7521551724137931,0.6851215991601785,0.6931283112999346,0.7536482481847607,0.7510775862068966,0.6730272941999825,0.6834228515985545,0.7536482481847607,0.729382603250071,0.7771119583291833,0.663633453905154,0.7085175918943099
bmi_binary,lstm,240m,1,test,240.0,240.0,1856,1856,0.7068965517241379,0.6628466450879189,0.6602050486775222,0.7255680824074883,0.7068965517241379,0.6628466450879189,0.6602050486775222,0.7255680824074883,0.7068965517241379,0.6628466450879189,0.6602050486775222,0.7255680824074883,0.7012674523546281,0.7506873866717795,0.6398729336212577,0.6856391130452808
bmi_binary,lstm,240m,2,test,240.0,480.0,1856,3442,0.7155723416618245,0.664538036582037,0.6641350429659059,0.73142692484924,0.7289870689655172,0.6767944624267344,0.6782538538658593,0.7447934891960458,0.7295258620689655,0.6486418511066399,0.65688107180473,0.7447934891960458,0.7214236405129748,0.7679800992075463,0.6531992896394144,0.6993806210644135
bmi_binary,lstm,240m,3,test,240.0,720.0,1856,3564,0.7177328843995511,0.6662309351941118,0.6660562872863874,0.7331745803831329,0.7295258620689655,0.6776747441168751,0.6790564373897707,0.7472402348875864,0.7316810344827587,0.6546233925290876,0.6625622093974157,0.7472402348875864,0.7238657129560017,0.7704965822836441,0.6535922259340611,0.7009011668082826
bmi_binary,lstm,240m,4,test,240.0,960.0,1856,3567,0.7179702831511073,0.6663534548781324,0.6661785182963542,0.733335394509028,0.7295258620689655,0.6776747441168751,0.6790564373897707,0.7472621052401365,0.7316810344827587,0.6546233925290876,0.6625622093974157,0.7472621052401365,0.7238881018528167,0.7705486033600333,0.6535922259340611,0.7009011668082826
bmi_binary,lstm,240m,all,test,240.0,,1856,3567,0.7179702831511073,0.6663534548781324,0.6661785182963542,0.733335394509028,0.7295258620689655,0.6776747441168751,0.6790564373897707,0.7472621052401365,0.7316810344827587,0.6546233925290876,0.6625622093974157,0.7472621052401365,0.7238881018528167,0.7705486033600333,0.6535922259340611,0.7009011668082826
bmi_binary,transformer,30s,1,test,0.5,0.5,1856,1856,0.6745689655172413,0.6282368121774123,0.6251332570908824,0.6699340062111802,0.6745689655172413,0.6282368121774123,0.6251332570908824,0.6699340062111802,0.6745689655172413,0.6282368121774123,0.6251332570908824,0.6699340062111802,0.6436551431044113,0.697639918809625,0.60469865167509,0.651583621581173
bmi_binary,transformer,30s,10,test,0.5,5.0,1856,18560,0.6886314655172414,0.6418133802816901,0.6393472112378213,0.6977276088596799,0.728448275862069,0.6690250196833173,0.6726974996326077,0.7417822150293062,0.7381465517241379,0.6701076021345465,0.6769135547761502,0.7417822150293062,0.7169665766765942,0.768465820666461,0.6464441611840297,0.6925268941274365
bmi_binary,transformer,30s,100,test,0.5,50.0,1856,185600,0.6941056034482759,0.6429181611407576,0.6420471871036992,0.7019220578224783,0.7311422413793104,0.667521432945499,0.6725683584048285,0.7468807409675443,0.7311422413793104,0.6635847694864841,0.6696042109994702,0.7468807409675443,0.7225132099127074,0.7716998497378312,0.6449437177899189,0.6900638370503607
bmi_binary,transformer,30s,12,test,0.5,6.0,1856,22272,0.6892061781609196,0.6379627402093722,0.6368888388054952,0.6968175248274064,0.7295258620689655,0.666848919604584,0.6715085941863024,0.7418519267780597,0.7332974137931034,0.6607088181261482,0.6680213644035735,0.7418519267780597,0.7168282700966483,0.7667912029334042,0.6441884928637083,0.6893381141998807
bmi_binary,transformer,30s,120,test,0.5,60.0,1856,222720,0.694616558908046,0.6433002453124543,0.6424917077561068,0.7026276049640232,0.734375,0.6703427084244598,0.6757837372418474,0.7476762750415538,0.7359913793103449,0.6710152217653749,0.6768503713179121,0.7476762750415538,0.7233419854034329,0.7722247485445144,0.6484864384572693,0.6931562773827137
bmi_binary,transformer,30s,16,test,0.5,8.0,1856,29696,0.6883755387931034,0.640890861473187,0.6386289926651018,0.699350129628826,0.734375,0.6777239524101129,0.6810324002014883,0.7444627001137258,0.7359913793103449,0.670523138832998,0.6764848174393123,0.7444627001137258,0.7192037377423345,0.7699880528564668,0.6553543321235397,0.7002990053112033
bmi_binary,transformer,30s,160,test,0.5,80.0,1856,296960,0.6938240840517241,0.6430942311477561,0.6420722401862388,0.7015243640532906,0.7376077586206896,0.6766085644300586,0.6814991393268603,0.745679238474324,0.734375,0.6703427084244598,0.6757837372418474,0.745679238474324,0.7208463299649123,0.7703308422907302,0.6539296126295832,0.6990509314063302
bmi_binary,transformer,30s,2,test,0.5,1.0,1856,3712,0.6449353448275862,0.5960600559881025,0.5929996569242242,0.6418312866328405,0.6891163793103449,0.6357656810427784,0.6352935447101808,0.6684604912081183,0.7058189655172413,0.5956390517015134,0.5995827406353722,0.6684604912081183,0.6414420054280223,0.6971746372498152,0.6111255075871704,0.6609721451638285
bmi_binary,transformer,30s,20,test,0.5,10.0,1856,37120,0.6904364224137931,0.6391771826611845,0.6381617941467632,0.6992859039426778,0.7359913793103449,0.6729835534948823,0.678295259184843,0.7450381637651999,0.7311422413793104,0.6606322718922228,0.6673054892884354,0.7450381637651999,0.7201590446397089,0.7695723898875308,0.6513286771532752,0.6955081870994462
bmi_binary,transformer,30s,200,test,0.5,100.0,1856,371200,0.6945447198275863,0.6429146892222903,0.6421965807014468,0.7025765398095091,0.7354525862068966,0.6716111888723646,0.6770990161982697,0.7475928943224565,0.7359913793103449,0.6710152217653749,0.6768503713179121,0.7475928943224565,0.7236851572491655,0.7722717291784038,0.6493656994168762,0.6935375160774769
bmi_binary,transformer,30s,25,test,0.5,12.5,1856,46400,0.6925431034482759,0.6412461726883036,0.6403363277059283,0.7006874868777885,0.7376077586206896,0.6741481497681743,0.6797295741111149,0.7462629035080045,0.7327586206896551,0.6667176974892836,0.6725234070406101,0.7462629035080045,0.7218558986422423,0.771535731771103,0.6517809523320843,0.6970194167235422
bmi_binary,transformer,30s,250,test,0.5,125.0,1856,464000,0.6946724137931034,0.6433314670632491,0.6425329299235234,0.7024590610292187,0.7338362068965517,0.669462426734319,0.6749442324355217,0.7474493701338465,0.7327586206896551,0.6667176974892836,0.6725234070406101,0.7474493701338465,0.7231282086200593,0.772046591249502,0.6470636312909,0.6920670802700218
bmi_binary,transformer,30s,3,test,0.5,1.5,1856,5568,0.6684626436781609,0.6179322310675648,0.6158855420137894,0.6657054342966009,0.7192887931034483,0.6555364797480535,0.6596361782987511,0.7043059990377045,0.6993534482758621,0.6377285451841483,0.6399274047186932,0.7043059990377045,0.6777974432501587,0.730364882218908,0.6319764271826595,0.6786597573910862
bmi_binary,transformer,30s,30,test,0.5,15.0,1856,55680,0.6917564655172413,0.6391112982241274,0.6385602667782686,0.7005089314571,0.734375,0.6703427084244598,0.6757837372418474,0.7457530509141808,0.7354525862068966,0.666690359548596,0.6734004598146048,0.7457530509141808,0.7208190673373308,0.7715914660030261,0.6486870802448255,0.6929207284653919
bmi_binary,transformer,30s,320,test,0.5,160.0,1856,593920,0.6943275188577587,0.642917200895591,0.6421233405557265,0.7020149333541051,0.7359913793103449,0.6724914705625055,0.6779366185611405,0.7465909587962557,0.7332974137931034,0.6680900621118012,0.6737369077665403,0.7465909587962557,0.7222402080179993,0.7711307102525163,0.6499361273859878,0.6946794563368768
bmi_binary,transformer,30s,4,test,0.5,2.0,1856,7424,0.671875,0.628879253783571,0.6246226167975222,0.6819137481136821,0.7203663793103449,0.665662452978742,0.6673415859278815,0.7243433426646837,0.7182112068965517,0.6360609308022045,0.6431995912568668,0.7243433426646837,0.6989923729037089,0.7498300985098127,0.6410677993214272,0.6884661575605083
bmi_binary,transformer,30s,40,test,0.5,20.0,1856,74240,0.69453125,0.6442557519027207,0.6431273573906995,0.7017868932344065,0.7392241379310345,0.6762969119062199,0.681880251803249,0.7466757064123875,0.7338362068965517,0.6679861779371884,0.6738438771735109,0.7466757064123875,0.7230840759738645,0.7707142877426408,0.6540664079674353,0.6999896069283811
bmi_binary,transformer,30s,400,test,0.5,200.0,1856,742400,0.6943480603448275,0.6429267725920742,0.6421371513112363,0.7022212699601139,0.7359913793103449,0.6719993876301287,0.6775762629421166,0.7470721065523576,0.7332974137931034,0.6675979791794244,0.673368504620631,0.7470721065523576,0.7228223688868608,0.771855417743822,0.6492358348962666,0.6947853536154621
bmi_binary,transformer,30s,5,test,0.5,2.5,1856,9280,0.6851293103448276,0.6338771761000788,0.6326337646325134,0.6857043347038754,0.7257543103448276,0.6631473624354824,0.6674756521191254,0.7300227998425334,0.71875,0.6561324468550433,0.6599100237577717,0.7300227998425334,0.7051996767906386,0.7562737631982831,0.6404194486907229,0.685661789021164
bmi_binary,transformer,30s,50,test,0.5,25.0,1856,92800,0.694073275862069,0.6434607645875252,0.64241449881841,0.7020954504199107,0.7354525862068966,0.6735795206018721,0.6785296893051476,0.7471090127722858,0.7316810344827587,0.6679096317032631,0.67304293688582,0.7471090127722858,0.7228939482407146,0.7715501830451437,0.6513500816880474,0.6962163437521897
bmi_binary,transformer,30s,500,test,0.5,250.0,1856,928000,0.6945959051724138,0.6431562746041466,0.6423837232446599,0.7023517914361167,0.7354525862068966,0.6716111888723646,0.6770990161982697,0.7470598044790482,0.7322198275862069,0.6678057475286502,0.6731531793290022,0.7470598044790482,0.7228462239445547,0.7716497853590616,0.6485950026309137,0.6945614400277618
bmi_binary,transformer,30s,6,test,0.5,3.0,1856,11136,0.6828304597701149,0.6327129443326627,0.6310455938465575,0.6914852072884166,0.7306034482758621,0.671561980579127,0.6752951385244124,0.7372413830810951,0.7198275862068966,0.638701775872627,0.645909645909646,0.7372413830810951,0.7127971425079467,0.7625313228803954,0.6483540196328655,0.6949390021470141
bmi_binary,transformer,30s,60,test,0.5,30.0,1856,111360,0.6934446839080459,0.64155786166273,0.6408643780665655,0.7013008872984282,0.7359913793103449,0.6715073046977518,0.6772141834949914,0.7457120440031493,0.7322198275862069,0.6638690840696352,0.6701725705659254,0.7457120440031493,0.7208275869536804,0.7709581444137282,0.649617167688242,0.6949590863626265
bmi_binary,transformer,30s,8,test,0.5,4.0,1856,14848,0.6851427801724138,0.6370239097629253,0.6348378353231235,0.6917673991469195,0.7273706896551724,0.6702169538972969,0.6731393568147014,0.7355259273029482,0.7295258620689655,0.656023095092293,0.6631262293185236,0.7355259273029482,0.7101614557492189,0.7608834805281894,0.6482219113851018,0.6930263505439639
bmi_binary,transformer,30s,80,test,0.5,40.0,1856,148480,0.6942955280172414,0.6426650254789608,0.6419353649754047,0.7023743554653328,0.7322198275862069,0.6673136645962733,0.6727868026696889,0.7470953438019421,0.7322198275862069,0.6643611670020121,0.6705514108046389,0.7470953438019421,0.7223156392281462,0.7718801044405305,0.645145092984195,0.6900327650468384
bmi_binary,transformer,30s,all,test,0.5,,1856,2077920,0.6978772041272041,0.6414622159758877,0.6415002750871909,0.7011746355916855,0.7349137931034483,0.6707309071822238,0.6762602476888191,0.747080307934564,0.7327586206896551,0.6672097804216603,0.6728934370891518,0.747080307934564,0.7227639635142733,0.7718562627493075,0.6483247146296751,0.6931156347890736
bmi_binary,transformer,10m,1,test,10.0,10.0,1856,1856,0.6691810344827587,0.637641063773948,0.6291184507374125,0.6785522920129473,0.6691810344827587,0.637641063773948,0.6291184507374125,0.6785522920129473,0.6691810344827587,0.637641063773948,0.6291184507374125,0.6785522920129473,0.6524097210383448,0.705293866346873,0.6149566677645957,0.6620545989501653
bmi_binary,transformer,10m,10,test,10.0,100.0,1856,18560,0.6900323275862069,0.6486784839471613,0.6443944724862304,0.7091209280137345,0.7279094827586207,0.6774943137083369,0.6782749429769384,0.7521637980054239,0.7408405172413793,0.6784456740442656,0.6840283049954218,0.7521637980054239,0.7295353971843471,0.7768962503919821,0.6549009790052992,0.7003046096937442
bmi_binary,transformer,10m,100,test,10.0,1000.0,1856,103418,0.6968032644220542,0.6507458710298968,0.6474381579893596,0.7124727080719804,0.7354525862068966,0.6844053451141633,0.6859297062587216,0.7552652873764324,0.7306034482758621,0.6740223952410113,0.6770151747180844,0.7552652873764324,0.7319976662424976,0.7793704631031404,0.6625676005731048,0.7054368610056567
bmi_binary,transformer,10m,12,test,10.0,120.0,1856,22272,0.6921695402298851,0.6492833814481089,0.6456202864431514,0.7100694159674229,0.7279094827586207,0.6755259819788295,0.6769745451337157,0.7525601981453941,0.7338362068965517,0.6709386755314496,0.6760289461781999,0.7525601981453941,0.7290809362053807,0.7772738711636041,0.6528823146553897,0.6979793247744012
bmi_binary,transformer,10m,16,test,10.0,160.0,1856,29696,0.6930899784482759,0.6504386372583326,0.6467262271810369,0.7108119163349663,0.7306034482758621,0.6804194733619107,0.6813007325962039,0.7545818388592423,0.7279094827586207,0.6651922403989152,0.6697270335935614,0.7545818388592423,0.7309662422092669,0.7785921551275622,0.6575104365761527,0.7020654833366835
bmi_binary,transformer,10m,2,test,10.0,20.0,1856,3712,0.6371228448275862,0.6056857449042079,0.596867052083707,0.6525583528343977,0.6686422413793104,0.6313478698276616,0.6250255005918108,0.6781217194471175,0.6939655172413793,0.5944799230163591,0.5987821215442699,0.6781217194471175,0.651026942824742,0.7049873284346038,0.6070761240532346,0.6554362501883233
bmi_binary,transformer,10m,20,test,10.0,200.0,1856,37120,0.6939116379310345,0.6510798486571603,0.6474619070899943,0.7112114176225833,0.7349137931034483,0.6830329804916455,0.6848087214407608,0.7540774538535562,0.7300646551724138,0.667237118362348,0.6719824324681853,0.7540774538535562,0.730729993887264,0.7783144851535236,0.6608973395167113,0.7051863985234267
bmi_binary,transformer,10m,25,test,10.0,250.0,1856,46400,0.6930603448275862,0.6507519027206718,0.6469163825498626,0.7131180703787945,0.7289870689655172,0.6782707112238648,0.6792275909461839,0.7554689550345552,0.7300646551724138,0.6736341964832473,0.6765393112559837,0.7554689550345552,0.7313791089391986,0.7790692561781958,0.6552549049454749,0.7010593389301735
bmi_binary,transformer,10m,3,test,10.0,30.0,1856,5568,0.6628951149425287,0.6272070830781792,0.6201925832219323,0.6782256795604544,0.7079741379310345,0.6631309596710699,0.6608242027976932,0.7181895722159042,0.6961206896551724,0.6536064211355087,0.649958869204069,0.7181895722159042,0.6933411136319797,0.7441729030327819,0.6395508258391372,0.6870111642358417
bmi_binary,transformer,10m,30,test,10.0,300.0,1856,55673,0.6932804052233579,0.6508935513485576,0.6471023888245967,0.7120106647312758,0.7327586206896551,0.6809881025282127,0.6825700701908766,0.754518961595661,0.7311422413793104,0.6719501793368909,0.6757706339378956,0.754518961595661,0.7312441854876591,0.7790509479341037,0.6590995554418579,0.703543978881799
bmi_binary,transformer,10m,4,test,10.0,40.0,1856,7424,0.6706627155172413,0.6332956981016534,0.6270401098188169,0.6932981209266469,0.7160560344827587,0.6699381069022833,0.6684958314226578,0.7364772876388768,0.71875,0.6398937100866066,0.6467329713268078,0.7364772876388768,0.7115898682841519,0.7617355325817329,0.6463347656577852,0.6921853157502299
bmi_binary,transformer,10m,40,test,10.0,400.0,1856,74104,0.694577890532225,0.6518454592359695,0.6482278127984618,0.7133611144804908,0.7316810344827587,0.679227539147931,0.6809649253607701,0.7551860073484384,0.7354525862068966,0.6755478523313796,0.679933352229044,0.7551860073484384,0.7318030913633893,0.7790648925233369,0.6576808269670297,0.7009059419515045
bmi_binary,transformer,10m,5,test,10.0,50.0,1856,9280,0.6795258620689655,0.640272067185723,0.6349127633856184,0.6947458665033681,0.7144396551724138,0.662868515440469,0.6631878817760977,0.737319296212055,0.7117456896551724,0.660927521651649,0.6608482550742458,0.737319296212055,0.7130569477646639,0.7636015415364614,0.6392724189927462,0.6865084156923302
bmi_binary,transformer,10m,50,test,10.0,500.0,1856,90998,0.6947625222532363,0.6513391601233086,0.6477760687542775,0.7135119788370882,0.7338362068965517,0.6827486659084945,0.6841710758377425,0.7551408997463039,0.7316810344827587,0.6738146268917855,0.6772841095886584,0.7551408997463039,0.7317997408045707,0.7793385314524977,0.6608190757393365,0.7050783449312138
bmi_binary,transformer,10m,6,test,10.0,60.0,1856,11136,0.6822916666666666,0.640444113959117,0.6360874129842615,0.7007765380021677,0.7225215517241379,0.6726281602659434,0.6728823716028058,0.7450819044703001,0.7332974137931034,0.6636613157204094,0.670356994849328,0.7450819044703001,0.7200999808764958,0.7699934277076727,0.6499993203669675,0.6951099551155484
bmi_binary,transformer,10m,60,test,10.0,600.0,1856,99177,0.6958165703741795,0.6506841288569067,0.6472648764361952,0.7129046427693022,0.7359913793103449,0.6852856268043042,0.6867283950617283,0.7553432005073921,0.7300646551724138,0.6726500306184935,0.6758564553771715,0.7553432005073921,0.7318554666312486,0.7793514722473308,0.6630620730537655,0.7063408692253801
bmi_binary,transformer,10m,8,test,10.0,80.0,1856,14848,0.6862203663793104,0.6452430616306535,0.6406993358227184,0.7044915766678876,0.7316810344827587,0.6811958708774386,0.6822564587722145,0.7480637903508005,0.7381465517241379,0.6730600997288076,0.679125757705114,0.7480637903508005,0.7240416958163602,0.772417979140441,0.659066260286139,0.7042115587240313
bmi_binary,transformer,10m,80,test,10.0,800.0,1856,103259,0.69678187857717,0.6507734909996512,0.6475009044604735,0.7125138569323788,0.7354525862068966,0.6844053451141633,0.6859297062587216,0.7551969425247136,0.7306034482758621,0.6740223952410113,0.6770151747180844,0.7551969425247136,0.7319129967535841,0.7793336549712467,0.6625676005731048,0.7054368610056567
bmi_binary,transformer,10m,all,test,10.0,,1856,103428,0.6967939049387013,0.6507343166824614,0.6474205756759486,0.7124685797357813,0.7354525862068966,0.6844053451141633,0.6859297062587216,0.7552584528912606,0.7306034482758621,0.6740223952410113,0.6770151747180844,0.7552584528912606,0.7319934996955739,0.7793703244661088,0.6625676005731048,0.7054368610056567
bmi_binary,transformer,40m,1,test,40.0,40.0,1856,1856,0.6810344827586207,0.6451972705800018,0.6385969528721417,0.7137997823899921,0.6810344827586207,0.6451972705800018,0.6385969528721417,0.7137997823899921,0.6810344827586207,0.6451972705800018,0.6385969528721417,0.7137997823899921,0.6875458202354524,0.7387460120943047,0.6205168143163332,0.668505948557819
bmi_binary,transformer,40m,10,test,40.0,400.0,1856,18514,0.6928810629793669,0.6666697159518091,0.6563274279056324,0.7250620429943986,0.728448275862069,0.6985499956259296,0.691016112729651,0.7546829892397866,0.7359913793103449,0.6985718659784795,0.6947790517691564,0.7546829892397866,0.7293555302812373,0.7778319663783603,0.6755493857514069,0.7198971587983785
bmi_binary,transformer,40m,12,test,40.0,480.0,1856,21875,0.6934857142857143,0.6671040183383254,0.6567071587649409,0.7259526413446614,0.7268318965517241,0.6978774822850144,0.6898361984999284,0.7549440665733531,0.7365301724137931,0.6984679818038667,0.6949821392023084,0.7549440665733531,0.7295378875974036,0.7777624867331123,0.6743827442509472,0.7189075119517134
bmi_binary,transformer,40m,16,test,40.0,640.0,1856,24772,0.6957855643468432,0.6654637024366481,0.6560054387619936,0.7251565778303632,0.7257543103448276,0.6961169189047327,0.6883488762363972,0.7549727714110751,0.7365301724137931,0.7014204793981279,0.696643533489961,0.7549727714110751,0.7296718092466831,0.7782119757434268,0.6727199240847077,0.7172539495394433
bmi_binary,transformer,40m,2,test,40.0,80.0,1856,3712,0.665948275862069,0.6390024932201908,0.6285381793296242,0.6961683484056513,0.703125,0.6684946636339777,0.6620578052408242,0.7222082494969819,0.7176724137931034,0.6307519027206718,0.6381684001553667,0.7222082494969819,0.6964468419699364,0.7461215494225517,0.6446426471219818,0.6909710621407609
bmi_binary,transformer,40m,20,test,40.0,800.0,1856,25227,0.6960003171205454,0.6653451543725775,0.6560038904201295,0.7247076049203396,0.7241379310344828,0.694460239699064,0.6866448677887944,0.7551053604234099,0.7359913793103449,0.7020164465051177,0.6967028979707268,0.7551053604234099,0.7298024425694618,0.7785015285749066,0.6708617458182536,0.7162865970362221
bmi_binary,transformer,40m,25,test,40.0,1000.0,1856,25259,0.695752009184845,0.6651469622280377,0.6557114630739916,0.7245935614478543,0.7241379310344828,0.694460239699064,0.6866448677887944,0.7551053604234099,0.7359913793103449,0.7020164465051177,0.6967028979707268,0.7551053604234099,0.7299178494611229,0.7784632102070542,0.6708617458182536,0.7162865970362221
bmi_binary,transformer,40m,3,test,40.0,120.0,1856,5568,0.6776221264367817,0.6515961712302802,0.640879557917826,0.708766715631956,0.7117456896551724,0.6801187560143469,0.672706836681384,0.7400749606333654,0.7058189655172413,0.6719119062199282,0.6652674554571218,0.7400749606333654,0.715326359804349,0.7633974922971954,0.6563668405627474,0.7034467324643063
bmi_binary,transformer,40m,4,test,40.0,160.0,1856,7424,0.6869612068965517,0.6629997375557694,0.6515057499793167,0.720346663882753,0.7262931034482759,0.6935526200682355,0.6872186836518046,0.7529101237861955,0.7376077586206896,0.6849739742804655,0.687210243515701,0.7529101237861955,0.7282067604489458,0.7753490578379834,0.6702109534801878,0.7159012202839566
bmi_binary,transformer,40m,5,test,40.0,200.0,1856,9280,0.6857758620689656,0.6590455778147144,0.6487761845299789,0.7176996763187823,0.7219827586206896,0.6914311958708774,0.6839287128712872,0.7486276353774821,0.7139008620689655,0.6826557169101566,0.6751538883697474,0.7486276353774821,0.7238532564831714,0.7725843131496872,0.6677977512911191,0.71323546078774
bmi_binary,transformer,40m,6,test,40.0,240.0,1856,11136,0.6877693965517241,0.6625158560055988,0.6516240424004454,0.7203593314111724,0.7268318965517241,0.6973853993526375,0.6895734386087493,0.7508912168664159,0.7359913793103449,0.6916827049252035,0.6907335692006764,0.7508912168664159,0.7253984363851433,0.7739482868405028,0.6746976618721267,0.7186686190587124
bmi_binary,transformer,40m,8,test,40.0,320.0,1856,14843,0.691571784679647,0.6659623943046569,0.6553316546088231,0.7243698408774816,0.7273706896551724,0.6972815151780247,0.6897899861928639,0.7555646378269617,0.7338362068965517,0.6945586562855394,0.6914362022917206,0.7555646378269617,0.7307584967079713,0.7790496668922792,0.6743686420369247,0.7186523825227931
bmi_binary,transformer,40m,all,test,40.0,,1856,25261,0.6957365108269665,0.6651332285102374,0.6556905802302186,0.7245783148915341,0.7241379310344828,0.694460239699064,0.6866448677887944,0.7550916914530662,0.7359913793103449,0.7020164465051177,0.6967028979707268,0.7550916914530662,0.7299176018435576,0.778430497419252,0.6708617458182536,0.7162865970362221
bmi_binary,transformer,80m,1,test,80.0,80.0,1856,1856,0.6864224137931034,0.6589209168051788,0.6490034118602762,0.7206390517015133,0.6864224137931034,0.6589209168051788,0.6490034118602762,0.7206390517015133,0.6864224137931034,0.6589209168051788,0.6490034118602762,0.7206390517015133,0.695084703121615,0.7446209877374811,0.6359379016817713,0.681040712652387
bmi_binary,transformer,80m,10,test,80.0,800.0,1856,12047,0.7110483937909853,0.6745707251929283,0.6682273482009793,0.7408444190957214,0.7214439655172413,0.6812013384655761,0.6778131565313421,0.7686759141807366,0.7279094827586207,0.6784784795730907,0.6789159439295045,0.7686759141807366,0.7446894772974023,0.7897072072836642,0.6580210368173842,0.7032564948972954
bmi_binary,transformer,80m,12,test,80.0,960.0,1856,12059,0.71125300605357,0.6747211196466885,0.66835583931217,0.7409397174578122,0.7214439655172413,0.6812013384655761,0.6778131565313421,0.7687907335316246,0.7279094827586207,0.6784784795730907,0.6789159439295045,0.7687907335316246,0.7447880010515716,0.7897595173526718,0.6580210368173842,0.7032564948972954
bmi_binary,transformer,80m,2,test,80.0,160.0,1856,3712,0.6963900862068966,0.6589673913043479,0.6534231044691295,0.7232628105590062,0.7112068965517241,0.668412649811915,0.6655113747167248,0.748989863091593,0.7241379310344828,0.6359023707462164,0.6441376665707985,0.748989863091593,0.7254960743837204,0.7715903740558178,0.6470554053336913,0.6905451679445019
bmi_binary,transformer,80m,3,test,80.0,240.0,1856,5568,0.7000718390804598,0.6641625112996821,0.6581427349375318,0.7285922661573306,0.7225215517241379,0.6844381506429884,0.6802259936148239,0.7573087984428308,0.7182112068965517,0.6788721459189921,0.6749645979265385,0.7573087984428308,0.7350914865810665,0.7786660929677389,0.661429866746272,0.7068259323216046
bmi_binary,transformer,80m,4,test,80.0,320.0,1856,7420,0.7048517520215634,0.6693914702277378,0.6633950611555521,0.7366217873480196,0.7300646551724138,0.6918412649811916,0.688069842920521,0.7671982984865717,0.7332974137931034,0.6710425597060625,0.6759107865703626,0.7671982984865717,0.7442380870502072,0.7884223455033876,0.6698453744816911,0.714084306197948
bmi_binary,transformer,80m,5,test,80.0,400.0,1856,9248,0.7041522491349481,0.6697169505614495,0.6632804492481258,0.737370358531637,0.7257543103448276,0.6882435919867028,0.6839515160193115,0.7673951316595224,0.7203663793103449,0.6814091068148018,0.6774505283439263,0.7673951316595224,0.7440593773318126,0.7891258376291139,0.6658260702491576,0.7115258519574187
bmi_binary,transformer,80m,6,test,80.0,480.0,1856,10834,0.7068488093040428,0.672132605655624,0.6656756090379481,0.7400761351464132,0.7230603448275862,0.6838421835359986,0.6801218910277045,0.7685952672557081,0.7289870689655172,0.6758102965619806,0.6775969512942667,0.7685952672557081,0.7449126744525814,0.7898668988642219,0.6609964808227947,0.7066639008183071
bmi_binary,transformer,80m,8,test,80.0,640.0,1856,11896,0.710659045057162,0.674315102575937,0.6679126784751006,0.7409806373742029,0.7214439655172413,0.6816934213979529,0.6781080015766653,0.768533756889161,0.7279094827586207,0.6784784795730907,0.6789159439295045,0.768533756889161,0.7448332940535052,0.7893284705761745,0.6582514479568794,0.7036874964056352
bmi_binary,transformer,80m,all,test,80.0,,1856,12060,0.7112769485903814,0.6747349621470995,0.6683687902129175,0.7409332796719648,0.7214439655172413,0.6812013384655761,0.6778131565313421,0.7687825321494182,0.7279094827586207,0.6784784795730907,0.6789159439295045,0.7687825321494182,0.744779856822141,0.7897540172990816,0.6580210368173842,0.7032564948972954
bmi_binary,transformer,120m,1,test,120.0,120.0,1856,1856,0.6756465517241379,0.6654273466888286,0.647084984232231,0.7298382687428921,0.6756465517241379,0.6654273466888286,0.647084984232231,0.7298382687428921,0.6756465517241379,0.6654273466888286,0.647084984232231,0.7298382687428921,0.7033129398635143,0.7534847590839026,0.6421209371021774,0.6882857387430211
bmi_binary,transformer,120m,2,test,120.0,240.0,1856,3712,0.6912715517241379,0.6720103228064036,0.6583675986842106,0.7351924044265594,0.7122844827586207,0.6864119499606334,0.6764071709265864,0.7535429971131135,0.7300646551724138,0.6667450354299711,0.6716200854131888,0.7535429971131135,0.729713627685085,0.7769408694878324,0.6625734318192037,0.7088997794783177
bmi_binary,transformer,120m,3,test,120.0,360.0,1856,5555,0.6954095409540955,0.6773832209085647,0.6631531218220337,0.7420150735482673,0.7198275862068966,0.6977517277578515,0.6861471861471862,0.7628720693727583,0.709051724137931,0.689495669670195,0.6763455569204776,0.7628720693727583,0.7386853356802795,0.7846727912808642,0.6761274788099526,0.7201692768254084
bmi_binary,transformer,120m,4,test,120.0,480.0,1856,7141,0.6990617560565747,0.6793058195127399,0.6656301774754055,0.7444345189751902,0.7117456896551724,0.6894683317295075,0.6777283117508626,0.7641555856880413,0.7230603448275862,0.6838421835359986,0.6801218910277045,0.7641555856880413,0.7402057437672724,0.7852565629600484,0.6660424694887197,0.7122512797726043
bmi_binary,transformer,120m,5,test,120.0,600.0,1856,7691,0.7031595371213106,0.682306921269397,0.66852695757711,0.7472123601204425,0.7165948275862069,0.6934542034817601,0.6822741125209755,0.7653106136820926,0.7225215517241379,0.6878827311696265,0.6822144978996381,0.7653106136820926,0.7416965077338121,0.7863046686342041,0.6696928276060935,0.7157496046344619
bmi_binary,transformer,120m,6,test,120.0,720.0,1856,7813,0.7034429796493025,0.6821800273351808,0.6685807371498269,0.747273793289907,0.7171336206896551,0.6938424022395242,0.6827520865789873,0.7655293172075933,0.7235991379310345,0.6881670457527775,0.6828894215541592,0.7655293172075933,0.7417080611371094,0.7865891501501879,0.6692558409779402,0.7157494925220349
bmi_binary,transformer,120m,8,test,120.0,960.0,1856,7829,0.7035381274747733,0.6821894113909892,0.6685392841341518,0.747410395377958,0.7171336206896551,0.6938424022395242,0.6827520865789873,0.7655703241186249,0.7235991379310345,0.6881670457527775,0.6828894215541592,0.7655703241186249,0.741804023457837,0.7866609880091249,0.6692558409779402,0.7157494925220349
bmi_binary,transformer,120m,all,test,120.0,,1856,7830,0.7035759897828864,0.6822135451542342,0.6685608507825056,0.7474083498256526,0.7171336206896551,0.6938424022395242,0.6827520865789873,0.7655648565304873,0.7235991379310345,0.6881670457527775,0.6828894215541592,0.7655648565304873,0.7418036141920599,0.7866580963372553,0.6692558409779402,0.7157494925220349
bmi_binary,transformer,240m,1,test,240.0,240.0,1856,1856,0.7085129310344828,0.6930441343714461,0.6778033164474345,0.7577940468900358,0.7085129310344828,0.6930441343714461,0.6778033164474345,0.7577940468900358,0.7085129310344828,0.6930441343714461,0.6778033164474345,0.7577940468900358,0.7339787106913267,0.7811730033405458,0.6695273242481603,0.7159832844101974
bmi_binary,transformer,240m,2,test,240.0,480.0,1856,3442,0.7210923881464265,0.6947817423127326,0.6845150461437991,0.7617803359261629,0.724676724137931,0.6958326043215817,0.6876527088688469,0.7754967303822937,0.7456896551724138,0.6858761263231563,0.6911395546930971,0.7754967303822937,0.7520758974047824,0.7967014315268437,0.6730663229392025,0.7183812671298405
bmi_binary,transformer,240m,3,test,240.0,720.0,1856,3564,0.7222222222222222,0.6948821753505277,0.6850780798149219,0.7622017554819185,0.7295258620689655,0.7003105590062112,0.6925042904290428,0.7769019005336365,0.7446120689655172,0.6870680605371358,0.6915166229755147,0.7769019005336365,0.7541073657502537,0.7981263875826657,0.6777297823052952,0.7225285705586603
bmi_binary,transformer,240m,4,test,240.0,960.0,1856,3567,0.7224558452481077,0.6950243467066386,0.6852074708770578,0.7624411819923771,0.7295258620689655,0.7003105590062112,0.6925042904290428,0.7769060012247396,0.7446120689655172,0.6870680605371358,0.6915166229755147,0.7769060012247396,0.7541100182376749,0.7981332277823,0.6777297823052952,0.7225285705586603
bmi_binary,transformer,240m,all,test,240.0,,1856,3567,0.7224558452481077,0.6950243467066386,0.6852074708770578,0.7624411819923771,0.7295258620689655,0.7003105590062112,0.6925042904290428,0.7769060012247396,0.7446120689655172,0.6870680605371358,0.6915166229755147,0.7769060012247396,0.7541100182376749,0.7981332277823,0.6777297823052952,0.7225285705586603
sex_binary,lstm,30s,1,test,0.5,0.5,1433,1433,0.6468946266573622,0.6451438238289802,0.6452012244530476,0.7010587275756972,0.6468946266573622,0.6451438238289802,0.6452012244530476,0.7010587275756972,0.6468946266573622,0.6451438238289802,0.6452012244530476,0.7010587275756972,,,,
sex_binary,lstm,30s,10,test,0.5,5.0,1433,14330,0.6805303558967202,0.6794180315393892,0.6795613980535223,0.7492688516337497,0.73831123517097,0.7369171242258566,0.7372281512450947,0.815378281450609,0.7369155617585486,0.7371883426796384,0.736767376444271,0.815378281450609,,,,
sex_binary,lstm,30s,100,test,0.5,50.0,1433,143170,0.6841866312775022,0.6831105666466353,0.6832520135576475,0.7564576872189082,0.73831123517097,0.737089806478804,0.7373653103744551,0.8239714186481223,0.7418004187020237,0.7407863774190149,0.7410133017592397,0.8239714186481223,,,,
sex_binary,lstm,30s,12,test,0.5,6.0,1433,17196,0.6804489416143289,0.6796592988905409,0.6797365904172586,0.7500127574027895,0.7376133984647593,0.7369376119507827,0.7370385553928746,0.8172104694225584,0.7397069085833915,0.7403297938349509,0.7396455439709109,0.8172104694225584,,,,
sex_binary,lstm,30s,120,test,0.5,60.0,1433,171790,0.6842656732056581,0.6831736971803104,0.6833179126701812,0.756002354453008,0.7390090718771808,0.7378176085166497,0.7380875585945899,0.8230582514799942,0.7376133984647593,0.7364771259429231,0.736730186651031,0.8230582514799942,,,,
sex_binary,lstm,30s,16,test,0.5,8.0,1433,22928,0.6815247732030705,0.6799586879660957,0.6801300344507566,0.7502604448677761,0.7418004187020237,0.7401532091582081,0.740511371867304,0.8131031683778794,0.7452896022330775,0.7445405091102083,0.7446803629229679,0.8131031683778794,,,,
sex_binary,lstm,30s,160,test,0.5,80.0,1433,229030,0.6859363402174388,0.6847931613204223,0.68494859783433,0.7571722211785246,0.7424982554082344,0.7414566187058782,0.7416932043501774,0.8245880016077987,0.7418004187020237,0.7406712559170501,0.7409313006938336,0.8245880016077987,,,,
sex_binary,lstm,30s,2,test,0.5,1.0,1433,2866,0.625261688764829,0.6242224420587628,0.6242866768221232,0.6838119656118415,0.6664340544312631,0.6644861873709762,0.6645638675050439,0.7269532606702023,0.6057222609909281,0.6125068780219395,0.5978895340376829,0.7269532606702023,,,,
sex_binary,lstm,30s,20,test,0.5,10.0,1433,28660,0.6820655966503838,0.6810479763981409,0.6811782380400209,0.7534732522995032,0.7466852756454989,0.7451327019211632,0.7454949764786178,0.8209880156565242,0.7431960921144453,0.742587346000601,0.7426666354359419,0.8209880156565242,,,,
sex_binary,lstm,30s,200,test,0.5,100.0,1433,286270,0.6844971530373424,0.6834084563942691,0.6835520006988494,0.7563358034269883,0.7397069085833915,0.7386029713054778,0.7388517978370746,0.8234758108261041,0.735519888346127,0.7345239628333158,0.734733968120621,0.8234758108261041,,,,
sex_binary,lstm,30s,25,test,0.5,12.5,1433,35825,0.6834333565945568,0.6821118356611291,0.6822826461588568,0.754593012319952,0.7424982554082344,0.7411112541999836,0.7414325008251733,0.8219128900960387,0.7369155617585486,0.7353463986482004,0.7356793557367465,0.8219128900960387,,,,
sex_binary,lstm,30s,250,test,0.5,125.0,1433,357820,0.6852104410038566,0.684127390913262,0.6842708364716965,0.7565503272023131,0.7431960921144453,0.7421844207437239,0.7424132298578384,0.8235597129377057,0.73831123517097,0.7372049279807689,0.7374515393804368,0.8235597129377057,,,,
sex_binary,lstm,30s,3,test,0.5,1.5,1433,4299,0.6499185857176087,0.6486429971655395,0.6487496645610994,0.716558070884493,0.7103977669225401,0.7079777249649757,0.7081413398913337,0.7779052569550948,0.7041172365666434,0.7015426281263293,0.7016237069863008,0.7779052569550948,,,,
sex_binary,lstm,30s,30,test,0.5,15.0,1433,42990,0.6856013026285183,0.6845436375532843,0.6846861674650501,0.7556513752358256,0.7522679692951849,0.7511853612278586,0.7514541239468135,0.8225002048772493,0.7445917655268667,0.7438702678233451,0.7439982271926775,0.8225002048772493,,,,
sex_binary,lstm,30s,320,test,0.5,160.0,1433,457940,0.6859697777001353,0.684863678974973,0.6850126765213052,0.7570921330891494,0.741102581995813,0.7399434538792043,0.7402099164741773,0.824308978306426,0.7452896022330775,0.7441951446043138,0.7444528316636252,0.824308978306426,,,,
sex_binary,lstm,30s,4,test,0.5,2.0,1433,5732,0.6620725750174459,0.6608152260869226,0.6609419523687329,0.730288491557106,0.7250523377529658,0.723319128510718,0.7236244909147871,0.7927422722252792,0.7159804605722261,0.7178869545874943,0.7159007712455423,0.7927422722252792,,,,
sex_binary,lstm,30s,40,test,0.5,20.0,1433,57310,0.683964404117955,0.6830456952307709,0.6831575796085358,0.7554783313456259,0.7459874389392882,0.7449805073931419,0.7452130860550359,0.8224631318511928,0.7431960921144453,0.7426449067515835,0.7426987782505172,0.8224631318511928,,,,
sex_binary,lstm,30s,400,test,0.5,200.0,1433,572340,0.6853880560505993,0.6843014114270756,0.6844461811430318,0.756850656912519,0.7431960921144453,0.7421844207437239,0.7424132298578384,0.8240221501574627,0.7431960921144453,0.7421844207437239,0.7424132298578384,0.8240221501574627,,,,
sex_binary,lstm,30s,5,test,0.5,2.5,1433,7165,0.6695045359385904,0.6684022696496794,0.6685274914749968,0.7408480747392205,0.7271458478715981,0.7255025346242552,0.7258106111655114,0.8053334426011995,0.7208653175157014,0.7192976807895384,0.7195804469492388,0.8053334426011995,,,,
sex_binary,lstm,30s,50,test,0.5,25.0,1433,71620,0.6832169784976264,0.6821054091127818,0.6822524217629697,0.7555629905728767,0.7369155617585486,0.7359220061580247,0.7361337888693249,0.8232309337329415,0.7390090718771808,0.7381054122715618,0.7382921912783271,0.8232309337329415,,,,
sex_binary,lstm,30s,500,test,0.5,250.0,1433,715340,0.6859199821064109,0.684818211672499,0.6849667011581404,0.7571365528968655,0.7390090718771808,0.737990290769597,0.7382134455620424,0.8240299550050536,0.741102581995813,0.7399434538792043,0.7402099164741773,0.8240299550050536,,,,
sex_binary,lstm,30s,6,test,0.5,3.0,1433,8598,0.669806931844615,0.6685507243548968,0.6686909954303948,0.7376857120123976,0.7320307048150733,0.7304244666362277,0.7307455932608108,0.7993198075324583,0.7229588276343336,0.7236108346894257,0.72290485215205,0.7993198075324583,,,,
sex_binary,lstm,30s,60,test,0.5,30.0,1433,85930,0.6843709996508787,0.6833506008240207,0.683482796718046,0.7556987174519739,0.7390090718771808,0.7378751692676321,0.7381305579986318,0.8225333754795103,0.7390090718771808,0.7382780945245091,0.7384025600274902,0.8225333754795103,,,,
sex_binary,lstm,30s,8,test,0.5,4.0,1433,11464,0.6740230286113049,0.6728615205404076,0.673000699971831,0.7464822240937596,0.7334263782274948,0.7321678744668314,0.7324401736138266,0.8105158614015164,0.729937194696441,0.7304859298110056,0.7298614213071863,0.8105158614015164,,,,
sex_binary,lstm,30s,80,test,0.5,40.0,1433,114550,0.6857354866870362,0.6846960412400551,0.6848332313188294,0.7562321678195256,0.743893928820656,0.7427395405286223,0.7430108877251296,0.8230563002680964,0.7418004187020237,0.7407863774190149,0.7410133017592397,0.8230563002680964,,,,
sex_binary,lstm,30s,all,test,0.5,,1433,1518580,0.6851947213844513,0.6838455829962377,0.6840071128005363,0.7564527451576957,0.7404047452896022,0.7392732125923411,0.7395309293462328,0.8237880047297377,0.7397069085833915,0.7386029713054778,0.7388517978370746,0.8237880047297377,,,,
sex_binary,lstm,10m,1,test,10.0,10.0,1433,1433,0.6706210746685276,0.6723642054079788,0.670550323226734,0.7200440193404123,0.6706210746685276,0.6723642054079788,0.670550323226734,0.7200440193404123,0.6706210746685276,0.6723642054079788,0.670550323226734,0.7200440193404123,,,,
sex_binary,lstm,10m,10,test,10.0,100.0,1433,14313,0.6985258156920282,0.7004552320288682,0.6984506336779657,0.7729580282054903,0.7529658060013956,0.7552516868226855,0.7528183508554455,0.836191858763478,0.7501744591765527,0.7535492544419339,0.749524451214749,0.836191858763478,,,,
sex_binary,lstm,10m,12,test,10.0,120.0,1433,17175,0.6989228529839884,0.7007884117620784,0.698862074254717,0.7746768895783389,0.7599441730635031,0.7623570249481953,0.7597662341712932,0.8378484376646336,0.7564549895324494,0.7596965475256682,0.7559053427141369,0.8378484376646336,,,,
sex_binary,lstm,10m,16,test,10.0,160.0,1433,22896,0.7008211041229909,0.7024890308723692,0.7007934794476544,0.7757237058908346,0.755059316120028,0.757204849932293,0.7549519168230951,0.8387811169517387,0.749476622470342,0.7523034056452462,0.7491203678191413,0.8387811169517387,,,,
sex_binary,lstm,10m,2,test,10.0,20.0,1433,2865,0.643630017452007,0.645061839887997,0.6436090027694588,0.7008239135061674,0.6796929518492673,0.6814802673940785,0.6796174388274747,0.7437024636001419,0.6259595254710397,0.6351672773959907,0.6107793655619742,0.7437024636001419,,,,
sex_binary,lstm,10m,20,test,10.0,200.0,1433,28616,0.7043611965334079,0.7061349854796977,0.7043179691173829,0.776745479909873,0.7634333565945569,0.7657082313825117,0.7633001077310553,0.8400591607447385,0.7690160502442428,0.77135796543233,0.7688701793642216,0.8400591607447385,,,,
sex_binary,lstm,10m,25,test,10.0,250.0,1433,35766,0.7018117765475591,0.7035675164102768,0.7017696661898771,0.7770938881551549,0.7599441730635031,0.7621267819442656,0.7598317781779347,0.8396123332201632,0.7585484996510816,0.760786299370539,0.7584203858896901,0.8396123332201632,,,,
sex_binary,lstm,10m,3,test,10.0,30.0,1433,4296,0.6687616387337058,0.6707096090063754,0.6686495884006911,0.7344478835834092,0.7055129099790649,0.7080060175374925,0.7052222217889272,0.7933803185158301,0.7020237264480111,0.704367007348264,0.7017913737049128,0.7933803185158301,,,,
sex_binary,lstm,10m,30,test,10.0,300.0,1433,42911,0.7045279765095197,0.7063317773766147,0.7044797805038614,0.7796725977500569,0.7690160502442428,0.7711852831793827,0.7689147705653689,0.8429020764797016,0.7690160502442428,0.7716457691872423,0.7687777893147664,0.8429020764797016,,,,
sex_binary,lstm,10m,4,test,10.0,40.0,1433,5727,0.6825563122053431,0.6843486686559694,0.6824958965961753,0.7541786844211784,0.7341242149337055,0.7362917608126407,0.7339915662386448,0.8160085228935692,0.7083042568039079,0.7139103847399619,0.7049406919924337,0.8160085228935692,,,,
sex_binary,lstm,10m,40,test,10.0,400.0,1433,57147,0.7036064885295816,0.7054139106628231,0.7035616286404858,0.7795576970290179,0.7655268667131891,0.7676038337411366,0.765443597887722,0.8418562269025291,0.7578506629448709,0.7603463010876055,0.7576424715787935,0.8418562269025291,,,,
sex_binary,lstm,10m,5,test,10.0,50.0,1433,7158,0.6863649063984353,0.6881852180904146,0.686302450927848,0.760379863355242,0.7424982554082344,0.7450253852667892,0.7422552573586936,0.8233509332646507,0.73831123517097,0.7401405262808731,0.7382602507733469,0.8233509332646507,,,,
sex_binary,lstm,10m,50,test,10.0,500.0,1433,69864,0.7050841635176915,0.7069637118917058,0.7050427337136849,0.7810169479765786,0.7683182135380321,0.7703423596395722,0.7682476773911959,0.8422620789772528,0.7648290300069783,0.7671638354582031,0.7646805149418208,0.8422620789772528,,,,
sex_binary,lstm,10m,6,test,10.0,60.0,1433,8589,0.6890208406100826,0.6907072748474887,0.6889851567715539,0.7617046703633958,0.7445917655268667,0.7465180623685371,0.7445259527706336,0.8227811793905195,0.7292393579902303,0.733614698088983,0.7276636847034298,0.8227811793905195,,,,
sex_binary,lstm,10m,60,test,10.0,600.0,1433,74466,0.7050063116052964,0.70698606093561,0.7049932761483227,0.7805392581883858,0.7662247034193999,0.7682740750279999,0.766147720225856,0.8420864699064589,0.7655268667131891,0.7680067589980137,0.7653347681654423,0.8420864699064589,,,,
sex_binary,lstm,10m,8,test,10.0,80.0,1433,11451,0.6953977818531133,0.6971551325593756,0.6953541755233252,0.768198187769264,0.7501744591765527,0.7521677964183555,0.7500983991146027,0.8312240732719092,0.7404047452896022,0.7442234371768306,0.7393995213065516,0.8312240732719092,,,,
sex_binary,lstm,10m,80,test,10.0,800.0,1433,75557,0.7043821221064891,0.7064392077475738,0.7043765170329677,0.7801598015030355,0.7662247034193999,0.7682740750279999,0.766147720225856,0.8421001283897429,0.7655268667131891,0.7679491982470312,0.7653530659347514,0.8421001283897429,,,,
sex_binary,lstm,10m,all,test,10.0,,1433,75563,0.7043394253801464,0.7064014782851348,0.7043338544090751,0.780109320170039,0.7662247034193999,0.7682740750279999,0.766147720225856,0.8421020796016405,0.7655268667131891,0.7679491982470312,0.7653530659347514,0.8421020796016405,,,,
sex_binary,lstm,40m,1,test,40.0,40.0,1433,1433,0.6985345429169574,0.695259725815704,0.6949657643594565,0.7601902041357886,0.6985345429169574,0.695259725815704,0.6949657643594565,0.7601902041357886,0.6985345429169574,0.695259725815704,0.6949657643594565,0.7601902041357886,,,,
sex_binary,lstm,40m,10,test,40.0,400.0,1433,14279,0.7266615309195322,0.7263160248067305,0.7262434721918074,0.8017289887880716,0.776692254012561,0.7766584325524584,0.7764517764517764,0.8623595615236623,0.7739009071877181,0.7747833179187593,0.7738761308823415,0.8623595615236623,,,,
sex_binary,lstm,40m,12,test,40.0,480.0,1433,16799,0.729210072028097,0.7289584724135203,0.728828691975151,0.8051137556997139,0.7871598046057222,0.7871725378632668,0.7869402590362649,0.8654034520840894,0.790648988136776,0.7912720340603548,0.7905852506546951,0.8654034520840894,,,,
sex_binary,lstm,40m,16,test,40.0,640.0,1433,18377,0.7297709092887849,0.7294977336099462,0.7292743975017588,0.8053390680650462,0.78506629448709,0.7850466925007122,0.7848348348348348,0.8664512528731596,0.7927424982554082,0.7929373934150501,0.7925808852233236,0.8664512528731596,,,,
sex_binary,lstm,40m,2,test,40.0,80.0,1433,2864,0.6864525139664804,0.6851683224036456,0.6853438804658317,0.755755184111178,0.7257501744591766,0.7239893697975812,0.7242980153945345,0.7988749312197805,0.6838799720865317,0.6896460891859935,0.6798892838809225,0.7988749312197805,,,,
sex_binary,lstm,40m,20,test,40.0,800.0,1433,18459,0.7288043772685411,0.7285609890912941,0.7283079969854651,0.8046816863451796,0.78506629448709,0.7850466925007122,0.7848348348348348,0.8662619853190816,0.7913468248429868,0.7914817893393586,0.7911674322825915,0.8662619853190816,,,,
sex_binary,lstm,40m,3,test,40.0,120.0,1433,4295,0.7010477299185099,0.700279956885597,0.700365118174409,0.7735127507675572,0.7578506629448709,0.7571804597835716,0.7573041659650587,0.8287323756785339,0.749476622470342,0.7490224428392475,0.7490366551554744,0.8287323756785339,,,,
sex_binary,lstm,40m,4,test,40.0,160.0,1433,5725,0.7137117903930131,0.7134613771742769,0.7133406402901961,0.792489313990072,0.7697138869504536,0.7694955336759661,0.7693984434431504,0.8507108264943357,0.7613398464759247,0.7642731150317462,0.7609616435149056,0.8507108264943357,,,,
sex_binary,lstm,40m,5,test,40.0,200.0,1433,7155,0.720335429769392,0.719986864285258,0.7199186726342887,0.7929730109669364,0.782274947662247,0.7822506058512942,0.782040482040482,0.8530893537976437,0.776692254012561,0.7767159933034408,0.7764718269489497,0.8530893537976437,,,,
sex_binary,lstm,40m,6,test,40.0,240.0,1433,8585,0.7232382061735585,0.7227087122823408,0.7227259569031721,0.7970101195151889,0.7815771109560363,0.7814076823114837,0.7812891161189497,0.8577468965974767,0.7745987438939288,0.7760867274664294,0.7745947922840211,0.8577468965974767,,,,
sex_binary,lstm,40m,8,test,40.0,320.0,1433,11443,0.7244603687844097,0.724068357670354,0.7240221165196317,0.7987028127222495,0.7836706210746686,0.7837062099269856,0.7834570823567949,0.8618210270398945,0.782274947662247,0.78380474612782,0.782269752220664,0.8618210270398945,,,,
sex_binary,lstm,40m,all,test,40.0,,1433,18460,0.728819068255688,0.7285747224054497,0.7283215075812699,0.8046864115232355,0.78506629448709,0.7850466925007122,0.7848348348348348,0.8663049119808313,0.7913468248429868,0.7914817893393586,0.7911674322825915,0.8663049119808313,,,,
sex_binary,lstm,80m,1,test,80.0,80.0,1433,1433,0.697138869504536,0.6908109626889261,0.6867472428285336,0.7983402991598081,0.697138869504536,0.6908109626889261,0.6867472428285336,0.7983402991598081,0.697138869504536,0.6908109626889261,0.6867472428285336,0.7983402991598081,,,,
sex_binary,lstm,80m,10,test,80.0,800.0,1433,8759,0.7402671537846787,0.7362100059386552,0.7365964130643479,0.825946549595401,0.782274947662247,0.778509157037436,0.7789017684060608,0.8678288084729425,0.7773900907187719,0.7748535615470769,0.7754263870936999,0.8678288084729425,,,,
sex_binary,lstm,80m,2,test,80.0,160.0,1433,2863,0.7076493188962627,0.7034930672470195,0.7026836292252394,0.800127294378516,0.7404047452896022,0.7362224927902721,0.7358090722025525,0.8348943028515011,0.73831123517097,0.7399678440279258,0.7382862552981966,0.8348943028515011,,,,
sex_binary,lstm,80m,3,test,80.0,240.0,1433,4293,0.7237363149312834,0.7199666395040105,0.719670685189753,0.8144224572840417,0.7669225401256106,0.762842876710725,0.7628846877910549,0.8563498288787165,0.7634333565945569,0.759664352529356,0.7598101965228407,0.8563498288787165,,,,
sex_binary,lstm,80m,4,test,80.0,320.0,1433,5722,0.7315623907724572,0.7275646160328805,0.7272437811587567,0.8185959085885176,0.7718073970690859,0.7673618834658207,0.7672741196996855,0.8618190758279968,0.7752965806001396,0.7734184451963114,0.7739402146222163,0.8618190758279968,,,,
sex_binary,lstm,80m,5,test,80.0,400.0,1433,7135,0.7355290819901892,0.7316823760258889,0.7315562073509174,0.8237809608611517,0.7759944173063503,0.7719589386968246,0.7721558299523551,0.8664824722635229,0.7655268667131891,0.761559954887981,0.7616396039603961,0.8664824722635229,,,,
sex_binary,lstm,80m,6,test,80.0,480.0,1433,8295,0.7386377335744424,0.7350386742365033,0.7350820311220234,0.8262000567947405,0.7801814375436148,0.7763833116748813,0.7767366289033809,0.8673410054985151,0.7739009071877181,0.771559915863743,0.7721109671339381,0.8673410054985151,,,,
sex_binary,lstm,80m,8,test,80.0,640.0,1433,8741,0.7405331197803455,0.736486190747144,0.7368580250984125,0.8262255779479362,0.782274947662247,0.778509157037436,0.7789017684060608,0.8677351503018524,0.7773900907187719,0.7748535615470769,0.7754263870936999,0.8677351503018524,,,,
sex_binary,lstm,80m,all,test,80.0,,1433,8759,0.7402671537846787,0.7362100059386552,0.7365964130643479,0.825946549595401,0.782274947662247,0.778509157037436,0.7789017684060608,0.8678288084729425,0.7773900907187719,0.7748535615470769,0.7754263870936999,0.8678288084729425,,,,
sex_binary,lstm,120m,1,test,120.0,120.0,1433,1433,0.7508722958827634,0.7500175609070794,0.7502061754490816,0.8220338652336966,0.7508722958827634,0.7500175609070794,0.7502061754490816,0.8220338652336966,0.7508722958827634,0.7500175609070794,0.7502061754490816,0.8220338652336966,,,,
sex_binary,lstm,120m,2,test,120.0,240.0,1433,2863,0.7359413202933985,0.7361824005256026,0.7357788246875385,0.8087348190210261,0.7599441730635031,0.7601697164108627,0.7597840282244703,0.8382757530702318,0.7313328681088626,0.7368917584711865,0.7283564805126961,0.8382757530702318,,,,
sex_binary,lstm,120m,3,test,120.0,360.0,1433,4286,0.741250583294447,0.7411901134513394,0.740970244276336,0.8178773116517545,0.7801814375436148,0.780182321239722,0.7799546937587655,0.8514639942868516,0.7725052337752966,0.7724067418273489,0.7722389288026646,0.8514639942868516,,,,
sex_binary,lstm,120m,4,test,120.0,480.0,1433,5446,0.7431142122658833,0.7430154920646759,0.7428174356316493,0.8206182909345461,0.7683182135380321,0.7679248080983099,0.7679248080983099,0.8546542257396068,0.7634333565945569,0.76495994161974,0.7634259834179481,0.8546542257396068,,,,
sex_binary,lstm,120m,5,test,120.0,600.0,1433,5684,0.7441942294159043,0.7442018714405689,0.7438577895468275,0.8207838197845201,0.7725052337752966,0.772291620325384,0.7721936138256578,0.8552844671825671,0.7676203768318214,0.7688087070879723,0.7676185662046688,0.8552844671825671,,,,
sex_binary,lstm,120m,6,test,120.0,720.0,1433,5699,0.7438147043340937,0.7438494995623408,0.7434827893055049,0.8205167711740007,0.7725052337752966,0.772291620325384,0.7721936138256578,0.8552532477922037,0.7683182135380321,0.7695365091258181,0.768317198122212,0.8552532477922037,,,,
sex_binary,lstm,120m,all,test,120.0,,1433,5700,0.7436842105263158,0.7437252695702463,0.7433522430906705,0.8204122642320959,0.7725052337752966,0.772291620325384,0.7721936138256578,0.8552220284018404,0.7683182135380321,0.7695365091258181,0.768317198122212,0.8552220284018404,,,,
sex_binary,lstm,240m,1,test,240.0,240.0,1433,1433,0.7083042568039079,0.7122411229614714,0.7070166067976741,0.7914232529824274,0.7083042568039079,0.7122411229614714,0.7070166067976741,0.7914232529824274,0.7083042568039079,0.7122411229614714,0.7070166067976741,0.7914232529824274,,,,
sex_binary,lstm,240m,2,test,240.0,480.0,1433,2593,0.7018897030466641,0.7063801966933303,0.7001055860354126,0.7887501475021188,0.7257501744591766,0.7300908094017193,0.7241835122990461,0.8118329294324704,0.6789951151430565,0.6873143909682304,0.6690012694025774,0.8118329294324704,,,,
sex_binary,lstm,240m,3,test,240.0,720.0,1433,2608,0.7020705521472392,0.7066836349924586,0.7002903155815711,0.7887520032051282,0.7257501744591766,0.7300908094017193,0.7241835122990461,0.8121880499978537,0.6789951151430565,0.6873143909682304,0.6690012694025774,0.8121880499978537,,,,
sex_binary,lstm,240m,all,test,240.0,,1433,2608,0.7020705521472392,0.7066836349924586,0.7002903155815711,0.7887520032051282,0.7257501744591766,0.7300908094017193,0.7241835122990461,0.8121880499978537,0.6789951151430565,0.6873143909682304,0.6690012694025774,0.8121880499978537,,,,
sex_binary,transformer,30s,1,test,0.5,0.5,1433,1433,0.6441032798325191,0.6398150641363352,0.637937696926461,0.6981884948741663,0.6441032798325191,0.6398150641363352,0.637937696926461,0.6981884948741663,0.6441032798325191,0.6398150641363352,0.637937696926461,0.6981884948741663,,,,
sex_binary,transformer,30s,10,test,0.5,5.0,1433,14330,0.6835310537334264,0.68397508692649,0.6834354733956989,0.7557318117782954,0.7473831123517097,0.7474722049865172,0.7471761490353874,0.8225509363865897,0.7376133984647593,0.7390673597371327,0.7376071372915693,0.8225509363865897,,,,
sex_binary,transformer,30s,100,test,0.5,50.0,1433,143170,0.6900677516239435,0.6900996115200568,0.689819172812367,0.7611160182096064,0.7592463363572924,0.7589814283651576,0.7589039746451358,0.8262289708137724,0.7564549895324494,0.7563004632177045,0.7561581266403672,0.8262289708137724,,,,
sex_binary,transformer,30s,12,test,0.5,6.0,1433,17196,0.687078390323331,0.6873600818468351,0.6869342340856875,0.7541775446729964,0.7543614794138171,0.754577543112027,0.7541976102762021,0.8206524072101182,0.7480809490579204,0.749408782794994,0.7480804583427686,0.8206524072101182,,,,
sex_binary,transformer,30s,120,test,0.5,60.0,1433,171790,0.6899586704697596,0.6899424769984575,0.6896886011925891,0.7611873995425599,0.7606420097697139,0.7603219109388841,0.7602759134646571,0.8260923859809327,0.7585484996510816,0.7582536263273119,0.758192292086084,0.8260923859809327,,,,
sex_binary,transformer,30s,16,test,0.5,8.0,1433,22928,0.6902913468248429,0.6903536474004004,0.6900669038911782,0.7598508571368989,0.7613398464759247,0.7613375167316421,0.7611042650516899,0.8238543459342598,0.7592463363572924,0.7596145966259644,0.7591262213971981,0.8238543459342598,,,,
sex_binary,transformer,30s,160,test,0.5,80.0,1433,229030,0.6904335676548924,0.6904858108782843,0.6901910439308743,0.7614235755035029,0.7585484996510816,0.7583687478292767,0.7582422833426301,0.8263577507990212,0.7543614794138171,0.7541746178551498,0.7540499529959704,0.8263577507990212,,,,
sex_binary,transformer,30s,2,test,0.5,1.0,1433,2866,0.6273551988834613,0.6285643763341411,0.6273506621007234,0.6820007531677925,0.6650383810188416,0.6648725273267226,0.6647077404234245,0.7383561430004175,0.6022330774598744,0.6128971204014814,0.579238063447321,0.7383561430004175,,,,
sex_binary,transformer,30s,20,test,0.5,10.0,1433,28660,0.6888346127006281,0.6888732141533106,0.6886003998227028,0.7590168306660268,0.7571528262386602,0.7570282652555502,0.7568685497648077,0.825284584255281,0.7501744591765527,0.7507287776437945,0.7500983991146029,0.825284584255281,,,,
sex_binary,transformer,30s,200,test,0.5,100.0,1433,286270,0.6900618297411535,0.6900378747204761,0.6897862730069431,0.7613874913426555,0.7571528262386602,0.7568555830026029,0.7567945596703967,0.8264240920035435,0.7564549895324494,0.7561277809647572,0.7560824892103946,0.8264240920035435,,,,
sex_binary,transformer,30s,25,test,0.5,12.5,1433,35825,0.6875924633635729,0.6876514042872028,0.6873665636915934,0.7590269805776367,0.7536636427076064,0.7536770588212338,0.7534311811588587,0.8249782439873405,0.7529658060013956,0.7528916960324057,0.7526997776997777,0.8249782439873405,,,,
sex_binary,transformer,30s,250,test,0.5,125.0,1433,357820,0.6904505058409256,0.6904134526486971,0.6901686152763894,0.7615543107484607,0.7592463363572924,0.7589238676141752,0.7588781053799027,0.8264514089701113,0.7585484996510816,0.7581385048253471,0.758138504825347,0.8264514089701113,,,,
sex_binary,transformer,30s,3,test,0.5,1.5,1433,4299,0.6515468713654339,0.6524901366238571,0.6515414223992582,0.7178697188823978,0.7173761339846476,0.7176732968846951,0.717235129466276,0.7879969248900491,0.7069085833914864,0.7071591915738866,0.7067530695770805,0.7879969248900491,,,,
sex_binary,transformer,30s,30,test,0.5,15.0,1433,42990,0.685647825075599,0.685653194198917,0.6853994211266077,0.7578939225819823,0.7585484996510816,0.7583111870782944,0.7582177619131214,0.822964593308904,0.7536636427076064,0.7538497410741811,0.7534902987020266,0.822964593308904,,,,
sex_binary,transformer,30s,320,test,0.5,160.0,1433,457940,0.6905074900642005,0.6904858823488564,0.6902331142584059,0.7615951095178144,0.7578506629448709,0.7575833850404485,0.7575063165271366,0.8262875071707038,0.7606420097697139,0.7603794716898665,0.7603016327631351,0.8262875071707038,,,,
sex_binary,transformer,30s,4,test,0.5,2.0,1433,5732,0.6657362177250523,0.6666364228822521,0.6657257995787526,0.7344453046036894,0.7348220516399162,0.7349473758151188,0.7346254912357308,0.803442718272319,0.7083042568039079,0.7124138052144187,0.7068479822717111,0.803442718272319,,,,
sex_binary,transformer,30s,40,test,0.5,20.0,1433,57310,0.687820624672832,0.6878518034785206,0.6875810557958837,0.7602527202475818,0.7522679692951849,0.7519336509906303,0.7518890649561318,0.8258484844937191,0.7459874389392882,0.745786357906896,0.7456652923026514,0.8258484844937191,,,,
sex_binary,transformer,30s,400,test,0.5,200.0,1433,572340,0.6908428556452458,0.6908092109579516,0.6905642726539973,0.7618371924624495,0.7592463363572924,0.7589238676141752,0.7588781053799027,0.8264104335202596,0.7578506629448709,0.7575258242894662,0.7574802972951487,0.8264104335202596,,,,
sex_binary,transformer,30s,5,test,0.5,2.5,1433,7165,0.6736915561758549,0.6743232221532793,0.6736412011353202,0.7447176401262825,0.7397069085833915,0.7400995508310212,0.739592777706594,0.8133275577461161,0.732728541521284,0.7331093342074763,0.732611350835457,0.8133275577461161,,,,
sex_binary,transformer,30s,50,test,0.5,25.0,1433,71620,0.6898073163920693,0.6898559840516945,0.6895719707744978,0.7601961662667092,0.7578506629448709,0.7578136280443784,0.7576008848707669,0.8256514120920504,0.755059316120028,0.7553629059008551,0.7549213504825971,0.8256514120920504,,,,
sex_binary,transformer,30s,500,test,0.5,250.0,1433,715340,0.6907470573433612,0.6906808136045055,0.6904547807931283,0.762018603042827,0.7571528262386602,0.7567980222516204,0.7567679881379741,0.8266094571338258,0.7599441730635031,0.7596516696520208,0.7595900245017713,0.8266094571338258,,,,
sex_binary,transformer,30s,6,test,0.5,3.0,1433,8598,0.6763200744359154,0.6764947583944387,0.6761395420507943,0.7455304781466435,0.735519888346127,0.7352722525960875,0.7351711661632009,0.8105080565539258,0.7334263782274948,0.7352185942689005,0.733379506781847,0.8105080565539258,,,,
sex_binary,transformer,30s,60,test,0.5,30.0,1433,85930,0.690759920865821,0.690769090887779,0.6905060658520277,0.7610646224714412,0.7536636427076064,0.753561937319269,0.7533869446198173,0.8261723856687387,0.7557571528262387,0.7556877826818236,0.7554941304941305,0.8261723856687387,,,,
sex_binary,transformer,30s,8,test,0.5,4.0,1433,11464,0.6820481507327285,0.682382458995282,0.6819212297887534,0.7518242916613008,0.7473831123517097,0.7474146442355347,0.7471554463746076,0.8188358289333506,0.7445917655268667,0.7462302586136249,0.7445707439658698,0.8188358289333506,,,,
sex_binary,transformer,30s,80,test,0.5,40.0,1433,114550,0.6902837189000437,0.6902470945217334,0.6900073982421717,0.7614923178157879,0.7634333565945569,0.7634058013432142,0.7631893370927667,0.8270367725394243,0.7585484996510816,0.7581960655763295,0.758165873263618,0.8270367725394243,,,,
sex_binary,transformer,30s,all,test,0.5,,1433,1518580,0.6906221601759539,0.6905678687810707,0.6902165855445606,0.7621946581946255,0.7599441730635031,0.759536548150056,0.759536548150056,0.8265645792601786,0.7564549895324494,0.7560126594627923,0.7560272775745418,0.8265645792601786,,,,
sex_binary,transformer,10m,1,test,10.0,10.0,1433,1433,0.6727145847871598,0.6716120132214118,0.671742034428948,0.740752231210805,0.6727145847871598,0.6716120132214118,0.671742034428948,0.740752231210805,0.6727145847871598,0.6716120132214118,0.671742034428948,0.740752231210805,,,,
sex_binary,transformer,10m,10,test,10.0,100.0,1433,14313,0.7085167330398938,0.7093035417454793,0.7084779914095043,0.7848012494479042,0.7752965806001396,0.7759511182395386,0.7752386797599563,0.8437352439600235,0.771109560362875,0.7727355210321131,0.7710960724039724,0.8437352439600235,,,,
sex_binary,transformer,10m,12,test,10.0,120.0,1433,17175,0.7077147016011645,0.7086677000266368,0.7076976964170721,0.7866086258197951,0.7669225401256106,0.7676779797932496,0.7668815582856987,0.8449645074555806,0.7599441730635031,0.7617238566873885,0.7599103837911553,0.8449645074555806,,,,
sex_binary,transformer,10m,16,test,10.0,160.0,1433,22896,0.7113469601677149,0.7120420989889589,0.7112923139358256,0.7875964045628929,0.771109560362875,0.7716994275144291,0.7710398740491333,0.8459576743115149,0.7739009071877181,0.7753013646776012,0.7738999162397491,0.8459576743115149,,,,
sex_binary,transformer,10m,2,test,10.0,20.0,1433,2865,0.6551483420593368,0.6568179111122393,0.6550908167512627,0.7246155265567854,0.7152826238660154,0.7152020870162459,0.7150015793599108,0.778857448361177,0.6294487090020935,0.6388062875852192,0.6138514979358503,0.778857448361177,,,,
sex_binary,transformer,10m,20,test,10.0,200.0,1433,28616,0.714879787531451,0.7156051328457443,0.7148308155952876,0.7908177434226886,0.7676203768318214,0.7681179780761831,0.7675316229073345,0.8484844937190489,0.7718073970690859,0.7730028370620993,0.771805619065846,0.8484844937190489,,,,
sex_binary,transformer,10m,25,test,10.0,250.0,1433,35766,0.7141419224962254,0.7148991586248161,0.7140990456255134,0.7913478422992526,0.7773900907187719,0.7780194028511108,0.7773276315167763,0.8484766888714579,0.7745987438939288,0.7752808769526753,0.7745456051008156,0.8484766888714579,,,,
sex_binary,transformer,10m,3,test,10.0,30.0,1433,4296,0.6813314711359404,0.6828716549814104,0.6813103179617253,0.7570331911648868,0.7473831123517097,0.747587326488482,0.7472145878408671,0.8217938661702784,0.7292393579902303,0.7298732492751248,0.7291811979067221,0.8217938661702784,,,,
sex_binary,transformer,10m,30,test,10.0,300.0,1433,42911,0.714851669735033,0.7154959400186968,0.7147872303890038,0.7919648002553232,0.7725052337752966,0.7730399100881558,0.7724244431886826,0.8489488821507037,0.7780879274249826,0.7789198871419039,0.7780566919929865,0.8489488821507037,,,,
sex_binary,transformer,10m,4,test,10.0,40.0,1433,5727,0.6958267854024794,0.6970390875531086,0.6958267019365508,0.7699863483847258,0.7529658060013956,0.7530068175343705,0.7527431713166053,0.8339401602335211,0.7369155617585486,0.7410449129954615,0.7356281340393807,0.8339401602335211,,,,
sex_binary,transformer,10m,40,test,10.0,400.0,1433,57147,0.7163630636778834,0.7170342259430204,0.7163005948644741,0.7924031728127667,0.7752965806001396,0.776008678990521,0.7752483137267125,0.8487342488419557,0.7794836008374041,0.7804330519685776,0.7794654510743577,0.8487342488419557,,,,
sex_binary,transformer,10m,5,test,10.0,50.0,1433,7158,0.7018720312936575,0.7030409558876434,0.7018708908415143,0.779639328851502,0.7620376831821354,0.7626984870302945,0.76198158309405,0.8398737956144562,0.7634333565945569,0.7643267733589332,0.7634107747895698,0.8398737956144562,,,,
sex_binary,transformer,10m,50,test,10.0,500.0,1433,69864,0.7174224207030803,0.7181483467904034,0.7173593062543215,0.794025847493254,0.7732030704815074,0.7736525906240366,0.773103626688051,0.849001564871942,0.7773900907187719,0.7781920851040581,0.7773549617298172,0.849001564871942,,,,
sex_binary,transformer,10m,6,test,10.0,60.0,1433,8589,0.7018279194318314,0.7027682773967848,0.701811363034806,0.77613539058679,0.7599441730635031,0.7599970341579154,0.7597278274941022,0.8366601496189283,0.7529658060013956,0.7558848550834923,0.7525743327610426,0.8366601496189283,,,,
sex_binary,transformer,10m,60,test,10.0,600.0,1433,74466,0.7153600300808423,0.7161810579070762,0.7152705628119596,0.7921934505002683,0.7752965806001396,0.7759511182395386,0.7752386797599563,0.8480474222539619,0.7739009071877181,0.774610635665812,0.7738523405200463,0.8480474222539619,,,,
sex_binary,transformer,10m,8,test,10.0,80.0,1433,11451,0.7042179722294996,0.7051352272610589,0.7041980393552867,0.7830645899658657,0.7648290300069783,0.7652067699248002,0.764711700321321,0.8417586663076435,0.7578506629448709,0.7599433758307285,0.7577581776241594,0.8417586663076435,,,,
sex_binary,transformer,10m,80,test,10.0,800.0,1433,75557,0.7148907447357624,0.715752409390868,0.7147814586954677,0.7917497993505496,0.7752965806001396,0.7759511182395386,0.7752386797599563,0.8481313243655634,0.7745987438939288,0.7753384377036577,0.7745548293327761,0.8481313243655634,,,,
sex_binary,transformer,10m,all,test,10.0,,1433,75563,0.7148604475735479,0.7157247957068716,0.7147508714179337,0.7917152837557973,0.7752965806001396,0.7759511182395386,0.7752386797599563,0.8481391292131543,0.7745987438939288,0.7753384377036577,0.7745548293327761,0.8481391292131543,,,,
sex_binary,transformer,40m,1,test,40.0,40.0,1433,1433,0.7215631542219121,0.7201981650803313,0.7204605089789766,0.7862349805464175,0.7215631542219121,0.7201981650803313,0.7204605089789766,0.7862349805464175,0.7215631542219121,0.7201981650803313,0.7204605089789766,0.7862349805464175,,,,
sex_binary,transformer,40m,10,test,40.0,400.0,1433,14279,0.7415085089992296,0.7415132329685648,0.7412515243153965,0.8190480140032161,0.787857641311933,0.7883032651579895,0.787758315599105,0.8657214996234162,0.7892533147243544,0.7901617944905581,0.789230220760701,0.8657214996234162,,,,
sex_binary,transformer,40m,12,test,40.0,480.0,1433,16799,0.7464730043454968,0.7466019133457478,0.7462517970387932,0.8239499170737713,0.7927424982554082,0.7931676364189798,0.7926390949419357,0.8693488025412585,0.7885554780181437,0.78937643170173,0.788522110984748,0.8693488025412585,,,,
sex_binary,transformer,40m,16,test,40.0,640.0,1433,18377,0.7442455242966752,0.7444484060594967,0.7439436368455584,0.8225174631575343,0.7948360083740404,0.7954661640344818,0.7947735456416012,0.868773195031434,0.7899511514305653,0.7904291105205443,0.7898590511787795,0.868773195031434,,,,
sex_binary,transformer,40m,2,test,40.0,80.0,1433,2864,0.7105446927374302,0.7095813239121769,0.7097378325230953,0.779529209232525,0.7487787857641311,0.7480068370464896,0.7481605586278002,0.8209958205041151,0.7187718073970691,0.7241942470468408,0.7158219305147742,0.8209958205041151,,,,
sex_binary,transformer,40m,20,test,40.0,800.0,1433,18459,0.7435397367137981,0.7437456727926863,0.7432262250118901,0.8218915230809188,0.7948360083740404,0.7954661640344818,0.7947735456416012,0.8685292935442204,0.7892533147243544,0.7897013084826986,0.7891546424701636,0.8685292935442204,,,,
sex_binary,transformer,40m,3,test,40.0,120.0,1433,4295,0.7236321303841676,0.7233075402850746,0.7232285941102801,0.7984581952338687,0.7739009071877181,0.774207710408935,0.7737659482405772,0.8482483970794259,0.7676203768318214,0.7675423705663588,0.7673593556895162,0.8482483970794259,,,,
sex_binary,transformer,40m,4,test,40.0,160.0,1433,5725,0.7294323144104804,0.7292982016009515,0.7291212664284297,0.8072520357885056,0.7864619678995115,0.7867901003313158,0.7863345066716563,0.8570347042548127,0.7704117236566643,0.773158934013916,0.7701318729647014,0.8570347042548127,,,,
sex_binary,transformer,40m,5,test,40.0,200.0,1433,7155,0.7382250174703004,0.7382026691597025,0.7379635851659629,0.8130550704391157,0.7864619678995115,0.7869627825842631,0.7863744782349433,0.8622444400216974,0.7787857641311933,0.7790145209189427,0.7786300982678255,0.8622444400216974,,,,
sex_binary,transformer,40m,6,test,40.0,240.0,1433,8585,0.7422248107163657,0.7421754641554472,0.7419542244522817,0.8173727568610974,0.7913468248429868,0.7914817893393586,0.7911674322825915,0.8657312556829047,0.7829727843684577,0.7849354734225428,0.7829216197719927,0.8657312556829047,,,,
sex_binary,transformer,40m,8,test,40.0,320.0,1433,11443,0.7394913921174517,0.7395105125157448,0.7392446525752945,0.8172323611174016,0.790648988136776,0.7912144733093724,0.7905746409711802,0.8655029638908726,0.7899511514305653,0.7912349610342984,0.7899507422747183,0.8655029638908726,,,,
sex_binary,transformer,40m,all,test,40.0,,1433,18460,0.7435536294691224,0.7437590668817916,0.7432391948385171,0.8218962184278362,0.7948360083740404,0.7954661640344818,0.7947735456416012,0.8685585617226859,0.7892533147243544,0.7897013084826986,0.7891546424701636,0.8685585617226859,,,,
sex_binary,transformer,80m,1,test,80.0,80.0,1433,1433,0.7501744591765527,0.748541469106462,0.7489272192662024,0.8287538390094087,0.7501744591765527,0.748541469106462,0.7489272192662024,0.8287538390094087,0.7501744591765527,0.748541469106462,0.7489272192662024,0.8287538390094087,,,,
sex_binary,transformer,80m,10,test,80.0,800.0,1433,8759,0.7676675419568444,0.7678700884442511,0.767394673639977,0.8495616413267673,0.8136775994417307,0.814080725538632,0.8135726512218047,0.8907243288806679,0.8053035589672016,0.806728559108062,0.8053031797164333,0.8907243288806679,,,,
sex_binary,transformer,80m,2,test,80.0,160.0,1433,2863,0.7509605309116312,0.7502823060813864,0.7503973027068185,0.8303460217084822,0.7990230286113049,0.7988544434948546,0.7987477324594767,0.8631166317399737,0.7662247034193999,0.7708643088222095,0.764682728171554,0.8631166317399737,,,,
sex_binary,transformer,80m,3,test,80.0,240.0,1433,4293,0.7612392266480317,0.7610277267813643,0.760915376542695,0.8404070745819284,0.8136775994417307,0.8136778002817551,0.8134683122195219,0.8803965643060906,0.8060013956734124,0.8060173423713468,0.8057924807924808,0.8803965643060906,,,,
sex_binary,transformer,80m,4,test,80.0,320.0,1433,5722,0.7630199231038098,0.7626757130560924,0.762636415431243,0.844577129065377,0.8115840893230984,0.8117821979231301,0.811429724418659,0.8856648364299065,0.801814375436148,0.8040680816855349,0.8017215843096903,0.8856648364299065,,,,
sex_binary,transformer,80m,5,test,80.0,400.0,1433,7135,0.7672039243167484,0.767099356239527,0.7669177693896587,0.8472981644356817,0.8171667829727843,0.8173743712219659,0.8170169918432915,0.8891692129981932,0.8115840893230984,0.8120124409270597,0.8114841161566946,0.8891692129981932,,,,
sex_binary,transformer,80m,6,test,80.0,480.0,1433,8295,0.7681735985533454,0.7682412628000739,0.767949112241188,0.8497648364611985,0.8101884159106769,0.810499276100386,0.8100617897588835,0.8904023789175457,0.8039078855547802,0.8054456372853178,0.8039044477765014,0.8904023789175457,,,,
sex_binary,transformer,80m,8,test,80.0,640.0,1433,8741,0.7678755291156618,0.7680601087475973,0.7676017797845225,0.8495691388413321,0.8136775994417307,0.814080725538632,0.8135726512218047,0.8905994513192144,0.8053035589672016,0.8067861198590445,0.805302041955263,0.8905994513192144,,,,
sex_binary,transformer,80m,all,test,80.0,,1433,8759,0.7676675419568444,0.7678700884442511,0.767394673639977,0.8495616413267673,0.8136775994417307,0.814080725538632,0.8135726512218047,0.8907243288806679,0.8053035589672016,0.806728559108062,0.8053031797164333,0.8907243288806679,,,,
sex_binary,transformer,120m,1,test,120.0,120.0,1433,1433,0.7557571528262387,0.7525219413777897,0.7527897714950414,0.8380903879399495,0.7557571528262387,0.7525219413777897,0.7527897714950414,0.8380903879399495,0.7557571528262387,0.7525219413777897,0.7527897714950414,0.8380903879399495,,,,
sex_binary,transformer,120m,2,test,120.0,240.0,1433,2863,0.757247642333217,0.7556495435196211,0.7560572084363306,0.8370397310979579,0.776692254012561,0.7751618530269151,0.7756213277173424,0.8636044347144011,0.7690160502442428,0.7721638159460842,0.7685543963505292,0.8636044347144011,,,,
sex_binary,transformer,120m,3,test,120.0,360.0,1433,4286,0.7643490433971069,0.7630697653314625,0.7634240559554906,0.8447506723139292,0.787857641311933,0.7866915641304815,0.787072808320951,0.8739575650436486,0.7913468248429868,0.7900427705647978,0.7904832459260889,0.8739575650436486,,,,
sex_binary,transformer,120m,4,test,120.0,480.0,1433,5446,0.7673521850899743,0.7665609010774228,0.7667399849396954,0.8482389448409753,0.793440334961619,0.7927442234371769,0.7929320148717468,0.8774443807048556,0.793440334961619,0.7945286067176323,0.793432186881516,0.8774443807048556,,,,
sex_binary,transformer,120m,5,test,120.0,600.0,1433,5684,0.7691766361717101,0.7683988977918232,0.7685144762883884,0.8491380171596086,0.7927424982554082,0.7921891036522783,0.792301915005029,0.877200479217642,0.7941381716678297,0.7950261657515483,0.7941125045233541,0.877200479217642,,,,
sex_binary,transformer,120m,6,test,120.0,720.0,1433,5699,0.7692577645200912,0.7684959462512546,0.7685993271513765,0.8492082010787775,0.7948360083740404,0.7943149490148331,0.7944130185276275,0.8773195031434022,0.7948360083740404,0.7957539677893939,0.7948135261710135,0.8773195031434022,,,,
sex_binary,transformer,120m,all,test,120.0,,1433,5700,0.7691228070175439,0.7683648953505033,0.7684642163440336,0.8491728415219819,0.7948360083740404,0.7943149490148331,0.7944130185276275,0.8773214543553,0.7948360083740404,0.7957539677893939,0.7948135261710135,0.8773214543553,,,,
sex_binary,transformer,240m,1,test,240.0,240.0,1433,1433,0.7655268667131891,0.763286777417454,0.7637865735198885,0.8492025396974061,0.7655268667131891,0.763286777417454,0.7637865735198885,0.8492025396974061,0.7655268667131891,0.763286777417454,0.7637865735198885,0.8492025396974061,,,,
sex_binary,transformer,240m,2,test,240.0,480.0,1433,2593,0.7659082144234477,0.7650878278271835,0.7652813810593477,0.847772449822461,0.7704117236566643,0.7697628497059523,0.7698935752233553,0.8541293497391231,0.7634333565945569,0.7654204276275995,0.7633669814551323,0.8541293497391231,,,,
sex_binary,transformer,240m,3,test,240.0,720.0,1433,2608,0.7657208588957055,0.7649085595776772,0.7650914233915864,0.8479738169306184,0.771109560362875,0.770490651743798,0.7706081015129331,0.8543030075980191,0.7641311933007676,0.7660331081634804,0.7640805280733816,0.8543030075980191,,,,
sex_binary,transformer,240m,all,test,240.0,,1433,2608,0.7657208588957055,0.7649085595776772,0.7650914233915864,0.8479738169306184,0.771109560362875,0.770490651743798,0.7706081015129331,0.8543030075980191,0.7641311933007676,0.7660331081634804,0.7640805280733816,0.8543030075980191,,,,
sleep_efficiency_binary,lstm,30s,1,test,0.5,0.5,2023,2023,0.6198714780029659,0.6117320995473086,0.6094799490615216,0.6489931027179812,0.6198714780029659,0.6117320995473086,0.6094799490615216,0.6489931027179812,0.6198714780029659,0.6117320995473086,0.6094799490615216,0.6489931027179812,0.6249741516020453,0.6735114044673159,0.5908621351712452,0.6338994676791511
sleep_efficiency_binary,lstm,30s,10,test,0.5,5.0,2023,20230,0.6192782995551162,0.619485279892804,0.6134312642867951,0.6623462315425922,0.6490360850222442,0.6537638755108814,0.6449508582502768,0.6964605356135567,0.629757785467128,0.6416187943298518,0.6279760830596359,0.6964605356135567,0.6736994712773067,0.7197220519127887,0.6332279615717893,0.6738354978394183
sleep_efficiency_binary,lstm,30s,100,test,0.5,50.0,2023,202170,0.6178463669189296,0.6185990760602444,0.6122444436644477,0.6607159647085747,0.6406327236777064,0.6461436719932065,0.6368673509472499,0.6968922521142908,0.6391497775580821,0.6469699407204371,0.6361725925341952,0.6968922521142908,0.6744293158087125,0.719495022238747,0.6263499884207965,0.6672323581407396
sleep_efficiency_binary,lstm,30s,12,test,0.5,6.0,2023,24276,0.6192123908386884,0.6199973747428198,0.6136300068339797,0.6586685450463814,0.6312407315867523,0.6360502623899581,0.627262371914184,0.6918506383091374,0.6287691547207118,0.6401765150296398,0.6268786257061693,0.6918506383091374,0.6698403174574277,0.716492925613794,0.6152120106387623,0.6567781339118355
sleep_efficiency_binary,lstm,30s,120,test,0.5,60.0,2023,242590,0.617894389711035,0.6185388111411735,0.6122428893980765,0.6599780987390792,0.6376668314384577,0.6422292048067152,0.6335663855262998,0.6962141313843642,0.629757785467128,0.6374950871884055,0.6268032370400054,0.6962141313843642,0.6742610137018585,0.7193731758104943,0.6217887486923567,0.6628953447888494
sleep_efficiency_binary,lstm,30s,16,test,0.5,8.0,2023,32368,0.6229609490855166,0.6203113831626492,0.6157038362540768,0.6630160755054595,0.6475531389026199,0.6479922128117981,0.641725896772575,0.6998307752773065,0.6396440929312902,0.6459385048354285,0.6361587092078727,0.6998307752773065,0.6774586330168211,0.7231500729978335,0.6269074818707503,0.6687582566837426
sleep_efficiency_binary,lstm,30s,160,test,0.5,80.0,2023,323430,0.6175957703367034,0.6182253552566243,0.6119385351181286,0.660798138060781,0.6401384083044983,0.6444946982362751,0.6359496124031008,0.6969940720437093,0.6327236777063767,0.6399662568753908,0.6295924550750345,0.6969940720437093,0.6748271089569313,0.7197745509572461,0.6243337031667565,0.6651665980974599
sleep_efficiency_binary,lstm,30s,2,test,0.5,1.0,2023,4046,0.6075135936727633,0.6029819493629127,0.5992789194968902,0.6401284051129896,0.6144340088976767,0.6123562557146436,0.6074940151754852,0.6555187419944081,0.5798319327731093,0.6039382930499753,0.5798318301059882,0.6555187419944081,0.632884696640903,0.6805655859722931,0.5916612096260534,0.6349704003958658
sleep_efficiency_binary,lstm,30s,20,test,0.5,10.0,2023,40460,0.6181166584280771,0.6176411173311774,0.6119535186594869,0.6596249335624961,0.6460701927829956,0.6502617790385348,0.6417953116066324,0.6954677913017271,0.6366782006920415,0.6447044472908772,0.6337788774691642,0.6954677913017271,0.6738554947659661,0.7185324640178582,0.6307097330005904,0.6706279315442559
sleep_efficiency_binary,lstm,30s,200,test,0.5,100.0,2023,404270,0.6184975387735919,0.6191453671342633,0.6128446376911203,0.660886897275528,0.6391497775580821,0.6432586042931355,0.6348707698819751,0.6970908009766568,0.6347009391992091,0.6416137033333809,0.631449977307627,0.6970908009766568,0.6749055545519705,0.719976946625407,0.6229362403806898,0.6646914726273085
sleep_efficiency_binary,lstm,30s,25,test,0.5,12.5,2023,50575,0.619812160158181,0.6193115343652444,0.6136308091321168,0.6606440379340329,0.6445872466633712,0.6465519699101745,0.6394274615669695,0.6970348000154767,0.6391497775580821,0.6430524189360631,0.6347913093196113,0.6970348000154767,0.6753878222622408,0.7201694518076655,0.6254286642816432,0.6673764914599243
sleep_efficiency_binary,lstm,30s,250,test,0.5,125.0,2023,505320,0.6180578643235969,0.6187996849453075,0.6124493806674522,0.6607419481246193,0.6376668314384577,0.6416106487354983,0.633330440250546,0.6971376381441893,0.6381611468116658,0.6459400321343697,0.6351758051164806,0.6971376381441893,0.6750677350297726,0.7199707724088911,0.6209429619458995,0.6630294377708847
sleep_efficiency_binary,lstm,30s,3,test,0.5,1.5,2023,6069,0.6162464985994398,0.6117358329447207,0.608004895175352,0.6511810433013008,0.6307464162135442,0.6284219132779297,0.6236391552694791,0.6763042623858854,0.634206623826001,0.6329544274359908,0.627622527217768,0.6763042623858854,0.6544183114640604,0.7008031314817625,0.60810664347226,0.6499160521825113
sleep_efficiency_binary,lstm,30s,30,test,0.5,15.0,2023,60690,0.6176964903608502,0.617947391678868,0.6118761625756011,0.6604733303058874,0.6356895699456253,0.6393446462062913,0.6312489102193906,0.6964198076417893,0.629757785467128,0.6377012725454778,0.6268690383405424,0.6964198076417893,0.6747171329439439,0.7192776839530475,0.619103028402338,0.6600438995024914
sleep_efficiency_binary,lstm,30s,320,test,0.5,160.0,2023,646740,0.6179407489872283,0.6185330345851391,0.6122684006140429,0.660596069095506,0.6391497775580821,0.6430524189360631,0.6347913093196113,0.6966748665649825,0.6371725160652496,0.6444977528341578,0.6340455840455841,0.6966748665649825,0.6745521376693554,0.7196966343021357,0.6227310550956661,0.6644443513514746
sleep_efficiency_binary,lstm,30s,4,test,0.5,2.0,2023,8092,0.6190064260998517,0.617712365826788,0.6124437689228279,0.6574775983427787,0.6386554621848739,0.6414034451791318,0.6338398075620774,0.686929172020698,0.6173999011369253,0.6333841075381366,0.6165543121789522,0.686929172020698,0.6656012554943225,0.7107591285215215,0.6208147908446954,0.6637196574935211
sleep_efficiency_binary,lstm,30s,40,test,0.5,20.0,2023,80910,0.6189098998887653,0.6196335832087776,0.6132921031239014,0.6601774862564261,0.6445872466633712,0.6506756770516207,0.6410079657429861,0.6959173262901094,0.6361838853188334,0.6442925856763796,0.6333130402060048,0.6959173262901094,0.6736890513622643,0.7183485110004885,0.6301027307877309,0.6707061055969218
sleep_efficiency_binary,lstm,30s,400,test,0.5,200.0,2023,808340,0.6179565529356459,0.618552188693094,0.6122896153727007,0.6606877965655732,0.6401384083044983,0.6442885128792029,0.6358711239370929,0.6970235998232406,0.6351952545724172,0.6422317503049506,0.6319830763496819,0.6970235998232406,0.6750567049267159,0.7197170211285543,0.6242098616702884,0.6651450976538947
sleep_efficiency_binary,lstm,30s,5,test,0.5,2.5,2023,10115,0.6161146811665843,0.614993697346369,0.6096470134311228,0.6544193311245197,0.6366782006920415,0.6389312572928525,0.6316654664683925,0.6837758088066094,0.6376668314384577,0.6411982780213537,0.6331693446861271,0.6837758088066094,0.662206808059594,0.7069076871579497,0.6170174090795411,0.6597028197830229
sleep_efficiency_binary,lstm,30s,50,test,0.5,25.0,2023,101120,0.6177412974683544,0.6182438114702604,0.6120270637037132,0.6601247030653787,0.6421156697973307,0.6469668861225546,0.6381037567084079,0.6962395863667188,0.6391497775580821,0.6473823114345817,0.6363023360738906,0.6962395863667188,0.6742710336662574,0.7193342952612394,0.6265556583801786,0.6672673740602387
sleep_efficiency_binary,lstm,30s,500,test,0.5,250.0,2023,1010340,0.6183730229427717,0.6189624988035093,0.6127046859082355,0.6608142891019021,0.6416213544241226,0.6457302830797678,0.6373322908344417,0.6969726898585313,0.6371725160652496,0.6438791967629408,0.6338398335010159,0.6969726898585313,0.67497448235227,0.7199542376806178,0.6260996415553985,0.6669301939684837
sleep_efficiency_binary,lstm,30s,6,test,0.5,3.0,2023,12138,0.6204481792717087,0.6173328744648514,0.6129539377336211,0.6588779511658043,0.6406327236777064,0.6393395552098202,0.6340165408126572,0.691074261347322,0.6238260009886307,0.6350269720993029,0.6219102984852127,0.691074261347322,0.6685549053060617,0.7150152198316794,0.6179440261963609,0.6606767635153215
sleep_efficiency_binary,lstm,30s,60,test,0.5,30.0,2023,121330,0.6176790571169538,0.6184098678380077,0.6120687257547511,0.6595155206306971,0.6416213544241226,0.646555024508057,0.6376419519293604,0.6952071322824159,0.6317350469599604,0.6395549043605402,0.6287962771626221,0.6952071322824159,0.6725957382748733,0.7183068135142411,0.6261406234789418,0.6673858345359495
sleep_efficiency_binary,lstm,30s,8,test,0.5,4.0,2023,16184,0.6161641127039051,0.615911171275376,0.6101142335924945,0.6557035690303484,0.6238260009886307,0.6267795578164105,0.6191567139237963,0.6884518890651505,0.6173999011369253,0.6278171028971843,0.6153130656792278,0.6884518890651505,0.6655924949973085,0.7118443515429425,0.606378779537421,0.6483127686530922
sleep_efficiency_binary,lstm,30s,80,test,0.5,40.0,2023,161750,0.6176012364760433,0.61805223903372,0.6118630769808271,0.6606448374489635,0.6386554621848739,0.6426405573215657,0.6343309028965199,0.6966723210667469,0.634206623826001,0.6412018417188833,0.6309857405132311,0.6966723210667469,0.6743301370298161,0.7197753856862972,0.6227991660277595,0.6638588986851277
sleep_efficiency_binary,lstm,30s,all,test,0.5,,2023,2315620,0.6284843799932631,0.6216812291414399,0.616185939770407,0.6655915432073732,0.6411270390509145,0.6449060507511256,0.6367126743840903,0.6970958919731277,0.6356895699456253,0.6426436119194483,0.6324474063270922,0.6970958919731277,0.674974299376687,0.7199792215519424,0.6249821571078328,0.6659221827851894
sleep_efficiency_binary,lstm,10m,1,test,10.0,10.0,2023,2023,0.6208601087493821,0.6036898524221943,0.6039514473027627,0.6388854383246141,0.6208601087493821,0.6036898524221943,0.6039514473027627,0.6388854383246141,0.6208601087493821,0.6036898524221943,0.6039514473027627,0.6388854383246141,0.6153573267063078,0.663654209267946,0.5829979986618249,0.6260283325304866
sleep_efficiency_binary,lstm,10m,10,test,10.0,100.0,2023,20213,0.622074902290605,0.6249882546372609,0.6173843788627236,0.665442002224999,0.6500247157686604,0.6572680083818165,0.6468100846304077,0.7100870967676245,0.6361838853188334,0.6494472196031874,0.6346985000569202,0.7100870967676245,0.688191733197634,0.7332255135568166,0.6363820500921656,0.6796737530664331
sleep_efficiency_binary,lstm,10m,100,test,10.0,1000.0,2023,115082,0.6306633530873638,0.6279285460227322,0.6204966972583776,0.6729053049951955,0.6534849233811172,0.6589139275408654,0.649637252831009,0.7172531834000933,0.6450815620365793,0.6527370215226966,0.6420227920227921,0.7172531834000933,0.6947356494669737,0.7400195090448863,0.6383721026345814,0.6810044235704097
sleep_efficiency_binary,lstm,10m,12,test,10.0,120.0,2023,24255,0.6157493300350443,0.61809219261185,0.6108518862994778,0.662779771378299,0.6445872466633712,0.6498509356233314,0.6407156949028869,0.7081158629340838,0.6282748393475037,0.6391460973439254,0.6262473196263298,0.7081158629340838,0.6862780422615234,0.7312238888494356,0.629353045429264,0.6714481086818925
sleep_efficiency_binary,lstm,10m,120,test,10.0,1200.0,2023,115261,0.6307684299112449,0.62793278081509,0.6205117656232104,0.6729657053166542,0.6534849233811172,0.6589139275408654,0.649637252831009,0.7172694745888002,0.6450815620365793,0.6527370215226966,0.6420227920227921,0.7172694745888002,0.6947524937332952,0.7400248041497021,0.6383721026345814,0.6810044235704097
sleep_efficiency_binary,lstm,10m,16,test,10.0,160.0,2023,32336,0.6210724888668976,0.6243275047297949,0.6165310217113695,0.6682992776985426,0.6510133465150766,0.6566484341113055,0.6472483037150321,0.7168011029134755,0.6366782006920415,0.6467663008616003,0.6343912077147156,0.7168011029134755,0.6947243900246785,0.739659950788141,0.6371133937205108,0.6776166175267719
sleep_efficiency_binary,lstm,10m,2,test,10.0,20.0,2023,4045,0.5997527812113721,0.5989471421337743,0.5934918396444052,0.6307503981074233,0.6075135936727633,0.6129819391809197,0.6039084847408811,0.6501752320985291,0.5684626791893228,0.5985891830579784,0.5680569669710431,0.6501752320985291,0.6259892254508591,0.6755430273962372,0.5923859895961163,0.6361951019716646
sleep_efficiency_binary,lstm,10m,20,test,10.0,200.0,2023,40416,0.6205463182897862,0.6232446030372254,0.6157831627613777,0.6674779667301347,0.6539792387543253,0.659325789155363,0.6501003172595103,0.7156780290919902,0.6431043005437469,0.6539761700637189,0.6409967889917276,0.7156780290919902,0.693878020300656,0.7386259463686198,0.6387918421815838,0.6808512046666739
sleep_efficiency_binary,lstm,10m,25,test,10.0,250.0,2023,50516,0.6215456489033178,0.6239251762570268,0.6166477213576657,0.6667308329451638,0.6539792387543253,0.6591196037982907,0.6500262956021099,0.7148308872792289,0.6426099851705388,0.6502653427360644,0.6395630484781292,0.7148308872792289,0.693198488861351,0.7377795030373491,0.6380641387130085,0.6815448420248534
sleep_efficiency_binary,lstm,10m,3,test,10.0,30.0,2023,6066,0.6094625783053083,0.6098105482520095,0.6037075731768204,0.6474993558470682,0.6361838853188334,0.6418183613915119,0.6324832400304099,0.6799799618378904,0.6327236777063767,0.6346054375915107,0.6275689223057644,0.6799799618378904,0.6569611633209976,0.7031931833534772,0.6200949600629976,0.6640619002690672
sleep_efficiency_binary,lstm,10m,30,test,10.0,300.0,2023,60608,0.6195881731784583,0.6223397925324914,0.6148476303146664,0.6663295511800315,0.6520019772614928,0.6576783426973729,0.6482476003050744,0.7152524217870211,0.6396440929312902,0.6484127291202961,0.6369583578373873,0.7152524217870211,0.6929085750127716,0.7380604884271774,0.6371342172727037,0.6796564020783419
sleep_efficiency_binary,lstm,10m,4,test,10.0,40.0,2023,8087,0.6165450723383208,0.6194223315874574,0.6118652041195756,0.6554269609179442,0.634206623826001,0.6418203977901002,0.6311886554456225,0.6907576013668307,0.615916955017301,0.6370969712643795,0.6157351758045838,0.6907576013668307,0.6679143738576098,0.714720008719742,0.6207729308904744,0.6622730963465497
sleep_efficiency_binary,lstm,10m,40,test,10.0,400.0,2023,80693,0.622172927019692,0.6249860558431208,0.6173954061188003,0.6691093798289611,0.6510133465150766,0.6560298780400886,0.6470265209929852,0.7179577773116688,0.6445872466633712,0.6531499013364883,0.6418142036940587,0.7179577773116688,0.6950542960487982,0.7403921221299902,0.635254926842855,0.6774907931644863
sleep_efficiency_binary,lstm,10m,5,test,10.0,50.0,2023,10108,0.6167392164622082,0.6190843344755321,0.6118364529641449,0.6599654717650755,0.6460701927829956,0.6519112618951133,0.6423980818189539,0.7005185689005281,0.6386554621848739,0.644908596249361,0.6351605163661932,0.7005185689005281,0.6788878051259186,0.7240818737384325,0.6315308734182872,0.6737009243922654
sleep_efficiency_binary,lstm,10m,50,test,10.0,500.0,2023,99096,0.6224065552595462,0.625002743150448,0.6171753135872277,0.6688845792828249,0.6534849233811172,0.6585015568267208,0.6494889978009691,0.7170933261109064,0.6440929312901631,0.6525318543649186,0.6412844958537003,0.7170933261109064,0.694252254047643,0.7398905789264437,0.6375548161881306,0.6799150615722086
sleep_efficiency_binary,lstm,10m,6,test,10.0,60.0,2023,12129,0.6155495094401847,0.6191374141943846,0.6111647337502875,0.6602582893493391,0.6401384083044983,0.6457318103787091,0.6364047535812827,0.7027356978636141,0.6154226396440929,0.6321490317942912,0.6147100583604246,0.7027356978636141,0.6802276065984414,0.7256971920157033,0.6239685549167118,0.6667724153092244
sleep_efficiency_binary,lstm,10m,60,test,10.0,600.0,2023,108694,0.6253887059083298,0.6259597464912423,0.6181277410228743,0.6705593470740966,0.652496292634701,0.6580902043118704,0.6487108950163137,0.7175504975939951,0.6450815620365793,0.6527370215226966,0.6420227920227921,0.7175504975939951,0.6950514289923976,0.7403090747808614,0.6377243589229902,0.6795240110241848
sleep_efficiency_binary,lstm,10m,8,test,10.0,80.0,2023,16171,0.6148042792653515,0.6176267014335939,0.6101121148946834,0.658383329914968,0.6421156697973307,0.6469668861225546,0.6381037567084079,0.702186888444049,0.6213544241225902,0.6346171468833939,0.6199494776082798,0.702186888444049,0.6790576807754467,0.7262386192110005,0.625348512718943,0.6696874955463918
sleep_efficiency_binary,lstm,10m,80,test,10.0,800.0,2023,114271,0.6298885981570127,0.6277161587642272,0.6201837580831417,0.6726252250209114,0.6534849233811172,0.6589139275408654,0.649637252831009,0.7172165282255027,0.6450815620365793,0.6527370215226966,0.6420227920227921,0.7172165282255027,0.6946863383650427,0.7399249488113917,0.6383721026345814,0.6810044235704097
sleep_efficiency_binary,lstm,10m,all,test,10.0,,2023,115270,0.6307538821896417,0.6279179234106556,0.6204940094349516,0.6729551975121397,0.6534849233811172,0.6589139275408654,0.649637252831009,0.7172715109873885,0.6450815620365793,0.6527370215226966,0.6420227920227921,0.7172715109873885,0.6947525188654906,0.7400249560330556,0.6383721026345814,0.6810044235704097
sleep_efficiency_binary,lstm,40m,1,test,40.0,40.0,2023,2023,0.6292634700939199,0.6075987195125676,0.6085833309255414,0.6660133221195651,0.6292634700939199,0.6075987195125676,0.6085833309255414,0.6660133221195651,0.6292634700939199,0.6075987195125676,0.6085833309255414,0.6660133221195651,0.6422780845433456,0.692011033602746,0.5855757982525425,0.629667914232541
sleep_efficiency_binary,lstm,40m,10,test,40.0,400.0,2023,20162,0.637684753496677,0.6388645417100847,0.6321324100839893,0.6873782276393413,0.6668314384577361,0.6663228547049971,0.6605589777599863,0.7313481162294858,0.6520019772614928,0.659740196268096,0.6489377855693442,0.7313481162294858,0.7092246094637269,0.7527820839708782,0.6451091826363523,0.6870136043521555
sleep_efficiency_binary,lstm,40m,12,test,40.0,480.0,2023,23817,0.639333249359701,0.6408373175493344,0.6335540369834175,0.6882167462625687,0.6623826000988631,0.6632346562457363,0.6567122053581566,0.7315537924869111,0.6554621848739496,0.6630355982837233,0.6523305056014241,0.7315537924869111,0.7097980944608661,0.7526108598180946,0.6421145973400331,0.6847102868620595
sleep_efficiency_binary,lstm,40m,16,test,40.0,640.0,2023,27241,0.6420836239491943,0.6396444877988681,0.6327401821734306,0.6883508406799145,0.661888284725655,0.6626166092741664,0.6561650806777046,0.7305987215489662,0.657439446366782,0.6630335618851348,0.6536356864648921,0.7305987215489662,0.7086701990319023,0.752289529571958,0.6419639059335759,0.6835680577845371
sleep_efficiency_binary,lstm,40m,2,test,40.0,80.0,2023,4044,0.6224035608308606,0.611420453112136,0.6101485071162619,0.6605735975328064,0.6396440929312902,0.6277941934130651,0.6268918622504935,0.682055051999438,0.6005931784478498,0.6185560712169313,0.6001279916081343,0.682055051999438,0.6599819483043152,0.7055222636009019,0.6075661380140764,0.6497451206162145
sleep_efficiency_binary,lstm,40m,20,test,40.0,800.0,2023,27937,0.6442710384078463,0.6401939685606735,0.6334549732291785,0.6893754258641399,0.6613939693524469,0.6622047476596689,0.6557069702347544,0.7305946487517895,0.6569451309935739,0.6624155149135651,0.653099457397286,0.7305946487517895,0.7085919297006836,0.7525131136902874,0.641457636418626,0.6830415586421573
sleep_efficiency_binary,lstm,40m,25,test,40.0,1000.0,2023,28118,0.6450316523223558,0.6404330236804081,0.6337780074981396,0.6896918847864879,0.6613939693524469,0.6622047476596689,0.6557069702347544,0.730741269450152,0.6569451309935739,0.6624155149135651,0.653099457397286,0.730741269450152,0.708720975865167,0.7525329638321494,0.641457636418626,0.6830415586421573
sleep_efficiency_binary,lstm,40m,3,test,40.0,120.0,2023,6065,0.6276999175597692,0.6232145689362185,0.6194499334977938,0.6715406140251501,0.6569451309935739,0.6516938763458049,0.6483096361759902,0.7061853570723106,0.643598615916955,0.6393365006119378,0.6354749989066122,0.7061853570723106,0.6839451513579557,0.7287741068461805,0.6296514749165105,0.6736195309417876
sleep_efficiency_binary,lstm,40m,30,test,40.0,1200.0,2023,28156,0.6451555618695838,0.6404522577571354,0.6338146932648845,0.689732188095389,0.6613939693524469,0.6622047476596689,0.6557069702347544,0.7307646880339183,0.6569451309935739,0.6624155149135651,0.653099457397286,0.7307646880339183,0.7087402119427649,0.7525592686547166,0.641457636418626,0.6830415586421573
sleep_efficiency_binary,lstm,40m,4,test,40.0,160.0,2023,8085,0.6298082869511441,0.6268580288956451,0.6223794350889025,0.679716643262277,0.6510133465150766,0.6484010198284131,0.6437427912341407,0.7173631489238652,0.6262975778546713,0.6383233923142244,0.624575821845175,0.7173631489238652,0.6933469237487357,0.7389827066473278,0.625930625854788,0.669224503945359
sleep_efficiency_binary,lstm,40m,5,test,40.0,200.0,2023,10105,0.631073725878278,0.6309016412575847,0.6250098049169917,0.6771463010409791,0.6559565002471577,0.6543753041870392,0.6491879544584769,0.7178478117878968,0.6505190311418685,0.6525252360695064,0.6453599101213416,0.7178478117878968,0.6966550843634083,0.7402407877741506,0.632527013606617,0.6754815604526108
sleep_efficiency_binary,lstm,40m,6,test,40.0,240.0,2023,12125,0.6364536082474227,0.6374110421706396,0.6308870704907283,0.6850612805800599,0.6697973306969847,0.6683816536778378,0.6631110481778493,0.727270228056278,0.6426099851705388,0.6543890498775107,0.6407387675368497,0.727270228056278,0.7060165924661514,0.7483473579155371,0.6469218992234247,0.6904128252676427
sleep_efficiency_binary,lstm,40m,8,test,40.0,320.0,2023,16159,0.6370443715576459,0.6378635712021634,0.6313977456497084,0.6850343800404561,0.6638655462184874,0.6636454996609396,0.6577233442014707,0.7286055964306006,0.6505190311418685,0.6613912064236157,0.6483741501365068,0.7286055964306006,0.7068938855609438,0.7497373854502319,0.6424280415604288,0.6846234048290961
sleep_efficiency_binary,lstm,40m,all,test,40.0,,2023,28157,0.6451681642220407,0.6404619676931482,0.6338238057772905,0.6897283977849552,0.6613939693524469,0.6622047476596689,0.6557069702347544,0.730768760831095,0.6569451309935739,0.6624155149135651,0.653099457397286,0.730768760831095,0.7087431714206827,0.752559450497459,0.641457636418626,0.6830415586421573
sleep_efficiency_binary,lstm,80m,1,test,80.0,80.0,2023,2023,0.6332179930795848,0.6020276420744386,0.6028976351623049,0.6598430343968085,0.6332179930795848,0.6020276420744386,0.6028976351623049,0.6598430343968085,0.6332179930795848,0.6020276420744386,0.6028976351623049,0.6598430343968085,0.6332655194354824,0.6843872996045476,0.5796169478847272,0.6244458189566573
sleep_efficiency_binary,lstm,80m,10,test,80.0,800.0,2023,13372,0.6561471731977266,0.6493762476564141,0.6437137358102822,0.7019501133786847,0.6866040533860603,0.6854777289268383,0.6800749711649365,0.7585574559679715,0.6732575383094415,0.6805430260475743,0.6699669893687257,0.7585574559679715,0.7357787877433833,0.7799972569770632,0.6658946078829706,0.7056669778996053
sleep_efficiency_binary,lstm,80m,12,test,80.0,960.0,2023,13443,0.6565498772595403,0.6493346363816748,0.6437513597956905,0.7019869735079786,0.6866040533860603,0.6854777289268383,0.6800749711649365,0.7586287299185644,0.6732575383094415,0.6805430260475743,0.6699669893687257,0.7586287299185644,0.7358077842327225,0.7800848899200091,0.6658946078829706,0.7056669778996053
sleep_efficiency_binary,lstm,80m,2,test,80.0,160.0,2023,4043,0.6336878555528073,0.6192855842779291,0.6190698462997782,0.6674775583620242,0.6638655462184874,0.6477692271663718,0.6483451536643026,0.7021751791521658,0.6089965397923875,0.6290628697336187,0.6087380266881834,0.7021751791521658,0.678111681149721,0.7254926330312748,0.6267549138490676,0.6693782634920817
sleep_efficiency_binary,lstm,80m,3,test,80.0,240.0,2023,6063,0.6397822859970311,0.6337000617763244,0.6306571281298325,0.6838250313132286,0.6742461690558577,0.6667275889244353,0.6644299643602656,0.7345391528174593,0.6658428077113199,0.659519756120905,0.6566510200433444,0.7345391528174593,0.7119918756693883,0.7568359112032386,0.6465087782817566,0.6880947070385781
sleep_efficiency_binary,lstm,80m,4,test,80.0,320.0,2023,8079,0.6435202376531749,0.6394593504006763,0.6354918110859898,0.6908308310353479,0.6831438457736035,0.6784709904839095,0.6749076487053269,0.7448453660731922,0.6500247157686604,0.6646906812364197,0.6487681858844578,0.7448453660731922,0.7227355599534088,0.7671567045460288,0.657108336842207,0.6991552126369118
sleep_efficiency_binary,lstm,80m,5,test,80.0,400.0,2023,10074,0.6472106412547151,0.6447296579789084,0.639914383230989,0.6966406294263887,0.6826495304003954,0.679502426368918,0.6751688225937154,0.7518414134235322,0.67622343054869,0.6757977082370286,0.6699914949150052,0.7518414134235322,0.7291163488140581,0.7733245632067326,0.6582488676102105,0.700438719722609
sleep_efficiency_binary,lstm,80m,6,test,80.0,480.0,2023,11798,0.6494321071368029,0.6474452465837901,0.6418012454458542,0.6987631976683775,0.6875926841324765,0.6848581546563273,0.6803263604686982,0.755040595605859,0.666337123084528,0.6768388170153321,0.6640200477080338,0.755040595605859,0.7320532044324158,0.776136806839373,0.6639116039832748,0.7048146681202616
sleep_efficiency_binary,lstm,80m,8,test,80.0,640.0,2023,13105,0.6544067149942769,0.6488833380539462,0.6431455581244032,0.7010671448904205,0.6866040533860603,0.685271543569766,0.679982374581072,0.7583130881373674,0.671280276816609,0.678689394232512,0.6680356883319034,0.7583130881373674,0.7356869819826428,0.7797626643003264,0.66557253246922,0.7057877070658002
sleep_efficiency_binary,lstm,80m,all,test,80.0,,2023,13465,0.6564426290382473,0.6491550141652699,0.6435689281958229,0.7017453148528932,0.6866040533860603,0.6854777289268383,0.6800749711649365,0.7585401465799705,0.6732575383094415,0.6805430260475743,0.6699669893687257,0.7585401465799705,0.7357476819205311,0.779981663621674,0.6658946078829706,0.7056669778996053
sleep_efficiency_binary,lstm,120m,1,test,120.0,120.0,2023,2023,0.6613939693524469,0.6314831294558947,0.6335111004148193,0.6932964813068792,0.6613939693524469,0.6314831294558947,0.6335111004148193,0.6932964813068792,0.6613939693524469,0.6314831294558947,0.6335111004148193,0.6932964813068792,0.6682526800565285,0.7165494843152165,0.6104483717866521,0.6519626595853705
sleep_efficiency_binary,lstm,120m,10,test,120.0,1200.0,2023,8736,0.6737637362637363,0.6634310134310135,0.6591312161360767,0.7229875842513205,0.7187345526445873,0.7141044020828284,0.7107554892624521,0.7804864141668176,0.6880869995056846,0.6957854694815125,0.684882642505529,0.7804864141668176,0.7590923777967702,0.7997686145787717,0.6940618388512383,0.734116076571276
sleep_efficiency_binary,lstm,120m,2,test,120.0,240.0,2023,4043,0.6685629483057136,0.6546357207351201,0.6546675294847162,0.7096501719926522,0.6950074147305981,0.6813453670913915,0.6816759339711251,0.7482227331320015,0.6515076618882847,0.6704623439355032,0.6509618271963513,0.7482227331320015,0.7263718675077867,0.7680274383310062,0.6591113000360689,0.701350745264811
sleep_efficiency_binary,lstm,120m,3,test,120.0,360.0,2023,6051,0.6698066435299951,0.663195899414267,0.660401389281829,0.7195785547063592,0.7093425605536332,0.7015367681947122,0.6996727900705926,0.7718184835754272,0.703905091448344,0.6972124757923118,0.6947687283896414,0.7718184835754272,0.7513185717021552,0.7913901084818004,0.6808742122023216,0.7219057428812699
sleep_efficiency_binary,lstm,120m,4,test,120.0,480.0,2023,7775,0.6681672025723473,0.6627678029317373,0.6585477534401405,0.7199477491543066,0.7147800296589224,0.7095723970244143,0.7064893539713684,0.7768636610781101,0.6786950074147305,0.6914652498762888,0.6768948686496985,0.7768636610781101,0.7562284079809964,0.7958362366393317,0.6897318071380109,0.7291206840691608
sleep_efficiency_binary,lstm,120m,5,test,120.0,600.0,2023,8451,0.6699798840373921,0.6616332106386678,0.6572607835880511,0.7212539176316461,0.7187345526445873,0.7141044020828284,0.7107554892624521,0.7792370836328537,0.6861097380128522,0.6929009108810886,0.6826243303105433,0.7792370836328537,0.7583328198251154,0.7985981269393606,0.6938823494008541,0.7345932990497159
sleep_efficiency_binary,lstm,120m,6,test,120.0,720.0,2023,8640,0.6731481481481482,0.6636022694171733,0.6592319747561364,0.7226698910151137,0.7192288680177954,0.714516263697326,0.7112149908518809,0.7802685195178622,0.6870983687592684,0.6949617462525175,0.683947207670807,0.7802685195178622,0.7587401051323314,0.7995650348184745,0.6942026861904029,0.7343596725328712
sleep_efficiency_binary,lstm,120m,8,test,120.0,960.0,2023,8723,0.6738507394245099,0.6635677225674619,0.6592779895379932,0.7231632175402304,0.7187345526445873,0.7141044020828284,0.7107554892624521,0.7805637973131757,0.6880869995056846,0.6957854694815125,0.684882642505529,0.7805637973131757,0.7592093145759609,0.7997653628861332,0.6940618388512383,0.734116076571276
sleep_efficiency_binary,lstm,120m,all,test,120.0,,2023,8736,0.6737637362637363,0.6634310134310135,0.6591312161360767,0.7229875842513205,0.7187345526445873,0.7141044020828284,0.7107554892624521,0.7804864141668176,0.6880869995056846,0.6957854694815125,0.684882642505529,0.7804864141668176,0.7590923777967702,0.7997686145787717,0.6940618388512383,0.734116076571276
sleep_efficiency_binary,lstm,240m,1,test,240.0,240.0,2023,2023,0.6969846762234305,0.6551577903446197,0.6573540728092098,0.7344403874859233,0.6969846762234305,0.6551577903446197,0.6573540728092098,0.7344403874859233,0.6969846762234305,0.6551577903446197,0.6573540728092098,0.7344403874859233,0.7120533235628889,0.756502572274735,0.6351753954766405,0.6750189179673015
sleep_efficiency_binary,lstm,240m,2,test,240.0,480.0,2023,3747,0.7179076594609021,0.6834719334719335,0.6885727385763989,0.7543760707823208,0.7385071675729116,0.7006819898872446,0.7067210417835375,0.795939624854652,0.7118141374196737,0.7097816369793692,0.7049755294653254,0.795939624854652,0.7745130679957282,0.8154056401307508,0.6801347927926222,0.7215026929380407
sleep_efficiency_binary,lstm,240m,3,test,240.0,720.0,2023,3936,0.7197662601626016,0.6828012943310445,0.6881639943781417,0.7540694004573889,0.7380128521997034,0.7004763136298193,0.706487341772152,0.7983293385981025,0.7172516065249629,0.7130750025964082,0.7094739400366761,0.7983293385981025,0.7764756961136207,0.8178293365164419,0.6803097632516213,0.7208661829740932
sleep_efficiency_binary,lstm,240m,4,test,240.0,960.0,2023,3964,0.7199798183652876,0.6825373123387486,0.6879491895121242,0.7536708260719533,0.7390014829461197,0.7013000368588145,0.707382179675994,0.7986816355538903,0.7172516065249629,0.7132811879534805,0.7095701917130489,0.7986816355538903,0.7765345575383258,0.8181624336845333,0.680932989138082,0.7221247331715065
sleep_efficiency_binary,lstm,240m,5,test,240.0,1200.0,2023,3967,0.7199395008822788,0.6825602534407301,0.6879582254244827,0.7533987104581712,0.7390014829461197,0.7013000368588145,0.707382179675994,0.7986500713757705,0.7172516065249629,0.7132811879534805,0.7095701917130489,0.7986500713757705,0.7765474401873526,0.8181366613960236,0.680932989138082,0.7221247331715065
sleep_efficiency_binary,lstm,240m,all,test,240.0,,2023,3967,0.7199395008822788,0.6825602534407301,0.6879582254244827,0.7533987104581712,0.7390014829461197,0.7013000368588145,0.707382179675994,0.7986500713757705,0.7172516065249629,0.7132811879534805,0.7095701917130489,0.7986500713757705,0.7765474401873526,0.8181366613960236,0.680932989138082,0.7221247331715065
sleep_efficiency_binary,transformer,30s,1,test,0.5,0.5,2023,2023,0.6248146317350469,0.6100775256942592,0.6098656075786013,0.6532186297888458,0.6248146317350469,0.6100775256942592,0.6098656075786013,0.6532186297888458,0.6248146317350469,0.6100775256942592,0.6098656075786013,0.6532186297888458,,,,
sleep_efficiency_binary,transformer,30s,10,test,0.5,5.0,2023,20230,0.6263964409293129,0.6280964967835084,0.6211885643310907,0.6677874478427411,0.6544735541275334,0.660150021484005,0.6507096950446705,0.7043943445138404,0.6485417696490361,0.6618056135363487,0.6469929487089813,0.7043943445138404,,,,
sleep_efficiency_binary,transformer,30s,100,test,0.5,50.0,2023,202170,0.6245338081812336,0.6261238487636542,0.6192752023955004,0.6684275994538368,0.6544735541275334,0.658088167913282,0.649948794802691,0.7073720683496822,0.6475531389026199,0.6550025149522567,0.6444165545606739,0.7073720683496822,,,,
sleep_efficiency_binary,transformer,30s,12,test,0.5,6.0,2023,24276,0.6213956170703575,0.6226411716351399,0.616009925994532,0.6648332503500908,0.6495304003954523,0.6531448103400175,0.6450214018158441,0.7011187973844497,0.6332179930795848,0.6430585281318283,0.6308800848274532,0.7011187973844497,,,,
sleep_efficiency_binary,transformer,30s,120,test,0.5,60.0,2023,242590,0.6238550640999216,0.6253374469895503,0.6185521752305303,0.6677812779002367,0.6539792387543253,0.6576763062987845,0.6494878329382925,0.7065305266330388,0.6465645081562037,0.6527354942237554,0.6430051397861405,0.7065305266330388,,,,
sleep_efficiency_binary,transformer,30s,16,test,0.5,8.0,2023,32368,0.6271008403361344,0.6259901033574103,0.6206029234489301,0.6682058850360086,0.6500247157686604,0.6506700769555027,0.6442838409727603,0.7066985295165794,0.6515076618882847,0.65767885179702,0.6479275165870015,0.7066985295165794,,,,
sleep_efficiency_binary,transformer,30s,160,test,0.5,80.0,2023,323430,0.6244133197291531,0.6258335120997509,0.6190806590099465,0.6682568341344413,0.6515076618882847,0.6554108128692245,0.6471034056315884,0.7069988983083637,0.6490360850222442,0.65541335836746,0.6455368635936476,0.7069988983083637,,,,
sleep_efficiency_binary,transformer,30s,2,test,0.5,1.0,2023,4046,0.606772120612951,0.602054878905558,0.5984345075088456,0.6417878154126864,0.6183885318833415,0.61709444613013,0.6118279249184762,0.6580062028701001,0.5872466633712309,0.6130028122664505,0.5872321396936016,0.6580062028701001,,,,
sleep_efficiency_binary,transformer,30s,20,test,0.5,10.0,2023,40460,0.6245180425111221,0.6255829700058853,0.6190394393375702,0.6678945076802774,0.6544735541275334,0.6593252800557159,0.6504140291544758,0.7064959078570368,0.6495304003954523,0.6570623321243914,0.6464114125996043,0.7064959078570368,,,,
sleep_efficiency_binary,transformer,30s,200,test,0.5,100.0,2023,404270,0.624607316892176,0.6261294024255738,0.6193182224013283,0.6682890159716647,0.6559565002471577,0.6599423088279915,0.6515694135115071,0.7071007182377821,0.648047454275828,0.6547958204955373,0.6446779747984568,0.7071007182377821,,,,
sleep_efficiency_binary,transformer,30s,25,test,0.5,12.5,2023,50575,0.623905091448344,0.623868139118606,0.6179274140973721,0.6665844569841345,0.6510133465150766,0.6529370976840039,0.6458185782332764,0.7048515159969291,0.6445872466633712,0.6494385649091867,0.6405651175899176,0.7048515159969291,,,,
sleep_efficiency_binary,transformer,30s,250,test,0.5,125.0,2023,505320,0.6241629066729993,0.6256042653760234,0.6188402757006919,0.6682489278875303,0.652496292634701,0.6568530921694364,0.6482604937370849,0.706923551560594,0.6490360850222442,0.6552071730103877,0.6454661690510748,0.706923551560594,,,,
sleep_efficiency_binary,transformer,30s,3,test,0.5,1.5,2023,6069,0.6173999011369253,0.614071412425697,0.6097997881897981,0.6552752792298431,0.6396440929312902,0.6395467587661868,0.6335917975199066,0.6834230027511745,0.6371725160652496,0.6370750799795546,0.6311262746407356,0.6834230027511745,,,,
sleep_efficiency_binary,transformer,30s,30,test,0.5,15.0,2023,60690,0.6238754325259516,0.6257142158949056,0.6187379387178971,0.6672884855009551,0.652496292634701,0.6560283507411473,0.6479456405526349,0.7060275361817119,0.6460701927829956,0.6541793008229086,0.6431501044581971,0.7060275361817119,,,,
sleep_efficiency_binary,transformer,30s,320,test,0.5,160.0,2023,646740,0.6240915978600365,0.6256516312562319,0.6188246948700424,0.6681253552389218,0.6544735541275334,0.6582943532703542,0.6500281521428422,0.7067244935985811,0.648047454275828,0.6539710790672479,0.6443958578981777,0.7067244935985811,,,,
sleep_efficiency_binary,transformer,30s,4,test,0.5,2.0,2023,8092,0.6225902125556105,0.6228117624418863,0.6167371252167168,0.6612180489061485,0.6396440929312902,0.6426395391222715,0.6349251379272701,0.6924691943803545,0.6292634700939199,0.6467739373563066,0.6286078098471988,0.6924691943803545,,,,
sleep_efficiency_binary,transformer,30s,40,test,0.5,20.0,2023,80910,0.6235941169200346,0.6247174769370227,0.6181362058316008,0.6671039415856734,0.6495304003954523,0.6533509956970898,0.6451011554507748,0.705320905871548,0.6465645081562037,0.6547973477944785,0.6436805393893933,0.705320905871548,,,,
sleep_efficiency_binary,transformer,30s,400,test,0.5,200.0,2023,808340,0.624181656233763,0.6256784909698531,0.6188907819009102,0.6682584951045296,0.6539792387543253,0.6578824916558568,0.6495669388765157,0.7070915544441344,0.6510133465150766,0.65706080482545,0.6473925220170131,0.7070915544441344,,,,
sleep_efficiency_binary,transformer,30s,5,test,0.5,2.5,2023,10115,0.6176964903608502,0.6167240252269057,0.6112956497647916,0.6596388854383246,0.6431043005437469,0.6449040143525373,0.6378794490117714,0.6917289634934825,0.6391497775580821,0.6403720092941232,0.6336890304401318,0.6917289634934825,,,,
sleep_efficiency_binary,transformer,30s,50,test,0.5,25.0,2023,101120,0.6236155063291139,0.6249829573475809,0.618264670204248,0.6675969051105625,0.6520019772614928,0.6562350451978667,0.6477213812209359,0.7058228781235809,0.6440929312901631,0.65088237150834,0.6407550713971426,0.7058228781235809,,,,
sleep_efficiency_binary,transformer,30s,500,test,0.5,250.0,2023,1010340,0.6241077261120019,0.6255468941845976,0.618795119686553,0.668234979406301,0.6534849233811172,0.6570582593272146,0.648947217677663,0.7070253714900124,0.6505190311418685,0.6570613139250971,0.6470695212791815,0.7070253714900124,,,,
sleep_efficiency_binary,transformer,30s,6,test,0.5,3.0,2023,12138,0.6220958971824023,0.6206988716315422,0.615472749982829,0.6612516282703712,0.652496292634701,0.6519046435997011,0.6461939646668884,0.6933682643571191,0.6327236777063767,0.6445023347309815,0.6309051374324257,0.6933682643571191,,,,
sleep_efficiency_binary,transformer,30s,60,test,0.5,30.0,2023,121330,0.623959449435424,0.6253968098271077,0.6186374372582495,0.6673936881270031,0.6505190311418685,0.6545870896402295,0.6461810732511486,0.7057770591553426,0.6465645081562037,0.6545911624374062,0.64361627556593,0.7057770591553426,,,,
sleep_efficiency_binary,transformer,30s,8,test,0.5,4.0,2023,16184,0.6160405338606031,0.6169679985052834,0.6105361906788969,0.6622624509227941,0.6460701927829956,0.6494370376102455,0.6414761262625963,0.6972827315436104,0.6327236777063767,0.6447085200880538,0.6309562479483437,0.6972827315436104,,,,
sleep_efficiency_binary,transformer,30s,80,test,0.5,40.0,2023,161750,0.6236661514683153,0.6250148379376415,0.6183059587700855,0.6682956637988854,0.6534849233811172,0.6576768153984316,0.6491837798430765,0.7068889327845919,0.6490360850222442,0.6560319144386769,0.6457445842944045,0.7068889327845919,,,,
sleep_efficiency_binary,transformer,30s,all,test,0.5,,2023,2315620,0.6343916532073484,0.6285996283664961,0.6226328802658996,0.6729679404237363,0.6554621848739496,0.6591180764993494,0.6509503719277192,0.7070294442871892,0.6495304003954523,0.6558252199819574,0.6460009008508723,0.7070294442871892,,,,
sleep_efficiency_binary,transformer,10m,1,test,10.0,10.0,2023,2023,0.6347009391992091,0.6121291972720404,0.6132914704343276,0.6462429464243896,0.6347009391992091,0.6121291972720404,0.6132914704343276,0.6462429464243896,0.6347009391992091,0.6121291972720404,0.6132914704343276,0.6462429464243896,,,,
sleep_efficiency_binary,transformer,10m,10,test,10.0,100.0,2023,20213,0.6307821698906644,0.6341838587564999,0.6262493261042774,0.6751847066666291,0.6510133465150766,0.6562360633971609,0.6471011771217348,0.7074255238126268,0.6450815620365793,0.6576854700924322,0.643398029268331,0.7074255238126268,,,,
sleep_efficiency_binary,transformer,10m,100,test,10.0,1000.0,2023,115082,0.6393180514763386,0.6358117392725278,0.6287438707135253,0.681347021051207,0.6549678695007415,0.6617989952409364,0.6515965741310973,0.7104953946845924,0.6510133465150766,0.6603597705386071,0.6484423768030325,0.7104953946845924,,,,
sleep_efficiency_binary,transformer,10m,12,test,10.0,120.0,2023,24255,0.6276643990929706,0.6306005508606052,0.622957593920796,0.6736713573920652,0.6495304003954523,0.6543819224824513,0.645488872240923,0.7065132172450379,0.6371725160652496,0.6490338306897485,0.6353504842733935,0.7065132172450379,,,,
sleep_efficiency_binary,transformer,10m,120,test,10.0,1200.0,2023,115261,0.6395745308473811,0.6359356075943549,0.6288937064507614,0.6814755007695339,0.6549678695007415,0.6617989952409364,0.6515965741310973,0.7105239042648296,0.6510133465150766,0.6603597705386071,0.6484423768030325,0.7105239042648296,,,,
sleep_efficiency_binary,transformer,10m,16,test,10.0,160.0,2023,32336,0.6283090054428501,0.6313244211084504,0.6236363516793126,0.6750246797593508,0.6539792387543253,0.6597381598695076,0.6502461934851592,0.7086646723536492,0.6431043005437469,0.6543885407778636,0.6411047617924344,0.7086646723536492,,,,
sleep_efficiency_binary,transformer,10m,2,test,10.0,20.0,2023,4045,0.6116192830655129,0.6083154019433143,0.6040299904819321,0.6413350123634897,0.6213544241225902,0.6197718011741875,0.6146417522953119,0.6618224138247027,0.5783489866534849,0.6068264153479289,0.5781671643323437,0.6618224138247027,,,,
sleep_efficiency_binary,transformer,10m,20,test,10.0,200.0,2023,40416,0.6279938638163104,0.6311633551947535,0.6233891045373543,0.6751158216988655,0.652496292634701,0.6582963896689427,0.6487834211887837,0.7084742690856367,0.6411270390509145,0.6517101675345118,0.6389524764742323,0.7084742690856367,,,,
sleep_efficiency_binary,transformer,10m,25,test,10.0,250.0,2023,50516,0.6289888352205242,0.6317204752635159,0.6242042570079696,0.67517053072338,0.6490360850222442,0.6541762462250261,0.6451017503632177,0.7091142073420316,0.6510133465150766,0.657679360896667,0.6476034116569552,0.7091142073420316,,,,
sleep_efficiency_binary,transformer,10m,3,test,10.0,30.0,2023,6066,0.6226508407517309,0.6227246394867163,0.6167132133806208,0.658854059012903,0.6440929312901631,0.6461401082956769,0.6389691972730842,0.6868690982623411,0.6381611468116658,0.6389297299939112,0.6325038565310875,0.6868690982623411,,,,
sleep_efficiency_binary,transformer,10m,30,test,10.0,300.0,2023,60608,0.6292898627243928,0.6325022363784127,0.6246924498979199,0.6758604186759046,0.6559565002471577,0.6617979770416422,0.6522447866652441,0.7095800335191208,0.6475531389026199,0.6572705538800521,0.6451056207641896,0.7095800335191208,,,,
sleep_efficiency_binary,transformer,10m,4,test,10.0,40.0,2023,8087,0.6230988005440831,0.6247784519220121,0.6178810013446079,0.6642484200899486,0.6416213544241226,0.6463488391509847,0.6375656609912244,0.6930648409674522,0.6139396935244686,0.6315320030220155,0.6133649174282292,0.6930648409674522,,,,
sleep_efficiency_binary,transformer,10m,40,test,10.0,400.0,2023,80693,0.6298067986070663,0.6331653377284368,0.6252157725203713,0.677078103200801,0.6549678695007415,0.6615928098838642,0.651527789842769,0.7106878343511933,0.6475531389026199,0.6574767392371244,0.6451639408183032,0.7106878343511933,,,,
sleep_efficiency_binary,transformer,10m,5,test,10.0,50.0,2023,10108,0.6258409180846854,0.6282777645827157,0.6209343292126845,0.670290536505516,0.648047454275828,0.6525277815677418,0.643873956378036,0.70118701673716,0.643598615916955,0.6508828806079872,0.6404268384828133,0.70118701673716,,,,
sleep_efficiency_binary,transformer,10m,50,test,10.0,500.0,2023,99096,0.6305098086703802,0.6335673496529688,0.6254310702205714,0.6773468649170894,0.6554621848739496,0.6617984861412893,0.6519226653349504,0.7107509627074328,0.6500247157686604,0.660154603380829,0.647680960636646,0.7107509627074328,,,,
sleep_efficiency_binary,transformer,10m,6,test,10.0,60.0,2023,12129,0.6239591062742188,0.6264183705034911,0.6190706936244655,0.6692667175060452,0.6465645081562037,0.6506736406530322,0.6422564054367221,0.699512078898227,0.6277805239742956,0.642857942870874,0.6267166397320175,0.699512078898227,,,,
sleep_efficiency_binary,transformer,10m,60,test,10.0,600.0,2023,108694,0.6336964321857692,0.6340188078181681,0.6262868467708547,0.6786375753871625,0.6549678695007415,0.6613866245267919,0.6514582901375353,0.7107031073406059,0.6510133465150766,0.6603597705386071,0.6484423768030325,0.7107031073406059,,,,
sleep_efficiency_binary,transformer,10m,8,test,10.0,80.0,2023,16171,0.6248222126028075,0.6274182544535564,0.6199874646684866,0.6697517055571466,0.6455758774097874,0.6512932149235434,0.6418622979768612,0.7017989545129648,0.6317350469599604,0.6449157236444203,0.6302548118381461,0.7017989545129648,,,,
sleep_efficiency_binary,transformer,10m,80,test,10.0,800.0,2023,114271,0.6384121955701797,0.635539158644192,0.6283373322427717,0.6809791074500977,0.6549678695007415,0.6617989952409364,0.6515965741310973,0.7105055766775342,0.6510133465150766,0.6603597705386071,0.6484423768030325,0.7105055766775342,,,,
sleep_efficiency_binary,transformer,10m,all,test,10.0,,2023,115270,0.639593996703392,0.6359479759740091,0.6289064676566136,0.681479517961125,0.6549678695007415,0.6617989952409364,0.6515965741310973,0.7105228860655354,0.6510133465150766,0.6603597705386071,0.6484423768030325,0.7105228860655354,,,,
sleep_efficiency_binary,transformer,40m,1,test,40.0,40.0,2023,2023,0.6366782006920415,0.6249106530119353,0.6239629553291546,0.658999965381224,0.6366782006920415,0.6249106530119353,0.6239629553291546,0.658999965381224,0.6366782006920415,0.6249106530119353,0.6239629553291546,0.658999965381224,,,,
sleep_efficiency_binary,transformer,40m,10,test,40.0,400.0,2023,20162,0.6484971728995139,0.6574667082386341,0.6457578038664282,0.7106408407656899,0.6772120612951062,0.6863121432484223,0.6744601253889602,0.7608361859883558,0.6638655462184874,0.6824083671545199,0.6632137037385228,0.7608361859883558,,,,
sleep_efficiency_binary,transformer,40m,12,test,40.0,480.0,2023,23817,0.6482344543813242,0.6575590072656067,0.6452762053505108,0.7100302257136222,0.6767177459218982,0.6869312084192863,0.674280337496898,0.7593852519941433,0.6673257538309442,0.6844666570277134,0.6664442110457055,0.7593852519941433,,,,
sleep_efficiency_binary,transformer,40m,16,test,40.0,640.0,2023,27241,0.6507103263463162,0.6576205060495848,0.6452946858647296,0.7104686102265987,0.6772120612951062,0.6881678114620731,0.6749705054123645,0.7597222759605183,0.6688086999505685,0.685083685799989,0.6677721238504226,0.7597222759605183,,,,
sleep_efficiency_binary,transformer,40m,2,test,40.0,80.0,2023,4044,0.6273491592482691,0.6270990472826956,0.6212543503985858,0.6683790045965572,0.6337123084527929,0.6335734926068549,0.6276562265196046,0.693604995693017,0.5946613939693525,0.6241291850536489,0.5944607314893227,0.693604995693017,,,,
sleep_efficiency_binary,transformer,40m,20,test,40.0,800.0,2023,27937,0.652969180656477,0.6585704110874939,0.6464064840880962,0.7116197262610473,0.67622343054869,0.6871379028760056,0.6739750092574253,0.75976402213158,0.6683143845773604,0.6838470827572022,0.6671431923806237,0.75976402213158,,,,
sleep_efficiency_binary,transformer,40m,25,test,40.0,1000.0,2023,28118,0.6539938829219717,0.6590758666740817,0.6470533345706335,0.7119861518140127,0.67622343054869,0.6871379028760056,0.6739750092574253,0.7598118774984065,0.6683143845773604,0.6838470827572022,0.6671431923806237,0.7598118774984065,,,,
sleep_efficiency_binary,transformer,40m,3,test,40.0,120.0,2023,6065,0.6352844187963727,0.6397190438427551,0.6311384722723541,0.688975189758695,0.6604053386060307,0.6681851412140601,0.657318590169553,0.7274158305553463,0.6490360850222442,0.6543824315820985,0.6451760964899278,0.7274158305553463,,,,
sleep_efficiency_binary,transformer,40m,30,test,40.0,1200.0,2023,28156,0.6541767296490979,0.6591666975820241,0.6471655471738604,0.7120859853986766,0.67622343054869,0.6871379028760056,0.6739750092574253,0.7598312232849961,0.6683143845773604,0.6838470827572022,0.6671431923806237,0.7598312232849961,,,,
sleep_efficiency_binary,transformer,40m,4,test,40.0,160.0,2023,8085,0.6405689548546691,0.6472280715488385,0.6372008850349002,0.6977293109572578,0.6638655462184874,0.6718929139438321,0.6608422780006549,0.7394916741843715,0.6376668314384577,0.662022999085657,0.6376239752984144,0.7394916741843715,,,,
sleep_efficiency_binary,transformer,40m,5,test,40.0,200.0,2023,10105,0.6402770905492331,0.648022491591791,0.6372704189641742,0.7011210006731792,0.6673257538309442,0.6766316134589656,0.6646709993697244,0.74591549353138,0.6544735541275334,0.6657170261249574,0.6524066090276445,0.74591549353138,,,,
sleep_efficiency_binary,transformer,40m,6,test,40.0,240.0,2023,12125,0.6456082474226804,0.6548758204198912,0.6430423491784235,0.7056553773322112,0.6752347998022739,0.6856956235757938,0.6728700486962044,0.7535275514547014,0.6515076618882847,0.6743798657198771,0.6513573866990648,0.7535275514547014,,,,
sleep_efficiency_binary,transformer,40m,8,test,40.0,320.0,2023,16159,0.6469459743796027,0.6556754837640852,0.6441983606896449,0.7076525236236093,0.6722689075630253,0.6823997124605192,0.6698263254405867,0.7577999156930985,0.6534849233811172,0.6735530878929994,0.6530695422701032,0.7577999156930985,,,,
sleep_efficiency_binary,transformer,40m,all,test,40.0,,2023,28157,0.6541890116134531,0.6591770033994219,0.6471749815211778,0.712084161184334,0.67622343054869,0.6871379028760056,0.6739750092574253,0.7598291868864078,0.6683143845773604,0.6838470827572022,0.6671431923806237,0.7598291868864078,,,,
sleep_efficiency_binary,transformer,80m,1,test,80.0,80.0,2023,2023,0.6559565002471577,0.6364371781217482,0.6376253891387064,0.6866002936486765,0.6559565002471577,0.6364371781217482,0.6376253891387064,0.6866002936486765,0.6559565002471577,0.6364371781217482,0.6376253891387064,0.6866002936486765,,,,
sleep_efficiency_binary,transformer,80m,10,test,80.0,800.0,2023,13372,0.6725994615614718,0.6751892689201981,0.6645452941028163,0.7317761748274925,0.6950074147305981,0.7044381270834903,0.6922931474950011,0.7841203674477613,0.6880869995056846,0.7034143276931881,0.6867936213036074,0.7841203674477613,,,,
sleep_efficiency_binary,transformer,80m,12,test,80.0,960.0,2023,13443,0.6727664955739047,0.6750922023536239,0.6644689374981351,0.7317184817816408,0.69451309935739,0.7038200801119204,0.691765482065301,0.7842048779891786,0.6875926841324765,0.7027962807216181,0.6862771656449185,0.7842048779891786,,,,
sleep_efficiency_binary,transformer,80m,2,test,80.0,160.0,2023,4043,0.6522384368043532,0.6468074676471802,0.6434994694314764,0.6939639679599637,0.671280276816609,0.6669368288793902,0.6631653560537947,0.7254109961450976,0.6198714780029659,0.645958868821312,0.6198711064685004,0.7254109961450976,,,,
sleep_efficiency_binary,transformer,80m,3,test,80.0,240.0,2023,6063,0.6564407059211611,0.6594746178652596,0.6516911180363447,0.7123194459400486,0.6826495304003954,0.6875436552947382,0.678530269637691,0.7573478352064806,0.680672268907563,0.6842467259801696,0.6760751408866839,0.7573478352064806,,,,
sleep_efficiency_binary,transformer,80m,4,test,80.0,320.0,2023,8079,0.6641911127614804,0.6683084572032023,0.6598180368714313,0.7216297509875644,0.6905585763717251,0.6972262214827832,0.6870235157813154,0.7713022565332757,0.6643598615916955,0.6865315651963191,0.6641205414791083,0.7713022565332757,,,,
sleep_efficiency_binary,transformer,80m,5,test,80.0,400.0,2023,10074,0.6664681357951161,0.6724429522144049,0.6626768655755255,0.7278105615434711,0.6915472071181413,0.6990808714971399,0.6882835186977736,0.7783451410511482,0.6930301532377657,0.701347383125994,0.6900002442918978,0.7783451410511482,,,,
sleep_efficiency_binary,transformer,80m,6,test,80.0,480.0,2023,11798,0.6670622139345652,0.6735280933479075,0.6628804658669278,0.7287032304466692,0.6925358378645576,0.7011417068685688,0.6895922757368541,0.7803224840804541,0.6796836381611469,0.6980621631033086,0.6789455122553341,0.7803224840804541,,,,
sleep_efficiency_binary,transformer,80m,8,test,80.0,640.0,2023,13105,0.6709652804273178,0.6746180846478955,0.6638776524447927,0.7310232599801458,0.6950074147305981,0.7044381270834903,0.6922931474950011,0.7836906873456155,0.6856154226396441,0.7015612049777727,0.6844489135233236,0.7836906873456155,,,,
sleep_efficiency_binary,transformer,80m,all,test,80.0,,2023,13465,0.6727812848124768,0.6751303431846081,0.6644556265188262,0.7317277136055352,0.6950074147305981,0.7044381270834903,0.6922931474950011,0.7842853157334193,0.6880869995056846,0.7034143276931881,0.6867936213036074,0.7842853157334193,,,,
sleep_efficiency_binary,transformer,120m,1,test,120.0,120.0,2023,2023,0.671774592189817,0.6624002419241524,0.6608549874266555,0.7175566067897601,0.671774592189817,0.6624002419241524,0.6608549874266555,0.7175566067897601,0.671774592189817,0.6624002419241524,0.6608549874266555,0.7175566067897601,,,,
sleep_efficiency_binary,transformer,120m,10,test,120.0,1200.0,2023,8736,0.6810897435897436,0.6874236874236874,0.6740931248200304,0.7491049904511443,0.7261492832427089,0.7336843745099916,0.72284162378502,0.8135646546369815,0.6955017301038062,0.7157778126228203,0.6949632144878325,0.8135646546369815,,,,
sleep_efficiency_binary,transformer,120m,2,test,120.0,240.0,2023,4043,0.6787039327232254,0.6774186928762362,0.6720944873099546,0.7312451024027987,0.7108255066732575,0.7062775041084342,0.7028216070843393,0.7712533829671551,0.6475531389026199,0.6787138310155724,0.647415293690015,0.7712533829671551,,,,
sleep_efficiency_binary,transformer,120m,3,test,120.0,360.0,2023,6051,0.6767476450173525,0.6837557047468961,0.6732843319658619,0.7426069440775389,0.7217004448838359,0.72606009819514,0.7173844158441539,0.798321193003749,0.71280276816609,0.7217393694902691,0.7099104702318149,0.798321193003749,,,,
sleep_efficiency_binary,transformer,120m,4,test,120.0,480.0,2023,7775,0.6770418006430868,0.6858183710642727,0.6733007464506957,0.7473863127764768,0.7261492832427089,0.7334781891529192,0.7227807460176116,0.8094888028623618,0.6786950074147305,0.7052796688001336,0.6786723163841808,0.8094888028623618,,,,
sleep_efficiency_binary,transformer,120m,5,test,120.0,600.0,2023,8451,0.6788545734232635,0.6863706675672825,0.6731652348797119,0.7481627269471306,0.7241720217498764,0.7318307426949291,0.7209012186221124,0.8125484917413854,0.6974789915966386,0.717219073723738,0.6968656163876434,0.8125484917413854,,,,
sleep_efficiency_binary,transformer,120m,6,test,120.0,720.0,2023,8640,0.6802083333333333,0.686911729468663,0.6736479219291864,0.7485989820806938,0.7261492832427089,0.7336843745099916,0.72284162378502,0.8129445712668232,0.6935244686109738,0.7141303661648302,0.6930323487604405,0.8129445712668232,,,,
sleep_efficiency_binary,transformer,120m,8,test,120.0,960.0,2023,8723,0.6813023042531239,0.6876545379628151,0.6743449119469437,0.7493743920932177,0.726643598615917,0.7343024214815614,0.7233720783882018,0.81367869295793,0.6959960454770143,0.7163958595943902,0.6954710017665029,0.81367869295793,,,,
sleep_efficiency_binary,transformer,120m,all,test,120.0,,2023,8736,0.6810897435897436,0.6874236874236874,0.6740931248200304,0.7491049904511443,0.7261492832427089,0.7336843745099916,0.72284162378502,0.8135646546369815,0.6955017301038062,0.7157778126228203,0.6949632144878325,0.8135646546369815,,,,
sleep_efficiency_binary,transformer,240m,1,test,240.0,240.0,2023,2023,0.6866040533860603,0.6821787632136813,0.6785096232900061,0.7537535916980103,0.6866040533860603,0.6821787632136813,0.6785096232900061,0.7537535916980103,0.6866040533860603,0.6821787632136813,0.6785096232900061,0.7537535916980103,,,,
sleep_efficiency_binary,transformer,240m,2,test,240.0,480.0,2023,3747,0.7072324526287697,0.7062565871159621,0.698881436487231,0.7819399928774928,0.7394957983193278,0.7384128920321833,0.7332315925042081,0.8213090784685468,0.6673257538309442,0.6960130370237627,0.6673205513058755,0.8213090784685468,,,,
sleep_efficiency_binary,transformer,240m,3,test,240.0,720.0,2023,3936,0.7090955284552846,0.7070635380123795,0.6989952415317532,0.7830119737998352,0.7399901136925359,0.7394433097178976,0.7339425088711,0.8242028008626185,0.6782006920415224,0.7030121389719852,0.6781097690188599,0.8242028008626185,,,,
sleep_efficiency_binary,transformer,240m,4,test,240.0,960.0,2023,3964,0.7088799192734612,0.7065812468659209,0.6984855914999077,0.7825596021392778,0.740484429065744,0.7398551713323952,0.7344077473440774,0.8242659292188579,0.6782006920415224,0.7032183243290575,0.6781201538309253,0.8242659292188579,,,,
sleep_efficiency_binary,transformer,240m,5,test,240.0,1200.0,2023,3967,0.7088479959667254,0.7065958893414358,0.6984688056439212,0.782550846465146,0.740484429065744,0.7398551713323952,0.7344077473440774,0.8243086935892135,0.6782006920415224,0.7032183243290575,0.6781201538309253,0.8243086935892135,,,,
sleep_efficiency_binary,transformer,240m,all,test,240.0,,2023,3967,0.7088479959667254,0.7065958893414358,0.6984688056439212,0.782550846465146,0.740484429065744,0.7398551713323952,0.7344077473440774,0.8243086935892135,0.6782006920415224,0.7032183243290575,0.6781201538309253,0.8243086935892135,,,,
