task,head,context_length,epoch,is_best_epoch,train_loss,val_loss,train_bal_acc,val_bal_acc,val_auroc,num_classes,n_train,n_val,n_test,n_epochs_run,training_time_min,train_accuracy,train_balanced_accuracy,train_macro_f1,train_auroc,train_recall_class0,train_recall_class1,train_recall_class2,train_recall_class3,train_recall_class4,val_accuracy,val_balanced_accuracy,val_macro_f1,val_recall_class0,val_recall_class1,val_recall_class2,val_recall_class3,val_recall_class4,test_accuracy,test_balanced_accuracy,test_macro_f1,test_auroc,test_recall_class0,test_recall_class1,test_recall_class2,test_recall_class3,test_recall_class4,is_overfit_epoch,n_overfit_epochs,batch_size,seq_len,steps_per_epoch,windows_per_subject_train,n_trainable_params,input_dim,hidden_dim,save_snapshots,snapshot_interval
age_class,lstm,10m,1,False,0.9170591778924668,0.8498060432574494,0.5383114469264308,0.5747923103847126,0.7834890050042337,3,43413,9305,9303,23,33.571562910079955,,,,,,,,,,,,,,,,,,,,,,,,,,,,,,,,,,,,,
age_class,lstm,10m,2,False,0.8081782233769153,0.8190853460702379,0.604401652112675,0.6029347490430026,0.796602673065753,3,43413,9305,9303,23,33.571562910079955,,,,,,,,,,,,,,,,,,,,,,,,,,,,,,,,,,,,,
age_class,lstm,10m,3,False,0.768330396207501,0.8141423357231268,0.6294292206181702,0.5931269070086745,0.806965827308057,3,43413,9305,9303,23,33.571562910079955,,,,,,,,,,,,,,,,,,,,,,,,,,,,,,,,,,,,,
age_class,lstm,10m,4,False,0.7386645422450159,0.7932405402620655,0.650043318718806,0.6119180331711016,0.8072489400381139,3,43413,9305,9303,23,33.571562910079955,,,,,,,,,,,,,,,,,,,,,,,,,,,,,,,,,,,,,
age_class,lstm,10m,5,False,0.7110123947649598,0.7897556805854071,0.6659429422263864,0.6114863122911096,0.8130337254077896,3,43413,9305,9303,23,33.571562910079955,,,,,,,,,,,,,,,,,,,,,,,,,,,,,,,,,,,,,
age_class,lstm,10m,6,False,0.6829125201342675,0.7832439667495715,0.6853713799614699,0.6141431373957978,0.8165248919913372,3,43413,9305,9303,23,33.571562910079955,,,,,,,,,,,,,,,,,,,,,,,,,,,,,,,,,,,,,
age_class,lstm,10m,7,False,0.6613176165192078,0.8058430847270972,0.6980251955619169,0.601663963662559,0.821674224512191,3,43413,9305,9303,23,33.571562910079955,,,,,,,,,,,,,,,,,,,,,,,,,,,,,,,,,,,,,
age_class,lstm,10m,8,False,0.642609985507993,0.7878095805933244,0.7089998361309466,0.6257017894943154,0.8157153907735459,3,43413,9305,9303,23,33.571562910079955,,,,,,,,,,,,,,,,,,,,,,,,,,,,,,,,,,,,,
age_class,lstm,10m,9,False,0.6193422387619595,0.8007929671777954,0.7235596344265502,0.6172487332968125,0.8221989109112963,3,43413,9305,9303,23,33.571562910079955,,,,,,,,,,,,,,,,,,,,,,,,,,,,,,,,,,,,,
age_class,lstm,10m,10,False,0.5982320076337987,0.797672509954925,0.7334816166991027,0.6213118416819975,0.8170146466482618,3,43413,9305,9303,23,33.571562910079955,,,,,,,,,,,,,,,,,,,,,,,,,,,,,,,,,,,,,
age_class,lstm,10m,11,False,0.5764744512228285,0.8113946943434255,0.7476012063974524,0.618845727102954,0.8204253215515772,3,43413,9305,9303,23,33.571562910079955,,,,,,,,,,,,,,,,,,,,,,,,,,,,,,,,,,,,,
age_class,lstm,10m,12,False,0.5544500483594553,0.8100053863266602,0.7564473936794899,0.6263786866258859,0.8211649224423027,3,43413,9305,9303,23,33.571562910079955,,,,,,,,,,,,,,,,,,,,,,,,,,,,,,,,,,,,,
age_class,lstm,10m,13,True,0.5326634748139422,0.8496963228031489,0.7715871569979112,0.6081449407721449,0.822271150087211,3,43413,9305,9303,23,33.571562910079955,0.7722341234192523,0.7990644426846805,0.745923725046654,0.9210084326975602,0.9218554116172168,0.68664603306409,0.7886918833727344,,,0.6465341214400859,0.6081449407721449,0.5766755033472583,0.5860696517412936,0.5109929078014185,0.7273722627737226,,,0.6511877888853058,0.6126472045663992,0.5738341006256679,0.821878245339755,0.5937161430119177,0.5138297872340426,0.7303956834532375,,,,,,,,,,,,,
age_class,lstm,10m,14,False,0.5125229149858446,0.8472818747891463,0.7804530569607379,0.6094844280435582,0.8208350545854094,3,43413,9305,9303,23,33.571562910079955,,,,,,,,,,,,,,,,,,,,,,,,,,,,,,,,,,,,,
age_class,lstm,10m,15,False,0.4934879426472837,0.8564119945925324,0.7916271207671915,0.6182136375120825,0.8136658224633168,3,43413,9305,9303,23,33.571562910079955,,,,,,,,,,,,,,,,,,,,,,,,,,,,,,,,,,,,,
age_class,lstm,10m,16,False,0.4715359849068464,0.924486012679156,0.802991900703819,0.6019119922981768,0.8218069762171272,3,43413,9305,9303,23,33.571562910079955,,,,,,,,,,,,,,,,,,,,,,,,,,,,,,,,,,,,,
age_class,lstm,10m,17,False,0.4547520743233462,0.8993949914606331,0.8076250354040316,0.6090918356913471,0.8189444457532854,3,43413,9305,9303,23,33.571562910079955,,,,,,,,,,,,,,,,,,,,,,,,,,,,,,,,,,,,,
age_class,lstm,10m,18,False,0.4357666454347203,0.9490758258831368,0.8185256962204762,0.6056616603785442,0.8171952694477826,3,43413,9305,9303,23,33.571562910079955,,,,,,,,,,,,,,,,,,,,,,,,,,,,,,,,,,,,,
age_class,lstm,10m,19,False,0.4183519882201116,0.9558655051631608,0.8273504826962169,0.6045385808442902,0.8138360546830746,3,43413,9305,9303,23,33.571562910079955,,,,,,,,,,,,,,,,,,,,,,,,,,,,,,,,,,,,,
age_class,lstm,10m,20,False,0.4029074133038342,0.9993212547371428,0.8359446789730779,0.595019177292602,0.8192562521399122,3,43413,9305,9303,23,33.571562910079955,,,,,,,,,,,,,,,,,,,,,,,,,,,,,,,,,,,,,
age_class,lstm,10m,21,False,0.3888784034678665,1.0087787132760262,0.84233975638137,0.6011313276244444,0.8183476911532281,3,43413,9305,9303,23,33.571562910079955,,,,,,,,,,,,,,,,,,,,,,,,,,,,,,,,,,,,,
age_class,lstm,10m,22,False,0.3760538758683039,1.0377394020717543,0.8468195621440565,0.5970895380734677,0.8174004386245457,3,43413,9305,9303,23,33.571562910079955,,,,,,,,,,,,,,,,,,,,,,,,,,,,,,,,,,,,,
age_class,lstm,10m,23,False,0.3636357988603151,1.0839225154548229,0.8540849468685953,0.5897748535368403,0.8174600368724142,3,43413,9305,9303,23,33.571562910079955,,,,,,,,,,,,,,,,,,,,,,,,,,,,,,,,,,,,,
age_class,lstm,40m,1,False,0.8946291844753389,0.8207006944884926,0.5403498542558735,0.5883324293271954,0.7985938421133422,3,43392,9305,9300,27,39.36803948879242,,,,,,,,,,,,,,,,,,,,,,,,,,,,,,,,,,,,,
age_class,lstm,40m,2,False,0.7891988909877508,0.797239200073439,0.6118654475711135,0.6150967286567628,0.8089561867339006,3,43392,9305,9300,27,39.36803948879242,,,,,,,,,,,,,,,,,,,,,,,,,,,,,,,,,,,,,
age_class,lstm,40m,3,False,0.7448677673804022,0.7716683800472872,0.6412469184728334,0.6193564004278448,0.8209477289739234,3,43392,9305,9300,27,39.36803948879242,,,,,,,,,,,,,,,,,,,,,,,,,,,,,,,,,,,,,
age_class,lstm,40m,4,False,0.7166537358521712,0.7862460376625737,0.6594464783896232,0.6322056565029076,0.8155938763347854,3,43392,9305,9300,27,39.36803948879242,,,,,,,,,,,,,,,,,,,,,,,,,,,,,,,,,,,,,
age_class,lstm,40m,5,False,0.68991391066253,0.7577054507433888,0.6782822653979729,0.6332347490172475,0.8333601767836848,3,43392,9305,9300,27,39.36803948879242,,,,,,,,,,,,,,,,,,,,,,,,,,,,,,,,,,,,,
age_class,lstm,40m,6,False,0.670469990522109,0.750602255464561,0.6887298965542145,0.6325773614198511,0.8378172060905772,3,43392,9305,9300,27,39.36803948879242,,,,,,,,,,,,,,,,,,,,,,,,,,,,,,,,,,,,,
age_class,lstm,40m,7,False,0.647045377389168,0.7497486093427339,0.7046206412544086,0.63511899656864,0.8407351762978131,3,43392,9305,9300,27,39.36803948879242,,,,,,,,,,,,,,,,,,,,,,,,,,,,,,,,,,,,,
age_class,lstm,40m,8,False,0.6274507086625142,0.7457632775334887,0.7135415024189876,0.6419967383664583,0.8392807892998797,3,43392,9305,9300,27,39.36803948879242,,,,,,,,,,,,,,,,,,,,,,,,,,,,,,,,,,,,,
age_class,lstm,40m,9,False,0.6098823359230626,0.754613477654639,0.7256359362308441,0.6394894992346853,0.8419158857805692,3,43392,9305,9300,27,39.36803948879242,,,,,,,,,,,,,,,,,,,,,,,,,,,,,,,,,,,,,
age_class,lstm,40m,10,False,0.5874024653329258,0.7555467226760225,0.7385117259332196,0.6417439643424951,0.8451617783344932,3,43392,9305,9300,27,39.36803948879242,,,,,,,,,,,,,,,,,,,,,,,,,,,,,,,,,,,,,
age_class,lstm,40m,11,False,0.5692017538621362,0.7816586099921344,0.7481736166260688,0.6368995474045623,0.8372896130593385,3,43392,9305,9300,27,39.36803948879242,,,,,,,,,,,,,,,,,,,,,,,,,,,,,,,,,,,,,
age_class,lstm,40m,12,False,0.5496372384483483,0.7993299794414875,0.7588815757311845,0.6324216907902379,0.8422538388369037,3,43392,9305,9300,27,39.36803948879242,,,,,,,,,,,,,,,,,,,,,,,,,,,,,,,,,,,,,
age_class,lstm,40m,13,False,0.530723162984426,0.8449142513577493,0.7698854871012992,0.6221080753503281,0.8449991485374517,3,43392,9305,9300,27,39.36803948879242,,,,,,,,,,,,,,,,,,,,,,,,,,,,,,,,,,,,,
age_class,lstm,40m,14,False,0.5121050269994061,0.8148639553212018,0.7768314848406411,0.637878269263508,0.8412767695089091,3,43392,9305,9300,27,39.36803948879242,,,,,,,,,,,,,,,,,,,,,,,,,,,,,,,,,,,,,
age_class,lstm,40m,15,False,0.4919086308342165,0.8239021620975906,0.7881133140814338,0.6334991901289742,0.8404522423845865,3,43392,9305,9300,27,39.36803948879242,,,,,,,,,,,,,,,,,,,,,,,,,,,,,,,,,,,,,
age_class,lstm,40m,16,False,0.4700622432219595,0.8773382402696256,0.7986713825380184,0.6275748593059963,0.8430721162787244,3,43392,9305,9300,27,39.36803948879242,,,,,,,,,,,,,,,,,,,,,,,,,,,,,,,,,,,,,
age_class,lstm,40m,17,True,0.4472648540737003,0.9277316408154788,0.8116302646465652,0.6171479469144932,0.8452865621902416,3,43392,9305,9300,27,39.36803948879242,0.8151041666666666,0.8350955480557513,0.8145559683150844,0.944404858279118,0.8633891213389121,0.8585247883917775,0.7833727344365642,,,0.6821063944116067,0.6171479469144932,0.6078973333412792,0.4507462686567164,0.6698581560283688,0.7308394160583942,,,0.6861290322580645,0.6232406858971657,0.6094769387430623,0.8456381221918079,0.4608695652173913,0.6847517730496454,0.7241007194244604,,,,,,,,,,,,,
age_class,lstm,40m,18,False,0.4294933791665201,0.9003644764967851,0.8204334359140554,0.6288276482679526,0.8405253786224111,3,43392,9305,9300,27,39.36803948879242,,,,,,,,,,,,,,,,,,,,,,,,,,,,,,,,,,,,,
age_class,lstm,40m,19,False,0.409706527812291,0.883896383958629,0.8312028059509498,0.6374568182538156,0.8351792298574257,3,43392,9305,9300,27,39.36803948879242,,,,,,,,,,,,,,,,,,,,,,,,,,,,,,,,,,,,,
age_class,lstm,40m,20,False,0.389201893457445,0.9986227660842764,0.8403993583377053,0.6194311483427714,0.8437035416741326,3,43392,9305,9300,27,39.36803948879242,,,,,,,,,,,,,,,,,,,,,,,,,,,,,,,,,,,,,
age_class,lstm,40m,21,False,0.3721831229056581,0.9476310022475576,0.848496289819317,0.6339941528058831,0.8363214782570828,3,43392,9305,9300,27,39.36803948879242,,,,,,,,,,,,,,,,,,,,,,,,,,,,,,,,,,,,,
age_class,lstm,40m,22,False,0.3532043916329873,1.002474520201327,0.8559368764456412,0.6275910528632398,0.8428687876256132,3,43392,9305,9300,27,39.36803948879242,,,,,,,,,,,,,,,,,,,,,,,,,,,,,,,,,,,,,
age_class,lstm,40m,23,False,0.3405725172003813,1.0342361978790184,0.8619243619747184,0.6214790506235711,0.8420153383621732,3,43392,9305,9300,27,39.36803948879242,,,,,,,,,,,,,,,,,,,,,,,,,,,,,,,,,,,,,
age_class,lstm,40m,24,False,0.3224877755770289,1.0412381551651335,0.8711237274326223,0.6288540473075942,0.840626073417575,3,43392,9305,9300,27,39.36803948879242,,,,,,,,,,,,,,,,,,,,,,,,,,,,,,,,,,,,,
age_class,lstm,40m,25,False,0.311732905848188,1.1324803679172613,0.8779233474278234,0.6139741384705607,0.8436942118277999,3,43392,9305,9300,27,39.36803948879242,,,,,,,,,,,,,,,,,,,,,,,,,,,,,,,,,,,,,
age_class,lstm,40m,26,False,0.3008196728199632,1.0880950553708022,0.8822018760458684,0.629710071581318,0.8412681700707676,3,43392,9305,9300,27,39.36803948879242,,,,,,,,,,,,,,,,,,,,,,,,,,,,,,,,,,,,,
age_class,lstm,40m,27,False,0.2922022748397866,1.1382457951907508,0.8853773693141126,0.6200512102736305,0.843164746907688,3,43392,9305,9300,27,39.36803948879242,,,,,,,,,,,,,,,,,,,,,,,,,,,,,,,,,,,,,
age_class,lstm,80m,1,False,0.8715667292882087,0.7986256152789483,0.5608627591142606,0.6032085031832395,0.8110919985199384,3,43231,9284,9270,26,54.94352813164393,,,,,,,,,,,,,,,,,,,,,,,,,,,,,,,,,,,,,
age_class,lstm,80m,2,False,0.7733422271490775,0.7729062137291484,0.6213963367650206,0.6371214648828024,0.8225237851343415,3,43231,9284,9270,26,54.94352813164393,,,,,,,,,,,,,,,,,,,,,,,,,,,,,,,,,,,,,
age_class,lstm,80m,3,False,0.7331875181609538,0.7445866957351803,0.6480811655248438,0.6424128702161299,0.8374406563542115,3,43231,9284,9270,26,54.94352813164393,,,,,,,,,,,,,,,,,,,,,,,,,,,,,,,,,,,,,
age_class,lstm,80m,4,False,0.7092382843355823,0.7396048243730965,0.6643982298126486,0.6456988591437359,0.8413701574538096,3,43231,9284,9270,26,54.94352813164393,,,,,,,,,,,,,,,,,,,,,,,,,,,,,,,,,,,,,
age_class,lstm,80m,5,False,0.6900105753645571,0.7226371926410812,0.6763680104431561,0.6688056924425968,0.8429736611671254,3,43231,9284,9270,26,54.94352813164393,,,,,,,,,,,,,,,,,,,,,,,,,,,,,,,,,,,,,
age_class,lstm,80m,6,False,0.6716138708779247,0.7583379138394298,0.6909781817683576,0.6288329315257908,0.8536062409451853,3,43231,9284,9270,26,54.94352813164393,,,,,,,,,,,,,,,,,,,,,,,,,,,,,,,,,,,,,
age_class,lstm,80m,7,False,0.6557225255752646,0.7621682628071139,0.699136994681045,0.6553474486008394,0.8323254140209277,3,43231,9284,9270,26,54.94352813164393,,,,,,,,,,,,,,,,,,,,,,,,,,,,,,,,,,,,,
age_class,lstm,80m,8,False,0.639210238176923,0.7165016040674627,0.7095620260695911,0.6592297346859662,0.8609681555643799,3,43231,9284,9270,26,54.94352813164393,,,,,,,,,,,,,,,,,,,,,,,,,,,,,,,,,,,,,
age_class,lstm,80m,9,False,0.6176742024183555,0.7012360140662006,0.7216561491781798,0.673593060341949,0.8585878915355494,3,43231,9284,9270,26,54.94352813164393,,,,,,,,,,,,,,,,,,,,,,,,,,,,,,,,,,,,,
age_class,lstm,80m,10,False,0.6029017994481104,0.7345428066693314,0.727026079853064,0.6387084924989672,0.8625528144337441,3,43231,9284,9270,26,54.94352813164393,,,,,,,,,,,,,,,,,,,,,,,,,,,,,,,,,,,,,
age_class,lstm,80m,11,False,0.5867007140266068,0.7132176662097456,0.7351490437031755,0.662537234840675,0.8619999619297777,3,43231,9284,9270,26,54.94352813164393,,,,,,,,,,,,,,,,,,,,,,,,,,,,,,,,,,,,,
age_class,lstm,80m,12,False,0.5720627995542296,0.7105012873748622,0.746024915983206,0.686079095525551,0.8641581784050314,3,43231,9284,9270,26,54.94352813164393,,,,,,,,,,,,,,,,,,,,,,,,,,,,,,,,,,,,,
age_class,lstm,80m,13,False,0.5557773020984932,0.7063495179077306,0.756167087150013,0.6786860607509556,0.858485549173218,3,43231,9284,9270,26,54.94352813164393,,,,,,,,,,,,,,,,,,,,,,,,,,,,,,,,,,,,,
age_class,lstm,80m,14,False,0.5442584797011659,0.7390771373907382,0.7634072781951674,0.6676558759828883,0.8659322452514454,3,43231,9284,9270,26,54.94352813164393,,,,,,,,,,,,,,,,,,,,,,,,,,,,,,,,,,,,,
age_class,lstm,80m,15,False,0.5298186768138382,0.7633820229797001,0.767964274376765,0.6604881689370287,0.8668802219324524,3,43231,9284,9270,26,54.94352813164393,,,,,,,,,,,,,,,,,,,,,,,,,,,,,,,,,,,,,
age_class,lstm,80m,16,True,0.5101660847462582,0.7764917415619308,0.7814754352511523,0.6531310642857755,0.8679274209041505,3,43231,9284,9270,26,54.94352813164393,0.7839744627697717,0.7944763000949685,0.7733967328696164,0.9314026460201004,0.7798649219079781,0.8566550311124601,0.7469089472644677,,,0.6980827229642396,0.6531310642857755,0.6399829858092013,0.5119521912350598,0.7332859174964438,0.714155084125823,,,0.6898597626752967,0.6462368478835129,0.6278656589124869,0.8589020648732278,0.5109409190371991,0.7274991106367841,0.7002705139765555,,,,,,,,,,,,,
age_class,lstm,80m,17,False,0.4925841560513997,0.7438181091207515,0.7919864502694841,0.6759925628427673,0.863031072882435,3,43231,9284,9270,26,54.94352813164393,,,,,,,,,,,,,,,,,,,,,,,,,,,,,,,,,,,,,
age_class,lstm,80m,18,False,0.473375548986141,0.794646887366292,0.8000117372997945,0.659872194007512,0.8613770581444219,3,43231,9284,9270,26,54.94352813164393,,,,,,,,,,,,,,,,,,,,,,,,,,,,,,,,,,,,,
age_class,lstm,80m,19,False,0.4543867931485146,0.7963029342907763,0.8075009378323399,0.66459406157634,0.8675530034062412,3,43231,9284,9270,26,54.94352813164393,,,,,,,,,,,,,,,,,,,,,,,,,,,,,,,,,,,,,
age_class,lstm,80m,20,False,0.4356392855726234,0.8034116156087873,0.820352587268705,0.6698112252787634,0.8626517859917106,3,43231,9284,9270,26,54.94352813164393,,,,,,,,,,,,,,,,,,,,,,,,,,,,,,,,,,,,,
age_class,lstm,80m,21,False,0.420280120629688,0.8002128942112428,0.8275447473756934,0.6773450495060033,0.8594227884135557,3,43231,9284,9270,26,54.94352813164393,,,,,,,,,,,,,,,,,,,,,,,,,,,,,,,,,,,,,
age_class,lstm,80m,22,False,0.4006886200422725,0.858092266441881,0.8368552157728778,0.6627209773063197,0.8635866829650475,3,43231,9284,9270,26,54.94352813164393,,,,,,,,,,,,,,,,,,,,,,,,,,,,,,,,,,,,,
age_class,lstm,80m,23,False,0.3838434754114567,0.9080079524797492,0.8450808039193287,0.6553517525736531,0.8620080805459681,3,43231,9284,9270,26,54.94352813164393,,,,,,,,,,,,,,,,,,,,,,,,,,,,,,,,,,,,,
age_class,lstm,80m,24,False,0.364598486201707,0.868959969664791,0.8527937766718888,0.6676527214174875,0.8601913338503486,3,43231,9284,9270,26,54.94352813164393,,,,,,,,,,,,,,,,,,,,,,,,,,,,,,,,,,,,,
age_class,lstm,80m,25,False,0.3542553185430821,0.889909181344206,0.8585983577580208,0.6628241752288744,0.8605561033739041,3,43231,9284,9270,26,54.94352813164393,,,,,,,,,,,,,,,,,,,,,,,,,,,,,,,,,,,,,
age_class,lstm,80m,26,False,0.3401511266735552,0.9362703904875492,0.866925886793631,0.6554622027836781,0.8623467863106574,3,43231,9284,9270,26,54.94352813164393,,,,,,,,,,,,,,,,,,,,,,,,,,,,,,,,,,,,,
age_class,lstm,120m,1,False,0.8541456258506491,0.801502145979624,0.5649737671410033,0.5761422871397196,0.8239544557159743,3,35787,7655,7708,30,70.83793131907781,,,,,,,,,,,,,,,,,,,,,,,,,,,,,,,,,,,,,
age_class,lstm,120m,2,False,0.7667551907162743,0.760597885612722,0.6200826494456202,0.6123931999301194,0.8307098624047228,3,35787,7655,7708,30,70.83793131907781,,,,,,,,,,,,,,,,,,,,,,,,,,,,,,,,,,,,,
age_class,lstm,120m,3,False,0.7410118260830504,0.7350109627634618,0.6409592823280631,0.6342461253389426,0.8435817087760903,3,35787,7655,7708,30,70.83793131907781,,,,,,,,,,,,,,,,,,,,,,,,,,,,,,,,,,,,,
age_class,lstm,120m,4,False,0.7266448692303843,0.7308004270263313,0.6532992178570957,0.6305998716468918,0.8458637017367266,3,35787,7655,7708,30,70.83793131907781,,,,,,,,,,,,,,,,,,,,,,,,,,,,,,,,,,,,,
age_class,lstm,120m,5,False,0.7117738789243877,0.7303424169314912,0.6605133897022863,0.6460592054485259,0.8412337396971288,3,35787,7655,7708,30,70.83793131907781,,,,,,,,,,,,,,,,,,,,,,,,,,,,,,,,,,,,,
age_class,lstm,120m,6,False,0.698625215566491,0.7099872942612422,0.6697447056483345,0.6635952633691665,0.8504936745345218,3,35787,7655,7708,30,70.83793131907781,,,,,,,,,,,,,,,,,,,,,,,,,,,,,,,,,,,,,
age_class,lstm,120m,7,False,0.6854529263028076,0.7118086886359226,0.6784220047950296,0.6523967666235284,0.854645847383415,3,35787,7655,7708,30,70.83793131907781,,,,,,,,,,,,,,,,,,,,,,,,,,,,,,,,,,,,,
age_class,lstm,120m,8,False,0.6756918091790909,0.7077247214893513,0.6838721637966025,0.6594870160508671,0.8634639297682543,3,35787,7655,7708,30,70.83793131907781,,,,,,,,,,,,,,,,,,,,,,,,,,,,,,,,,,,,,
age_class,lstm,120m,9,False,0.6597111560767597,0.7026729370393759,0.6948966641139019,0.6797455572020429,0.858211679122375,3,35787,7655,7708,30,70.83793131907781,,,,,,,,,,,,,,,,,,,,,,,,,,,,,,,,,,,,,
age_class,lstm,120m,10,False,0.6465745721804839,0.6900281433806865,0.7049156573655626,0.6738458907261363,0.8621409378318745,3,35787,7655,7708,30,70.83793131907781,,,,,,,,,,,,,,,,,,,,,,,,,,,,,,,,,,,,,
age_class,lstm,120m,11,False,0.6321082992079632,0.681217071637852,0.711903449506318,0.6802299144239278,0.8707961102952145,3,35787,7655,7708,30,70.83793131907781,,,,,,,,,,,,,,,,,,,,,,,,,,,,,,,,,,,,,
age_class,lstm,120m,12,False,0.6270627199039543,0.6886782327405305,0.7180694759869223,0.6728518468656594,0.867628665856666,3,35787,7655,7708,30,70.83793131907781,,,,,,,,,,,,,,,,,,,,,,,,,,,,,,,,,,,,,
age_class,lstm,120m,13,False,0.6142479298843416,0.6766055720682475,0.7238492389829935,0.6817750309236277,0.8739422236305062,3,35787,7655,7708,30,70.83793131907781,,,,,,,,,,,,,,,,,,,,,,,,,,,,,,,,,,,,,
age_class,lstm,120m,14,False,0.6013441450768339,0.680349617234871,0.7311927626680367,0.6676076378867325,0.8746014582488165,3,35787,7655,7708,30,70.83793131907781,,,,,,,,,,,,,,,,,,,,,,,,,,,,,,,,,,,,,
age_class,lstm,120m,15,False,0.585953241048383,0.6893599877086517,0.7392774191857714,0.6804184071570057,0.8711808912331396,3,35787,7655,7708,30,70.83793131907781,,,,,,,,,,,,,,,,,,,,,,,,,,,,,,,,,,,,,
age_class,lstm,120m,16,False,0.5791062645248353,0.6879180702331563,0.7432786420517771,0.6768463853066589,0.8756019240772663,3,35787,7655,7708,30,70.83793131907781,,,,,,,,,,,,,,,,,,,,,,,,,,,,,,,,,,,,,
age_class,lstm,120m,17,False,0.5651818096536128,0.6822021220261407,0.7487918829130567,0.6929914360094926,0.8723928616796078,3,35787,7655,7708,30,70.83793131907781,,,,,,,,,,,,,,,,,,,,,,,,,,,,,,,,,,,,,
age_class,lstm,120m,18,False,0.549024548899862,0.697642366408056,0.7573909097900825,0.6898318479618187,0.8709910093290044,3,35787,7655,7708,30,70.83793131907781,,,,,,,,,,,,,,,,,,,,,,,,,,,,,,,,,,,,,
age_class,lstm,120m,19,False,0.5364836032793588,0.6927062181613556,0.7678036142579399,0.6777821987079481,0.8789396779364017,3,35787,7655,7708,30,70.83793131907781,,,,,,,,,,,,,,,,,,,,,,,,,,,,,,,,,,,,,
age_class,lstm,120m,20,True,0.5226269465355281,0.7337161712752379,0.7762014661497182,0.6525845648225349,0.8812373658865768,3,35787,7655,7708,30,70.83793131907781,0.8133120965713807,0.7842998643228132,0.7780990615933239,0.9344191245148714,0.739372047791053,0.7644639954097734,0.8490635497676131,,,0.7353363814500327,0.6525845648225349,0.6492210555191941,0.5071707953063885,0.6245519713261649,0.8260309278350515,,,0.7374156720290607,0.6497035169965312,0.6416278404159529,0.8769615473102425,0.4869942196531792,0.644316163410302,0.8178001679261125,,,,,,,,,,,,,
age_class,lstm,120m,21,False,0.5058399742419173,0.7194923156542687,0.7828315657544392,0.6672243092770337,0.8740698914811348,3,35787,7655,7708,30,70.83793131907781,,,,,,,,,,,,,,,,,,,,,,,,,,,,,,,,,,,,,
age_class,lstm,120m,22,False,0.4896028853206931,0.8131961925912728,0.790968869843098,0.6448249662131255,0.878509337182768,3,35787,7655,7708,30,70.83793131907781,,,,,,,,,,,,,,,,,,,,,,,,,,,,,,,,,,,,,
age_class,lstm,120m,23,False,0.4766043083961956,0.7462793263012408,0.800384104030234,0.6671397959222837,0.8774940034945304,3,35787,7655,7708,30,70.83793131907781,,,,,,,,,,,,,,,,,,,,,,,,,,,,,,,,,,,,,
age_class,lstm,120m,24,False,0.4613088824911083,0.7641283320259378,0.8083751250306633,0.6662399256628541,0.8764680109824469,3,35787,7655,7708,30,70.83793131907781,,,,,,,,,,,,,,,,,,,,,,,,,,,,,,,,,,,,,
age_class,lstm,120m,25,False,0.450339674248454,0.7532143231858466,0.8140043013729131,0.6789256025219568,0.8748187942943267,3,35787,7655,7708,30,70.83793131907781,,,,,,,,,,,,,,,,,,,,,,,,,,,,,,,,,,,,,
age_class,lstm,120m,26,False,0.4378178961689329,0.7924392987200826,0.8223579094686989,0.6561927496167096,0.8778272675725497,3,35787,7655,7708,30,70.83793131907781,,,,,,,,,,,,,,,,,,,,,,,,,,,,,,,,,,,,,
age_class,lstm,120m,27,False,0.4311207173201212,0.7810888274521083,0.8263623492671969,0.6689485894719587,0.8761810554751511,3,35787,7655,7708,30,70.83793131907781,,,,,,,,,,,,,,,,,,,,,,,,,,,,,,,,,,,,,
age_class,lstm,120m,28,False,0.4226281202487008,0.7827391623360592,0.8305404567143501,0.6742490516960257,0.8754107957338036,3,35787,7655,7708,30,70.83793131907781,,,,,,,,,,,,,,,,,,,,,,,,,,,,,,,,,,,,,
age_class,lstm,120m,29,False,0.4151021364866966,0.792163084878554,0.8325023203277965,0.6651553023147833,0.8764159028872397,3,35787,7655,7708,30,70.83793131907781,,,,,,,,,,,,,,,,,,,,,,,,,,,,,,,,,,,,,
age_class,lstm,120m,30,False,0.4111526743517333,0.792914409796293,0.8367920615138288,0.6664299038156224,0.8765343591954081,3,35787,7655,7708,30,70.83793131907781,,,,,,,,,,,,,,,,,,,,,,,,,,,,,,,,,,,,,
age_class,lstm,240m,1,False,0.872888640893211,0.803253551519927,0.5438874792663645,0.5735804237409123,0.8153572489501633,3,16579,3553,3566,30,98.24711573521296,,,,,,,,,,,,,,,,,,,,,,,,,,,,,,,,,,,,,
age_class,lstm,240m,2,False,0.789957503029532,0.7933814270275598,0.5914092001681387,0.5839755963071146,0.8267053584594849,3,16579,3553,3566,30,98.24711573521296,,,,,,,,,,,,,,,,,,,,,,,,,,,,,,,,,,,,,
age_class,lstm,240m,3,False,0.7611480636586325,0.7906800653778128,0.6150434630649605,0.5850937006879481,0.8371169920264275,3,16579,3553,3566,30,98.24711573521296,,,,,,,,,,,,,,,,,,,,,,,,,,,,,,,,,,,,,
age_class,lstm,240m,4,False,0.7483505434621495,0.7551808372672565,0.63299175810012,0.6207752015913032,0.8394539874374117,3,16579,3553,3566,30,98.24711573521296,,,,,,,,,,,,,,,,,,,,,,,,,,,,,,,,,,,,,
age_class,lstm,240m,5,False,0.7305061399839606,0.74166336034071,0.6420045701073201,0.6284360355892106,0.8426609433412245,3,16579,3553,3566,30,98.24711573521296,,,,,,,,,,,,,,,,,,,,,,,,,,,,,,,,,,,,,
age_class,lstm,240m,6,False,0.71876173464961,0.7402649451872345,0.6560883234643796,0.6299015176608883,0.8503290917112448,3,16579,3553,3566,30,98.24711573521296,,,,,,,,,,,,,,,,,,,,,,,,,,,,,,,,,,,,,
age_class,lstm,240m,7,False,0.7030558723169225,0.7323930249427562,0.6581960119094915,0.6461438750079358,0.847602986811261,3,16579,3553,3566,30,98.24711573521296,,,,,,,,,,,,,,,,,,,,,,,,,,,,,,,,,,,,,
age_class,lstm,240m,8,False,0.6883964805220427,0.7139023983944915,0.6687730993148308,0.6445042857726083,0.854665986570509,3,16579,3553,3566,30,98.24711573521296,,,,,,,,,,,,,,,,,,,,,,,,,,,,,,,,,,,,,
age_class,lstm,240m,9,False,0.6829985050565767,0.7613160773931407,0.6793819327307511,0.6521135861665214,0.8404035870901874,3,16579,3553,3566,30,98.24711573521296,,,,,,,,,,,,,,,,,,,,,,,,,,,,,,,,,,,,,
age_class,lstm,240m,10,False,0.6699402546615147,0.7463387025097139,0.6807500679818909,0.6246168752683597,0.8647124192638507,3,16579,3553,3566,30,98.24711573521296,,,,,,,,,,,,,,,,,,,,,,,,,,,,,,,,,,,,,
age_class,lstm,240m,11,False,0.664605484555114,0.7945084202433854,0.6864449951507575,0.6006647604903445,0.8639329296261904,3,16579,3553,3566,30,98.24711573521296,,,,,,,,,,,,,,,,,,,,,,,,,,,,,,,,,,,,,
age_class,lstm,240m,12,False,0.650223881000848,0.840450168125669,0.6955289143626678,0.5987741314515515,0.8644370441356884,3,16579,3553,3566,30,98.24711573521296,,,,,,,,,,,,,,,,,,,,,,,,,,,,,,,,,,,,,
age_class,lstm,240m,13,False,0.6451307775051532,0.7173970218379834,0.7050047035251609,0.6579376897231136,0.8694121050447358,3,16579,3553,3566,30,98.24711573521296,,,,,,,,,,,,,,,,,,,,,,,,,,,,,,,,,,,,,
age_class,lstm,240m,14,False,0.6230685205926682,0.7748212480155844,0.7116480986169867,0.6286790637350225,0.8687955475689487,3,16579,3553,3566,30,98.24711573521296,,,,,,,,,,,,,,,,,,,,,,,,,,,,,,,,,,,,,
age_class,lstm,240m,15,False,0.604277139826526,0.7788146957692179,0.7242892394115122,0.6275128338010106,0.871458221848442,3,16579,3553,3566,30,98.24711573521296,,,,,,,,,,,,,,,,,,,,,,,,,,,,,,,,,,,,,
age_class,lstm,240m,16,False,0.5894189211012724,0.7235026387070522,0.7364185644454269,0.65617611333193,0.8737348565135551,3,16579,3553,3566,30,98.24711573521296,,,,,,,,,,,,,,,,,,,,,,,,,,,,,,,,,,,,,
age_class,lstm,240m,17,False,0.5749652738831171,0.7285620916939909,0.7483255356221212,0.6767111756586668,0.8711357653786882,3,16579,3553,3566,30,98.24711573521296,,,,,,,,,,,,,,,,,,,,,,,,,,,,,,,,,,,,,
age_class,lstm,240m,18,False,0.5621996840717235,0.8080468851514109,0.7522460990050477,0.6444658417798567,0.8754376802057022,3,16579,3553,3566,30,98.24711573521296,,,,,,,,,,,,,,,,,,,,,,,,,,,,,,,,,,,,,
age_class,lstm,240m,19,False,0.537222807231862,0.7743088437777454,0.7675802986734036,0.6471332519593588,0.8766657902972915,3,16579,3553,3566,30,98.24711573521296,,,,,,,,,,,,,,,,,,,,,,,,,,,,,,,,,,,,,
age_class,lstm,240m,20,False,0.522076541502295,0.7880135274356163,0.7812623605517041,0.6487689950260892,0.877104302614114,3,16579,3553,3566,30,98.24711573521296,,,,,,,,,,,,,,,,,,,,,,,,,,,,,,,,,,,,,
age_class,lstm,240m,21,False,0.5019426374568734,0.8192414033422999,0.7866459617570897,0.6354919485713623,0.8791847031643701,3,16579,3553,3566,30,98.24711573521296,,,,,,,,,,,,,,,,,,,,,,,,,,,,,,,,,,,,,
age_class,lstm,240m,22,True,0.483236073249535,0.8359845477428163,0.799307505736064,0.641815657211957,0.8803791743028118,3,16579,3553,3566,30,98.24711573521296,0.8404005066650582,0.8134430823896351,0.813200919915314,0.9485966299877638,0.7471264367816092,0.834885164494103,0.8583176458931933,,,0.7388122713200113,0.641815657211957,0.6452628448392504,0.4322033898305085,0.6731328806983511,0.8201107011070111,,,0.7411665731912507,0.6491563088138713,0.6426690692439389,0.872640819599806,0.454828660436137,0.6809933142311366,0.8116469517743403,,,,,,,,,,,,,
age_class,lstm,240m,23,False,0.4747746514599231,0.8085983290895086,0.8058653119123736,0.6633646091799654,0.87803396271909,3,16579,3553,3566,30,98.24711573521296,,,,,,,,,,,,,,,,,,,,,,,,,,,,,,,,,,,,,
age_class,lstm,240m,24,False,0.4475467085979429,0.8159468272119518,0.8192359467760809,0.6673173187534207,0.8765644705056567,3,16579,3553,3566,30,98.24711573521296,,,,,,,,,,,,,,,,,,,,,,,,,,,,,,,,,,,,,
age_class,lstm,240m,25,False,0.4273080671882124,0.8594968605470966,0.8269998775860401,0.6542025940940336,0.8767935370241565,3,16579,3553,3566,30,98.24711573521296,,,,,,,,,,,,,,,,,,,,,,,,,,,,,,,,,,,,,
age_class,lstm,240m,26,False,0.4118821336417874,0.851690934555248,0.8367845641367909,0.6555630812394859,0.8789419434793122,3,16579,3553,3566,30,98.24711573521296,,,,,,,,,,,,,,,,,,,,,,,,,,,,,,,,,,,,,
age_class,lstm,240m,27,False,0.4053452099432516,0.8651941049914276,0.8432675642507386,0.6485704172993003,0.8783118607207429,3,16579,3553,3566,30,98.24711573521296,,,,,,,,,,,,,,,,,,,,,,,,,,,,,,,,,,,,,
age_class,lstm,240m,28,False,0.3928497760458388,0.8733088966996913,0.8454250340728251,0.652616322950124,0.8794757764051503,3,16579,3553,3566,30,98.24711573521296,,,,,,,,,,,,,,,,,,,,,,,,,,,,,,,,,,,,,
age_class,lstm,240m,29,False,0.3887904699867313,0.8660889238899203,0.849038700787743,0.6596449268714357,0.878965959097154,3,16579,3553,3566,30,98.24711573521296,,,,,,,,,,,,,,,,,,,,,,,,,,,,,,,,,,,,,
age_class,lstm,240m,30,False,0.3776084569790257,0.8747378022124523,0.8511074581756586,0.6564019116534685,0.8793098899859869,3,16579,3553,3566,30,98.24711573521296,,,,,,,,,,,,,,,,,,,,,,,,,,,,,,,,,,,,,
age_class,transformer,30s,1,False,0.9400472259071329,0.8516442837348746,0.5176224412287201,0.5636290193181733,0.7836555654464993,3,43430,9305,9310,30,27.25391060113907,,,,,,,,,,,,,,,,,,,,,,,,,,,,,,,,,,,,,
age_class,transformer,30s,2,False,0.8475041441974512,0.8283709375849339,0.5731282502585037,0.5888756185423764,0.7882363266057149,3,43430,9305,9310,30,27.25391060113907,,,,,,,,,,,,,,,,,,,,,,,,,,,,,,,,,,,,,
age_class,transformer,30s,3,False,0.8267347654548626,0.835561606078171,0.5865534275550113,0.5835979547311844,0.791085100984091,3,43430,9305,9310,30,27.25391060113907,,,,,,,,,,,,,,,,,,,,,,,,,,,,,,,,,,,,,
age_class,transformer,30s,4,False,0.8154556183641527,0.8121922180641088,0.5947812449508975,0.600997703412327,0.7944916027726645,3,43430,9305,9310,30,27.25391060113907,,,,,,,,,,,,,,,,,,,,,,,,,,,,,,,,,,,,,
age_class,transformer,30s,5,False,0.8068331045981462,0.8302942848666773,0.6019808376682667,0.5817525781559666,0.8012774316782783,3,43430,9305,9310,30,27.25391060113907,,,,,,,,,,,,,,,,,,,,,,,,,,,,,,,,,,,,,
age_class,transformer,30s,6,False,0.7972644877000089,0.8093311563286327,0.6069534760275421,0.6001820889856253,0.7979918859941625,3,43430,9305,9310,30,27.25391060113907,,,,,,,,,,,,,,,,,,,,,,,,,,,,,,,,,,,,,
age_class,transformer,30s,7,False,0.7928576377715599,0.8143523373826738,0.6074063743002827,0.5929202347222319,0.8020973132383545,3,43430,9305,9310,30,27.25391060113907,,,,,,,,,,,,,,,,,,,,,,,,,,,,,,,,,,,,,
age_class,transformer,30s,8,False,0.7865069777356736,0.8080433127445793,0.6132741041271077,0.5985890292802695,0.7976886216851772,3,43430,9305,9310,30,27.25391060113907,,,,,,,,,,,,,,,,,,,,,,,,,,,,,,,,,,,,,
age_class,transformer,30s,9,False,0.78077003219395,0.8018746935251514,0.6175708698518246,0.600693869782423,0.8070471819432363,3,43430,9305,9310,30,27.25391060113907,,,,,,,,,,,,,,,,,,,,,,,,,,,,,,,,,,,,,
age_class,transformer,30s,10,False,0.7776491808666218,0.7988652888515314,0.6187021728479632,0.6050404265878765,0.8022530593353095,3,43430,9305,9310,30,27.25391060113907,,,,,,,,,,,,,,,,,,,,,,,,,,,,,,,,,,,,,
age_class,transformer,30s,11,False,0.7713590121807219,0.8036895796920842,0.6254782063777409,0.6021957111476319,0.8054043062883749,3,43430,9305,9310,30,27.25391060113907,,,,,,,,,,,,,,,,,,,,,,,,,,,,,,,,,,,,,
age_class,transformer,30s,12,False,0.7670961145511455,0.7941625301393368,0.625679529230902,0.6105380652259745,0.8038556235588507,3,43430,9305,9310,30,27.25391060113907,,,,,,,,,,,,,,,,,,,,,,,,,,,,,,,,,,,,,
age_class,transformer,30s,13,False,0.7634684171046415,0.8000815702983604,0.6287187677854359,0.6132548483445999,0.8012066772873178,3,43430,9305,9310,30,27.25391060113907,,,,,,,,,,,,,,,,,,,,,,,,,,,,,,,,,,,,,
age_class,transformer,30s,14,False,0.7619772870722329,0.7915596084271881,0.6308994555015356,0.6118411604554234,0.8079735357136971,3,43430,9305,9310,30,27.25391060113907,,,,,,,,,,,,,,,,,,,,,,,,,,,,,,,,,,,,,
age_class,transformer,30s,15,False,0.7578068622158278,0.7943897760087351,0.6314781019276038,0.610738723682411,0.8099270946886054,3,43430,9305,9310,30,27.25391060113907,,,,,,,,,,,,,,,,,,,,,,,,,,,,,,,,,,,,,
age_class,transformer,30s,16,False,0.7533441001661302,0.7865098215891814,0.6371890840589428,0.6201563106453548,0.8090999042125205,3,43430,9305,9310,30,27.25391060113907,,,,,,,,,,,,,,,,,,,,,,,,,,,,,,,,,,,,,
age_class,transformer,30s,17,False,0.7498278936509737,0.7958582009569667,0.639213557262641,0.6172676182683415,0.808821417015908,3,43430,9305,9310,30,27.25391060113907,,,,,,,,,,,,,,,,,,,,,,,,,,,,,,,,,,,,,
age_class,transformer,30s,18,False,0.7465161756439306,0.7849166567193635,0.6450737550214781,0.6203717010536693,0.8102030350946706,3,43430,9305,9310,30,27.25391060113907,,,,,,,,,,,,,,,,,,,,,,,,,,,,,,,,,,,,,
age_class,transformer,30s,19,False,0.7431380694071159,0.7884518086237654,0.6455663715207316,0.6188709349664165,0.8083209819862701,3,43430,9305,9310,30,27.25391060113907,,,,,,,,,,,,,,,,,,,,,,,,,,,,,,,,,,,,,
age_class,transformer,30s,20,False,0.741940133724788,0.7874324580919736,0.6446670229988388,0.6213706986628178,0.8128458137404432,3,43430,9305,9310,30,27.25391060113907,,,,,,,,,,,,,,,,,,,,,,,,,,,,,,,,,,,,,
age_class,transformer,30s,21,False,0.7388900959324293,0.7851185480219776,0.6464357139013135,0.621238870873154,0.8105225476330077,3,43430,9305,9310,30,27.25391060113907,,,,,,,,,,,,,,,,,,,,,,,,,,,,,,,,,,,,,
age_class,transformer,30s,22,False,0.7366703003171455,0.7912754531575428,0.6491635024960969,0.6180535305560514,0.8134239438994845,3,43430,9305,9310,30,27.25391060113907,,,,,,,,,,,,,,,,,,,,,,,,,,,,,,,,,,,,,
age_class,transformer,30s,23,False,0.7363882057325867,0.7867278220895668,0.6476528894869801,0.6200873254476182,0.8115629393825238,3,43430,9305,9310,30,27.25391060113907,,,,,,,,,,,,,,,,,,,,,,,,,,,,,,,,,,,,,
age_class,transformer,30s,24,True,0.7313661432612087,0.797004542954182,0.6520476209560621,0.6186403747684933,0.8135371321351946,3,43430,9305,9310,30,27.25391060113907,0.6552383145291273,0.6582049075815558,0.6001593676928865,0.842673651149811,0.743274244004171,0.5244058845718597,0.7069345941686367,,,0.6356797420741537,0.6186403747684933,0.5725215027843463,0.6537313432835821,0.5,0.7021897810218978,,,0.621374865735768,0.6076532596846339,0.5536960420680126,0.8103012686173484,0.6483870967741936,0.4921985815602837,0.6823741007194245,,,,,,,,,,,,,
age_class,transformer,30s,25,False,0.7313167107097021,0.7854987668388957,0.6517867686911809,0.6240985565005124,0.8126435599336747,3,43430,9305,9310,30,27.25391060113907,,,,,,,,,,,,,,,,,,,,,,,,,,,,,,,,,,,,,
age_class,transformer,30s,26,False,0.7314918119924397,0.7873986497417309,0.6513221549330178,0.6236288982689184,0.8124343849304093,3,43430,9305,9310,30,27.25391060113907,,,,,,,,,,,,,,,,,,,,,,,,,,,,,,,,,,,,,
age_class,transformer,30s,27,False,0.7306805999905399,0.7861034773934726,0.6520564129673622,0.6261615706218094,0.8124135228423736,3,43430,9305,9310,30,27.25391060113907,,,,,,,,,,,,,,,,,,,,,,,,,,,,,,,,,,,,,
age_class,transformer,30s,28,False,0.7305809913926649,0.7875120477161377,0.653337227745275,0.6218994199165172,0.8122135666480781,3,43430,9305,9310,30,27.25391060113907,,,,,,,,,,,,,,,,,,,,,,,,,,,,,,,,,,,,,
age_class,transformer,30s,29,False,0.7317480746815344,0.788252567834972,0.6508640734774188,0.6226545741036497,0.8128116997102905,3,43430,9305,9310,30,27.25391060113907,,,,,,,,,,,,,,,,,,,,,,,,,,,,,,,,,,,,,
age_class,transformer,30s,30,False,0.7290367572587013,0.7881121105689121,0.6528940743673344,0.6234498612698273,0.8127414890444008,3,43430,9305,9310,30,27.25391060113907,,,,,,,,,,,,,,,,,,,,,,,,,,,,,,,,,,,,,
age_class,transformer,10m,1,False,0.90602025482278,0.8235032456078752,0.5378702621650947,0.6008458960568076,0.7928608761833597,3,43413,9305,9303,30,29.16625898281733,,,,,,,,,,,,,,,,,,,,,,,,,,,,,,,,,,,,,
age_class,transformer,10m,2,False,0.817651077558875,0.8091832369197638,0.598466993161917,0.6089926976393077,0.7995498299603553,3,43413,9305,9303,30,29.16625898281733,,,,,,,,,,,,,,,,,,,,,,,,,,,,,,,,,,,,,
age_class,transformer,10m,3,False,0.7955379455768858,0.7926153207388954,0.6116807652346723,0.6089292304847352,0.8070502432921138,3,43413,9305,9303,30,29.16625898281733,,,,,,,,,,,,,,,,,,,,,,,,,,,,,,,,,,,,,
age_class,transformer,10m,4,False,0.7877438749574065,0.8225766318130083,0.6167137663093564,0.59703696535184,0.8168548294771399,3,43413,9305,9303,30,29.16625898281733,,,,,,,,,,,,,,,,,,,,,,,,,,,,,,,,,,,,,
age_class,transformer,10m,5,False,0.7778781923103675,0.7906927098195313,0.6239117335609577,0.61265903489747,0.8093944954405451,3,43413,9305,9303,30,29.16625898281733,,,,,,,,,,,,,,,,,,,,,,,,,,,,,,,,,,,,,
age_class,transformer,10m,6,False,0.7690482673561982,0.7835701251913949,0.6295861510570527,0.6238226157095663,0.8096355865548345,3,43413,9305,9303,30,29.16625898281733,,,,,,,,,,,,,,,,,,,,,,,,,,,,,,,,,,,,,
age_class,transformer,10m,7,False,0.7621449805686137,0.7843960208767271,0.635121114936606,0.6173954411305279,0.8203818119128153,3,43413,9305,9303,30,29.16625898281733,,,,,,,,,,,,,,,,,,,,,,,,,,,,,,,,,,,,,
age_class,transformer,10m,8,False,0.7548970554769759,0.7721587662220257,0.6372835245991748,0.6260466961666277,0.8175818420426045,3,43413,9305,9303,30,29.16625898281733,,,,,,,,,,,,,,,,,,,,,,,,,,,,,,,,,,,,,
age_class,transformer,10m,9,False,0.7493963890729985,0.7737843432008804,0.6417127695653907,0.6215159448911677,0.8199980410611681,3,43413,9305,9303,30,29.16625898281733,,,,,,,,,,,,,,,,,,,,,,,,,,,,,,,,,,,,,
age_class,transformer,10m,10,False,0.7432368221917929,0.7744057465919175,0.6444907520770156,0.6270739922585138,0.816774875281932,3,43413,9305,9303,30,29.16625898281733,,,,,,,,,,,,,,,,,,,,,,,,,,,,,,,,,,,,,
age_class,transformer,10m,11,False,0.7422745020797658,0.7804866899475496,0.6456566488159766,0.6219197021055102,0.825923238135835,3,43413,9305,9303,30,29.16625898281733,,,,,,,,,,,,,,,,,,,,,,,,,,,,,,,,,,,,,
age_class,transformer,10m,12,False,0.7319109556030376,0.7689090779364461,0.6523765222082448,0.6295682894220722,0.8197980008897,3,43413,9305,9303,30,29.16625898281733,,,,,,,,,,,,,,,,,,,,,,,,,,,,,,,,,,,,,
age_class,transformer,10m,13,False,0.733896313264897,0.7785994485525083,0.6493329612895434,0.6255641667935108,0.8258729598025911,3,43413,9305,9303,30,29.16625898281733,,,,,,,,,,,,,,,,,,,,,,,,,,,,,,,,,,,,,
age_class,transformer,10m,14,False,0.7279425963577161,0.7628060579876436,0.6550917009239042,0.6325128898140142,0.8231872350777724,3,43413,9305,9303,30,29.16625898281733,,,,,,,,,,,,,,,,,,,,,,,,,,,,,,,,,,,,,
age_class,transformer,10m,15,False,0.7246860642034786,0.7830932063930846,0.6579122717142064,0.6189426695275498,0.8261651270220579,3,43413,9305,9303,30,29.16625898281733,,,,,,,,,,,,,,,,,,,,,,,,,,,,,,,,,,,,,
age_class,transformer,10m,16,False,0.7199727712618748,0.7666331183455568,0.6622826360228032,0.6315690983916675,0.8242416495506477,3,43413,9305,9303,30,29.16625898281733,,,,,,,,,,,,,,,,,,,,,,,,,,,,,,,,,,,,,
age_class,transformer,10m,17,False,0.7172524717554694,0.7644647712479478,0.6627078730484857,0.6347466735278414,0.825271954562223,3,43413,9305,9303,30,29.16625898281733,,,,,,,,,,,,,,,,,,,,,,,,,,,,,,,,,,,,,
age_class,transformer,10m,18,False,0.7135560306474009,0.7610996004332143,0.6616858851529542,0.6346663303042689,0.8227715905213498,3,43413,9305,9303,30,29.16625898281733,,,,,,,,,,,,,,,,,,,,,,,,,,,,,,,,,,,,,
age_class,transformer,10m,19,False,0.7122862181416818,0.7619735001364681,0.6645144546206718,0.6348502479062986,0.8246205199881467,3,43413,9305,9303,30,29.16625898281733,,,,,,,,,,,,,,,,,,,,,,,,,,,,,,,,,,,,,
age_class,transformer,10m,20,False,0.7098145154588299,0.7688548921513852,0.6678696399562812,0.6324169904734237,0.8186098059794107,3,43413,9305,9303,30,29.16625898281733,,,,,,,,,,,,,,,,,,,,,,,,,,,,,,,,,,,,,
age_class,transformer,10m,21,True,0.7070966193817301,0.7678281504642829,0.6676948854262782,0.6296108755801672,0.8270047015522092,3,43413,9305,9303,30,29.16625898281733,0.6744293184069288,0.6773419448107326,0.6202383618581819,0.8562791668837452,0.7661930631007104,0.5369517626632445,0.7288810086682427,,,0.6426652337452983,0.6296108755801672,0.5809433146288524,0.6776119402985075,0.5031914893617021,0.708029197080292,,,0.6415134902719553,0.635710949462693,0.5740427485865333,0.8278404724903631,0.7053087757313109,0.4982269503546099,0.7035971223021583,,,,,,,,,,,,,
age_class,transformer,10m,22,False,0.7077970583129736,0.7625664472772126,0.6676448088649672,0.632365158212664,0.8239924930155417,3,43413,9305,9303,30,29.16625898281733,,,,,,,,,,,,,,,,,,,,,,,,,,,,,,,,,,,,,
age_class,transformer,10m,23,False,0.7071557022397592,0.7628947334415102,0.6707654615075503,0.6370019692395814,0.8262443954069223,3,43413,9305,9303,30,29.16625898281733,,,,,,,,,,,,,,,,,,,,,,,,,,,,,,,,,,,,,
age_class,transformer,10m,24,False,0.7052985486995951,0.762532438622054,0.6680476425949239,0.6363447490507291,0.8259383396263006,3,43413,9305,9303,30,29.16625898281733,,,,,,,,,,,,,,,,,,,,,,,,,,,,,,,,,,,,,
age_class,transformer,10m,25,False,0.7033531530839282,0.7635116503675544,0.6729114122549777,0.6337487190026984,0.8262841889806191,3,43413,9305,9303,30,29.16625898281733,,,,,,,,,,,,,,,,,,,,,,,,,,,,,,,,,,,,,
age_class,transformer,10m,26,False,0.7026468371289433,0.7613820020643887,0.6727473438337581,0.6366651690040762,0.8244259541282596,3,43413,9305,9303,30,29.16625898281733,,,,,,,,,,,,,,,,,,,,,,,,,,,,,,,,,,,,,
age_class,transformer,10m,27,False,0.7012089714395907,0.7615618309303358,0.6732157739573701,0.6356921647907896,0.8256564684885642,3,43413,9305,9303,30,29.16625898281733,,,,,,,,,,,,,,,,,,,,,,,,,,,,,,,,,,,,,
age_class,transformer,10m,28,False,0.7013292316974378,0.7615216583798228,0.6734984036823416,0.6338748484630737,0.8252582157995656,3,43413,9305,9303,30,29.16625898281733,,,,,,,,,,,,,,,,,,,,,,,,,,,,,,,,,,,,,
age_class,transformer,10m,29,False,0.700432088717345,0.7626106567052281,0.6726942123874622,0.6355837548809249,0.8261721744339284,3,43413,9305,9303,30,29.16625898281733,,,,,,,,,,,,,,,,,,,,,,,,,,,,,,,,,,,,,
age_class,transformer,10m,30,False,0.6989952784735362,0.7622255399238672,0.6736450721600168,0.6357558122314864,0.8258680626838036,3,43413,9305,9303,30,29.16625898281733,,,,,,,,,,,,,,,,,,,,,,,,,,,,,,,,,,,,,
age_class,transformer,40m,1,False,0.8667984971430449,0.7859972785327589,0.5575923522292442,0.6239382950135176,0.8150089505751487,3,43392,9305,9300,17,25.34011962413788,,,,,,,,,,,,,,,,,,,,,,,,,,,,,,,,,,,,,
age_class,transformer,40m,2,False,0.780185732166324,0.7740280198256602,0.6204425625349144,0.6276475854408137,0.824150785874934,3,43392,9305,9300,17,25.34011962413788,,,,,,,,,,,,,,,,,,,,,,,,,,,,,,,,,,,,,
age_class,transformer,40m,3,False,0.7581480605236549,0.7620816862371774,0.6350595784245483,0.6420423056843957,0.8304279242355929,3,43392,9305,9300,17,25.34011962413788,,,,,,,,,,,,,,,,,,,,,,,,,,,,,,,,,,,,,
age_class,transformer,40m,4,False,0.7414578360705952,0.7578130476517039,0.6464483380914751,0.6356345891292103,0.8338170164179773,3,43392,9305,9300,17,25.34011962413788,,,,,,,,,,,,,,,,,,,,,,,,,,,,,,,,,,,,,
age_class,transformer,40m,5,False,0.7321661127000432,0.7400213971245616,0.6540875689148857,0.6495858441395549,0.8336821603747876,3,43392,9305,9300,17,25.34011962413788,,,,,,,,,,,,,,,,,,,,,,,,,,,,,,,,,,,,,
age_class,transformer,40m,6,False,0.7218362030553959,0.7538724256484244,0.6597673024768618,0.6459121537830339,0.8305197172514633,3,43392,9305,9300,17,25.34011962413788,,,,,,,,,,,,,,,,,,,,,,,,,,,,,,,,,,,,,
age_class,transformer,40m,7,True,0.7146366672442023,0.7817901292390429,0.6646815298396129,0.6326615679175176,0.8483155035821995,3,43392,9305,9300,17,25.34011962413788,0.7021801253687315,0.6596038972623485,0.6264981225215934,0.8673671393185683,0.6985355648535565,0.4415054413542926,0.8387706855791962,,,0.6850080601826974,0.6326615679175176,0.6010717052779923,0.6616915422885572,0.400709219858156,0.8355839416058394,,,0.6873118279569892,0.6344518649650123,0.5961628092527642,0.850832051608364,0.6554347826086957,0.4195035460992908,0.8284172661870504,,,,,,,,,,,,,
age_class,transformer,40m,8,False,0.7069656127585774,0.7309344072613518,0.6682820006813315,0.6520102224808041,0.8439002546328626,3,43392,9305,9300,17,25.34011962413788,,,,,,,,,,,,,,,,,,,,,,,,,,,,,,,,,,,,,
age_class,transformer,40m,9,False,0.7011814748203509,0.7541210278332201,0.6725002331537105,0.6414091730095189,0.8443803931662025,3,43392,9305,9300,17,25.34011962413788,,,,,,,,,,,,,,,,,,,,,,,,,,,,,,,,,,,,,
age_class,transformer,40m,10,False,0.6950769776088298,0.7288677518627837,0.6767249137335591,0.6548357438875921,0.8401332871082055,3,43392,9305,9300,17,25.34011962413788,,,,,,,,,,,,,,,,,,,,,,,,,,,,,,,,,,,,,
age_class,transformer,40m,11,False,0.6906113363912324,0.7359532105224482,0.6791333830907327,0.649268437540001,0.8450721224093886,3,43392,9305,9300,17,25.34011962413788,,,,,,,,,,,,,,,,,,,,,,,,,,,,,,,,,,,,,
age_class,transformer,40m,12,False,0.6861565854609188,0.7208389069302501,0.6818862803913831,0.6593147659229349,0.8433317081700945,3,43392,9305,9300,17,25.34011962413788,,,,,,,,,,,,,,,,,,,,,,,,,,,,,,,,,,,,,
age_class,transformer,40m,13,False,0.68048679441829,0.7361485941636825,0.6834406981982953,0.6489108657674509,0.8342785000696621,3,43392,9305,9300,17,25.34011962413788,,,,,,,,,,,,,,,,,,,,,,,,,,,,,,,,,,,,,
age_class,transformer,40m,14,False,0.6761933818767204,0.7382495042395041,0.6879435964634425,0.6493309903863712,0.8386437577270268,3,43392,9305,9300,17,25.34011962413788,,,,,,,,,,,,,,,,,,,,,,,,,,,,,,,,,,,,,
age_class,transformer,40m,15,False,0.671059233644719,0.7396807639717992,0.6899180060967914,0.6419084046043015,0.8420942591597104,3,43392,9305,9300,17,25.34011962413788,,,,,,,,,,,,,,,,,,,,,,,,,,,,,,,,,,,,,
age_class,transformer,40m,16,False,0.6665602588811806,0.7241153161350211,0.6917327145750948,0.6579302843859082,0.845020026674827,3,43392,9305,9300,17,25.34011962413788,,,,,,,,,,,,,,,,,,,,,,,,,,,,,,,,,,,,,
age_class,transformer,40m,17,False,0.6640421490577821,0.7254178147813058,0.6955962802220595,0.6529939665960717,0.8466266716430026,3,43392,9305,9300,17,25.34011962413788,,,,,,,,,,,,,,,,,,,,,,,,,,,,,,,,,,,,,
age_class,transformer,80m,1,False,0.8303521065495677,0.7479251535839687,0.5858013014290387,0.6399215609142543,0.8302853332450124,3,43231,9284,9270,30,70.8949411869049,,,,,,,,,,,,,,,,,,,,,,,,,,,,,,,,,,,,,
age_class,transformer,80m,2,False,0.7513463475998087,0.7531577216710884,0.6390380797031067,0.631698860583691,0.8452965045682704,3,43231,9284,9270,30,70.8949411869049,,,,,,,,,,,,,,,,,,,,,,,,,,,,,,,,,,,,,
age_class,transformer,80m,3,False,0.7324887785493304,0.739829797161288,0.652255014496324,0.6441050881301277,0.8496407114642336,3,43231,9284,9270,30,70.8949411869049,,,,,,,,,,,,,,,,,,,,,,,,,,,,,,,,,,,,,
age_class,transformer,80m,4,False,0.7187380071403952,0.7351660467539816,0.6622945385948751,0.6475495232323691,0.8394446632456513,3,43231,9284,9270,30,70.8949411869049,,,,,,,,,,,,,,,,,,,,,,,,,,,,,,,,,,,,,
age_class,transformer,80m,5,False,0.7079067178659443,0.7221246016328574,0.6671563632749803,0.6660387260846856,0.8455427169211713,3,43231,9284,9270,30,70.8949411869049,,,,,,,,,,,,,,,,,,,,,,,,,,,,,,,,,,,,,
age_class,transformer,80m,6,False,0.7003732092085858,0.7167360220732025,0.673611221557664,0.6547553742286535,0.8612625894375835,3,43231,9284,9270,30,70.8949411869049,,,,,,,,,,,,,,,,,,,,,,,,,,,,,,,,,,,,,
age_class,transformer,80m,7,False,0.6866955878098655,0.6993555499787271,0.6849993538357427,0.6612779227284055,0.8627555520766519,3,43231,9284,9270,30,70.8949411869049,,,,,,,,,,,,,,,,,,,,,,,,,,,,,,,,,,,,,
age_class,transformer,80m,8,False,0.6769988721462831,0.7060216633937627,0.6883249037760727,0.6614020380002921,0.8635982709266656,3,43231,9284,9270,30,70.8949411869049,,,,,,,,,,,,,,,,,,,,,,,,,,,,,,,,,,,,,
age_class,transformer,80m,9,False,0.6720139552201193,0.688422967010097,0.69189457269121,0.6849345531426586,0.8602573592478736,3,43231,9284,9270,30,70.8949411869049,,,,,,,,,,,,,,,,,,,,,,,,,,,,,,,,,,,,,
age_class,transformer,80m,10,False,0.6617929756162962,0.6969781230103091,0.6979452514832012,0.679728707665741,0.8608086278857868,3,43231,9284,9270,30,70.8949411869049,,,,,,,,,,,,,,,,,,,,,,,,,,,,,,,,,,,,,
age_class,transformer,80m,11,False,0.657868731710152,0.6939946639542948,0.6978923003003175,0.6620164976605231,0.8677648834391635,3,43231,9284,9270,30,70.8949411869049,,,,,,,,,,,,,,,,,,,,,,,,,,,,,,,,,,,,,
age_class,transformer,80m,12,False,0.6506077852876972,0.6814855413671097,0.7037014994138014,0.6886216130523696,0.8600353758651994,3,43231,9284,9270,30,70.8949411869049,,,,,,,,,,,,,,,,,,,,,,,,,,,,,,,,,,,,,
age_class,transformer,80m,13,False,0.6476518656154622,0.6921741264948091,0.7061824540699183,0.6773177086724421,0.8686281304353827,3,43231,9284,9270,30,70.8949411869049,,,,,,,,,,,,,,,,,,,,,,,,,,,,,,,,,,,,,
age_class,transformer,80m,14,False,0.6431456422100419,0.6814413543201531,0.708047054810458,0.6740562490732795,0.8698452587769748,3,43231,9284,9270,30,70.8949411869049,,,,,,,,,,,,,,,,,,,,,,,,,,,,,,,,,,,,,
age_class,transformer,80m,15,False,0.6411938078489341,0.6728291527971221,0.7102446983777662,0.6822379932573432,0.870495251966417,3,43231,9284,9270,30,70.8949411869049,,,,,,,,,,,,,,,,,,,,,,,,,,,,,,,,,,,,,
age_class,transformer,80m,16,False,0.6379191685507684,0.67108497964776,0.7108610302785227,0.6872693333308347,0.8705114611841581,3,43231,9284,9270,30,70.8949411869049,,,,,,,,,,,,,,,,,,,,,,,,,,,,,,,,,,,,,
age_class,transformer,80m,17,False,0.6317626276756844,0.686799435562124,0.7164360581733685,0.6736705456717412,0.872072735772416,3,43231,9284,9270,30,70.8949411869049,,,,,,,,,,,,,,,,,,,,,,,,,,,,,,,,,,,,,
age_class,transformer,80m,18,False,0.6277188097881065,0.6704642679710832,0.7140675173895096,0.6894183817873957,0.8713937191203334,3,43231,9284,9270,30,70.8949411869049,,,,,,,,,,,,,,,,,,,,,,,,,,,,,,,,,,,,,
age_class,transformer,80m,19,False,0.625562637195738,0.6699984354070937,0.7200540047179317,0.6871103634105912,0.8712911050761565,3,43231,9284,9270,30,70.8949411869049,,,,,,,,,,,,,,,,,,,,,,,,,,,,,,,,,,,,,
age_class,transformer,80m,20,True,0.6247941485641099,0.6699417591711305,0.7204525052870864,0.6809382269790282,0.8736732334837489,3,43231,9284,9270,30,70.8949411869049,0.7405796766209433,0.7267993519682339,0.6977110912370229,0.8943666067046626,0.7135922330097088,0.7001062376688421,0.7666995852261504,,,0.7129470056010341,0.6809382269790282,0.6576890640696221,0.6384462151394422,0.6404694167852063,0.763899049012436,,,0.7076591154261057,0.6787631380955128,0.6459955896345652,0.8704381643102872,0.6345733041575492,0.6556385627890431,0.7460775473399459,,,,,,,,,,,,,
age_class,transformer,80m,21,False,0.6212322502485219,0.6800095843940087,0.7212806587108717,0.6821948713052913,0.8719314028509001,3,43231,9284,9270,30,70.8949411869049,,,,,,,,,,,,,,,,,,,,,,,,,,,,,,,,,,,,,
age_class,transformer,80m,22,False,0.6174327117065826,0.6653464829700869,0.7232122621609696,0.6914171387469815,0.8705513656769773,3,43231,9284,9270,30,70.8949411869049,,,,,,,,,,,,,,,,,,,,,,,,,,,,,,,,,,,,,
age_class,transformer,80m,23,False,0.6151186394240893,0.668640338619533,0.7236134505923126,0.6831730543254523,0.8732518101162583,3,43231,9284,9270,30,70.8949411869049,,,,,,,,,,,,,,,,,,,,,,,,,,,,,,,,,,,,,
age_class,transformer,80m,24,False,0.6135522165287652,0.6637133010139449,0.7263941907991716,0.6944408347685241,0.8703477588257762,3,43231,9284,9270,30,70.8949411869049,,,,,,,,,,,,,,,,,,,,,,,,,,,,,,,,,,,,,
age_class,transformer,80m,25,False,0.6118121128073892,0.6648209460692794,0.728758672217551,0.6950636498295015,0.8717763192627407,3,43231,9284,9270,30,70.8949411869049,,,,,,,,,,,,,,,,,,,,,,,,,,,,,,,,,,,,,
age_class,transformer,80m,26,False,0.6108794199560317,0.6657434660830615,0.7274511125617399,0.6900612432460708,0.872890345829442,3,43231,9284,9270,30,70.8949411869049,,,,,,,,,,,,,,,,,,,,,,,,,,,,,,,,,,,,,
age_class,transformer,80m,27,False,0.6090196445062096,0.6658767455613392,0.7273594206599935,0.6922382091400316,0.8735088153207325,3,43231,9284,9270,30,70.8949411869049,,,,,,,,,,,,,,,,,,,,,,,,,,,,,,,,,,,,,
age_class,transformer,80m,28,False,0.6070904710821097,0.665677150022054,0.7281969116601473,0.6920866487000366,0.873055889320237,3,43231,9284,9270,30,70.8949411869049,,,,,,,,,,,,,,,,,,,,,,,,,,,,,,,,,,,,,
age_class,transformer,80m,29,False,0.6078004588585785,0.6652994189782165,0.7290668498179217,0.6915963191672736,0.8726586612603713,3,43231,9284,9270,30,70.8949411869049,,,,,,,,,,,,,,,,,,,,,,,,,,,,,,,,,,,,,
age_class,transformer,80m,30,False,0.6066223524588588,0.6648955337963244,0.7292333082160697,0.6932529040695536,0.8722957138863929,3,43231,9284,9270,30,70.8949411869049,,,,,,,,,,,,,,,,,,,,,,,,,,,,,,,,,,,,,
age_class,transformer,120m,1,False,0.8148507912807127,0.7452417951561437,0.5953121851721352,0.6385101128898089,0.8424348528171614,3,35787,7655,7708,30,107.93211518526076,,,,,,,,,,,,,,,,,,,,,,,,,,,,,,,,,,,,,
age_class,transformer,120m,2,False,0.7466870744440153,0.7317103607681045,0.6458640590832738,0.6510901984894871,0.8514195346073871,3,35787,7655,7708,30,107.93211518526076,,,,,,,,,,,,,,,,,,,,,,,,,,,,,,,,,,,,,
age_class,transformer,120m,3,False,0.7188129092374065,0.7008650240284566,0.6632819618498399,0.6631671232605916,0.8589023323262005,3,35787,7655,7708,30,107.93211518526076,,,,,,,,,,,,,,,,,,,,,,,,,,,,,,,,,,,,,
age_class,transformer,120m,4,False,0.7041527335438974,0.7013876696648277,0.674235804879329,0.668551750568711,0.8605906519130094,3,35787,7655,7708,30,107.93211518526076,,,,,,,,,,,,,,,,,,,,,,,,,,,,,,,,,,,,,
age_class,transformer,120m,5,False,0.6967398231449293,0.7117410054322086,0.6764199169496307,0.6618043400205643,0.8621828726492436,3,35787,7655,7708,30,107.93211518526076,,,,,,,,,,,,,,,,,,,,,,,,,,,,,,,,,,,,,
age_class,transformer,120m,6,False,0.6925398733622071,0.6923063398886942,0.6773172612115167,0.6782508817411136,0.8580004673530812,3,35787,7655,7708,30,107.93211518526076,,,,,,,,,,,,,,,,,,,,,,,,,,,,,,,,,,,,,
age_class,transformer,120m,7,False,0.6866820586058467,0.7031081536951445,0.6811478207359812,0.6574741137917878,0.8701158234381738,3,35787,7655,7708,30,107.93211518526076,,,,,,,,,,,,,,,,,,,,,,,,,,,,,,,,,,,,,
age_class,transformer,120m,8,False,0.6818321663705702,0.6857677447725791,0.6844242255426117,0.6772601027929696,0.8682394591687853,3,35787,7655,7708,30,107.93211518526076,,,,,,,,,,,,,,,,,,,,,,,,,,,,,,,,,,,,,
age_class,transformer,120m,9,False,0.6783405295823917,0.6895249913986177,0.687790399246329,0.6767008533198159,0.8610812828326524,3,35787,7655,7708,30,107.93211518526076,,,,,,,,,,,,,,,,,,,,,,,,,,,,,,,,,,,,,
age_class,transformer,120m,10,False,0.6744577081334638,0.686496544491614,0.6879177766586467,0.6704292056362507,0.8718636144734132,3,35787,7655,7708,30,107.93211518526076,,,,,,,,,,,,,,,,,,,,,,,,,,,,,,,,,,,,,
age_class,transformer,120m,11,False,0.670625583243849,0.7023232443359145,0.6959556610527421,0.6676414351993367,0.8647080852476113,3,35787,7655,7708,30,107.93211518526076,,,,,,,,,,,,,,,,,,,,,,,,,,,,,,,,,,,,,
age_class,transformer,120m,12,False,0.6666189301582561,0.6777487683810104,0.6948772747271876,0.674881558455127,0.873185878413075,3,35787,7655,7708,30,107.93211518526076,,,,,,,,,,,,,,,,,,,,,,,,,,,,,,,,,,,,,
age_class,transformer,120m,13,False,0.6627370978862744,0.6943433503089272,0.6988965002153803,0.661238166283597,0.8772230708997042,3,35787,7655,7708,30,107.93211518526076,,,,,,,,,,,,,,,,,,,,,,,,,,,,,,,,,,,,,
age_class,transformer,120m,14,False,0.660813225377591,0.6711215846761234,0.6981976782453773,0.681827890787705,0.8717872500787865,3,35787,7655,7708,30,107.93211518526076,,,,,,,,,,,,,,,,,,,,,,,,,,,,,,,,,,,,,
age_class,transformer,120m,15,False,0.657120197485088,0.680866958268089,0.6996594385592317,0.6675065179413086,0.8753538244594165,3,35787,7655,7708,30,107.93211518526076,,,,,,,,,,,,,,,,,,,,,,,,,,,,,,,,,,,,,
age_class,transformer,120m,16,False,0.6555704899303177,0.6880812063628283,0.6996355157817816,0.6668914588415978,0.872095952126779,3,35787,7655,7708,30,107.93211518526076,,,,,,,,,,,,,,,,,,,,,,,,,,,,,,,,,,,,,
age_class,transformer,120m,17,False,0.6521214372098344,0.682657477187612,0.7009216097249809,0.6884188816241429,0.8660732757224715,3,35787,7655,7708,30,107.93211518526076,,,,,,,,,,,,,,,,,,,,,,,,,,,,,,,,,,,,,
age_class,transformer,120m,18,False,0.6490530977772258,0.6719821497943961,0.7097462588161276,0.682941382464529,0.8712136036928864,3,35787,7655,7708,30,107.93211518526076,,,,,,,,,,,,,,,,,,,,,,,,,,,,,,,,,,,,,
age_class,transformer,120m,19,False,0.6446235961388684,0.6864108037201118,0.7089471907452096,0.6705189440551281,0.8773312962528065,3,35787,7655,7708,30,107.93211518526076,,,,,,,,,,,,,,,,,,,,,,,,,,,,,,,,,,,,,
age_class,transformer,120m,20,False,0.6439370774118859,0.6682934980622932,0.7097733594919761,0.6833096621669048,0.8705021259689442,3,35787,7655,7708,30,107.93211518526076,,,,,,,,,,,,,,,,,,,,,,,,,,,,,,,,,,,,,
age_class,transformer,120m,21,False,0.6416480746898333,0.6705504894568046,0.7090192607985392,0.6883785585015202,0.8691708794530634,3,35787,7655,7708,30,107.93211518526076,,,,,,,,,,,,,,,,,,,,,,,,,,,,,,,,,,,,,
age_class,transformer,120m,22,True,0.6406441528867369,0.6844089616754334,0.7108517655944082,0.6691749313009452,0.8774719448777039,3,35787,7655,7708,30,107.93211518526076,0.7513063402911672,0.7084432997336038,0.6915355739249397,0.8944092202179122,0.6329535982217283,0.6937936310605336,0.7985826699185495,,,0.728282168517309,0.6691749313009452,0.6558549068446614,0.5697522816166884,0.6420250896057348,0.7957474226804123,,,0.7324857291126102,0.6746925784835701,0.6524565905970586,0.8760366164596242,0.5722543352601156,0.6634103019538188,0.7884130982367759,,,,,,,,,,,,,
age_class,transformer,120m,23,False,0.6379928228794307,0.6698866286361864,0.7136336699255169,0.6873273851990181,0.870993745307857,3,35787,7655,7708,30,107.93211518526076,,,,,,,,,,,,,,,,,,,,,,,,,,,,,,,,,,,,,
age_class,transformer,120m,24,False,0.6361520577163919,0.6700731223895611,0.7130689455775308,0.6878915265205306,0.8703737787367299,3,35787,7655,7708,30,107.93211518526076,,,,,,,,,,,,,,,,,,,,,,,,,,,,,,,,,,,,,
age_class,transformer,120m,25,False,0.6337132916904993,0.6690762420793829,0.715361683748875,0.6883143351768114,0.8727111517755585,3,35787,7655,7708,30,107.93211518526076,,,,,,,,,,,,,,,,,,,,,,,,,,,,,,,,,,,,,
age_class,transformer,120m,26,False,0.6295295987103029,0.6704986741696987,0.7159275650362451,0.6795336229403913,0.8750014244313746,3,35787,7655,7708,30,107.93211518526076,,,,,,,,,,,,,,,,,,,,,,,,,,,,,,,,,,,,,
age_class,transformer,120m,27,False,0.632605887624062,0.670427986362415,0.7165781504008178,0.6832748381081225,0.8751880181465189,3,35787,7655,7708,30,107.93211518526076,,,,,,,,,,,,,,,,,,,,,,,,,,,,,,,,,,,,,
age_class,transformer,120m,28,False,0.6318547202714895,0.6687005456953092,0.718019517566345,0.6830647716613655,0.8725904865675543,3,35787,7655,7708,30,107.93211518526076,,,,,,,,,,,,,,,,,,,,,,,,,,,,,,,,,,,,,
age_class,transformer,120m,29,False,0.6304915022126526,0.669744602719761,0.7183143407510757,0.6853791468722449,0.874652965187233,3,35787,7655,7708,30,107.93211518526076,,,,,,,,,,,,,,,,,,,,,,,,,,,,,,,,,,,,,
age_class,transformer,120m,30,False,0.6310043288758885,0.6690495377346863,0.7170925800907414,0.683919314539675,0.8740914375420069,3,35787,7655,7708,30,107.93211518526076,,,,,,,,,,,,,,,,,,,,,,,,,,,,,,,,,,,,,
age_class,transformer,240m,1,False,0.8997089265048122,0.8442147900854323,0.5268096051886637,0.5825774512533138,0.8451152599348727,3,16579,3553,3566,30,174.91464617649714,,,,,,,,,,,,,,,,,,,,,,,,,,,,,,,,,,,,,
age_class,transformer,240m,2,False,0.8645333580053879,0.8245260625724901,0.5649252100948402,0.6039995521155626,0.8601147917034973,3,16579,3553,3566,30,174.91464617649714,,,,,,,,,,,,,,,,,,,,,,,,,,,,,,,,,,,,,
age_class,transformer,240m,3,False,0.846877368930244,0.7586170788838633,0.5701230715425553,0.606999084219253,0.8607535653271542,3,16579,3553,3566,30,174.91464617649714,,,,,,,,,,,,,,,,,,,,,,,,,,,,,,,,,,,,,
age_class,transformer,240m,4,False,0.8406188691253631,0.8765126398037297,0.5708821052776895,0.5736893625697013,0.8657101394010747,3,16579,3553,3566,30,174.91464617649714,,,,,,,,,,,,,,,,,,,,,,,,,,,,,,,,,,,,,
age_class,transformer,240m,5,False,0.8454011437822186,0.8574922166228035,0.5847449842064917,0.5918726945863221,0.8656494427885658,3,16579,3553,3566,30,174.91464617649714,,,,,,,,,,,,,,,,,,,,,,,,,,,,,,,,,,,,,
age_class,transformer,240m,6,False,0.8290183908353526,0.9558317441981772,0.588017245447368,0.6008898451854202,0.8670554999205596,3,16579,3553,3566,30,174.91464617649714,,,,,,,,,,,,,,,,,,,,,,,,,,,,,,,,,,,,,
age_class,transformer,240m,7,False,0.8475985306731595,0.9184810230442012,0.5865827386276291,0.5736237721252091,0.8688681018532319,3,16579,3553,3566,30,174.91464617649714,,,,,,,,,,,,,,,,,,,,,,,,,,,,,,,,,,,,,
age_class,transformer,240m,8,False,0.8473021015622042,0.9474623759304454,0.5879660639519195,0.5554122067877372,0.8699423026228309,3,16579,3553,3566,30,174.91464617649714,,,,,,,,,,,,,,,,,,,,,,,,,,,,,,,,,,,,,
age_class,transformer,240m,9,False,0.8411162312302718,0.9874330387867516,0.5950330935582309,0.5571254183460311,0.8633070394349254,3,16579,3553,3566,30,174.91464617649714,,,,,,,,,,,,,,,,,,,,,,,,,,,,,,,,,,,,,
age_class,transformer,240m,10,False,0.8406040342398066,0.9305969487593028,0.5970584806967195,0.5783827591189818,0.8685057559389785,3,16579,3553,3566,30,174.91464617649714,,,,,,,,,,,,,,,,,,,,,,,,,,,,,,,,,,,,,
age_class,transformer,240m,11,False,0.8373474821061843,0.8840991859850401,0.6006787200126119,0.5610918123598702,0.8665757075714268,3,16579,3553,3566,30,174.91464617649714,,,,,,,,,,,,,,,,,,,,,,,,,,,,,,,,,,,,,
age_class,transformer,240m,12,False,0.8316813042628345,0.9051272064258788,0.5937952833363145,0.5709636001569701,0.8687799587157324,3,16579,3553,3566,30,174.91464617649714,,,,,,,,,,,,,,,,,,,,,,,,,,,,,,,,,,,,,
age_class,transformer,240m,13,False,0.8339006880702559,0.8394384574799063,0.6007764359049393,0.603769442546552,0.8700565605068252,3,16579,3553,3566,30,174.91464617649714,,,,,,,,,,,,,,,,,,,,,,,,,,,,,,,,,,,,,
age_class,transformer,240m,14,False,0.8284336750019139,0.900786926433388,0.6055239661834999,0.5978329070144012,0.867646978866702,3,16579,3553,3566,30,174.91464617649714,,,,,,,,,,,,,,,,,,,,,,,,,,,,,,,,,,,,,
age_class,transformer,240m,15,False,0.8318478055751953,0.9918033528718776,0.6019876946742512,0.5703754893834592,0.8689641416379442,3,16579,3553,3566,30,174.91464617649714,,,,,,,,,,,,,,,,,,,,,,,,,,,,,,,,,,,,,
age_class,transformer,240m,16,False,0.8360972088644467,0.8916658934843528,0.601301213318596,0.5871904750956632,0.8715376660543989,3,16579,3553,3566,30,174.91464617649714,,,,,,,,,,,,,,,,,,,,,,,,,,,,,,,,,,,,,
age_class,transformer,240m,17,False,0.8273451690591462,0.8709468360067174,0.6053655245876166,0.5874604634931585,0.8710561405898775,3,16579,3553,3566,30,174.91464617649714,,,,,,,,,,,,,,,,,,,,,,,,,,,,,,,,,,,,,
age_class,transformer,240m,18,False,0.8304247868103997,0.9232542892770924,0.605227334264661,0.5865009922929624,0.8724028798834542,3,16579,3553,3566,30,174.91464617649714,,,,,,,,,,,,,,,,,,,,,,,,,,,,,,,,,,,,,
age_class,transformer,240m,19,False,0.8319255763469641,0.9255497995931806,0.6087826210186025,0.5789439686182031,0.8717522715378728,3,16579,3553,3566,30,174.91464617649714,,,,,,,,,,,,,,,,,,,,,,,,,,,,,,,,,,,,,
age_class,transformer,240m,20,False,0.830353286842951,0.8995464767013819,0.60948630943902,0.588698340007451,0.8719216846457076,3,16579,3553,3566,30,174.91464617649714,,,,,,,,,,,,,,,,,,,,,,,,,,,,,,,,,,,,,
age_class,transformer,240m,21,False,0.8290887022653465,0.922868532623649,0.6082093590133735,0.5776784114854908,0.8719494390249428,3,16579,3553,3566,30,174.91464617649714,,,,,,,,,,,,,,,,,,,,,,,,,,,,,,,,,,,,,
age_class,transformer,240m,22,False,0.8245120726068296,0.9445757708052752,0.6132294159813704,0.5761760508495942,0.8727495879260184,3,16579,3553,3566,30,174.91464617649714,,,,,,,,,,,,,,,,,,,,,,,,,,,,,,,,,,,,,
age_class,transformer,240m,23,False,0.8331248477423819,0.9162171611603748,0.6171009284251431,0.5876010040945072,0.872723490266392,3,16579,3553,3566,30,174.91464617649714,,,,,,,,,,,,,,,,,,,,,,,,,,,,,,,,,,,,,
age_class,transformer,240m,24,False,0.8311447913502007,0.8810530002735579,0.613510930428091,0.591952285421521,0.8725621547742506,3,16579,3553,3566,30,174.91464617649714,,,,,,,,,,,,,,,,,,,,,,,,,,,,,,,,,,,,,
age_class,transformer,240m,25,True,0.8149039158774244,0.9241853723758195,0.6134182882491112,0.5877662385305568,0.8733169688839574,3,16579,3553,3566,30,174.91464617649714,0.7470293745099222,0.6108722050184434,0.6248977435209154,0.8850711965435113,0.2970356926799758,0.6852886405959032,0.8502922817794512,,,0.7303687025049254,0.5877662385305568,0.5992668700652001,0.2768361581920904,0.6382153249272551,0.8482472324723247,,,0.7448121144139092,0.6160968565342307,0.6262309476119875,0.8769946326996089,0.3364485981308411,0.673352435530086,0.8384895359417652,,,,,,,,,,,,,
age_class,transformer,240m,26,False,0.8191449863586641,0.9270863798717612,0.6121174666685213,0.5891451249377443,0.872739392954386,3,16579,3553,3566,30,174.91464617649714,,,,,,,,,,,,,,,,,,,,,,,,,,,,,,,,,,,,,
age_class,transformer,240m,27,False,0.829297702598502,0.9256749091531344,0.6108899874222032,0.590716536306069,0.8728650543920912,3,16579,3553,3566,30,174.91464617649714,,,,,,,,,,,,,,,,,,,,,,,,,,,,,,,,,,,,,
age_class,transformer,240m,28,False,0.8156745320228692,0.9418712098854712,0.6162302503503964,0.585326898987315,0.8727771951404701,3,16579,3553,3566,30,174.91464617649714,,,,,,,,,,,,,,,,,,,,,,,,,,,,,,,,,,,,,
age_class,transformer,240m,29,False,0.8283845339103495,0.9326192649272612,0.6081203395688585,0.5907290411985807,0.8728664724346951,3,16579,3553,3566,30,174.91464617649714,,,,,,,,,,,,,,,,,,,,,,,,,,,,,,,,,,,,,
age_class,transformer,240m,30,False,0.8250698809569528,0.9287154842070996,0.6133849396829786,0.5909618308688634,0.8728303478179052,3,16579,3553,3566,30,174.91464617649714,,,,,,,,,,,,,,,,,,,,,,,,,,,,,,,,,,,,,
sleep_efficiency_binary,lstm,30s,1,False,0.674375580663585,0.6655005167227815,0.5816618989017641,0.6038760068045046,0.6414906905515347,2,47175,10105,10115,18,31.09090359608332,,,,,,,,,,,,,,,,,,,,,,,,,,,,,,,,,,,,,
sleep_efficiency_binary,lstm,30s,2,False,0.6562204050651352,0.6623715924131345,0.6174909551858547,0.6072407611777402,0.6453567792011413,2,47175,10105,10115,18,31.09090359608332,,,,,,,,,,,,,,,,,,,,,,,,,,,,,,,,,,,,,
sleep_efficiency_binary,lstm,30s,3,False,0.6482262427969843,0.6604520231470621,0.6262220953473328,0.6067776768348079,0.6448266253681201,2,47175,10105,10115,18,31.09090359608332,,,,,,,,,,,,,,,,,,,,,,,,,,,,,,,,,,,,,
sleep_efficiency_binary,lstm,30s,4,False,0.6419888297691507,0.6589657390902149,0.6343723988514125,0.612057773252281,0.6513221632146203,2,47175,10105,10115,18,31.09090359608332,,,,,,,,,,,,,,,,,,,,,,,,,,,,,,,,,,,,,
sleep_efficiency_binary,lstm,30s,5,False,0.6347261829002231,0.6579225169969396,0.6429763654269909,0.6145188170567875,0.6522765010863225,2,47175,10105,10115,18,31.09090359608332,,,,,,,,,,,,,,,,,,,,,,,,,,,,,,,,,,,,,
sleep_efficiency_binary,lstm,30s,6,False,0.628230070609167,0.6646342587966485,0.6510968988477144,0.6128628103742274,0.653691362465881,2,47175,10105,10115,18,31.09090359608332,,,,,,,,,,,,,,,,,,,,,,,,,,,,,,,,,,,,,
sleep_efficiency_binary,lstm,30s,7,False,0.6228919269827604,0.6630881060886241,0.6557716980241085,0.6118368504167454,0.6514024840100239,2,47175,10105,10115,18,31.09090359608332,,,,,,,,,,,,,,,,,,,,,,,,,,,,,,,,,,,,,
sleep_efficiency_binary,lstm,30s,8,True,0.616772452718566,0.6615524933693256,0.6627832851720805,0.612482953171269,0.6550468368605789,2,47175,10105,10115,18,31.09090359608332,0.6810598834128246,0.6815314965490599,0.6733382383072581,0.7462608102052167,0.6835943940643033,0.6794685990338164,,,,0.6190994557149926,0.612482953171269,0.6101624108419228,0.5777506112469437,0.6472152950955944,,,,0.6186851211072665,0.6121456921006063,0.6092718130224017,0.6547177042456874,0.5794808405438814,0.6448105436573311,,,,,,,,,,,,,,
sleep_efficiency_binary,lstm,30s,9,False,0.6090137895908568,0.6656108958894578,0.6684632407032851,0.6148100612364769,0.6503802636847165,2,47175,10105,10115,18,31.09090359608332,,,,,,,,,,,,,,,,,,,,,,,,,,,,,,,,,,,,,
sleep_efficiency_binary,lstm,30s,10,False,0.6011402893938207,0.6623549722138754,0.6778465917592769,0.6052726781253874,0.6490344432317738,2,47175,10105,10115,18,31.09090359608332,,,,,,,,,,,,,,,,,,,,,,,,,,,,,,,,,,,,,
sleep_efficiency_binary,lstm,30s,11,False,0.5919622818174094,0.6668085573157245,0.683759886142588,0.6121161033845703,0.6496103669107589,2,47175,10105,10115,18,31.09090359608332,,,,,,,,,,,,,,,,,,,,,,,,,,,,,,,,,,,,,
sleep_efficiency_binary,lstm,30s,12,False,0.5842926747532325,0.6738622165386893,0.691644705362939,0.6069518542681601,0.6460289374363603,2,47175,10105,10115,18,31.09090359608332,,,,,,,,,,,,,,,,,,,,,,,,,,,,,,,,,,,,,
sleep_efficiency_binary,lstm,30s,13,False,0.574597814380017,0.6837876785928102,0.7030180435436897,0.6020314942066187,0.6454300272139537,2,47175,10105,10115,18,31.09090359608332,,,,,,,,,,,,,,,,,,,,,,,,,,,,,,,,,,,,,
sleep_efficiency_binary,lstm,30s,14,False,0.5659180222672006,0.6768223291514593,0.7087418932350651,0.6066052269489276,0.6452704018275419,2,47175,10105,10115,18,31.09090359608332,,,,,,,,,,,,,,,,,,,,,,,,,,,,,,,,,,,,,
sleep_efficiency_binary,lstm,30s,15,False,0.5591053568223954,0.683010133194015,0.7144797958850434,0.6030055261195015,0.6431832602682372,2,47175,10105,10115,18,31.09090359608332,,,,,,,,,,,,,,,,,,,,,,,,,,,,,,,,,,,,,
sleep_efficiency_binary,lstm,30s,16,False,0.5488632042918435,0.6965511861383059,0.7209289802160515,0.6024075914533146,0.6444140463836333,2,47175,10105,10115,18,31.09090359608332,,,,,,,,,,,,,,,,,,,,,,,,,,,,,,,,,,,,,
sleep_efficiency_binary,lstm,30s,17,False,0.5429961588576033,0.6964893955514314,0.7266094904693062,0.6002373853467391,0.641703036621974,2,47175,10105,10115,18,31.09090359608332,,,,,,,,,,,,,,,,,,,,,,,,,,,,,,,,,,,,,
sleep_efficiency_binary,lstm,30s,18,False,0.5345024060040602,0.7081292649178974,0.7357956876192298,0.5963641222941017,0.6380502086267623,2,47175,10105,10115,18,31.09090359608332,,,,,,,,,,,,,,,,,,,,,,,,,,,,,,,,,,,,,
sleep_efficiency_binary,transformer,30s,1,False,0.6816058047385082,0.6619384454123636,0.5786601129812357,0.6082207886965553,0.6448949549516592,2,47175,10105,10115,37,151.09087018966676,,,,,,,,,,,,,,,,,,,,,,,,,,,False,0.0,32.0,6.0,1475.0,5.0,264322.0,512.0,128.0,True,5.0
sleep_efficiency_binary,transformer,30s,2,False,0.663983157840935,0.6685003751165379,0.6061739710759388,0.5987639905940121,0.6512072304975133,2,47175,10105,10115,37,151.09087018966676,,,,,,,,,,,,,,,,,,,,,,,,,,,False,0.0,32.0,6.0,1475.0,5.0,264322.0,512.0,128.0,True,5.0
sleep_efficiency_binary,transformer,30s,3,False,0.6585682502573738,0.661658784689613,0.6119310756430366,0.6066481107744087,0.6503101252573538,2,47175,10105,10115,37,151.09087018966676,,,,,,,,,,,,,,,,,,,,,,,,,,,False,0.0,32.0,6.0,1475.0,5.0,264322.0,512.0,128.0,True,5.0
sleep_efficiency_binary,transformer,30s,4,False,0.6550936266247659,0.6667515918501883,0.616048279593568,0.603371359701805,0.6515519473524827,2,47175,10105,10115,37,151.09087018966676,,,,,,,,,,,,,,,,,,,,,,,,,,,False,0.0,32.0,6.0,1475.0,5.0,264322.0,512.0,128.0,True,5.0
sleep_efficiency_binary,transformer,30s,5,False,0.653304793731081,0.6568012791184846,0.6178566023587351,0.6142199513441335,0.6531609240956289,2,47175,10105,10115,37,151.09087018966676,,,,,,,,,,,,,,,,,,,,,,,,,,,False,0.0,32.0,6.0,1475.0,5.0,264322.0,512.0,128.0,True,5.0
sleep_efficiency_binary,transformer,30s,6,False,0.6510843431677967,0.6608311322170694,0.6213026779704797,0.6050831560056663,0.6542251136624616,2,47175,10105,10115,37,151.09087018966676,,,,,,,,,,,,,,,,,,,,,,,,,,,False,0.0,32.0,6.0,1475.0,5.0,264322.0,512.0,128.0,True,5.0
sleep_efficiency_binary,transformer,30s,7,False,0.6502550512656499,0.6579566398863153,0.6223133104275798,0.6135242578151199,0.655148538596459,2,47175,10105,10115,37,151.09087018966676,,,,,,,,,,,,,,,,,,,,,,,,,,,False,0.0,32.0,6.0,1475.0,5.0,264322.0,512.0,128.0,True,5.0
sleep_efficiency_binary,transformer,30s,8,False,0.649722179509877,0.6562106798746278,0.6225382288834383,0.6147140299211222,0.6537284945744848,2,47175,10105,10115,37,151.09087018966676,,,,,,,,,,,,,,,,,,,,,,,,,,,False,0.0,32.0,6.0,1475.0,5.0,264322.0,512.0,128.0,True,5.0
sleep_efficiency_binary,transformer,30s,9,False,0.647999034229889,0.6544852851523674,0.6247838006368778,0.6183668782404217,0.6587413902082611,2,47175,10105,10115,37,151.09087018966676,,,,,,,,,,,,,,,,,,,,,,,,,,,False,0.0,32.0,6.0,1475.0,5.0,264322.0,512.0,128.0,True,5.0
sleep_efficiency_binary,transformer,30s,10,False,0.6466918919613327,0.6604638790270292,0.624556449938184,0.6125550020628949,0.6564628770372358,2,47175,10105,10115,37,151.09087018966676,,,,,,,,,,,,,,,,,,,,,,,,,,,False,0.0,32.0,6.0,1475.0,5.0,264322.0,512.0,128.0,True,5.0
sleep_efficiency_binary,transformer,30s,11,False,0.6462984481752393,0.6584199035775242,0.6268447352894824,0.6130741808884472,0.6547649011131502,2,47175,10105,10115,37,151.09087018966676,,,,,,,,,,,,,,,,,,,,,,,,,,,False,0.0,32.0,6.0,1475.0,5.0,264322.0,512.0,128.0,True,5.0
sleep_efficiency_binary,transformer,30s,12,False,0.6458141428298526,0.6602236931834817,0.6270658275855594,0.6115228432586017,0.6559732697595864,2,47175,10105,10115,37,151.09087018966676,,,,,,,,,,,,,,,,,,,,,,,,,,,False,0.0,32.0,6.0,1475.0,5.0,264322.0,512.0,128.0,True,5.0
sleep_efficiency_binary,transformer,30s,13,False,0.644730240248724,0.6583262951759817,0.6265633205263658,0.6115290421054129,0.6572113318984527,2,47175,10105,10115,37,151.09087018966676,,,,,,,,,,,,,,,,,,,,,,,,,,,False,0.0,32.0,6.0,1475.0,5.0,264322.0,512.0,128.0,True,5.0
sleep_efficiency_binary,transformer,30s,14,False,0.6446823957538756,0.6548889272995128,0.6264166036559313,0.6199314265274061,0.6577994703542691,2,47175,10105,10115,37,151.09087018966676,,,,,,,,,,,,,,,,,,,,,,,,,,,False,0.0,32.0,6.0,1475.0,5.0,264322.0,512.0,128.0,True,5.0
sleep_efficiency_binary,transformer,30s,15,False,0.6447627955526666,0.657943879590655,0.6273955173906786,0.6127851723584274,0.6585994467783272,2,47175,10105,10115,37,151.09087018966676,,,,,,,,,,,,,,,,,,,,,,,,,,,False,0.0,32.0,6.0,1475.0,5.0,264322.0,512.0,128.0,True,5.0
sleep_efficiency_binary,transformer,30s,16,False,0.6435963563294909,0.6554727536212802,0.6282794029711483,0.6158913027130625,0.6582335318996722,2,47175,10105,10115,37,151.09087018966676,,,,,,,,,,,,,,,,,,,,,,,,,,,False,0.0,32.0,6.0,1475.0,5.0,264322.0,512.0,128.0,True,5.0
sleep_efficiency_binary,transformer,30s,17,False,0.6436239528757084,0.656738463644342,0.6283847290424587,0.6161988061630763,0.6589531875283265,2,47175,10105,10115,37,151.09087018966676,,,,,,,,,,,,,,,,,,,,,,,,,,,False,0.0,32.0,6.0,1475.0,5.0,264322.0,512.0,128.0,True,5.0
sleep_efficiency_binary,transformer,30s,18,False,0.6432483694713838,0.6544727615647125,0.6269497199933775,0.6188212232255548,0.6599012859050417,2,47175,10105,10115,37,151.09087018966676,,,,,,,,,,,,,,,,,,,,,,,,,,,False,0.0,32.0,6.0,1475.0,5.0,264322.0,512.0,128.0,True,5.0
sleep_efficiency_binary,transformer,30s,19,False,0.6429602774856074,0.6546982045636089,0.6288411088296388,0.6186639147851642,0.6598266558542519,2,47175,10105,10115,37,151.09087018966676,,,,,,,,,,,,,,,,,,,,,,,,,,,False,0.0,32.0,6.0,1475.0,5.0,264322.0,512.0,128.0,True,5.0
sleep_efficiency_binary,transformer,30s,20,False,0.6419235636282044,0.6562016248526047,0.6289600042557137,0.6168304788151869,0.6585281498779538,2,47175,10105,10115,37,151.09087018966676,,,,,,,,,,,,,,,,,,,,,,,,,,,False,0.0,32.0,6.0,1475.0,5.0,264322.0,512.0,128.0,True,5.0
sleep_efficiency_binary,transformer,30s,21,False,0.6420400782710481,0.6581813241042223,0.6290295720902552,0.6141838760881009,0.6575979163745079,2,47175,10105,10115,37,151.09087018966676,,,,,,,,,,,,,,,,,,,,,,,,,,,False,0.0,32.0,6.0,1475.0,5.0,264322.0,512.0,128.0,True,5.0
sleep_efficiency_binary,transformer,30s,22,False,0.6409294670867617,0.6563697615983992,0.6316841446783381,0.617319069888441,0.6588768705782406,2,47175,10105,10115,37,151.09087018966676,,,,,,,,,,,,,,,,,,,,,,,,,,,False,0.0,32.0,6.0,1475.0,5.0,264322.0,512.0,128.0,True,5.0
sleep_efficiency_binary,transformer,30s,23,False,0.6407277386973128,0.6547129675812322,0.6315415242168889,0.6184000065037081,0.6608012568415962,2,47175,10105,10115,37,151.09087018966676,,,,,,,,,,,,,,,,,,,,,,,,,,,False,0.0,32.0,6.0,1475.0,5.0,264322.0,512.0,128.0,True,5.0
sleep_efficiency_binary,transformer,30s,24,False,0.6401691358545563,0.6584170738403777,0.6319382784955028,0.6179638515772509,0.6611389415621499,2,47175,10105,10115,37,151.09087018966676,,,,,,,,,,,,,,,,,,,,,,,,,,,False,0.0,32.0,6.0,1475.0,5.0,264322.0,512.0,128.0,True,5.0
sleep_efficiency_binary,transformer,30s,25,False,0.6396660523422193,0.6553600809115222,0.6317389625958034,0.6174317669558784,0.6603180719757249,2,47175,10105,10115,37,151.09087018966676,,,,,,,,,,,,,,,,,,,,,,,,,,,False,0.0,32.0,6.0,1475.0,5.0,264322.0,512.0,128.0,True,5.0
sleep_efficiency_binary,transformer,30s,26,False,0.6390224832166865,0.6564133546837245,0.6338895773131767,0.6181694297264175,0.6611951986374731,2,47175,10105,10115,37,151.09087018966676,,,,,,,,,,,,,,,,,,,,,,,,,,,False,0.0,32.0,6.0,1475.0,5.0,264322.0,512.0,128.0,True,5.0
sleep_efficiency_binary,transformer,30s,27,True,0.638582916669133,0.6537806054497048,0.6340095821833518,0.6227867576372841,0.6616226548543067,2,47175,10105,10115,37,151.09087018966676,0.6329199788023318,0.6358246042840472,0.6263446341259493,0.6897368237392969,0.6485298158834845,0.62311939268461,,,,0.6225630875804058,0.6227867576372841,0.6172821933248314,0.623960880195599,0.6216126350789692,,,,0.6209589718240237,0.6198959196681484,0.6145028957528957,0.6619498109203912,0.6145859085290482,0.6252059308072487,,,,False,0.0,32.0,6.0,1475.0,5.0,264322.0,512.0,128.0,True,5.0
sleep_efficiency_binary,transformer,30s,28,False,0.6382994106805192,0.6546770661907111,0.6344460630949393,0.6220004186762109,0.6610413249679388,2,47175,10105,10115,37,151.09087018966676,,,,,,,,,,,,,,,,,,,,,,,,,,,False,0.0,32.0,6.0,1475.0,5.0,264322.0,512.0,128.0,True,5.0
sleep_efficiency_binary,transformer,30s,29,False,0.6380873580628371,0.6553904606351045,0.6355522926520095,0.6184586414973162,0.6611414820731383,2,47175,10105,10115,37,151.09087018966676,,,,,,,,,,,,,,,,,,,,,,,,,,,False,0.0,32.0,6.0,1475.0,5.0,264322.0,512.0,128.0,True,5.0
sleep_efficiency_binary,transformer,30s,30,False,0.6379620486071454,0.6562948854060411,0.635256967166713,0.6178468864513533,0.6602233414019962,2,47175,10105,10115,37,151.09087018966676,,,,,,,,,,,,,,,,,,,,,,,,,,,False,0.0,32.0,6.0,1475.0,5.0,264322.0,512.0,128.0,True,5.0
sleep_efficiency_binary,transformer,30s,31,False,0.6375137215287331,0.6581455068798244,0.6351936577347883,0.6196801191804515,0.6610898995380335,2,47175,10105,10115,37,151.09087018966676,,,,,,,,,,,,,,,,,,,,,,,,,,,False,0.0,32.0,6.0,1475.0,5.0,264322.0,512.0,128.0,True,5.0
sleep_efficiency_binary,transformer,30s,32,False,0.6373422957780693,0.6574141469112662,0.6361144821143387,0.6194994380389693,0.6607168915526993,2,47175,10105,10115,37,151.09087018966676,,,,,,,,,,,,,,,,,,,,,,,,,,,False,0.0,32.0,6.0,1475.0,5.0,264322.0,512.0,128.0,True,5.0
sleep_efficiency_binary,transformer,30s,33,False,0.637064091036038,0.6551180080633715,0.6384509856130702,0.6203023411316859,0.6608989953803348,2,47175,10105,10115,37,151.09087018966676,,,,,,,,,,,,,,,,,,,,,,,,,,,False,0.0,32.0,6.0,1475.0,5.0,264322.0,512.0,128.0,True,5.0
sleep_efficiency_binary,transformer,30s,34,False,0.6361549038361416,0.6566821124930007,0.637149892156344,0.6195094984624827,0.6608680214703664,2,47175,10105,10115,37,151.09087018966676,,,,,,,,,,,,,,,,,,,,,,,,,,,False,0.0,32.0,6.0,1475.0,5.0,264322.0,512.0,128.0,True,5.0
sleep_efficiency_binary,transformer,30s,35,False,0.6358258480815958,0.6556338375007558,0.636933109623887,0.618923148526402,0.6609422247153105,2,47175,10105,10115,37,151.09087018966676,,,,,,,,,,,,,,,,,,,,,,,,,,,False,0.0,32.0,6.0,1475.0,5.0,264322.0,512.0,128.0,True,5.0
sleep_efficiency_binary,transformer,30s,36,False,0.6360004971642689,0.6556529146972592,0.6367522986828338,0.6194463921695355,0.6611328240116905,2,47175,10105,10115,37,151.09087018966676,,,,,,,,,,,,,,,,,,,,,,,,,,,False,0.0,32.0,6.0,1475.0,5.0,264322.0,512.0,128.0,True,5.0
sleep_efficiency_binary,transformer,30s,37,False,0.6356117007008417,0.6552745630810722,0.6372960543047285,0.6203267300371728,0.6612212541181682,2,47175,10105,10115,37,151.09087018966676,,,,,,,,,,,,,,,,,,,,,,,,,,,False,0.0,32.0,6.0,1475.0,5.0,264322.0,512.0,128.0,True,5.0
sleep_efficiency_binary,transformer,10m,1,False,0.6751375713420571,0.6609385967136668,0.5923002639840224,0.6127470646936042,0.6532721375046491,2,47167,10105,10115,28,27.088708670934043,,,,,,,,,,,,,,,,,,,,,,,,,,,False,0.0,32.0,120.0,1474.0,4.99915209326974,264322.0,512.0,128.0,True,5.0
sleep_efficiency_binary,transformer,10m,2,False,0.6589249886843581,0.6548583080779202,0.6121573493726229,0.6135172460047924,0.6573581531094839,2,47167,10105,10115,28,27.088708670934043,,,,,,,,,,,,,,,,,,,,,,,,,,,False,0.0,32.0,120.0,1474.0,4.99915209326974,264322.0,512.0,128.0,True,5.0
sleep_efficiency_binary,transformer,10m,3,False,0.6537009240306301,0.6551588586685033,0.6207283533120663,0.6189186772270627,0.6579542992559351,2,47167,10105,10115,28,27.088708670934043,,,,,,,,,,,,,,,,,,,,,,,,,,,False,0.0,32.0,120.0,1474.0,4.99915209326974,264322.0,512.0,128.0,True,5.0
sleep_efficiency_binary,transformer,10m,4,False,0.650150619052169,0.657847886507845,0.6234368055167459,0.6149767187573039,0.657011586762515,2,47167,10105,10115,28,27.088708670934043,,,,,,,,,,,,,,,,,,,,,,,,,,,False,0.0,32.0,120.0,1474.0,4.99915209326974,264322.0,512.0,128.0,True,5.0
sleep_efficiency_binary,transformer,10m,5,False,0.6489659279018118,0.6557853567193251,0.6262821184069963,0.6152635932580935,0.6589688370760142,2,47167,10105,10115,28,27.088708670934043,,,,,,,,,,,,,,,,,,,,,,,,,,,False,0.0,32.0,120.0,1474.0,4.99915209326974,264322.0,512.0,128.0,True,5.0
sleep_efficiency_binary,transformer,10m,6,False,0.6471265087796534,0.6578429977354704,0.6288236982902293,0.6169024260863734,0.6595833765220203,2,47167,10105,10115,28,27.088708670934043,,,,,,,,,,,,,,,,,,,,,,,,,,,False,0.0,32.0,120.0,1474.0,4.99915209326974,264322.0,512.0,128.0,True,5.0
sleep_efficiency_binary,transformer,10m,7,False,0.6460181257785268,0.6528636664638774,0.6302480193610288,0.6181333544703848,0.6611487580966086,2,47167,10105,10115,28,27.088708670934043,,,,,,,,,,,,,,,,,,,,,,,,,,,False,0.0,32.0,120.0,1474.0,4.99915209326974,264322.0,512.0,128.0,True,5.0
sleep_efficiency_binary,transformer,10m,8,False,0.6454588806072903,0.6534875744289246,0.6309277177987695,0.6161312285707898,0.6611831058051691,2,47167,10105,10115,28,27.088708670934043,,,,,,,,,,,,,,,,,,,,,,,,,,,False,0.0,32.0,120.0,1474.0,4.99915209326974,264322.0,512.0,128.0,True,5.0
sleep_efficiency_binary,transformer,10m,9,False,0.6435878372676125,0.6578358370027348,0.6316374231298628,0.6175821652063809,0.6600565822607295,2,47167,10105,10115,28,27.088708670934043,,,,,,,,,,,,,,,,,,,,,,,,,,,False,0.0,32.0,120.0,1474.0,4.99915209326974,264322.0,512.0,128.0,True,5.0
sleep_efficiency_binary,transformer,10m,10,False,0.6443132998937415,0.6535204548755534,0.6314110767208616,0.6175990341993427,0.6594526113404346,2,47167,10105,10115,28,27.088708670934043,,,,,,,,,,,,,,,,,,,,,,,,,,,False,0.0,32.0,120.0,1474.0,4.99915209326974,264322.0,512.0,128.0,True,5.0
sleep_efficiency_binary,transformer,10m,11,False,0.6431598599715733,0.6534590361379031,0.6323392900184643,0.6192751617289295,0.6624893959071352,2,47167,10105,10115,28,27.088708670934043,,,,,,,,,,,,,,,,,,,,,,,,,,,False,0.0,32.0,120.0,1474.0,4.99915209326974,264322.0,512.0,128.0,True,5.0
sleep_efficiency_binary,transformer,10m,12,False,0.6424575223212432,0.6535313465995166,0.6342467025330424,0.6184104734089796,0.6607680066337822,2,47167,10105,10115,28,27.088708670934043,,,,,,,,,,,,,,,,,,,,,,,,,,,False,0.0,32.0,120.0,1474.0,4.99915209326974,264322.0,512.0,128.0,True,5.0
sleep_efficiency_binary,transformer,10m,13,False,0.6419416696043612,0.6518888570010691,0.6358096181559272,0.6211148981661576,0.6625371371896257,2,47167,10105,10115,28,27.088708670934043,,,,,,,,,,,,,,,,,,,,,,,,,,,False,0.0,32.0,120.0,1474.0,4.99915209326974,264322.0,512.0,128.0,True,5.0
sleep_efficiency_binary,transformer,10m,14,False,0.6415219132808797,0.6535718970461567,0.6368700586938476,0.6203118934530016,0.6614234787928306,2,47167,10105,10115,28,27.088708670934043,,,,,,,,,,,,,,,,,,,,,,,,,,,False,0.0,32.0,120.0,1474.0,4.99915209326974,264322.0,512.0,128.0,True,5.0
sleep_efficiency_binary,transformer,10m,15,False,0.641255005383771,0.6539862456090494,0.6373763837592177,0.6150481579262926,0.660428675662108,2,47167,10105,10115,28,27.088708670934043,,,,,,,,,,,,,,,,,,,,,,,,,,,False,0.0,32.0,120.0,1474.0,4.99915209326974,264322.0,512.0,128.0,True,5.0
sleep_efficiency_binary,transformer,10m,16,False,0.6406150712590237,0.6538367962141193,0.6359883031543813,0.6166275427974481,0.6614691673424425,2,47167,10105,10115,28,27.088708670934043,,,,,,,,,,,,,,,,,,,,,,,,,,,False,0.0,32.0,120.0,1474.0,4.99915209326974,264322.0,512.0,128.0,True,5.0
sleep_efficiency_binary,transformer,10m,17,False,0.6404604222724615,0.6520696027393331,0.6363039920626095,0.620782091226701,0.6628133821924407,2,47167,10105,10115,28,27.088708670934043,,,,,,,,,,,,,,,,,,,,,,,,,,,False,0.0,32.0,120.0,1474.0,4.99915209326974,264322.0,512.0,128.0,True,5.0
sleep_efficiency_binary,transformer,10m,18,True,0.6403253213574833,0.6520757264456261,0.6361310151651857,0.6237991004558693,0.664544811565219,2,47167,10105,10115,28,27.088708670934043,0.635868297750546,0.6402369533468879,0.6298831444598796,0.6883641261576452,0.6593569661995053,0.6211169404942704,,,,0.6224641266699653,0.6237991004558693,0.6176832495943214,0.6308068459657702,0.6167913549459684,,,,0.6261987147800296,0.628880204780242,0.6214066159041213,0.6705770135400142,0.642274412855377,0.6154859967051071,,,,False,0.0,32.0,120.0,1474.0,4.99915209326974,264322.0,512.0,128.0,True,5.0
sleep_efficiency_binary,transformer,10m,19,False,0.6395080569014514,0.6547227699941837,0.637503160891772,0.6183134258892297,0.661293546898849,2,47167,10105,10115,28,27.088708670934043,,,,,,,,,,,,,,,,,,,,,,,,,,,False,0.0,32.0,120.0,1474.0,4.99915209326974,264322.0,512.0,128.0,True,5.0
sleep_efficiency_binary,transformer,10m,20,False,0.6392594370405349,0.6574827760000856,0.6393232180243809,0.6176553319228416,0.6602204757056015,2,47167,10105,10115,28,27.088708670934043,,,,,,,,,,,,,,,,,,,,,,,,,,,False,0.0,32.0,120.0,1474.0,4.99915209326974,264322.0,512.0,128.0,True,5.0
sleep_efficiency_binary,transformer,10m,21,False,0.6391184595893019,0.6574848654245399,0.6372734947164687,0.6176994351935972,0.6615697512534882,2,47167,10105,10115,28,27.088708670934043,,,,,,,,,,,,,,,,,,,,,,,,,,,False,0.0,32.0,120.0,1474.0,4.99915209326974,264322.0,512.0,128.0,True,5.0
sleep_efficiency_binary,transformer,10m,22,False,0.6385741307865502,0.6514412317460035,0.6394502626352487,0.6233301221274442,0.664214240275432,2,47167,10105,10115,28,27.088708670934043,,,,,,,,,,,,,,,,,,,,,,,,,,,False,0.0,32.0,120.0,1474.0,4.99915209326974,264322.0,512.0,128.0,True,5.0
sleep_efficiency_binary,transformer,10m,23,False,0.6380411828302489,0.6513590939029617,0.638793133865839,0.6225773179114154,0.6643100277017319,2,47167,10105,10115,28,27.088708670934043,,,,,,,,,,,,,,,,,,,,,,,,,,,False,0.0,32.0,120.0,1474.0,4.99915209326974,264322.0,512.0,128.0,True,5.0
sleep_efficiency_binary,transformer,10m,24,False,0.6385900117691486,0.6548862872767838,0.6398396313852908,0.6207805669201081,0.6619146307011606,2,47167,10105,10115,28,27.088708670934043,,,,,,,,,,,,,,,,,,,,,,,,,,,False,0.0,32.0,120.0,1474.0,4.99915209326974,264322.0,512.0,128.0,True,5.0
sleep_efficiency_binary,transformer,10m,25,False,0.6376867282205337,0.6540684306698232,0.640487870769048,0.6208688750820586,0.6623308070492067,2,47167,10105,10115,28,27.088708670934043,,,,,,,,,,,,,,,,,,,,,,,,,,,False,0.0,32.0,120.0,1474.0,4.99915209326974,264322.0,512.0,128.0,True,5.0
sleep_efficiency_binary,transformer,10m,26,False,0.6373458997037191,0.6521717447623471,0.64065288496987,0.621198023685692,0.663214376446821,2,47167,10105,10115,28,27.088708670934043,,,,,,,,,,,,,,,,,,,,,,,,,,,False,0.0,32.0,120.0,1474.0,4.99915209326974,264322.0,512.0,128.0,True,5.0
sleep_efficiency_binary,transformer,10m,27,False,0.6373466803745652,0.6538017571178891,0.6404522942563453,0.6198570403656709,0.6624256595674628,2,47167,10105,10115,28,27.088708670934043,,,,,,,,,,,,,,,,,,,,,,,,,,,False,0.0,32.0,120.0,1474.0,4.99915209326974,264322.0,512.0,128.0,True,5.0
sleep_efficiency_binary,transformer,10m,28,False,0.6368213349529838,0.6523584263269291,0.6410632280034088,0.6206993721889246,0.6624481989809503,2,47167,10105,10115,28,27.088708670934043,,,,,,,,,,,,,,,,,,,,,,,,,,,False,0.0,32.0,120.0,1474.0,4.99915209326974,264322.0,512.0,128.0,True,5.0
sleep_efficiency_binary,transformer,40m,1,False,0.6650269991519051,0.6489518200802602,0.6048584432200504,0.6243970351220562,0.6706869744953021,2,47155,10105,10107,27,39.497380777200064,,,,,,,,,,,,,,,,,,,,,,,,,,,False,0.0,32.0,480.0,1474.0,4.997880233174351,264322.0,512.0,128.0,True,5.0
sleep_efficiency_binary,transformer,40m,2,False,0.6440786829696027,0.6443473689630443,0.6328307607158039,0.6337389005074925,0.6804307283949864,2,47155,10105,10107,27,39.497380777200064,,,,,,,,,,,,,,,,,,,,,,,,,,,False,0.0,32.0,480.0,1474.0,4.997880233174351,264322.0,512.0,128.0,True,5.0
sleep_efficiency_binary,transformer,40m,3,False,0.6351993397872074,0.6416630473129824,0.6425183500120037,0.6337908285520917,0.6832615283307624,2,47155,10105,10107,27,39.497380777200064,,,,,,,,,,,,,,,,,,,,,,,,,,,False,0.0,32.0,480.0,1474.0,4.997880233174351,264322.0,512.0,128.0,True,5.0
sleep_efficiency_binary,transformer,40m,4,False,0.6311525218459736,0.6451406389047225,0.6453516115053791,0.6332783566755482,0.685482158499432,2,47155,10105,10107,27,39.497380777200064,,,,,,,,,,,,,,,,,,,,,,,,,,,False,0.0,32.0,480.0,1474.0,4.997880233174351,264322.0,512.0,128.0,True,5.0
sleep_efficiency_binary,transformer,40m,5,False,0.6263723659573526,0.6419876382706013,0.6532361269249403,0.6345146709428547,0.6850957772642559,2,47155,10105,10107,27,39.497380777200064,,,,,,,,,,,,,,,,,,,,,,,,,,,False,0.0,32.0,480.0,1474.0,4.997880233174351,264322.0,512.0,128.0,True,5.0
sleep_efficiency_binary,transformer,40m,6,False,0.6234171382658632,0.637753489641551,0.6562901248093025,0.6435590933017903,0.6905751107154688,2,47155,10105,10107,27,39.497380777200064,,,,,,,,,,,,,,,,,,,,,,,,,,,False,0.0,32.0,480.0,1474.0,4.997880233174351,264322.0,512.0,128.0,True,5.0
sleep_efficiency_binary,transformer,40m,7,False,0.620415029141749,0.6367357530020535,0.6580177190914942,0.6452121529916042,0.6883864096888992,2,47155,10105,10107,27,39.497380777200064,,,,,,,,,,,,,,,,,,,,,,,,,,,False,0.0,32.0,480.0,1474.0,4.997880233174351,264322.0,512.0,128.0,True,5.0
sleep_efficiency_binary,transformer,40m,8,False,0.6187774351616196,0.6389126202365303,0.6606217157531966,0.6399757533631285,0.6890869403508344,2,47155,10105,10107,27,39.497380777200064,,,,,,,,,,,,,,,,,,,,,,,,,,,False,0.0,32.0,480.0,1474.0,4.997880233174351,264322.0,512.0,128.0,True,5.0
sleep_efficiency_binary,transformer,40m,9,False,0.6177106590238637,0.6416620649010282,0.6614868718268687,0.6438966764019047,0.6865247842089968,2,47155,10105,10107,27,39.497380777200064,,,,,,,,,,,,,,,,,,,,,,,,,,,False,0.0,32.0,480.0,1474.0,4.997880233174351,264322.0,512.0,128.0,True,5.0
sleep_efficiency_binary,transformer,40m,10,False,0.6150168177040216,0.6377047520589852,0.6629976157717745,0.6408394254786831,0.689454643749225,2,47155,10105,10107,27,39.497380777200064,,,,,,,,,,,,,,,,,,,,,,,,,,,False,0.0,32.0,480.0,1474.0,4.997880233174351,264322.0,512.0,128.0,True,5.0
sleep_efficiency_binary,transformer,40m,11,False,0.612914116509506,0.6463568083311532,0.6659465174927153,0.6325299221384193,0.6852235548049193,2,47155,10105,10107,27,39.497380777200064,,,,,,,,,,,,,,,,,,,,,,,,,,,False,0.0,32.0,480.0,1474.0,4.997880233174351,264322.0,512.0,128.0,True,5.0
sleep_efficiency_binary,transformer,40m,12,False,0.6117740406311022,0.6509739524830928,0.6676394409636833,0.6317371810896557,0.6891211661148676,2,47155,10105,10107,27,39.497380777200064,,,,,,,,,,,,,,,,,,,,,,,,,,,False,0.0,32.0,480.0,1474.0,4.997880233174351,264322.0,512.0,128.0,True,5.0
sleep_efficiency_binary,transformer,40m,13,False,0.6108947096921621,0.6448041393932643,0.6667667490774499,0.6310720753129402,0.6896504460121091,2,47155,10105,10107,27,39.497380777200064,,,,,,,,,,,,,,,,,,,,,,,,,,,False,0.0,32.0,480.0,1474.0,4.997880233174351,264322.0,512.0,128.0,True,5.0
sleep_efficiency_binary,transformer,40m,14,False,0.609577529446316,0.6406675738311534,0.6692633131986342,0.6397485300603423,0.6900126212585895,2,47155,10105,10107,27,39.497380777200064,,,,,,,,,,,,,,,,,,,,,,,,,,,False,0.0,32.0,480.0,1474.0,4.997880233174351,264322.0,512.0,128.0,True,5.0
sleep_efficiency_binary,transformer,40m,15,False,0.6066071176817126,0.6388359446268398,0.671864446801969,0.6463508100165235,0.6895287250496416,2,47155,10105,10107,27,39.497380777200064,,,,,,,,,,,,,,,,,,,,,,,,,,,False,0.0,32.0,480.0,1474.0,4.997880233174351,264322.0,512.0,128.0,True,5.0
sleep_efficiency_binary,transformer,40m,16,False,0.6066878005070646,0.640073586802032,0.6709664599801075,0.6392784339070823,0.6919712129618903,2,47155,10105,10107,27,39.497380777200064,,,,,,,,,,,,,,,,,,,,,,,,,,,False,0.0,32.0,480.0,1474.0,4.997880233174351,264322.0,512.0,128.0,True,5.0
sleep_efficiency_binary,transformer,40m,17,True,0.6051815299779989,0.6355058747904541,0.6734626729804445,0.6434229219128218,0.6920745609488911,2,47155,10105,10107,27,39.497380777200064,0.6669070088007635,0.6794131293658034,0.6635099201564278,0.7429857043861128,0.7341542521026881,0.6246720066289186,,,,0.6356259277585353,0.6434229219128218,0.6331808806827144,0.6843520782396088,0.602493765586035,,,,0.6468784011081429,0.6540640188806572,0.6436500383473595,0.7020341001927735,0.6899282355852512,0.6181998021760633,,,,False,0.0,32.0,480.0,1474.0,4.997880233174351,264322.0,512.0,128.0,True,5.0
sleep_efficiency_binary,transformer,40m,18,False,0.6029873815956557,0.6439555391647154,0.6758224480113582,0.6389789584717911,0.6907663400585742,2,47155,10105,10107,27,39.497380777200064,,,,,,,,,,,,,,,,,,,,,,,,,,,False,0.0,32.0,480.0,1474.0,4.997880233174351,264322.0,512.0,128.0,True,5.0
sleep_efficiency_binary,transformer,40m,19,False,0.6015538345704389,0.6392441277218478,0.6773315274536531,0.6400764592187014,0.6898127745022122,2,47155,10105,10107,27,39.497380777200064,,,,,,,,,,,,,,,,,,,,,,,,,,,False,0.0,32.0,480.0,1474.0,4.997880233174351,264322.0,512.0,128.0,True,5.0
sleep_efficiency_binary,transformer,40m,20,False,0.6010035721750859,0.6385981189207769,0.6789098033251805,0.6430700957467781,0.6893070908710294,2,47155,10105,10107,27,39.497380777200064,,,,,,,,,,,,,,,,,,,,,,,,,,,False,0.0,32.0,480.0,1474.0,4.997880233174351,264322.0,512.0,128.0,True,5.0
sleep_efficiency_binary,transformer,40m,21,False,0.6005541865411814,0.6394444331858549,0.676913364351058,0.6435645808055249,0.6898773238054008,2,47155,10105,10107,27,39.497380777200064,,,,,,,,,,,,,,,,,,,,,,,,,,,False,0.0,32.0,480.0,1474.0,4.997880233174351,264322.0,512.0,128.0,True,5.0
sleep_efficiency_binary,transformer,40m,22,False,0.5983174794969851,0.6420532471705404,0.6801592687579252,0.6413811640418107,0.6914000044712993,2,47155,10105,10107,27,39.497380777200064,,,,,,,,,,,,,,,,,,,,,,,,,,,False,0.0,32.0,480.0,1474.0,4.997880233174351,264322.0,512.0,128.0,True,5.0
sleep_efficiency_binary,transformer,40m,23,False,0.5970486665578475,0.6432488466300096,0.6808977138586169,0.6382563355263025,0.689237765407183,2,47155,10105,10107,27,39.497380777200064,,,,,,,,,,,,,,,,,,,,,,,,,,,False,0.0,32.0,480.0,1474.0,4.997880233174351,264322.0,512.0,128.0,True,5.0
sleep_efficiency_binary,transformer,40m,24,False,0.596817225368869,0.6423524185314679,0.6801560849459187,0.642648574163613,0.6882637944665638,2,47155,10105,10107,27,39.497380777200064,,,,,,,,,,,,,,,,,,,,,,,,,,,False,0.0,32.0,480.0,1474.0,4.997880233174351,264322.0,512.0,128.0,True,5.0
sleep_efficiency_binary,transformer,40m,25,False,0.5945542892144703,0.64225114600485,0.6819519133964265,0.6415679424096645,0.6892232540084182,2,47155,10105,10107,27,39.497380777200064,,,,,,,,,,,,,,,,,,,,,,,,,,,False,0.0,32.0,480.0,1474.0,4.997880233174351,264322.0,512.0,128.0,True,5.0
sleep_efficiency_binary,transformer,40m,26,False,0.594482396633877,0.6397449192996074,0.6817799268136613,0.6406063081904042,0.6894317385021553,2,47155,10105,10107,27,39.497380777200064,,,,,,,,,,,,,,,,,,,,,,,,,,,False,0.0,32.0,480.0,1474.0,4.997880233174351,264322.0,512.0,128.0,True,5.0
sleep_efficiency_binary,transformer,40m,27,False,0.5937071179259102,0.6435192761593441,0.6822061524100886,0.6407322159149803,0.6877841256679003,2,47155,10105,10107,27,39.497380777200064,,,,,,,,,,,,,,,,,,,,,,,,,,,False,0.0,32.0,480.0,1474.0,4.997880233174351,264322.0,512.0,128.0,True,5.0
sleep_efficiency_binary,transformer,80m,1,False,0.6581895196946771,0.6374058131709186,0.6174499350203837,0.6410379918175222,0.6993320082028018,2,47151,10105,10107,22,62.093366821606956,,,,,,,,,,,,,,,,,,,,,,,,,,,False,0.0,16.0,960.0,2947.0,4.997456279809221,264322.0,512.0,128.0,True,5.0
sleep_efficiency_binary,transformer,80m,2,False,0.6291722804829388,0.6365821413035914,0.6506649476958888,0.6495027711893859,0.7055404073353698,2,47151,10105,10107,22,62.093366821606956,,,,,,,,,,,,,,,,,,,,,,,,,,,False,0.0,16.0,960.0,2947.0,4.997456279809221,264322.0,512.0,128.0,True,5.0
sleep_efficiency_binary,transformer,80m,3,False,0.6177295537223083,0.6265313712633936,0.6649839859186029,0.6542437711751591,0.707416971019883,2,47151,10105,10107,22,62.093366821606956,,,,,,,,,,,,,,,,,,,,,,,,,,,False,0.0,16.0,960.0,2947.0,4.997456279809221,264322.0,512.0,128.0,True,5.0
sleep_efficiency_binary,transformer,80m,4,False,0.612619158472075,0.6294527167320724,0.6681733448192917,0.6499371985683713,0.711083090968585,2,47151,10105,10107,22,62.093366821606956,,,,,,,,,,,,,,,,,,,,,,,,,,,False,0.0,16.0,960.0,2947.0,4.997456279809221,264322.0,512.0,128.0,True,5.0
sleep_efficiency_binary,transformer,80m,5,False,0.6097994812692666,0.6340581162975072,0.6712744482199473,0.653521656331868,0.7084653077981493,2,47151,10105,10107,22,62.093366821606956,,,,,,,,,,,,,,,,,,,,,,,,,,,False,0.0,16.0,960.0,2947.0,4.997456279809221,264322.0,512.0,128.0,True,5.0
sleep_efficiency_binary,transformer,80m,6,False,0.6052980088676411,0.6515654962378997,0.6751527548684599,0.6367719657661063,0.7152463990797253,2,47151,10105,10107,22,62.093366821606956,,,,,,,,,,,,,,,,,,,,,,,,,,,False,0.0,16.0,960.0,2947.0,4.997456279809221,264322.0,512.0,128.0,True,5.0
sleep_efficiency_binary,transformer,80m,7,False,0.6035914101460784,0.6263817519170704,0.6776657378838604,0.6618158149857629,0.7152292658736207,2,47151,10105,10107,22,62.093366821606956,,,,,,,,,,,,,,,,,,,,,,,,,,,False,0.0,16.0,960.0,2947.0,4.997456279809221,264322.0,512.0,128.0,True,5.0
sleep_efficiency_binary,transformer,80m,8,False,0.6021221326845215,0.6262172993252266,0.6800490255183562,0.6606382373325042,0.7149749505616563,2,47151,10105,10107,22,62.093366821606956,,,,,,,,,,,,,,,,,,,,,,,,,,,False,0.0,16.0,960.0,2947.0,4.997456279809221,264322.0,512.0,128.0,True,5.0
sleep_efficiency_binary,transformer,80m,9,False,0.5981289624993398,0.626378270321586,0.6836602061884163,0.6629163643458591,0.7112377979257236,2,47151,10105,10107,22,62.093366821606956,,,,,,,,,,,,,,,,,,,,,,,,,,,False,0.0,16.0,960.0,2947.0,4.997456279809221,264322.0,512.0,128.0,True,5.0
sleep_efficiency_binary,transformer,80m,10,False,0.5971412922083992,0.6216597308887225,0.6835111727659025,0.6624244197981005,0.7151019354628912,2,47151,10105,10107,22,62.093366821606956,,,,,,,,,,,,,,,,,,,,,,,,,,,False,0.0,16.0,960.0,2947.0,4.997456279809221,264322.0,512.0,128.0,True,5.0
sleep_efficiency_binary,transformer,80m,11,False,0.5958773657028219,0.6217269442477833,0.6850226397927334,0.6617004757868978,0.7147225457139548,2,47151,10105,10107,22,62.093366821606956,,,,,,,,,,,,,,,,,,,,,,,,,,,False,0.0,16.0,960.0,2947.0,4.997456279809221,264322.0,512.0,128.0,True,5.0
sleep_efficiency_binary,transformer,80m,12,True,0.5941562637810297,0.6222047451431948,0.6859602097418704,0.6602879516774486,0.7156134317832151,2,47151,10105,10107,22,62.093366821606956,0.6774617717545757,0.6910279345532716,0.674306399911573,0.7578892404674037,0.7504260348523996,0.6316298342541437,,,,0.6531420089064819,0.6602879516774486,0.6504180150924992,0.697799511002445,0.6227763923524522,,,,0.6610270109824874,0.6679162839059873,0.6576419370959222,0.7209940428445558,0.7023014105419451,0.6335311572700296,,,,False,0.0,16.0,960.0,2947.0,4.997456279809221,264322.0,512.0,128.0,True,5.0
sleep_efficiency_binary,transformer,80m,13,False,0.5920287552121279,0.6262759060832547,0.6890248446806462,0.659601099126674,0.7133399589859906,2,47151,10105,10107,22,62.093366821606956,,,,,,,,,,,,,,,,,,,,,,,,,,,False,0.0,16.0,960.0,2947.0,4.997456279809221,264322.0,512.0,128.0,True,5.0
sleep_efficiency_binary,transformer,80m,14,False,0.5910872859716269,0.6211005749471231,0.689952050388587,0.6658953675306436,0.7153810258380129,2,47151,10105,10107,22,62.093366821606956,,,,,,,,,,,,,,,,,,,,,,,,,,,False,0.0,16.0,960.0,2947.0,4.997456279809221,264322.0,512.0,128.0,True,5.0
sleep_efficiency_binary,transformer,80m,15,False,0.5902216920344282,0.6258828386612778,0.6907202883779879,0.6602806350058026,0.7154906946163524,2,47151,10105,10107,22,62.093366821606956,,,,,,,,,,,,,,,,,,,,,,,,,,,False,0.0,16.0,960.0,2947.0,4.997456279809221,264322.0,512.0,128.0,True,5.0
sleep_efficiency_binary,transformer,80m,16,False,0.5869854441685418,0.6257482091133575,0.6923810583735324,0.6617626674958894,0.7145464984645152,2,47151,10105,10107,22,62.093366821606956,,,,,,,,,,,,,,,,,,,,,,,,,,,False,0.0,16.0,960.0,2947.0,4.997456279809221,264322.0,512.0,128.0,True,5.0
sleep_efficiency_binary,transformer,80m,17,False,0.5862303057360813,0.6295385472406437,0.6953171017420733,0.6583778938960667,0.712877768902926,2,47151,10105,10107,22,62.093366821606956,,,,,,,,,,,,,,,,,,,,,,,,,,,False,0.0,16.0,960.0,2947.0,4.997456279809221,264322.0,512.0,128.0,True,5.0
sleep_efficiency_binary,transformer,80m,18,False,0.5861227091444716,0.6298021141666401,0.6947287032686615,0.660510398819577,0.71084653890945,2,47151,10105,10107,22,62.093366821606956,,,,,,,,,,,,,,,,,,,,,,,,,,,False,0.0,16.0,960.0,2947.0,4.997456279809221,264322.0,512.0,128.0,True,5.0
sleep_efficiency_binary,transformer,80m,19,False,0.5836718334772132,0.6370643161624331,0.6944043974298504,0.6506458995136446,0.7133849158684382,2,47151,10105,10107,22,62.093366821606956,,,,,,,,,,,,,,,,,,,,,,,,,,,False,0.0,16.0,960.0,2947.0,4.997456279809221,264322.0,512.0,128.0,True,5.0
sleep_efficiency_binary,transformer,80m,20,False,0.5819599442458128,0.6278997409850993,0.6993241432758777,0.6588871139185452,0.7129782511935321,2,47151,10105,10107,22,62.093366821606956,,,,,,,,,,,,,,,,,,,,,,,,,,,False,0.0,16.0,960.0,2947.0,4.997456279809221,264322.0,512.0,128.0,True,5.0
sleep_efficiency_binary,transformer,80m,21,False,0.5803412249774909,0.6272123954191118,0.6979770453317483,0.6619382676153951,0.7131478150589297,2,47151,10105,10107,22,62.093366821606956,,,,,,,,,,,,,,,,,,,,,,,,,,,False,0.0,16.0,960.0,2947.0,4.997456279809221,264322.0,512.0,128.0,True,5.0
sleep_efficiency_binary,transformer,80m,22,False,0.5786439704302399,0.6281835657013105,0.7018092187685551,0.6615570893467229,0.7154958975828563,2,47151,10105,10107,22,62.093366821606956,,,,,,,,,,,,,,,,,,,,,,,,,,,False,0.0,16.0,960.0,2947.0,4.997456279809221,264322.0,512.0,128.0,True,5.0
sleep_efficiency_binary,transformer,120m,1,False,0.6453283265956619,0.6223779315968542,0.6289778528241032,0.6620330794854754,0.7173704288585788,2,47139,10105,10107,26,124.0710782647133,,,,,,,,,,,,,,,,,,,,,,,,,,,False,0.0,8.0,1440.0,5893.0,4.996184419713831,264322.0,512.0,128.0,True,5.0
sleep_efficiency_binary,transformer,120m,2,False,0.6127897905418042,0.6259864521522088,0.6687019854736537,0.6545966989616423,0.7230329229899985,2,47139,10105,10107,26,124.0710782647133,,,,,,,,,,,,,,,,,,,,,,,,,,,False,0.0,8.0,1440.0,5893.0,4.996184419713831,264322.0,512.0,128.0,True,5.0
sleep_efficiency_binary,transformer,120m,3,False,0.6033977973283876,0.6229025873348655,0.6774897782551426,0.6606265509819583,0.7252248758706332,2,47139,10105,10107,26,124.0710782647133,,,,,,,,,,,,,,,,,,,,,,,,,,,False,0.0,8.0,1440.0,5893.0,4.996184419713831,264322.0,512.0,128.0,True,5.0
sleep_efficiency_binary,transformer,120m,4,False,0.597926202236932,0.6098031233968504,0.6838636493918382,0.6777475626337579,0.7320430992608129,2,47139,10105,10107,26,124.0710782647133,,,,,,,,,,,,,,,,,,,,,,,,,,,False,0.0,8.0,1440.0,5893.0,4.996184419713831,264322.0,512.0,128.0,True,5.0
sleep_efficiency_binary,transformer,120m,5,False,0.5928902681521419,0.6117838362901886,0.6878986487331353,0.6762659366254291,0.7315617435628532,2,47139,10105,10107,26,124.0710782647133,,,,,,,,,,,,,,,,,,,,,,,,,,,False,0.0,8.0,1440.0,5893.0,4.996184419713831,264322.0,512.0,128.0,True,5.0
sleep_efficiency_binary,transformer,120m,6,False,0.5895894252868787,0.6235285459916702,0.6909159413503322,0.6647090505195853,0.7325890449101371,2,47139,10105,10107,26,124.0710782647133,,,,,,,,,,,,,,,,,,,,,,,,,,,False,0.0,8.0,1440.0,5893.0,4.996184419713831,264322.0,512.0,128.0,True,5.0
sleep_efficiency_binary,transformer,120m,7,False,0.585633735269793,0.6158797975107917,0.6944131551307269,0.6700591634198936,0.7295149046698657,2,47139,10105,10107,26,124.0710782647133,,,,,,,,,,,,,,,,,,,,,,,,,,,False,0.0,8.0,1440.0,5893.0,4.996184419713831,264322.0,512.0,128.0,True,5.0
sleep_efficiency_binary,transformer,120m,8,False,0.582854547591701,0.6072951304682525,0.6958856154187546,0.6786327782824926,0.737573954274867,2,47139,10105,10107,26,124.0710782647133,,,,,,,,,,,,,,,,,,,,,,,,,,,False,0.0,8.0,1440.0,5893.0,4.996184419713831,264322.0,512.0,128.0,True,5.0
sleep_efficiency_binary,transformer,120m,9,False,0.5797469089832574,0.6120037223194449,0.6996279853934638,0.6743872795598616,0.7352810313255166,2,47139,10105,10107,26,124.0710782647133,,,,,,,,,,,,,,,,,,,,,,,,,,,False,0.0,8.0,1440.0,5893.0,4.996184419713831,264322.0,512.0,128.0,True,5.0
sleep_efficiency_binary,transformer,120m,10,False,0.5742037411334318,0.6081329664253233,0.7036837491436521,0.6811924955337817,0.7409803527042215,2,47139,10105,10107,26,124.0710782647133,,,,,,,,,,,,,,,,,,,,,,,,,,,False,0.0,8.0,1440.0,5893.0,4.996184419713831,264322.0,512.0,128.0,True,5.0
sleep_efficiency_binary,transformer,120m,11,False,0.5716952260506745,0.616450668615554,0.7058005869542986,0.6753356015015436,0.7371023541391022,2,47139,10105,10107,26,124.0710782647133,,,,,,,,,,,,,,,,,,,,,,,,,,,False,0.0,8.0,1440.0,5893.0,4.996184419713831,264322.0,512.0,128.0,True,5.0
sleep_efficiency_binary,transformer,120m,12,False,0.5682608568972338,0.6102350989259864,0.7082494862824278,0.6734987104366223,0.7331278568046062,2,47139,10105,10107,26,124.0710782647133,,,,,,,,,,,,,,,,,,,,,,,,,,,False,0.0,8.0,1440.0,5893.0,4.996184419713831,264322.0,512.0,128.0,True,5.0
sleep_efficiency_binary,transformer,120m,13,False,0.5648106547616755,0.6082717867460303,0.7102384454548994,0.6813767333906473,0.7370209358429517,2,47139,10105,10107,26,124.0710782647133,,,,,,,,,,,,,,,,,,,,,,,,,,,False,0.0,8.0,1440.0,5893.0,4.996184419713831,264322.0,512.0,128.0,True,5.0
sleep_efficiency_binary,transformer,120m,14,False,0.5614921482263973,0.6179517372181839,0.7152080606495234,0.6740301853353576,0.7377331731795206,2,47139,10105,10107,26,124.0710782647133,,,,,,,,,,,,,,,,,,,,,,,,,,,False,0.0,8.0,1440.0,5893.0,4.996184419713831,264322.0,512.0,128.0,True,5.0
sleep_efficiency_binary,transformer,120m,15,False,0.558885542040588,0.6342434921222179,0.7162135918922682,0.6601460895438666,0.7378927985659323,2,47139,10105,10107,26,124.0710782647133,,,,,,,,,,,,,,,,,,,,,,,,,,,False,0.0,8.0,1440.0,5893.0,4.996184419713831,264322.0,512.0,128.0,True,5.0
sleep_efficiency_binary,transformer,120m,16,True,0.5567253236276081,0.6097362208578742,0.7169128948705545,0.681612492810354,0.7413698841730232,2,47139,10105,10107,26,124.0710782647133,0.7065911453361335,0.7228467631785731,0.7039815033113037,0.7978284927397515,0.7940287018199813,0.651664824537165,,,,0.6754082137555666,0.681612492810354,0.672307217253501,0.7141809290953546,0.6490440565253532,,,,0.6795290392797071,0.6877084072235844,0.6764874628387338,0.747341052432155,0.7285325414501361,0.6468842729970327,,,,False,0.0,8.0,1440.0,5893.0,4.996184419713831,264322.0,512.0,128.0,True,5.0
sleep_efficiency_binary,transformer,120m,17,False,0.5535447732116413,0.609219190674451,0.7207836401124159,0.6824916112327168,0.740789834704193,2,47139,10105,10107,26,124.0710782647133,,,,,,,,,,,,,,,,,,,,,,,,,,,False,0.0,8.0,1440.0,5893.0,4.996184419713831,264322.0,512.0,128.0,True,5.0
sleep_efficiency_binary,transformer,120m,18,False,0.5512617899515068,0.6169418518995071,0.7211543171442341,0.6734138573696159,0.736026600166251,2,47139,10105,10107,26,124.0710782647133,,,,,,,,,,,,,,,,,,,,,,,,,,,False,0.0,8.0,1440.0,5893.0,4.996184419713831,264322.0,512.0,128.0,True,5.0
sleep_efficiency_binary,transformer,120m,19,False,0.5473006960986014,0.6396762147715397,0.7251564943428812,0.6614566883524684,0.7401943999008185,2,47139,10105,10107,26,124.0710782647133,,,,,,,,,,,,,,,,,,,,,,,,,,,False,0.0,8.0,1440.0,5893.0,4.996184419713831,264322.0,512.0,128.0,True,5.0
sleep_efficiency_binary,transformer,120m,20,False,0.5458973305054774,0.6118608579002708,0.7269272339829957,0.6810431134876744,0.7396759730665187,2,47139,10105,10107,26,124.0710782647133,,,,,,,,,,,,,,,,,,,,,,,,,,,False,0.0,8.0,1440.0,5893.0,4.996184419713831,264322.0,512.0,128.0,True,5.0
sleep_efficiency_binary,transformer,120m,21,False,0.5435223090774842,0.6156309275300358,0.7279572595746382,0.6781530281874775,0.7382474945480635,2,47139,10105,10107,26,124.0710782647133,,,,,,,,,,,,,,,,,,,,,,,,,,,False,0.0,8.0,1440.0,5893.0,4.996184419713831,264322.0,512.0,128.0,True,5.0
sleep_efficiency_binary,transformer,120m,22,False,0.5398578231703752,0.6157901353039168,0.728086535990738,0.6812833442067203,0.7379495027711894,2,47139,10105,10107,26,124.0710782647133,,,,,,,,,,,,,,,,,,,,,,,,,,,False,0.0,8.0,1440.0,5893.0,4.996184419713831,264322.0,512.0,128.0,True,5.0
sleep_efficiency_binary,transformer,120m,23,False,0.5374339610333786,0.6260188759243294,0.7304906143162573,0.6687198060269051,0.735895713040138,2,47139,10105,10107,26,124.0710782647133,,,,,,,,,,,,,,,,,,,,,,,,,,,False,0.0,8.0,1440.0,5893.0,4.996184419713831,264322.0,512.0,128.0,True,5.0
sleep_efficiency_binary,transformer,120m,24,False,0.536025665482477,0.614458406493547,0.7342668842039594,0.6771175159086797,0.7376063915191645,2,47139,10105,10107,26,124.0710782647133,,,,,,,,,,,,,,,,,,,,,,,,,,,False,0.0,8.0,1440.0,5893.0,4.996184419713831,264322.0,512.0,128.0,True,5.0
sleep_efficiency_binary,transformer,120m,25,False,0.5330417098130906,0.6196340485441396,0.7361433402954323,0.6768182437142678,0.7371396081922333,2,47139,10105,10107,26,124.0710782647133,,,,,,,,,,,,,,,,,,,,,,,,,,,False,0.0,8.0,1440.0,5893.0,4.996184419713831,264322.0,512.0,128.0,True,5.0
sleep_efficiency_binary,transformer,120m,26,False,0.5313271044254095,0.6181750169710497,0.7369289342203125,0.6766337009960836,0.7347358173433571,2,47139,10105,10107,26,124.0710782647133,,,,,,,,,,,,,,,,,,,,,,,,,,,False,0.0,8.0,1440.0,5893.0,4.996184419713831,264322.0,512.0,128.0,True,5.0
sleep_efficiency_binary,transformer,240m,1,False,0.6160163886797813,0.5781870115664499,0.6603106695020313,0.6923562121590888,0.7759156509703736,2,47099,10105,10103,20,337.1750265638034,,,,,,,,,,,,,,,,,,,,,,,,,,,False,0.0,4.0,2880.0,11775.0,4.991944886062533,264322.0,512.0,128.0,True,5.0
sleep_efficiency_binary,transformer,240m,2,False,0.5680067551634568,0.567012296807996,0.7082464560636736,0.7092718489026009,0.7800540823979172,2,47099,10105,10103,20,337.1750265638034,,,,,,,,,,,,,,,,,,,,,,,,,,,False,0.0,4.0,2880.0,11775.0,4.991944886062533,264322.0,512.0,128.0,True,5.0
sleep_efficiency_binary,transformer,240m,3,False,0.5551276250757147,0.5578328053544854,0.7204839025082477,0.7217522615628817,0.7882157483227548,2,47099,10105,10103,20,337.1750265638034,,,,,,,,,,,,,,,,,,,,,,,,,,,False,0.0,4.0,2880.0,11775.0,4.991944886062533,264322.0,512.0,128.0,True,5.0
sleep_efficiency_binary,transformer,240m,4,False,0.5448044037308398,0.5570050608044153,0.7295881099583275,0.7215617232387653,0.789071087562268,2,47099,10105,10103,20,337.1750265638034,,,,,,,,,,,,,,,,,,,,,,,,,,,False,0.0,4.0,2880.0,11775.0,4.991944886062533,264322.0,512.0,128.0,True,5.0
sleep_efficiency_binary,transformer,240m,5,False,0.5349385134514943,0.5615713421386224,0.7322248117106978,0.715741107703439,0.788219366010402,2,47099,10105,10103,20,337.1750265638034,,,,,,,,,,,,,,,,,,,,,,,,,,,False,0.0,4.0,2880.0,11775.0,4.991944886062533,264322.0,512.0,128.0,True,5.0
sleep_efficiency_binary,transformer,240m,6,False,0.5265970575285301,0.5641928410512395,0.7419478234188464,0.7186469441717629,0.7864305007652019,2,47099,10105,10103,20,337.1750265638034,,,,,,,,,,,,,,,,,,,,,,,,,,,False,0.0,4.0,2880.0,11775.0,4.991944886062533,264322.0,512.0,128.0,True,5.0
sleep_efficiency_binary,transformer,240m,7,False,0.5196987516313868,0.5673903975482774,0.7457962697669764,0.7148507094122883,0.7900584927249927,2,47099,10105,10103,20,337.1750265638034,,,,,,,,,,,,,,,,,,,,,,,,,,,False,0.0,4.0,2880.0,11775.0,4.991944886062533,264322.0,512.0,128.0,True,5.0
sleep_efficiency_binary,transformer,240m,8,False,0.5103331365789253,0.57090805893057,0.7531922562511211,0.7111682895450859,0.7895907744900178,2,47099,10105,10103,20,337.1750265638034,,,,,,,,,,,,,,,,,,,,,,,,,,,False,0.0,4.0,2880.0,11775.0,4.991944886062533,264322.0,512.0,128.0,True,5.0
sleep_efficiency_binary,transformer,240m,9,False,0.5043787836380558,0.5691368764901386,0.755303843283646,0.7142153784243548,0.7893576572017389,2,47099,10105,10103,20,337.1750265638034,,,,,,,,,,,,,,,,,,,,,,,,,,,False,0.0,4.0,2880.0,11775.0,4.991944886062533,264322.0,512.0,128.0,True,5.0
sleep_efficiency_binary,transformer,240m,10,True,0.4985603483866341,0.565084037228217,0.7593751770279917,0.7214698583614314,0.7907286795236848,2,47099,10105,10103,20,337.1750265638034,0.7543472260557549,0.7707637156389737,0.7516626302186198,0.8500058855565512,0.8426960110041265,0.6988314202738211,,,,0.7141019297377535,0.7214698583614314,0.7112857742471319,0.7601466992665037,0.6827930174563591,,,,0.71661882609126,0.7242561215374808,0.7133553483216606,0.796804973534632,0.7624350408314774,0.686077202243484,,,,False,0.0,4.0,2880.0,11775.0,4.991944886062533,264322.0,512.0,128.0,True,5.0
sleep_efficiency_binary,transformer,240m,11,False,0.4914726655540422,0.5789362767518658,0.7659423072789344,0.7148995888437016,0.7898674462986788,2,47099,10105,10103,20,337.1750265638034,,,,,,,,,,,,,,,,,,,,,,,,,,,False,0.0,4.0,2880.0,11775.0,4.991944886062533,264322.0,512.0,128.0,True,5.0
sleep_efficiency_binary,transformer,240m,12,False,0.4879012219420375,0.5744667859065067,0.7669596097499362,0.7140686385096753,0.7875289160960679,2,47099,10105,10103,20,337.1750265638034,,,,,,,,,,,,,,,,,,,,,,,,,,,False,0.0,4.0,2880.0,11775.0,4.991944886062533,264322.0,512.0,128.0,True,5.0
sleep_efficiency_binary,transformer,240m,13,False,0.4829847650705797,0.6007221860454438,0.7718175840798549,0.6998623043044385,0.7848281293506251,2,47099,10105,10103,20,337.1750265638034,,,,,,,,,,,,,,,,,,,,,,,,,,,False,0.0,4.0,2880.0,11775.0,4.991944886062533,264322.0,512.0,128.0,True,5.0
sleep_efficiency_binary,transformer,240m,14,False,0.4755928472222934,0.5772292570533109,0.7755455724502691,0.7122946504968224,0.785002388080329,2,47099,10105,10103,20,337.1750265638034,,,,,,,,,,,,,,,,,,,,,,,,,,,False,0.0,4.0,2880.0,11775.0,4.991944886062533,264322.0,512.0,128.0,True,5.0
sleep_efficiency_binary,transformer,240m,15,False,0.4718366571310325,0.5940500282315203,0.7777895179265035,0.7088850815097545,0.7842110697177187,2,47099,10105,10103,20,337.1750265638034,,,,,,,,,,,,,,,,,,,,,,,,,,,False,0.0,4.0,2880.0,11775.0,4.991944886062533,264322.0,512.0,128.0,True,5.0
sleep_efficiency_binary,transformer,240m,16,False,0.4672323117758461,0.5812271495153856,0.7811810917650335,0.7186530413981347,0.78641023764956,2,47099,10105,10103,20,337.1750265638034,,,,,,,,,,,,,,,,,,,,,,,,,,,False,0.0,4.0,2880.0,11775.0,4.991944886062533,264322.0,512.0,128.0,True,5.0
sleep_efficiency_binary,transformer,240m,17,False,0.4633590763690995,0.5766479713515089,0.7860557735426542,0.7152399156956833,0.7852471510709779,2,47099,10105,10103,20,337.1750265638034,,,,,,,,,,,,,,,,,,,,,,,,,,,False,0.0,4.0,2880.0,11775.0,4.991944886062533,264322.0,512.0,128.0,True,5.0
sleep_efficiency_binary,transformer,240m,18,False,0.4584596348194916,0.5867456859022836,0.7879643716483572,0.7123894623669026,0.7831618996518483,2,47099,10105,10103,20,337.1750265638034,,,,,,,,,,,,,,,,,,,,,,,,,,,False,0.0,4.0,2880.0,11775.0,4.991944886062533,264322.0,512.0,128.0,True,5.0
sleep_efficiency_binary,transformer,240m,19,False,0.4545444091507317,0.6019244388955056,0.7904518144311031,0.7047922166872956,0.7802568558229528,2,47099,10105,10103,20,337.1750265638034,,,,,,,,,,,,,,,,,,,,,,,,,,,False,0.0,4.0,2880.0,11775.0,4.991944886062533,264322.0,512.0,128.0,True,5.0
sleep_efficiency_binary,transformer,240m,20,False,0.4498914501042154,0.5963342801731805,0.7935465167263751,0.7106711623549113,0.7803412414359374,2,47099,10105,10103,20,337.1750265638034,,,,,,,,,,,,,,,,,,,,,,,,,,,False,0.0,4.0,2880.0,11775.0,4.991944886062533,264322.0,512.0,128.0,True,5.0
