task,head,run_tag,context_length,epoch,is_best_epoch,is_overfit_epoch,train_loss,val_loss,train_bal_acc,val_bal_acc,val_auroc,num_classes,n_train,n_val,n_test,n_epochs_run,n_overfit_epochs,training_time_min,batch_size,seq_len,steps_per_epoch,windows_per_subject_train,n_trainable_params,input_dim,hidden_dim,save_snapshots,snapshot_interval,train_accuracy,train_balanced_accuracy,train_macro_f1,train_auroc,train_recall_class0,train_recall_class1,train_recall_class2,train_recall_class3,train_recall_class4,val_accuracy,val_balanced_accuracy,val_macro_f1,val_recall_class0,val_recall_class1,val_recall_class2,val_recall_class3,val_recall_class4,test_accuracy,test_balanced_accuracy,test_macro_f1,test_auroc,test_recall_class0,test_recall_class1,test_recall_class2,test_recall_class3,test_recall_class4
age_class,lstm,abl_bas_only,120m,1,False,False,0.9884779099541312,0.936863720410617,0.5024214781425373,0.5256430741668785,0.7273208420167494,3,43345,9305,9295,40,0,144.8440532128016,32,1440,1355,5.0,658179,512,128,True,5,,,,,,,,,,,,,,,,,,,,,,,,,,
age_class,lstm,abl_bas_only,120m,2,False,False,0.9153394092888084,0.8893548798907002,0.5511646013073845,0.5667996341221881,0.7728435355098441,3,43345,9305,9295,40,0,144.8440532128016,32,1440,1355,5.0,658179,512,128,True,5,,,,,,,,,,,,,,,,,,,,,,,,,,
age_class,lstm,abl_bas_only,120m,3,False,False,0.874136823791852,0.8629970240247051,0.5743275444924373,0.5798396715495876,0.786784180327238,3,43345,9305,9295,40,0,144.8440532128016,32,1440,1355,5.0,658179,512,128,True,5,,,,,,,,,,,,,,,,,,,,,,,,,,
age_class,lstm,abl_bas_only,120m,4,False,False,0.8492790668779955,0.8516164719834243,0.585221750774496,0.5845713903434115,0.791670595433014,3,43345,9305,9295,40,0,144.8440532128016,32,1440,1355,5.0,658179,512,128,True,5,,,,,,,,,,,,,,,,,,,,,,,,,,
age_class,lstm,abl_bas_only,120m,5,False,False,0.8357198443692205,0.8403795506991346,0.595218644893547,0.5868936237176184,0.7972837741360438,3,43345,9305,9295,40,0,144.8440532128016,32,1440,1355,5.0,658179,512,128,True,5,,,,,,,,,,,,,,,,,,,,,,,,,,
age_class,lstm,abl_bas_only,120m,6,False,False,0.827322840308329,0.8279108926597812,0.596396125037501,0.5887174432233923,0.802115709768899,3,43345,9305,9295,40,0,144.8440532128016,32,1440,1355,5.0,658179,512,128,True,5,,,,,,,,,,,,,,,,,,,,,,,,,,
age_class,lstm,abl_bas_only,120m,7,False,False,0.8116208759224914,0.8259441289384156,0.6061509948624311,0.5911477838843263,0.804171175479277,3,43345,9305,9295,40,0,144.8440532128016,32,1440,1355,5.0,658179,512,128,True,5,,,,,,,,,,,,,,,,,,,,,,,,,,
age_class,lstm,abl_bas_only,120m,8,False,False,0.8079734413237951,0.8220056476162557,0.6120937873387367,0.6053041980654269,0.8068916737321524,3,43345,9305,9295,40,0,144.8440532128016,32,1440,1355,5.0,658179,512,128,True,5,,,,,,,,,,,,,,,,,,,,,,,,,,
age_class,lstm,abl_bas_only,120m,9,False,False,0.7979306331788095,0.8381014858888465,0.6190151035589783,0.6031044884291078,0.8019734162810827,3,43345,9305,9295,40,0,144.8440532128016,32,1440,1355,5.0,658179,512,128,True,5,,,,,,,,,,,,,,,,,,,,,,,,,,
age_class,lstm,abl_bas_only,120m,10,False,False,0.7948251818342733,0.8110765220400212,0.6205315746283374,0.6098568798601598,0.8102148909283304,3,43345,9305,9295,40,0,144.8440532128016,32,1440,1355,5.0,658179,512,128,True,5,,,,,,,,,,,,,,,,,,,,,,,,,,
age_class,lstm,abl_bas_only,120m,11,False,False,0.791014847018092,0.8089591692622665,0.621486685775618,0.5988639527423709,0.8104757640060001,3,43345,9305,9295,40,0,144.8440532128016,32,1440,1355,5.0,658179,512,128,True,5,,,,,,,,,,,,,,,,,,,,,,,,,,
age_class,lstm,abl_bas_only,120m,12,False,False,0.7884313743080643,0.8231980300410854,0.6247392172875833,0.5834585806794572,0.8084479420698196,3,43345,9305,9295,40,0,144.8440532128016,32,1440,1355,5.0,658179,512,128,True,5,,,,,,,,,,,,,,,,,,,,,,,,,,
age_class,lstm,abl_bas_only,120m,13,False,False,0.7832330649734327,0.7979964057839346,0.6272377251822183,0.6033788517164655,0.8162908350581528,3,43345,9305,9295,40,0,144.8440532128016,32,1440,1355,5.0,658179,512,128,True,5,,,,,,,,,,,,,,,,,,,,,,,,,,
age_class,lstm,abl_bas_only,120m,14,False,False,0.778704245864128,0.8060185040535944,0.6273898645782676,0.619399907332932,0.814218614357212,3,43345,9305,9295,40,0,144.8440532128016,32,1440,1355,5.0,658179,512,128,True,5,,,,,,,,,,,,,,,,,,,,,,,,,,
age_class,lstm,abl_bas_only,120m,15,False,False,0.7787036719543874,0.8029960686516083,0.6282665378453973,0.6142033787165019,0.8149096081405413,3,43345,9305,9295,40,0,144.8440532128016,32,1440,1355,5.0,658179,512,128,True,5,,,,,,,,,,,,,,,,,,,,,,,,,,
age_class,lstm,abl_bas_only,120m,16,False,False,0.769429884282538,0.8005851307330369,0.6324466447206935,0.6100844653370308,0.8152468224076911,3,43345,9305,9295,40,0,144.8440532128016,32,1440,1355,5.0,658179,512,128,True,5,,,,,,,,,,,,,,,,,,,,,,,,,,
age_class,lstm,abl_bas_only,120m,17,False,False,0.7652398072857801,0.8029219091611162,0.637349124065821,0.6107454329017541,0.8214208405042621,3,43345,9305,9295,40,0,144.8440532128016,32,1440,1355,5.0,658179,512,128,True,5,,,,,,,,,,,,,,,,,,,,,,,,,,
age_class,lstm,abl_bas_only,120m,18,False,False,0.7627829747637851,0.8042590961476797,0.6381089115904265,0.6223992052472535,0.8176084212024254,3,43345,9305,9295,40,0,144.8440532128016,32,1440,1355,5.0,658179,512,128,True,5,,,,,,,,,,,,,,,,,,,,,,,,,,
age_class,lstm,abl_bas_only,120m,19,False,False,0.7632711988293543,0.7964220844245226,0.6377686141725477,0.6189872066390624,0.8181481326924235,3,43345,9305,9295,40,0,144.8440532128016,32,1440,1355,5.0,658179,512,128,True,5,,,,,,,,,,,,,,,,,,,,,,,,,,
age_class,lstm,abl_bas_only,120m,20,False,False,0.7592940499796589,0.7991440979784884,0.6411117752277241,0.6087212704402613,0.8133668274327569,3,43345,9305,9295,40,0,144.8440532128016,32,1440,1355,5.0,658179,512,128,True,5,,,,,,,,,,,,,,,,,,,,,,,,,,
age_class,lstm,abl_bas_only,120m,21,False,False,0.7570848676624533,0.7921312263100331,0.6440497958770028,0.6070680273633129,0.8181303049026075,3,43345,9305,9295,40,0,144.8440532128016,32,1440,1355,5.0,658179,512,128,True,5,,,,,,,,,,,,,,,,,,,,,,,,,,
age_class,lstm,abl_bas_only,120m,22,False,False,0.7520611517321267,0.7924142118553396,0.6467207295562774,0.6049965462329601,0.8198012280071012,3,43345,9305,9295,40,0,144.8440532128016,32,1440,1355,5.0,658179,512,128,True,5,,,,,,,,,,,,,,,,,,,,,,,,,,
age_class,lstm,abl_bas_only,120m,23,False,False,0.7473261165253114,0.8156534613556019,0.6467543149239126,0.5907464154611319,0.8200635265436312,3,43345,9305,9295,40,0,144.8440532128016,32,1440,1355,5.0,658179,512,128,True,5,,,,,,,,,,,,,,,,,,,,,,,,,,
age_class,lstm,abl_bas_only,120m,24,False,False,0.7476575857559721,0.7799368159864488,0.6487125579825498,0.6221100327425356,0.8259010890737589,3,43345,9305,9295,40,0,144.8440532128016,32,1440,1355,5.0,658179,512,128,True,5,,,,,,,,,,,,,,,,,,,,,,,,,,
age_class,lstm,abl_bas_only,120m,25,False,False,0.7446493381446779,0.8088188256069513,0.6534854255675487,0.6157755574253803,0.8121276180820424,3,43345,9305,9295,40,0,144.8440532128016,32,1440,1355,5.0,658179,512,128,True,5,,,,,,,,,,,,,,,,,,,,,,,,,,
age_class,lstm,abl_bas_only,120m,26,False,False,0.7390109672748805,0.7831117475628533,0.653979697013369,0.617061119829233,0.823627724401581,3,43345,9305,9295,40,0,144.8440532128016,32,1440,1355,5.0,658179,512,128,True,5,,,,,,,,,,,,,,,,,,,,,,,,,,
age_class,lstm,abl_bas_only,120m,27,False,False,0.734487312299898,0.7919695523142622,0.6564485160583851,0.6169565538770918,0.8209602347839619,3,43345,9305,9295,40,0,144.8440532128016,32,1440,1355,5.0,658179,512,128,True,5,,,,,,,,,,,,,,,,,,,,,,,,,,
age_class,lstm,abl_bas_only,120m,28,False,False,0.7309411105461662,0.7863367065699237,0.6625210290960729,0.6156398148513013,0.8251249657521185,3,43345,9305,9295,40,0,144.8440532128016,32,1440,1355,5.0,658179,512,128,True,5,,,,,,,,,,,,,,,,,,,,,,,,,,
age_class,lstm,abl_bas_only,120m,29,False,False,0.7282092178393186,0.7880326286686934,0.6643449236647333,0.6231530072884529,0.8239233839888419,3,43345,9305,9295,40,0,144.8440532128016,32,1440,1355,5.0,658179,512,128,True,5,,,,,,,,,,,,,,,,,,,,,,,,,,
age_class,lstm,abl_bas_only,120m,30,False,False,0.7253552902939823,0.782288136436118,0.664531866081158,0.6192217975196236,0.8235891113050661,3,43345,9305,9295,40,0,144.8440532128016,32,1440,1355,5.0,658179,512,128,True,5,,,,,,,,,,,,,,,,,,,,,,,,,,
age_class,lstm,abl_bas_only,120m,31,False,False,0.7213833277964484,0.7917971262427058,0.6662025195679567,0.6263150906955103,0.8202265333459829,3,43345,9305,9295,40,0,144.8440532128016,32,1440,1355,5.0,658179,512,128,True,5,,,,,,,,,,,,,,,,,,,,,,,,,,
age_class,lstm,abl_bas_only,120m,32,False,False,0.7165331549773182,0.785050826979734,0.6680349295895759,0.6237510936285081,0.8236965302592155,3,43345,9305,9295,40,0,144.8440532128016,32,1440,1355,5.0,658179,512,128,True,5,,,,,,,,,,,,,,,,,,,,,,,,,,
age_class,lstm,abl_bas_only,120m,33,False,False,0.7160432939037675,0.7833413834600024,0.6682204363120382,0.6208386292382371,0.825778877202923,3,43345,9305,9295,40,0,144.8440532128016,32,1440,1355,5.0,658179,512,128,True,5,,,,,,,,,,,,,,,,,,,,,,,,,,
age_class,lstm,abl_bas_only,120m,34,False,False,0.7125799185746489,0.782649111798987,0.6720800070896301,0.6168444159077265,0.8261873443545716,3,43345,9305,9295,40,0,144.8440532128016,32,1440,1355,5.0,658179,512,128,True,5,,,,,,,,,,,,,,,,,,,,,,,,,,
age_class,lstm,abl_bas_only,120m,35,False,False,0.7103342854161206,0.7838344169008931,0.6723007896207114,0.619090433322851,0.8261359617804068,3,43345,9305,9295,40,0,144.8440532128016,32,1440,1355,5.0,658179,512,128,True,5,,,,,,,,,,,,,,,,,,,,,,,,,,
age_class,lstm,abl_bas_only,120m,36,False,False,0.7074496327503726,0.7873198496533106,0.6754595087872003,0.6174680191731717,0.8259983828368074,3,43345,9305,9295,40,0,144.8440532128016,32,1440,1355,5.0,658179,512,128,True,5,,,,,,,,,,,,,,,,,,,,,,,,,,
age_class,lstm,abl_bas_only,120m,37,False,False,0.709389045816321,0.7885506727181731,0.6748268087312713,0.6167623148944412,0.8256718602998707,3,43345,9305,9295,40,0,144.8440532128016,32,1440,1355,5.0,658179,512,128,True,5,,,,,,,,,,,,,,,,,,,,,,,,,,
age_class,lstm,abl_bas_only,120m,38,True,False,0.7080601083405882,0.7822194184493404,0.6758199269057384,0.6203311495532638,0.8266723721486086,3,43345,9305,9295,40,0,144.8440532128016,32,1440,1355,5.0,658179,512,128,True,5,0.6989272119044873,0.6804809165306468,0.6415837591559445,0.8632477819362058,0.6901260504201681,0.5984102952308857,0.7529064039408867,,,0.662761955937668,0.6203311495532638,0.5924646543181861,0.5671641791044776,0.5613475177304964,0.7324817518248176,,,0.6486282947821409,0.613794119918575,0.5758503302830059,0.8236020433728154,0.5737704918032787,0.5634751773049645,0.704136690647482,,
age_class,lstm,abl_bas_only,120m,39,False,False,0.7063665922599235,0.7829029556117604,0.6736866926049441,0.619650614505255,0.8266487972541446,3,43345,9305,9295,40,0,144.8440532128016,32,1440,1355,5.0,658179,512,128,True,5,,,,,,,,,,,,,,,,,,,,,,,,,,
age_class,lstm,abl_bas_only,120m,40,False,False,0.7057344719260494,0.7826139020125499,0.6760017871044629,0.6206536170418807,0.8266682465570484,3,43345,9305,9295,40,0,144.8440532128016,32,1440,1355,5.0,658179,512,128,True,5,,,,,,,,,,,,,,,,,,,,,,,,,,
age_class,lstm,abl_cardio,120m,1,False,False,0.966527211505218,0.8770348195168742,0.5048156316691493,0.563824584691596,0.7737333114393036,3,43345,9305,9295,40,0,108.76184842586517,32,1440,1355,5.0,658179,512,128,True,5,,,,,,,,,,,,,,,,,,,,,,,,,,
age_class,lstm,abl_cardio,120m,2,False,False,0.8713008464035904,0.8495010239023602,0.5751300612233721,0.5800683387432048,0.7867379745598831,3,43345,9305,9295,40,0,108.76184842586517,32,1440,1355,5.0,658179,512,128,True,5,,,,,,,,,,,,,,,,,,,,,,,,,,
age_class,lstm,abl_cardio,120m,3,False,False,0.8389333822182931,0.8333250133918217,0.5976538431812726,0.5956365027376448,0.7940516825592567,3,43345,9305,9295,40,0,108.76184842586517,32,1440,1355,5.0,658179,512,128,True,5,,,,,,,,,,,,,,,,,,,,,,,,,,
age_class,lstm,abl_cardio,120m,4,False,False,0.8144532527487945,0.8192286753385443,0.6133951421702618,0.6019446627194308,0.8016993329226473,3,43345,9305,9295,40,0,108.76184842586517,32,1440,1355,5.0,658179,512,128,True,5,,,,,,,,,,,,,,,,,,,,,,,,,,
age_class,lstm,abl_cardio,120m,5,False,False,0.7985225616379832,0.8187589332405307,0.623007265774043,0.6168371014421088,0.8022321298911622,3,43345,9305,9295,40,0,108.76184842586517,32,1440,1355,5.0,658179,512,128,True,5,,,,,,,,,,,,,,,,,,,,,,,,,,
age_class,lstm,abl_cardio,120m,6,False,False,0.7801084835288131,0.810314158929541,0.63361193963607,0.6129669120875922,0.8041899834444229,3,43345,9305,9295,40,0,108.76184842586517,32,1440,1355,5.0,658179,512,128,True,5,,,,,,,,,,,,,,,,,,,,,,,,,,
age_class,lstm,abl_cardio,120m,7,False,False,0.7647459588849513,0.8081136166568984,0.6425123301141178,0.6088132614352268,0.8100691952861104,3,43345,9305,9295,40,0,108.76184842586517,32,1440,1355,5.0,658179,512,128,True,5,,,,,,,,,,,,,,,,,,,,,,,,,,
age_class,lstm,abl_cardio,120m,8,False,False,0.7558285281888918,0.8103321186769784,0.6486516872639577,0.6107464115978578,0.8029452659365922,3,43345,9305,9295,40,0,108.76184842586517,32,1440,1355,5.0,658179,512,128,True,5,,,,,,,,,,,,,,,,,,,,,,,,,,
age_class,lstm,abl_cardio,120m,9,False,False,0.7426031388424028,0.7918277734841537,0.65623961150933,0.6176811431273513,0.8153671969386765,3,43345,9305,9295,40,0,108.76184842586517,32,1440,1355,5.0,658179,512,128,True,5,,,,,,,,,,,,,,,,,,,,,,,,,,
age_class,lstm,abl_cardio,120m,10,False,False,0.7352497883274256,0.827127081959687,0.661708081922372,0.6184547122543312,0.8032018813899165,3,43345,9305,9295,40,0,108.76184842586517,32,1440,1355,5.0,658179,512,128,True,5,,,,,,,,,,,,,,,,,,,,,,,,,,
age_class,lstm,abl_cardio,120m,11,False,False,0.7258970208076722,0.7958914930368226,0.667883054007319,0.6188828789221569,0.8121265044410872,3,43345,9305,9295,40,0,108.76184842586517,32,1440,1355,5.0,658179,512,128,True,5,,,,,,,,,,,,,,,,,,,,,,,,,,
age_class,lstm,abl_cardio,120m,12,False,False,0.7150388407973988,0.798966076014056,0.6751781859628396,0.6113946239192812,0.8168103141375159,3,43345,9305,9295,40,0,108.76184842586517,32,1440,1355,5.0,658179,512,128,True,5,,,,,,,,,,,,,,,,,,,,,,,,,,
age_class,lstm,abl_cardio,120m,13,False,False,0.7065610739032157,0.7965943020559779,0.6793925450521643,0.6156591505381411,0.81394521463606,3,43345,9305,9295,40,0,108.76184842586517,32,1440,1355,5.0,658179,512,128,True,5,,,,,,,,,,,,,,,,,,,,,,,,,,
age_class,lstm,abl_cardio,120m,14,False,False,0.6898884712061484,0.8086529127696969,0.6859278894830793,0.6111514501314415,0.8110762901109189,3,43345,9305,9295,40,0,108.76184842586517,32,1440,1355,5.0,658179,512,128,True,5,,,,,,,,,,,,,,,,,,,,,,,,,,
age_class,lstm,abl_cardio,120m,15,False,False,0.6844903290058615,0.8030837257468271,0.6943442088521957,0.6202436914665683,0.810123322029335,3,43345,9305,9295,40,0,108.76184842586517,32,1440,1355,5.0,658179,512,128,True,5,,,,,,,,,,,,,,,,,,,,,,,,,,
age_class,lstm,abl_cardio,120m,16,False,False,0.6768774962786889,0.8006770165488004,0.6949228224741565,0.6236858364902721,0.8164151734571486,3,43345,9305,9295,40,0,108.76184842586517,32,1440,1355,5.0,658179,512,128,True,5,,,,,,,,,,,,,,,,,,,,,,,,,,
age_class,lstm,abl_cardio,120m,17,False,False,0.6713474320752052,0.8321978945170981,0.6978572349141176,0.6023136633445084,0.8172233735890361,3,43345,9305,9295,40,0,108.76184842586517,32,1440,1355,5.0,658179,512,128,True,5,,,,,,,,,,,,,,,,,,,,,,,,,,
age_class,lstm,abl_cardio,120m,18,False,False,0.6614048824534172,0.8042562293852612,0.7052102744358074,0.6240295970579365,0.8137115312892598,3,43345,9305,9295,40,0,108.76184842586517,32,1440,1355,5.0,658179,512,128,True,5,,,,,,,,,,,,,,,,,,,,,,,,,,
age_class,lstm,abl_cardio,120m,19,False,False,0.6568782511391652,0.8005714295180749,0.706858991747264,0.62233857759914,0.8168776289211827,3,43345,9305,9295,40,0,108.76184842586517,32,1440,1355,5.0,658179,512,128,True,5,,,,,,,,,,,,,,,,,,,,,,,,,,
age_class,lstm,abl_cardio,120m,20,False,False,0.6428737711969689,0.8109890219218496,0.7151836465719964,0.6112662859538823,0.8170896351723541,3,43345,9305,9295,40,0,108.76184842586517,32,1440,1355,5.0,658179,512,128,True,5,,,,,,,,,,,,,,,,,,,,,,,,,,
age_class,lstm,abl_cardio,120m,21,False,False,0.6369223421922755,0.8269531901327274,0.718114727704755,0.6080515203657645,0.8155031737349295,3,43345,9305,9295,40,0,108.76184842586517,32,1440,1355,5.0,658179,512,128,True,5,,,,,,,,,,,,,,,,,,,,,,,,,,
age_class,lstm,abl_cardio,120m,22,False,False,0.628601539913298,0.8251061829874939,0.7240491508932269,0.618641514434351,0.8136946119500754,3,43345,9305,9295,40,0,108.76184842586517,32,1440,1355,5.0,658179,512,128,True,5,,,,,,,,,,,,,,,,,,,,,,,,,,
age_class,lstm,abl_cardio,120m,23,False,False,0.6177176936809435,0.8200506862423101,0.7278775142832722,0.6190580526471541,0.814539137136285,3,43345,9305,9295,40,0,108.76184842586517,32,1440,1355,5.0,658179,512,128,True,5,,,,,,,,,,,,,,,,,,,,,,,,,,
age_class,lstm,abl_cardio,120m,24,False,False,0.6077264760574375,0.8173113488305455,0.7345568611949727,0.6209542055215459,0.8174670952237807,3,43345,9305,9295,40,0,108.76184842586517,32,1440,1355,5.0,658179,512,128,True,5,,,,,,,,,,,,,,,,,,,,,,,,,,
age_class,lstm,abl_cardio,120m,25,False,False,0.6021536665544995,0.8252171892943015,0.7360499026309211,0.6243593918897514,0.8167658467404652,3,43345,9305,9295,40,0,108.76184842586517,32,1440,1355,5.0,658179,512,128,True,5,,,,,,,,,,,,,,,,,,,,,,,,,,
age_class,lstm,abl_cardio,120m,26,False,False,0.5926929528483031,0.8273072508699724,0.7416951510249875,0.6245431678383977,0.8178512547652202,3,43345,9305,9295,40,0,108.76184842586517,32,1440,1355,5.0,658179,512,128,True,5,,,,,,,,,,,,,,,,,,,,,,,,,,
age_class,lstm,abl_cardio,120m,27,False,False,0.5826004835255405,0.8293389468984793,0.7479653845301728,0.6243087057336396,0.8164266236886372,3,43345,9305,9295,40,0,108.76184842586517,32,1440,1355,5.0,658179,512,128,True,5,,,,,,,,,,,,,,,,,,,,,,,,,,
age_class,lstm,abl_cardio,120m,28,False,False,0.5780750934180263,0.850127171342697,0.7485034095812226,0.6124508301789701,0.8185223519365866,3,43345,9305,9295,40,0,108.76184842586517,32,1440,1355,5.0,658179,512,128,True,5,,,,,,,,,,,,,,,,,,,,,,,,,,
age_class,lstm,abl_cardio,120m,29,False,False,0.5700325396003464,0.8573218931119202,0.7524456631695985,0.6085168517303733,0.8188029892233954,3,43345,9305,9295,40,0,108.76184842586517,32,1440,1355,5.0,658179,512,128,True,5,,,,,,,,,,,,,,,,,,,,,,,,,,
age_class,lstm,abl_cardio,120m,30,True,False,0.5627537177004799,0.8612173131049031,0.7567652447702828,0.6082131146823216,0.8194053124111972,3,43345,9305,9295,40,0,108.76184842586517,32,1440,1355,5.0,658179,512,128,True,5,0.7535125158611143,0.7621530496560002,0.7330209796484685,0.9011344887939788,0.8144957983193277,0.7042392127176381,0.7677241379310344,,,0.6605051047823751,0.6082131146823216,0.5939480116079103,0.5313432835820896,0.5546099290780142,0.7386861313868613,,,0.6460462614308768,0.5782304815373372,0.5623837049270629,0.8038997552478991,0.45792349726775955,0.5521276595744681,0.7246402877697842,,
age_class,lstm,abl_cardio,120m,31,False,False,0.5535719318048312,0.860854291890271,0.7598913191004036,0.6162195763945711,0.8175712703986185,3,43345,9305,9295,40,0,108.76184842586517,32,1440,1355,5.0,658179,512,128,True,5,,,,,,,,,,,,,,,,,,,,,,,,,,
age_class,lstm,abl_cardio,120m,32,False,False,0.5510782870272477,0.8578013222042045,0.7645168887989037,0.6163507731827996,0.8177854067191138,3,43345,9305,9295,40,0,108.76184842586517,32,1440,1355,5.0,658179,512,128,True,5,,,,,,,,,,,,,,,,,,,,,,,,,,
age_class,lstm,abl_cardio,120m,33,False,False,0.5436356640416234,0.8587325197083536,0.7658971518858921,0.6207802422890981,0.8165949634219899,3,43345,9305,9295,40,0,108.76184842586517,32,1440,1355,5.0,658179,512,128,True,5,,,,,,,,,,,,,,,,,,,,,,,,,,
age_class,lstm,abl_cardio,120m,34,False,False,0.5389155427069383,0.8554701599236908,0.7692031438590211,0.62131441719806,0.8152063529151373,3,43345,9305,9295,40,0,108.76184842586517,32,1440,1355,5.0,658179,512,128,True,5,,,,,,,,,,,,,,,,,,,,,,,,,,
age_class,lstm,abl_cardio,120m,35,False,False,0.5345368277422903,0.85821476420813,0.770625730268092,0.6247812871759647,0.8156873947244923,3,43345,9305,9295,40,0,108.76184842586517,32,1440,1355,5.0,658179,512,128,True,5,,,,,,,,,,,,,,,,,,,,,,,,,,
age_class,lstm,abl_cardio,120m,36,False,False,0.5305218267130019,0.8678027065513853,0.7742886633992656,0.6189284011685631,0.8162221801529027,3,43345,9305,9295,40,0,108.76184842586517,32,1440,1355,5.0,658179,512,128,True,5,,,,,,,,,,,,,,,,,,,,,,,,,,
age_class,lstm,abl_cardio,120m,37,False,False,0.5281179623030945,0.8704945708397317,0.7757699773323409,0.6172654934675899,0.8169645377114528,3,43345,9305,9295,40,0,108.76184842586517,32,1440,1355,5.0,658179,512,128,True,5,,,,,,,,,,,,,,,,,,,,,,,,,,
age_class,lstm,abl_cardio,120m,38,False,False,0.5256872356680523,0.8700844813520584,0.7782026728256365,0.6182192456983087,0.8171853372433167,3,43345,9305,9295,40,0,108.76184842586517,32,1440,1355,5.0,658179,512,128,True,5,,,,,,,,,,,,,,,,,,,,,,,,,,
age_class,lstm,abl_cardio,120m,39,False,False,0.5234717395371914,0.8679362766208475,0.7794884866995951,0.6198385112796014,0.816792558698458,3,43345,9305,9295,40,0,108.76184842586517,32,1440,1355,5.0,658179,512,128,True,5,,,,,,,,,,,,,,,,,,,,,,,,,,
age_class,lstm,abl_cardio,120m,40,False,False,0.522900416741309,0.8720809566788876,0.7761053620957638,0.6193185918520459,0.817369269952693,3,43345,9305,9295,40,0,108.76184842586517,32,1440,1355,5.0,658179,512,128,True,5,,,,,,,,,,,,,,,,,,,,,,,,,,
age_class,lstm,abl_no_bas,120m,1,False,False,0.9274115039700248,0.847403918665497,0.524839738604988,0.5699843885093866,0.7803779577595256,3,43345,9305,9295,30,0,112.01606251398722,32,1440,1355,5.0,658179,512,128,True,5,,,,,,,,,,,,,,,,,,,,,,,,,,
age_class,lstm,abl_no_bas,120m,2,False,False,0.8236214699911842,0.8072662627421547,0.5932555677835101,0.5915249167013718,0.801563548658609,3,43345,9305,9295,30,0,112.01606251398722,32,1440,1355,5.0,658179,512,128,True,5,,,,,,,,,,,,,,,,,,,,,,,,,,
age_class,lstm,abl_no_bas,120m,3,False,False,0.7847701499695623,0.7950235974077637,0.62172490538934,0.6077806984129928,0.8065037141080031,3,43345,9305,9295,30,0,112.01606251398722,32,1440,1355,5.0,658179,512,128,True,5,,,,,,,,,,,,,,,,,,,,,,,,,,
age_class,lstm,abl_no_bas,120m,4,False,False,0.7552259310552276,0.7876103870206338,0.6392884329277927,0.6075847467121606,0.8111729776827602,3,43345,9305,9295,30,0,112.01606251398722,32,1440,1355,5.0,658179,512,128,True,5,,,,,,,,,,,,,,,,,,,,,,,,,,
age_class,lstm,abl_no_bas,120m,5,False,False,0.7357721454792746,0.7844543831121659,0.6534000689367083,0.6207881748785709,0.8126816641954875,3,43345,9305,9295,30,0,112.01606251398722,32,1440,1355,5.0,658179,512,128,True,5,,,,,,,,,,,,,,,,,,,,,,,,,,
age_class,lstm,abl_no_bas,120m,6,False,False,0.7148300152870594,0.7784544941816581,0.6664338139233871,0.6106797894361088,0.8180381761916555,3,43345,9305,9295,30,0,112.01606251398722,32,1440,1355,5.0,658179,512,128,True,5,,,,,,,,,,,,,,,,,,,,,,,,,,
age_class,lstm,abl_no_bas,120m,7,False,False,0.6990421788215857,0.7709216495664577,0.6775628642748964,0.6254314890835464,0.8237250695613975,3,43345,9305,9295,30,0,112.01606251398722,32,1440,1355,5.0,658179,512,128,True,5,,,,,,,,,,,,,,,,,,,,,,,,,,
age_class,lstm,abl_no_bas,120m,8,False,False,0.6814638804531329,0.7694502842035555,0.6886682512311615,0.6222531348537634,0.8231142710709097,3,43345,9305,9295,30,0,112.01606251398722,32,1440,1355,5.0,658179,512,128,True,5,,,,,,,,,,,,,,,,,,,,,,,,,,
age_class,lstm,abl_no_bas,120m,9,False,False,0.6642439620595777,0.7953311586303137,0.6983654751101412,0.60510187840113,0.8225708970368112,3,43345,9305,9295,30,0,112.01606251398722,32,1440,1355,5.0,658179,512,128,True,5,,,,,,,,,,,,,,,,,,,,,,,,,,
age_class,lstm,abl_no_bas,120m,10,False,False,0.6473941340140095,0.7878867202648099,0.7088577859398216,0.6191311586705908,0.8245479204304766,3,43345,9305,9295,30,0,112.01606251398722,32,1440,1355,5.0,658179,512,128,True,5,,,,,,,,,,,,,,,,,,,,,,,,,,
age_class,lstm,abl_no_bas,120m,11,False,False,0.6316733402658024,0.8114470962809338,0.719635565301847,0.6060065026629549,0.8245511067483013,3,43345,9305,9295,30,0,112.01606251398722,32,1440,1355,5.0,658179,512,128,True,5,,,,,,,,,,,,,,,,,,,,,,,,,,
age_class,lstm,abl_no_bas,120m,12,False,False,0.6180124048681211,0.7893141592785211,0.7240517408456505,0.6250813219196764,0.824479776161164,3,43345,9305,9295,30,0,112.01606251398722,32,1440,1355,5.0,658179,512,128,True,5,,,,,,,,,,,,,,,,,,,,,,,,,,
age_class,lstm,abl_no_bas,120m,13,False,False,0.6039303627664868,0.7832829027134907,0.7331331048799483,0.6213179842878067,0.8295153658607631,3,43345,9305,9295,30,0,112.01606251398722,32,1440,1355,5.0,658179,512,128,True,5,,,,,,,,,,,,,,,,,,,,,,,,,,
age_class,lstm,abl_no_bas,120m,14,False,False,0.5874845745145745,0.8145326634877987,0.741469970744308,0.611033375597552,0.8254695913220904,3,43345,9305,9295,30,0,112.01606251398722,32,1440,1355,5.0,658179,512,128,True,5,,,,,,,,,,,,,,,,,,,,,,,,,,
age_class,lstm,abl_no_bas,120m,15,False,False,0.5753038788325839,0.8119799632272817,0.7450216257846688,0.6206854826143652,0.8274695376138274,3,43345,9305,9295,30,0,112.01606251398722,32,1440,1355,5.0,658179,512,128,True,5,,,,,,,,,,,,,,,,,,,,,,,,,,
age_class,lstm,abl_no_bas,120m,16,False,False,0.5557685162626703,0.802907260126609,0.7586090799472051,0.6212083638853926,0.8250458900621888,3,43345,9305,9295,30,0,112.01606251398722,32,1440,1355,5.0,658179,512,128,True,5,,,,,,,,,,,,,,,,,,,,,,,,,,
age_class,lstm,abl_no_bas,120m,17,False,False,0.5458358588914776,0.8280791100476904,0.7627785699990927,0.6240045759193885,0.824590100600906,3,43345,9305,9295,30,0,112.01606251398722,32,1440,1355,5.0,658179,512,128,True,5,,,,,,,,,,,,,,,,,,,,,,,,,,
age_class,lstm,abl_no_bas,120m,18,False,False,0.5356084025659725,0.8818280317782075,0.7693832929240506,0.5934318159165347,0.8314721004805801,3,43345,9305,9295,30,0,112.01606251398722,32,1440,1355,5.0,658179,512,128,True,5,,,,,,,,,,,,,,,,,,,,,,,,,,
age_class,lstm,abl_no_bas,120m,19,False,False,0.5174411731960452,0.8722328207558167,0.7769858758716622,0.6020091600804283,0.8316876276314287,3,43345,9305,9295,30,0,112.01606251398722,32,1440,1355,5.0,658179,512,128,True,5,,,,,,,,,,,,,,,,,,,,,,,,,,
age_class,lstm,abl_no_bas,120m,20,True,False,0.505466158467877,0.907536970768354,0.7861876567171283,0.5958909637246289,0.833785703813514,3,43345,9305,9295,30,0,112.01606251398722,32,1440,1355,5.0,658179,512,128,True,5,0.7980389895028261,0.7904715498979878,0.7822932160343088,0.9278437827430571,0.8172268907563025,0.7181680545041635,0.8360197044334975,,,0.6844707146695325,0.5958909637246289,0.5968634643512357,0.43582089552238806,0.5553191489361702,0.7965328467153284,,,0.6801506186121571,0.5850208288200274,0.5821311575339907,0.826786870106138,0.4010928961748634,0.5741134751773049,0.7798561151079136,,
age_class,lstm,abl_no_bas,120m,21,False,False,0.4953522463174328,0.8569199887095825,0.7911923088481522,0.6190187567108291,0.8261514148508405,3,43345,9305,9295,30,0,112.01606251398722,32,1440,1355,5.0,658179,512,128,True,5,,,,,,,,,,,,,,,,,,,,,,,,,,
age_class,lstm,abl_no_bas,120m,22,False,False,0.4799923043375348,0.9136306704019488,0.7962490076821144,0.6032265614516845,0.831136895790589,3,43345,9305,9295,30,0,112.01606251398722,32,1440,1355,5.0,658179,512,128,True,5,,,,,,,,,,,,,,,,,,,,,,,,,,
age_class,lstm,abl_no_bas,120m,23,False,False,0.4686497071812702,0.903590672417138,0.8033550815194124,0.6174020280128579,0.8215303442623089,3,43345,9305,9295,30,0,112.01606251398722,32,1440,1355,5.0,658179,512,128,True,5,,,,,,,,,,,,,,,,,,,,,,,,,,
age_class,lstm,abl_no_bas,120m,24,False,False,0.4557451281914428,0.893567155818027,0.809849369343916,0.6117737978328063,0.8284472815622602,3,43345,9305,9295,30,0,112.01606251398722,32,1440,1355,5.0,658179,512,128,True,5,,,,,,,,,,,,,,,,,,,,,,,,,,
age_class,lstm,abl_no_bas,120m,25,False,False,0.4423413469210011,0.941284225423896,0.816717574319921,0.5946796341324901,0.8279865659016927,3,43345,9305,9295,30,0,112.01606251398722,32,1440,1355,5.0,658179,512,128,True,5,,,,,,,,,,,,,,,,,,,,,,,,,,
age_class,lstm,abl_no_bas,120m,26,False,False,0.4311658824974586,0.9125694918927169,0.8196852470399003,0.6191232904690195,0.8279637689604525,3,43345,9305,9295,30,0,112.01606251398722,32,1440,1355,5.0,658179,512,128,True,5,,,,,,,,,,,,,,,,,,,,,,,,,,
age_class,lstm,abl_no_bas,120m,27,False,False,0.4187240499927038,0.9927910076553368,0.8266810209740009,0.5968033853613334,0.8320903673423184,3,43345,9305,9295,30,0,112.01606251398722,32,1440,1355,5.0,658179,512,128,True,5,,,,,,,,,,,,,,,,,,,,,,,,,,
age_class,lstm,abl_no_bas,120m,28,False,False,0.4096035446520013,0.9365019922420454,0.8299034129300784,0.6167322521832006,0.824745988162654,3,43345,9305,9295,30,0,112.01606251398722,32,1440,1355,5.0,658179,512,128,True,5,,,,,,,,,,,,,,,,,,,,,,,,,,
age_class,lstm,abl_no_bas,120m,29,False,False,0.4017705644238626,0.9833083161995144,0.8361677352660765,0.6067266942195375,0.8281917386662957,3,43345,9305,9295,30,0,112.01606251398722,32,1440,1355,5.0,658179,512,128,True,5,,,,,,,,,,,,,,,,,,,,,,,,,,
age_class,lstm,abl_no_bas,120m,30,False,False,0.3903098173132678,0.9729490320635124,0.8388509727000252,0.6099457416031094,0.8272706998239711,3,43345,9305,9295,30,0,112.01606251398722,32,1440,1355,5.0,658179,512,128,True,5,,,,,,,,,,,,,,,,,,,,,,,,,,
age_class,lstm,abl_no_ekg,120m,1,False,False,0.929983957873481,0.8612910704866396,0.5173541261449632,0.5575876184125703,0.7676227066163616,3,43345,9305,9295,27,0,72.97261548837027,32,1440,1355,5.0,658179,512,128,True,5,,,,,,,,,,,,,,,,,,,,,,,,,,
age_class,lstm,abl_no_ekg,120m,2,False,False,0.8284778359288616,0.8196418102680516,0.5808125099213508,0.5950598318136501,0.7958837890992362,3,43345,9305,9295,27,0,72.97261548837027,32,1440,1355,5.0,658179,512,128,True,5,,,,,,,,,,,,,,,,,,,,,,,,,,
age_class,lstm,abl_no_ekg,120m,3,False,False,0.7863862307086262,0.8065401121085206,0.6101797102771778,0.6141648811901562,0.8049954273970741,3,43345,9305,9295,27,0,72.97261548837027,32,1440,1355,5.0,658179,512,128,True,5,,,,,,,,,,,,,,,,,,,,,,,,,,
age_class,lstm,abl_no_ekg,120m,4,False,False,0.7584460400423936,0.7833519852590587,0.632761883996074,0.6195648820143215,0.8181849070081487,3,43345,9305,9295,27,0,72.97261548837027,32,1440,1355,5.0,658179,512,128,True,5,,,,,,,,,,,,,,,,,,,,,,,,,,
age_class,lstm,abl_no_ekg,120m,5,False,False,0.734606012594385,0.7632406335822489,0.6502468187149563,0.6226589589197461,0.8306858002831176,3,43345,9305,9295,27,0,72.97261548837027,32,1440,1355,5.0,658179,512,128,True,5,,,,,,,,,,,,,,,,,,,,,,,,,,
age_class,lstm,abl_no_ekg,120m,6,False,False,0.7167106062142903,0.7609415657478017,0.6615975568122782,0.6284735791972477,0.8315776729306217,3,43345,9305,9295,27,0,72.97261548837027,32,1440,1355,5.0,658179,512,128,True,5,,,,,,,,,,,,,,,,,,,,,,,,,,
age_class,lstm,abl_no_ekg,120m,7,False,False,0.7032782077885565,0.7724900891613025,0.6713671427379587,0.6206369985244868,0.8270295471662705,3,43345,9305,9295,27,0,72.97261548837027,32,1440,1355,5.0,658179,512,128,True,5,,,,,,,,,,,,,,,,,,,,,,,,,,
age_class,lstm,abl_no_ekg,120m,8,False,False,0.6923907402739116,0.7638611878585201,0.6779041297899514,0.6221089896585303,0.8303201068014999,3,43345,9305,9295,27,0,72.97261548837027,32,1440,1355,5.0,658179,512,128,True,5,,,,,,,,,,,,,,,,,,,,,,,,,,
age_class,lstm,abl_no_ekg,120m,9,False,False,0.6732654250696712,0.7590258956403901,0.6869721574813329,0.6423671362090001,0.8303391458317831,3,43345,9305,9295,27,0,72.97261548837027,32,1440,1355,5.0,658179,512,128,True,5,,,,,,,,,,,,,,,,,,,,,,,,,,
age_class,lstm,abl_no_ekg,120m,10,False,False,0.6629440749003711,0.7593584628594556,0.6951844582673709,0.6353458222682724,0.8415900954154244,3,43345,9305,9295,27,0,72.97261548837027,32,1440,1355,5.0,658179,512,128,True,5,,,,,,,,,,,,,,,,,,,,,,,,,,
age_class,lstm,abl_no_ekg,120m,11,False,False,0.6508547399892212,0.75968070883446,0.7020885882766795,0.6393455729583176,0.8370222393403601,3,43345,9305,9295,27,0,72.97261548837027,32,1440,1355,5.0,658179,512,128,True,5,,,,,,,,,,,,,,,,,,,,,,,,,,
age_class,lstm,abl_no_ekg,120m,12,False,False,0.6371770763812503,0.7600204245753343,0.7099783998801431,0.6379511692456598,0.8352019037861965,3,43345,9305,9295,27,0,72.97261548837027,32,1440,1355,5.0,658179,512,128,True,5,,,,,,,,,,,,,,,,,,,,,,,,,,
age_class,lstm,abl_no_ekg,120m,13,False,False,0.6224741653142496,0.7659343940477612,0.7219286815094098,0.6212132509271214,0.8380985101035613,3,43345,9305,9295,27,0,72.97261548837027,32,1440,1355,5.0,658179,512,128,True,5,,,,,,,,,,,,,,,,,,,,,,,,,,
age_class,lstm,abl_no_ekg,120m,14,False,False,0.6113489723271572,0.7666138784530533,0.7272449562977975,0.6404171228549492,0.8395779043461333,3,43345,9305,9295,27,0,72.97261548837027,32,1440,1355,5.0,658179,512,128,True,5,,,,,,,,,,,,,,,,,,,,,,,,,,
age_class,lstm,abl_no_ekg,120m,15,False,False,0.5957675305682354,0.7626048068216191,0.7361772948600986,0.6324266293422879,0.8401458511758185,3,43345,9305,9295,27,0,72.97261548837027,32,1440,1355,5.0,658179,512,128,True,5,,,,,,,,,,,,,,,,,,,,,,,,,,
age_class,lstm,abl_no_ekg,120m,16,False,False,0.580537446738252,0.7752726532963257,0.7480578639871727,0.6551303378536216,0.8362590238034477,3,43345,9305,9295,27,0,72.97261548837027,32,1440,1355,5.0,658179,512,128,True,5,,,,,,,,,,,,,,,,,,,,,,,,,,
age_class,lstm,abl_no_ekg,120m,17,True,False,0.5719556111986351,0.8056283606821846,0.751786625971488,0.6146605521339824,0.8424068694091491,3,43345,9305,9295,27,0,72.97261548837027,32,1440,1355,5.0,658179,512,128,True,5,0.7796054908293921,0.759354527276467,0.7380345415398865,0.91662324306522,0.8077731092436975,0.6051476154428463,0.8651428571428571,,,0.6835034927458356,0.6146605521339824,0.5983546943800464,0.5651741293532339,0.4570921985815603,0.8217153284671533,,,0.6904787520172135,0.6172347577117936,0.5968148821432228,0.8449784199556758,0.5431693989071038,0.49432624113475176,0.8142086330935252,,
age_class,lstm,abl_no_ekg,120m,18,False,False,0.5597648556607311,0.7924063855765137,0.7584134513446715,0.6427882910343453,0.8395042185461841,3,43345,9305,9295,27,0,72.97261548837027,32,1440,1355,5.0,658179,512,128,True,5,,,,,,,,,,,,,,,,,,,,,,,,,,
age_class,lstm,abl_no_ekg,120m,19,False,False,0.545556235566438,0.8120283874243194,0.764659205883925,0.6385480322155851,0.8372782651570908,3,43345,9305,9295,27,0,72.97261548837027,32,1440,1355,5.0,658179,512,128,True,5,,,,,,,,,,,,,,,,,,,,,,,,,,
age_class,lstm,abl_no_ekg,120m,20,False,False,0.5284351479279732,0.8995481463480482,0.7746487997898264,0.5978320142827819,0.8396075541254397,3,43345,9305,9295,27,0,72.97261548837027,32,1440,1355,5.0,658179,512,128,True,5,,,,,,,,,,,,,,,,,,,,,,,,,,
age_class,lstm,abl_no_ekg,120m,21,False,False,0.5165132469193913,0.8225760348313346,0.7786160765697597,0.6398917755272918,0.8417158520623721,3,43345,9305,9295,27,0,72.97261548837027,32,1440,1355,5.0,658179,512,128,True,5,,,,,,,,,,,,,,,,,,,,,,,,,,
age_class,lstm,abl_no_ekg,120m,22,False,False,0.5003631498261105,0.8534592340096295,0.7874972279444029,0.6308118709141047,0.8417278921284531,3,43345,9305,9295,27,0,72.97261548837027,32,1440,1355,5.0,658179,512,128,True,5,,,,,,,,,,,,,,,,,,,,,,,,,,
age_class,lstm,abl_no_ekg,120m,23,False,False,0.489727426114304,0.8378096891051656,0.7970735416043784,0.6410622123631468,0.8358515556807354,3,43345,9305,9295,27,0,72.97261548837027,32,1440,1355,5.0,658179,512,128,True,5,,,,,,,,,,,,,,,,,,,,,,,,,,
age_class,lstm,abl_no_ekg,120m,24,False,False,0.4789331380327291,0.8538190570587372,0.8007510096471177,0.6222687489198929,0.8407192422819421,3,43345,9305,9295,27,0,72.97261548837027,32,1440,1355,5.0,658179,512,128,True,5,,,,,,,,,,,,,,,,,,,,,,,,,,
age_class,lstm,abl_no_ekg,120m,25,False,False,0.4661674874039831,0.8524659808895269,0.8055385120244031,0.6357709884598851,0.8396076945763031,3,43345,9305,9295,27,0,72.97261548837027,32,1440,1355,5.0,658179,512,128,True,5,,,,,,,,,,,,,,,,,,,,,,,,,,
age_class,lstm,abl_no_ekg,120m,26,False,False,0.453294995581489,0.8626730679825132,0.8123938943924434,0.6426114367851172,0.8341731084336969,3,43345,9305,9295,27,0,72.97261548837027,32,1440,1355,5.0,658179,512,128,True,5,,,,,,,,,,,,,,,,,,,,,,,,,,
age_class,lstm,abl_no_ekg,120m,27,False,False,0.445197057961895,0.8904630506762505,0.8170598594811335,0.6237283453828852,0.8386165579516591,3,43345,9305,9295,27,0,72.97261548837027,32,1440,1355,5.0,658179,512,128,True,5,,,,,,,,,,,,,,,,,,,,,,,,,,
age_class,lstm,abl_no_resp,120m,1,False,False,0.923421684167063,0.8527590207807612,0.5340326451288443,0.5708619956077149,0.7820001575596981,3,43345,9305,9295,33,0,125.40278904040655,32,1440,1355,5.0,658179,512,128,True,5,,,,,,,,,,,,,,,,,,,,,,,,,,
age_class,lstm,abl_no_resp,120m,2,False,False,0.8199591237459921,0.8109621915812136,0.5945545774654324,0.5900405115799066,0.8024455100566236,3,43345,9305,9295,33,0,125.40278904040655,32,1440,1355,5.0,658179,512,128,True,5,,,,,,,,,,,,,,,,,,,,,,,,,,
age_class,lstm,abl_no_resp,120m,3,False,False,0.7815684040781673,0.7812620853493766,0.6193485454010887,0.6092725274595083,0.8173957726751437,3,43345,9305,9295,33,0,125.40278904040655,32,1440,1355,5.0,658179,512,128,True,5,,,,,,,,,,,,,,,,,,,,,,,,,,
age_class,lstm,abl_no_resp,120m,4,False,False,0.7517179488929474,0.7714705795706247,0.637501319032403,0.607451901593652,0.8244494476032681,3,43345,9305,9295,33,0,125.40278904040655,32,1440,1355,5.0,658179,512,128,True,5,,,,,,,,,,,,,,,,,,,,,,,,,,
age_class,lstm,abl_no_resp,120m,5,False,False,0.7334605923531198,0.7634416393667444,0.6514294300664222,0.6237794436215671,0.8272288401726061,3,43345,9305,9295,33,0,125.40278904040655,32,1440,1355,5.0,658179,512,128,True,5,,,,,,,,,,,,,,,,,,,,,,,,,,
age_class,lstm,abl_no_resp,120m,6,False,False,0.7089850740595554,0.7550599410801662,0.6649600822239151,0.6215353063331682,0.8331388989860025,3,43345,9305,9295,33,0,125.40278904040655,32,1440,1355,5.0,658179,512,128,True,5,,,,,,,,,,,,,,,,,,,,,,,,,,
age_class,lstm,abl_no_resp,120m,7,False,False,0.6913417356940259,0.7426729887803993,0.6808093261685367,0.6301211561388584,0.838050301781494,3,43345,9305,9295,33,0,125.40278904040655,32,1440,1355,5.0,658179,512,128,True,5,,,,,,,,,,,,,,,,,,,,,,,,,,
age_class,lstm,abl_no_resp,120m,8,False,False,0.6719717273870022,0.7520993196086688,0.6916299664975494,0.6295067732209172,0.8412250168332204,3,43345,9305,9295,33,0,125.40278904040655,32,1440,1355,5.0,658179,512,128,True,5,,,,,,,,,,,,,,,,,,,,,,,,,,
age_class,lstm,abl_no_resp,120m,9,False,False,0.6555430313379985,0.7494121952764069,0.7007498034009605,0.636108638615691,0.8422634079514112,3,43345,9305,9295,33,0,125.40278904040655,32,1440,1355,5.0,658179,512,128,True,5,,,,,,,,,,,,,,,,,,,,,,,,,,
age_class,lstm,abl_no_resp,120m,10,False,False,0.6392461668387569,0.7695859070172687,0.7098355732279599,0.6193968231524472,0.8485382973623826,3,43345,9305,9295,33,0,125.40278904040655,32,1440,1355,5.0,658179,512,128,True,5,,,,,,,,,,,,,,,,,,,,,,,,,,
age_class,lstm,abl_no_resp,120m,11,False,False,0.6234262889679334,0.7523590704755461,0.7206244487823582,0.6397649764327403,0.8358001738373964,3,43345,9305,9295,33,0,125.40278904040655,32,1440,1355,5.0,658179,512,128,True,5,,,,,,,,,,,,,,,,,,,,,,,,,,
age_class,lstm,abl_no_resp,120m,12,False,False,0.6121872967839832,0.7551457003199369,0.7303456073285249,0.6297671128233141,0.8384747305145401,3,43345,9305,9295,33,0,125.40278904040655,32,1440,1355,5.0,658179,512,128,True,5,,,,,,,,,,,,,,,,,,,,,,,,,,
age_class,lstm,abl_no_resp,120m,13,False,False,0.5912596648602162,0.7614864870209261,0.7355713673707234,0.6363083183760238,0.8472897973755206,3,43345,9305,9295,33,0,125.40278904040655,32,1440,1355,5.0,658179,512,128,True,5,,,,,,,,,,,,,,,,,,,,,,,,,,
age_class,lstm,abl_no_resp,120m,14,False,False,0.5756111076909759,0.7517398973999966,0.7478548755794051,0.6473706878456503,0.8399743172761699,3,43345,9305,9295,33,0,125.40278904040655,32,1440,1355,5.0,658179,512,128,True,5,,,,,,,,,,,,,,,,,,,,,,,,,,
age_class,lstm,abl_no_resp,120m,15,False,False,0.5618255606708621,0.8122177775222598,0.7540655032536914,0.6144179385208862,0.8419997189302052,3,43345,9305,9295,33,0,125.40278904040655,32,1440,1355,5.0,658179,512,128,True,5,,,,,,,,,,,,,,,,,,,,,,,,,,
age_class,lstm,abl_no_resp,120m,16,False,False,0.553140689369881,0.7557028194834378,0.7592329424604425,0.650698479956175,0.8429133209884423,3,43345,9305,9295,33,0,125.40278904040655,32,1440,1355,5.0,658179,512,128,True,5,,,,,,,,,,,,,,,,,,,,,,,,,,
age_class,lstm,abl_no_resp,120m,17,False,False,0.5378106432907693,0.7567827013600968,0.7674653164197105,0.643245593227629,0.8441605267448858,3,43345,9305,9295,33,0,125.40278904040655,32,1440,1355,5.0,658179,512,128,True,5,,,,,,,,,,,,,,,,,,,,,,,,,,
age_class,lstm,abl_no_resp,120m,18,False,False,0.521209265886259,0.7990725021346932,0.7782014733795578,0.6324250904714405,0.8507200052265786,3,43345,9305,9295,33,0,125.40278904040655,32,1440,1355,5.0,658179,512,128,True,5,,,,,,,,,,,,,,,,,,,,,,,,,,
age_class,lstm,abl_no_resp,120m,19,False,False,0.5083370952268471,0.7944355105405723,0.7822488833796067,0.6358365804152092,0.8473516956497441,3,43345,9305,9295,33,0,125.40278904040655,32,1440,1355,5.0,658179,512,128,True,5,,,,,,,,,,,,,,,,,,,,,,,,,,
age_class,lstm,abl_no_resp,120m,20,False,False,0.5012453882274007,0.7926695789975674,0.7870224833257327,0.6390526402001485,0.8506454425175277,3,43345,9305,9295,33,0,125.40278904040655,32,1440,1355,5.0,658179,512,128,True,5,,,,,,,,,,,,,,,,,,,,,,,,,,
age_class,lstm,abl_no_resp,120m,21,False,False,0.4798467415401385,0.8038689575805131,0.7976641976532711,0.6520862388373915,0.8396259272965324,3,43345,9305,9295,33,0,125.40278904040655,32,1440,1355,5.0,658179,512,128,True,5,,,,,,,,,,,,,,,,,,,,,,,,,,
age_class,lstm,abl_no_resp,120m,22,False,False,0.4685823102808147,0.8497018397526994,0.8049230215044069,0.6233531442028868,0.8499362667842458,3,43345,9305,9295,33,0,125.40278904040655,32,1440,1355,5.0,658179,512,128,True,5,,,,,,,,,,,,,,,,,,,,,,,,,,
age_class,lstm,abl_no_resp,120m,23,True,False,0.4584496711458023,0.8580213069595488,0.8082349024916292,0.6234843538686956,0.8516386524049749,3,43345,9305,9295,33,0,125.40278904040655,32,1440,1355,5.0,658179,512,128,True,5,0.8209943476756258,0.8180156697934597,0.8064700571532827,0.9414260290982703,0.8275210084033613,0.7912944738834217,0.835231527093596,,,0.7008060182697474,0.6234843538686956,0.6203657218424378,0.46865671641791046,0.6134751773049646,0.7883211678832117,,,0.7014523937600861,0.6215774433121797,0.6126679562961904,0.850740274071866,0.453551912568306,0.6354609929078014,0.7757194244604316,,
age_class,lstm,abl_no_resp,120m,24,False,False,0.4512218601433569,0.8134543644363428,0.8127613573190376,0.6443631740350894,0.8451434126037783,3,43345,9305,9295,33,0,125.40278904040655,32,1440,1355,5.0,658179,512,128,True,5,,,,,,,,,,,,,,,,,,,,,,,,,,
age_class,lstm,abl_no_resp,120m,25,False,False,0.4360767420881938,0.8609360107998897,0.8198942734054127,0.6218129340871354,0.8487809670796973,3,43345,9305,9295,33,0,125.40278904040655,32,1440,1355,5.0,658179,512,128,True,5,,,,,,,,,,,,,,,,,,,,,,,,,,
age_class,lstm,abl_no_resp,120m,26,False,False,0.4262381325283462,0.8350529157045642,0.8267086518128095,0.6396876530017511,0.8459038029913347,3,43345,9305,9295,33,0,125.40278904040655,32,1440,1355,5.0,658179,512,128,True,5,,,,,,,,,,,,,,,,,,,,,,,,,,
age_class,lstm,abl_no_resp,120m,27,False,False,0.409548668283013,0.8655441871258215,0.8324330331574014,0.6338759366186101,0.8486973741237868,3,43345,9305,9295,33,0,125.40278904040655,32,1440,1355,5.0,658179,512,128,True,5,,,,,,,,,,,,,,,,,,,,,,,,,,
age_class,lstm,abl_no_resp,120m,28,False,False,0.4039890360207909,0.9009088118892404,0.8366950603572761,0.6201065645526058,0.8500552814009757,3,43345,9305,9295,33,0,125.40278904040655,32,1440,1355,5.0,658179,512,128,True,5,,,,,,,,,,,,,,,,,,,,,,,,,,
age_class,lstm,abl_no_resp,120m,29,False,False,0.3912393479875826,0.8840243377331954,0.8416757063837307,0.6395073604385795,0.847998013480487,3,43345,9305,9295,33,0,125.40278904040655,32,1440,1355,5.0,658179,512,128,True,5,,,,,,,,,,,,,,,,,,,,,,,,,,
age_class,lstm,abl_no_resp,120m,30,False,False,0.3802108022536575,0.8765119927599506,0.8481889755667336,0.6389649052454763,0.8472345084313075,3,43345,9305,9295,33,0,125.40278904040655,32,1440,1355,5.0,658179,512,128,True,5,,,,,,,,,,,,,,,,,,,,,,,,,,
age_class,lstm,abl_no_resp,120m,31,False,False,0.3744309897957507,0.9279225368258904,0.8497105338990121,0.6177684595606633,0.8506229465479097,3,43345,9305,9295,33,0,125.40278904040655,32,1440,1355,5.0,658179,512,128,True,5,,,,,,,,,,,,,,,,,,,,,,,,,,
age_class,lstm,abl_no_resp,120m,32,False,False,0.3664519041293645,0.9713944310529586,0.854159027144231,0.6174029616374307,0.8509081343174217,3,43345,9305,9295,33,0,125.40278904040655,32,1440,1355,5.0,658179,512,128,True,5,,,,,,,,,,,,,,,,,,,,,,,,,,
age_class,lstm,abl_no_resp,120m,33,False,False,0.3561593404916595,0.937362088918814,0.8580003064422407,0.627847612895815,0.8491327636308936,3,43345,9305,9295,33,0,125.40278904040655,32,1440,1355,5.0,658179,512,128,True,5,,,,,,,,,,,,,,,,,,,,,,,,,,
apnea_binary,lstm,abl_bas_only,120m,1,False,False,0.6565732761062819,0.6426122697416361,0.5947211609970723,0.6171128845188429,0.6669140974374066,2,43360,9310,9300,40,0,104.79599965016047,32,1440,1355,5.0,657922,512,128,True,5,,,,,,,,,,,,,,,,,,,,,,,,,,
apnea_binary,lstm,abl_bas_only,120m,2,False,False,0.6424682966897408,0.6397558064132961,0.6202424727229625,0.6244804126923676,0.6729795904235982,2,43360,9310,9300,40,0,104.79599965016047,32,1440,1355,5.0,657922,512,128,True,5,,,,,,,,,,,,,,,,,,,,,,,,,,
apnea_binary,lstm,abl_bas_only,120m,3,False,False,0.6372106787463396,0.6390640938576515,0.6280391245875401,0.6243292306449473,0.677672696637642,2,43360,9310,9300,40,0,104.79599965016047,32,1440,1355,5.0,657922,512,128,True,5,,,,,,,,,,,,,,,,,,,,,,,,,,
apnea_binary,lstm,abl_bas_only,120m,4,False,False,0.6337538672329315,0.6381332715010924,0.6332083111951047,0.6304151735996907,0.6769702425260098,2,43360,9310,9300,40,0,104.79599965016047,32,1440,1355,5.0,657922,512,128,True,5,,,,,,,,,,,,,,,,,,,,,,,,,,
apnea_binary,lstm,abl_bas_only,120m,5,False,False,0.6320889228604376,0.6378602338912792,0.6356467802197527,0.625139958800007,0.6791235595870768,2,43360,9310,9300,40,0,104.79599965016047,32,1440,1355,5.0,657922,512,128,True,5,,,,,,,,,,,,,,,,,,,,,,,,,,
apnea_binary,lstm,abl_bas_only,120m,6,False,False,0.6284168362177606,0.6368082627574048,0.6405820317863733,0.6280343448681773,0.6796906422928892,2,43360,9310,9300,40,0,104.79599965016047,32,1440,1355,5.0,657922,512,128,True,5,,,,,,,,,,,,,,,,,,,,,,,,,,
apnea_binary,lstm,abl_bas_only,120m,7,False,False,0.6260029030022146,0.6356817610665884,0.6422507155655381,0.6293783648103588,0.6807338907450045,2,43360,9310,9300,40,0,104.79599965016047,32,1440,1355,5.0,657922,512,128,True,5,,,,,,,,,,,,,,,,,,,,,,,,,,
apnea_binary,lstm,abl_bas_only,120m,8,False,False,0.6232810803005177,0.6371679187973383,0.6485134309155063,0.6297692454169336,0.684210847023387,2,43360,9310,9300,40,0,104.79599965016047,32,1440,1355,5.0,657922,512,128,True,5,,,,,,,,,,,,,,,,,,,,,,,,,,
apnea_binary,lstm,abl_bas_only,120m,9,False,False,0.6204864538903606,0.6349759410454558,0.6509024071336887,0.6367112711409628,0.6874986757145082,2,43360,9310,9300,40,0,104.79599965016047,32,1440,1355,5.0,657922,512,128,True,5,,,,,,,,,,,,,,,,,,,,,,,,,,
apnea_binary,lstm,abl_bas_only,120m,10,False,False,0.6173928278178746,0.633071150918012,0.6539191168478716,0.6366158302606448,0.6872371884755426,2,43360,9310,9300,40,0,104.79599965016047,32,1440,1355,5.0,657922,512,128,True,5,,,,,,,,,,,,,,,,,,,,,,,,,,
apnea_binary,lstm,abl_bas_only,120m,11,False,False,0.6153419252691233,0.6328320298363904,0.6587651504886158,0.6326347799493367,0.6875129399137916,2,43360,9310,9300,40,0,104.79599965016047,32,1440,1355,5.0,657922,512,128,True,5,,,,,,,,,,,,,,,,,,,,,,,,,,
apnea_binary,lstm,abl_bas_only,120m,12,False,False,0.6143939656964967,0.6349086262101645,0.6593897132103871,0.6373129987709245,0.6851078297297766,2,43360,9310,9300,40,0,104.79599965016047,32,1440,1355,5.0,657922,512,128,True,5,,,,,,,,,,,,,,,,,,,,,,,,,,
apnea_binary,lstm,abl_bas_only,120m,13,False,False,0.6107498328404233,0.642661833391794,0.6632428901905023,0.6248445190737504,0.6810675299046167,2,43360,9310,9300,40,0,104.79599965016047,32,1440,1355,5.0,657922,512,128,True,5,,,,,,,,,,,,,,,,,,,,,,,,,,
apnea_binary,lstm,abl_bas_only,120m,14,False,False,0.6096520331732901,0.6324294479141686,0.6653318398773911,0.6387884663100617,0.6897694762292198,2,43360,9310,9300,40,0,104.79599965016047,32,1440,1355,5.0,657922,512,128,True,5,,,,,,,,,,,,,,,,,,,,,,,,,,
apnea_binary,lstm,abl_bas_only,120m,15,False,False,0.607217439536239,0.6324594264896036,0.6675442848363946,0.6418977386166266,0.6902078810855101,2,43360,9310,9300,40,0,104.79599965016047,32,1440,1355,5.0,657922,512,128,True,5,,,,,,,,,,,,,,,,,,,,,,,,,,
apnea_binary,lstm,abl_bas_only,120m,16,False,False,0.6043347861274142,0.6313701932719648,0.6703211222880903,0.6371768195221031,0.6926124834824958,2,43360,9310,9300,40,0,104.79599965016047,32,1440,1355,5.0,657922,512,128,True,5,,,,,,,,,,,,,,,,,,,,,,,,,,
apnea_binary,lstm,abl_bas_only,120m,17,False,False,0.6014969165694669,0.6344961888680013,0.6734510541786893,0.644487798685524,0.6912896751894103,2,43360,9310,9300,40,0,104.79599965016047,32,1440,1355,5.0,657922,512,128,True,5,,,,,,,,,,,,,,,,,,,,,,,,,,
apnea_binary,lstm,abl_bas_only,120m,18,False,False,0.6007475400542861,0.6353891786648047,0.6727092206912597,0.6348748131863059,0.6960774144407706,2,43360,9310,9300,40,0,104.79599965016047,32,1440,1355,5.0,657922,512,128,True,5,,,,,,,,,,,,,,,,,,,,,,,,,,
apnea_binary,lstm,abl_bas_only,120m,19,False,False,0.5991145741895556,0.6337110594443168,0.6759492039840459,0.6469284077991472,0.6972195659574959,2,43360,9310,9300,40,0,104.79599965016047,32,1440,1355,5.0,657922,512,128,True,5,,,,,,,,,,,,,,,,,,,,,,,,,,
apnea_binary,lstm,abl_bas_only,120m,20,False,False,0.5959863608613665,0.6305639932286214,0.679088802479971,0.6433760913093405,0.6964164776891074,2,43360,9310,9300,40,0,104.79599965016047,32,1440,1355,5.0,657922,512,128,True,5,,,,,,,,,,,,,,,,,,,,,,,,,,
apnea_binary,lstm,abl_bas_only,120m,21,False,False,0.595334020311982,0.6286843038911338,0.6795927374586702,0.6510737964581854,0.7002120472472749,2,43360,9310,9300,40,0,104.79599965016047,32,1440,1355,5.0,657922,512,128,True,5,,,,,,,,,,,,,,,,,,,,,,,,,,
apnea_binary,lstm,abl_bas_only,120m,22,False,False,0.5928676307861216,0.6308455449041823,0.6825765530502715,0.6510171320419386,0.7002165019243973,2,43360,9310,9300,40,0,104.79599965016047,32,1440,1355,5.0,657922,512,128,True,5,,,,,,,,,,,,,,,,,,,,,,,,,,
apnea_binary,lstm,abl_bas_only,120m,23,False,False,0.59116262032537,0.627353794246944,0.6824969325685384,0.6500272935528358,0.7016972781461157,2,43360,9310,9300,40,0,104.79599965016047,32,1440,1355,5.0,657922,512,128,True,5,,,,,,,,,,,,,,,,,,,,,,,,,,
apnea_binary,lstm,abl_bas_only,120m,24,False,False,0.5900757392394147,0.628374484415085,0.6854576217246129,0.6471835707814727,0.7018293489362439,2,43360,9310,9300,40,0,104.79599965016047,32,1440,1355,5.0,657922,512,128,True,5,,,,,,,,,,,,,,,,,,,,,,,,,,
apnea_binary,lstm,abl_bas_only,120m,25,False,False,0.5894098634429523,0.6338082982313236,0.6862929079303457,0.6418627705552766,0.6983216484613477,2,43360,9310,9300,40,0,104.79599965016047,32,1440,1355,5.0,657922,512,128,True,5,,,,,,,,,,,,,,,,,,,,,,,,,,
apnea_binary,lstm,abl_bas_only,120m,26,False,False,0.5869238163272393,0.6320277844284582,0.6900924424330244,0.6513611577544273,0.7016775898581082,2,43360,9310,9300,40,0,104.79599965016047,32,1440,1355,5.0,657922,512,128,True,5,,,,,,,,,,,,,,,,,,,,,,,,,,
apnea_binary,lstm,abl_bas_only,120m,27,False,False,0.5852312451798978,0.6318359675264,0.6907273793322233,0.6435834761484354,0.698118187431117,2,43360,9310,9300,40,0,104.79599965016047,32,1440,1355,5.0,657922,512,128,True,5,,,,,,,,,,,,,,,,,,,,,,,,,,
apnea_binary,lstm,abl_bas_only,120m,28,False,False,0.5836656760245672,0.628437685505532,0.6923104202866561,0.6522634029809407,0.7028369368901506,2,43360,9310,9300,40,0,104.79599965016047,32,1440,1355,5.0,657922,512,128,True,5,,,,,,,,,,,,,,,,,,,,,,,,,,
apnea_binary,lstm,abl_bas_only,120m,29,False,False,0.58182925485157,0.6291033234427234,0.6932096220655243,0.6541789141435999,0.7027228925395699,2,43360,9310,9300,40,0,104.79599965016047,32,1440,1355,5.0,657922,512,128,True,5,,,,,,,,,,,,,,,,,,,,,,,,,,
apnea_binary,lstm,abl_bas_only,120m,30,False,False,0.5810390356941857,0.6285851704446893,0.6950551563093272,0.64980859891172,0.7035261885390159,2,43360,9310,9300,40,0,104.79599965016047,32,1440,1355,5.0,657922,512,128,True,5,,,,,,,,,,,,,,,,,,,,,,,,,,
apnea_binary,lstm,abl_bas_only,120m,31,False,False,0.5809232803728308,0.6278270293383286,0.6943648904638486,0.6563823636332162,0.7060554064892874,2,43360,9310,9300,40,0,104.79599965016047,32,1440,1355,5.0,657922,512,128,True,5,,,,,,,,,,,,,,,,,,,,,,,,,,
apnea_binary,lstm,abl_bas_only,120m,32,False,False,0.5793225270795647,0.6282128439169822,0.6972490288306903,0.652795771518918,0.7043192595541861,2,43360,9310,9300,40,0,104.79599965016047,32,1440,1355,5.0,657922,512,128,True,5,,,,,,,,,,,,,,,,,,,,,,,,,,
apnea_binary,lstm,abl_bas_only,120m,33,False,False,0.5780836787390973,0.6281827018161081,0.6978096759793263,0.6532195428762673,0.7040945637936307,2,43360,9310,9300,40,0,104.79599965016047,32,1440,1355,5.0,657922,512,128,True,5,,,,,,,,,,,,,,,,,,,,,,,,,,
apnea_binary,lstm,abl_bas_only,120m,34,False,False,0.5770188289154939,0.6274884134819121,0.6997320642575486,0.6528015418260714,0.7057703302346784,2,43360,9310,9300,40,0,104.79599965016047,32,1440,1355,5.0,657922,512,128,True,5,,,,,,,,,,,,,,,,,,,,,,,,,,
apnea_binary,lstm,abl_bas_only,120m,35,True,False,0.575531900742837,0.6276418137499137,0.6996107449026479,0.6555448612529645,0.7062503043837023,2,43360,9310,9300,40,0,104.79599965016047,32,1440,1355,5.0,657922,512,128,True,5,0.7042435424354243,0.7044295024368943,0.7042425356494861,0.7727838147510269,0.716834464996488,0.6920245398773006,,,,0.6551020408163265,0.6555448612529645,0.6550295053969417,0.681311475409836,0.629778247096093,,,,0.6370967741935484,0.6378195391227031,0.637092204802995,0.6894164706209247,0.6575892857142858,0.6180497925311204,,,
apnea_binary,lstm,abl_bas_only,120m,36,False,False,0.5755870132428693,0.6288632713890485,0.6997450027188326,0.6529706118256675,0.7050980202076156,2,43360,9310,9300,40,0,104.79599965016047,32,1440,1355,5.0,657922,512,128,True,5,,,,,,,,,,,,,,,,,,,,,,,,,,
apnea_binary,lstm,abl_bas_only,120m,37,False,False,0.5743303329742263,0.628329506762942,0.7024964526963311,0.6542674306553338,0.7058242710659488,2,43360,9310,9300,40,0,104.79599965016047,32,1440,1355,5.0,657922,512,128,True,5,,,,,,,,,,,,,,,,,,,,,,,,,,
apnea_binary,lstm,abl_bas_only,120m,38,False,False,0.574656674562785,0.6284405749799358,0.7013568892066047,0.6540901668195798,0.7056308272889367,2,43360,9310,9300,40,0,104.79599965016047,32,1440,1355,5.0,657922,512,128,True,5,,,,,,,,,,,,,,,,,,,,,,,,,,
apnea_binary,lstm,abl_bas_only,120m,39,False,False,0.5741928258065367,0.6286187152985472,0.7034605649053495,0.6535252537492571,0.7056213178227477,2,43360,9310,9300,40,0,104.79599965016047,32,1440,1355,5.0,657922,512,128,True,5,,,,,,,,,,,,,,,,,,,,,,,,,,
apnea_binary,lstm,abl_bas_only,120m,40,False,False,0.5743247375057192,0.6285478072955196,0.7025476319716402,0.6531361042348285,0.7055310933000963,2,43360,9310,9300,40,0,104.79599965016047,32,1440,1355,5.0,657922,512,128,True,5,,,,,,,,,,,,,,,,,,,,,,,,,,
apnea_binary,lstm,abl_cardio,120m,1,False,False,0.6573159469889539,0.6406356201776244,0.6001567405207018,0.6179574266738219,0.6710682569633182,2,43360,9310,9300,28,0,87.33683515389761,32,1440,1355,5.0,657922,512,128,True,5,,,,,,,,,,,,,,,,,,,,,,,,,,
apnea_binary,lstm,abl_cardio,120m,2,False,False,0.6308596852520735,0.6327873606174768,0.6329856121863281,0.6271984581739286,0.6820002885153578,2,43360,9310,9300,28,0,87.33683515389761,32,1440,1355,5.0,657922,512,128,True,5,,,,,,,,,,,,,,,,,,,,,,,,,,
apnea_binary,lstm,abl_cardio,120m,3,False,False,0.6219119352168263,0.6277927233056274,0.6446656857482902,0.6298443748160715,0.690555484388434,2,43360,9310,9300,28,0,87.33683515389761,32,1440,1355,5.0,657922,512,128,True,5,,,,,,,,,,,,,,,,,,,,,,,,,,
apnea_binary,lstm,abl_cardio,120m,4,False,False,0.6119538512397077,0.6234803256235625,0.6561760271273568,0.6341484469218297,0.6993721905817047,2,43360,9310,9300,28,0,87.33683515389761,32,1440,1355,5.0,657922,512,128,True,5,,,,,,,,,,,,,,,,,,,,,,,,,,
apnea_binary,lstm,abl_cardio,120m,5,False,False,0.6036209377415506,0.6244572046491949,0.6629848657775624,0.6337896492230282,0.6974955943704884,2,43360,9310,9300,28,0,87.33683515389761,32,1440,1355,5.0,657922,512,128,True,5,,,,,,,,,,,,,,,,,,,,,,,,,,
apnea_binary,lstm,abl_cardio,120m,6,False,False,0.5953556847088451,0.6232541389419236,0.672731166066587,0.6390668259271441,0.7019569188867923,2,43360,9310,9300,28,0,87.33683515389761,32,1440,1355,5.0,657922,512,128,True,5,,,,,,,,,,,,,,,,,,,,,,,,,,
apnea_binary,lstm,abl_cardio,120m,7,False,False,0.5886734148013196,0.6176166413934095,0.678840072265988,0.6428073698362964,0.7115619413621386,2,43360,9310,9300,28,0,87.33683515389761,32,1440,1355,5.0,657922,512,128,True,5,,,,,,,,,,,,,,,,,,,,,,,,,,
apnea_binary,lstm,abl_cardio,120m,8,False,False,0.5821189995841346,0.6172193419920514,0.6860695492302866,0.6447733134834768,0.7109246686401117,2,43360,9310,9300,28,0,87.33683515389761,32,1440,1355,5.0,657922,512,128,True,5,,,,,,,,,,,,,,,,,,,,,,,,,,
apnea_binary,lstm,abl_cardio,120m,9,False,False,0.5750975368647557,0.6172404919800005,0.6918192535263292,0.6407597186398233,0.7086543528312012,2,43360,9310,9300,28,0,87.33683515389761,32,1440,1355,5.0,657922,512,128,True,5,,,,,,,,,,,,,,,,,,,,,,,,,,
apnea_binary,lstm,abl_cardio,120m,10,False,False,0.5703542474890987,0.6222097422715545,0.6964004317573043,0.6431877484838517,0.7111474948211494,2,43360,9310,9300,28,0,87.33683515389761,32,1440,1355,5.0,657922,512,128,True,5,,,,,,,,,,,,,,,,,,,,,,,,,,
apnea_binary,lstm,abl_cardio,120m,11,False,False,0.5653904570424688,0.6228151170254778,0.7009311223247989,0.6430578011667561,0.707714138983618,2,43360,9310,9300,28,0,87.33683515389761,32,1440,1355,5.0,657922,512,128,True,5,,,,,,,,,,,,,,,,,,,,,,,,,,
apnea_binary,lstm,abl_cardio,120m,12,False,False,0.5576810652699418,0.6238918976548151,0.7097031543511083,0.6529222566517215,0.7175009261342982,2,43360,9310,9300,28,0,87.33683515389761,32,1440,1355,5.0,657922,512,128,True,5,,,,,,,,,,,,,,,,,,,,,,,,,,
apnea_binary,lstm,abl_cardio,120m,13,False,False,0.5530515561684471,0.613986981427247,0.7109232320978539,0.6521273391382624,0.7210631213899517,2,43360,9310,9300,28,0,87.33683515389761,32,1440,1355,5.0,657922,512,128,True,5,,,,,,,,,,,,,,,,,,,,,,,,,,
apnea_binary,lstm,abl_cardio,120m,14,False,False,0.548308226081278,0.6201484194887696,0.7149514719920351,0.6477968390257414,0.723509985516529,2,43360,9310,9300,28,0,87.33683515389761,32,1440,1355,5.0,657922,512,128,True,5,,,,,,,,,,,,,,,,,,,,,,,,,,
apnea_binary,lstm,abl_cardio,120m,15,False,False,0.542076147086506,0.618362868395579,0.7213026125743223,0.6534136560089093,0.7222551976041685,2,43360,9310,9300,28,0,87.33683515389761,32,1440,1355,5.0,657922,512,128,True,5,,,,,,,,,,,,,,,,,,,,,,,,,,
apnea_binary,lstm,abl_cardio,120m,16,False,False,0.5374377728168375,0.617136311063705,0.7230589288922491,0.659702367557025,0.7227733942677768,2,43360,9310,9300,28,0,87.33683515389761,32,1440,1355,5.0,657922,512,128,True,5,,,,,,,,,,,,,,,,,,,,,,,,,,
apnea_binary,lstm,abl_cardio,120m,17,False,False,0.532927792802508,0.62604691473293,0.7260499478870487,0.651064448560597,0.7226131643787399,2,43360,9310,9300,28,0,87.33683515389761,32,1440,1355,5.0,657922,512,128,True,5,,,,,,,,,,,,,,,,,,,,,,,,,,
apnea_binary,lstm,abl_cardio,120m,18,True,False,0.5257852179757784,0.6182316591481005,0.7320119450938946,0.6616925464942498,0.7308995793446085,2,43360,9310,9300,28,0,87.33683515389761,32,1440,1355,5.0,657922,512,128,True,5,0.7446725092250922,0.7456667140686775,0.7438937543563341,0.8280984361539339,0.8119878248653711,0.6793456032719837,,,,0.6604726100966702,0.6616925464942498,0.6592617121546358,0.7326775956284153,0.5907074973600844,,,,0.6449462365591397,0.6477539641375223,0.6439415994005238,0.7121386892412567,0.7245535714285715,0.570954356846473,,,
apnea_binary,lstm,abl_cardio,120m,19,False,False,0.5200911386866411,0.6205966581015274,0.7369901617153378,0.6596713233045395,0.7212761380488284,2,43360,9310,9300,28,0,87.33683515389761,32,1440,1355,5.0,657922,512,128,True,5,,,,,,,,,,,,,,,,,,,,,,,,,,
apnea_binary,lstm,abl_cardio,120m,20,False,False,0.5151175413404444,0.6329806013278879,0.7420981991970812,0.6490531502991904,0.7154550291111996,2,43360,9310,9300,28,0,87.33683515389761,32,1440,1355,5.0,657922,512,128,True,5,,,,,,,,,,,,,,,,,,,,,,,,,,
apnea_binary,lstm,abl_cardio,120m,21,False,False,0.5115535174348698,0.6321074114450195,0.7444449019722694,0.6535541052850242,0.7171479910675644,2,43360,9310,9300,28,0,87.33683515389761,32,1440,1355,5.0,657922,512,128,True,5,,,,,,,,,,,,,,,,,,,,,,,,,,
apnea_binary,lstm,abl_cardio,120m,22,False,False,0.5054452714444966,0.6270776059394493,0.7482843477975436,0.6596581670042296,0.7216546009544088,2,43360,9310,9300,28,0,87.33683515389761,32,1440,1355,5.0,657922,512,128,True,5,,,,,,,,,,,,,,,,,,,,,,,,,,
apnea_binary,lstm,abl_cardio,120m,23,False,False,0.5013018223412362,0.6374618128726357,0.7515155423000168,0.6558006012660054,0.720001130980202,2,43360,9310,9300,28,0,87.33683515389761,32,1440,1355,5.0,657922,512,128,True,5,,,,,,,,,,,,,,,,,,,,,,,,,,
apnea_binary,lstm,abl_cardio,120m,24,False,False,0.4961077714978109,0.6293680098143863,0.7555607692447242,0.6624960040622963,0.7241260927519172,2,43360,9310,9300,28,0,87.33683515389761,32,1440,1355,5.0,657922,512,128,True,5,,,,,,,,,,,,,,,,,,,,,,,,,,
apnea_binary,lstm,abl_cardio,120m,25,False,False,0.4918054380320095,0.6378767719586349,0.7588274221536356,0.6611181701201956,0.72506697595513,2,43360,9310,9300,28,0,87.33683515389761,32,1440,1355,5.0,657922,512,128,True,5,,,,,,,,,,,,,,,,,,,,,,,,,,
apnea_binary,lstm,abl_cardio,120m,26,False,False,0.4872383655437244,0.6412360948983632,0.7605372142758683,0.6601035193103328,0.7250198210050721,2,43360,9310,9300,28,0,87.33683515389761,32,1440,1355,5.0,657922,512,128,True,5,,,,,,,,,,,,,,,,,,,,,,,,,,
apnea_binary,lstm,abl_cardio,120m,27,False,False,0.4844023049867461,0.6393549776615057,0.7628817411338422,0.6571863982319779,0.7217344620054127,2,43360,9310,9300,28,0,87.33683515389761,32,1440,1355,5.0,657922,512,128,True,5,,,,,,,,,,,,,,,,,,,,,,,,,,
apnea_binary,lstm,abl_cardio,120m,28,False,False,0.4781611618080702,0.6462843984141385,0.7680931160629454,0.6586626736141166,0.7222525432628779,2,43360,9310,9300,28,0,87.33683515389761,32,1440,1355,5.0,657922,512,128,True,5,,,,,,,,,,,,,,,,,,,,,,,,,,
apnea_binary,lstm,abl_no_bas,120m,1,False,False,0.6407323547394953,0.6220512251912843,0.6224708779549315,0.6422176444452139,0.7017276992054287,2,43360,9310,9300,22,0,75.3723533630371,32,1440,1355,5.0,657922,512,128,True,5,,,,,,,,,,,,,,,,,,,,,,,,,,
apnea_binary,lstm,abl_no_bas,120m,2,False,False,0.6116835945866644,0.6155531340971925,0.6586961914692235,0.6454390915228417,0.7141395606488133,2,43360,9310,9300,22,0,75.3723533630371,32,1440,1355,5.0,657922,512,128,True,5,,,,,,,,,,,,,,,,,,,,,,,,,,
apnea_binary,lstm,abl_no_bas,120m,3,False,False,0.5963742989455642,0.6065814886518247,0.6756689309505923,0.6555240881472121,0.7246381267274857,2,43360,9310,9300,22,0,75.3723533630371,32,1440,1355,5.0,657922,512,128,True,5,,,,,,,,,,,,,,,,,,,,,,,,,,
apnea_binary,lstm,abl_no_bas,120m,4,False,False,0.5818201132366139,0.5986625088208728,0.6885812280270267,0.6663496459916561,0.7358984195128706,2,43360,9310,9300,22,0,75.3723533630371,32,1440,1355,5.0,657922,512,128,True,5,,,,,,,,,,,,,,,,,,,,,,,,,,
apnea_binary,lstm,abl_no_bas,120m,5,False,False,0.567470191347643,0.5940833363189861,0.7017733086885438,0.6713096866146184,0.7428531399126377,2,43360,9310,9300,22,0,75.3723533630371,32,1440,1355,5.0,657922,512,128,True,5,,,,,,,,,,,,,,,,,,,,,,,,,,
apnea_binary,lstm,abl_no_bas,120m,6,False,False,0.5563418646360235,0.5970443775011056,0.7108932746654979,0.664675218261868,0.747032111759309,2,43360,9310,9300,22,0,75.3723533630371,32,1440,1355,5.0,657922,512,128,True,5,,,,,,,,,,,,,,,,,,,,,,,,,,
apnea_binary,lstm,abl_no_bas,120m,7,False,False,0.5467765510742075,0.5879239539070621,0.7194220774519062,0.6770954581912396,0.7494792297794011,2,43360,9310,9300,22,0,75.3723533630371,32,1440,1355,5.0,657922,512,128,True,5,,,,,,,,,,,,,,,,,,,,,,,,,,
apnea_binary,lstm,abl_no_bas,120m,8,False,False,0.5406378596911131,0.5851438282575823,0.723784046653793,0.6794236617215135,0.7546751143963393,2,43360,9310,9300,22,0,75.3723533630371,32,1440,1355,5.0,657922,512,128,True,5,,,,,,,,,,,,,,,,,,,,,,,,,,
apnea_binary,lstm,abl_no_bas,120m,9,False,False,0.5307238234585062,0.5860754143922848,0.734421653706659,0.6854079318642131,0.7561886659626893,2,43360,9310,9300,22,0,75.3723533630371,32,1440,1355,5.0,657922,512,128,True,5,,,,,,,,,,,,,,,,,,,,,,,,,,
apnea_binary,lstm,abl_no_bas,120m,10,False,False,0.5219174519236237,0.6183138786017831,0.7394802994636657,0.6679759493597843,0.7510791513032238,2,43360,9310,9300,22,0,75.3723533630371,32,1440,1355,5.0,657922,512,128,True,5,,,,,,,,,,,,,,,,,,,,,,,,,,
apnea_binary,lstm,abl_no_bas,120m,11,False,False,0.512945069675076,0.5903746825475826,0.7451708124273708,0.6843006099214661,0.7557920381301896,2,43360,9310,9300,22,0,75.3723533630371,32,1440,1355,5.0,657922,512,128,True,5,,,,,,,,,,,,,,,,,,,,,,,,,,
apnea_binary,lstm,abl_no_bas,120m,12,True,False,0.5033641377938189,0.5893094113318672,0.7514535845203654,0.6937709534278509,0.761610723538814,2,43360,9310,9300,22,0,75.3723533630371,32,1440,1355,5.0,657922,512,128,True,5,0.7735931734317343,0.7740067004417963,0.7735353254262459,0.8537987051004936,0.8015921329899321,0.7464212678936605,,,,0.6934479054779806,0.6937709534278509,0.6934334182465655,0.7125683060109289,0.674973600844773,,,,0.6779569892473118,0.6788525303793717,0.677956955736069,0.7441346973177239,0.7033482142857143,0.654356846473029,,,
apnea_binary,lstm,abl_no_bas,120m,13,False,False,0.4925578485775698,0.5845800446580484,0.7606973490146207,0.6947347101286201,0.7590128158521877,2,43360,9310,9300,22,0,75.3723533630371,32,1440,1355,5.0,657922,512,128,True,5,,,,,,,,,,,,,,,,,,,,,,,,,,
apnea_binary,lstm,abl_no_bas,120m,14,False,False,0.4822187014171558,0.6307667781791932,0.7681200729639839,0.6684691952152613,0.7528487198573579,2,43360,9310,9300,22,0,75.3723533630371,32,1440,1355,5.0,657922,512,128,True,5,,,,,,,,,,,,,,,,,,,,,,,,,,
apnea_binary,lstm,abl_no_bas,120m,15,False,False,0.4721874826068807,0.6050247301220509,0.7726105649239698,0.6900264857098344,0.7556385941223651,2,43360,9310,9300,22,0,75.3723533630371,32,1440,1355,5.0,657922,512,128,True,5,,,,,,,,,,,,,,,,,,,,,,,,,,
apnea_binary,lstm,abl_no_bas,120m,16,False,False,0.4629967817081296,0.6072568075677378,0.7788369280922138,0.6860535138285411,0.7534155717508842,2,43360,9310,9300,22,0,75.3723533630371,32,1440,1355,5.0,657922,512,128,True,5,,,,,,,,,,,,,,,,,,,,,,,,,,
apnea_binary,lstm,abl_no_bas,120m,17,False,False,0.4518334849184289,0.6075137933906244,0.7862844489856742,0.6869877265566846,0.7558292681519437,2,43360,9310,9300,22,0,75.3723533630371,32,1440,1355,5.0,657922,512,128,True,5,,,,,,,,,,,,,,,,,,,,,,,,,,
apnea_binary,lstm,abl_no_bas,120m,18,False,False,0.4438152515470321,0.6126398199739057,0.7905364519068296,0.6890639984766389,0.7598188354366102,2,43360,9310,9300,22,0,75.3723533630371,32,1440,1355,5.0,657922,512,128,True,5,,,,,,,,,,,,,,,,,,,,,,,,,,
apnea_binary,lstm,abl_no_bas,120m,19,False,False,0.43238351097626,0.6239298320994597,0.7981976648950232,0.6823215099739759,0.7506292981575409,2,43360,9310,9300,22,0,75.3723533630371,32,1440,1355,5.0,657922,512,128,True,5,,,,,,,,,,,,,,,,,,,,,,,,,,
apnea_binary,lstm,abl_no_bas,120m,20,False,False,0.4219195721774084,0.6464528981776294,0.8059547086821917,0.6765782078580043,0.7537034869966128,2,43360,9310,9300,22,0,75.3723533630371,32,1440,1355,5.0,657922,512,128,True,5,,,,,,,,,,,,,,,,,,,,,,,,,,
apnea_binary,lstm,abl_no_bas,120m,21,False,False,0.4151944183885391,0.6344743899320814,0.80880949610705,0.6819950259952337,0.7466375381561561,2,43360,9310,9300,22,0,75.3723533630371,32,1440,1355,5.0,657922,512,128,True,5,,,,,,,,,,,,,,,,,,,,,,,,,,
apnea_binary,lstm,abl_no_bas,120m,22,False,False,0.4043058868483863,0.6626461800904074,0.816517047087753,0.6790757122001605,0.7487563487804456,2,43360,9310,9300,22,0,75.3723533630371,32,1440,1355,5.0,657922,512,128,True,5,,,,,,,,,,,,,,,,,,,,,,,,,,
apnea_binary,lstm,abl_no_ekg,120m,1,False,False,0.641352131423915,0.6176977643264991,0.621869441668687,0.6476915886232624,0.7085055019878709,2,43360,9310,9300,20,0,62.59349023898442,32,1440,1355,5.0,657922,512,128,True,5,,,,,,,,,,,,,,,,,,,,,,,,,,
apnea_binary,lstm,abl_no_ekg,120m,2,False,False,0.610509605205367,0.6053864094291671,0.6594873155996612,0.6569058458981771,0.7263495767479704,2,43360,9310,9300,20,0,62.59349023898442,32,1440,1355,5.0,657922,512,128,True,5,,,,,,,,,,,,,,,,,,,,,,,,,,
apnea_binary,lstm,abl_no_ekg,120m,3,False,False,0.592111295087751,0.6013054780301935,0.6801432125933364,0.6591776158244903,0.7406319178769886,2,43360,9310,9300,20,0,62.59349023898442,32,1440,1355,5.0,657922,512,128,True,5,,,,,,,,,,,,,,,,,,,,,,,,,,
apnea_binary,lstm,abl_no_ekg,120m,4,False,False,0.5737673337389182,0.5853264696808046,0.6962700044066314,0.6864303148856614,0.7568886965453172,2,43360,9310,9300,20,0,62.59349023898442,32,1440,1355,5.0,657922,512,128,True,5,,,,,,,,,,,,,,,,,,,,,,,,,,
apnea_binary,lstm,abl_no_ekg,120m,5,False,False,0.5629153615874118,0.5878572562327319,0.7099698664726324,0.6876363090807324,0.7551153888321476,2,43360,9310,9300,20,0,62.59349023898442,32,1440,1355,5.0,657922,512,128,True,5,,,,,,,,,,,,,,,,,,,,,,,,,,
apnea_binary,lstm,abl_no_ekg,120m,6,False,False,0.5532161857369201,0.5748172305580369,0.7166168839152423,0.6912824507648543,0.7645866786689056,2,43360,9310,9300,20,0,62.59349023898442,32,1440,1355,5.0,657922,512,128,True,5,,,,,,,,,,,,,,,,,,,,,,,,,,
apnea_binary,lstm,abl_no_ekg,120m,7,False,False,0.5416786677063171,0.5752053524318494,0.7248586997133695,0.695783174938402,0.7656452761380489,2,43360,9310,9300,20,0,62.59349023898442,32,1440,1355,5.0,657922,512,128,True,5,,,,,,,,,,,,,,,,,,,,,,,,,,
apnea_binary,lstm,abl_no_ekg,120m,8,False,False,0.5323691319275606,0.5692463415713879,0.7312764212343771,0.6992605928413569,0.7733709326547452,2,43360,9310,9300,20,0,62.59349023898442,32,1440,1355,5.0,657922,512,128,True,5,,,,,,,,,,,,,,,,,,,,,,,,,,
apnea_binary,lstm,abl_no_ekg,120m,9,False,False,0.5212166241614141,0.5787798415513351,0.7387557562719483,0.7006498519916216,0.7775336322352439,2,43360,9310,9300,20,0,62.59349023898442,32,1440,1355,5.0,657922,512,128,True,5,,,,,,,,,,,,,,,,,,,,,,,,,,
apnea_binary,lstm,abl_no_ekg,120m,10,True,False,0.5122029647835946,0.5648867751998881,0.7463214417063533,0.7068081545980692,0.7791072873209042,2,43360,9310,9300,20,0,62.59349023898442,32,1440,1355,5.0,657922,512,128,True,5,0.7603782287822878,0.7607379519490447,0.7603402271823463,0.8409452333341366,0.784734254273004,0.7367416496250853,,,,0.7063372717508056,0.7068081545980692,0.7062689392680497,0.734207650273224,0.6794086589229145,,,,0.679247311827957,0.6799792531120332,0.6792398018337231,0.752998851511559,0.7,0.6599585062240664,,,
apnea_binary,lstm,abl_no_ekg,120m,11,False,False,0.5016049552667625,0.5703156140001708,0.7556664688124828,0.7032017126271631,0.7743845448093202,2,43360,9310,9300,20,0,62.59349023898442,32,1440,1355,5.0,657922,512,128,True,5,,,,,,,,,,,,,,,,,,,,,,,,,,
apnea_binary,lstm,abl_no_ekg,120m,12,False,False,0.4930333708815029,0.5734238163805162,0.7590921764816759,0.7019257823093923,0.7755683348624647,2,43360,9310,9300,20,0,62.59349023898442,32,1440,1355,5.0,657922,512,128,True,5,,,,,,,,,,,,,,,,,,,,,,,,,,
apnea_binary,lstm,abl_no_ekg,120m,13,False,False,0.4840545723579026,0.6104057697809344,0.7637710581836539,0.6958708836071343,0.778254389761167,2,43360,9310,9300,20,0,62.59349023898442,32,1440,1355,5.0,657922,512,128,True,5,,,,,,,,,,,,,,,,,,,,,,,,,,
apnea_binary,lstm,abl_no_ekg,120m,14,False,False,0.4746116689650335,0.5800947883459474,0.7726842641444328,0.7012263056762511,0.7724282260344719,2,43360,9310,9300,20,0,62.59349023898442,32,1440,1355,5.0,657922,512,128,True,5,,,,,,,,,,,,,,,,,,,,,,,,,,
apnea_binary,lstm,abl_no_ekg,120m,15,False,False,0.4670920383446331,0.5973192065794153,0.7769741035526982,0.6912524451676563,0.7763047645426167,2,43360,9310,9300,20,0,62.59349023898442,32,1440,1355,5.0,657922,512,128,True,5,,,,,,,,,,,,,,,,,,,,,,,,,,
apnea_binary,lstm,abl_no_ekg,120m,16,False,False,0.456704922300863,0.6012815946667074,0.7845154814913768,0.6945836434873429,0.7722894616880457,2,43360,9310,9300,20,0,62.59349023898442,32,1440,1355,5.0,657922,512,128,True,5,,,,,,,,,,,,,,,,,,,,,,,,,,
apnea_binary,lstm,abl_no_ekg,120m,17,False,False,0.4483002108841364,0.6337542440658225,0.7879724127745812,0.681507088822338,0.7723102809562552,2,43360,9310,9300,20,0,62.59349023898442,32,1440,1355,5.0,657922,512,128,True,5,,,,,,,,,,,,,,,,,,,,,,,,,,
apnea_binary,lstm,abl_no_ekg,120m,18,False,False,0.4412215716944409,0.6001968101515294,0.7963448261662929,0.6998757075839147,0.7720767681663694,2,43360,9310,9300,20,0,62.59349023898442,32,1440,1355,5.0,657922,512,128,True,5,,,,,,,,,,,,,,,,,,,,,,,,,,
apnea_binary,lstm,abl_no_ekg,120m,19,False,False,0.4325300826467711,0.5975569189939284,0.8004412323863093,0.7009494463390287,0.7706693902516432,2,43360,9310,9300,20,0,62.59349023898442,32,1440,1355,5.0,657922,512,128,True,5,,,,,,,,,,,,,,,,,,,,,,,,,,
apnea_binary,lstm,abl_no_ekg,120m,20,False,False,0.4235909480450338,0.6468478577733681,0.8043118007438658,0.6891154696164477,0.7614115556171055,2,43360,9310,9300,20,0,62.59349023898442,32,1440,1355,5.0,657922,512,128,True,5,,,,,,,,,,,,,,,,,,,,,,,,,,
apnea_binary,lstm,abl_no_resp,120m,1,False,False,0.6416414910796824,0.6248912381050282,0.6218412717869031,0.6377161124286645,0.6973923520348988,2,43360,9310,9300,22,0,69.47354726394018,32,1440,1355,5.0,657922,512,128,True,5,,,,,,,,,,,,,,,,,,,,,,,,,,
apnea_binary,lstm,abl_no_resp,120m,2,False,False,0.6128819373700891,0.6184790516258183,0.6579572255108365,0.6444712956070651,0.7076007178262098,2,43360,9310,9300,22,0,69.47354726394018,32,1440,1355,5.0,657922,512,128,True,5,,,,,,,,,,,,,,,,,,,,,,,,,,
apnea_binary,lstm,abl_no_resp,120m,3,False,False,0.5961230703385554,0.6127925559990388,0.6772062244426154,0.6550834674929746,0.7186086866203888,2,43360,9310,9300,22,0,69.47354726394018,32,1440,1355,5.0,657922,512,128,True,5,,,,,,,,,,,,,,,,,,,,,,,,,,
apnea_binary,lstm,abl_no_resp,120m,4,False,False,0.5817358922254555,0.6146339630850147,0.690956489050641,0.6516292462247766,0.7255046652933336,2,43360,9310,9300,22,0,69.47354726394018,32,1440,1355,5.0,657922,512,128,True,5,,,,,,,,,,,,,,,,,,,,,,,,,,
apnea_binary,lstm,abl_no_resp,120m,5,False,False,0.5706341996624021,0.6057662662450788,0.6997912396296131,0.6669960357989856,0.7326509137281377,2,43360,9310,9300,22,0,69.47354726394018,32,1440,1355,5.0,657922,512,128,True,5,,,,,,,,,,,,,,,,,,,,,,,,,,
apnea_binary,lstm,abl_no_resp,120m,6,False,False,0.560430422876154,0.5990467496256311,0.7112596959323276,0.6749843336160783,0.7394317170702995,2,43360,9310,9300,22,0,69.47354726394018,32,1440,1355,5.0,657922,512,128,True,5,,,,,,,,,,,,,,,,,,,,,,,,,,
apnea_binary,lstm,abl_no_resp,120m,7,False,False,0.5509362665269648,0.6034843047246513,0.7190084403775541,0.6718840629886729,0.7418311492720757,2,43360,9310,9300,22,0,69.47354726394018,32,1440,1355,5.0,657922,512,128,True,5,,,,,,,,,,,,,,,,,,,,,,,,,,
apnea_binary,lstm,abl_no_resp,120m,8,False,False,0.5418672169266592,0.5984049180268473,0.7247567454896667,0.6772773382727162,0.7435023225486292,2,43360,9310,9300,22,0,69.47354726394018,32,1440,1355,5.0,657922,512,128,True,5,,,,,,,,,,,,,,,,,,,,,,,,,,
apnea_binary,lstm,abl_no_resp,120m,9,False,False,0.5350430888443416,0.6000502265421583,0.7311356356665497,0.6780284014518093,0.7434855886578843,2,43360,9310,9300,22,0,69.47354726394018,32,1440,1355,5.0,657922,512,128,True,5,,,,,,,,,,,,,,,,,,,,,,,,,,
apnea_binary,lstm,abl_no_resp,120m,10,False,False,0.5261499608794702,0.6033802392915547,0.7383585157180226,0.6788414377297304,0.7456516234759176,2,43360,9310,9300,22,0,69.47354726394018,32,1440,1355,5.0,657922,512,128,True,5,,,,,,,,,,,,,,,,,,,,,,,,,,
apnea_binary,lstm,abl_no_resp,120m,11,False,False,0.5185006273408658,0.6021319954595044,0.74163623441619,0.6820565374694896,0.746637722805985,2,43360,9310,9300,22,0,69.47354726394018,32,1440,1355,5.0,657922,512,128,True,5,,,,,,,,,,,,,,,,,,,,,,,,,,
apnea_binary,lstm,abl_no_resp,120m,12,True,False,0.51140491239919,0.6035448557324107,0.7478889639553727,0.6820733867663775,0.7472653475744514,2,43360,9310,9300,22,0,69.47354726394018,32,1440,1355,5.0,657922,512,128,True,5,0.7633994464944649,0.7641793113259258,0.7630094288999738,0.8480428305629224,0.8162022945446031,0.7121563281072484,,,,0.6814178302900108,0.6820733867663775,0.6811952454191154,0.7202185792349727,0.6439281942977825,,,,0.6683870967741935,0.6697303830764672,0.6683372610827267,0.7348076976511559,0.7064732142857143,0.6329875518672199,,,
apnea_binary,lstm,abl_no_resp,120m,13,False,False,0.5010741385586587,0.6105388598718653,0.7540030998042153,0.6840237505842436,0.7463327043698537,2,43360,9310,9300,22,0,69.47354726394018,32,1440,1355,5.0,657922,512,128,True,5,,,,,,,,,,,,,,,,,,,,,,,,,,
apnea_binary,lstm,abl_no_resp,120m,14,False,False,0.49160845200514,0.6072753949913123,0.7621517501689528,0.6791396472034206,0.7413489593251048,2,43360,9310,9300,22,0,69.47354726394018,32,1440,1355,5.0,657922,512,128,True,5,,,,,,,,,,,,,,,,,,,,,,,,,,
apnea_binary,lstm,abl_no_resp,120m,15,False,False,0.4831538542500281,0.6145952087211813,0.7679091473165647,0.6832237552004893,0.7471391163351624,2,43360,9310,9300,22,0,69.47354726394018,32,1440,1355,5.0,657922,512,128,True,5,,,,,,,,,,,,,,,,,,,,,,,,,,
apnea_binary,lstm,abl_no_resp,120m,16,False,False,0.4758240753654184,0.6231155283661073,0.7721343795398664,0.6801611069757243,0.7447586799845356,2,43360,9310,9300,22,0,69.47354726394018,32,1440,1355,5.0,657922,512,128,True,5,,,,,,,,,,,,,,,,,,,,,,,,,,
apnea_binary,lstm,abl_no_resp,120m,17,False,False,0.467699826599487,0.6193310666161116,0.7786876410189869,0.6839092676903191,0.747023687110865,2,43360,9310,9300,22,0,69.47354726394018,32,1440,1355,5.0,657922,512,128,True,5,,,,,,,,,,,,,,,,,,,,,,,,,,
apnea_binary,lstm,abl_no_resp,120m,18,False,False,0.4612742788347371,0.649686588002839,0.7810288108995471,0.6752727335676079,0.7385300950369588,2,43360,9310,9300,22,0,69.47354726394018,32,1440,1355,5.0,657922,512,128,True,5,,,,,,,,,,,,,,,,,,,,,,,,,,
apnea_binary,lstm,abl_no_resp,120m,19,False,False,0.451419598919879,0.6272893721767963,0.7882920917219863,0.679961454348215,0.7425240477550619,2,43360,9310,9300,22,0,69.47354726394018,32,1440,1355,5.0,657922,512,128,True,5,,,,,,,,,,,,,,,,,,,,,,,,,,
apnea_binary,lstm,abl_no_resp,120m,20,False,False,0.4424414261680687,0.6472890280307172,0.7940321985738857,0.6747314787566143,0.7430839291175468,2,43360,9310,9300,22,0,69.47354726394018,32,1440,1355,5.0,657922,512,128,True,5,,,,,,,,,,,,,,,,,,,,,,,,,,
apnea_binary,lstm,abl_no_resp,120m,21,False,False,0.432685141743769,0.6448562444152689,0.7997410818117741,0.6819639817427482,0.7429323546892401,2,43360,9310,9300,22,0,69.47354726394018,32,1440,1355,5.0,657922,512,128,True,5,,,,,,,,,,,,,,,,,,,,,,,,,,
apnea_binary,lstm,abl_no_resp,120m,22,False,False,0.4260131298945838,0.6580658538257013,0.803065037420722,0.67741397914611,0.7367509246917214,2,43360,9310,9300,22,0,69.47354726394018,32,1440,1355,5.0,657922,512,128,True,5,,,,,,,,,,,,,,,,,,,,,,,,,,
bmi_binary,lstm,abl_bas_only,40m,1,False,False,0.6457772218427305,0.6354735820859623,0.6236984716383747,0.6292321535188409,0.6754665298765805,2,43255,9285,9280,21,0,32.53335944016774,32,480,1352,5.0,657922,512,128,True,5,,,,,,,,,,,,,,,,,,,,,,,,,,
bmi_binary,lstm,abl_bas_only,40m,2,False,False,0.6278676856626542,0.6379296705873024,0.6459517690447818,0.6346611502140148,0.6786668853065583,2,43255,9285,9280,21,0,32.53335944016774,32,480,1352,5.0,657922,512,128,True,5,,,,,,,,,,,,,,,,,,,,,,,,,,
bmi_binary,lstm,abl_bas_only,40m,3,False,False,0.6216805272482128,0.6376877395389025,0.6562770984710096,0.6344870792233238,0.6844086491698691,2,43255,9285,9280,21,0,32.53335944016774,32,480,1352,5.0,657922,512,128,True,5,,,,,,,,,,,,,,,,,,,,,,,,,,
bmi_binary,lstm,abl_bas_only,40m,4,False,False,0.6174123651567132,0.6379914199304504,0.6589480621154336,0.6375816746133858,0.6853515757489117,2,43255,9285,9280,21,0,32.53335944016774,32,480,1352,5.0,657922,512,128,True,5,,,,,,,,,,,,,,,,,,,,,,,,,,
bmi_binary,lstm,abl_bas_only,40m,5,False,False,0.6140780073551068,0.6310205170013087,0.6634722892096601,0.6415306474263562,0.6881201173928034,2,43255,9285,9280,21,0,32.53335944016774,32,480,1352,5.0,657922,512,128,True,5,,,,,,,,,,,,,,,,,,,,,,,,,,
bmi_binary,lstm,abl_bas_only,40m,6,False,False,0.6111061539088849,0.630696098520092,0.6658247021722794,0.6374277857665431,0.6850097406874823,2,43255,9285,9280,21,0,32.53335944016774,32,480,1352,5.0,657922,512,128,True,5,,,,,,,,,,,,,,,,,,,,,,,,,,
bmi_binary,lstm,abl_bas_only,40m,7,False,False,0.6097806991807107,0.6257250185704835,0.6687969174948829,0.6395940025395864,0.6878900970144441,2,43255,9285,9280,21,0,32.53335944016774,32,480,1352,5.0,657922,512,128,True,5,,,,,,,,,,,,,,,,,,,,,,,,,,
bmi_binary,lstm,abl_bas_only,40m,8,False,False,0.6077255429015547,0.6282251810250773,0.6696962330177675,0.6438536962755534,0.691829903770417,2,43255,9285,9280,21,0,32.53335944016774,32,480,1352,5.0,657922,512,128,True,5,,,,,,,,,,,,,,,,,,,,,,,,,,
bmi_binary,lstm,abl_bas_only,40m,9,False,False,0.6039462147992604,0.6306002567035252,0.6756180888090979,0.6412199265033595,0.6906878747361606,2,43255,9285,9280,21,0,32.53335944016774,32,480,1352,5.0,657922,512,128,True,5,,,,,,,,,,,,,,,,,,,,,,,,,,
bmi_binary,lstm,abl_bas_only,40m,10,False,False,0.6024515817777475,0.6296351703572928,0.6737518338138613,0.6440513131007342,0.6938860437672215,2,43255,9285,9280,21,0,32.53335944016774,32,480,1352,5.0,657922,512,128,True,5,,,,,,,,,,,,,,,,,,,,,,,,,,
bmi_binary,lstm,abl_bas_only,40m,11,True,False,0.5990904973540164,0.6305445350205058,0.6786356550637787,0.6411005154855908,0.6949585845589781,2,43255,9285,9280,21,0,32.53335944016774,32,480,1352,5.0,657922,512,128,True,5,0.7017223442376603,0.6832038622493735,0.6694527902499248,0.7488398537350693,0.7310114980836527,0.6353962264150943,,,,0.6592353257942919,0.6411005154855908,0.6230438087072955,0.684779299847793,0.5974217311233886,,,,0.6610991379310345,0.6428407400927303,0.6284474633922611,0.6953435285626803,0.6899068322981367,0.5957746478873239,,,
bmi_binary,lstm,abl_bas_only,40m,12,False,False,0.5992858084608759,0.6288399957621938,0.6768734896385193,0.6403541966245364,0.6911974178068176,2,43255,9285,9280,21,0,32.53335944016774,32,480,1352,5.0,657922,512,128,True,5,,,,,,,,,,,,,,,,,,,,,,,,,,
bmi_binary,lstm,abl_bas_only,40m,13,False,False,0.5964956308235227,0.6318583585622816,0.6800934938516536,0.6404403911972216,0.6898154455068101,2,43255,9285,9280,21,0,32.53335944016774,32,480,1352,5.0,657922,512,128,True,5,,,,,,,,,,,,,,,,,,,,,,,,,,
bmi_binary,lstm,abl_bas_only,40m,14,False,False,0.5947123990846003,0.6296470078172771,0.6818710529377179,0.6444372966018316,0.6903258855616383,2,43255,9285,9280,21,0,32.53335944016774,32,480,1352,5.0,657922,512,128,True,5,,,,,,,,,,,,,,,,,,,,,,,,,,
bmi_binary,lstm,abl_bas_only,40m,15,False,False,0.5941997234166226,0.6317018909774035,0.6821698333296652,0.6376809034873063,0.690424245482143,2,43255,9285,9280,21,0,32.53335944016774,32,480,1352,5.0,657922,512,128,True,5,,,,,,,,,,,,,,,,,,,,,,,,,,
bmi_binary,lstm,abl_bas_only,40m,16,False,False,0.5905075221595812,0.6281065474066223,0.6862703511678871,0.6456604186113004,0.6915808224784233,2,43255,9285,9280,21,0,32.53335944016774,32,480,1352,5.0,657922,512,128,True,5,,,,,,,,,,,,,,,,,,,,,,,,,,
bmi_binary,lstm,abl_bas_only,40m,17,False,False,0.5885007723178937,0.6325748522241846,0.6866510487245836,0.6390965967859936,0.6910484343421601,2,43255,9285,9280,21,0,32.53335944016774,32,480,1352,5.0,657922,512,128,True,5,,,,,,,,,,,,,,,,,,,,,,,,,,
bmi_binary,lstm,abl_bas_only,40m,18,False,False,0.5876921050384022,0.6353086888019795,0.6876985030796754,0.6435143839821051,0.6917892872059224,2,43255,9285,9280,21,0,32.53335944016774,32,480,1352,5.0,657922,512,128,True,5,,,,,,,,,,,,,,,,,,,,,,,,,,
bmi_binary,lstm,abl_bas_only,40m,19,False,False,0.5856200651507366,0.6359959334247396,0.6890376572458049,0.6415890915512501,0.6918689786433676,2,43255,9285,9280,21,0,32.53335944016774,32,480,1352,5.0,657922,512,128,True,5,,,,,,,,,,,,,,,,,,,,,,,,,,
bmi_binary,lstm,abl_bas_only,40m,20,False,False,0.5838801240882437,0.6344293323363036,0.6923787167547547,0.6397617666103248,0.6910012305501597,2,43255,9285,9280,21,0,32.53335944016774,32,480,1352,5.0,657922,512,128,True,5,,,,,,,,,,,,,,,,,,,,,,,,,,
bmi_binary,lstm,abl_bas_only,40m,21,False,False,0.5800107380797058,0.6359840105763673,0.6960712522755641,0.6390764146421454,0.6918000229852193,2,43255,9285,9280,21,0,32.53335944016774,32,480,1352,5.0,657922,512,128,True,5,,,,,,,,,,,,,,,,,,,,,,,,,,
bmi_binary,lstm,abl_cardio,40m,1,False,False,0.6692041286236012,0.6559252644201473,0.5830307275831387,0.6016200375051506,0.6393033516374166,2,43255,9285,9280,17,0,31.20412697792053,32,480,1352,5.0,657922,512,128,True,5,,,,,,,,,,,,,,,,,,,,,,,,,,
bmi_binary,lstm,abl_cardio,40m,2,False,False,0.6518258165602132,0.6564198429377797,0.6094771500347427,0.5951037278101533,0.6381346373240719,2,43255,9285,9280,17,0,31.20412697792053,32,480,1352,5.0,657922,512,128,True,5,,,,,,,,,,,,,,,,,,,,,,,,,,
bmi_binary,lstm,abl_cardio,40m,3,False,False,0.6440436771103115,0.6550307771821913,0.6215932313167931,0.5962818604572937,0.6413261350353607,2,43255,9285,9280,17,0,31.20412697792053,32,480,1352,5.0,657922,512,128,True,5,,,,,,,,,,,,,,,,,,,,,,,,,,
bmi_binary,lstm,abl_cardio,40m,4,False,False,0.6385844825458119,0.6513941359892287,0.6287279792990477,0.5971980456957373,0.6452930755625073,2,43255,9285,9280,17,0,31.20412697792053,32,480,1352,5.0,657922,512,128,True,5,,,,,,,,,,,,,,,,,,,,,,,,,,
bmi_binary,lstm,abl_cardio,40m,5,False,False,0.6313971226414619,0.658802766265828,0.6375016994023008,0.5967325950032376,0.6434286379015055,2,43255,9285,9280,17,0,31.20412697792053,32,480,1352,5.0,657922,512,128,True,5,,,,,,,,,,,,,,,,,,,,,,,,,,
bmi_binary,lstm,abl_cardio,40m,6,False,False,0.6269789337415996,0.6576253330765325,0.6435394352513575,0.5982252327253463,0.6458529058082527,2,43255,9285,9280,17,0,31.20412697792053,32,480,1352,5.0,657922,512,128,True,5,,,,,,,,,,,,,,,,,,,,,,,,,,
bmi_binary,lstm,abl_cardio,40m,7,True,False,0.6210179651917619,0.6552865474726092,0.6490373491210584,0.6001631389961065,0.6472193490697994,2,43255,9285,9280,17,0,31.20412697792053,32,480,1352,5.0,657922,512,128,True,5,0.7050745578545833,0.6647167421781904,0.6606914411349807,0.7362542733443798,0.7689051824695884,0.5605283018867925,,,,0.6606354334948842,0.6001631389961065,0.597961192837284,0.745814307458143,0.45451197053407,,,,0.662823275862069,0.6068815064298837,0.6060459546573345,0.6461327202344502,0.7510869565217392,0.46267605633802816,,,
bmi_binary,lstm,abl_cardio,40m,8,False,False,0.6155020758390785,0.6541778959185447,0.6556813298412528,0.6016322308837256,0.6455854924022637,2,43255,9285,9280,17,0,31.20412697792053,32,480,1352,5.0,657922,512,128,True,5,,,,,,,,,,,,,,,,,,,,,,,,,,
bmi_binary,lstm,abl_cardio,40m,9,False,False,0.6100720054888887,0.6604785725578673,0.6605392371711634,0.5996690969331551,0.6357343076823891,2,43255,9285,9280,17,0,31.20412697792053,32,480,1352,5.0,657922,512,128,True,5,,,,,,,,,,,,,,,,,,,,,,,,,,
bmi_binary,lstm,abl_cardio,40m,10,False,False,0.6046586982873999,0.6808696872133945,0.6677003329633739,0.5946454249602664,0.645046713253782,2,43255,9285,9280,17,0,31.20412697792053,32,480,1352,5.0,657922,512,128,True,5,,,,,,,,,,,,,,,,,,,,,,,,,,
bmi_binary,lstm,abl_cardio,40m,11,False,False,0.6010956663883376,0.6657048352700635,0.6708147761536599,0.6008371385083714,0.6413864291901074,2,43255,9285,9280,17,0,31.20412697792053,32,480,1352,5.0,657922,512,128,True,5,,,,,,,,,,,,,,,,,,,,,,,,,,
bmi_binary,lstm,abl_cardio,40m,12,False,False,0.5937423552588746,0.6787923180100477,0.676194741128051,0.6011209499062371,0.6438088750977573,2,43255,9285,9280,17,0,31.20412697792053,32,480,1352,5.0,657922,512,128,True,5,,,,,,,,,,,,,,,,,,,,,,,,,,
bmi_binary,lstm,abl_cardio,40m,13,False,False,0.5897988224757116,0.672024309615904,0.6808990325511786,0.6071045350959072,0.6467449845971,2,43255,9285,9280,17,0,31.20412697792053,32,480,1352,5.0,657922,512,128,True,5,,,,,,,,,,,,,,,,,,,,,,,,,,
bmi_binary,lstm,abl_cardio,40m,14,False,False,0.5823076794649352,0.6808850864858221,0.689362483611222,0.5917206959475937,0.6264888395547595,2,43255,9285,9280,17,0,31.20412697792053,32,480,1352,5.0,657922,512,128,True,5,,,,,,,,,,,,,,,,,,,,,,,,,,
bmi_binary,lstm,abl_cardio,40m,15,False,False,0.5785579153753101,0.6792704448625485,0.6922294397474635,0.6009981751978271,0.6433299416119365,2,43255,9285,9280,17,0,31.20412697792053,32,480,1352,5.0,657922,512,128,True,5,,,,,,,,,,,,,,,,,,,,,,,,,,
bmi_binary,lstm,abl_cardio,40m,16,False,False,0.573177958577923,0.6833176176972973,0.6961687957667433,0.5986179436077264,0.6381902783734315,2,43255,9285,9280,17,0,31.20412697792053,32,480,1352,5.0,657922,512,128,True,5,,,,,,,,,,,,,,,,,,,,,,,,,,
bmi_binary,lstm,abl_cardio,40m,17,False,False,0.566844126361324,0.6871757440882854,0.7020150478064977,0.5964853637410967,0.6323729716244664,2,43255,9285,9280,17,0,31.20412697792053,32,480,1352,5.0,657922,512,128,True,5,,,,,,,,,,,,,,,,,,,,,,,,,,
bmi_binary,lstm,abl_no_bas,40m,1,False,False,0.6548133298449813,0.6458137416171976,0.6078872703606002,0.614752306230396,0.661257291500234,2,43255,9285,9280,17,0,42.19063011010488,32,480,1352,5.0,657922,512,128,True,5,,,,,,,,,,,,,,,,,,,,,,,,,,
bmi_binary,lstm,abl_no_bas,40m,2,False,False,0.6344237298362448,0.6418273889960688,0.6365877573863477,0.6273215772345417,0.6749198460550916,2,43255,9285,9280,17,0,42.19063011010488,32,480,1352,5.0,657922,512,128,True,5,,,,,,,,,,,,,,,,,,,,,,,,,,
bmi_binary,lstm,abl_no_bas,40m,3,False,False,0.6237157627428602,0.6434901270098627,0.6491988127764869,0.6241147186693239,0.6709542229734464,2,43255,9285,9280,17,0,42.19063011010488,32,480,1352,5.0,657922,512,128,True,5,,,,,,,,,,,,,,,,,,,,,,,,,,
bmi_binary,lstm,abl_no_bas,40m,4,False,False,0.6155530435909992,0.6518932124139419,0.6573273825431611,0.6239486364439062,0.6735425548912266,2,43255,9285,9280,17,0,42.19063011010488,32,480,1352,5.0,657922,512,128,True,5,,,,,,,,,,,,,,,,,,,,,,,,,,
bmi_binary,lstm,abl_no_bas,40m,5,False,False,0.6054515042755317,0.6546070915560088,0.6652465343826344,0.6274409882523104,0.6759926391236465,2,43255,9285,9280,17,0,42.19063011010488,32,480,1352,5.0,657922,512,128,True,5,,,,,,,,,,,,,,,,,,,,,,,,,,
bmi_binary,lstm,abl_no_bas,40m,6,False,False,0.5964694242493401,0.6430095042794638,0.6756301056742116,0.6282137961771657,0.6771425728309101,2,43255,9285,9280,17,0,42.19063011010488,32,480,1352,5.0,657922,512,128,True,5,,,,,,,,,,,,,,,,,,,,,,,,,,
bmi_binary,lstm,abl_no_bas,40m,7,True,False,0.5892913844609947,0.6483421415620166,0.6809871939582397,0.6305801525433706,0.681593071918509,2,43255,9285,9280,17,0,42.19063011010488,32,480,1352,5.0,657922,512,128,True,5,0.7079875158941162,0.7056941578919236,0.6832856982718586,0.7782190515417242,0.7116147308781869,0.6997735849056603,,,,0.6477113624124933,0.6305801525433706,0.6120805318722915,0.6718417047184171,0.5893186003683242,,,,0.6519396551724138,0.6325999475111539,0.6186987029771991,0.6832588738955473,0.6824534161490683,0.5827464788732394,,,
bmi_binary,lstm,abl_no_bas,40m,8,False,False,0.5808742983467164,0.6602682936493274,0.6902915866223553,0.6200341414600099,0.6717010463880969,2,43255,9285,9280,17,0,42.19063011010488,32,480,1352,5.0,657922,512,128,True,5,,,,,,,,,,,,,,,,,,,,,,,,,,
bmi_binary,lstm,abl_no_bas,40m,9,False,False,0.57160834072229,0.6623438885600964,0.6989000701141005,0.6220506739995122,0.6647808976008476,2,43255,9285,9280,17,0,42.19063011010488,32,480,1352,5.0,657922,512,128,True,5,,,,,,,,,,,,,,,,,,,,,,,,,,
bmi_binary,lstm,abl_no_bas,40m,10,False,False,0.5596515894115295,0.6520522208193263,0.7090378899114298,0.6254164669475348,0.6742485094645845,2,43255,9285,9280,17,0,42.19063011010488,32,480,1352,5.0,657922,512,128,True,5,,,,,,,,,,,,,,,,,,,,,,,,,,
bmi_binary,lstm,abl_no_bas,40m,11,False,False,0.5503591660488107,0.6752979190425329,0.7167657591659251,0.6220742198340019,0.66985771588587,2,43255,9285,9280,17,0,42.19063011010488,32,480,1352,5.0,657922,512,128,True,5,,,,,,,,,,,,,,,,,,,,,,,,,,
bmi_binary,lstm,abl_no_bas,40m,12,False,False,0.5430625806081062,0.6745608885505217,0.7244165532159734,0.6153295996367214,0.6727008193389787,2,43255,9285,9280,17,0,42.19063011010488,32,480,1352,5.0,657922,512,128,True,5,,,,,,,,,,,,,,,,,,,,,,,,,,
bmi_binary,lstm,abl_no_bas,40m,13,False,False,0.5322197976573715,0.6674763987574066,0.7310514851298369,0.6225501820597559,0.6673947655367469,2,43255,9285,9280,17,0,42.19063011010488,32,480,1352,5.0,657922,512,128,True,5,,,,,,,,,,,,,,,,,,,,,,,,,,
bmi_binary,lstm,abl_no_bas,40m,14,False,False,0.5229533757905493,0.6796621942943826,0.736807104476298,0.6135514686714263,0.6589689727569089,2,43255,9285,9280,17,0,42.19063011010488,32,480,1352,5.0,657922,512,128,True,5,,,,,,,,,,,,,,,,,,,,,,,,,,
bmi_binary,lstm,abl_no_bas,40m,15,False,False,0.514579509146819,0.6999941012714265,0.7439791544176599,0.6131310073412548,0.6675648281294236,2,43255,9285,9280,17,0,42.19063011010488,32,480,1352,5.0,657922,512,128,True,5,,,,,,,,,,,,,,,,,,,,,,,,,,
bmi_binary,lstm,abl_no_bas,40m,16,False,False,0.5052527748894904,0.696954357765282,0.7498598032403405,0.6201531320164484,0.6679896342266736,2,43255,9285,9280,17,0,42.19063011010488,32,480,1352,5.0,657922,512,128,True,5,,,,,,,,,,,,,,,,,,,,,,,,,,
bmi_binary,lstm,abl_no_bas,40m,17,False,False,0.4968020111532545,0.6911734362956845,0.756842538822146,0.6201245406459968,0.6664403183172577,2,43255,9285,9280,17,0,42.19063011010488,32,480,1352,5.0,657922,512,128,True,5,,,,,,,,,,,,,,,,,,,,,,,,,,
bmi_binary,lstm,abl_no_ekg,40m,1,False,False,0.6426292398171319,0.6315792356952262,0.6187566034591718,0.6315480545254253,0.6812094710316159,2,43255,9285,9280,17,0,26.83412537177404,32,480,1352,5.0,657922,512,128,True,5,,,,,,,,,,,,,,,,,,,,,,,,,,
bmi_binary,lstm,abl_no_ekg,40m,2,False,False,0.6159903444261058,0.6254582224511047,0.6563690642754509,0.639401851711698,0.6922587462964365,2,43255,9285,9280,17,0,26.83412537177404,32,480,1352,5.0,657922,512,128,True,5,,,,,,,,,,,,,,,,,,,,,,,,,,
bmi_binary,lstm,abl_no_ekg,40m,3,False,False,0.6055233577650664,0.6324730730724386,0.6663142306470935,0.6369816762952312,0.6902767476475189,2,43255,9285,9280,17,0,26.83412537177404,32,480,1352,5.0,657922,512,128,True,5,,,,,,,,,,,,,,,,,,,,,,,,,,
bmi_binary,lstm,abl_no_ekg,40m,4,False,False,0.5956917591018355,0.6210759272803911,0.6766875835159549,0.6378070418863577,0.6973775546529652,2,43255,9285,9280,17,0,26.83412537177404,32,480,1352,5.0,657922,512,128,True,5,,,,,,,,,,,,,,,,,,,,,,,,,,
bmi_binary,lstm,abl_no_ekg,40m,5,False,False,0.5880493579620765,0.6251512814864846,0.682151968382628,0.6448489282440694,0.6998918012843691,2,43255,9285,9280,17,0,26.83412537177404,32,480,1352,5.0,657922,512,128,True,5,,,,,,,,,,,,,,,,,,,,,,,,,,
bmi_binary,lstm,abl_no_ekg,40m,6,False,False,0.5812454214179851,0.6335257295003551,0.6890129129421826,0.6409638655532851,0.7010216369400506,2,43255,9285,9280,17,0,26.83412537177404,32,480,1352,5.0,657922,512,128,True,5,,,,,,,,,,,,,,,,,,,,,,,,,,
bmi_binary,lstm,abl_no_ekg,40m,7,True,False,0.5753560925670999,0.62822474343968,0.6957487965842171,0.650054239511592,0.7054923462022531,2,43255,9285,9280,17,0,26.83412537177404,32,480,1352,5.0,657922,512,128,True,5,0.7214657265056063,0.71519848578696,0.6952662965619489,0.7926442184164274,0.7313781036493918,0.6990188679245283,,,,0.6607431340872375,0.650054239511592,0.6282516186597725,0.6757990867579908,0.6243093922651933,,,,0.6584051724137931,0.6505445717784971,0.6309768871326873,0.7058908614731869,0.6708074534161491,0.6302816901408451,,,
bmi_binary,lstm,abl_no_ekg,40m,8,False,False,0.5682723529682505,0.6350669214079697,0.6979879013875046,0.6378583381686387,0.696363514047613,2,43255,9285,9280,17,0,26.83412537177404,32,480,1352,5.0,657922,512,128,True,5,,,,,,,,,,,,,,,,,,,,,,,,,,
bmi_binary,lstm,abl_no_ekg,40m,9,False,False,0.5613656202488146,0.6316317015395219,0.7058272740706737,0.6443111582027801,0.6973719485018963,2,43255,9285,9280,17,0,26.83412537177404,32,480,1352,5.0,657922,512,128,True,5,,,,,,,,,,,,,,,,,,,,,,,,,,
bmi_binary,lstm,abl_no_ekg,40m,10,False,False,0.5544422074199866,0.633507354425113,0.7117812565830224,0.6446084243632113,0.6987264786924212,2,43255,9285,9280,17,0,26.83412537177404,32,480,1352,5.0,657922,512,128,True,5,,,,,,,,,,,,,,,,,,,,,,,,,,
bmi_binary,lstm,abl_no_ekg,40m,11,False,False,0.549008757981823,0.650643235852658,0.7173947486739631,0.6402944911156521,0.6999332307407689,2,43255,9285,9280,17,0,26.83412537177404,32,480,1352,5.0,657922,512,128,True,5,,,,,,,,,,,,,,,,,,,,,,,,,,
bmi_binary,lstm,abl_no_ekg,40m,12,False,False,0.5402250288552789,0.6349306577562837,0.7226651784451019,0.6428979876720738,0.6973896919700295,2,43255,9285,9280,17,0,26.83412537177404,32,480,1352,5.0,657922,512,128,True,5,,,,,,,,,,,,,,,,,,,,,,,,,,
bmi_binary,lstm,abl_no_ekg,40m,13,False,False,0.5307460357889028,0.6406010039467676,0.7332533571448784,0.6454783588553361,0.6951067831624859,2,43255,9285,9280,17,0,26.83412537177404,32,480,1352,5.0,657922,512,128,True,5,,,,,,,,,,,,,,,,,,,,,,,,,,
bmi_binary,lstm,abl_no_ekg,40m,14,False,False,0.523540184241804,0.6715502003604004,0.7371889402080785,0.6319752432368795,0.6900828869435545,2,43255,9285,9280,17,0,26.83412537177404,32,480,1352,5.0,657922,512,128,True,5,,,,,,,,,,,,,,,,,,,,,,,,,,
bmi_binary,lstm,abl_no_ekg,40m,15,False,False,0.516354422945602,0.6544052981919477,0.7423406853574719,0.6427394737505991,0.6945319844933862,2,43255,9285,9280,17,0,26.83412537177404,32,480,1352,5.0,657922,512,128,True,5,,,,,,,,,,,,,,,,,,,,,,,,,,
bmi_binary,lstm,abl_no_ekg,40m,16,False,False,0.5078499336970802,0.6575306791994735,0.7503130358776682,0.6369308004742804,0.6919542762318817,2,43255,9285,9280,17,0,26.83412537177404,32,480,1352,5.0,657922,512,128,True,5,,,,,,,,,,,,,,,,,,,,,,,,,,
bmi_binary,lstm,abl_no_ekg,40m,17,False,False,0.5006127342049503,0.6548405936923667,0.7539347089950417,0.6447164829250653,0.6973177370210595,2,43255,9285,9280,17,0,26.83412537177404,32,480,1352,5.0,657922,512,128,True,5,,,,,,,,,,,,,,,,,,,,,,,,,,
bmi_binary,lstm,abl_no_resp,40m,1,False,False,0.6357609598006337,0.6281015694687042,0.6320602918381528,0.6353418771075625,0.6917861757920791,2,43255,9285,9280,19,0,47.131862020492555,32,480,1352,5.0,657922,512,128,True,5,,,,,,,,,,,,,,,,,,,,,,,,,,
bmi_binary,lstm,abl_no_resp,40m,2,False,False,0.609092728695612,0.6234570362648787,0.6644067309536461,0.6412762683216024,0.6981293114805565,2,43255,9285,9280,19,0,47.131862020492555,32,480,1352,5.0,657922,512,128,True,5,,,,,,,,,,,,,,,,,,,,,,,,,,
bmi_binary,lstm,abl_no_resp,40m,3,False,False,0.5963556072309849,0.6306416167260244,0.679061200491742,0.6425860053650866,0.698125050805744,2,43255,9285,9280,19,0,47.131862020492555,32,480,1352,5.0,657922,512,128,True,5,,,,,,,,,,,,,,,,,,,,,,,,,,
bmi_binary,lstm,abl_no_resp,40m,4,False,False,0.586445612094951,0.6334570672990946,0.689286213304072,0.6403020594195952,0.701567704084922,2,43255,9285,9280,19,0,47.131862020492555,32,480,1352,5.0,657922,512,128,True,5,,,,,,,,,,,,,,,,,,,,,,,,,,
bmi_binary,lstm,abl_no_resp,40m,5,False,False,0.5775917455442048,0.6488724823786356,0.6962449717499914,0.6307268935476005,0.6982357722893558,2,43255,9285,9280,19,0,47.131862020492555,32,480,1352,5.0,657922,512,128,True,5,,,,,,,,,,,,,,,,,,,,,,,,,,
bmi_binary,lstm,abl_no_resp,40m,6,False,False,0.5685729028323995,0.6275412235679843,0.7017343021446111,0.6480225703642036,0.7015590706122757,2,43255,9285,9280,19,0,47.131862020492555,32,480,1352,5.0,657922,512,128,True,5,,,,,,,,,,,,,,,,,,,,,,,,,,
bmi_binary,lstm,abl_no_resp,40m,7,False,False,0.5608525871114364,0.6334460889195395,0.7115437867273693,0.6421028952967196,0.6982745107932424,2,43255,9285,9280,19,0,47.131862020492555,32,480,1352,5.0,657922,512,128,True,5,,,,,,,,,,,,,,,,,,,,,,,,,,
bmi_binary,lstm,abl_no_resp,40m,8,False,False,0.5530982299755521,0.6535416562260642,0.7177625552973875,0.6338505007694443,0.696758327236644,2,43255,9285,9280,19,0,47.131862020492555,32,480,1352,5.0,657922,512,128,True,5,,,,,,,,,,,,,,,,,,,,,,,,,,
bmi_binary,lstm,abl_no_resp,40m,9,True,False,0.5432228912564182,0.6466107160607267,0.7247120637126516,0.6430745814307458,0.7061820709682662,2,43255,9285,9280,19,0,47.131862020492555,32,480,1352,5.0,657922,512,128,True,5,0.7290949023234308,0.7479014692519801,0.7123679616288936,0.8288580418986772,0.6993501083152808,0.7964528301886793,,,,0.6332794830371568,0.6430745814307458,0.6101848098651571,0.619482496194825,0.6666666666666666,,,,0.641271551724138,0.6500098416586475,0.6213022115151507,0.7118196406701075,0.6274844720496895,0.6725352112676056,,,
bmi_binary,lstm,abl_no_resp,40m,10,False,False,0.536318925212207,0.6384975326818745,0.727594080231911,0.6430913998839527,0.7021149765522732,2,43255,9285,9280,19,0,47.131862020492555,32,480,1352,5.0,657922,512,128,True,5,,,,,,,,,,,,,,,,,,,,,,,,,,
bmi_binary,lstm,abl_no_resp,40m,11,False,False,0.5304940864869231,0.640242833319568,0.735902513103162,0.6446681298720957,0.701768208077903,2,43255,9285,9280,19,0,47.131862020492555,32,480,1352,5.0,657922,512,128,True,5,,,,,,,,,,,,,,,,,,,,,,,,,,
bmi_binary,lstm,abl_no_resp,40m,12,False,False,0.5222670340135654,0.6463284466429686,0.7391510031346977,0.652263343340313,0.7037988681180991,2,43255,9285,9280,19,0,47.131862020492555,32,480,1352,5.0,657922,512,128,True,5,,,,,,,,,,,,,,,,,,,,,,,,,,
bmi_binary,lstm,abl_no_resp,40m,13,False,False,0.5132114122140174,0.6519684224309752,0.7462474807657843,0.6387816712496952,0.6977233140201429,2,43255,9285,9280,19,0,47.131862020492555,32,480,1352,5.0,657922,512,128,True,5,,,,,,,,,,,,,,,,,,,,,,,,,,
bmi_binary,lstm,abl_no_resp,40m,14,False,False,0.5019800010519543,0.6639706503625962,0.7542598371969451,0.644794268271147,0.6984906559477059,2,43255,9285,9280,19,0,47.131862020492555,32,480,1352,5.0,657922,512,128,True,5,,,,,,,,,,,,,,,,,,,,,,,,,,
bmi_binary,lstm,abl_no_resp,40m,15,False,False,0.4947873847868494,0.6588518226024729,0.7606776040471243,0.6378974410723446,0.6956520374154522,2,43255,9285,9280,19,0,47.131862020492555,32,480,1352,5.0,657922,512,128,True,5,,,,,,,,,,,,,,,,,,,,,,,,,,
bmi_binary,lstm,abl_no_resp,40m,16,False,False,0.485096876232104,0.6725991732148503,0.7651383825966113,0.6361071167284744,0.6896099520393776,2,43255,9285,9280,19,0,47.131862020492555,32,480,1352,5.0,657922,512,128,True,5,,,,,,,,,,,,,,,,,,,,,,,,,,
bmi_binary,lstm,abl_no_resp,40m,17,False,False,0.4757113332149542,0.6843608436497168,0.7722711937947448,0.6339064221263571,0.6869061053788217,2,43255,9285,9280,19,0,47.131862020492555,32,480,1352,5.0,657922,512,128,True,5,,,,,,,,,,,,,,,,,,,,,,,,,,
bmi_binary,lstm,abl_no_resp,40m,18,False,False,0.4666303235455725,0.71547493785379,0.7788541972564321,0.6340077533069284,0.6915037939627359,2,43255,9285,9280,19,0,47.131862020492555,32,480,1352,5.0,657922,512,128,True,5,,,,,,,,,,,,,,,,,,,,,,,,,,
bmi_binary,lstm,abl_no_resp,40m,19,False,False,0.4577446566490945,0.716517979667337,0.783462479523853,0.637084268859793,0.6895192164843267,2,43255,9285,9280,19,0,47.131862020492555,32,480,1352,5.0,657922,512,128,True,5,,,,,,,,,,,,,,,,,,,,,,,,,,
sex_binary,lstm,abl_bas_only,120m,1,False,False,0.6548350892879445,0.6424382359519382,0.6042963447204017,0.6250745770039499,0.6789478648770806,2,33335,7145,7150,40,0,83.1291000644366,32,1440,1042,5.0,657922,512,128,True,5,,,,,,,,,,,,,,,,,,,,,,,,,,
sex_binary,lstm,abl_bas_only,120m,2,False,False,0.630328332372954,0.6256154873222634,0.6406971090208706,0.6407762296853814,0.6977456717825771,2,33335,7145,7150,40,0,83.1291000644366,32,1440,1042,5.0,657922,512,128,True,5,,,,,,,,,,,,,,,,,,,,,,,,,,
sex_binary,lstm,abl_bas_only,120m,3,False,False,0.61990616940229,0.6205528717511513,0.6509899437940206,0.6457501916009982,0.7057856033957592,2,33335,7145,7150,40,0,83.1291000644366,32,1440,1042,5.0,657922,512,128,True,5,,,,,,,,,,,,,,,,,,,,,,,,,,
sex_binary,lstm,abl_bas_only,120m,4,False,False,0.6127054723535357,0.6212567181500461,0.6610538125879062,0.6541055672372118,0.7133736317723582,2,33335,7145,7150,40,0,83.1291000644366,32,1440,1042,5.0,657922,512,128,True,5,,,,,,,,,,,,,,,,,,,,,,,,,,
sex_binary,lstm,abl_bas_only,120m,5,False,False,0.6069355407128793,0.6138337330270931,0.6670340495498659,0.6503794682335371,0.7159568062570008,2,33335,7145,7150,40,0,83.1291000644366,32,1440,1042,5.0,657922,512,128,True,5,,,,,,,,,,,,,,,,,,,,,,,,,,
sex_binary,lstm,abl_bas_only,120m,6,False,False,0.5987632268941687,0.6156127585240224,0.6762342624158306,0.664654430404622,0.7255062000117908,2,33335,7145,7150,40,0,83.1291000644366,32,1440,1042,5.0,657922,512,128,True,5,,,,,,,,,,,,,,,,,,,,,,,,,,
sex_binary,lstm,abl_bas_only,120m,7,False,False,0.5938199317167415,0.6049574175942103,0.6825808557499924,0.6616963075048637,0.7307968243362746,2,33335,7145,7150,40,0,83.1291000644366,32,1440,1042,5.0,657922,512,128,True,5,,,,,,,,,,,,,,,,,,,,,,,,,,
sex_binary,lstm,abl_bas_only,120m,8,False,False,0.5902170982088341,0.6017265613384394,0.6848430248577742,0.6649222787745397,0.7342801108338082,2,33335,7145,7150,40,0,83.1291000644366,32,1440,1042,5.0,657922,512,128,True,5,,,,,,,,,,,,,,,,,,,,,,,,,,
sex_binary,lstm,abl_bas_only,120m,9,False,False,0.5871213286019916,0.5974562482119774,0.6879111491700569,0.6802106628411971,0.7419467054453985,2,33335,7145,7150,40,0,83.1291000644366,32,1440,1042,5.0,657922,512,128,True,5,,,,,,,,,,,,,,,,,,,,,,,,,,
sex_binary,lstm,abl_bas_only,120m,10,False,False,0.5838845216961517,0.6052351959190475,0.690778194385165,0.6727651463045572,0.7363289248727574,2,33335,7145,7150,40,0,83.1291000644366,32,1440,1042,5.0,657922,512,128,True,5,,,,,,,,,,,,,,,,,,,,,,,,,,
sex_binary,lstm,abl_bas_only,120m,11,False,False,0.5783865996399115,0.6047309511687223,0.6961253081784112,0.6791431996384145,0.7415113486745141,2,33335,7145,7150,40,0,83.1291000644366,32,1440,1042,5.0,657922,512,128,True,5,,,,,,,,,,,,,,,,,,,,,,,,,,
sex_binary,lstm,abl_bas_only,120m,12,False,False,0.5776245914103478,0.6103236231209933,0.6990161972629976,0.6803574586829642,0.7457431564053688,2,33335,7145,7150,40,0,83.1291000644366,32,1440,1042,5.0,657922,512,128,True,5,,,,,,,,,,,,,,,,,,,,,,,,,,
sex_binary,lstm,abl_bas_only,120m,13,False,False,0.5741511040529926,0.5959554357867378,0.7003205595745562,0.6762061037200071,0.7439134553029261,2,33335,7145,7150,40,0,83.1291000644366,32,1440,1042,5.0,657922,512,128,True,5,,,,,,,,,,,,,,,,,,,,,,,,,,
sex_binary,lstm,abl_bas_only,120m,14,False,False,0.5710287319696592,0.608369780212453,0.7063385253179033,0.6510529211782969,0.7250248983040856,2,33335,7145,7150,40,0,83.1291000644366,32,1440,1042,5.0,657922,512,128,True,5,,,,,,,,,,,,,,,,,,,,,,,,,,
sex_binary,lstm,abl_bas_only,120m,15,False,False,0.5692045914030726,0.6064789879146867,0.705562933228161,0.6826057735767486,0.7510933244247058,2,33335,7145,7150,40,0,83.1291000644366,32,1440,1042,5.0,657922,512,128,True,5,,,,,,,,,,,,,,,,,,,,,,,,,,
sex_binary,lstm,abl_bas_only,120m,16,False,False,0.5694578430839291,0.5900296511726834,0.7049868354466854,0.6894906361153144,0.7497905162418691,2,33335,7145,7150,40,0,83.1291000644366,32,1440,1042,5.0,657922,512,128,True,5,,,,,,,,,,,,,,,,,,,,,,,,,,
sex_binary,lstm,abl_bas_only,120m,17,False,False,0.5644802229665863,0.5925586321705951,0.7115938924396565,0.6912268359305913,0.7525752353253288,2,33335,7145,7150,40,0,83.1291000644366,32,1440,1042,5.0,657922,512,128,True,5,,,,,,,,,,,,,,,,,,,,,,,,,,
sex_binary,lstm,abl_bas_only,120m,18,False,False,0.561329145719037,0.5878921385992649,0.7116525296292495,0.6881961994222493,0.7529950675025056,2,33335,7145,7150,40,0,83.1291000644366,32,1440,1042,5.0,657922,512,128,True,5,,,,,,,,,,,,,,,,,,,,,,,,,,
sex_binary,lstm,abl_bas_only,120m,19,False,False,0.5613872749535097,0.588078661024195,0.7126831466704125,0.6949598129188201,0.7541701416864818,2,33335,7145,7150,40,0,83.1291000644366,32,1440,1042,5.0,657922,512,128,True,5,,,,,,,,,,,,,,,,,,,,,,,,,,
sex_binary,lstm,abl_bas_only,120m,20,False,False,0.5604532726829835,0.5868492802429066,0.7143132011115133,0.6930412482559396,0.7547182974040522,2,33335,7145,7150,40,0,83.1291000644366,32,1440,1042,5.0,657922,512,128,True,5,,,,,,,,,,,,,,,,,,,,,,,,,,
sex_binary,lstm,abl_bas_only,120m,21,False,False,0.5571017476148793,0.5975676041453597,0.7163308354899068,0.6916799968557785,0.7541733252107611,2,33335,7145,7150,40,0,83.1291000644366,32,1440,1042,5.0,657922,512,128,True,5,,,,,,,,,,,,,,,,,,,,,,,,,,
sex_binary,lstm,abl_bas_only,120m,22,False,False,0.556585943661334,0.5860926464147881,0.7157520903905965,0.6954275158684928,0.755090926955804,2,33335,7145,7150,40,0,83.1291000644366,32,1440,1042,5.0,657922,512,128,True,5,,,,,,,,,,,,,,,,,,,,,,,,,,
sex_binary,lstm,abl_bas_only,120m,23,False,False,0.553149169991001,0.5888807763078981,0.7198991227833216,0.690593471810089,0.7561588617918132,2,33335,7145,7150,40,0,83.1291000644366,32,1440,1042,5.0,657922,512,128,True,5,,,,,,,,,,,,,,,,,,,,,,,,,,
sex_binary,lstm,abl_bas_only,120m,24,False,False,0.5511689618106937,0.587589443472401,0.7202417073219048,0.690834987324857,0.754571501562285,2,33335,7145,7150,40,0,83.1291000644366,32,1440,1042,5.0,657922,512,128,True,5,,,,,,,,,,,,,,,,,,,,,,,,,,
sex_binary,lstm,abl_bas_only,120m,25,False,False,0.5505918518247428,0.5919942836230914,0.7216898351999625,0.6925047654607267,0.7565768074360839,2,33335,7145,7150,40,0,83.1291000644366,32,1440,1042,5.0,657922,512,128,True,5,,,,,,,,,,,,,,,,,,,,,,,,,,
sex_binary,lstm,abl_bas_only,120m,26,False,False,0.5480052403501079,0.5873527159717552,0.7234420984766217,0.689395719928469,0.7557097097490518,2,33335,7145,7150,40,0,83.1291000644366,32,1440,1042,5.0,657922,512,128,True,5,,,,,,,,,,,,,,,,,,,,,,,,,,
sex_binary,lstm,abl_bas_only,120m,27,False,False,0.5464196620154491,0.587603638274758,0.7249209766621825,0.694275944740307,0.7568614380883133,2,33335,7145,7150,40,0,83.1291000644366,32,1440,1042,5.0,657922,512,128,True,5,,,,,,,,,,,,,,,,,,,,,,,,,,
sex_binary,lstm,abl_bas_only,120m,28,False,False,0.5464566663303206,0.59024250279197,0.7248011990368806,0.6881963959360937,0.7572196042211174,2,33335,7145,7150,40,0,83.1291000644366,32,1440,1042,5.0,657922,512,128,True,5,,,,,,,,,,,,,,,,,,,,,,,,,,
sex_binary,lstm,abl_bas_only,120m,29,False,False,0.5432341326529322,0.5925384606282306,0.7264252384837172,0.6918680606048696,0.7563132037652053,2,33335,7145,7150,40,0,83.1291000644366,32,1440,1042,5.0,657922,512,128,True,5,,,,,,,,,,,,,,,,,,,,,,,,,,
sex_binary,lstm,abl_bas_only,120m,30,False,False,0.5420774370329087,0.5928030774508264,0.7287663048665626,0.6927525694185155,0.7558143730225795,2,33335,7145,7150,40,0,83.1291000644366,32,1440,1042,5.0,657922,512,128,True,5,,,,,,,,,,,,,,,,,,,,,,,,,,
sex_binary,lstm,abl_bas_only,120m,31,False,False,0.5407644010384043,0.5871363079614619,0.7293592950570794,0.693787607836972,0.7570952109576119,2,33335,7145,7150,40,0,83.1291000644366,32,1440,1042,5.0,657922,512,128,True,5,,,,,,,,,,,,,,,,,,,,,,,,,,
sex_binary,lstm,abl_bas_only,120m,32,False,False,0.54022858358581,0.5905809514542574,0.7318370764966801,0.6925342425373868,0.757038182639967,2,33335,7145,7150,40,0,83.1291000644366,32,1440,1042,5.0,657922,512,128,True,5,,,,,,,,,,,,,,,,,,,,,,,,,,
sex_binary,lstm,abl_bas_only,120m,33,False,False,0.5379795048446764,0.587073210672201,0.7290709445161802,0.694535146501071,0.7579935150431347,2,33335,7145,7150,40,0,83.1291000644366,32,1440,1042,5.0,657922,512,128,True,5,,,,,,,,,,,,,,,,,,,,,,,,,,
sex_binary,lstm,abl_bas_only,120m,34,False,False,0.5361013727020392,0.5871436790330499,0.7323843509298928,0.6951979876982333,0.7589653153064634,2,33335,7145,7150,40,0,83.1291000644366,32,1440,1042,5.0,657922,512,128,True,5,,,,,,,,,,,,,,,,,,,,,,,,,,
sex_binary,lstm,abl_bas_only,120m,35,False,False,0.5358634144143757,0.5922050131752076,0.7336321200693705,0.6932078919959911,0.7574977499164817,2,33335,7145,7150,40,0,83.1291000644366,32,1440,1042,5.0,657922,512,128,True,5,,,,,,,,,,,,,,,,,,,,,,,,,,
sex_binary,lstm,abl_bas_only,120m,36,True,False,0.5349902131612179,0.5873744350659255,0.7339802873870613,0.6945357360426042,0.7589782459174248,2,33335,7145,7150,40,0,83.1291000644366,32,1440,1042,5.0,657922,512,128,True,5,0.7384730763461826,0.7381097070121506,0.7381895461490988,0.8125134193801675,0.7232472324723247,0.7529721815519765,,,,0.6937718684394681,0.6945357360426042,0.693566433018143,0.6810596026490067,0.7080118694362018,,,,0.6738461538461539,0.6740116592367609,0.67365288306886,0.7324214569147113,0.677956204379562,0.6700671140939597,,,
sex_binary,lstm,abl_bas_only,120m,37,False,False,0.5348549990634681,0.5875089377227407,0.7334093851919485,0.6938257315227858,0.7588747617269637,2,33335,7145,7150,40,0,83.1291000644366,32,1440,1042,5.0,657922,512,128,True,5,,,,,,,,,,,,,,,,,,,,,,,,,,
sex_binary,lstm,abl_bas_only,120m,38,False,False,0.5343134311743185,0.5898925584458737,0.7346714714584921,0.6929048676479258,0.757683769921591,2,33335,7145,7150,40,0,83.1291000644366,32,1440,1042,5.0,657922,512,128,True,5,,,,,,,,,,,,,,,,,,,,,,,,,,
sex_binary,lstm,abl_bas_only,120m,39,False,False,0.5332176095062205,0.5889505691383167,0.7345836237278918,0.693434079430896,0.7580252716803899,2,33335,7145,7150,40,0,83.1291000644366,32,1440,1042,5.0,657922,512,128,True,5,,,,,,,,,,,,,,,,,,,,,,,,,,
sex_binary,lstm,abl_bas_only,120m,40,False,False,0.5335583006868981,0.5886582110710624,0.7370346258367415,0.6944618468371097,0.7581649930237584,2,33335,7145,7150,40,0,83.1291000644366,32,1440,1042,5.0,657922,512,128,True,5,,,,,,,,,,,,,,,,,,,,,,,,,,
sex_binary,lstm,abl_cardio,120m,1,False,False,0.6551804791098326,0.6458135633054858,0.6111171050949162,0.6322642325151806,0.682307740680331,2,33335,7145,7150,27,0,71.92395782868067,32,1440,1042,5.0,657922,512,128,True,5,,,,,,,,,,,,,,,,,,,,,,,,,,
sex_binary,lstm,abl_cardio,120m,2,False,False,0.6222405014231911,0.6301453754316267,0.655489348597732,0.6483355277379291,0.7017098276573585,2,33335,7145,7150,27,0,71.92395782868067,32,1440,1042,5.0,657922,512,128,True,5,,,,,,,,,,,,,,,,,,,,,,,,,,
sex_binary,lstm,abl_cardio,120m,3,False,False,0.6087485136827715,0.6205989878189322,0.6677947662346316,0.6543541572503783,0.710906793483601,2,33335,7145,7150,27,0,71.92395782868067,32,1440,1042,5.0,657922,512,128,True,5,,,,,,,,,,,,,,,,,,,,,,,,,,
sex_binary,lstm,abl_cardio,120m,4,False,False,0.5951589102149278,0.6162684501677314,0.6825000315156885,0.6552818991097923,0.7173643170161338,2,33335,7145,7150,27,0,71.92395782868067,32,1440,1042,5.0,657922,512,128,True,5,,,,,,,,,,,,,,,,,,,,,,,,,,
sex_binary,lstm,abl_cardio,120m,5,False,False,0.581997389494434,0.611879938949314,0.6957442474863987,0.665225303122605,0.7243225578241987,2,33335,7145,7150,27,0,71.92395782868067,32,1440,1042,5.0,657922,512,128,True,5,,,,,,,,,,,,,,,,,,,,,,,,,,
sex_binary,lstm,abl_cardio,120m,6,False,False,0.5765062695368846,0.6057250327626836,0.7022978178537276,0.6720484603140291,0.7319648240218524,2,33335,7145,7150,27,0,71.92395782868067,32,1440,1042,5.0,657922,512,128,True,5,,,,,,,,,,,,,,,,,,,,,,,,,,
sex_binary,lstm,abl_cardio,120m,7,False,False,0.5684685610537589,0.6003052443995853,0.7080189868516548,0.683713915145322,0.7420065635624029,2,33335,7145,7150,27,0,71.92395782868067,32,1440,1042,5.0,657922,512,128,True,5,,,,,,,,,,,,,,,,,,,,,,,,,,
sex_binary,lstm,abl_cardio,120m,8,False,False,0.5617237296171662,0.599367837875852,0.7121174400616628,0.6788319217088844,0.7419154597441391,2,33335,7145,7150,27,0,71.92395782868067,32,1440,1042,5.0,657922,512,128,True,5,,,,,,,,,,,,,,,,,,,,,,,,,,
sex_binary,lstm,abl_cardio,120m,9,False,False,0.5545584007827206,0.5960319790267044,0.7190050767271948,0.6874765657240552,0.746927741859414,2,33335,7145,7150,27,0,71.92395782868067,32,1440,1042,5.0,657922,512,128,True,5,,,,,,,,,,,,,,,,,,,,,,,,,,
sex_binary,lstm,abl_cardio,120m,10,False,False,0.5485454535169617,0.5958230740461756,0.724933510901727,0.685789297856034,0.7466839074812821,2,33335,7145,7150,27,0,71.92395782868067,32,1440,1042,5.0,657922,512,128,True,5,,,,,,,,,,,,,,,,,,,,,,,,,,
sex_binary,lstm,abl_cardio,120m,11,False,False,0.5423397498034601,0.5952689084767294,0.7273145661910498,0.6922033132234167,0.7535969501051348,2,33335,7145,7150,27,0,71.92395782868067,32,1440,1042,5.0,657922,512,128,True,5,,,,,,,,,,,,,,,,,,,,,,,,,,
sex_binary,lstm,abl_cardio,120m,12,False,False,0.5364670498735529,0.5974333710671306,0.7322476088596903,0.6845255173226954,0.7489618566628019,2,33335,7145,7150,27,0,71.92395782868067,32,1440,1042,5.0,657922,512,128,True,5,,,,,,,,,,,,,,,,,,,,,,,,,,
sex_binary,lstm,abl_cardio,120m,13,False,False,0.5289708606410424,0.5969851657237266,0.736829620785227,0.6878953367264724,0.7521508833297306,2,33335,7145,7150,27,0,71.92395782868067,32,1440,1042,5.0,657922,512,128,True,5,,,,,,,,,,,,,,,,,,,,,,,,,,
sex_binary,lstm,abl_cardio,120m,14,False,False,0.5245481564327392,0.5960567721730767,0.7424356584707867,0.683711950006878,0.7505289759663568,2,33335,7145,7150,27,0,71.92395782868067,32,1440,1042,5.0,657922,512,128,True,5,,,,,,,,,,,,,,,,,,,,,,,,,,
sex_binary,lstm,abl_cardio,120m,15,False,False,0.5198491985944145,0.5991392664950239,0.7417684623405532,0.6894558531648555,0.7506247175113487,2,33335,7145,7150,27,0,71.92395782868067,32,1440,1042,5.0,657922,512,128,True,5,,,,,,,,,,,,,,,,,,,,,,,,,,
sex_binary,lstm,abl_cardio,120m,16,False,False,0.5165580640351269,0.5936666471149806,0.7441196587661338,0.6927926582427733,0.7559034330968617,2,33335,7145,7150,27,0,71.92395782868067,32,1440,1042,5.0,657922,512,128,True,5,,,,,,,,,,,,,,,,,,,,,,,,,,
sex_binary,lstm,abl_cardio,120m,17,True,False,0.5102923424236417,0.5925162095010823,0.7528785169257257,0.6959413995715998,0.7594395032130014,2,33335,7145,7150,27,0,71.92395782868067,32,1440,1042,5.0,657922,512,128,True,5,0.7685015749212539,0.7686852825336452,0.7684721186297758,0.848542874843097,0.7761992619926199,0.7611713030746706,,,,0.6978306508047586,0.6959413995715998,0.6962216396509495,0.729271523178808,0.6626112759643917,,,,0.6923076923076923,0.6937520207710772,0.6922990010222012,0.7525308381913487,0.7281751824817518,0.6593288590604027,,,
sex_binary,lstm,abl_cardio,120m,18,False,False,0.5009628807566808,0.6037672301474112,0.7588820214702879,0.6965246526617801,0.7537262169119815,2,33335,7145,7150,27,0,71.92395782868067,32,1440,1042,5.0,657922,512,128,True,5,,,,,,,,,,,,,,,,,,,,,,,,,,
sex_binary,lstm,abl_cardio,120m,19,False,False,0.4995828402172916,0.5987855482969023,0.7572563702210962,0.6869615029378819,0.7517806119441115,2,33335,7145,7150,27,0,71.92395782868067,32,1440,1042,5.0,657922,512,128,True,5,,,,,,,,,,,,,,,,,,,,,,,,,,
sex_binary,lstm,abl_cardio,120m,20,False,False,0.4915383922181173,0.6009211718514718,0.7630343484986826,0.6882915086367835,0.7552922357380077,2,33335,7145,7150,27,0,71.92395782868067,32,1440,1042,5.0,657922,512,128,True,5,,,,,,,,,,,,,,,,,,,,,,,,,,
sex_binary,lstm,abl_cardio,120m,21,False,False,0.484190970232806,0.6117042141831613,0.7672747393652559,0.6907719063808044,0.7530551614361232,2,33335,7145,7150,27,0,71.92395782868067,32,1440,1042,5.0,657922,512,128,True,5,,,,,,,,,,,,,,,,,,,,,,,,,,
sex_binary,lstm,abl_cardio,120m,22,False,False,0.4777833864957796,0.61079966440703,0.770542934272681,0.691273802739403,0.7525422603022383,2,33335,7145,7150,27,0,71.92395782868067,32,1440,1042,5.0,657922,512,128,True,5,,,,,,,,,,,,,,,,,,,,,,,,,,
sex_binary,lstm,abl_cardio,120m,23,False,False,0.4742635690979966,0.6155408322289743,0.7755579537493764,0.6908538526539194,0.7489197633973314,2,33335,7145,7150,27,0,71.92395782868067,32,1440,1042,5.0,657922,512,128,True,5,,,,,,,,,,,,,,,,,,,,,,,,,,
sex_binary,lstm,abl_cardio,120m,24,False,False,0.4669794808607758,0.6128542486398348,0.7774057635891146,0.6901778450291822,0.7539493387309135,2,33335,7145,7150,27,0,71.92395782868067,32,1440,1042,5.0,657922,512,128,True,5,,,,,,,,,,,,,,,,,,,,,,,,,,
sex_binary,lstm,abl_cardio,120m,25,False,False,0.4585136762619448,0.6136957574257741,0.7852891519398357,0.693212215300568,0.7554571501562285,2,33335,7145,7150,27,0,71.92395782868067,32,1440,1042,5.0,657922,512,128,True,5,,,,,,,,,,,,,,,,,,,,,,,,,,
sex_binary,lstm,abl_cardio,120m,26,False,False,0.4572339268885435,0.6149382816256136,0.7855747110911812,0.6872228663509344,0.7517023994340402,2,33335,7145,7150,27,0,71.92395782868067,32,1440,1042,5.0,657922,512,128,True,5,,,,,,,,,,,,,,,,,,,,,,,,,,
sex_binary,lstm,abl_cardio,120m,27,False,False,0.450551528698754,0.6263229506010772,0.7892687189683024,0.6941434944091811,0.7544991451647769,2,33335,7145,7150,27,0,71.92395782868067,32,1440,1042,5.0,657922,512,128,True,5,,,,,,,,,,,,,,,,,,,,,,,,,,
sex_binary,lstm,abl_no_bas,120m,1,False,False,0.6370060118542488,0.6108835363780143,0.633876114529813,0.6647006111580561,0.7246057735767485,2,33335,7145,7150,19,0,184.05582771698633,32,1440,1042,5.0,657922,512,128,True,5,,,,,,,,,,,,,,,,,,,,,,,,,,
sex_binary,lstm,abl_no_bas,120m,2,False,False,0.5966852840212165,0.5974967938315376,0.6817471307216733,0.6736072081278126,0.7406689331263387,2,33335,7145,7150,19,0,184.05582771698633,32,1440,1042,5.0,657922,512,128,True,5,,,,,,,,,,,,,,,,,,,,,,,,,,
sex_binary,lstm,abl_no_bas,120m,3,False,False,0.5742510941676942,0.5916031997799456,0.6990809214827141,0.691006740424863,0.7512037259024897,2,33335,7145,7150,19,0,184.05582771698633,32,1440,1042,5.0,657922,512,128,True,5,,,,,,,,,,,,,,,,,,,,,,,,,,
sex_binary,lstm,abl_no_bas,120m,4,False,False,0.5590676199715767,0.585629746486792,0.7119645079320486,0.6920759722522452,0.7571966907068604,2,33335,7145,7150,19,0,184.05582771698633,32,1440,1042,5.0,657922,512,128,True,5,,,,,,,,,,,,,,,,,,,,,,,,,,
sex_binary,lstm,abl_no_bas,120m,5,False,False,0.5425249596916611,0.5747712281803053,0.7256333572852567,0.7029708962996444,0.7696110991019317,2,33335,7145,7150,19,0,184.05582771698633,32,1440,1042,5.0,657922,512,128,True,5,,,,,,,,,,,,,,,,,,,,,,,,,,
sex_binary,lstm,abl_no_bas,120m,6,False,False,0.5294455328998992,0.5848567343242024,0.7354433807149199,0.706333641205023,0.7720531766462948,2,33335,7145,7150,19,0,184.05582771698633,32,1440,1042,5.0,657922,512,128,True,5,,,,,,,,,,,,,,,,,,,,,,,,,,
sex_binary,lstm,abl_no_bas,120m,7,False,False,0.516866583569897,0.5685551733842173,0.7466300454366184,0.7135476644329592,0.7782779884842888,2,33335,7145,7150,19,0,184.05582771698633,32,1440,1042,5.0,657922,512,128,True,5,,,,,,,,,,,,,,,,,,,,,,,,,,
sex_binary,lstm,abl_no_bas,120m,8,False,False,0.5039339269496734,0.5687938813899596,0.756869681727564,0.7098543832412993,0.7783620178041543,2,33335,7145,7150,19,0,184.05582771698633,32,1440,1042,5.0,657922,512,128,True,5,,,,,,,,,,,,,,,,,,,,,,,,,,
sex_binary,lstm,abl_no_bas,120m,9,True,False,0.4890567428296485,0.5675653889931691,0.7665113483492083,0.7128694951559338,0.7811771179279581,2,33335,7145,7150,19,0,184.05582771698633,32,1440,1042,5.0,657922,512,128,True,5,0.7846707664616769,0.7849808294569036,0.7846616413130396,0.8664949439831148,0.7976629766297663,0.772298682284041,,,,0.7150454863540938,0.7128694951559338,0.7132651881804996,0.7512582781456953,0.6744807121661721,,,,0.693986013986014,0.6952804585313281,0.693985152014512,0.7621884093469847,0.7261313868613138,0.6644295302013423,,,
sex_binary,lstm,abl_no_bas,120m,10,False,False,0.4772063963485118,0.5852882321770163,0.7745983910790792,0.7036634110873111,0.7729221215634641,2,33335,7145,7150,19,0,184.05582771698633,32,1440,1042,5.0,657922,512,128,True,5,,,,,,,,,,,,,,,,,,,,,,,,,,
sex_binary,lstm,abl_no_bas,120m,11,False,False,0.4657832064352526,0.5831070979380625,0.7829006139256122,0.7063664590170378,0.7739408886356044,2,33335,7145,7150,19,0,184.05582771698633,32,1440,1042,5.0,657922,512,128,True,5,,,,,,,,,,,,,,,,,,,,,,,,,,
sex_binary,lstm,abl_no_bas,120m,12,False,False,0.4552435450598953,0.5903709468222565,0.788650417177671,0.6976251301904219,0.7700165464656985,2,33335,7145,7150,19,0,184.05582771698633,32,1440,1042,5.0,657922,512,128,True,5,,,,,,,,,,,,,,,,,,,,,,,,,,
sex_binary,lstm,abl_no_bas,120m,13,False,False,0.4452952704348091,0.607810151670845,0.7936348304185824,0.7049328905221373,0.7719612081671154,2,33335,7145,7150,19,0,184.05582771698633,32,1440,1042,5.0,657922,512,128,True,5,,,,,,,,,,,,,,,,,,,,,,,,,,
sex_binary,lstm,abl_no_bas,120m,14,False,False,0.4330460128450529,0.5983980864057014,0.8014566461184378,0.7035449132391377,0.7786887810246231,2,33335,7145,7150,19,0,184.05582771698633,32,1440,1042,5.0,657922,512,128,True,5,,,,,,,,,,,,,,,,,,,,,,,,,,
sex_binary,lstm,abl_no_bas,120m,15,False,False,0.4244848215250985,0.5983637821244726,0.8050235377170756,0.7102766914929157,0.7794404071766856,2,33335,7145,7150,19,0,184.05582771698633,32,1440,1042,5.0,657922,512,128,True,5,,,,,,,,,,,,,,,,,,,,,,,,,,
sex_binary,lstm,abl_no_bas,120m,16,False,False,0.4116969062548197,0.605499332283993,0.8150899097570771,0.7105087743431524,0.7801758012852006,2,33335,7145,7150,19,0,184.05582771698633,32,1440,1042,5.0,657922,512,128,True,5,,,,,,,,,,,,,,,,,,,,,,,,,,
sex_binary,lstm,abl_no_bas,120m,17,False,False,0.4066311173984738,0.6039611300423564,0.8173933193943945,0.70881698665671,0.7780402853381021,2,33335,7145,7150,19,0,184.05582771698633,32,1440,1042,5.0,657922,512,128,True,5,,,,,,,,,,,,,,,,,,,,,,,,,,
sex_binary,lstm,abl_no_bas,120m,18,False,False,0.3880785729237112,0.6115238651643691,0.8286443481565122,0.7072155953386916,0.7781860200051093,2,33335,7145,7150,19,0,184.05582771698633,32,1440,1042,5.0,657922,512,128,True,5,,,,,,,,,,,,,,,,,,,,,,,,,,
sex_binary,lstm,abl_no_bas,120m,19,False,False,0.381105707260163,0.6108141807345263,0.831200954835317,0.7049303358421601,0.7787365731915812,2,33335,7145,7150,19,0,184.05582771698633,32,1440,1042,5.0,657922,512,128,True,5,,,,,,,,,,,,,,,,,,,,,,,,,,
sex_binary,lstm,abl_no_ekg,120m,1,False,False,0.6472028024535996,0.6231872759889772,0.6179855712173521,0.6434729891720872,0.7033403816298858,2,33335,7145,7150,32,0,69.89876912434896,32,1440,1042,5.0,657922,512,128,True,5,,,,,,,,,,,,,,,,,,,,,,,,,,
sex_binary,lstm,abl_no_ekg,120m,2,False,False,0.6145658682092512,0.6148545998973058,0.6574889650067803,0.6542083439778332,0.7163689350914773,2,33335,7145,7150,32,0,69.89876912434896,32,1440,1042,5.0,657922,512,128,True,5,,,,,,,,,,,,,,,,,,,,,,,,,,
sex_binary,lstm,abl_no_ekg,120m,3,False,False,0.5993713642983346,0.6060329530270805,0.6756500065732722,0.6628197771533004,0.7256765775148859,2,33335,7145,7150,32,0,69.89876912434896,32,1440,1042,5.0,657922,512,128,True,5,,,,,,,,,,,,,,,,,,,,,,,,,,
sex_binary,lstm,abl_no_ekg,120m,4,False,False,0.5869551648831858,0.6017411128468577,0.6845437518796857,0.6767852300194549,0.7357593491461474,2,33335,7145,7150,32,0,69.89876912434896,32,1440,1042,5.0,657922,512,128,True,5,,,,,,,,,,,,,,,,,,,,,,,,,,
sex_binary,lstm,abl_no_ekg,120m,5,False,False,0.5721696298966723,0.590989046175218,0.7000794195350446,0.6861084363393402,0.7478701436516202,2,33335,7145,7150,32,0,69.89876912434896,32,1440,1042,5.0,657922,512,128,True,5,,,,,,,,,,,,,,,,,,,,,,,,,,
sex_binary,lstm,abl_no_ekg,120m,6,False,False,0.55920876997315,0.5879389088207229,0.7096044601002378,0.67977715330045,0.7546961699451726,2,33335,7145,7150,32,0,69.89876912434896,32,1440,1042,5.0,657922,512,128,True,5,,,,,,,,,,,,,,,,,,,,,,,,,,
sex_binary,lstm,abl_no_ekg,120m,7,False,False,0.5483839749217087,0.5806872964739549,0.7233757624545498,0.6847257649301394,0.7594827755615383,2,33335,7145,7150,32,0,69.89876912434896,32,1440,1042,5.0,657922,512,128,True,5,,,,,,,,,,,,,,,,,,,,,,,,,,
sex_binary,lstm,abl_no_ekg,120m,8,False,False,0.5404446838784293,0.5808163488053041,0.7276016921223385,0.6854691768035058,0.7619783048715782,2,33335,7145,7150,32,0,69.89876912434896,32,1440,1042,5.0,657922,512,128,True,5,,,,,,,,,,,,,,,,,,,,,,,,,,
sex_binary,lstm,abl_no_ekg,120m,9,False,False,0.5307339198401222,0.5811394836328678,0.7368718518078299,0.699885628942559,0.7645208402931988,2,33335,7145,7150,32,0,69.89876912434896,32,1440,1042,5.0,657922,512,128,True,5,,,,,,,,,,,,,,,,,,,,,,,,,,
sex_binary,lstm,abl_no_ekg,120m,10,False,False,0.5253885378334429,0.5792761303646069,0.7428093084737583,0.6996421482893469,0.7654976713109438,2,33335,7145,7150,32,0,69.89876912434896,32,1440,1042,5.0,657922,512,128,True,5,,,,,,,,,,,,,,,,,,,,,,,,,,
sex_binary,lstm,abl_no_ekg,120m,11,False,False,0.5141717414082089,0.5870081469677311,0.7495229335163044,0.7013903354491324,0.7687653428184016,2,33335,7145,7150,32,0,69.89876912434896,32,1440,1042,5.0,657922,512,128,True,5,,,,,,,,,,,,,,,,,,,,,,,,,,
sex_binary,lstm,abl_no_ekg,120m,12,False,False,0.5063531816649405,0.5834443285258355,0.7545393486877767,0.6977613142845913,0.7667293414821074,2,33335,7145,7150,32,0,69.89876912434896,32,1440,1042,5.0,657922,512,128,True,5,,,,,,,,,,,,,,,,,,,,,,,,,,
sex_binary,lstm,abl_no_ekg,120m,13,False,False,0.4981330841659016,0.5815237209628394,0.7609132526171528,0.7010116532709729,0.7685873405781437,2,33335,7145,7150,32,0,69.89876912434896,32,1440,1042,5.0,657922,512,128,True,5,,,,,,,,,,,,,,,,,,,,,,,,,,
sex_binary,lstm,abl_no_ekg,120m,14,False,False,0.4857480814418675,0.5932773608565748,0.7684891378928431,0.6834425295262052,0.7621632637019278,2,33335,7145,7150,32,0,69.89876912434896,32,1440,1042,5.0,657922,512,128,True,5,,,,,,,,,,,,,,,,,,,,,,,,,,
sex_binary,lstm,abl_no_ekg,120m,15,False,False,0.4771260769967645,0.5814487694776334,0.7757253740912227,0.692974630062688,0.7706697191817162,2,33335,7145,7150,32,0,69.89876912434896,32,1440,1042,5.0,657922,512,128,True,5,,,,,,,,,,,,,,,,,,,,,,,,,,
sex_binary,lstm,abl_no_ekg,120m,16,False,False,0.4653862067314572,0.5873853579153123,0.782258684373081,0.7080270010022206,0.7726543124963153,2,33335,7145,7150,32,0,69.89876912434896,32,1440,1042,5.0,657922,512,128,True,5,,,,,,,,,,,,,,,,,,,,,,,,,,
sex_binary,lstm,abl_no_ekg,120m,17,False,False,0.4567830420781312,0.5900729211040775,0.7883088681545674,0.6993892349716038,0.7689291960618625,2,33335,7145,7150,32,0,69.89876912434896,32,1440,1042,5.0,657922,512,128,True,5,,,,,,,,,,,,,,,,,,,,,,,,,,
sex_binary,lstm,abl_no_ekg,120m,18,False,False,0.4480792114343782,0.5969042400366114,0.7937880056692221,0.6964543007054846,0.770526657102993,2,33335,7145,7150,32,0,69.89876912434896,32,1440,1042,5.0,657922,512,128,True,5,,,,,,,,,,,,,,,,,,,,,,,,,,
sex_binary,lstm,abl_no_ekg,120m,19,False,False,0.4384344244398455,0.5961725651592203,0.8015324638605097,0.7022559789337159,0.7719573957985341,2,33335,7145,7150,32,0,69.89876912434896,32,1440,1042,5.0,657922,512,128,True,5,,,,,,,,,,,,,,,,,,,,,,,,,,
sex_binary,lstm,abl_no_ekg,120m,20,False,False,0.427751864790827,0.613582244821993,0.806061133232123,0.6944960402460354,0.7628525949653153,2,33335,7145,7150,32,0,69.89876912434896,32,1440,1042,5.0,657922,512,128,True,5,,,,,,,,,,,,,,,,,,,,,,,,,,
sex_binary,lstm,abl_no_ekg,120m,21,False,False,0.4196036804271313,0.6391905746566741,0.8122285193569359,0.6994098689252657,0.7661927800813567,2,33335,7145,7150,32,0,69.89876912434896,32,1440,1042,5.0,657922,512,128,True,5,,,,,,,,,,,,,,,,,,,,,,,,,,
sex_binary,lstm,abl_no_ekg,120m,22,True,False,0.4088592847176393,0.6195763654897395,0.8157061675301965,0.7061147247823609,0.7734905575097765,2,33335,7145,7150,32,0,69.89876912434896,32,1440,1042,5.0,657922,512,128,True,5,0.8341382930853457,0.8332002831009276,0.8335640820804977,0.9122236299229756,0.7948339483394834,0.8715666178623719,,,,0.7039888033589923,0.7061147247823609,0.7039869246849323,0.6686092715231788,0.743620178041543,,,,0.6876923076923077,0.6867359035908489,0.6868582778614483,0.7391249889776124,0.6639416058394161,0.7095302013422818,,,
sex_binary,lstm,abl_no_ekg,120m,23,False,False,0.3994803240475527,0.6297112729434287,0.8234560644288726,0.7036396329121386,0.7651932713659677,2,33335,7145,7150,32,0,69.89876912434896,32,1440,1042,5.0,657922,512,128,True,5,,,,,,,,,,,,,,,,,,,,,,,,,,
sex_binary,lstm,abl_no_ekg,120m,24,False,False,0.3902469698020646,0.6554284495102767,0.8280978210953412,0.699065380156032,0.7695472714052706,2,33335,7145,7150,32,0,69.89876912434896,32,1440,1042,5.0,657922,512,128,True,5,,,,,,,,,,,,,,,,,,,,,,,,,,
sex_binary,lstm,abl_no_ekg,120m,25,False,False,0.3789547444283918,0.6334284927479615,0.8334509498828517,0.7010963507379095,0.7710395189341089,2,33335,7145,7150,32,0,69.89876912434896,32,1440,1042,5.0,657922,512,128,True,5,,,,,,,,,,,,,,,,,,,,,,,,,,
sex_binary,lstm,abl_no_ekg,120m,26,False,False,0.3702031495582937,0.6389637049300593,0.8385113969734134,0.6973160139131802,0.7656778352034901,2,33335,7145,7150,32,0,69.89876912434896,32,1440,1042,5.0,657922,512,128,True,5,,,,,,,,,,,,,,,,,,,,,,,,,,
sex_binary,lstm,abl_no_ekg,120m,27,False,False,0.3619792898662877,0.6619541817982769,0.8436801679876242,0.6946273114940948,0.7606336392398845,2,33335,7145,7150,32,0,69.89876912434896,32,1440,1042,5.0,657922,512,128,True,5,,,,,,,,,,,,,,,,,,,,,,,,,,
sex_binary,lstm,abl_no_ekg,120m,28,False,False,0.3559260909706108,0.6454761334363192,0.8449275769478046,0.6946526617800224,0.7658293080747538,2,33335,7145,7150,32,0,69.89876912434896,32,1440,1042,5.0,657922,512,128,True,5,,,,,,,,,,,,,,,,,,,,,,,,,,
sex_binary,lstm,abl_no_ekg,120m,29,False,False,0.3457998440570339,0.6697010928888768,0.8519134074942507,0.687850531569949,0.7598735236897438,2,33335,7145,7150,32,0,69.89876912434896,32,1440,1042,5.0,657922,512,128,True,5,,,,,,,,,,,,,,,,,,,,,,,,,,
sex_binary,lstm,abl_no_ekg,120m,30,False,False,0.3388040618505259,0.6787759294620004,0.8552881704512506,0.6967897498378761,0.7641432978953366,2,33335,7145,7150,32,0,69.89876912434896,32,1440,1042,5.0,657922,512,128,True,5,,,,,,,,,,,,,,,,,,,,,,,,,,
sex_binary,lstm,abl_no_ekg,120m,31,False,False,0.3338556762200809,0.6713020686088866,0.8588376653898311,0.6934191443787214,0.764760626486136,2,33335,7145,7150,32,0,69.89876912434896,32,1440,1042,5.0,657922,512,128,True,5,,,,,,,,,,,,,,,,,,,,,,,,,,
sex_binary,lstm,abl_no_ekg,120m,32,False,False,0.326453522351508,0.6912312712762805,0.8625831158750826,0.7014567571285397,0.767449132391377,2,33335,7145,7150,32,0,69.89876912434896,32,1440,1042,5.0,657922,512,128,True,5,,,,,,,,,,,,,,,,,,,,,,,,,,
sex_binary,lstm,abl_no_resp,120m,1,False,False,0.618965042720979,0.5858616554002982,0.6551390652266699,0.6912016821585081,0.7564673492247529,2,33335,7145,7150,29,0,65.60868692398071,32,1440,1042,5.0,657922,512,128,True,5,,,,,,,,,,,,,,,,,,,,,,,,,,
sex_binary,lstm,abl_no_resp,120m,2,False,False,0.5704207308721163,0.5707895276511441,0.7053796830062005,0.6980572641342583,0.7713298877905949,2,33335,7145,7150,29,0,65.60868692398071,32,1440,1042,5.0,657922,512,128,True,5,,,,,,,,,,,,,,,,,,,,,,,,,,
sex_binary,lstm,abl_no_resp,120m,3,False,False,0.5492794428913065,0.5594501858161328,0.7239784234591979,0.7068398608681982,0.7827230137363178,2,33335,7145,7150,29,0,65.60868692398071,32,1440,1042,5.0,657922,512,128,True,5,,,,,,,,,,,,,,,,,,,,,,,,,,
sex_binary,lstm,abl_no_resp,120m,4,False,False,0.530894670797392,0.553404171434293,0.7388769249332318,0.7198679426965631,0.7914784522569616,2,33335,7145,7150,29,0,65.60868692398071,32,1440,1042,5.0,657922,512,128,True,5,,,,,,,,,,,,,,,,,,,,,,,,,,
sex_binary,lstm,abl_no_resp,120m,5,False,False,0.5111252659181077,0.5600024565856219,0.7509335487205531,0.7223033387702164,0.7952787548882818,2,33335,7145,7150,29,0,65.60868692398071,32,1440,1042,5.0,657922,512,128,True,5,,,,,,,,,,,,,,,,,,,,,,,,,,
sex_binary,lstm,abl_no_resp,120m,6,False,False,0.4945381266290823,0.5352831201402352,0.7655582328883318,0.7344282429697173,0.8083859531904023,2,33335,7145,7150,29,0,65.60868692398071,32,1440,1042,5.0,657922,512,128,True,5,,,,,,,,,,,,,,,,,,,,,,,,,,
sex_binary,lstm,abl_no_resp,120m,7,False,False,0.4841757442365795,0.528386694649619,0.772812225926066,0.7428653683652013,0.8136837306188222,2,33335,7145,7150,29,0,65.60868692398071,32,1440,1042,5.0,657922,512,128,True,5,,,,,,,,,,,,,,,,,,,,,,,,,,
sex_binary,lstm,abl_no_resp,120m,8,False,False,0.471575810049845,0.5291879025933791,0.780915197585358,0.7426220842258338,0.8152273861693556,2,33335,7145,7150,29,0,65.60868692398071,32,1440,1042,5.0,657922,512,128,True,5,,,,,,,,,,,,,,,,,,,,,,,,,,
sex_binary,lstm,abl_no_resp,120m,9,False,False,0.463145639804487,0.5316247187268075,0.7855816175292061,0.7451217403266059,0.81821266728241,2,33335,7145,7150,29,0,65.60868692398071,32,1440,1042,5.0,657922,512,128,True,5,,,,,,,,,,,,,,,,,,,,,,,,,,
sex_binary,lstm,abl_no_resp,120m,10,False,False,0.4559027263056808,0.5279511273282653,0.7903842482787932,0.7471806158743883,0.8207828325505532,2,33335,7145,7150,29,0,65.60868692398071,32,1440,1042,5.0,657922,512,128,True,5,,,,,,,,,,,,,,,,,,,,,,,,,,
sex_binary,lstm,abl_no_resp,120m,11,False,False,0.4446786381770274,0.5286444881356122,0.7968179689849607,0.7455894432762789,0.8200466916894295,2,33335,7145,7150,29,0,65.60868692398071,32,1440,1042,5.0,657922,512,128,True,5,,,,,,,,,,,,,,,,,,,,,,,,,,
sex_binary,lstm,abl_no_resp,120m,12,False,False,0.4326956017453291,0.5452287299930006,0.804211180325566,0.7437347456128284,0.8182172264036001,2,33335,7145,7150,29,0,65.60868692398071,32,1440,1042,5.0,657922,512,128,True,5,,,,,,,,,,,,,,,,,,,,,,,,,,
sex_binary,lstm,abl_no_resp,120m,13,False,False,0.4258761906124974,0.5727707885106683,0.80704006454413,0.7117827735963999,0.819682472930218,2,33335,7145,7150,29,0,65.60868692398071,32,1440,1042,5.0,657922,512,128,True,5,,,,,,,,,,,,,,,,,,,,,,,,,,
sex_binary,lstm,abl_no_resp,120m,14,False,False,0.4135597991008209,0.5307571577579513,0.8160374424388461,0.7473539410851494,0.8229638218012458,2,33335,7145,7150,29,0,65.60868692398071,32,1440,1042,5.0,657922,512,128,True,5,,,,,,,,,,,,,,,,,,,,,,,,,,
sex_binary,lstm,abl_no_resp,120m,15,False,False,0.4039839921701038,0.5564469142715942,0.8215019026471377,0.7432379586141844,0.8186546662212354,2,33335,7145,7150,29,0,65.60868692398071,32,1440,1042,5.0,657922,512,128,True,5,,,,,,,,,,,,,,,,,,,,,,,,,,
sex_binary,lstm,abl_no_resp,120m,16,False,False,0.3929447338009624,0.5496455994955387,0.8246311673951293,0.7331945290545718,0.8178457366321457,2,33335,7145,7150,29,0,65.60868692398071,32,1440,1042,5.0,657922,512,128,True,5,,,,,,,,,,,,,,,,,,,,,,,,,,
sex_binary,lstm,abl_no_resp,120m,17,False,False,0.3860826614853573,0.5416017660192045,0.8311746077197228,0.7461447914005541,0.8223767170397154,2,33335,7145,7150,29,0,65.60868692398071,32,1440,1042,5.0,657922,512,128,True,5,,,,,,,,,,,,,,,,,,,,,,,,,,
sex_binary,lstm,abl_no_resp,120m,18,False,False,0.3738709068779325,0.5469518784608267,0.8372145173867551,0.7523648476035136,0.8234642246546269,2,33335,7145,7150,29,0,65.60868692398071,32,1440,1042,5.0,657922,512,128,True,5,,,,,,,,,,,,,,,,,,,,,,,,,,
sex_binary,lstm,abl_no_resp,120m,19,True,False,0.3657290201182127,0.5529920103512,0.8411079205228362,0.7546267219525615,0.8251061371273607,2,33335,7145,7150,29,0,65.60868692398071,32,1440,1042,5.0,657922,512,128,True,5,0.8605969701514924,0.861154257589428,0.8605965481358042,0.9353566711508989,0.8839483394833948,0.8383601756954612,,,,0.7566130160951714,0.7546267219525615,0.7551302238669122,0.7896688741721855,0.7195845697329377,,,,0.746993006993007,0.7487042570910694,0.7469707888282273,0.8207682555234409,0.7894890510948905,0.7079194630872483,,,
sex_binary,lstm,abl_no_resp,120m,20,False,False,0.3566890636528559,0.5522920369497123,0.8471785084615122,0.7521545777900053,0.8219037475190127,2,33335,7145,7150,29,0,65.60868692398071,32,1440,1042,5.0,657922,512,128,True,5,,,,,,,,,,,,,,,,,,,,,,,,,,
sex_binary,lstm,abl_no_resp,120m,21,False,False,0.3432456146817846,0.5682568598139778,0.8528274705148222,0.7477791970444319,0.8231148623420521,2,33335,7145,7150,29,0,65.60868692398071,32,1440,1042,5.0,657922,512,128,True,5,,,,,,,,,,,,,,,,,,,,,,,,,,
sex_binary,lstm,abl_no_resp,120m,22,False,False,0.3301788936486322,0.5677589586683718,0.8597825507537653,0.7524098492738813,0.8211317625326704,2,33335,7145,7150,29,0,65.60868692398071,32,1440,1042,5.0,657922,512,128,True,5,,,,,,,,,,,,,,,,,,,,,,,,,,
sex_binary,lstm,abl_no_resp,120m,23,False,False,0.321468192108285,0.583218239125795,0.8653202534221536,0.7456605812879518,0.8190848350266277,2,33335,7145,7150,29,0,65.60868692398071,32,1440,1042,5.0,657922,512,128,True,5,,,,,,,,,,,,,,,,,,,,,,,,,,
sex_binary,lstm,abl_no_resp,120m,24,False,False,0.3136802743482808,0.5744936524445231,0.8689471779051612,0.7537490911234697,0.8237392261284806,2,33335,7145,7150,29,0,65.60868692398071,32,1440,1042,5.0,657922,512,128,True,5,,,,,,,,,,,,,,,,,,,,,,,,,,
sex_binary,lstm,abl_no_resp,120m,25,False,False,0.3067834564694333,0.6212130923509764,0.8717745943930888,0.7454106156778746,0.821010316976831,2,33335,7145,7150,29,0,65.60868692398071,32,1440,1042,5.0,657922,512,128,True,5,,,,,,,,,,,,,,,,,,,,,,,,,,
sex_binary,lstm,abl_no_resp,120m,26,False,False,0.2954085435791496,0.5780605732831527,0.8771144415690131,0.7473413641991078,0.8216582624245877,2,33335,7145,7150,29,0,65.60868692398071,32,1440,1042,5.0,657922,512,128,True,5,,,,,,,,,,,,,,,,,,,,,,,,,,
sex_binary,lstm,abl_no_resp,120m,27,False,False,0.2887340782266945,0.5973583816793767,0.8817545143972669,0.7505276396722149,0.8214411146265254,2,33335,7145,7150,29,0,65.60868692398071,32,1440,1042,5.0,657922,512,128,True,5,,,,,,,,,,,,,,,,,,,,,,,,,,
sex_binary,lstm,abl_no_resp,120m,28,False,False,0.2826242515471129,0.5989033227996279,0.8854559329634292,0.7511796726079352,0.8212200365515752,2,33335,7145,7150,29,0,65.60868692398071,32,1440,1042,5.0,657922,512,128,True,5,,,,,,,,,,,,,,,,,,,,,,,,,,
sex_binary,lstm,abl_no_resp,120m,29,False,False,0.2728751128896773,0.6108778271727665,0.8898119864068333,0.7469196454890247,0.8193199441900683,2,33335,7145,7150,29,0,65.60868692398071,32,1440,1042,5.0,657922,512,128,True,5,,,,,,,,,,,,,,,,,,,,,,,,,,
sleep_efficiency_binary,lstm,abl_bas_only,120m,1,False,False,0.6683637669826167,0.6578268549927151,0.5898297145219081,0.6170614620742358,0.6529370542673472,2,47090,10105,10100,38,0,226.89477708339692,32,1440,1472,5.0,657922,512,128,True,5,,,,,,,,,,,,,,,,,,,,,,,,,,
sleep_efficiency_binary,lstm,abl_bas_only,120m,2,False,False,0.6546996124561842,0.6541578660796976,0.6175159055668342,0.6194379576730545,0.6599038467401178,2,47090,10105,10100,38,0,226.89477708339692,32,1440,1472,5.0,657922,512,128,True,5,,,,,,,,,,,,,,,,,,,,,,,,,,
sleep_efficiency_binary,lstm,abl_bas_only,120m,3,False,False,0.6489989956793802,0.6522599994339959,0.6263882355135264,0.6200937143693335,0.6636642704567026,2,47090,10105,10100,38,0,226.89477708339692,32,1440,1472,5.0,657922,512,128,True,5,,,,,,,,,,,,,,,,,,,,,,,,,,
sleep_efficiency_binary,lstm,abl_bas_only,120m,4,False,False,0.6441197059619804,0.6487395932449084,0.6317890774923479,0.6255060189786332,0.6702525877644926,2,47090,10105,10100,38,0,226.89477708339692,32,1440,1472,5.0,657922,512,128,True,5,,,,,,,,,,,,,,,,,,,,,,,,,,
sleep_efficiency_binary,lstm,abl_bas_only,120m,5,False,False,0.6397604958042519,0.6458268554183529,0.6384351419017105,0.6270042091186052,0.6806291321411224,2,47090,10105,10100,38,0,226.89477708339692,32,1440,1472,5.0,657922,512,128,True,5,,,,,,,,,,,,,,,,,,,,,,,,,,
sleep_efficiency_binary,lstm,abl_bas_only,120m,6,False,False,0.6332141262225777,0.6397719362594891,0.6452082909908038,0.64453597058698,0.6876187688886992,2,47090,10105,10100,38,0,226.89477708339692,32,1440,1472,5.0,657922,512,128,True,5,,,,,,,,,,,,,,,,,,,,,,,,,,
sleep_efficiency_binary,lstm,abl_bas_only,120m,7,False,False,0.6313925597895025,0.6423805956790968,0.6464471097084474,0.6320784225255931,0.6818687185865816,2,47090,10105,10100,38,0,226.89477708339692,32,1440,1472,5.0,657922,512,128,True,5,,,,,,,,,,,,,,,,,,,,,,,,,,
sleep_efficiency_binary,lstm,abl_bas_only,120m,8,False,False,0.6284025814002121,0.6429306132200034,0.6501947756359753,0.6316951102276908,0.6815843845967802,2,47090,10105,10100,38,0,226.89477708339692,32,1440,1472,5.0,657922,512,128,True,5,,,,,,,,,,,,,,,,,,,,,,,,,,
sleep_efficiency_binary,lstm,abl_bas_only,120m,9,False,False,0.6276699658360646,0.6392974338338022,0.6512434526079574,0.6391491727080019,0.686058956114197,2,47090,10105,10100,38,0,226.89477708339692,32,1440,1472,5.0,657922,512,128,True,5,,,,,,,,,,,,,,,,,,,,,,,,,,
sleep_efficiency_binary,lstm,abl_bas_only,120m,10,False,False,0.6237626835909535,0.638034418082249,0.6548400270687704,0.6397397907025427,0.6873153912285301,2,47090,10105,10100,38,0,226.89477708339692,32,1440,1472,5.0,657922,512,128,True,5,,,,,,,,,,,,,,,,,,,,,,,,,,
sleep_efficiency_binary,lstm,abl_bas_only,120m,11,False,False,0.6229670116035112,0.6392955322067434,0.6540720097039563,0.6423060116619617,0.6899443119991382,2,47090,10105,10100,38,0,226.89477708339692,32,1440,1472,5.0,657922,512,128,True,5,,,,,,,,,,,,,,,,,,,,,,,,,,
sleep_efficiency_binary,lstm,abl_bas_only,120m,12,False,False,0.6208051396342796,0.6375966310972981,0.6585569018894093,0.6403422982885085,0.6913593156473121,2,47090,10105,10100,38,0,226.89477708339692,32,1440,1472,5.0,657922,512,128,True,5,,,,,,,,,,,,,,,,,,,,,,,,,,
sleep_efficiency_binary,lstm,abl_bas_only,120m,13,False,False,0.6181430395253527,0.6334307799122229,0.661357941098782,0.6467908265196829,0.6956654208000781,2,47090,10105,10100,38,0,226.89477708339692,32,1440,1472,5.0,657922,512,128,True,5,,,,,,,,,,,,,,,,,,,,,,,,,,
sleep_efficiency_binary,lstm,abl_bas_only,120m,14,False,False,0.6162743951439427,0.6347219277466364,0.6620643477042927,0.6501469431555585,0.6975556625957519,2,47090,10105,10100,38,0,226.89477708339692,32,1440,1472,5.0,657922,512,128,True,5,,,,,,,,,,,,,,,,,,,,,,,,,,
sleep_efficiency_binary,lstm,abl_bas_only,120m,15,False,False,0.6114117484508894,0.627715095478022,0.6686799730682482,0.6558131972432407,0.7056545067648727,2,47090,10105,10100,38,0,226.89477708339692,32,1440,1472,5.0,657922,512,128,True,5,,,,,,,,,,,,,,,,,,,,,,,,,,
sleep_efficiency_binary,lstm,abl_bas_only,120m,16,False,False,0.6101129222230107,0.6325740327019906,0.6713237169166875,0.6514984950012905,0.7022178254445386,2,47090,10105,10100,38,0,226.89477708339692,32,1440,1472,5.0,657922,512,128,True,5,,,,,,,,,,,,,,,,,,,,,,,,,,
sleep_efficiency_binary,lstm,abl_bas_only,120m,17,False,False,0.6104778483089152,0.6275319551548587,0.6713208243034321,0.6595582153011929,0.7064701327366182,2,47090,10105,10100,38,0,226.89477708339692,32,1440,1472,5.0,657922,512,128,True,5,,,,,,,,,,,,,,,,,,,,,,,,,,
sleep_efficiency_binary,lstm,abl_bas_only,120m,18,False,False,0.6066726973644613,0.6332435349141649,0.676648751494834,0.6520510053310082,0.7006200269497406,2,47090,10105,10100,38,0,226.89477708339692,32,1440,1472,5.0,657922,512,128,True,5,,,,,,,,,,,,,,,,,,,,,,,,,,
sleep_efficiency_binary,lstm,abl_bas_only,120m,19,False,False,0.6078007953970466,0.6284319384625382,0.6747790861777998,0.6571618020962264,0.7058476668963289,2,47090,10105,10100,38,0,226.89477708339692,32,1440,1472,5.0,657922,512,128,True,5,,,,,,,,,,,,,,,,,,,,,,,,,,
sleep_efficiency_binary,lstm,abl_bas_only,120m,20,False,False,0.6051612754894887,0.6311683055671473,0.6759158260960911,0.6516603763614598,0.7014480709391965,2,47090,10105,10100,38,0,226.89477708339692,32,1440,1472,5.0,657922,512,128,True,5,,,,,,,,,,,,,,,,,,,,,,,,,,
sleep_efficiency_binary,lstm,abl_bas_only,120m,21,False,False,0.605931812548845,0.6323663883902896,0.6765829350281002,0.6529901814331327,0.7023642808219874,2,47090,10105,10100,38,0,226.89477708339692,32,1440,1472,5.0,657922,512,128,True,5,,,,,,,,,,,,,,,,,,,,,,,,,,
sleep_efficiency_binary,lstm,abl_bas_only,120m,22,False,False,0.6026690943956527,0.6305166638587619,0.6781553462724492,0.6504343257585458,0.7008651557739718,2,47090,10105,10100,38,0,226.89477708339692,32,1440,1472,5.0,657922,512,128,True,5,,,,,,,,,,,,,,,,,,,,,,,,,,
sleep_efficiency_binary,lstm,abl_bas_only,120m,23,False,False,0.6027007941177985,0.6320426055460151,0.6796541576367654,0.6523982423728779,0.7009090964520239,2,47090,10105,10100,38,0,226.89477708339692,32,1440,1472,5.0,657922,512,128,True,5,,,,,,,,,,,,,,,,,,,,,,,,,,
sleep_efficiency_binary,lstm,abl_bas_only,120m,24,False,False,0.6000501962901934,0.628190076799454,0.6813751102808803,0.6593815989772919,0.7065365925040699,2,47090,10105,10100,38,0,226.89477708339692,32,1440,1472,5.0,657922,512,128,True,5,,,,,,,,,,,,,,,,,,,,,,,,,,
sleep_efficiency_binary,lstm,abl_bas_only,120m,25,False,False,0.5970970681807777,0.6259950554766082,0.6846222209027846,0.6616802533194317,0.7096632908356655,2,47090,10105,10100,38,0,226.89477708339692,32,1440,1472,5.0,657922,512,128,True,5,,,,,,,,,,,,,,,,,,,,,,,,,,
sleep_efficiency_binary,lstm,abl_bas_only,120m,26,False,False,0.598034280084151,0.6277924309385584,0.68317317390467,0.6589961526501594,0.7055558129940024,2,47090,10105,10100,38,0,226.89477708339692,32,1440,1472,5.0,657922,512,128,True,5,,,,,,,,,,,,,,,,,,,,,,,,,,
sleep_efficiency_binary,lstm,abl_bas_only,120m,27,False,False,0.596893869283777,0.6296528122791968,0.6820360914400723,0.6542072894373683,0.707708946866737,2,47090,10105,10100,38,0,226.89477708339692,32,1440,1472,5.0,657922,512,128,True,5,,,,,,,,,,,,,,,,,,,,,,,,,,
sleep_efficiency_binary,lstm,abl_bas_only,120m,28,True,False,0.5952911038716702,0.6244285975335436,0.6851619692149828,0.6610494952512769,0.7108925526444687,2,47090,10105,10100,38,0,226.89477708339692,32,1440,1472,5.0,657922,512,128,True,5,0.6889785517094925,0.6898608862358043,0.6814612514484439,0.7530438217586937,0.693725921849202,0.6859958506224066,,,,0.6638297872340425,0.6610494952512769,0.6570576591899915,0.6464547677261614,0.6756442227763924,,,,0.6640594059405941,0.6620874587458746,0.6571185214800723,0.7139688919386988,0.6522277227722773,0.671947194719472,,,
sleep_efficiency_binary,lstm,abl_bas_only,120m,29,False,False,0.5946774428780354,0.6253198035219882,0.6867722318262057,0.662643818327043,0.7095800840197795,2,47090,10105,10100,38,0,226.89477708339692,32,1440,1472,5.0,657922,512,128,True,5,,,,,,,,,,,,,,,,,,,,,,,,,,
sleep_efficiency_binary,lstm,abl_bas_only,120m,30,False,False,0.5945693939297689,0.6259932641461602,0.6870255067591998,0.6623012558253917,0.710467921475854,2,47090,10105,10100,38,0,226.89477708339692,32,1440,1472,5.0,657922,512,128,True,5,,,,,,,,,,,,,,,,,,,,,,,,,,
sleep_efficiency_binary,lstm,abl_bas_only,120m,31,False,False,0.5951772193995776,0.6283991806787881,0.68516286364145,0.6596502834194058,0.7072001536501045,2,47090,10105,10100,38,0,226.89477708339692,32,1440,1472,5.0,657922,512,128,True,5,,,,,,,,,,,,,,,,,,,,,,,,,,
sleep_efficiency_binary,lstm,abl_bas_only,120m,32,False,False,0.5933962147360927,0.6275353897626538,0.6893204052551171,0.6592054907555887,0.7076860212955793,2,47090,10105,10100,38,0,226.89477708339692,32,1440,1472,5.0,657922,512,128,True,5,,,,,,,,,,,,,,,,,,,,,,,,,,
sleep_efficiency_binary,lstm,abl_bas_only,120m,33,False,False,0.5917865566499524,0.6262465975356538,0.6906324147002605,0.6608633266060602,0.7098158027913103,2,47090,10105,10100,38,0,226.89477708339692,32,1440,1472,5.0,657922,512,128,True,5,,,,,,,,,,,,,,,,,,,,,,,,,,
sleep_efficiency_binary,lstm,abl_bas_only,120m,34,False,False,0.5907653705889973,0.6277664296258977,0.691220690405887,0.6608238978755231,0.7078594060895033,2,47090,10105,10100,38,0,226.89477708339692,32,1440,1472,5.0,657922,512,128,True,5,,,,,,,,,,,,,,,,,,,,,,,,,,
sleep_efficiency_binary,lstm,abl_bas_only,120m,35,False,False,0.5901694345332478,0.6262833212048391,0.6926343314371493,0.6618808520670614,0.7094323482247925,2,47090,10105,10100,38,0,226.89477708339692,32,1440,1472,5.0,657922,512,128,True,5,,,,,,,,,,,,,,,,,,,,,,,,,,
sleep_efficiency_binary,lstm,abl_bas_only,120m,36,False,False,0.5898460646449292,0.6286078823904541,0.6919329869048354,0.6572490940537816,0.7076352517239908,2,47090,10105,10100,38,0,226.89477708339692,32,1440,1472,5.0,657922,512,128,True,5,,,,,,,,,,,,,,,,,,,,,,,,,,
sleep_efficiency_binary,lstm,abl_bas_only,120m,37,False,False,0.5895287880955241,0.6281975296598328,0.6926599558039143,0.6590340570741036,0.7079415763769061,2,47090,10105,10100,38,0,226.89477708339692,32,1440,1472,5.0,657922,512,128,True,5,,,,,,,,,,,,,,,,,,,,,,,,,,
sleep_efficiency_binary,lstm,abl_bas_only,120m,38,False,False,0.5889424531316524,0.6266863090723,0.6931652972426545,0.6620173283173485,0.7091490101152986,2,47090,10105,10100,38,0,226.89477708339692,32,1440,1472,5.0,657922,512,128,True,5,,,,,,,,,,,,,,,,,,,,,,,,,,
sleep_efficiency_binary,lstm,abl_cardio,120m,1,False,False,0.6761828280755936,0.6665108506010642,0.5766329087281561,0.5937497332463463,0.6338626945269263,2,47090,10105,10100,17,0,59.41717082659404,32,1440,1472,5.0,657922,512,128,True,5,,,,,,,,,,,,,,,,,,,,,,,,,,
sleep_efficiency_binary,lstm,abl_cardio,120m,2,False,False,0.6640366974948293,0.6641938826048038,0.6007963345261558,0.598694380592935,0.6379795214490261,2,47090,10105,10100,17,0,59.41717082659404,32,1440,1472,5.0,657922,512,128,True,5,,,,,,,,,,,,,,,,,,,,,,,,,,
sleep_efficiency_binary,lstm,abl_cardio,120m,3,False,False,0.6578871131930591,0.6633101946024067,0.6140640854660646,0.602811126218683,0.640493794039758,2,47090,10105,10100,17,0,59.41717082659404,32,1440,1472,5.0,657922,512,128,True,5,,,,,,,,,,,,,,,,,,,,,,,,,,
sleep_efficiency_binary,lstm,abl_cardio,120m,4,False,False,0.6533817526488629,0.6646380567391399,0.61939611369797,0.6014264461096647,0.6411043296404465,2,47090,10105,10100,17,0,59.41717082659404,32,1440,1472,5.0,657922,512,128,True,5,,,,,,,,,,,,,,,,,,,,,,,,,,
sleep_efficiency_binary,lstm,abl_cardio,120m,5,False,False,0.649845500302735,0.6647613537512104,0.6229594897125732,0.6059394098291353,0.6448380271814351,2,47090,10105,10100,17,0,59.41717082659404,32,1440,1472,5.0,657922,512,128,True,5,,,,,,,,,,,,,,,,,,,,,,,,,,
sleep_efficiency_binary,lstm,abl_cardio,120m,6,False,False,0.6453237533341499,0.6641479464906799,0.629622395982008,0.601162436207769,0.6423462736801029,2,47090,10105,10100,17,0,59.41717082659404,32,1440,1472,5.0,657922,512,128,True,5,,,,,,,,,,,,,,,,,,,,,,,,,,
sleep_efficiency_binary,lstm,abl_cardio,120m,7,True,False,0.6422829019919554,0.6625270985630938,0.6329075958501658,0.6091636231345028,0.646075784458983,2,47090,10105,10100,17,0,59.41717082659404,32,1440,1472,5.0,657922,512,128,True,5,0.6358037799957528,0.6450551823069504,0.6316071685742088,0.6986632510993833,0.6855806274078151,0.6045297372060857,,,,0.6089064819396338,0.6091636231345028,0.6036930230372132,0.6105134474327628,0.6078137988362428,,,,0.6064356435643564,0.60746699669967,0.6010359798021203,0.6458819601019508,0.6126237623762376,0.6023102310231023,,,
sleep_efficiency_binary,lstm,abl_cardio,120m,8,False,False,0.6379025568752488,0.6659397631750904,0.6365805961980404,0.6072894373682745,0.6423048328648632,2,47090,10105,10100,17,0,59.41717082659404,32,1440,1472,5.0,657922,512,128,True,5,,,,,,,,,,,,,,,,,,,,,,,,,,
sleep_efficiency_binary,lstm,abl_cardio,120m,9,False,False,0.6338015152203553,0.6670315023166953,0.6414348294233575,0.6041890993786927,0.6426198359033142,2,47090,10105,10100,17,0,59.41717082659404,32,1440,1472,5.0,657922,512,128,True,5,,,,,,,,,,,,,,,,,,,,,,,,,,
sleep_efficiency_binary,lstm,abl_cardio,120m,10,False,False,0.6290647032281653,0.6727319478693721,0.6488264268385793,0.5981637186577159,0.6420520825076672,2,47090,10105,10100,17,0,59.41717082659404,32,1440,1472,5.0,657922,512,128,True,5,,,,,,,,,,,,,,,,,,,,,,,,,,
sleep_efficiency_binary,lstm,abl_cardio,120m,11,False,False,0.6258561765497013,0.6729900035068931,0.6488363797118196,0.6044590032660809,0.6351841057502942,2,47090,10105,10100,17,0,59.41717082659404,32,1440,1472,5.0,657922,512,128,True,5,,,,,,,,,,,,,,,,,,,,,,,,,,
sleep_efficiency_binary,lstm,abl_cardio,120m,12,False,False,0.6205465221891081,0.6711245064744851,0.6561278584537764,0.6065593961307001,0.6426977991045207,2,47090,10105,10100,17,0,59.41717082659404,32,1440,1472,5.0,657922,512,128,True,5,,,,,,,,,,,,,,,,,,,,,,,,,,
sleep_efficiency_binary,lstm,abl_cardio,120m,13,False,False,0.6163641164322572,0.6794305626795116,0.6611776475594338,0.6019538561908189,0.6456888544734334,2,47090,10105,10100,17,0,59.41717082659404,32,1440,1472,5.0,657922,512,128,True,5,,,,,,,,,,,,,,,,,,,,,,,,,,
sleep_efficiency_binary,lstm,abl_cardio,120m,14,False,False,0.6115765176170772,0.6750644655465962,0.6641880491683356,0.6012844823556431,0.6392766453873466,2,47090,10105,10100,17,0,59.41717082659404,32,1440,1472,5.0,657922,512,128,True,5,,,,,,,,,,,,,,,,,,,,,,,,,,
sleep_efficiency_binary,lstm,abl_cardio,120m,15,False,False,0.6090121376461273,0.6855296906122531,0.6682205708952866,0.5933570718680072,0.6366033977810162,2,47090,10105,10100,17,0,59.41717082659404,32,1440,1472,5.0,657922,512,128,True,5,,,,,,,,,,,,,,,,,,,,,,,,,,
sleep_efficiency_binary,lstm,abl_cardio,120m,16,False,False,0.603874364428825,0.6836746056677976,0.6755907115904729,0.6028385637373559,0.6400652199980895,2,47090,10105,10100,17,0,59.41717082659404,32,1440,1472,5.0,657922,512,128,True,5,,,,,,,,,,,,,,,,,,,,,,,,,,
sleep_efficiency_binary,lstm,abl_cardio,120m,17,False,False,0.6016249095603751,0.6778341626778857,0.6774416415275739,0.6074131094431809,0.6368010495358996,2,47090,10105,10100,17,0,59.41717082659404,32,1440,1472,5.0,657922,512,128,True,5,,,,,,,,,,,,,,,,,,,,,,,,,,
sleep_efficiency_binary,lstm,abl_no_bas,120m,1,False,False,0.6744508485349533,0.6637508058831103,0.5795514984117269,0.6074431890932814,0.6393551573389266,2,47090,10105,10100,18,0,68.64262038866678,32,1440,1472,5.0,657922,512,128,True,5,,,,,,,,,,,,,,,,,,,,,,,,,,
sleep_efficiency_binary,lstm,abl_no_bas,120m,2,False,False,0.6572624166317111,0.661242992361249,0.6143561727986262,0.6098575891160445,0.6453403979862894,2,47090,10105,10100,18,0,68.64262038866678,32,1440,1472,5.0,657922,512,128,True,5,,,,,,,,,,,,,,,,,,,,,,,,,,
sleep_efficiency_binary,lstm,abl_no_bas,120m,3,False,False,0.6475315834413189,0.660642494523012,0.6264434425599323,0.6093592424805956,0.6467506661219811,2,47090,10105,10100,18,0,68.64262038866678,32,1440,1472,5.0,657922,512,128,True,5,,,,,,,,,,,,,,,,,,,,,,,,,,
sleep_efficiency_binary,lstm,abl_no_bas,120m,4,False,False,0.6411245519048117,0.6626393689341264,0.6361750213710835,0.6013963664595642,0.6514612612722472,2,47090,10105,10100,18,0,68.64262038866678,32,1440,1472,5.0,657922,512,128,True,5,,,,,,,,,,,,,,,,,,,,,,,,,,
sleep_efficiency_binary,lstm,abl_no_bas,120m,5,False,False,0.632808885935842,0.6608433055470687,0.6434906781731777,0.6109910634985478,0.6499735786857226,2,47090,10105,10100,18,0,68.64262038866678,32,1440,1472,5.0,657922,512,128,True,5,,,,,,,,,,,,,,,,,,,,,,,,,,
sleep_efficiency_binary,lstm,abl_no_bas,120m,6,False,False,0.6247528033768911,0.6592738007242759,0.6520832809998698,0.611279767167249,0.6556735504352402,2,47090,10105,10100,18,0,68.64262038866678,32,1440,1472,5.0,657922,512,128,True,5,,,,,,,,,,,,,,,,,,,,,,,,,,
sleep_efficiency_binary,lstm,abl_no_bas,120m,7,False,False,0.6157653113893957,0.6613886684813398,0.6629829427163618,0.6113482593434914,0.6554716306218968,2,47090,10105,10100,18,0,68.64262038866678,32,1440,1472,5.0,657922,512,128,True,5,,,,,,,,,,,,,,,,,,,,,,,,,,
sleep_efficiency_binary,lstm,abl_no_bas,120m,8,True,False,0.6076522202824909,0.658305287349348,0.6707174289844415,0.6192951809555167,0.6606794139346013,2,47090,10105,10100,18,0,68.64262038866678,32,1440,1472,5.0,657922,512,128,True,5,0.691038437035464,0.6954248754082961,0.6849029377823229,0.7642436863006596,0.7146395156851953,0.676210235131397,,,,0.620781791192479,0.6192951809555167,0.6146859547579723,0.6114914425427873,0.627098919368246,,,,0.6237623762376238,0.6238036303630363,0.6178335171277299,0.6644815255040355,0.624009900990099,0.6235973597359736,,,
sleep_efficiency_binary,lstm,abl_no_bas,120m,9,False,False,0.5997060011997171,0.6627062747467868,0.6821396546067531,0.6121424230784083,0.6563301404191234,2,47090,10105,10100,18,0,68.64262038866678,32,1440,1472,5.0,657922,512,128,True,5,,,,,,,,,,,,,,,,,,,,,,,,,,
sleep_efficiency_binary,lstm,abl_no_bas,120m,10,False,False,0.5918873023596962,0.6672749847512857,0.6859148384209072,0.6106836616689735,0.6523062758751044,2,47090,10105,10100,18,0,68.64262038866678,32,1440,1472,5.0,657922,512,128,True,5,,,,,,,,,,,,,,,,,,,,,,,,,,
sleep_efficiency_binary,lstm,abl_no_bas,120m,11,False,False,0.5828405396286205,0.6813837830587404,0.6930442071232885,0.6098410249844013,0.6524214118330904,2,47090,10105,10100,18,0,68.64262038866678,32,1440,1472,5.0,657922,512,128,True,5,,,,,,,,,,,,,,,,,,,,,,,,,,
sleep_efficiency_binary,lstm,abl_no_bas,120m,12,False,False,0.575315595764242,0.7153223289498476,0.6996953716665487,0.5891688870732703,0.6431228774030693,2,47090,10105,10100,18,0,68.64262038866678,32,1440,1472,5.0,657922,512,128,True,5,,,,,,,,,,,,,,,,,,,,,,,,,,
sleep_efficiency_binary,lstm,abl_no_bas,120m,13,False,False,0.5651387272708405,0.6816299945337237,0.7089798133655478,0.611314927839326,0.6475616988498598,2,47090,10105,10100,18,0,68.64262038866678,32,1440,1472,5.0,657922,512,128,True,5,,,,,,,,,,,,,,,,,,,,,,,,,,
sleep_efficiency_binary,lstm,abl_no_bas,120m,14,False,False,0.5577071728081581,0.7005090660384715,0.7128143052666114,0.5997232875431633,0.6469817510014695,2,47090,10105,10100,18,0,68.64262038866678,32,1440,1472,5.0,657922,512,128,True,5,,,,,,,,,,,,,,,,,,,,,,,,,,
sleep_efficiency_binary,lstm,abl_no_bas,120m,15,False,False,0.5495010839586527,0.7173669613009335,0.7222217686655386,0.5982069073445156,0.6406690283256813,2,47090,10105,10100,18,0,68.64262038866678,32,1440,1472,5.0,657922,512,128,True,5,,,,,,,,,,,,,,,,,,,,,,,,,,
sleep_efficiency_binary,lstm,abl_no_bas,120m,16,False,False,0.5373777666044326,0.7336518008569749,0.7304409008663377,0.5973118345131466,0.6441601375534269,2,47090,10105,10100,18,0,68.64262038866678,32,1440,1472,5.0,657922,512,128,True,5,,,,,,,,,,,,,,,,,,,,,,,,,,
sleep_efficiency_binary,lstm,abl_no_bas,120m,17,False,False,0.5289534270700109,0.723493793354596,0.7378159323615675,0.6045012773689249,0.6435979123096903,2,47090,10105,10100,18,0,68.64262038866678,32,1440,1472,5.0,657922,512,128,True,5,,,,,,,,,,,,,,,,,,,,,,,,,,
sleep_efficiency_binary,lstm,abl_no_bas,120m,18,False,False,0.5191254229929372,0.7304868296400737,0.7455656429099384,0.6017727685675787,0.6444570115054662,2,47090,10105,10100,18,0,68.64262038866678,32,1440,1472,5.0,657922,512,128,True,5,,,,,,,,,,,,,,,,,,,,,,,,,,
sleep_efficiency_binary,lstm,abl_no_ekg,120m,1,False,False,0.6673798176862045,0.6542143941161539,0.5921201028247891,0.6248391856544457,0.6646806984169568,2,47090,10105,10100,24,0,67.59973271290461,32,1440,1472,5.0,657922,512,128,True,5,,,,,,,,,,,,,,,,,,,,,,,,,,
sleep_efficiency_binary,lstm,abl_no_ekg,120m,2,False,False,0.6453134638434334,0.6516184939127756,0.6274892554641844,0.6268738300946899,0.6674815406471596,2,47090,10105,10100,24,0,67.59973271290461,32,1440,1472,5.0,657922,512,128,True,5,,,,,,,,,,,,,,,,,,,,,,,,,,
sleep_efficiency_binary,lstm,abl_no_ekg,120m,3,False,False,0.6355189344664748,0.648522624557765,0.6395770771056513,0.6294898450694779,0.674377036219557,2,47090,10105,10100,24,0,67.59973271290461,32,1440,1472,5.0,657922,512,128,True,5,,,,,,,,,,,,,,,,,,,,,,,,,,
sleep_efficiency_binary,lstm,abl_no_ekg,120m,4,False,False,0.625129108412247,0.647586502862531,0.6524009926991964,0.6247048434333888,0.6759812774502213,2,47090,10105,10100,24,0,67.59973271290461,32,1440,1472,5.0,657922,512,128,True,5,,,,,,,,,,,,,,,,,,,,,,,,,,
sleep_efficiency_binary,lstm,abl_no_ekg,120m,5,False,False,0.6170300055269122,0.6448228587436534,0.661450276358748,0.6329777634154223,0.68101821647999,2,47090,10105,10100,24,0,67.59973271290461,32,1440,1472,5.0,657922,512,128,True,5,,,,,,,,,,,,,,,,,,,,,,,,,,
sleep_efficiency_binary,lstm,abl_no_ekg,120m,6,False,False,0.6072640316353201,0.6443922214847811,0.6719162649359705,0.635343080765893,0.6851442298898232,2,47090,10105,10100,24,0,67.59973271290461,32,1440,1472,5.0,657922,512,128,True,5,,,,,,,,,,,,,,,,,,,,,,,,,,
sleep_efficiency_binary,lstm,abl_no_ekg,120m,7,False,False,0.599817903235754,0.6436118386217653,0.6820067847005118,0.6399611200198363,0.6887722828218777,2,47090,10105,10100,24,0,67.59973271290461,32,1440,1472,5.0,657922,512,128,True,5,,,,,,,,,,,,,,,,,,,,,,,,,,
sleep_efficiency_binary,lstm,abl_no_ekg,120m,8,False,False,0.5928811564848514,0.6581303648875527,0.6889085028366639,0.6283818774172962,0.6925223006054545,2,47090,10105,10100,24,0,67.59973271290461,32,1440,1472,5.0,657922,512,128,True,5,,,,,,,,,,,,,,,,,,,,,,,,,,
sleep_efficiency_binary,lstm,abl_no_ekg,120m,9,False,False,0.5860693083191202,0.6441202237250957,0.6959077895791324,0.635063827798068,0.6865753098915304,2,47090,10105,10100,24,0,67.59973271290461,32,1440,1472,5.0,657922,512,128,True,5,,,,,,,,,,,,,,,,,,,,,,,,,,
sleep_efficiency_binary,lstm,abl_no_ekg,120m,10,False,False,0.577564543826131,0.6404968779550692,0.7022314608229789,0.650419387553935,0.6960201777544728,2,47090,10105,10100,24,0,67.59973271290461,32,1440,1472,5.0,657922,512,128,True,5,,,,,,,,,,,,,,,,,,,,,,,,,,
sleep_efficiency_binary,lstm,abl_no_ekg,120m,11,False,False,0.5699390252448111,0.6431089909491947,0.7091466809927145,0.6532591707365653,0.7029853443002112,2,47090,10105,10100,24,0,67.59973271290461,32,1440,1472,5.0,657922,512,128,True,5,,,,,,,,,,,,,,,,,,,,,,,,,,
sleep_efficiency_binary,lstm,abl_no_ekg,120m,12,False,False,0.5598451056154348,0.6663258732633388,0.7184198281787726,0.6316973458773604,0.694564424310048,2,47090,10105,10100,24,0,67.59973271290461,32,1440,1472,5.0,657922,512,128,True,5,,,,,,,,,,,,,,,,,,,,,,,,,,
sleep_efficiency_binary,lstm,abl_no_ekg,120m,13,False,False,0.5516530593405056,0.6411243420494246,0.7230130411184974,0.6489616423488955,0.7036930087170014,2,47090,10105,10100,24,0,67.59973271290461,32,1440,1472,5.0,657922,512,128,True,5,,,,,,,,,,,,,,,,,,,,,,,,,,
sleep_efficiency_binary,lstm,abl_no_ekg,120m,14,True,False,0.5428477080922948,0.643748148483902,0.7289582462694804,0.6553231834838332,0.7080337664396466,2,47090,10105,10100,24,0,67.59973271290461,32,1440,1472,5.0,657922,512,128,True,5,0.7487152261626673,0.7476600661799464,0.740748156253801,0.8259630147043711,0.7430379746835443,0.7522821576763485,,,,0.6603661553686294,0.6553231834838332,0.6524080057423045,0.6288508557457213,0.6817955112219451,,,,0.670990099009901,0.6636138613861386,0.6612456598939047,0.7100350047380977,0.6267326732673267,0.7004950495049505,,,
sleep_efficiency_binary,lstm,abl_no_ekg,120m,15,False,False,0.5340684473881627,0.6925133183473174,0.7360951224450802,0.6154522007938589,0.6868972231198694,2,47090,10105,10100,24,0,67.59973271290461,32,1440,1472,5.0,657922,512,128,True,5,,,,,,,,,,,,,,,,,,,,,,,,,,
sleep_efficiency_binary,lstm,abl_no_ekg,120m,16,False,False,0.5260201495578269,0.6481527101043898,0.7415242720700683,0.6522003873771155,0.7014702241950136,2,47090,10105,10100,24,0,67.59973271290461,32,1440,1472,5.0,657922,512,128,True,5,,,,,,,,,,,,,,,,,,,,,,,,,,
sleep_efficiency_binary,lstm,abl_no_ekg,120m,17,False,False,0.5174100380853676,0.6728721736799897,0.7463295687494244,0.6446521227493613,0.7030303215067466,2,47090,10105,10100,24,0,67.59973271290461,32,1440,1472,5.0,657922,512,128,True,5,,,,,,,,,,,,,,,,,,,,,,,,,,
sleep_efficiency_binary,lstm,abl_no_ekg,120m,18,False,False,0.509831508737786,0.6687180380577029,0.7505397007363224,0.6457769593945049,0.7047051279706195,2,47090,10105,10100,24,0,67.59973271290461,32,1440,1472,5.0,657922,512,128,True,5,,,,,,,,,,,,,,,,,,,,,,,,,,
sleep_efficiency_binary,lstm,abl_no_ekg,120m,19,False,False,0.5020113331759196,0.6659019982266225,0.7571869735729331,0.6434454816503972,0.6953000343477086,2,47090,10105,10100,24,0,67.59973271290461,32,1440,1472,5.0,657922,512,128,True,5,,,,,,,,,,,,,,,,,,,,,,,,,,
sleep_efficiency_binary,lstm,abl_no_ekg,120m,20,False,False,0.4936851490997007,0.6904099099710399,0.7633723988365605,0.6341628609812063,0.6964540970312605,2,47090,10105,10100,24,0,67.59973271290461,32,1440,1472,5.0,657922,512,128,True,5,,,,,,,,,,,,,,,,,,,,,,,,,,
sleep_efficiency_binary,lstm,abl_no_ekg,120m,21,False,False,0.4836641443436453,0.7058498461667646,0.7684046229288317,0.6378700762356537,0.6947426868850692,2,47090,10105,10100,24,0,67.59973271290461,32,1440,1472,5.0,657922,512,128,True,5,,,,,,,,,,,,,,,,,,,,,,,,,,
sleep_efficiency_binary,lstm,abl_no_ekg,120m,22,False,False,0.4766452654199404,0.7000772278418581,0.7732895806548115,0.6491867316224516,0.6998072463503019,2,47090,10105,10100,24,0,67.59973271290461,32,1440,1472,5.0,657922,512,128,True,5,,,,,,,,,,,,,,,,,,,,,,,,,,
sleep_efficiency_binary,lstm,abl_no_ekg,120m,23,False,False,0.4710730786421264,0.7117209013442719,0.7783801803468243,0.6261780349452367,0.6862077894099308,2,47090,10105,10100,24,0,67.59973271290461,32,1440,1472,5.0,657922,512,128,True,5,,,,,,,,,,,,,,,,,,,,,,,,,,
sleep_efficiency_binary,lstm,abl_no_ekg,120m,24,False,False,0.4607454061292999,0.7121680404837918,0.7852032365297471,0.6322225203088447,0.6854538267208913,2,47090,10105,10100,24,0,67.59973271290461,32,1440,1472,5.0,657922,512,128,True,5,,,,,,,,,,,,,,,,,,,,,,,,,,
sleep_efficiency_binary,lstm,abl_no_resp,120m,1,False,False,0.666956004506085,0.6538864749484224,0.5955650053932013,0.6206006987421422,0.6630611937962754,2,47090,10105,10100,25,0,107.86566963195801,32,1440,1472,5.0,657922,512,128,True,5,,,,,,,,,,,,,,,,,,,,,,,,,,
sleep_efficiency_binary,lstm,abl_no_resp,120m,2,False,False,0.6429455323137278,0.6514396322180528,0.6344503482934724,0.6207760956207689,0.6671495466712193,2,47090,10105,10100,25,0,107.86566963195801,32,1440,1472,5.0,657922,512,128,True,5,,,,,,,,,,,,,,,,,,,,,,,,,,
sleep_efficiency_binary,lstm,abl_no_resp,120m,3,False,False,0.6297976897005367,0.6470761692270319,0.6469916441537622,0.6282537340430505,0.6749562930489588,2,47090,10105,10100,25,0,107.86566963195801,32,1440,1472,5.0,657922,512,128,True,5,,,,,,,,,,,,,,,,,,,,,,,,,,
sleep_efficiency_binary,lstm,abl_no_resp,120m,4,False,False,0.6200260418568683,0.6457597182859943,0.6583841824295059,0.6291666920717764,0.6789218071366002,2,47090,10105,10100,25,0,107.86566963195801,32,1440,1472,5.0,657922,512,128,True,5,,,,,,,,,,,,,,,,,,,,,,,,,,
sleep_efficiency_binary,lstm,abl_no_resp,120m,5,False,False,0.6105482488155466,0.6395731732669531,0.6682211513209728,0.6395106366114055,0.6893479829358957,2,47090,10105,10100,25,0,107.86566963195801,32,1440,1472,5.0,657922,512,128,True,5,,,,,,,,,,,,,,,,,,,,,,,,,,
sleep_efficiency_binary,lstm,abl_no_resp,120m,6,False,False,0.6015759922309295,0.6402372696504682,0.6767195253678376,0.6426660528792119,0.6952576179762493,2,47090,10105,10100,25,0,107.86566963195801,32,1440,1472,5.0,657922,512,128,True,5,,,,,,,,,,,,,,,,,,,,,,,,,,
sleep_efficiency_binary,lstm,abl_no_resp,120m,7,False,False,0.5935424484500816,0.6334696218939124,0.6858126168939271,0.6469713044202858,0.7004024779127975,2,47090,10105,10100,25,0,107.86566963195801,32,1440,1472,5.0,657922,512,128,True,5,,,,,,,,,,,,,,,,,,,,,,,,,,
sleep_efficiency_binary,lstm,abl_no_resp,120m,8,False,False,0.5860725370934876,0.6373442801256571,0.6933017163092386,0.6474369292742066,0.6965149676745381,2,47090,10105,10100,25,0,107.86566963195801,32,1440,1472,5.0,657922,512,128,True,5,,,,,,,,,,,,,,,,,,,,,,,,,,
sleep_efficiency_binary,lstm,abl_no_resp,120m,9,False,False,0.5776559921909883,0.6415777464304626,0.7000954657526008,0.6377720125115085,0.6943335223473509,2,47090,10105,10100,25,0,107.86566963195801,32,1440,1472,5.0,657922,512,128,True,5,,,,,,,,,,,,,,,,,,,,,,,,,,
sleep_efficiency_binary,lstm,abl_no_resp,120m,10,False,False,0.570151540527528,0.640073682139971,0.7037191108868067,0.6458971763744672,0.6974795488865448,2,47090,10105,10100,25,0,107.86566963195801,32,1440,1472,5.0,657922,512,128,True,5,,,,,,,,,,,,,,,,,,,,,,,,,,
sleep_efficiency_binary,lstm,abl_no_resp,120m,11,False,False,0.5621839179433716,0.6425648705284528,0.7134066439520405,0.6415963961327326,0.697957124304154,2,47090,10105,10100,25,0,107.86566963195801,32,1440,1472,5.0,657922,512,128,True,5,,,,,,,,,,,,,,,,,,,,,,,,,,
sleep_efficiency_binary,lstm,abl_no_resp,120m,12,False,False,0.5505451572855254,0.647269090073702,0.7242690442425197,0.6447171598306597,0.6976068792972744,2,47090,10105,10100,25,0,107.86566963195801,32,1440,1472,5.0,657922,512,128,True,5,,,,,,,,,,,,,,,,,,,,,,,,,,
sleep_efficiency_binary,lstm,abl_no_resp,120m,13,False,False,0.5405779963619113,0.6527801571300512,0.730374465913217,0.6404608893414385,0.6963373351462419,2,47090,10105,10100,25,0,107.86566963195801,32,1440,1472,5.0,657922,512,128,True,5,,,,,,,,,,,,,,,,,,,,,,,,,,
sleep_efficiency_binary,lstm,abl_no_resp,120m,14,False,False,0.5334838195195444,0.6502832680630956,0.7332367733355866,0.6457734026791213,0.6971101992370337,2,47090,10105,10100,25,0,107.86566963195801,32,1440,1472,5.0,657922,512,128,True,5,,,,,,,,,,,,,,,,,,,,,,,,,,
sleep_efficiency_binary,lstm,abl_no_resp,120m,15,True,False,0.5235594282207987,0.6556488521083754,0.7412660016701036,0.6463359734323524,0.7009707597347301,2,47090,10105,10100,25,0,107.86566963195801,32,1440,1472,5.0,657922,512,128,True,5,0.7604586961138246,0.7668257794260599,0.7551559773493954,0.8459805359479513,0.7947165657677491,0.7389349930843707,,,,0.648688767936665,0.6463359734323524,0.6421201884368609,0.6339853300733497,0.658686616791355,,,,0.6596039603960396,0.6571369636963696,0.6524203152667198,0.7140227673757474,0.6448019801980198,0.6694719471947195,,,
sleep_efficiency_binary,lstm,abl_no_resp,120m,16,False,False,0.5144187808935494,0.6611579166256161,0.7480272377598689,0.6449955998349683,0.6976771803173403,2,47090,10105,10100,25,0,107.86566963195801,32,1440,1472,5.0,657922,512,128,True,5,,,,,,,,,,,,,,,,,,,,,,,,,,
sleep_efficiency_binary,lstm,abl_no_resp,120m,17,False,False,0.5072105998191947,0.6644997164614421,0.7523532265197828,0.6446253965737653,0.6971338971235318,2,47090,10105,10100,25,0,107.86566963195801,32,1440,1472,5.0,657922,512,128,True,5,,,,,,,,,,,,,,,,,,,,,,,,,,
sleep_efficiency_binary,lstm,abl_no_resp,120m,18,False,False,0.4969489951628893,0.6641550997765214,0.7582392282507835,0.6472507606289899,0.6999865048056306,2,47090,10105,10100,25,0,107.86566963195801,32,1440,1472,5.0,657922,512,128,True,5,,,,,,,,,,,,,,,,,,,,,,,,,,
sleep_efficiency_binary,lstm,abl_no_resp,120m,19,False,False,0.4880110466877704,0.6857294837948357,0.7669376683710248,0.6360322705867767,0.6889951161216762,2,47090,10105,10100,25,0,107.86566963195801,32,1440,1472,5.0,657922,512,128,True,5,,,,,,,,,,,,,,,,,,,,,,,,,,
sleep_efficiency_binary,lstm,abl_no_resp,120m,20,False,False,0.4777011301024346,0.6991971611976624,0.7732483894614488,0.6351805896830864,0.6892051452460942,2,47090,10105,10100,25,0,107.86566963195801,32,1440,1472,5.0,657922,512,128,True,5,,,,,,,,,,,,,,,,,,,,,,,,,,
sleep_efficiency_binary,lstm,abl_no_resp,120m,21,False,False,0.4681073209312367,0.6938344046362905,0.7791309466990335,0.6376319795458378,0.6880877268930362,2,47090,10105,10100,25,0,107.86566963195801,32,1440,1472,5.0,657922,512,128,True,5,,,,,,,,,,,,,,,,,,,,,,,,,,
sleep_efficiency_binary,lstm,abl_no_resp,120m,22,False,False,0.4604155074907073,0.7086118946035329,0.7827330685069777,0.6366868078377813,0.6862162035823236,2,47090,10105,10100,25,0,107.86566963195801,32,1440,1472,5.0,657922,512,128,True,5,,,,,,,,,,,,,,,,,,,,,,,,,,
sleep_efficiency_binary,lstm,abl_no_resp,120m,23,False,False,0.4502517560063008,0.7098075661253422,0.7892589372234414,0.6351578267046321,0.6864307040060809,2,47090,10105,10100,25,0,107.86566963195801,32,1440,1472,5.0,657922,512,128,True,5,,,,,,,,,,,,,,,,,,,,,,,,,,
sleep_efficiency_binary,lstm,abl_no_resp,120m,24,False,False,0.44193704512297,0.7193072464960392,0.7953545772940516,0.634342119436535,0.6837172350297849,2,47090,10105,10100,25,0,107.86566963195801,32,1440,1472,5.0,657922,512,128,True,5,,,,,,,,,,,,,,,,,,,,,,,,,,
sleep_efficiency_binary,lstm,abl_no_resp,120m,25,False,False,0.4343590339535385,0.7376771518465671,0.7991339287549355,0.634144366061212,0.6838194855160387,2,47090,10105,10100,25,0,107.86566963195801,32,1440,1472,5.0,657922,512,128,True,5,,,,,,,,,,,,,,,,,,,,,,,,,,
