task,head,run_tag,context_length,epoch,is_best_epoch,is_overfit_epoch,train_loss,val_loss,train_bal_acc,val_bal_acc,val_auroc,num_classes,n_train,n_val,n_test,n_epochs_run,n_overfit_epochs,training_time_min,batch_size,seq_len,steps_per_epoch,windows_per_subject_train,n_trainable_params,input_dim,hidden_dim,save_snapshots,snapshot_interval,train_accuracy,train_balanced_accuracy,train_macro_f1,train_auroc,train_recall_class0,train_recall_class1,train_recall_class2,train_recall_class3,train_recall_class4,val_accuracy,val_balanced_accuracy,val_macro_f1,val_recall_class0,val_recall_class1,val_recall_class2,val_recall_class3,val_recall_class4,test_accuracy,test_balanced_accuracy,test_macro_f1,test_auroc,test_recall_class0,test_recall_class1,test_recall_class2,test_recall_class3,test_recall_class4
age_class,lstm,,30s,1,False,False,0.6925010428681643,0.7190911451034997,0.6648516048880208,0.6323467285451823,0.855109316736415,3,43350,9295,9305,13,,374.7947148601214,32,,,,2149123,,,,,,,,,,,,,,,,,,,,,,,,,,,,,,
age_class,lstm,,30s,2,False,False,0.6815105445423478,0.7000773313931716,0.6711424617584774,0.6376499461040961,0.8620553444469566,3,43350,9295,9305,13,,374.7947148601214,32,,,,2149123,,,,,,,,,,,,,,,,,,,,,,,,,,,,,,
age_class,lstm,,30s,3,False,False,0.6655465569545653,0.7079313862189097,0.6781167529716554,0.6327442749983185,0.8657022479980442,3,43350,9295,9305,13,,374.7947148601214,32,,,,2149123,,,,,,,,,,,,,,,,,,,,,,,,,,,,,,
age_class,lstm,,30s,4,False,False,0.6470097987627076,0.7563362212511979,0.692081202412913,0.6143379388223966,0.8632441472033884,3,43350,9295,9305,13,,374.7947148601214,32,,,,2149123,,,,,,,,,,,,,,,,,,,,,,,,,,,,,,
age_class,lstm,,30s,5,False,False,0.6326924260264862,0.6898287598454484,0.7010378669938939,0.6538747703450399,0.8622549969493637,3,43350,9295,9305,13,,374.7947148601214,32,,,,2149123,,,,,,,,,,,,,,,,,,,,,,,,,,,,,,
age_class,lstm,,30s,6,False,False,0.614462698168683,0.698802187572313,0.7089758790761386,0.640579608852026,0.8696966379499095,3,43350,9295,9305,13,,374.7947148601214,32,,,,2149123,,,,,,,,,,,,,,,,,,,,,,,,,,,,,,
age_class,lstm,,30s,7,False,False,0.5985349209553368,0.7090123478285146,0.7198181575541701,0.6374962321541724,0.8664497769932257,3,43350,9295,9305,13,,374.7947148601214,32,,,,2149123,,,,,,,,,,,,,,,,,,,,,,,,,,,,,,
age_class,lstm,,30s,8,True,False,0.5892694278351851,0.6989090745201542,0.7229966139181901,0.6518951025526657,0.8702520851197318,3,43350,9295,9305,13,,374.7947148601214,32,,,,2149123,,,,,0.7829988465974626,0.7572030541262696,0.7415164711386294,0.9193849394326059,0.7409905163329821,0.692487731219328,0.8381309148264984,,,0.7169445938676708,0.6518951025526657,0.6459460451643092,0.5476439790575917,0.5979310344827586,0.810110294117647,,,0.7181085437936593,0.6513155813859554,0.6423225874105313,0.8659185904224866,0.5459183673469388,0.6055350553505535,0.802493321460374,,
age_class,lstm,,30s,9,False,False,0.5694021249284932,0.7474760001291826,0.7343378589625055,0.6301366646134894,0.8686101218098724,3,43350,9295,9305,13,,374.7947148601214,32,,,,2149123,,,,,,,,,,,,,,,,,,,,,,,,,,,,,,
age_class,lstm,,30s,10,False,False,0.5538635088539453,0.697162408518368,0.7484527748416642,0.657390699283866,0.8663094559094006,3,43350,9295,9305,13,,374.7947148601214,32,,,,2149123,,,,,,,,,,,,,,,,,,,,,,,,,,,,,,
age_class,lstm,,30s,11,False,False,0.544852799541535,0.7318567325954735,0.7544847451523923,0.6419270263620884,0.8689107439503659,3,43350,9295,9305,13,,374.7947148601214,32,,,,2149123,,,,,,,,,,,,,,,,,,,,,,,,,,,,,,
age_class,lstm,,30s,12,False,False,0.5221583212205696,0.7392002357726074,0.766065201578903,0.6430696637745187,0.8697178416559455,3,43350,9295,9305,13,,374.7947148601214,32,,,,2149123,,,,,,,,,,,,,,,,,,,,,,,,,,,,,,
age_class,lstm,,30s,13,False,False,0.5076021475191073,0.7360705257359854,0.7744266327568967,0.6512546815982215,0.8674911816442394,3,43350,9295,9305,13,,374.7947148601214,32,,,,2149123,,,,,,,,,,,,,,,,,,,,,,,,,,,,,,
age_class,lstm,,10m,1,False,False,0.5883140752444768,0.653592052807277,0.7324724605039054,0.7006612978735456,0.8880893894904615,3,43350,9295,9305,15,,47.10280215740204,32,,,,2149123,,,,,,,,,,,,,,,,,,,,,,,,,,,,,,
age_class,lstm,,10m,2,False,False,0.5634219604916226,0.7084040532258328,0.745850906105393,0.6514758672019088,0.8895422305377766,3,43350,9295,9305,15,,47.10280215740204,32,,,,2149123,,,,,,,,,,,,,,,,,,,,,,,,,,,,,,
age_class,lstm,,10m,3,False,False,0.5517220577896672,0.6794821194514848,0.7506167074895385,0.6785802323276305,0.8900111592400833,3,43350,9295,9305,15,,47.10280215740204,32,,,,2149123,,,,,,,,,,,,,,,,,,,,,,,,,,,,,,
age_class,lstm,,10m,4,False,False,0.5383823510918513,0.6636135303377785,0.7563579968784891,0.6758625866847913,0.8902854023204383,3,43350,9295,9305,15,,47.10280215740204,32,,,,2149123,,,,,,,,,,,,,,,,,,,,,,,,,,,,,,
age_class,lstm,,10m,5,False,False,0.5286035894646364,0.7061282452875213,0.7668077647285575,0.7057455533666798,0.8705725124856651,3,43350,9295,9305,15,,47.10280215740204,32,,,,2149123,,,,,,,,,,,,,,,,,,,,,,,,,,,,,,
age_class,lstm,,10m,6,False,False,0.5062806809904116,0.6538186688010189,0.7755499341440822,0.6974123262321719,0.892201988278718,3,43350,9295,9305,15,,47.10280215740204,32,,,,2149123,,,,,,,,,,,,,,,,,,,,,,,,,,,,,,
age_class,lstm,,10m,7,False,False,0.4975119496656812,0.6527494321656907,0.786288539721085,0.7159079623454364,0.8898069650168173,3,43350,9295,9305,15,,47.10280215740204,32,,,,2149123,,,,,,,,,,,,,,,,,,,,,,,,,,,,,,
age_class,lstm,,10m,8,False,False,0.4800853221047983,0.7310251939546811,0.7925184383042545,0.6598869690501222,0.8933951023414779,3,43350,9295,9305,15,,47.10280215740204,32,,,,2149123,,,,,,,,,,,,,,,,,,,,,,,,,,,,,,
age_class,lstm,,10m,9,True,False,0.4588557866693505,0.6910709963619485,0.803034286235782,0.6929507918892416,0.8981912106757554,3,43350,9295,9305,15,,47.10280215740204,32,,,,2149123,,,,,0.8426066897347174,0.8227020408371134,0.8170984475384713,0.95388452224601,0.8059009483667018,0.7800679501698754,0.8821372239747634,,,0.7568585260892953,0.6929507918892416,0.6938245541601695,0.574869109947644,0.6675862068965517,0.8363970588235294,,,0.754110693175712,0.6960934798618709,0.6918454637180398,0.898834224842988,0.6081632653061224,0.6505535055350553,0.8295636687444345,,
age_class,lstm,,10m,10,False,False,0.4430050209532422,0.7512716252294646,0.8130717412213432,0.6698767717504044,0.8928056273311556,3,43350,9295,9305,15,,47.10280215740204,32,,,,2149123,,,,,,,,,,,,,,,,,,,,,,,,,,,,,,
age_class,lstm,,10m,11,False,False,0.4293478379805058,0.695022124125792,0.8182601660935888,0.7025543273366397,0.8900142646224617,3,43350,9295,9305,15,,47.10280215740204,32,,,,2149123,,,,,,,,,,,,,,,,,,,,,,,,,,,,,,
age_class,lstm,,10m,12,False,False,0.4088237434776871,0.71777908740472,0.8317112167620931,0.6988630397997798,0.8917654112285045,3,43350,9295,9305,15,,47.10280215740204,32,,,,2149123,,,,,,,,,,,,,,,,,,,,,,,,,,,,,,
age_class,lstm,,10m,13,False,False,0.3952431363410466,0.7004460878305502,0.8393481281372854,0.7083509711882586,0.8891759045732129,3,43350,9295,9305,15,,47.10280215740204,32,,,,2149123,,,,,,,,,,,,,,,,,,,,,,,,,,,,,,
age_class,lstm,,10m,14,False,False,0.3795392473071229,0.7268148914340237,0.8450598260519485,0.7041376124380064,0.8894754480327998,3,43350,9295,9305,15,,47.10280215740204,32,,,,2149123,,,,,,,,,,,,,,,,,,,,,,,,,,,,,,
age_class,lstm,,10m,15,False,False,0.3667584083749211,0.7420885978429916,0.853902877938039,0.7073159087610491,0.8859137981810794,3,43350,9295,9305,15,,47.10280215740204,32,,,,2149123,,,,,,,,,,,,,,,,,,,,,,,,,,,,,,
age_class,lstm,,40m,1,False,False,0.538684988178444,0.5621545182290523,0.7265816791168226,0.7226931269890157,0.902352909647271,3,43350,9295,9305,12,,843.5414348483085,8,,,,2149123,,,,,,,,,,,,,,,,,,,,,,,,,,,,,,
age_class,lstm,,40m,2,False,False,0.5108411802736894,0.6594303064677521,0.7490676581839701,0.6097567051283413,0.8998613595848091,3,43350,9295,9305,12,,843.5414348483085,8,,,,2149123,,,,,,,,,,,,,,,,,,,,,,,,,,,,,,
age_class,lstm,,40m,3,False,False,0.4983188190378921,0.5999692911665933,0.758118121208088,0.7344730392156863,0.8995700520493455,3,43350,9295,9305,12,,843.5414348483085,8,,,,2149123,,,,,,,,,,,,,,,,,,,,,,,,,,,,,,
age_class,lstm,,40m,4,False,False,0.4755129350980662,0.5723902206463141,0.7673711303711009,0.685504716555335,0.9064080470403176,3,43350,9295,9305,12,,843.5414348483085,8,,,,2149123,,,,,,,,,,,,,,,,,,,,,,,,,,,,,,
age_class,lstm,,40m,5,False,False,0.4645586014249455,0.5519417653413367,0.7792948639018515,0.7032682577905689,0.9099560072649144,3,43350,9295,9305,12,,843.5414348483085,8,,,,2149123,,,,,,,,,,,,,,,,,,,,,,,,,,,,,,
age_class,lstm,,40m,6,False,False,0.4488417987352679,0.5680089920874426,0.7870390927916381,0.7113136684083274,0.9089815615517584,3,43350,9295,9305,12,,843.5414348483085,8,,,,2149123,,,,,,,,,,,,,,,,,,,,,,,,,,,,,,
age_class,lstm,,40m,7,True,False,0.4447134488189406,0.5548581507084005,0.789873450808185,0.7372690264045679,0.911450270731172,3,43350,9295,9305,12,,843.5414348483085,8,,,,2149123,,,,,0.8466205305651673,0.839983885281463,0.8170327659405459,0.9560406998248775,0.8503688092729189,0.7985654964137411,0.8710173501577287,,,0.7715976331360946,0.7372690264045679,0.7204446666472754,0.6858638743455497,0.7024137931034483,0.8235294117647058,,,0.7763567974207415,0.7363276120449068,0.713499522862684,0.9137398889434948,0.6877551020408164,0.6856088560885609,0.8356188780053428,,
age_class,lstm,,40m,8,False,False,0.4285140383321547,0.5572578016777772,0.8015019406648579,0.7099176494482972,0.909174257297144,3,43350,9295,9305,12,,843.5414348483085,8,,,,2149123,,,,,,,,,,,,,,,,,,,,,,,,,,,,,,
age_class,lstm,,40m,9,False,False,0.4068216530473488,0.572186628182335,0.81350303645427,0.7119946595265656,0.910200535784191,3,43350,9295,9305,12,,843.5414348483085,8,,,,2149123,,,,,,,,,,,,,,,,,,,,,,,,,,,,,,
age_class,lstm,,40m,10,False,False,0.3923335933099547,0.6082300364558353,0.820971747872938,0.7001474991061599,0.9112894943223748,3,43350,9295,9305,12,,843.5414348483085,8,,,,2149123,,,,,,,,,,,,,,,,,,,,,,,,,,,,,,
age_class,lstm,,40m,11,False,False,0.3796768558919515,0.5847168359415522,0.8270423038213606,0.7170068989411978,0.9100083869198764,3,43350,9295,9305,12,,843.5414348483085,8,,,,2149123,,,,,,,,,,,,,,,,,,,,,,,,,,,,,,
age_class,lstm,,40m,12,False,False,0.3610799045454508,0.6166915436235726,0.8392628481117255,0.7356667649005803,0.9101056218442444,3,43350,9295,9305,12,,843.5414348483085,8,,,,2149123,,,,,,,,,,,,,,,,,,,,,,,,,,,,,,
age_class,lstm,,80m,1,False,False,0.5101149979079053,0.5440772564891969,0.7259111534906898,0.6635866440817164,0.9042484404221308,3,43350,9295,9305,16,,270.3015035033226,4,,,,2149123,,,,,,,,,,,,,,,,,,,,,,,,,,,,,,
age_class,lstm,,80m,2,False,False,0.4836643154624376,0.561956072032613,0.7466947245578797,0.7363424460775464,0.902883168856004,3,43350,9295,9305,16,,270.3015035033226,4,,,,2149123,,,,,,,,,,,,,,,,,,,,,,,,,,,,,,
age_class,lstm,,80m,3,False,False,0.4666747466830758,0.5182793732650625,0.7565379884978837,0.7078930175157262,0.9110641541845634,3,43350,9295,9305,16,,270.3015035033226,4,,,,2149123,,,,,,,,,,,,,,,,,,,,,,,,,,,,,,
age_class,lstm,,80m,4,False,False,0.4432579030390067,0.5077771572936467,0.77270896144619,0.7397837017547587,0.9192839831666564,3,43350,9295,9305,16,,270.3015035033226,4,,,,2149123,,,,,,,,,,,,,,,,,,,,,,,,,,,,,,
age_class,lstm,,80m,5,False,False,0.4284852640020874,0.5696328155163349,0.7827295762946757,0.7545271453047729,0.908781870654968,3,43350,9295,9305,16,,270.3015035033226,4,,,,2149123,,,,,,,,,,,,,,,,,,,,,,,,,,,,,,
age_class,lstm,,80m,6,False,False,0.4195507088750831,0.5199896917233294,0.7910809815750345,0.7248524809815603,0.9203333880928284,3,43350,9295,9305,16,,270.3015035033226,4,,,,2149123,,,,,,,,,,,,,,,,,,,,,,,,,,,,,,
age_class,lstm,,80m,7,False,False,0.4082115833371482,0.5391897412328598,0.7953809728917501,0.7468461780812704,0.9156816990846224,3,43350,9295,9305,16,,270.3015035033226,4,,,,2149123,,,,,,,,,,,,,,,,,,,,,,,,,,,,,,
age_class,lstm,,80m,8,False,False,0.3956079467264919,0.5577548376518998,0.8054966588544463,0.6939827435758561,0.9190844182597396,3,43350,9295,9305,16,,270.3015035033226,4,,,,2149123,,,,,,,,,,,,,,,,,,,,,,,,,,,,,,
age_class,lstm,,80m,9,False,False,0.3772801434627915,0.5427249398726756,0.8164953725427111,0.750664163029357,0.9211087036793096,3,43350,9295,9305,16,,270.3015035033226,4,,,,2149123,,,,,,,,,,,,,,,,,,,,,,,,,,,,,,
age_class,lstm,,80m,10,False,False,0.3678393439744892,0.5669456471201341,0.8252296543966748,0.7457716583654584,0.915427123951604,3,43350,9295,9305,16,,270.3015035033226,4,,,,2149123,,,,,,,,,,,,,,,,,,,,,,,,,,,,,,
age_class,lstm,,80m,11,True,False,0.3536250365223529,0.5295165863053171,0.8351089177083594,0.7339879384684004,0.9212038877798513,3,43350,9295,9305,16,,270.3015035033226,4,,,,2149123,,,,,0.8857439446366782,0.8694087552774498,0.863579476378432,0.9713256267216663,0.8417281348788198,0.8580596451491129,0.9084384858044164,,,0.7880580957504034,0.7339879384684004,0.732235799827157,0.631413612565445,0.7172413793103448,0.8533088235294117,,,0.799677592692101,0.7457614623759228,0.7365251196282939,0.9270412642122167,0.6551020408163265,0.7177121771217713,0.8644701691896706,,
age_class,lstm,,80m,12,False,False,0.3357638157340816,0.5839796340671398,0.8444703752116877,0.7340612953070739,0.9203990944958536,3,43350,9295,9305,16,,270.3015035033226,4,,,,2149123,,,,,,,,,,,,,,,,,,,,,,,,,,,,,,
age_class,lstm,,80m,13,False,False,0.3160486145588438,0.612512333815213,0.8558582334131044,0.6972784161507173,0.9191079346956296,3,43350,9295,9305,16,,270.3015035033226,4,,,,2149123,,,,,,,,,,,,,,,,,,,,,,,,,,,,,,
age_class,lstm,,80m,14,False,False,0.3076006466645163,0.6061427428731279,0.8626098955508693,0.7311780945452743,0.9193718601377976,3,43350,9295,9305,16,,270.3015035033226,4,,,,2149123,,,,,,,,,,,,,,,,,,,,,,,,,,,,,,
age_class,lstm,,80m,15,False,False,0.2937489532975634,0.6090239709056062,0.87209394531961,0.7386118508154299,0.9195600564277938,3,43350,9295,9305,16,,270.3015035033226,4,,,,2149123,,,,,,,,,,,,,,,,,,,,,,,,,,,,,,
age_class,lstm,,80m,16,False,False,0.2794718596348423,0.6382406105923367,0.8798857116383227,0.7185602603110208,0.9184868105805756,3,43350,9295,9305,16,,270.3015035033226,4,,,,2149123,,,,,,,,,,,,,,,,,,,,,,,,,,,,,,
age_class,lstm,,120m,1,False,False,0.4967623209847604,0.5313118675847915,0.707081967986721,0.7233678767137836,0.9059266927561324,3,43350,9295,9305,17,,403.4641258120537,2,,,,2149123,,,,,,,,,,,,,,,,,,,,,,,,,,,,,,
age_class,lstm,,120m,2,False,False,0.4629210722496576,0.4869184528567729,0.7351609525065594,0.7299357120985243,0.9151399089153288,3,43350,9295,9305,17,,403.4641258120537,2,,,,2149123,,,,,,,,,,,,,,,,,,,,,,,,,,,,,,
age_class,lstm,,120m,3,False,False,0.4420645782736866,0.5012852440641092,0.7547711618773437,0.7661776321378886,0.9212996353122368,3,43350,9295,9305,17,,403.4641258120537,2,,,,2149123,,,,,,,,,,,,,,,,,,,,,,,,,,,,,,
age_class,lstm,,120m,4,False,False,0.4267881764710347,0.497946321504007,0.7720759957049858,0.7519176366159391,0.9210100836805284,3,43350,9295,9305,17,,403.4641258120537,2,,,,2149123,,,,,,,,,,,,,,,,,,,,,,,,,,,,,,
age_class,lstm,,120m,5,False,False,0.4161825406393045,0.5037829073752548,0.7800790387704444,0.7608714874738486,0.9229779539395316,3,43350,9295,9305,17,,403.4641258120537,2,,,,2149123,,,,,,,,,,,,,,,,,,,,,,,,,,,,,,
age_class,lstm,,120m,6,False,False,0.4081714111148999,0.520704446505102,0.7844511908685364,0.6388024555823413,0.9171681658561656,3,43350,9295,9305,17,,403.4641258120537,2,,,,2149123,,,,,,,,,,,,,,,,,,,,,,,,,,,,,,
age_class,lstm,,120m,7,False,False,0.3901032922379832,0.5127692083111248,0.7997531993241478,0.6827082669590675,0.922123714750121,3,43350,9295,9305,17,,403.4641258120537,2,,,,2149123,,,,,,,,,,,,,,,,,,,,,,,,,,,,,,
age_class,lstm,,120m,8,False,False,0.3764463696945178,0.5020268908942745,0.8094483172413747,0.7238293128228003,0.9215797013663174,3,43350,9295,9305,17,,403.4641258120537,2,,,,2149123,,,,,,,,,,,,,,,,,,,,,,,,,,,,,,
age_class,lstm,,120m,9,False,False,0.3659318937670335,0.5250258291968695,0.8186686545189857,0.7049828665894955,0.9224162371081251,3,43350,9295,9305,17,,403.4641258120537,2,,,,2149123,,,,,,,,,,,,,,,,,,,,,,,,,,,,,,
age_class,lstm,,120m,10,False,False,0.3501150827332288,0.5410097853024478,0.8305355423469899,0.6773247077762319,0.9231692846114538,3,43350,9295,9305,17,,403.4641258120537,2,,,,2149123,,,,,,,,,,,,,,,,,,,,,,,,,,,,,,
age_class,lstm,,120m,11,True,False,0.3344351356511634,0.5876896609464783,0.8380923257902458,0.7104471634293725,0.9235390999169484,3,43350,9295,9305,17,,403.4641258120537,2,,,,2149123,,,,,0.8896424452133794,0.8487158818195631,0.8609088664201394,0.9717158129943244,0.7532139093782929,0.8647791619479048,0.9281545741324921,,,0.7965572888649812,0.7104471634293725,0.7262304386545592,0.5277486910994764,0.7179310344827586,0.8856617647058823,,,0.8176249328318108,0.7392406279542832,0.751956155691475,0.9318228368609711,0.5826530612244898,0.7380073800738007,0.8970614425645592,,
age_class,lstm,,120m,12,False,False,0.3266636882751361,0.6045775632341299,0.846200543945498,0.6814686456817788,0.9198177588756276,3,43350,9295,9305,17,,403.4641258120537,2,,,,2149123,,,,,,,,,,,,,,,,,,,,,,,,,,,,,,
age_class,lstm,,120m,13,False,False,0.3117965808181652,0.6069105989179103,0.8526074582190768,0.7317323771899084,0.9231997900037592,3,43350,9295,9305,17,,403.4641258120537,2,,,,2149123,,,,,,,,,,,,,,,,,,,,,,,,,,,,,,
age_class,lstm,,120m,14,False,False,0.2984825336814934,0.6070903598490415,0.8673256004808235,0.7142433422186351,0.9229934052988366,3,43350,9295,9305,17,,403.4641258120537,2,,,,2149123,,,,,,,,,,,,,,,,,,,,,,,,,,,,,,
age_class,lstm,,120m,15,False,False,0.2830820346318193,0.6440132224737745,0.8758905988343257,0.7043430341535423,0.9209893457857806,3,43350,9295,9305,17,,403.4641258120537,2,,,,2149123,,,,,,,,,,,,,,,,,,,,,,,,,,,,,,
age_class,lstm,,120m,16,False,False,0.2729840413196938,0.6518062169399967,0.8802833753899338,0.7082912785984586,0.9213863056125524,3,43350,9295,9305,17,,403.4641258120537,2,,,,2149123,,,,,,,,,,,,,,,,,,,,,,,,,,,,,,
age_class,lstm,,120m,17,False,False,0.2644944719338411,0.6419466996300442,0.8823687910171203,0.7385874626976626,0.9224673039969784,3,43350,9295,9305,17,,403.4641258120537,2,,,,2149123,,,,,,,,,,,,,,,,,,,,,,,,,,,,,,
age_class,transformer,,30s,1,False,False,0.7028856626087682,0.9067339477903296,0.6630798282364285,0.5445105937753328,0.8505219036327278,3,43350,9295,9305,11,,305.5966646750768,32,,,,837891,,,,,,,,,,,,,,,,,,,,,,,,,,,,,,
age_class,transformer,,30s,2,False,False,0.694427848032739,0.7781251850020443,0.6684169419752729,0.6088061128043925,0.8501818949598076,3,43350,9295,9305,11,,305.5966646750768,32,,,,837891,,,,,,,,,,,,,,,,,,,,,,,,,,,,,,
age_class,transformer,,30s,3,False,False,0.687882885703991,0.7026731173282929,0.6719764848819588,0.6347644310928922,0.8606245171754878,3,43350,9295,9305,11,,305.5966646750768,32,,,,837891,,,,,,,,,,,,,,,,,,,,,,,,,,,,,,
age_class,transformer,,30s,4,False,False,0.6746204334091838,0.7085510311555068,0.6826297501011548,0.6520672751859364,0.8597031021181841,3,43350,9295,9305,11,,305.5966646750768,32,,,,837891,,,,,,,,,,,,,,,,,,,,,,,,,,,,,,
age_class,transformer,,30s,5,False,False,0.663132119101774,0.7162071227001335,0.6909675393570404,0.653332793489304,0.8533391952551567,3,43350,9295,9305,11,,305.5966646750768,32,,,,837891,,,,,,,,,,,,,,,,,,,,,,,,,,,,,,
age_class,transformer,,30s,6,True,False,0.6447750628778266,0.7221157293476168,0.698813611667501,0.6343781594150568,0.8665757460011957,3,43350,9295,9305,11,,305.5966646750768,32,,,,837891,,,,,0.7552479815455594,0.7141088225104631,0.6991125518434785,0.9018378870114555,0.694836670179136,0.5996979992449981,0.8477917981072555,,,0.7082302313071543,0.6343781594150568,0.6292144245761232,0.5507853403141362,0.5117241379310344,0.840625,,,0.7111230521225148,0.6248728875152891,0.6202732657150769,0.8583620007508118,0.5214285714285715,0.5136531365313654,0.8395369545859306,,
age_class,transformer,,30s,7,False,False,0.6350154315834089,0.7263637100258715,0.7047486867324716,0.6441498518526385,0.8636835887402231,3,43350,9295,9305,11,,305.5966646750768,32,,,,837891,,,,,,,,,,,,,,,,,,,,,,,,,,,,,,
age_class,transformer,,30s,8,False,False,0.6268875100909632,0.7483002016081356,0.708394070369268,0.6228353471285607,0.8649577541577527,3,43350,9295,9305,11,,305.5966646750768,32,,,,837891,,,,,,,,,,,,,,,,,,,,,,,,,,,,,,
age_class,transformer,,30s,9,False,False,0.612256948851659,0.7185366196616995,0.716943170566621,0.6398260507488788,0.8654673067609489,3,43350,9295,9305,11,,305.5966646750768,32,,,,837891,,,,,,,,,,,,,,,,,,,,,,,,,,,,,,
age_class,transformer,,30s,10,False,False,0.5961105071604595,0.757189345917694,0.7307653730451666,0.6404796514200553,0.8654845373311724,3,43350,9295,9305,11,,305.5966646750768,32,,,,837891,,,,,,,,,,,,,,,,,,,,,,,,,,,,,,
age_class,transformer,,30s,11,False,False,0.5924516718637847,0.7302602512147749,0.7312066792377591,0.657853677488327,0.8655166122682619,3,43350,9295,9305,11,,305.5966646750768,32,,,,837891,,,,,,,,,,,,,,,,,,,,,,,,,,,,,,
age_class,transformer,,10m,1,False,False,0.617051707205063,0.6388918807392417,0.7149698196748272,0.6749914222323702,0.8881373096410803,3,43350,9295,9305,18,,140.35772754748663,32,,,,837891,,,,,,,,,,,,,,,,,,,,,,,,,,,,,,
age_class,transformer,,10m,2,False,False,0.5942440392704296,0.6427011863912159,0.72350871029033,0.6876387664652429,0.8835259263559218,3,43350,9295,9305,18,,140.35772754748663,32,,,,837891,,,,,,,,,,,,,,,,,,,,,,,,,,,,,,
age_class,transformer,,10m,3,False,False,0.5875721781469684,0.6236534128271167,0.7301756037600242,0.7059630242239522,0.8902708033681384,3,43350,9295,9305,18,,140.35772754748663,32,,,,837891,,,,,,,,,,,,,,,,,,,,,,,,,,,,,,
age_class,transformer,,10m,4,False,False,0.5746397875013923,0.618296766422204,0.7356993375140967,0.7066398182761099,0.8956441412442464,3,43350,9295,9305,18,,140.35772754748663,32,,,,837891,,,,,,,,,,,,,,,,,,,,,,,,,,,,,,
age_class,transformer,,10m,5,False,False,0.5630914463991388,0.6430092279727643,0.7472855954202307,0.6884921204896474,0.8899825930307617,3,43350,9295,9305,18,,140.35772754748663,32,,,,837891,,,,,,,,,,,,,,,,,,,,,,,,,,,,,,
age_class,transformer,,10m,6,False,False,0.557031834508446,0.6399444652283429,0.7487017345011372,0.7068917395898602,0.8844858788202795,3,43350,9295,9305,18,,140.35772754748663,32,,,,837891,,,,,,,,,,,,,,,,,,,,,,,,,,,,,,
age_class,transformer,,10m,7,False,False,0.5384579080583864,0.6472723862251458,0.7585411533126556,0.692374970795323,0.8967157074652432,3,43350,9295,9305,18,,140.35772754748663,32,,,,837891,,,,,,,,,,,,,,,,,,,,,,,,,,,,,,
age_class,transformer,,10m,8,False,False,0.5263013327676876,0.6488953810407629,0.7674342774290621,0.7108099563168832,0.8965921429006937,3,43350,9295,9305,18,,140.35772754748663,32,,,,837891,,,,,,,,,,,,,,,,,,,,,,,,,,,,,,
age_class,transformer,,10m,9,False,False,0.5164642532178413,0.6421535554273338,0.7715829977960057,0.717298801900251,0.8873428567352981,3,43350,9295,9305,18,,140.35772754748663,32,,,,837891,,,,,,,,,,,,,,,,,,,,,,,,,,,,,,
age_class,transformer,,10m,10,False,False,0.5049459176038789,0.6758691938927637,0.7778198250349911,0.6845898866858532,0.8967052149541623,3,43350,9295,9305,18,,140.35772754748663,32,,,,837891,,,,,,,,,,,,,,,,,,,,,,,,,,,,,,
age_class,transformer,,10m,11,False,False,0.4914399005804369,0.6566960388899747,0.7805591534311062,0.7039320513365123,0.8975630675362564,3,43350,9295,9305,18,,140.35772754748663,32,,,,837891,,,,,,,,,,,,,,,,,,,,,,,,,,,,,,
age_class,transformer,,10m,12,False,False,0.476662319875231,0.6974651517760311,0.791034680714039,0.6885731147938504,0.8983567725825261,3,43350,9295,9305,18,,140.35772754748663,32,,,,837891,,,,,,,,,,,,,,,,,,,,,,,,,,,,,,
age_class,transformer,,10m,13,False,False,0.468012976752983,0.6518823834950722,0.7947609443522792,0.7059893460453327,0.8985157311362078,3,43350,9295,9305,18,,140.35772754748663,32,,,,837891,,,,,,,,,,,,,,,,,,,,,,,,,,,,,,
age_class,transformer,,10m,14,False,False,0.4545529315380902,0.6795441695988467,0.8017460739955599,0.6946435148802254,0.8984897781452542,3,43350,9295,9305,18,,140.35772754748663,32,,,,837891,,,,,,,,,,,,,,,,,,,,,,,,,,,,,,
age_class,transformer,,10m,15,False,False,0.4488388778154137,0.6456189434524503,0.8081573732193433,0.7272817569887676,0.8971161636868302,3,43350,9295,9305,18,,140.35772754748663,32,,,,837891,,,,,,,,,,,,,,,,,,,,,,,,,,,,,,
age_class,transformer,,10m,16,False,False,0.439828754975584,0.6691699977585421,0.8143270902478067,0.7061229485926885,0.8987368106878213,3,43350,9295,9305,18,,140.35772754748663,32,,,,837891,,,,,,,,,,,,,,,,,,,,,,,,,,,,,,
age_class,transformer,,10m,17,True,False,0.4356865231141087,0.6717569030184076,0.814687898844698,0.7061781741943934,0.8990223512237568,3,43350,9295,9305,18,,140.35772754748663,32,,,,837891,,,,,0.8327566320645905,0.8163834246497416,0.8066132348065532,0.9487317509181309,0.7854583772391992,0.8104190260475651,0.8532728706624606,,,0.7569661108122646,0.7061781741943934,0.701135823836447,0.5989528795811518,0.7096551724137931,0.8099264705882353,,,0.7554003224073079,0.7001407985984561,0.6904849511280441,0.8999843087957302,0.5918367346938775,0.6959409594095941,0.8126447016918967,,
age_class,transformer,,10m,18,False,False,0.4314601080825997,0.6616745405263834,0.8151148929358599,0.7148310177564436,0.8984980265451444,3,43350,9295,9305,18,,140.35772754748663,32,,,,837891,,,,,,,,,,,,,,,,,,,,,,,,,,,,,,
age_class,transformer,,40m,1,False,False,0.5498154798174608,0.6054501276398143,0.7158849985848885,0.7290804464952618,0.8936999248610303,3,43350,9295,9305,18,,2.7815500895182292e-08,8,,,,837891,,,,,,,,,,,,,,,,,,,,,,,,,,,,,,
age_class,transformer,,40m,2,False,False,0.5333100124184099,0.5657112735111193,0.716904579255949,0.7255654777708158,0.9017980679829322,3,43350,9295,9305,18,,2.7815500895182292e-08,8,,,,837891,,,,,,,,,,,,,,,,,,,,,,,,,,,,,,
age_class,transformer,,40m,3,False,False,0.5176280559500037,0.6250110802210235,0.7398963115429872,0.6362822136437171,0.9012262245612824,3,43350,9295,9305,18,,2.7815500895182292e-08,8,,,,837891,,,,,,,,,,,,,,,,,,,,,,,,,,,,,,
age_class,transformer,,40m,4,False,False,0.5024246968313323,0.5681932909736052,0.7407054091247014,0.6764554615400953,0.9094316670929364,3,43350,9295,9305,18,,2.7815500895182292e-08,8,,,,837891,,,,,,,,,,,,,,,,,,,,,,,,,,,,,,
age_class,transformer,,40m,5,False,False,0.4936336131251035,0.5761605367800666,0.7538707647964813,0.7366530024177932,0.9026656792408638,3,43350,9295,9305,18,,2.7815500895182292e-08,8,,,,837891,,,,,,,,,,,,,,,,,,,,,,,,,,,,,,
age_class,transformer,,40m,6,False,False,0.4777685168331534,0.570359312310402,0.7568343907769727,0.7221502430183122,0.9071518411750292,3,43350,9295,9305,18,,2.7815500895182292e-08,8,,,,837891,,,,,,,,,,,,,,,,,,,,,,,,,,,,,,
age_class,transformer,,40m,7,False,False,0.4680757091280064,0.5553519026576511,0.768378054995286,0.7019034612852182,0.9108572289060812,3,43350,9295,9305,18,,2.7815500895182292e-08,8,,,,837891,,,,,,,,,,,,,,,,,,,,,,,,,,,,,,
age_class,transformer,,40m,8,False,False,0.4576157182467829,0.5534115077779794,0.7726883889918392,0.7319629326274653,0.9107013761003708,3,43350,9295,9305,18,,2.7815500895182292e-08,8,,,,837891,,,,,,,,,,,,,,,,,,,,,,,,,,,,,,
age_class,transformer,,40m,9,False,False,0.451611890472015,0.5912141986292784,0.7802857129128761,0.6611235813606902,0.9118062561222544,3,43350,9295,9305,18,,2.7815500895182292e-08,8,,,,837891,,,,,,,,,,,,,,,,,,,,,,,,,,,,,,
age_class,transformer,,40m,10,False,False,0.4393589153264636,0.5724179961592998,0.7882524603987989,0.6737623588883107,0.9147387315984128,3,43350,9295,9305,18,,2.7815500895182292e-08,8,,,,837891,,,,,,,,,,,,,,,,,,,,,,,,,,,,,,
age_class,transformer,,40m,11,False,False,0.4269704886638058,0.5965467406253911,0.7959880513567961,0.6848812210386953,0.9149233632263865,3,43350,9295,9305,18,,2.7815500895182292e-08,8,,,,837891,,,,,,,,,,,,,,,,,,,,,,,,,,,,,,
age_class,transformer,,40m,12,False,False,0.4123498377830362,0.5577604252945182,0.8030464877386003,0.7174203176937862,0.916194545743698,3,43350,9295,9305,18,,2.7815500895182292e-08,8,,,,837891,,,,,,,,,,,,,,,,,,,,,,,,,,,,,,
age_class,transformer,,40m,13,False,False,0.4030522434082541,0.5874663758233375,0.8085462799641512,0.7050291338777793,0.913627323669821,3,43350,9295,9305,18,,2.7815500895182292e-08,8,,,,837891,,,,,,,,,,,,,,,,,,,,,,,,,,,,,,
age_class,transformer,,40m,14,False,False,0.3941825253302981,0.5620270936987184,0.8168084231913211,0.7218690971152859,0.9152008341019928,3,43350,9295,9305,18,,2.7815500895182292e-08,8,,,,837891,,,,,,,,,,,,,,,,,,,,,,,,,,,,,,
age_class,transformer,,40m,15,False,False,0.3845462666184102,0.5678282538908529,0.8182423812619691,0.726978873513659,0.9162348171616058,3,43350,9295,9305,18,,2.7815500895182292e-08,8,,,,837891,,,,,,,,,,,,,,,,,,,,,,,,,,,,,,
age_class,transformer,,40m,16,False,False,0.374555028677521,0.5686924404483777,0.8270002291926843,0.7292502827543728,0.9152147674234016,3,43350,9295,9305,18,,2.7815500895182292e-08,8,,,,837891,,,,,,,,,,,,,,,,,,,,,,,,,,,,,,
age_class,transformer,,40m,17,False,False,0.3676580897099015,0.5743060666220029,0.8287917040797182,0.7220704567257487,0.9163613784125308,3,43350,9295,9305,18,,2.7815500895182292e-08,8,,,,837891,,,,,,,,,,,,,,,,,,,,,,,,,,,,,,
age_class,transformer,,40m,18,True,False,0.3677318078791362,0.5747961357998385,0.8326212940131311,0.7210423658089341,0.9164321244226205,3,43350,9295,9305,18,,2.7815500895182292e-08,8,,,,837891,,,,,0.8615686274509804,0.8365182542199504,0.8346069740951706,0.9605325067911584,0.79536354056902,0.8169120422801057,0.8972791798107256,,,0.7794513179128564,0.7210423658089341,0.7235834006263652,0.6115183246073298,0.7006896551724138,0.8509191176470589,,,0.7891456206340677,0.7305363266709883,0.7263334876108648,0.9215196814276375,0.6357142857142857,0.6940959409594096,0.8617987533392698,,
age_class,transformer,,80m,1,False,False,0.5154071019044419,0.5617010224733965,0.7057226836068966,0.6260998481356795,0.9092991114959444,3,43350,9295,9305,18,,2.384185791015625e-08,4,,,,837891,,,,,,,,,,,,,,,,,,,,,,,,,,,,,,
age_class,transformer,,80m,2,False,False,0.4811735562018685,0.5187273813373691,0.7310553028908614,0.7068185331995229,0.9149303585235934,3,43350,9295,9305,18,,2.384185791015625e-08,4,,,,837891,,,,,,,,,,,,,,,,,,,,,,,,,,,,,,
age_class,transformer,,80m,3,False,False,0.4675471019223167,0.51285729088267,0.7463913941615153,0.7275809212925105,0.914329642842954,3,43350,9295,9305,18,,2.384185791015625e-08,4,,,,837891,,,,,,,,,,,,,,,,,,,,,,,,,,,,,,
age_class,transformer,,80m,4,False,False,0.4540153656205619,0.5050588641204747,0.7522874256827761,0.7120728373494188,0.919137448420666,3,43350,9295,9305,18,,2.384185791015625e-08,4,,,,837891,,,,,,,,,,,,,,,,,,,,,,,,,,,,,,
age_class,transformer,,80m,5,False,False,0.4427625555153401,0.5379622230326464,0.7591247938474996,0.7587790254664784,0.914434339141878,3,43350,9295,9305,18,,2.384185791015625e-08,4,,,,837891,,,,,,,,,,,,,,,,,,,,,,,,,,,,,,
age_class,transformer,,80m,6,False,False,0.4339470699169618,0.4973952592581032,0.7697781152527018,0.7364158073411708,0.9231962859005776,3,43350,9295,9305,18,,2.384185791015625e-08,4,,,,837891,,,,,,,,,,,,,,,,,,,,,,,,,,,,,,
age_class,transformer,,80m,7,False,False,0.4208935280706241,0.5377142635512876,0.7717238529132873,0.6551339985804757,0.919561381525968,3,43350,9295,9305,18,,2.384185791015625e-08,4,,,,837891,,,,,,,,,,,,,,,,,,,,,,,,,,,,,,
age_class,transformer,,80m,8,False,False,0.4127454684067407,0.5216551621713119,0.7836453247925953,0.6875250850475595,0.9221708575954296,3,43350,9295,9305,18,,2.384185791015625e-08,4,,,,837891,,,,,,,,,,,,,,,,,,,,,,,,,,,,,,
age_class,transformer,,80m,9,False,False,0.3971708547115505,0.533463595069321,0.7927803137859167,0.6689488241135053,0.9220343144465272,3,43350,9295,9305,18,,2.384185791015625e-08,4,,,,837891,,,,,,,,,,,,,,,,,,,,,,,,,,,,,,
age_class,transformer,,80m,10,False,False,0.3851478417736701,0.5032658186235434,0.7963033359350726,0.7324266940482639,0.9268842311720404,3,43350,9295,9305,18,,2.384185791015625e-08,4,,,,837891,,,,,,,,,,,,,,,,,,,,,,,,,,,,,,
age_class,transformer,,80m,11,False,False,0.3772182206484741,0.559560122791877,0.8076541086431962,0.6646726708827599,0.9247926080198762,3,43350,9295,9305,18,,2.384185791015625e-08,4,,,,837891,,,,,,,,,,,,,,,,,,,,,,,,,,,,,,
age_class,transformer,,80m,12,False,False,0.3687365059889403,0.5038146592264352,0.8124620434196997,0.7354617370056887,0.9262301915983532,3,43350,9295,9305,18,,2.384185791015625e-08,4,,,,837891,,,,,,,,,,,,,,,,,,,,,,,,,,,,,,
age_class,transformer,,80m,13,False,False,0.3551511193242689,0.5145039810751659,0.8218800110626178,0.7334687700229036,0.9249356980893678,3,43350,9295,9305,18,,2.384185791015625e-08,4,,,,837891,,,,,,,,,,,,,,,,,,,,,,,,,,,,,,
age_class,transformer,,80m,14,False,False,0.3445577663862747,0.5262108888903968,0.8286839483184597,0.7190927168845512,0.9268024504381162,3,43350,9295,9305,18,,2.384185791015625e-08,4,,,,837891,,,,,,,,,,,,,,,,,,,,,,,,,,,,,,
age_class,transformer,,80m,15,False,False,0.3393989718745203,0.5232200255217002,0.8345567711605537,0.722042727769931,0.9265204407767944,3,43350,9295,9305,18,,2.384185791015625e-08,4,,,,837891,,,,,,,,,,,,,,,,,,,,,,,,,,,,,,
age_class,transformer,,80m,16,False,False,0.3297293387635418,0.5197117018751541,0.8358029260420023,0.729939280821554,0.9270198334537344,3,43350,9295,9305,18,,2.384185791015625e-08,4,,,,837891,,,,,,,,,,,,,,,,,,,,,,,,,,,,,,
age_class,transformer,,80m,17,False,False,0.3237061982512076,0.5232742134878098,0.8412383695474656,0.7283749057485425,0.9271111949777344,3,43350,9295,9305,18,,2.384185791015625e-08,4,,,,837891,,,,,,,,,,,,,,,,,,,,,,,,,,,,,,
age_class,transformer,,80m,18,True,False,0.3213618351827509,0.5224250459272033,0.839794271607234,0.7339860645016266,0.9271216679000447,3,43350,9295,9305,18,,2.384185791015625e-08,4,,,,837891,,,,,0.8768627450980392,0.8445025696885805,0.8479149895425419,0.9676805781684245,0.7791359325605901,0.8399395998489996,0.9144321766561514,,,0.7967724583109198,0.7339860645016266,0.7404388994732315,0.612565445026178,0.7186206896551725,0.8707720588235294,,,0.8119290703922623,0.7504699336796555,0.7518279407656326,0.9339008194649652,0.6418367346938776,0.7269372693726938,0.8826357969723954,,
age_class,transformer,,120m,1,False,False,0.4858567421405895,0.5095261657699468,0.7064475058447574,0.7334541721093565,0.9168982831838548,3,43350,9295,9305,18,,837.2429545521736,2,,,,837891,,,,,,,,,,,,,,,,,,,,,,,,,,,,,,
age_class,transformer,,120m,2,False,False,0.4640655786981932,0.4857604784901076,0.733513579604062,0.7494837807843844,0.9209810696061684,3,43350,9295,9305,18,,837.2429545521736,2,,,,837891,,,,,,,,,,,,,,,,,,,,,,,,,,,,,,
age_class,transformer,,120m,3,False,False,0.4490974135559517,0.4851585889168335,0.7411509377484564,0.7312117485105615,0.9259956230402948,3,43350,9295,9305,18,,837.2429545521736,2,,,,837891,,,,,,,,,,,,,,,,,,,,,,,,,,,,,,
age_class,transformer,,120m,4,False,False,0.4329457050492007,0.4731208347025747,0.747626650683213,0.7129155980409857,0.92619583367413,3,43350,9295,9305,18,,837.2429545521736,2,,,,837891,,,,,,,,,,,,,,,,,,,,,,,,,,,,,,
age_class,transformer,,120m,5,False,False,0.4207552521784825,0.4708951732387866,0.7636296525025174,0.7587727442484486,0.9253220732520074,3,43350,9295,9305,18,,837.2429545521736,2,,,,837891,,,,,,,,,,,,,,,,,,,,,,,,,,,,,,
age_class,transformer,,120m,6,False,False,0.4079444168610482,0.4774708390867947,0.7711791677949305,0.7443218828874754,0.9258210427985286,3,43350,9295,9305,18,,837.2429545521736,2,,,,837891,,,,,,,,,,,,,,,,,,,,,,,,,,,,,,
age_class,transformer,,120m,7,False,False,0.3965217622880381,0.4670664179961078,0.7825638606474263,0.7358210518816661,0.928460902029741,3,43350,9295,9305,18,,837.2429545521736,2,,,,837891,,,,,,,,,,,,,,,,,,,,,,,,,,,,,,
age_class,transformer,,120m,8,False,False,0.3803146677772528,0.4761851164577186,0.7951912341767309,0.6999451527316108,0.928892930842189,3,43350,9295,9305,18,,837.2429545521736,2,,,,837891,,,,,,,,,,,,,,,,,,,,,,,,,,,,,,
age_class,transformer,,120m,9,False,False,0.372446883290372,0.5062330874467811,0.7992745447101323,0.7741910193848257,0.9266929551800014,3,43350,9295,9305,18,,837.2429545521736,2,,,,837891,,,,,,,,,,,,,,,,,,,,,,,,,,,,,,
age_class,transformer,,120m,10,False,False,0.3595253122793713,0.4936772949340974,0.804634113014273,0.7483032989780133,0.9284688242347098,3,43350,9295,9305,18,,837.2429545521736,2,,,,837891,,,,,,,,,,,,,,,,,,,,,,,,,,,,,,
age_class,transformer,,120m,11,False,False,0.3489196902220431,0.4719598993029518,0.8121062756737866,0.7388610861838867,0.9324712318228472,3,43350,9295,9305,18,,837.2429545521736,2,,,,837891,,,,,,,,,,,,,,,,,,,,,,,,,,,,,,
age_class,transformer,,120m,12,False,False,0.340214585508218,0.4815483196948727,0.816964625197735,0.7527736987103922,0.9308020368521704,3,43350,9295,9305,18,,837.2429545521736,2,,,,837891,,,,,,,,,,,,,,,,,,,,,,,,,,,,,,
age_class,transformer,,120m,13,False,False,0.3291007830779752,0.4921640077990188,0.8260187210084364,0.7322147057053549,0.9321367496384724,3,43350,9295,9305,18,,837.2429545521736,2,,,,837891,,,,,,,,,,,,,,,,,,,,,,,,,,,,,,
age_class,transformer,,120m,14,False,False,0.3189152940488005,0.4913161038834199,0.8349280103919628,0.7393128537748374,0.9320534890367496,3,43350,9295,9305,18,,837.2429545521736,2,,,,837891,,,,,,,,,,,,,,,,,,,,,,,,,,,,,,
age_class,transformer,,120m,15,False,False,0.3089852243191954,0.5191256757500516,0.8395350792086597,0.771880748011427,0.9303896533096412,3,43350,9295,9305,18,,837.2429545521736,2,,,,837891,,,,,,,,,,,,,,,,,,,,,,,,,,,,,,
age_class,transformer,,120m,16,False,False,0.3011090084632075,0.5137693741741989,0.8477113418171053,0.728035611563636,0.932816794574916,3,43350,9295,9305,18,,837.2429545521736,2,,,,837891,,,,,,,,,,,,,,,,,,,,,,,,,,,,,,
age_class,transformer,,120m,17,True,False,0.2981371030720367,0.5066648444166645,0.8473586041836484,0.7356393943657983,0.9330109024049568,3,43350,9295,9305,18,,837.2429545521736,2,,,,837891,,,,,0.8875663206459055,0.8454077891454292,0.8568528732567572,0.9712097024592589,0.7639620653319283,0.8331445828614572,0.9391167192429022,,,0.8088219472834858,0.7356393943657983,0.7479929537744807,0.5979057591623037,0.7110344827586207,0.8979779411764706,,,0.8276195593766792,0.7570483770787151,0.7648830369558488,0.9410685759470568,0.639795918367347,0.7180811808118082,0.9132680320569903,,
age_class,transformer,,120m,18,False,False,0.2933520663201636,0.5034080566940305,0.8503484858805818,0.7413605175776756,0.9330028031577724,3,43350,9295,9305,18,,837.2429545521736,2,,,,837891,,,,,,,,,,,,,,,,,,,,,,,,,,,,,,
apnea_binary,lstm,,30s,1,False,False,0.5785946401301963,0.6132413854930392,0.6830704582489546,0.6445301729080033,0.7152859101743435,2,48380,10360,10385,13,,799.9959926605225,32,,,,2148866,,,,,,,,,,,,,,,,,,,,,,,,,,,,,,
apnea_binary,lstm,,30s,2,False,False,0.5754343977468277,0.6145421469994033,0.6861924641849043,0.6449117096256689,0.7146383324617553,2,48380,10360,10385,13,,799.9959926605225,32,,,,2148866,,,,,,,,,,,,,,,,,,,,,,,,,,,,,,
apnea_binary,lstm,,30s,3,False,False,0.5726231169878032,0.6090614651621078,0.6908638835770293,0.6518404276045031,0.719120312239284,2,48380,10360,10385,13,,799.9959926605225,32,,,,2148866,,,,,,,,,,,,,,,,,,,,,,,,,,,,,,
apnea_binary,lstm,,30s,4,False,False,0.5688302302493592,0.6110885523461007,0.6945054432244688,0.6486149368875067,0.7224799606997606,2,48380,10360,10385,13,,799.9959926605225,32,,,,2148866,,,,,,,,,,,,,,,,,,,,,,,,,,,,,,
apnea_binary,lstm,,30s,5,False,False,0.562885661261197,0.6102344337117258,0.6982518298351982,0.6504227851900739,0.7234534619353503,2,48380,10360,10385,13,,799.9959926605225,32,,,,2148866,,,,,,,,,,,,,,,,,,,,,,,,,,,,,,
apnea_binary,lstm,,30s,6,False,False,0.5600195729077084,0.6134222485383966,0.6990675485635587,0.6466960672727629,0.720693086196723,2,48380,10360,10385,13,,799.9959926605225,32,,,,2148866,,,,,,,,,,,,,,,,,,,,,,,,,,,,,,
apnea_binary,lstm,,30s,7,False,False,0.5536930978815632,0.6075446988624956,0.7064247518468434,0.6514420186303269,0.7229513398529224,2,48380,10360,10385,13,,799.9959926605225,32,,,,2148866,,,,,,,,,,,,,,,,,,,,,,,,,,,,,,
apnea_binary,lstm,,30s,8,True,False,0.5496429408271729,0.6111428636381525,0.709265096749347,0.6501695149086428,0.7241101935462221,2,48380,10360,10385,13,,799.9959926605225,32,,,,2148866,,,,,0.7196362133112857,0.7198034500848445,0.7196360906548512,0.8020633142892697,0.7091575091575092,0.7304493910121798,,,,0.649034749034749,0.6501695149086428,0.6485619283259256,0.5990557129367328,0.7012833168805528,,,,0.6462205103514684,0.6465672610602646,0.6457336118848653,0.7190524197661372,0.6042024832855778,0.6889320388349515,,,
apnea_binary,lstm,,30s,9,False,False,0.5456366051322619,0.6136604792362935,0.7122866431560257,0.6489380266171498,0.7207897148215782,2,48380,10360,10385,13,,799.9959926605225,32,,,,2148866,,,,,,,,,,,,,,,,,,,,,,,,,,,,,,
apnea_binary,lstm,,30s,10,False,False,0.5405807162375921,0.6130722421937007,0.7164865677045433,0.651677298052606,0.7221710772236656,2,48380,10360,10385,13,,799.9959926605225,32,,,,2148866,,,,,,,,,,,,,,,,,,,,,,,,,,,,,,
apnea_binary,lstm,,30s,11,False,False,0.5364699969266061,0.6166238860273914,0.7198270051692983,0.6471046368876,0.7219911499887673,2,48380,10360,10385,13,,799.9959926605225,32,,,,2148866,,,,,,,,,,,,,,,,,,,,,,,,,,,,,,
apnea_binary,lstm,,30s,12,False,False,0.5327647186917379,0.6175651500123809,0.7222599223229211,0.6507936019657576,0.7200830748895146,2,48380,10360,10385,13,,799.9959926605225,32,,,,2148866,,,,,,,,,,,,,,,,,,,,,,,,,,,,,,
apnea_binary,lstm,,30s,13,False,False,0.5284056778336518,0.6175022794473125,0.7269928191179766,0.6499214647728724,0.7207626259942745,2,48380,10360,10385,13,,799.9959926605225,32,,,,2148866,,,,,,,,,,,,,,,,,,,,,,,,,,,,,,
apnea_binary,lstm,,10m,1,False,False,0.5499498020745152,0.5806147731869378,0.7098693154342042,0.67623062603529,0.7610596336389914,2,48380,10360,10385,10,,527.1483639240265,32,,,,2148866,,,,,,,,,,,,,,,,,,,,,,,,,,,,,,
apnea_binary,lstm,,10m,2,False,False,0.5369531896056199,0.574391719181105,0.7178777193686896,0.688264646470296,0.7701776061344169,2,48380,10360,10385,10,,527.1483639240265,32,,,,2148866,,,,,,,,,,,,,,,,,,,,,,,,,,,,,,
apnea_binary,lstm,,10m,3,False,False,0.5270571728785602,0.5650653181849299,0.7274770914838113,0.6856578362309802,0.7687290530003253,2,48380,10360,10385,10,,527.1483639240265,32,,,,2148866,,,,,,,,,,,,,,,,,,,,,,,,,,,,,,
apnea_binary,lstm,,10m,4,False,False,0.5223374907760494,0.5979046623679202,0.7294779061683723,0.679174788187929,0.7620379075791854,2,48380,10360,10385,10,,527.1483639240265,32,,,,2148866,,,,,,,,,,,,,,,,,,,,,,,,,,,,,,
apnea_binary,lstm,,10m,5,True,False,0.51233579831559,0.5630894564293526,0.7374888997946537,0.6921435875637487,0.7716486804683589,2,48380,10360,10385,10,,527.1483639240265,32,,,,2148866,,,,,0.7574410913600661,0.7570307824612739,0.7570901157662897,0.8438856872435201,0.7831501831501831,0.7309113817723646,,,,0.6924710424710425,0.6921435875637487,0.6921918718188675,0.7068932955618508,0.6773938795656466,,,,0.6802118440057776,0.6800335679379828,0.6799725063854785,0.7610969482849752,0.7018147086914995,0.658252427184466,,,
apnea_binary,lstm,,10m,6,False,False,0.5075089218252796,0.5738331742268271,0.7397546835388078,0.6800687381323252,0.7645214291640217,2,48380,10360,10385,10,,527.1483639240265,32,,,,2148866,,,,,,,,,,,,,,,,,,,,,,,,,,,,,,
apnea_binary,lstm,,10m,7,False,False,0.49874478615035,0.5745492311057897,0.7464240971590824,0.6803440075990406,0.7623121516601462,2,48380,10360,10385,10,,527.1483639240265,32,,,,2148866,,,,,,,,,,,,,,,,,,,,,,,,,,,,,,
apnea_binary,lstm,,10m,8,False,False,0.4897709413518981,0.5855924505524653,0.7536191412923878,0.684294725695328,0.7654054049015303,2,48380,10360,10385,10,,527.1483639240265,32,,,,2148866,,,,,,,,,,,,,,,,,,,,,,,,,,,,,,
apnea_binary,lstm,,10m,9,False,False,0.4824134170491619,0.5730305047569128,0.7594236662275302,0.6872765474702335,0.7663492072369863,2,48380,10360,10385,10,,527.1483639240265,32,,,,2148866,,,,,,,,,,,,,,,,,,,,,,,,,,,,,,
apnea_binary,lstm,,10m,10,False,False,0.471944644702225,0.580404093228712,0.7675877422622488,0.6844092892492033,0.7663743198662898,2,48380,10360,10385,10,,527.1483639240265,32,,,,2148866,,,,,,,,,,,,,,,,,,,,,,,,,,,,,,
apnea_binary,lstm,,40m,1,False,False,0.5345280319798789,0.5418051089962017,0.7248655881583224,0.7114033149789283,0.7959868265895578,2,48380,10360,10385,13,,309.27708436250686,8,,,,2148866,,,,,,,,,,,,,,,,,,,,,,,,,,,,,,
apnea_binary,lstm,,40m,2,False,False,0.5043459612460374,0.5292054696749307,0.7458309124415803,0.7171288825998563,0.8079557629942009,2,48380,10360,10385,13,,309.27708436250686,8,,,,2148866,,,,,,,,,,,,,,,,,,,,,,,,,,,,,,
apnea_binary,lstm,,40m,3,False,False,0.4933090987185238,0.5208197163856628,0.7527484151171677,0.7303652144407873,0.8156210621691383,2,48380,10360,10385,13,,309.27708436250686,8,,,,2148866,,,,,,,,,,,,,,,,,,,,,,,,,,,,,,
apnea_binary,lstm,,40m,4,False,False,0.4852164373599507,0.5272566638340361,0.7596260809826538,0.7268036768468829,0.8143957634789288,2,48380,10360,10385,13,,309.27708436250686,8,,,,2148866,,,,,,,,,,,,,,,,,,,,,,,,,,,,,,
apnea_binary,lstm,,40m,5,False,False,0.4746173446654192,0.5318209082952567,0.767873916025953,0.7199095423330508,0.8093304697105708,2,48380,10360,10385,13,,309.27708436250686,8,,,,2148866,,,,,,,,,,,,,,,,,,,,,,,,,,,,,,
apnea_binary,lstm,,40m,6,False,False,0.4683064387261532,0.5392163744390471,0.7717609921305848,0.7209802314948166,0.8140559692831715,2,48380,10360,10385,13,,309.27708436250686,8,,,,2148866,,,,,,,,,,,,,,,,,,,,,,,,,,,,,,
apnea_binary,lstm,,40m,7,False,False,0.4605748746374721,0.5331436685930118,0.7765939211130307,0.7290098409067394,0.8168826035849349,2,48380,10360,10385,13,,309.27708436250686,8,,,,2148866,,,,,,,,,,,,,,,,,,,,,,,,,,,,,,
apnea_binary,lstm,,40m,8,True,False,0.4520441000062222,0.5248099274444304,0.7827801307221719,0.7334462189832461,0.8208692847561494,2,48380,10360,10385,13,,309.27708436250686,8,,,,2148866,,,,,0.8048160396858206,0.8047870239176413,0.8047750533002932,0.8909564783063313,0.8066341066341066,0.802939941201176,,,,0.7333011583011583,0.7334462189832461,0.7332758078527816,0.7269121813031162,0.7399802566633761,,,,0.7247953779489649,0.7247532942016487,0.7247616265590949,0.8115151936647472,0.7298949379178605,0.7196116504854368,,,
apnea_binary,lstm,,40m,9,False,False,0.4423561021451518,0.5325200502879371,0.7894618859759557,0.7253677639226411,0.8134771297029084,2,48380,10360,10385,13,,309.27708436250686,8,,,,2148866,,,,,,,,,,,,,,,,,,,,,,,,,,,,,,
apnea_binary,lstm,,40m,10,False,False,0.4357882643098481,0.5523258151651924,0.7952681459191329,0.7232937814082647,0.8138754081734431,2,48380,10360,10385,13,,309.27708436250686,8,,,,2148866,,,,,,,,,,,,,,,,,,,,,,,,,,,,,,
apnea_binary,lstm,,40m,11,False,False,0.4216547467915627,0.5516941178244859,0.803701943055156,0.7242001291986051,0.81354335097929,2,48380,10360,10385,13,,309.27708436250686,8,,,,2148866,,,,,,,,,,,,,,,,,,,,,,,,,,,,,,
apnea_binary,lstm,,40m,12,False,False,0.412174773026826,0.538956647715801,0.8078148351562884,0.7324080625149729,0.8165440957822155,2,48380,10360,10385,13,,309.27708436250686,8,,,,2148866,,,,,,,,,,,,,,,,,,,,,,,,,,,,,,
apnea_binary,lstm,,40m,13,False,False,0.4028497337675127,0.5632654623506037,0.8134526711175178,0.7277471249581688,0.811542786084956,2,48380,10360,10385,13,,309.27708436250686,8,,,,2148866,,,,,,,,,,,,,,,,,,,,,,,,,,,,,,
apnea_binary,lstm,,80m,1,False,False,0.5261860557278575,0.5137168118327453,0.7286913834372886,0.7368375425418567,0.8205876206109995,2,48380,10360,10385,12,,300.28365976015726,4,,,,2148866,,,,,,,,,,,,,,,,,,,,,,,,,,,,,,
apnea_binary,lstm,,80m,2,False,False,0.484451754595784,0.4911639221609502,0.7626699260886577,0.7532796031197828,0.8425611339647845,2,48380,10360,10385,12,,300.28365976015726,4,,,,2148866,,,,,,,,,,,,,,,,,,,,,,,,,,,,,,
apnea_binary,lstm,,80m,3,False,False,0.4645554636245299,0.5276338105172667,0.7773962298531807,0.735692839171973,0.8264695688812203,2,48380,10360,10385,12,,300.28365976015726,4,,,,2148866,,,,,,,,,,,,,,,,,,,,,,,,,,,,,,
apnea_binary,lstm,,80m,4,False,False,0.4513694660520487,0.4756359358066441,0.7858696501283648,0.7684793622473474,0.8529509390203092,2,48380,10360,10385,12,,300.28365976015726,4,,,,2148866,,,,,,,,,,,,,,,,,,,,,,,,,,,,,,
apnea_binary,lstm,,80m,5,False,False,0.4402737565010781,0.4702107826512106,0.7949074608251425,0.7667927891145048,0.8549625780807948,2,48380,10360,10385,12,,300.28365976015726,4,,,,2148866,,,,,,,,,,,,,,,,,,,,,,,,,,,,,,
apnea_binary,lstm,,80m,6,False,False,0.4308892218398955,0.5064396887731785,0.7996962197508186,0.7522092868255641,0.8547696936986318,2,48380,10360,10385,12,,300.28365976015726,4,,,,2148866,,,,,,,,,,,,,,,,,,,,,,,,,,,,,,
apnea_binary,lstm,,80m,7,True,False,0.4228659038606156,0.4706611573316775,0.8041290798115661,0.7691009324485186,0.8561076916049805,2,48380,10360,10385,12,,300.28365976015726,4,,,,2148866,,,,,0.8224266225713105,0.8223240065113228,0.8223594194100765,0.9071523868667926,0.8288563288563289,0.8157916841663166,,,,0.769015444015444,0.7691009324485186,0.7689750440941046,0.7652502360717658,0.7729516288252715,,,,0.7521425132402504,0.7520187127344887,0.7520302156828651,0.839938539145594,0.7671442215854823,0.7368932038834951,,,
apnea_binary,lstm,,80m,8,False,False,0.4151756523865413,0.4827162007664592,0.8093367534358715,0.7628169024587819,0.851666727257643,2,48380,10360,10385,12,,300.28365976015726,4,,,,2148866,,,,,,,,,,,,,,,,,,,,,,,,,,,,,,
apnea_binary,lstm,,80m,9,False,False,0.4014749212589997,0.4899777193285856,0.8163044858760944,0.7694965449160909,0.8543077667377911,2,48380,10360,10385,12,,300.28365976015726,4,,,,2148866,,,,,,,,,,,,,,,,,,,,,,,,,,,,,,
apnea_binary,lstm,,80m,10,False,False,0.3908603217406564,0.492859209896673,0.8224164320132401,0.7637705112107289,0.8529225637999678,2,48380,10360,10385,12,,300.28365976015726,4,,,,2148866,,,,,,,,,,,,,,,,,,,,,,,,,,,,,,
apnea_binary,lstm,,80m,11,False,False,0.3820563102633249,0.4954578796432184,0.8293469258819952,0.7654989387257438,0.8557866899336016,2,48380,10360,10385,12,,300.28365976015726,4,,,,2148866,,,,,,,,,,,,,,,,,,,,,,,,,,,,,,
apnea_binary,lstm,,80m,12,False,False,0.3717274862862877,0.4983272919850244,0.8338083580208737,0.7635179866643922,0.8502999066898963,2,48380,10360,10385,12,,300.28365976015726,4,,,,2148866,,,,,,,,,,,,,,,,,,,,,,,,,,,,,,
apnea_binary,lstm,,120m,1,False,False,0.5248756571800173,0.519844765956653,0.7333225472242693,0.7430546428068723,0.8356385123703471,2,48380,10360,10385,13,,468.38517152468364,2,,,,2148866,,,,,,,,,,,,,,,,,,,,,,,,,,,,,,
apnea_binary,lstm,,120m,2,False,False,0.471423027089475,0.4625578968353303,0.774161662065904,0.7802645868114884,0.8646215068136884,2,48380,10360,10385,13,,468.38517152468364,2,,,,2148866,,,,,,,,,,,,,,,,,,,,,,,,,,,,,,
apnea_binary,lstm,,120m,3,False,False,0.4476361911932266,0.4480954402824864,0.792466116489636,0.7875493000810054,0.8711073700067211,2,48380,10360,10385,13,,468.38517152468364,2,,,,2148866,,,,,,,,,,,,,,,,,,,,,,,,,,,,,,
apnea_binary,lstm,,120m,4,False,False,0.4339469731321861,0.4451525145658457,0.8009172380654951,0.7886470221399428,0.8769829422418848,2,48380,10360,10385,13,,468.38517152468364,2,,,,2148866,,,,,,,,,,,,,,,,,,,,,,,,,,,,,,
apnea_binary,lstm,,120m,5,False,False,0.4250424218390071,0.4639862062983056,0.8048435014205699,0.7804571728996138,0.8708302362022695,2,48380,10360,10385,13,,468.38517152468364,2,,,,2148866,,,,,,,,,,,,,,,,,,,,,,,,,,,,,,
apnea_binary,lstm,,120m,6,False,False,0.4124586719198608,0.4310557428003975,0.8129701081192051,0.7973357681584166,0.8824006890592272,2,48380,10360,10385,13,,468.38517152468364,2,,,,2148866,,,,,,,,,,,,,,,,,,,,,,,,,,,,,,
apnea_binary,lstm,,120m,7,False,False,0.4035106901871512,0.4413944256224069,0.8175932464256698,0.79263530664161,0.8760081546132571,2,48380,10360,10385,13,,468.38517152468364,2,,,,2148866,,,,,,,,,,,,,,,,,,,,,,,,,,,,,,
apnea_binary,lstm,,120m,8,True,False,0.3948531916547061,0.4434961529374014,0.8253641593834791,0.7998796569991433,0.8835228152991285,2,48380,10360,10385,13,,468.38517152468364,2,,,,2148866,,,,,0.8425382389417114,0.8428248016236257,0.8425342990437463,0.9240934634298767,0.8245828245828246,0.8610667786644267,,,,0.7997104247104247,0.7998796569991433,0.7996898486585384,0.7922568460812087,0.807502467917078,,,,0.7864227250842561,0.7863863465657774,0.7863974349957773,0.8703603082315631,0.7908309455587392,0.7819417475728155,,,
apnea_binary,lstm,,120m,9,False,False,0.3845636722181347,0.4416362332120361,0.8302650613654394,0.7951241975191258,0.8807876826934461,2,48380,10360,10385,13,,468.38517152468364,2,,,,2148866,,,,,,,,,,,,,,,,,,,,,,,,,,,,,,
apnea_binary,lstm,,120m,10,False,False,0.3739584465454836,0.4409807360652856,0.8349914711107487,0.7943998090918158,0.8796779356561117,2,48380,10360,10385,13,,468.38517152468364,2,,,,2148866,,,,,,,,,,,,,,,,,,,,,,,,,,,,,,
apnea_binary,lstm,,120m,11,False,False,0.3595284126062151,0.4728722903706694,0.8426008915719121,0.7889307743433569,0.8755789467796828,2,48380,10360,10385,13,,468.38517152468364,2,,,,2148866,,,,,,,,,,,,,,,,,,,,,,,,,,,,,,
apnea_binary,lstm,,120m,12,False,False,0.3524935025905675,0.4630863508325551,0.8463132532221151,0.7940140776142444,0.8766597592953549,2,48380,10360,10385,13,,468.38517152468364,2,,,,2148866,,,,,,,,,,,,,,,,,,,,,,,,,,,,,,
apnea_binary,lstm,,120m,13,False,False,0.3396561801011263,0.4927281746423253,0.85203096792765,0.7855989231585236,0.8752418558736426,2,48380,10360,10385,13,,468.38517152468364,2,,,,2148866,,,,,,,,,,,,,,,,,,,,,,,,,,,,,,
apnea_binary,transformer,,30s,1,False,False,0.5799158477300255,0.630034289350841,0.6813227410665462,0.6237485865989539,0.7082366254741244,2,48380,10360,10385,12,,608.6462666153908,32,,,,837762,,,,,,,,,,,,,,,,,,,,,,,,,,,,,,
apnea_binary,transformer,,30s,2,False,False,0.5776691273698732,0.6183523767703288,0.6836145157438731,0.6375497195569961,0.7085753010672401,2,48380,10360,10385,12,,608.6462666153908,32,,,,837762,,,,,,,,,,,,,,,,,,,,,,,,,,,,,,
apnea_binary,transformer,,30s,3,False,False,0.575389715761821,0.6136721077572885,0.6842797673961051,0.6396372185199581,0.7129153674563069,2,48380,10360,10385,12,,608.6462666153908,32,,,,837762,,,,,,,,,,,,,,,,,,,,,,,,,,,,,,
apnea_binary,transformer,,30s,4,False,False,0.5726691943867831,0.6431915614135477,0.6865674310445415,0.6234516908145011,0.7144349891448936,2,48380,10360,10385,12,,608.6462666153908,32,,,,837762,,,,,,,,,,,,,,,,,,,,,,,,,,,,,,
apnea_binary,transformer,,30s,5,False,False,0.5719342308135109,0.6174612408899433,0.6882131930010973,0.6450189090454871,0.7144301791535348,2,48380,10360,10385,12,,608.6462666153908,32,,,,837762,,,,,,,,,,,,,,,,,,,,,,,,,,,,,,
apnea_binary,transformer,,30s,6,False,False,0.5689595172182496,0.6164700998302592,0.6894688174612575,0.6412123974730767,0.7131560161712654,2,48380,10360,10385,12,,608.6462666153908,32,,,,837762,,,,,,,,,,,,,,,,,,,,,,,,,,,,,,
apnea_binary,transformer,,30s,7,True,False,0.5655770258944899,0.6219380289431244,0.6941833300086135,0.6407089330674788,0.7163614279708455,2,48380,10360,10385,12,,608.6462666153908,32,,,,837762,,,,,0.7004340636626705,0.7011191314635246,0.7001154343161373,0.787923178288571,0.6575091575091575,0.7447291054178916,,,,0.6388030888030888,0.6407089330674788,0.636940719337455,0.5548630783758263,0.7265547877591313,,,,0.6408281174771304,0.6413810146419265,0.6394285724711144,0.7113908995651005,0.5738299904489016,0.7089320388349515,,,
apnea_binary,transformer,,30s,8,False,False,0.5627527191600508,0.6148057215002053,0.6959321326393986,0.6508659382699132,0.7163050317543325,2,48380,10360,10385,12,,608.6462666153908,32,,,,837762,,,,,,,,,,,,,,,,,,,,,,,,,,,,,,
apnea_binary,transformer,,30s,9,False,False,0.5592505698659391,0.6160295976635112,0.6974795974165986,0.6444524300244134,0.7156423715494604,2,48380,10360,10385,12,,608.6462666153908,32,,,,837762,,,,,,,,,,,,,,,,,,,,,,,,,,,,,,
apnea_binary,transformer,,30s,10,False,False,0.5545611683718179,0.6299075290963456,0.701469073182639,0.6420726029044517,0.7127125834407658,2,48380,10360,10385,12,,608.6462666153908,32,,,,837762,,,,,,,,,,,,,,,,,,,,,,,,,,,,,,
apnea_binary,transformer,,30s,11,False,False,0.5529655424559988,0.6185647924434264,0.7015827461228553,0.6427152401220395,0.712454764175259,2,48380,10360,10385,12,,608.6462666153908,32,,,,837762,,,,,,,,,,,,,,,,,,,,,,,,,,,,,,
apnea_binary,transformer,,30s,12,False,False,0.5490568917809857,0.6206332642599423,0.704755409165321,0.6462214068851857,0.7157368375425419,2,48380,10360,10385,12,,608.6462666153908,32,,,,837762,,,,,,,,,,,,,,,,,,,,,,,,,,,,,,
apnea_binary,transformer,,10m,1,False,False,0.5596239257519183,0.5815409466106459,0.7010161762576714,0.67305444705141,0.7585850422319106,2,48380,10360,10385,10,,418.72293383280436,32,,,,837762,,,,,,,,,,,,,,,,,,,,,,,,,,,,,,
apnea_binary,transformer,,10m,2,False,False,0.548136194903479,0.5662527315404885,0.7089648207035859,0.6812670412121178,0.7662685373431509,2,48380,10360,10385,10,,418.72293383280436,32,,,,837762,,,,,,,,,,,,,,,,,,,,,,,,,,,,,,
apnea_binary,transformer,,10m,3,False,False,0.5425823258338461,0.5657005139299341,0.711907565267498,0.6846468058767654,0.7670584199551254,2,48380,10360,10385,10,,418.72293383280436,32,,,,837762,,,,,,,,,,,,,,,,,,,,,,,,,,,,,,
apnea_binary,transformer,,10m,4,False,False,0.5364106729115371,0.6093027783636881,0.7188246235075298,0.6665180789491101,0.7540615250096246,2,48380,10360,10385,10,,418.72293383280436,32,,,,837762,,,,,,,,,,,,,,,,,,,,,,,,,,,,,,
apnea_binary,transformer,,10m,5,True,False,0.5338544873375201,0.5772959169733939,0.7173451488235192,0.6821573556979288,0.7732201493893828,2,48380,10360,10385,10,,418.72293383280436,32,,,,837762,,,,,0.7258371227780075,0.7274095885603655,0.7236643224589846,0.8237048489799434,0.6273097273097273,0.8275094498110038,,,,0.6796332046332046,0.6821573556979288,0.6764911178028571,0.5684608120868744,0.7958538993089832,,,,0.6807896003851709,0.6816738531727266,0.6774032630062884,0.7701946013111896,0.5736389684813754,0.7897087378640777,,,
apnea_binary,transformer,,10m,6,False,False,0.527190567257977,0.568914722890007,0.7265396914283937,0.6835884213440571,0.7696648759702713,2,48380,10360,10385,10,,418.72293383280436,32,,,,837762,,,,,,,,,,,,,,,,,,,,,,,,,,,,,,
apnea_binary,transformer,,10m,7,False,False,0.521005529544727,0.566854634386232,0.7282893743834524,0.6889414942853388,0.7707909732495499,2,48380,10360,10385,10,,418.72293383280436,32,,,,837762,,,,,,,,,,,,,,,,,,,,,,,,,,,,,,
apnea_binary,transformer,,10m,8,False,False,0.5162115736804062,0.5819524128464658,0.735156219952524,0.6888066094501415,0.7728733079969835,2,48380,10360,10385,10,,418.72293383280436,32,,,,837762,,,,,,,,,,,,,,,,,,,,,,,,,,,,,,
apnea_binary,transformer,,10m,9,False,False,0.5110244782195696,0.5728823178063028,0.7368701600326968,0.6830939989764786,0.7717121984550234,2,48380,10360,10385,10,,418.72293383280436,32,,,,837762,,,,,,,,,,,,,,,,,,,,,,,,,,,,,,
apnea_binary,transformer,,10m,10,False,False,0.5041911849260035,0.5816557063559308,0.7425274913305153,0.6766421785905048,0.7711339927495906,2,48380,10360,10385,10,,418.72293383280436,32,,,,837762,,,,,,,,,,,,,,,,,,,,,,,,,,,,,,
apnea_binary,transformer,,40m,1,False,False,0.5270509453276315,0.535757933588677,0.7277533423690501,0.7174011691261942,0.8081060099723425,2,48380,10360,10385,15,,631.6725698391597,8,,,,837762,,,,,,,,,,,,,,,,,,,,,,,,,,,,,,
apnea_binary,transformer,,40m,2,False,False,0.5097367611400699,0.5308927035412273,0.7400358915898605,0.7184180721442773,0.8107951866528333,2,48380,10360,10385,15,,631.6725698391597,8,,,,837762,,,,,,,,,,,,,,,,,,,,,,,,,,,,,,
apnea_binary,transformer,,40m,3,False,False,0.5048685882032632,0.5194884060360635,0.7417515752249058,0.7303396730138045,0.8144565408891212,2,48380,10360,10385,15,,631.6725698391597,8,,,,837762,,,,,,,,,,,,,,,,,,,,,,,,,,,,,,
apnea_binary,transformer,,40m,4,False,False,0.4962041928084454,0.5240058778997324,0.7508753158270167,0.7214291640216375,0.8099683528669319,2,48380,10360,10385,15,,631.6725698391597,8,,,,837762,,,,,,,,,,,,,,,,,,,,,,,,,,,,,,
apnea_binary,transformer,,40m,5,False,False,0.4909317088219845,0.5630364293714403,0.7519209786744436,0.7012350305331913,0.8139222962675026,2,48380,10360,10385,15,,631.6725698391597,8,,,,837762,,,,,,,,,,,,,,,,,,,,,,,,,,,,,,
apnea_binary,transformer,,40m,6,False,False,0.4881002197978435,0.51485698748682,0.7573044265610415,0.7357948184461305,0.8199672249426018,2,48380,10360,10385,15,,631.6725698391597,8,,,,837762,,,,,,,,,,,,,,,,,,,,,,,,,,,,,,
apnea_binary,transformer,,40m,7,False,False,0.48044684008967,0.5183595331853191,0.7626222945626557,0.7345934392090734,0.8184593485817517,2,48380,10360,10385,15,,631.6725698391597,8,,,,837762,,,,,,,,,,,,,,,,,,,,,,,,,,,,,,
apnea_binary,transformer,,40m,8,False,False,0.4751485354563706,0.5165524567099842,0.7630741060392467,0.7356962881967846,0.8176439245427944,2,48380,10360,10385,15,,631.6725698391597,8,,,,837762,,,,,,,,,,,,,,,,,,,,,,,,,,,,,,
apnea_binary,transformer,,40m,9,False,False,0.4694490537514491,0.5213155267076948,0.7682283021006246,0.7338597290930836,0.8186768049352748,2,48380,10360,10385,15,,631.6725698391597,8,,,,837762,,,,,,,,,,,,,,,,,,,,,,,,,,,,,,
apnea_binary,transformer,,40m,10,True,False,0.4597490838803921,0.5203120954636786,0.7752272134044499,0.7331125025285081,0.8202062330403527,2,48380,10360,10385,15,,631.6725698391597,8,,,,837762,,,,,0.7863993385696569,0.7860114421643192,0.7861058824818721,0.874767565332454,0.8107041107041107,0.7613187736245275,,,,0.734073359073359,0.7331125025285081,0.7331267823755587,0.7763928234183192,0.689832181638697,,,,0.7308618199325951,0.730407915356868,0.7298421822075839,0.8113757476284531,0.7858643744030563,0.6749514563106797,,,
apnea_binary,transformer,,40m,11,False,False,0.4532467324570831,0.5183660050731829,0.778070156545587,0.7329494661934978,0.8188268281928881,2,48380,10360,10385,15,,631.6725698391597,8,,,,837762,,,,,,,,,,,,,,,,,,,,,,,,,,,,,,
apnea_binary,transformer,,40m,12,False,False,0.4480473651633678,0.5257270010152264,0.7818104492611002,0.7299153497450984,0.8156570811741972,2,48380,10360,10385,15,,631.6725698391597,8,,,,837762,,,,,,,,,,,,,,,,,,,,,,,,,,,,,,
apnea_binary,transformer,,40m,13,False,False,0.4426441475189221,0.5243863432930645,0.7854292999610093,0.7337295051022263,0.8181918534033951,2,48380,10360,10385,15,,631.6725698391597,8,,,,837762,,,,,,,,,,,,,,,,,,,,,,,,,,,,,,
apnea_binary,transformer,,40m,14,False,False,0.4368862101911756,0.5369764721143315,0.789498235676312,0.7258995662618257,0.8168178737787422,2,48380,10360,10385,15,,631.6725698391597,8,,,,837762,,,,,,,,,,,,,,,,,,,,,,,,,,,,,,
apnea_binary,transformer,,40m,15,False,False,0.4316168446253959,0.5310155870536752,0.7930740017678279,0.731863023377863,0.8189319022676873,2,48380,10360,10385,15,,631.6725698391597,8,,,,837762,,,,,,,,,,,,,,,,,,,,,,,,,,,,,,
apnea_binary,transformer,,80m,1,False,False,0.4983851274964812,0.5098509808599097,0.7493213554532328,0.7420842550153015,0.8433222498454929,2,48380,10360,10385,16,,310.0903182347616,4,,,,837762,,,,,,,,,,,,,,,,,,,,,,,,,,,,,,
apnea_binary,transformer,,80m,2,False,False,0.4725855932640824,0.4957590828481594,0.7672742357118669,0.7490079392822486,0.8458334568457082,2,48380,10360,10385,16,,310.0903182347616,4,,,,837762,,,,,,,,,,,,,,,,,,,,,,,,,,,,,,
apnea_binary,transformer,,80m,3,False,False,0.4629174525497339,0.4793582532713306,0.7739438459094066,0.7591327846587377,0.8553032298719107,2,48380,10360,10385,16,,310.0903182347616,4,,,,837762,,,,,,,,,,,,,,,,,,,,,,,,,,,,,,
apnea_binary,transformer,,80m,4,False,False,0.4564907545944037,0.4824629448512686,0.7781541548656207,0.7597647019343436,0.8523222656923639,2,48380,10360,10385,16,,310.0903182347616,4,,,,837762,,,,,,,,,,,,,,,,,,,,,,,,,,,,,,
apnea_binary,transformer,,80m,5,False,False,0.4482513424655534,0.4764525544344565,0.7820013856133134,0.7627592012058537,0.8547076858255334,2,48380,10360,10385,16,,310.0903182347616,4,,,,837762,,,,,,,,,,,,,,,,,,,,,,,,,,,,,,
apnea_binary,transformer,,80m,6,False,False,0.4425155473841152,0.4681670212276994,0.7899314235937503,0.7648961051188189,0.8558278172240569,2,48380,10360,10385,16,,310.0903182347616,4,,,,837762,,,,,,,,,,,,,,,,,,,,,,,,,,,,,,
apnea_binary,transformer,,80m,7,False,False,0.4337117201031535,0.4655284609238825,0.7935732225526431,0.7676257752149348,0.8568443660179703,2,48380,10360,10385,16,,310.0903182347616,4,,,,837762,,,,,,,,,,,,,,,,,,,,,,,,,,,,,,
apnea_binary,transformer,,80m,8,False,False,0.427609110199993,0.4798588295106715,0.797269353758224,0.7609999189013085,0.8561507391633039,2,48380,10360,10385,16,,310.0903182347616,4,,,,837762,,,,,,,,,,,,,,,,,,,,,,,,,,,,,,
apnea_binary,transformer,,80m,9,False,False,0.4198693507892941,0.4936171160283266,0.802010925593454,0.7569405099150142,0.8510396199733959,2,48380,10360,10385,16,,310.0903182347616,4,,,,837762,,,,,,,,,,,,,,,,,,,,,,,,,,,,,,
apnea_binary,transformer,,80m,10,True,False,0.4130493938112643,0.4696996012118485,0.8074835682773525,0.7699087499895131,0.8575750559068279,2,48380,10360,10385,16,,310.0903182347616,4,,,,837762,,,,,0.8162670525010335,0.8158179998793187,0.8159515794504746,0.9025923720841822,0.8444037444037444,0.7872322553548929,,,,0.7707528957528957,0.7699087499895131,0.7700543773501964,0.8079320113314448,0.7318854886475814,,,,0.7591718825228695,0.7587876596099814,0.7584895421082596,0.8481847534796599,0.805730659025788,0.7118446601941748,,,
apnea_binary,transformer,,80m,11,False,False,0.4056074266576779,0.4708145506106025,0.8120539042210608,0.7658785178887866,0.8560018345083322,2,48380,10360,10385,16,,310.0903182347616,4,,,,837762,,,,,,,,,,,,,,,,,,,,,,,,,,,,,,
apnea_binary,transformer,,80m,12,False,False,0.4011422145579173,0.4786387530301504,0.8131382927896997,0.7687889355284045,0.8563396525060893,2,48380,10360,10385,16,,310.0903182347616,4,,,,837762,,,,,,,,,,,,,,,,,,,,,,,,,,,,,,
apnea_binary,transformer,,80m,13,False,False,0.3936552167456183,0.4817330244707005,0.8198198343725434,0.7662644358001318,0.8536670311446941,2,48380,10360,10385,16,,310.0903182347616,4,,,,837762,,,,,,,,,,,,,,,,,,,,,,,,,,,,,,
apnea_binary,transformer,,80m,14,False,False,0.386145127147303,0.4908480641639991,0.8218106748976132,0.7637627742091246,0.8526425775587804,2,48380,10360,10385,16,,310.0903182347616,4,,,,837762,,,,,,,,,,,,,,,,,,,,,,,,,,,,,,
apnea_binary,transformer,,80m,15,False,False,0.3807874549306085,0.4815206473364569,0.8274879117802258,0.7661272205427647,0.8551754481634876,2,48380,10360,10385,16,,310.0903182347616,4,,,,837762,,,,,,,,,,,,,,,,,,,,,,,,,,,,,,
apnea_binary,transformer,,80m,16,False,False,0.374782093340233,0.4854285428601146,0.8307079841309157,0.7678780201106111,0.85559760880042,2,48380,10360,10385,16,,310.0903182347616,4,,,,837762,,,,,,,,,,,,,,,,,,,,,,,,,,,,,,
apnea_binary,transformer,,120m,1,False,False,0.4809379526013047,0.5138225949296106,0.7615582474675293,0.7313676688414166,0.8451366233301361,2,48380,10360,10385,14,,931.4028719862303,2,,,,837762,,,,,,,,,,,,,,,,,,,,,,,,,,,,,,
apnea_binary,transformer,,120m,2,False,False,0.4417837398902507,0.4474815022937226,0.7889020168314582,0.7851810318550068,0.8750001631295518,2,48380,10360,10385,14,,931.4028719862303,2,,,,837762,,,,,,,,,,,,,,,,,,,,,,,,,,,,,,
apnea_binary,transformer,,120m,3,False,False,0.433212489220162,0.4474306251694191,0.7933322701067347,0.7873115038027829,0.8791936366424397,2,48380,10360,10385,14,,931.4028719862303,2,,,,837762,,,,,,,,,,,,,,,,,,,,,,,,,,,,,,
apnea_binary,transformer,,120m,4,False,False,0.4251343692326273,0.4292098552529851,0.7979142810306187,0.7965279506174221,0.8815185963028318,2,48380,10360,10385,14,,931.4028719862303,2,,,,837762,,,,,,,,,,,,,,,,,,,,,,,,,,,,,,
apnea_binary,transformer,,120m,5,False,False,0.4178689416841635,0.4342355728657737,0.8030600328164377,0.7940091371192439,0.8784337698680142,2,48380,10360,10385,14,,931.4028719862303,2,,,,837762,,,,,,,,,,,,,,,,,,,,,,,,,,,,,,
apnea_binary,transformer,,120m,6,False,False,0.4077443849152137,0.4557852466594325,0.8081698451501056,0.7847095408415807,0.879960867550922,2,48380,10360,10385,14,,931.4028719862303,2,,,,837762,,,,,,,,,,,,,,,,,,,,,,,,,,,,,,
apnea_binary,transformer,,120m,7,False,False,0.405494608833808,0.4429631854818688,0.8114377626977375,0.7874559899773204,0.87637544779062,2,48380,10360,10385,14,,931.4028719862303,2,,,,837762,,,,,,,,,,,,,,,,,,,,,,,,,,,,,,
apnea_binary,transformer,,120m,8,False,False,0.3976559217736797,0.4267715909117636,0.8136117619527952,0.79612534688334,0.8826115270137878,2,48380,10360,10385,14,,931.4028719862303,2,,,,837762,,,,,,,,,,,,,,,,,,,,,,,,,,,,,,
apnea_binary,transformer,,120m,9,True,False,0.3904046034636805,0.4308405943049142,0.8195533268821803,0.7973822833849289,0.8827507184691549,2,48380,10360,10385,14,,931.4028719862303,2,,,,837762,,,,,0.8344357172385283,0.8342090765022305,0.8343101221375542,0.9181512463767819,0.8486365486365486,0.8197816043679126,,,,0.7978764478764478,0.7973822833849289,0.7975531579457976,0.8196411709159585,0.7751233958538993,,,,0.7872893596533461,0.7869590415519143,0.7868224843153919,0.8726453575170854,0.827316141356256,0.7466019417475728,,,
apnea_binary,transformer,,120m,10,False,False,0.3820000921139039,0.4426493055601673,0.8249963291332464,0.7927987158441675,0.8772008646798419,2,48380,10360,10385,14,,931.4028719862303,2,,,,837762,,,,,,,,,,,,,,,,,,,,,,,,,,,,,,
apnea_binary,transformer,,120m,11,False,False,0.3737985470378411,0.4805350531506437,0.8316769903918161,0.7812032808615478,0.878389286769634,2,48380,10360,10385,14,,931.4028719862303,2,,,,837762,,,,,,,,,,,,,,,,,,,,,,,,,,,,,,
apnea_binary,transformer,,120m,12,False,False,0.3685228404889958,0.4405268713195482,0.8343621247233175,0.7964425639491147,0.8817496436784503,2,48380,10360,10385,14,,931.4028719862303,2,,,,837762,,,,,,,,,,,,,,,,,,,,,,,,,,,,,,
apnea_binary,transformer,,120m,13,False,False,0.3610413734937267,0.4358090859306727,0.8371979227082125,0.7975924874646592,0.8821468035463433,2,48380,10360,10385,14,,931.4028719862303,2,,,,837762,,,,,,,,,,,,,,,,,,,,,,,,,,,,,,
apnea_binary,transformer,,120m,14,False,False,0.3534858392486808,0.4452449837919159,0.8419100421410375,0.7888659886070322,0.8804126898012338,2,48380,10360,10385,14,,931.4028719862303,2,,,,837762,,,,,,,,,,,,,,,,,,,,,,,,,,,,,,
bmi_binary,lstm,,30s,1,False,False,0.5692632559929282,0.6106652217412574,0.697636751248583,0.668705858354659,0.7289044394640216,2,43265,9275,9285,14,,404.83457174301145,32,,,,2148866,,,,,,,,,,,,,,,,,,,,,,,,,,,,,,
bmi_binary,lstm,,30s,2,False,False,0.5626925959761234,0.6161205074407984,0.7034798333267456,0.654653383773359,0.7324103126539825,2,43265,9275,9285,14,,404.83457174301145,32,,,,2148866,,,,,,,,,,,,,,,,,,,,,,,,,,,,,,
bmi_binary,lstm,,30s,3,False,False,0.5592778707382707,0.6120722875055277,0.7042179859720077,0.6615030544826453,0.7250965089356202,2,43265,9275,9285,14,,404.83457174301145,32,,,,2148866,,,,,,,,,,,,,,,,,,,,,,,,,,,,,,
bmi_binary,lstm,,30s,4,False,False,0.5487885658956326,0.6039191352646306,0.7169155757635259,0.6737472117580362,0.7401699171872268,2,43265,9275,9285,14,,404.83457174301145,32,,,,2148866,,,,,,,,,,,,,,,,,,,,,,,,,,,,,,
bmi_binary,lstm,,30s,5,False,False,0.5400614111151817,0.6238789453917758,0.722400071912267,0.6664818876861698,0.7388414689067971,2,43265,9275,9285,14,,404.83457174301145,32,,,,2148866,,,,,,,,,,,,,,,,,,,,,,,,,,,,,,
bmi_binary,lstm,,30s,6,False,False,0.5339066757103839,0.6153415430523957,0.7236228928366967,0.6753526033305253,0.7444614520581332,2,43265,9275,9285,14,,404.83457174301145,32,,,,2148866,,,,,,,,,,,,,,,,,,,,,,,,,,,,,,
bmi_binary,lstm,,30s,7,False,False,0.523466141429455,0.651065932335558,0.735024295890928,0.6563128182304665,0.7413924255188382,2,43265,9275,9285,14,,404.83457174301145,32,,,,2148866,,,,,,,,,,,,,,,,,,,,,,,,,,,,,,
bmi_binary,lstm,,30s,8,False,False,0.5163675522571435,0.6084391733835328,0.7386807159095691,0.6751409353657696,0.7436710483789783,2,43265,9275,9285,14,,404.83457174301145,32,,,,2148866,,,,,,,,,,,,,,,,,,,,,,,,,,,,,,
bmi_binary,lstm,,30s,9,True,False,0.5061551764950124,0.6567602636871955,0.7457459558912595,0.6683337836907052,0.7449309363724508,2,43265,9275,9285,14,,404.83457174301145,32,,,,2148866,,,,,0.7925806078816595,0.7406190001389794,0.7462748457996367,0.8441263526582675,0.8697099538562953,0.6115280464216635,,,,0.7203234501347708,0.6683337836907052,0.6724141696490582,0.8169329073482429,0.5197346600331675,,,,0.7250403877221324,0.6719102115305754,0.6739974746451282,0.754497000442669,0.8110678098207327,0.5327526132404181,,,
bmi_binary,lstm,,30s,10,False,False,0.499412639485473,0.6206309012325626,0.7506054719625036,0.6691699913637351,0.7438829812598351,2,43265,9275,9285,14,,404.83457174301145,32,,,,2148866,,,,,,,,,,,,,,,,,,,,,,,,,,,,,,
bmi_binary,lstm,,30s,11,False,False,0.485011654170582,0.6511701797539333,0.7592165451765867,0.6597461309003438,0.7330750401347893,2,43265,9275,9285,14,,404.83457174301145,32,,,,2148866,,,,,,,,,,,,,,,,,,,,,,,,,,,,,,
bmi_binary,lstm,,30s,12,False,False,0.4765486221202988,0.6327980044202984,0.7653509038122427,0.6679970753262442,0.7371614769602467,2,43265,9275,9285,14,,404.83457174301145,32,,,,2148866,,,,,,,,,,,,,,,,,,,,,,,,,,,,,,
bmi_binary,lstm,,30s,13,False,False,0.4664373323433278,0.646506691628068,0.7737923138026926,0.6720954598678599,0.7401820238530457,2,43265,9275,9285,14,,404.83457174301145,32,,,,2148866,,,,,,,,,,,,,,,,,,,,,,,,,,,,,,
bmi_binary,lstm,,30s,14,False,False,0.4572828823439436,0.6716530492106538,0.7784766074750507,0.662495032823105,0.7349000471550661,2,43265,9275,9285,14,,404.83457174301145,32,,,,2148866,,,,,,,,,,,,,,,,,,,,,,,,,,,,,,
bmi_binary,lstm,,10m,1,False,False,0.5290243449906015,0.5981580074135505,0.7323467114800795,0.693665723565347,0.7705210634791961,2,43265,9275,9285,10,,376.0815001487732,32,,,,2148866,,,,,,,,,,,,,,,,,,,,,,,,,,,,,,
bmi_binary,lstm,,10m,2,False,False,0.5197894033983541,0.7193373449793402,0.7415203515540827,0.6282244263241831,0.7522903056601975,2,43265,9275,9285,10,,376.0815001487732,32,,,,2148866,,,,,,,,,,,,,,,,,,,,,,,,,,,,,,
bmi_binary,lstm,,10m,3,False,False,0.5085040749731221,0.5877234789367635,0.74737402284107,0.6915748732376457,0.767478475566788,2,43265,9275,9285,10,,376.0815001487732,32,,,,2148866,,,,,,,,,,,,,,,,,,,,,,,,,,,,,,
bmi_binary,lstm,,10m,4,False,False,0.4998152199996133,0.589675038400686,0.7540251488928188,0.6904419595314164,0.7692920382114984,2,43265,9275,9285,10,,376.0815001487732,32,,,,2148866,,,,,,,,,,,,,,,,,,,,,,,,,,,,,,
bmi_binary,lstm,,10m,5,True,False,0.4893349989899098,0.5965546727566063,0.7615467958877404,0.6951354780940876,0.7733437975193257,2,43265,9275,9285,10,,376.0815001487732,32,,,,2148866,,,,,0.7840517739512308,0.7887621017252568,0.7617760575608363,0.8754053607789987,0.7770599868160843,0.8004642166344293,,,,0.7039353099730459,0.6951354780940876,0.6809596742618587,0.7202875399361023,0.6699834162520729,,,,0.7176090468497577,0.7130323908739589,0.6927921625808877,0.7894356649946636,0.7250194855806703,0.7010452961672474,,,
bmi_binary,lstm,,10m,6,False,False,0.482402180415777,0.6432209704892654,0.7671666375532489,0.690159294051574,0.767244448683102,2,43265,9275,9285,10,,376.0815001487732,32,,,,2148866,,,,,,,,,,,,,,,,,,,,,,,,,,,,,,
bmi_binary,lstm,,10m,7,False,False,0.471043427270106,0.6911488333738075,0.7749204247413899,0.6779441450892503,0.7624286713397868,2,43265,9275,9285,10,,376.0815001487732,32,,,,2148866,,,,,,,,,,,,,,,,,,,,,,,,,,,,,,
bmi_binary,lstm,,10m,8,False,False,0.4597272881852069,0.6690406749319194,0.7789649159939767,0.6822877094824069,0.767652896327733,2,43265,9275,9285,10,,376.0815001487732,32,,,,2148866,,,,,,,,,,,,,,,,,,,,,,,,,,,,,,
bmi_binary,lstm,,10m,9,False,False,0.4518067612744653,0.6115855008636845,0.7887777974700653,0.6906076645526362,0.767377780956771,2,43265,9275,9285,10,,376.0815001487732,32,,,,2148866,,,,,,,,,,,,,,,,,,,,,,,,,,,,,,
bmi_binary,lstm,,10m,10,False,False,0.4329448416083448,0.6515889698411577,0.7978336620811972,0.6793291264656484,0.7612600469431331,2,43265,9275,9285,10,,376.0815001487732,32,,,,2148866,,,,,,,,,,,,,,,,,,,,,,,,,,,,,,
bmi_binary,lstm,,40m,1,False,False,0.5099426876132328,0.6211450520358638,0.7280758495911583,0.6766436719490937,0.7761612332374338,2,43265,9275,9285,10,,567.3436675230662,8,,,,2148866,,,,,,,,,,,,,,,,,,,,,,,,,,,,,,
bmi_binary,lstm,,40m,2,False,False,0.4931022891414643,0.634200144031178,0.7373197443799415,0.6684525985620354,0.7672884512474899,2,43265,9275,9285,10,,567.3436675230662,8,,,,2148866,,,,,,,,,,,,,,,,,,,,,,,,,,,,,,
bmi_binary,lstm,,40m,3,False,False,0.4876051524460942,0.5558821406920322,0.7435507319368243,0.6980127318678175,0.7780176593072974,2,43265,9275,9285,10,,567.3436675230662,8,,,,2148866,,,,,,,,,,,,,,,,,,,,,,,,,,,,,,
bmi_binary,lstm,,40m,4,False,False,0.4764702539729559,0.5775596959133836,0.7533787353896331,0.6946245873931727,0.781661818702017,2,43265,9275,9285,10,,567.3436675230662,8,,,,2148866,,,,,,,,,,,,,,,,,,,,,,,,,,,,,,
bmi_binary,lstm,,40m,5,True,False,0.467930396244586,0.5641819008718925,0.758774641745581,0.7049662496887236,0.7889373155521646,2,43265,9275,9285,10,,567.3436675230662,8,,,,2148866,,,,,0.8196925921645672,0.7866845257296736,0.7856215705667219,0.8786928058407042,0.8686882003955174,0.7046808510638298,,,,0.7459838274932614,0.7049662496887236,0.7072164534065787,0.8222044728434504,0.5877280265339967,,,,0.7525040387722133,0.7136396348931755,0.7121904995710563,0.7995803878648964,0.8154325798908807,0.6118466898954704,,,
bmi_binary,lstm,,40m,6,False,False,0.4565028620925367,0.6445535428641299,0.7644735741544252,0.6875998071410784,0.7830347993790368,2,43265,9275,9285,10,,567.3436675230662,8,,,,2148866,,,,,,,,,,,,,,,,,,,,,,,,,,,,,,
bmi_binary,lstm,,40m,7,False,False,0.4467554383684201,0.5865607486279666,0.7753542061663494,0.7033052257350096,0.7843858450028875,2,43265,9275,9285,10,,567.3436675230662,8,,,,2148866,,,,,,,,,,,,,,,,,,,,,,,,,,,,,,
bmi_binary,lstm,,40m,8,False,False,0.4367554599336361,0.593640493445721,0.7782121768888763,0.7009570094151183,0.7818578566168095,2,43265,9275,9285,10,,567.3436675230662,8,,,,2148866,,,,,,,,,,,,,,,,,,,,,,,,,,,,,,
bmi_binary,lstm,,40m,9,False,False,0.4236020448220805,0.6060623957642487,0.7880972320152393,0.7021104541191805,0.7815199296382835,2,43265,9275,9285,10,,567.3436675230662,8,,,,2148866,,,,,,,,,,,,,,,,,,,,,,,,,,,,,,
bmi_binary,lstm,,40m,10,False,False,0.4118909173482665,0.6507092405494171,0.7989950388185987,0.6848543491276313,0.7799571100832366,2,43265,9275,9285,10,,567.3436675230662,8,,,,2148866,,,,,,,,,,,,,,,,,,,,,,,,,,,,,,
bmi_binary,lstm,,80m,1,False,False,0.4862283125776557,0.587381410973493,0.7250652629324139,0.6619198999676802,0.7752884406508458,2,43265,9275,9285,16,,288.68411293824516,4,,,,2148866,,,,,,,,,,,,,,,,,,,,,,,,,,,,,,
bmi_binary,lstm,,80m,2,False,False,0.4732490911856694,0.5463433197861652,0.7348595798232539,0.7011694721281769,0.785958175045963,2,43265,9275,9285,16,,288.68411293824516,4,,,,2148866,,,,,,,,,,,,,,,,,,,,,,,,,,,,,,
bmi_binary,lstm,,80m,3,False,False,0.4630096437299522,0.5426521726755923,0.7432864288546697,0.7065243537371715,0.7889731057174194,2,43265,9275,9285,16,,288.68411293824516,4,,,,2148866,,,,,,,,,,,,,,,,,,,,,,,,,,,,,,
bmi_binary,lstm,,80m,4,False,False,0.4553226572403198,0.582948913731665,0.7480876692137719,0.7087528279793789,0.7759487970159851,2,43265,9275,9285,16,,288.68411293824516,4,,,,2148866,,,,,,,,,,,,,,,,,,,,,,,,,,,,,,
bmi_binary,lstm,,80m,5,False,False,0.4476390630126259,0.5394223019974733,0.7576825060660037,0.7044490010013829,0.7886925860579954,2,43265,9275,9285,16,,288.68411293824516,4,,,,2148866,,,,,,,,,,,,,,,,,,,,,,,,,,,,,,
bmi_binary,lstm,,80m,6,False,False,0.4352256617690831,0.5999638515038069,0.7611288887132166,0.7115382883240877,0.7866211805721128,2,43265,9275,9285,16,,288.68411293824516,4,,,,2148866,,,,,,,,,,,,,,,,,,,,,,,,,,,,,,
bmi_binary,lstm,,80m,7,False,False,0.4265986917886354,0.5673050197537215,0.7691223962085405,0.6957319366956485,0.7808755212224289,2,43265,9275,9285,16,,288.68411293824516,4,,,,2148866,,,,,,,,,,,,,,,,,,,,,,,,,,,,,,
bmi_binary,lstm,,80m,8,False,False,0.4115716007247646,0.5821279869804967,0.7850818129541534,0.7164673173006109,0.794783272137714,2,43265,9275,9285,16,,288.68411293824516,4,,,,2148866,,,,,,,,,,,,,,,,,,,,,,,,,,,,,,
bmi_binary,lstm,,80m,9,False,False,0.4012871473377333,0.5981438922815808,0.7932404827812196,0.6945223297781593,0.7895379333365122,2,43265,9275,9285,16,,288.68411293824516,4,,,,2148866,,,,,,,,,,,,,,,,,,,,,,,,,,,,,,
bmi_binary,lstm,,80m,10,True,False,0.3932270933359372,0.5812368142171047,0.794466912069403,0.7094112769485903,0.7966331282882712,2,43265,9275,9285,16,,288.68411293824516,4,,,,2148866,,,,,0.8547555761007744,0.8229645768332847,0.8253651991692079,0.9129567162104786,0.9019446275543836,0.7439845261121857,,,,0.7585983827493261,0.7094112769485903,0.7156115366206384,0.85,0.5688225538971807,,,,0.7701669359181476,0.7212233957324541,0.7254557828151322,0.8052956240953123,0.8494154325798908,0.5930313588850175,,,
bmi_binary,lstm,,80m,11,False,False,0.3814884457904895,0.5920763928901073,0.8027908781074324,0.7096108912307473,0.79097724900524,2,43265,9275,9285,16,,288.68411293824516,4,,,,2148866,,,,,,,,,,,,,,,,,,,,,,,,,,,,,,
bmi_binary,lstm,,80m,12,False,False,0.3651744283264978,0.600657456307559,0.8140248683839758,0.7078205882197108,0.7845292440883973,2,43265,9275,9285,16,,288.68411293824516,4,,,,2148866,,,,,,,,,,,,,,,,,,,,,,,,,,,,,,
bmi_binary,lstm,,80m,13,False,False,0.3510035850698989,0.654352773179142,0.8215624661317449,0.6988841733822898,0.7849791246112356,2,43265,9275,9285,16,,288.68411293824516,4,,,,2148866,,,,,,,,,,,,,,,,,,,,,,,,,,,,,,
bmi_binary,lstm,,80m,14,False,False,0.337121698438069,0.6669353190678953,0.8334039620599039,0.6928571996248789,0.7814713970085674,2,43265,9275,9285,16,,288.68411293824516,4,,,,2148866,,,,,,,,,,,,,,,,,,,,,,,,,,,,,,
bmi_binary,lstm,,80m,15,False,False,0.3310660095113258,0.6705381812191396,0.8360058983359451,0.712433704745707,0.7908071728683526,2,43265,9275,9285,16,,288.68411293824516,4,,,,2148866,,,,,,,,,,,,,,,,,,,,,,,,,,,,,,
bmi_binary,lstm,,80m,16,False,False,0.3202167728440839,0.6789689007285993,0.8434630155465651,0.7058738522509922,0.7890239166256046,2,43265,9275,9285,16,,288.68411293824516,4,,,,2148866,,,,,,,,,,,,,,,,,,,,,,,,,,,,,,
bmi_binary,lstm,,120m,1,False,False,0.4761690707950971,0.5428093749709487,0.7159477501278229,0.7056314540185123,0.7892517444725256,2,43265,9275,9285,13,,417.5636637131373,2,,,,2148866,,,,,,,,,,,,,,,,,,,,,,,,,,,,,,
bmi_binary,lstm,,120m,2,False,False,0.4610108053546662,0.527126818200488,0.7266075579282637,0.7192134376043107,0.7932965894701147,2,43265,9275,9285,13,,417.5636637131373,2,,,,2148866,,,,,,,,,,,,,,,,,,,,,,,,,,,,,,
bmi_binary,lstm,,120m,3,False,False,0.4476020028203039,0.565663088745917,0.7414101052035665,0.6646423102803342,0.7881545414567206,2,43265,9275,9285,13,,417.5636637131373,2,,,,2148866,,,,,,,,,,,,,,,,,,,,,,,,,,,,,,
bmi_binary,lstm,,120m,4,False,False,0.4399939224201744,0.5878065350701445,0.7468247100239835,0.6835755991077626,0.7897058106697609,2,43265,9275,9285,13,,417.5636637131373,2,,,,2148866,,,,,,,,,,,,,,,,,,,,,,,,,,,,,,
bmi_binary,lstm,,120m,5,False,False,0.4268813045625249,0.5279973830939384,0.7574550325199002,0.6912332639253148,0.7922983061264498,2,43265,9275,9285,13,,417.5636637131373,2,,,,2148866,,,,,,,,,,,,,,,,,,,,,,,,,,,,,,
bmi_binary,lstm,,120m,6,False,False,0.4216732480779855,0.5521341300450988,0.7602043953185624,0.702667970053884,0.7884363327134296,2,43265,9275,9285,13,,417.5636637131373,2,,,,2148866,,,,,,,,,,,,,,,,,,,,,,,,,,,,,,
bmi_binary,lstm,,120m,7,False,False,0.414518788405405,0.5759583948996431,0.7715303478692166,0.6776311467158351,0.794483440094522,2,43265,9275,9285,13,,417.5636637131373,2,,,,2148866,,,,,,,,,,,,,,,,,,,,,,,,,,,,,,
bmi_binary,lstm,,120m,8,True,False,0.3988804562263579,0.6321997092803564,0.7795403352590691,0.697191227038397,0.8020055208515463,2,43265,9275,9285,13,,417.5636637131373,2,,,,2148866,,,,,0.848029585114989,0.7850171237898275,0.8043422720866095,0.9025602845379701,0.9415622940013184,0.6284719535783365,,,,0.7709973045822103,0.697191227038397,0.7112508864699361,0.90814696485623,0.48623548922056387,,,,0.7831987075928918,0.7044679689642905,0.71997048009887,0.8082056156492976,0.9106780982073266,0.49825783972125437,,,
bmi_binary,lstm,,120m,9,False,False,0.3927706732624783,0.5909489215807512,0.7877525822751562,0.7051426838120367,0.7991301744737441,2,43265,9275,9285,13,,417.5636637131373,2,,,,2148866,,,,,,,,,,,,,,,,,,,,,,,,,,,,,,
bmi_binary,lstm,,120m,10,False,False,0.3790892029851173,0.5880475099510802,0.7937908411312666,0.7149535866990924,0.7974436920827174,2,43265,9275,9285,13,,417.5636637131373,2,,,,2148866,,,,,,,,,,,,,,,,,,,,,,,,,,,,,,
bmi_binary,lstm,,120m,11,False,False,0.3716234481410759,0.5700633088208112,0.8010203827925675,0.704454961613657,0.7985431733769915,2,43265,9275,9285,13,,417.5636637131373,2,,,,2148866,,,,,,,,,,,,,,,,,,,,,,,,,,,,,,
bmi_binary,lstm,,120m,12,False,False,0.3554845366887738,0.6274969810052622,0.8138433919129301,0.7062839423754497,0.7931682376191459,2,43265,9275,9285,13,,417.5636637131373,2,,,,2148866,,,,,,,,,,,,,,,,,,,,,,,,,,,,,,
bmi_binary,lstm,,120m,13,False,False,0.3425680519615658,0.6266210587026998,0.8241312449874982,0.7103682863637086,0.796012615304733,2,43265,9275,9285,13,,417.5636637131373,2,,,,2148866,,,,,,,,,,,,,,,,,,,,,,,,,,,,,,
bmi_binary,transformer,,30s,1,False,False,0.5837016480266325,0.6129825239104402,0.6876323651103101,0.6656288578407219,0.7257276980380315,2,43265,9275,9285,14,,405.11210378011066,32,,,,837762,,,,,,,,,,,,,,,,,,,,,,,,,,,,,,
bmi_binary,transformer,,30s,2,False,False,0.5752964369206157,0.6462642058015191,0.6934728333560716,0.6485056082738596,0.7273970403573189,2,43265,9275,9285,14,,405.11210378011066,32,,,,837762,,,,,,,,,,,,,,,,,,,,,,,,,,,,,,
bmi_binary,transformer,,30s,3,False,False,0.5673344758236655,0.6117586779465893,0.7026230764424848,0.6611982685083635,0.7311328077397887,2,43265,9275,9285,14,,405.11210378011066,32,,,,837762,,,,,,,,,,,,,,,,,,,,,,,,,,,,,,
bmi_binary,transformer,,30s,4,False,False,0.5640122172764432,0.6154814998737242,0.7051986703880839,0.6640281023000016,0.7407170484107682,2,43265,9275,9285,14,,405.11210378011066,32,,,,837762,,,,,,,,,,,,,,,,,,,,,,,,,,,,,,
bmi_binary,transformer,,30s,5,False,False,0.5550269900863879,0.5979238005918313,0.7145546157092602,0.677041575932902,0.7418665193733145,2,43265,9275,9285,14,,405.11210378011066,32,,,,837762,,,,,,,,,,,,,,,,,,,,,,,,,,,,,,
bmi_binary,transformer,,30s,6,False,False,0.545867802944746,0.6950180983479132,0.7198171273599401,0.6402136018522934,0.7273360036876321,2,43265,9275,9285,14,,405.11210378011066,32,,,,837762,,,,,,,,,,,,,,,,,,,,,,,,,,,,,,
bmi_binary,transformer,,30s,7,False,False,0.5412458966801404,0.6145814934573727,0.7232473616230752,0.6701732286384902,0.73845622791262,2,43265,9275,9285,14,,405.11210378011066,32,,,,837762,,,,,,,,,,,,,,,,,,,,,,,,,,,,,,
bmi_binary,transformer,,30s,8,False,False,0.533309359959229,0.6632805623648301,0.7296672718857462,0.6462257403080445,0.7344432788135998,2,43265,9275,9285,14,,405.11210378011066,32,,,,837762,,,,,,,,,,,,,,,,,,,,,,,,,,,,,,
bmi_binary,transformer,,30s,9,True,False,0.5247518642533106,0.6328161262951771,0.7337412803188621,0.6717264317390683,0.7424027890367121,2,43265,9275,9285,14,,405.11210378011066,32,,,,837762,,,,,0.7754998266497168,0.7380106376603522,0.7351792880717962,0.8323377951239912,0.8311470006591958,0.6448742746615087,,,,0.7135309973045822,0.6717264317390683,0.672355520593114,0.7912140575079872,0.5522388059701493,,,,0.7186860527732902,0.6741470475611113,0.6729253560941264,0.747446723570899,0.7908028059236165,0.5574912891986062,,,
bmi_binary,transformer,,30s,10,False,False,0.5166785036072378,0.6166481537896025,0.7386566559010772,0.6712630934782955,0.7405419918511807,2,43265,9275,9285,14,,405.11210378011066,32,,,,837762,,,,,,,,,,,,,,,,,,,,,,,,,,,,,,
bmi_binary,transformer,,30s,11,False,False,0.5107279579515169,0.628644859482336,0.7468435869940799,0.671781534288091,0.7390052135488692,2,43265,9275,9285,14,,405.11210378011066,32,,,,837762,,,,,,,,,,,,,,,,,,,,,,,,,,,,,,
bmi_binary,transformer,,30s,12,False,False,0.5019133657681988,0.6278397830541564,0.7518004268834575,0.6694726580092085,0.734136055611188,2,43265,9275,9285,14,,405.11210378011066,32,,,,837762,,,,,,,,,,,,,,,,,,,,,,,,,,,,,,
bmi_binary,transformer,,30s,13,False,False,0.4937193735733096,0.6454010978541926,0.7577966922907244,0.6695918702546904,0.7367767393066615,2,43265,9275,9285,14,,405.11210378011066,32,,,,837762,,,,,,,,,,,,,,,,,,,,,,,,,,,,,,
bmi_binary,transformer,,30s,14,False,False,0.4862848136895628,0.6355630597849741,0.7628043616575013,0.6717476250271539,0.7361089652906925,2,43265,9275,9285,14,,405.11210378011066,32,,,,837762,,,,,,,,,,,,,,,,,,,,,,,,,,,,,,
bmi_binary,transformer,,10m,1,False,False,0.5328653138716841,0.6218788263932714,0.7313867400919813,0.6846311573124791,0.7665353742469759,2,43265,9275,9285,8,,300.4433828632037,32,,,,837762,,,,,,,,,,,,,,,,,,,,,,,,,,,,,,
bmi_binary,transformer,,10m,2,False,False,0.5289257845079005,0.612663373921438,0.7332364919054073,0.6878248533689381,0.7670444370267937,2,43265,9275,9285,8,,300.4433828632037,32,,,,837762,,,,,,,,,,,,,,,,,,,,,,,,,,,,,,
bmi_binary,transformer,,10m,3,True,False,0.5258378580541511,0.595548953399504,0.7377832214910575,0.6896335680489989,0.7732895956850466,2,43265,9275,9285,8,,300.4433828632037,32,,,,837762,,,,,0.7778111637582341,0.7569339809687501,0.745451518795428,0.845358849862742,0.8088002636783125,0.7050676982591876,,,,0.7176280323450135,0.6896335680489989,0.6851234149618464,0.7696485623003195,0.6096185737976783,,,,0.735271943995692,0.7086782122692622,0.7006172373093358,0.7861613270291482,0.7783320342946219,0.6390243902439025,,,
bmi_binary,transformer,,10m,4,False,False,0.5186359410745814,0.6111979923736696,0.7427563755197383,0.6872314413025395,0.7649874164851991,2,43265,9275,9285,8,,300.4433828632037,32,,,,837762,,,,,,,,,,,,,,,,,,,,,,,,,,,,,,
bmi_binary,transformer,,10m,5,False,False,0.5109817194054199,0.6061406587783217,0.7462195695719307,0.6920819226550952,0.7703622462766043,2,43265,9275,9285,8,,300.4433828632037,32,,,,837762,,,,,,,,,,,,,,,,,,,,,,,,,,,,,,
bmi_binary,transformer,,10m,6,False,False,0.5055427426563361,0.601864919617491,0.75227867533524,0.6961683859721626,0.7731295333767796,2,43265,9275,9285,8,,300.4433828632037,32,,,,837762,,,,,,,,,,,,,,,,,,,,,,,,,,,,,,
bmi_binary,transformer,,10m,7,False,False,0.4986460714688484,0.6057132487476997,0.7564099330731402,0.6875107953311186,0.7680357795686106,2,43265,9275,9285,8,,300.4433828632037,32,,,,837762,,,,,,,,,,,,,,,,,,,,,,,,,,,,,,
bmi_binary,transformer,,10m,8,False,False,0.4913239726163666,0.5950755927890459,0.7619227542398274,0.6867136627829966,0.7660207217374257,2,43265,9275,9285,8,,300.4433828632037,32,,,,837762,,,,,,,,,,,,,,,,,,,,,,,,,,,,,,
bmi_binary,transformer,,40m,1,False,False,0.5105644442448447,0.5678986616340288,0.7279494038549565,0.6832027296955054,0.7869815459443994,2,43265,9275,9285,15,,411.9948662996292,8,,,,837762,,,,,,,,,,,,,,,,,,,,,,,,,,,,,,
bmi_binary,transformer,,40m,2,False,False,0.5013970354113649,0.5677332152659199,0.7299448927627443,0.7051134105828685,0.7860711882546797,2,43265,9275,9285,15,,411.9948662996292,8,,,,837762,,,,,,,,,,,,,,,,,,,,,,,,,,,,,,
bmi_binary,transformer,,40m,3,False,False,0.4968792700928015,0.5493828645338508,0.7368501662014895,0.7007972650061725,0.7866311149259029,2,43265,9275,9285,15,,411.9948662996292,8,,,,837762,,,,,,,,,,,,,,,,,,,,,,,,,,,,,,
bmi_binary,transformer,,40m,4,False,False,0.4895879103930978,0.6171446267760426,0.7411449988460886,0.6746597152681746,0.7830140034651026,2,43265,9275,9285,15,,411.9948662996292,8,,,,837762,,,,,,,,,,,,,,,,,,,,,,,,,,,,,,
bmi_binary,transformer,,40m,5,False,False,0.482932715657373,0.5939779604164095,0.7487789258806384,0.681758274654417,0.7786573522165531,2,43265,9275,9285,15,,411.9948662996292,8,,,,837762,,,,,,,,,,,,,,,,,,,,,,,,,,,,,,
bmi_binary,transformer,,40m,6,False,False,0.475866477630837,0.5671783593246799,0.7507011828547895,0.7114007968676319,0.7897852590084721,2,43265,9275,9285,15,,411.9948662996292,8,,,,837762,,,,,,,,,,,,,,,,,,,,,,,,,,,,,,
bmi_binary,transformer,,40m,7,False,False,0.4707405599938656,0.587130095745836,0.7537159771461795,0.686303572658539,0.791025490227245,2,43265,9275,9285,15,,411.9948662996292,8,,,,837762,,,,,,,,,,,,,,,,,,,,,,,,,,,,,,
bmi_binary,transformer,,40m,8,False,False,0.461555542818204,0.5878221116692952,0.7615276447840018,0.6966717265641971,0.7835516771838359,2,43265,9275,9285,15,,411.9948662996292,8,,,,837762,,,,,,,,,,,,,,,,,,,,,,,,,,,,,,
bmi_binary,transformer,,40m,9,False,False,0.4539742796671166,0.5896973115261995,0.7618594931205206,0.6988403297675626,0.7871490259034963,2,43265,9275,9285,15,,411.9948662996292,8,,,,837762,,,,,,,,,,,,,,,,,,,,,,,,,,,,,,
bmi_binary,transformer,,40m,10,True,False,0.4476218618302728,0.5587450601943741,0.7713811299151205,0.7098995173228639,0.7923828143626913,2,43265,9275,9285,15,,411.9948662996292,8,,,,837762,,,,,0.8150699179475327,0.7993760208290567,0.787401722258642,0.885857071819189,0.8383651944627555,0.7603868471953579,,,,0.7377897574123989,0.7098995173228639,0.7061607245395396,0.7896166134185304,0.6301824212271974,,,,0.7469036079698438,0.7207543839161807,0.7130065702519037,0.8028074444423322,0.7892439594699922,0.6522648083623693,,,
bmi_binary,transformer,,40m,11,False,False,0.4372609290769751,0.5915035358902739,0.7779696769940673,0.7072553897180762,0.7916053915724891,2,43265,9275,9285,15,,411.9948662996292,8,,,,837762,,,,,,,,,,,,,,,,,,,,,,,,,,,,,,
bmi_binary,transformer,,40m,12,False,False,0.4286518476402743,0.5999507235609135,0.783238047454446,0.7041431553626967,0.7895553118327426,2,43265,9275,9285,15,,411.9948662996292,8,,,,837762,,,,,,,,,,,,,,,,,,,,,,,,,,,,,,
bmi_binary,transformer,,40m,13,False,False,0.4159515071785131,0.6009343415533878,0.7915129371953451,0.7048818739105325,0.7864801657315128,2,43265,9275,9285,15,,411.9948662996292,8,,,,837762,,,,,,,,,,,,,,,,,,,,,,,,,,,,,,
bmi_binary,transformer,,40m,14,False,False,0.4096059323430895,0.6518108011364455,0.7961056638560531,0.684518567969524,0.7871515161148465,2,43265,9275,9285,15,,411.9948662996292,8,,,,837762,,,,,,,,,,,,,,,,,,,,,,,,,,,,,,
bmi_binary,transformer,,40m,15,False,False,0.4016060538033507,0.6058398056466062,0.7993494234905756,0.7045344364439782,0.789132611701874,2,43265,9275,9285,15,,411.9948662996292,8,,,,837762,,,,,,,,,,,,,,,,,,,,,,,,,,,,,,
bmi_binary,transformer,,80m,1,False,False,0.4880055254764778,0.5280478811655646,0.7186470739740071,0.7052151383656796,0.8000460159267561,2,43265,9275,9285,13,,284.591888209184,4,,,,837762,,,,,,,,,,,,,,,,,,,,,,,,,,,,,,
bmi_binary,transformer,,80m,2,False,False,0.4801660104552481,0.5597373830336786,0.7298982390419858,0.6814562702991962,0.7910848844171051,2,43265,9275,9285,13,,284.591888209184,4,,,,837762,,,,,,,,,,,,,,,,,,,,,,,,,,,,,,
bmi_binary,transformer,,80m,3,False,False,0.4683515367807757,0.5432799441787111,0.7378411146911407,0.6973794499282078,0.8024030009695928,2,43265,9275,9285,13,,284.591888209184,4,,,,837762,,,,,,,,,,,,,,,,,,,,,,,,,,,,,,
bmi_binary,transformer,,80m,4,False,False,0.4671571200835567,0.5472181564812721,0.7405861423531377,0.7011125151664468,0.7969511865592167,2,43265,9275,9285,13,,284.591888209184,4,,,,837762,,,,,,,,,,,,,,,,,,,,,,,,,,,,,,
bmi_binary,transformer,,80m,5,False,False,0.456733858879602,0.5866529707453462,0.7460724235581526,0.6816301877195492,0.7992581819337816,2,43265,9275,9285,13,,284.591888209184,4,,,,837762,,,,,,,,,,,,,,,,,,,,,,,,,,,,,,
bmi_binary,transformer,,80m,6,False,False,0.4493494103044335,0.551741483229943,0.7509348849722488,0.7171774249095311,0.7973529583181007,2,43265,9275,9285,13,,284.591888209184,4,,,,837762,,,,,,,,,,,,,,,,,,,,,,,,,,,,,,
bmi_binary,transformer,,80m,7,False,False,0.4384242272577696,0.5803190326985133,0.7595695528051521,0.6911472986505174,0.7977003163098246,2,43265,9275,9285,13,,284.591888209184,4,,,,837762,,,,,,,,,,,,,,,,,,,,,,,,,,,,,,
bmi_binary,transformer,,80m,8,True,False,0.4325922567179674,0.5641871021829942,0.7682782813478195,0.7184626653738762,0.8045120775250478,2,43265,9275,9285,13,,284.591888209184,4,,,,837762,,,,,0.8231827111984283,0.7919041832793778,0.7902066773353967,0.882535968246399,0.8696110744891232,0.7141972920696325,,,,0.7596765498652291,0.7184626653738762,0.7217569242455864,0.8362619808306709,0.6006633499170813,,,,0.769089929994615,0.7263166685224363,0.7278339690742792,0.8128306641935142,0.8383476227591582,0.6142857142857143,,,
bmi_binary,transformer,,80m,9,False,False,0.424682926115176,0.5474048478246197,0.7702794633100809,0.7168538298920732,0.8020378671074871,2,43265,9275,9285,13,,284.591888209184,4,,,,837762,,,,,,,,,,,,,,,,,,,,,,,,,,,,,,
bmi_binary,transformer,,80m,10,False,False,0.4136343512433389,0.5877420984783318,0.7779210023345986,0.706973783902638,0.7974547920673523,2,43265,9275,9285,13,,284.591888209184,4,,,,837762,,,,,,,,,,,,,,,,,,,,,,,,,,,,,,
bmi_binary,transformer,,80m,11,False,False,0.4065274132543503,0.5864064279854588,0.7818777644465242,0.7061818172184869,0.7947483032123728,2,43265,9275,9285,13,,284.591888209184,4,,,,837762,,,,,,,,,,,,,,,,,,,,,,,,,,,,,,
bmi_binary,transformer,,80m,12,False,False,0.3984638128053541,0.5916261422338662,0.7909405461507174,0.7187376482867875,0.8003210783144978,2,43265,9275,9285,13,,284.591888209184,4,,,,837762,,,,,,,,,,,,,,,,,,,,,,,,,,,,,,
bmi_binary,transformer,,80m,13,False,False,0.3859411317109627,0.5803114764911758,0.7990530531475004,0.7132993181059558,0.7989680458198889,2,43265,9275,9285,13,,284.591888209184,4,,,,837762,,,,,,,,,,,,,,,,,,,,,,,,,,,,,,
bmi_binary,transformer,,120m,1,False,False,0.4702995140394889,0.5053178667694812,0.7157661079015516,0.7186217474925691,0.8039293150859123,2,43265,9275,9285,10,,823.7841486612956,2,,,,837762,,,,,,,,,,,,,,,,,,,,,,,,,,,,,,
bmi_binary,transformer,,120m,2,False,False,0.4587080032072077,0.5288516982677932,0.7314682980380957,0.7128653855324019,0.7997804375354326,2,43265,9275,9285,10,,823.7841486612956,2,,,,837762,,,,,,,,,,,,,,,,,,,,,,,,,,,,,,
bmi_binary,transformer,,120m,3,False,False,0.452270116510294,0.5493661907824721,0.735586913752456,0.6781543560154499,0.8042773883511092,2,43265,9275,9285,10,,823.7841486612956,2,,,,837762,,,,,,,,,,,,,,,,,,,,,,,,,,,,,,
bmi_binary,transformer,,120m,4,False,False,0.4470466434979437,0.5938668203443876,0.7389297503853809,0.6602337089843646,0.806170001960379,2,43265,9275,9285,10,,823.7841486612956,2,,,,837762,,,,,,,,,,,,,,,,,,,,,,,,,,,,,,
bmi_binary,transformer,,120m,5,True,False,0.43865972207208,0.5027565230743463,0.7463452375336133,0.714967097420247,0.811430997303154,2,43265,9275,9285,10,,823.7841486612956,2,,,,837762,,,,,0.8199699526175893,0.7735815942847598,0.7799116073026557,0.8751842165324261,0.8888266315095583,0.6583365570599613,,,,0.769811320754717,0.714967097420247,0.7241373387283865,0.8717252396166134,0.5582089552238806,,,,0.7778136779752288,0.7228100787298932,0.7302165561227993,0.8208958207163631,0.8668745128604832,0.5787456445993031,,,
bmi_binary,transformer,,120m,6,False,False,0.4323491210494627,0.5272791992229814,0.7489554806965291,0.7243252586905726,0.8090799993642014,2,43265,9275,9285,10,,823.7841486612956,2,,,,837762,,,,,,,,,,,,,,,,,,,,,,,,,,,,,,
bmi_binary,transformer,,120m,7,False,False,0.4230257812992886,0.6315278809890433,0.7590714519775236,0.6533801969916128,0.8089804174018089,2,43265,9275,9285,10,,823.7841486612956,2,,,,837762,,,,,,,,,,,,,,,,,,,,,,,,,,,,,,
bmi_binary,transformer,,120m,8,False,False,0.4115755071684585,0.5361350970168666,0.7640133675214111,0.7073738072152549,0.7999754157858207,2,43265,9275,9285,10,,823.7841486612956,2,,,,837762,,,,,,,,,,,,,,,,,,,,,,,,,,,,,,
bmi_binary,transformer,,120m,9,False,False,0.4034878308100963,0.5650302543729228,0.7731013312694683,0.682753829362241,0.809294422456408,2,43265,9275,9285,10,,823.7841486612956,2,,,,837762,,,,,,,,,,,,,,,,,,,,,,,,,,,,,,
bmi_binary,transformer,,120m,10,False,False,0.3923699835075688,0.5493285345693772,0.7819339235919412,0.6952912487615173,0.7996280048108764,2,43265,9275,9285,10,,823.7841486612956,2,,,,837762,,,,,,,,,,,,,,,,,,,,,,,,,,,,,,
sex_binary,lstm,,30s,1,False,False,0.462766339923911,0.5585216537900034,0.7768505107780928,0.7032898449624556,0.8134409634587951,2,33335,7145,7155,12,,244.2487300713857,32,,,,2148866,,,,,,,,,,,,,,,,,,,,,,,,,,,,,,
sex_binary,lstm,,30s,2,False,False,0.4494290912868344,0.5264571580584855,0.7856114396291796,0.7364328431910457,0.8274437616591682,2,33335,7145,7155,12,,244.2487300713857,32,,,,2148866,,,,,,,,,,,,,,,,,,,,,,,,,,,,,,
sex_binary,lstm,,30s,3,False,False,0.4330605986773815,0.5109578760542847,0.7934934251383826,0.7411451066764905,0.8321026477089244,2,33335,7145,7155,12,,244.2487300713857,32,,,,2148866,,,,,,,,,,,,,,,,,,,,,,,,,,,,,,
sex_binary,lstm,,30s,4,False,False,0.423409539574677,0.5102503749188049,0.7999066288645875,0.7395904202787227,0.8320414321769527,2,33335,7145,7155,12,,244.2487300713857,32,,,,2148866,,,,,,,,,,,,,,,,,,,,,,,,,,,,,,
sex_binary,lstm,,30s,5,False,False,0.4078024915352886,0.5228313722086587,0.8120552900409523,0.7370681208947971,0.8344580348324999,2,33335,7145,7155,12,,244.2487300713857,32,,,,2148866,,,,,,,,,,,,,,,,,,,,,,,,,,,,,,
sex_binary,lstm,,30s,6,False,False,0.3955386544017754,0.5366039841303548,0.8175340443724405,0.7313082958411061,0.8353611794767287,2,33335,7145,7155,12,,244.2487300713857,32,,,,2148866,,,,,,,,,,,,,,,,,,,,,,,,,,,,,,
sex_binary,lstm,,30s,7,True,False,0.3827884762258888,0.5043768133960294,0.8254080644435444,0.7523445705507046,0.84264974682949,2,33335,7145,7155,12,,244.2487300713857,32,,,,2148866,,,,,0.8450877456127194,0.845044309437019,0.8450573364922198,0.9259574798613922,0.8415552855407047,0.8485333333333334,,,,0.7522743177046886,0.7523445705507046,0.7522470193200563,0.7486263736263736,0.7560627674750356,,,,0.740880503144654,0.7411293895329463,0.7404687279898577,0.8322421559825457,0.7453194650817236,0.7369393139841689,,,
sex_binary,lstm,,30s,8,False,False,0.3684781066012808,0.5189418272925391,0.8352757301651591,0.7412791381229327,0.8423109843081311,2,33335,7145,7155,12,,244.2487300713857,32,,,,2148866,,,,,,,,,,,,,,,,,,,,,,,,,,,,,,
sex_binary,lstm,,30s,9,False,False,0.3513221150764518,0.5282799666039671,0.8435468970793394,0.750293732658212,0.8404339170102366,2,33335,7145,7155,12,,244.2487300713857,32,,,,2148866,,,,,,,,,,,,,,,,,,,,,,,,,,,,,,
sex_binary,lstm,,30s,10,False,False,0.337691532126141,0.5293677556673241,0.8513437289050898,0.7504205138655924,0.842241225251211,2,33335,7145,7155,12,,244.2487300713857,32,,,,2148866,,,,,,,,,,,,,,,,,,,,,,,,,,,,,,
sex_binary,lstm,,30s,11,False,False,0.3219259597648293,0.5606387793058445,0.8597438639125152,0.7499468968976815,0.8406052969854683,2,33335,7145,7155,12,,244.2487300713857,32,,,,2148866,,,,,,,,,,,,,,,,,,,,,,,,,,,,,,
sex_binary,lstm,,30s,12,False,False,0.3095214394256596,0.5484373391633938,0.8661979028846587,0.7449203257512815,0.8375302158611716,2,33335,7145,7155,12,,244.2487300713857,32,,,,2148866,,,,,,,,,,,,,,,,,,,,,,,,,,,,,,
sex_binary,lstm,,10m,1,False,False,0.3794378740919464,0.4736631508053726,0.8322814004770263,0.7852980828016491,0.877237462964995,2,33335,7145,7155,16,,456.79088612794874,32,,,,2148866,,,,,,,,,,,,,,,,,,,,,,,,,,,,,,
sex_binary,lstm,,10m,2,False,False,0.3545736932707133,0.4732409378087462,0.8449773367535214,0.7840853333542349,0.8765138499161323,2,33335,7145,7155,16,,456.79088612794874,32,,,,2148866,,,,,,,,,,,,,,,,,,,,,,,,,,,,,,
sex_binary,lstm,,10m,3,False,False,0.3348874025228983,0.4798060768963658,0.8540908239953198,0.7925616466272671,0.8806751344233512,2,33335,7145,7155,16,,456.79088612794874,32,,,,2148866,,,,,,,,,,,,,,,,,,,,,,,,,,,,,,
sex_binary,lstm,,10m,4,False,False,0.3232072904064538,0.4980224983051075,0.861958363710004,0.7948540938376887,0.8842756815224718,2,33335,7145,7155,16,,456.79088612794874,32,,,,2148866,,,,,,,,,,,,,,,,,,,,,,,,,,,,,,
sex_binary,lstm,,10m,5,False,False,0.3141703989903788,0.4740926236602457,0.8657295531254219,0.7834935570848552,0.8760626890940728,2,33335,7145,7155,16,,456.79088612794874,32,,,,2148866,,,,,,,,,,,,,,,,,,,,,,,,,,,,,,
sex_binary,lstm,,10m,6,False,False,0.2968258328933631,0.5016266154066678,0.8746819405067279,0.7812947751250177,0.8820705898951264,2,33335,7145,7155,16,,456.79088612794874,32,,,,2148866,,,,,,,,,,,,,,,,,,,,,,,,,,,,,,
sex_binary,lstm,,10m,7,False,False,0.282147889829601,0.4751392267065669,0.8831951217316952,0.7915877631640827,0.8822043861986799,2,33335,7145,7155,16,,456.79088612794874,32,,,,2148866,,,,,,,,,,,,,,,,,,,,,,,,,,,,,,
sex_binary,lstm,,10m,8,False,False,0.2672568590959831,0.5160237313067688,0.8902492237073039,0.7821140521390164,0.8810699001426534,2,33335,7145,7155,16,,456.79088612794874,32,,,,2148866,,,,,,,,,,,,,,,,,,,,,,,,,,,,,,
sex_binary,lstm,,10m,9,False,False,0.2558752495612772,0.5137564001590577,0.8971352504387742,0.7930691633616027,0.884859502124124,2,33335,7145,7155,16,,456.79088612794874,32,,,,2148866,,,,,,,,,,,,,,,,,,,,,,,,,,,,,,
sex_binary,lstm,,10m,10,False,False,0.2406984161491138,0.5114146478698335,0.9035790828495568,0.7951817262623254,0.887145953190889,2,33335,7145,7155,16,,456.79088612794874,32,,,,2148866,,,,,,,,,,,,,,,,,,,,,,,,,,,,,,
sex_binary,lstm,,10m,11,True,False,0.227060444503285,0.5406101567166264,0.910270410872598,0.7920116082205954,0.8882071922371495,2,33335,7145,7155,16,,456.79088612794874,32,,,,2148866,,,,,0.9212539373031349,0.9211053957967688,0.9212107998025326,0.9763995391746546,0.9091737545565006,0.933037037037037,,,,0.7920223932820154,0.7920116082205954,0.7919721864410978,0.7925824175824175,0.7914407988587732,,,,0.7958071278825996,0.7958922557602512,0.7953771138607992,0.8866062642364556,0.7973254086181278,0.7944591029023746,,,
sex_binary,lstm,,10m,12,False,False,0.2103640637533032,0.5360555520835166,0.9170904639755186,0.7975901772977378,0.8880907965073443,2,33335,7145,7155,16,,456.79088612794874,32,,,,2148866,,,,,,,,,,,,,,,,,,,,,,,,,,,,,,
sex_binary,lstm,,10m,13,False,False,0.1970122451177508,0.5736844881920651,0.923225795418748,0.7970364157953316,0.8827403552225235,2,33335,7145,7155,16,,456.79088612794874,32,,,,2148866,,,,,,,,,,,,,,,,,,,,,,,,,,,,,,
sex_binary,lstm,,10m,14,False,False,0.1877922138324094,0.5853844519675904,0.9283656721119662,0.7946113088053174,0.886125472245301,2,33335,7145,7155,16,,456.79088612794874,32,,,,2148866,,,,,,,,,,,,,,,,,,,,,,,,,,,,,,
sex_binary,lstm,,10m,15,False,False,0.1757321268257501,0.5940181321994336,0.9347928176049682,0.7942090185135835,0.8845414713674342,2,33335,7145,7155,16,,456.79088612794874,32,,,,2148866,,,,,,,,,,,,,,,,,,,,,,,,,,,,,,
sex_binary,lstm,,10m,16,False,False,0.1676410552599815,0.6031672006390827,0.9380548220152108,0.7949961593328212,0.8856041996519886,2,33335,7145,7155,16,,456.79088612794874,32,,,,2148866,,,,,,,,,,,,,,,,,,,,,,,,,,,,,,
sex_binary,lstm,,40m,1,False,False,0.3675138802353538,0.4508034732633324,0.8442425633409838,0.8010236553745826,0.8930862112210186,2,33335,7145,7155,13,,108.74110125700632,8,,,,2148866,,,,,,,,,,,,,,,,,,,,,,,,,,,,,,
sex_binary,lstm,,40m,2,False,False,0.3354058682943414,0.432989989688517,0.8607198955942577,0.8138220908905645,0.8984890893699738,2,33335,7145,7155,13,,108.74110125700632,8,,,,2148866,,,,,,,,,,,,,,,,,,,,,,,,,,,,,,
sex_binary,lstm,,40m,3,False,False,0.3180516535719446,0.4045108541210186,0.8700863597497863,0.8177160571240457,0.90697520026336,2,33335,7145,7155,13,,108.74110125700632,8,,,,2148866,,,,,,,,,,,,,,,,,,,,,,,,,,,,,,
sex_binary,lstm,,40m,4,False,False,0.296742891111832,0.4318538508621065,0.88014874218082,0.8244558401655406,0.9081344547036416,2,33335,7145,7155,13,,108.74110125700632,8,,,,2148866,,,,,,,,,,,,,,,,,,,,,,,,,,,,,,
sex_binary,lstm,,40m,5,False,False,0.2877776360488269,0.4243768997036802,0.8874304216731921,0.81777347117932,0.9052080230753554,2,33335,7145,7155,13,,108.74110125700632,8,,,,2148866,,,,,,,,,,,,,,,,,,,,,,,,,,,,,,
sex_binary,lstm,,40m,6,False,False,0.2723346396065936,0.4401532949268442,0.8925969308311957,0.8246845166246022,0.9075202222884108,2,33335,7145,7155,13,,108.74110125700632,8,,,,2148866,,,,,,,,,,,,,,,,,,,,,,,,,,,,,,
sex_binary,lstm,,40m,7,True,False,0.2551513317087197,0.4244533237901453,0.9017171504432744,0.8343947422050133,0.9143629195341035,2,33335,7145,7155,13,,108.74110125700632,8,,,,2148866,,,,,0.9187940602969852,0.9187034066873678,0.9187655954887952,0.9749059970298366,0.9114216281895504,0.9259851851851851,,,,0.834149755073478,0.8343947422050133,0.8341484555771844,0.8214285714285714,0.8473609129814551,,,,0.8308874912648497,0.8303553576119216,0.8303111148116109,0.9110336891875468,0.8213967310549777,0.8393139841688655,,,
sex_binary,lstm,,40m,8,False,False,0.244621440903044,0.4758570152091773,0.9071448539669682,0.8250489881017697,0.908039496167171,2,33335,7145,7155,13,,108.74110125700632,8,,,,2148866,,,,,,,,,,,,,,,,,,,,,,,,,,,,,,
sex_binary,lstm,,40m,9,False,False,0.2278061729204175,0.4622140974589761,0.9146702938661626,0.8285291028514994,0.9113247558433006,2,33335,7145,7155,13,,108.74110125700632,8,,,,2148866,,,,,,,,,,,,,,,,,,,,,,,,,,,,,,
sex_binary,lstm,,40m,10,False,False,0.2154156366359815,0.5023674185861599,0.9196030061653392,0.8238115486510637,0.9075508692448778,2,33335,7145,7155,13,,108.74110125700632,8,,,,2148866,,,,,,,,,,,,,,,,,,,,,,,,,,,,,,
sex_binary,lstm,,40m,11,False,False,0.1978416286461145,0.4932434530218996,0.9270756581611987,0.8260838127635559,0.9099515213744886,2,33335,7145,7155,13,,108.74110125700632,8,,,,2148866,,,,,,,,,,,,,,,,,,,,,,,,,,,,,,
sex_binary,lstm,,40m,12,False,False,0.1856843592755209,0.5214550563532461,0.9350166599162956,0.827083561944475,0.909772695207788,2,33335,7145,7155,13,,108.74110125700632,8,,,,2148866,,,,,,,,,,,,,,,,,,,,,,,,,,,,,,
sex_binary,lstm,,40m,13,False,False,0.1694808102075529,0.5297467110263402,0.9400845776517708,0.8351448480193131,0.9117710570456646,2,33335,7145,7155,13,,108.74110125700632,8,,,,2148866,,,,,,,,,,,,,,,,,,,,,,,,,,,,,,
sex_binary,lstm,,80m,1,False,False,0.3633277768037912,0.4240464945403113,0.8479395526753972,0.8225809675346052,0.9043030756689816,2,33335,7145,7155,18,,438.8821732083956,4,,,,2148866,,,,,,,,,,,,,,,,,,,,,,,,,,,,,,
sex_binary,lstm,,80m,2,False,False,0.3284334719296437,0.3950051250702006,0.8692938301606589,0.8319418099731937,0.9138800144220972,2,33335,7145,7155,18,,438.8821732083956,4,,,,2148866,,,,,,,,,,,,,,,,,,,,,,,,,,,,,,
sex_binary,lstm,,80m,3,False,False,0.3062688147240327,0.3807231075911828,0.8805777507762926,0.8380247605461586,0.9168835337273284,2,33335,7145,7155,18,,438.8821732083956,4,,,,2148866,,,,,,,,,,,,,,,,,,,,,,,,,,,,,,
sex_binary,lstm,,80m,4,False,False,0.2980488773495177,0.3838723215543025,0.8872391971558435,0.840326809424527,0.920659105516452,2,33335,7145,7155,18,,438.8821732083956,4,,,,2148866,,,,,,,,,,,,,,,,,,,,,,,,,,,,,,
sex_binary,lstm,,80m,5,False,False,0.2836242412968815,0.4400749496095654,0.8947359974798614,0.8369156699220893,0.917926510009249,2,33335,7145,7155,18,,438.8821732083956,4,,,,2148866,,,,,,,,,,,,,,,,,,,,,,,,,,,,,,
sex_binary,lstm,,80m,6,False,False,0.2651329514349455,0.3999413629309479,0.902583133072319,0.8427699440359926,0.9234937138467808,2,33335,7145,7155,18,,438.8821732083956,4,,,,2148866,,,,,,,,,,,,,,,,,,,,,,,,,,,,,,
sex_binary,lstm,,80m,7,False,False,0.2487033254005131,0.4412225614699416,0.9081784078124298,0.8490441441582668,0.9232709159599316,2,33335,7145,7155,18,,438.8821732083956,4,,,,2148866,,,,,,,,,,,,,,,,,,,,,,,,,,,,,,
sex_binary,lstm,,80m,8,False,False,0.2393287762139419,0.3917267988028592,0.916157004635255,0.8516865623677321,0.9271698593845524,2,33335,7145,7155,18,,438.8821732083956,4,,,,2148866,,,,,,,,,,,,,,,,,,,,,,,,,,,,,,
sex_binary,lstm,,80m,9,False,False,0.2241950288780772,0.4056110781535345,0.9235108860987354,0.8515488078255553,0.9264286890000156,2,33335,7145,7155,18,,438.8821732083956,4,,,,2148866,,,,,,,,,,,,,,,,,,,,,,,,,,,,,,
sex_binary,lstm,,80m,10,False,False,0.2098591097403946,0.5696843983508559,0.926894892219072,0.8284795268925084,0.9164588264802244,2,33335,7145,7155,18,,438.8821732083956,4,,,,2148866,,,,,,,,,,,,,,,,,,,,,,,,,,,,,,
sex_binary,lstm,,80m,11,False,False,0.1972487203385351,0.4384040545035438,0.9345654921020656,0.8550089354297629,0.9287555846436018,2,33335,7145,7155,18,,438.8821732083956,4,,,,2148866,,,,,,,,,,,,,,,,,,,,,,,,,,,,,,
sex_binary,lstm,,80m,12,False,False,0.1790860909057547,0.4518088887314305,0.9416840826245444,0.8579578232039002,0.9282930585819316,2,33335,7145,7155,18,,438.8821732083956,4,,,,2148866,,,,,,,,,,,,,,,,,,,,,,,,,,,,,,
sex_binary,lstm,,80m,13,True,False,0.1696495270122552,0.478459001364114,0.9461830610683588,0.8598760013168001,0.929680715147905,2,33335,7145,7155,18,,438.8821732083956,4,,,,2148866,,,,,0.9547622618869056,0.9547425498402412,0.9547540532424896,0.9889774051572837,0.9531591737545565,0.9563259259259259,,,,0.8597620713785864,0.8598760013168001,0.8597474310076993,0.8538461538461538,0.8659058487874465,,,,0.8566037735849057,0.8565792517260171,0.8562255098656198,0.9286852474055836,0.8561664190193164,0.8569920844327177,,,
sex_binary,lstm,,80m,14,False,False,0.1565194984413425,0.5338128172516567,0.9511152783403088,0.8603409963787996,0.9278333542349234,2,33335,7145,7155,18,,438.8821732083956,4,,,,2148866,,,,,,,,,,,,,,,,,,,,,,,,,,,,,,
sex_binary,lstm,,80m,15,False,False,0.1460573080184289,0.5214538398560656,0.9554290085954728,0.8614712498628334,0.9280742189337056,2,33335,7145,7155,18,,438.8821732083956,4,,,,2148866,,,,,,,,,,,,,,,,,,,,,,,,,,,,,,
sex_binary,lstm,,80m,16,False,False,0.1341980811509966,0.5587892172509688,0.9590154448494668,0.8580902870310858,0.9248670658870374,2,33335,7145,7155,18,,438.8821732083956,4,,,,2148866,,,,,,,,,,,,,,,,,,,,,,,,,,,,,,
sex_binary,lstm,,80m,17,False,False,0.1270928299134049,0.5767167984921582,0.9626090995004726,0.8570599692746625,0.9250488705303256,2,33335,7145,7155,18,,438.8821732083956,4,,,,2148866,,,,,,,,,,,,,,,,,,,,,,,,,,,,,,
sex_binary,lstm,,80m,18,False,False,0.1228260858470174,0.5829478398562417,0.963679006345349,0.8586399335329435,0.925074344343246,2,33335,7145,7155,18,,438.8821732083956,4,,,,2148866,,,,,,,,,,,,,,,,,,,,,,,,,,,,,,
sex_binary,lstm,,120m,1,False,False,0.3646242599849174,0.4142383646028278,0.846368930291166,0.8221488924769952,0.907582652725306,2,33335,7145,7155,11,,965.8279589056968,2,,,,2148866,,,,,,,,,,,,,,,,,,,,,,,,,,,,,,
sex_binary,lstm,,120m,2,False,False,0.3280927009839855,0.3827046711515538,0.869778857837181,0.8397524729193773,0.918903450329984,2,33335,7145,7155,11,,965.8279589056968,2,,,,2148866,,,,,,,,,,,,,,,,,,,,,,,,,,,,,,
sex_binary,lstm,,120m,3,False,False,0.3094604539974444,0.375445214968189,0.8836716889428918,0.8439133263313007,0.9265805521155022,2,33335,7145,7155,11,,965.8279589056968,2,,,,2148866,,,,,,,,,,,,,,,,,,,,,,,,,,,,,,
sex_binary,lstm,,120m,4,False,False,0.2838757316624122,0.3884915605521264,0.8958270734890419,0.8458209230142184,0.9225705036760672,2,33335,7145,7155,11,,965.8279589056968,2,,,,2148866,,,,,,,,,,,,,,,,,,,,,,,,,,,,,,
sex_binary,lstm,,120m,5,False,False,0.2783053038405461,0.4118302365676829,0.8997025786418253,0.8554547271558683,0.9272507877286764,2,33335,7145,7155,11,,965.8279589056968,2,,,,2148866,,,,,,,,,,,,,,,,,,,,,,,,,,,,,,
sex_binary,lstm,,120m,6,True,False,0.2656944347753169,0.3597031738358322,0.9045536294496196,0.8691794297001144,0.9347531783480427,2,33335,7145,7155,11,,965.8279589056968,2,,,,2148866,,,,,0.9246737663116844,0.9248193420638136,0.9246737638713585,0.9756899923495792,0.9365127582017011,0.9131259259259259,,,,0.8694191742477256,0.8691794297001144,0.8693084175955106,0.8818681318681318,0.856490727532097,,,,0.8574423480083857,0.8582872343345083,0.8572494756757847,0.9297440280396916,0.8725111441307578,0.8440633245382586,,,
sex_binary,lstm,,120m,7,False,False,0.253968435291402,0.4046192442854746,0.9102925700913552,0.8641985154645639,0.932233112821558,2,33335,7145,7155,11,,965.8279589056968,2,,,,2148866,,,,,,,,,,,,,,,,,,,,,,,,,,,,,,
sex_binary,lstm,,120m,8,False,False,0.2404657323454494,0.3953980589621297,0.9197063408487468,0.86616391810757,0.929110493643304,2,33335,7145,7155,11,,965.8279589056968,2,,,,2148866,,,,,,,,,,,,,,,,,,,,,,,,,,,,,,
sex_binary,lstm,,120m,9,False,False,0.2147600981186556,0.4770213685507006,0.9290625894424194,0.8621308256650625,0.9268574328667054,2,33335,7145,7155,11,,965.8279589056968,2,,,,2148866,,,,,,,,,,,,,,,,,,,,,,,,,,,,,,
sex_binary,lstm,,120m,10,False,False,0.2094701646161867,0.4711527148034701,0.934320984654156,0.8641826433195905,0.9279030349108808,2,33335,7145,7155,11,,965.8279589056968,2,,,,2148866,,,,,,,,,,,,,,,,,,,,,,,,,,,,,,
sex_binary,lstm,,120m,11,False,False,0.1943800407826071,0.4980667298309458,0.9381471940956752,0.8590839616873853,0.9251673041651642,2,33335,7145,7155,11,,965.8279589056968,2,,,,2148866,,,,,,,,,,,,,,,,,,,,,,,,,,,,,,
sex_binary,transformer,,30s,1,False,False,0.4683296696676993,0.5307055520460771,0.7771323702803654,0.7287975576491981,0.8186074838143311,2,33335,7145,7155,18,,379.31336457331975,32,,,,837762,,,,,,,,,,,,,,,,,,,,,,,,,,,,,,
sex_binary,transformer,,30s,2,False,False,0.4618140368093628,0.529765391775242,0.778821511183115,0.7285884764308445,0.822651353639228,2,33335,7145,7155,18,,379.31336457331975,32,,,,837762,,,,,,,,,,,,,,,,,,,,,,,,,,,,,,
sex_binary,transformer,,30s,3,False,False,0.4458901633874075,0.5235261060834515,0.7878134917420458,0.7365255286795942,0.8298022448307756,2,33335,7145,7155,18,,379.31336457331975,32,,,,837762,,,,,,,,,,,,,,,,,,,,,,,,,,,,,,
sex_binary,transformer,,30s,4,False,False,0.4380110826872449,0.5272560100650521,0.7931727194995726,0.7391036744995376,0.8280093194964808,2,33335,7145,7155,18,,379.31336457331975,32,,,,837762,,,,,,,,,,,,,,,,,,,,,,,,,,,,,,
sex_binary,transformer,,30s,5,False,False,0.4328729333692679,0.507491887116282,0.8009005895324243,0.7376191390635043,0.8311032904328197,2,33335,7145,7155,18,,379.31336457331975,32,,,,837762,,,,,,,,,,,,,,,,,,,,,,,,,,,,,,
sex_binary,transformer,,30s,6,False,False,0.4157865428854826,0.5528894203204722,0.8099931596237793,0.7285765233340127,0.8344302487811761,2,33335,7145,7155,18,,379.31336457331975,32,,,,837762,,,,,,,,,,,,,,,,,,,,,,,,,,,,,,
sex_binary,transformer,,30s,7,False,False,0.4089963889585114,0.514997814087871,0.8097025966428153,0.7394409085921212,0.8321383894279758,2,33335,7145,7155,18,,379.31336457331975,32,,,,837762,,,,,,,,,,,,,,,,,,,,,,,,,,,,,,
sex_binary,transformer,,30s,8,False,False,0.3971193411825156,0.5199283339912195,0.8187428738580622,0.7428504804753022,0.8356652976125158,2,33335,7145,7155,18,,379.31336457331975,32,,,,837762,,,,,,,,,,,,,,,,,,,,,,,,,,,,,,
sex_binary,transformer,,30s,9,False,False,0.3837341659856161,0.5977444586593677,0.8247611808649475,0.7219560753084291,0.8317578890439089,2,33335,7145,7155,18,,379.31336457331975,32,,,,837762,,,,,,,,,,,,,,,,,,,,,,,,,,,,,,
sex_binary,transformer,,30s,10,False,False,0.374599858845337,0.5413765257767984,0.8305165654110975,0.7421035098995157,0.8343627235816965,2,33335,7145,7155,18,,379.31336457331975,32,,,,837762,,,,,,,,,,,,,,,,,,,,,,,,,,,,,,
sex_binary,transformer,,30s,11,False,False,0.3612898818588657,0.5393426248917136,0.8385671211916655,0.74161813578718,0.8343562571522629,2,33335,7145,7155,18,,379.31336457331975,32,,,,837762,,,,,,,,,,,,,,,,,,,,,,,,,,,,,,
sex_binary,transformer,,30s,12,False,False,0.3510507185674239,0.5627951227592538,0.8457810719589578,0.7376173754918406,0.8374690787101629,2,33335,7145,7155,18,,379.31336457331975,32,,,,837762,,,,,,,,,,,,,,,,,,,,,,,,,,,,,,
sex_binary,transformer,,30s,13,False,False,0.3387200233674182,0.5480843678189792,0.8497407407407407,0.745158407925883,0.8370258343653493,2,33335,7145,7155,18,,379.31336457331975,32,,,,837762,,,,,,,,,,,,,,,,,,,,,,,,,,,,,,
sex_binary,transformer,,30s,14,False,False,0.3293049170961261,0.5678024660298006,0.8554662346429054,0.74143296076249,0.8359919110846357,2,33335,7145,7155,18,,379.31336457331975,32,,,,837762,,,,,,,,,,,,,,,,,,,,,,,,,,,,,,
sex_binary,transformer,,30s,15,False,False,0.3205547386476692,0.5691609654583407,0.8600070383871112,0.7425581194839397,0.8369888777413742,2,33335,7145,7155,18,,379.31336457331975,32,,,,837762,,,,,,,,,,,,,,,,,,,,,,,,,,,,,,
sex_binary,transformer,,30s,16,True,False,0.3128609715274057,0.5715959541609106,0.8633449889743936,0.745914196359988,0.8376948942640812,2,33335,7145,7155,18,,379.31336457331975,32,,,,837762,,,,,0.8670166491675416,0.8668477476261194,0.8669376966147674,0.947292915710364,0.8532806804374241,0.8804148148148148,,,,0.7462561231630511,0.745914196359988,0.7459929164062404,0.764010989010989,0.7278174037089872,,,,0.7396226415094339,0.7410251032081767,0.739514181279713,0.8306769985925266,0.7646359583952451,0.7174142480211082,,,
sex_binary,transformer,,30s,17,False,False,0.3099873695230312,0.5734525419599614,0.8645695153233428,0.7446354109513882,0.8374185229891364,2,33335,7145,7155,18,,379.31336457331975,32,,,,837762,,,,,,,,,,,,,,,,,,,,,,,,,,,,,,
sex_binary,transformer,,30s,18,False,False,0.305644564316944,0.5760048264427732,0.8662932631294721,0.7446830273863084,0.8372324073928924,2,33335,7145,7155,18,,379.31336457331975,32,,,,837762,,,,,,,,,,,,,,,,,,,,,,,,,,,,,,
sex_binary,transformer,,10m,1,False,False,0.3801222993008143,0.5041088807491092,0.8320896719319563,0.7729550406797197,0.8599830697120283,2,33335,7145,7155,18,,519.1254588484765,32,,,,837762,,,,,,,,,,,,,,,,,,,,,,,,,,,,,,
sex_binary,transformer,,10m,2,False,False,0.3665619549439982,0.4516354915393324,0.8397816839926195,0.788127243655061,0.8793814174413319,2,33335,7145,7155,18,,519.1254588484765,32,,,,837762,,,,,,,,,,,,,,,,,,,,,,,,,,,,,,
sex_binary,transformer,,10m,3,False,False,0.3546032875226465,0.4566646798496233,0.8454501597587867,0.7883184932043705,0.8776598579736953,2,33335,7145,7155,18,,519.1254588484765,32,,,,837762,,,,,,,,,,,,,,,,,,,,,,,,,,,,,,
sex_binary,transformer,,10m,4,False,False,0.3391679198779104,0.4535081098344962,0.8536528509067999,0.7958630527817404,0.8823104356413914,2,33335,7145,7155,18,,519.1254588484765,32,,,,837762,,,,,,,,,,,,,,,,,,,,,,,,,,,,,,
sex_binary,transformer,,10m,5,False,False,0.3289735630138964,0.4749511864633307,0.859128608073444,0.7914991926760828,0.8799752708062265,2,33335,7145,7155,18,,519.1254588484765,32,,,,837762,,,,,,,,,,,,,,,,,,,,,,,,,,,,,,
sex_binary,transformer,,10m,6,False,False,0.3177283094099871,0.4932447746719323,0.8637871922955762,0.7865995986894703,0.882713627314198,2,33335,7145,7155,18,,519.1254588484765,32,,,,837762,,,,,,,,,,,,,,,,,,,,,,,,,,,,,,
sex_binary,transformer,,10m,7,False,False,0.3050827252102905,0.5418368595100267,0.8704523738805634,0.7839985264378988,0.8806026320327318,2,33335,7145,7155,18,,519.1254588484765,32,,,,837762,,,,,,,,,,,,,,,,,,,,,,,,,,,,,,
sex_binary,transformer,,10m,8,False,False,0.2961062081639817,0.5181809159906866,0.877046586562261,0.7785575159505259,0.883279890580176,2,33335,7145,7155,18,,519.1254588484765,32,,,,837762,,,,,,,,,,,,,,,,,,,,,,,,,,,,,,
sex_binary,transformer,,10m,9,False,False,0.280774067938596,0.5522843776444107,0.8844228882588543,0.787021092317098,0.8843314495775266,2,33335,7145,7155,18,,519.1254588484765,32,,,,837762,,,,,,,,,,,,,,,,,,,,,,,,,,,,,,
sex_binary,transformer,,10m,10,False,False,0.2636151762917533,0.5084261314884777,0.8911129652130867,0.7945678073709458,0.8845876377545422,2,33335,7145,7155,18,,519.1254588484765,32,,,,837762,,,,,,,,,,,,,,,,,,,,,,,,,,,,,,
sex_binary,transformer,,10m,11,False,False,0.2510026751446799,0.5012771791974676,0.8982051572836506,0.7942358639933533,0.8843860811086204,2,33335,7145,7155,18,,519.1254588484765,32,,,,837762,,,,,,,,,,,,,,,,,,,,,,,,,,,,,,
sex_binary,transformer,,10m,12,False,False,0.2402732200304822,0.5834774985899034,0.9044084694658204,0.7903223025191641,0.8811016052421189,2,33335,7145,7155,18,,519.1254588484765,32,,,,837762,,,,,,,,,,,,,,,,,,,,,,,,,,,,,,
sex_binary,transformer,,10m,13,False,False,0.2298047780498887,0.5358318279263354,0.9097868772782504,0.7929355238199747,0.8854340737721622,2,33335,7145,7155,18,,519.1254588484765,32,,,,837762,,,,,,,,,,,,,,,,,,,,,,,,,,,,,,
sex_binary,transformer,,10m,14,False,False,0.2186366071597968,0.5436355204307758,0.915031078709329,0.7950862974400777,0.8848157263563825,2,33335,7145,7155,18,,519.1254588484765,32,,,,837762,,,,,,,,,,,,,,,,,,,,,,,,,,,,,,
sex_binary,transformer,,10m,15,True,False,0.2101688070490663,0.5568386954953405,0.9204448404662255,0.7980083397344453,0.8861249627690427,2,33335,7145,7155,18,,519.1254588484765,32,,,,837762,,,,,0.9255737213139343,0.9254385491202016,0.9255364288914046,0.9775173844561451,0.914580801944107,0.9362962962962963,,,,0.7979006298110567,0.7980083397344453,0.797882857320622,0.7923076923076923,0.8037089871611983,,,,0.8005590496156534,0.8007443142390038,0.8001643124550708,0.888998812076827,0.8038632986627043,0.7976253298153034,,,
sex_binary,transformer,,10m,16,False,False,0.2030386604655892,0.5641190692104603,0.9222754061473382,0.7955561913122541,0.8857363499553228,2,33335,7145,7155,18,,519.1254588484765,32,,,,837762,,,,,,,,,,,,,,,,,,,,,,,,,,,,,,
sex_binary,transformer,,10m,17,False,False,0.1960993039707685,0.5698255369490556,0.926711390126457,0.7996992130551331,0.8857158925240237,2,33335,7145,7155,18,,519.1254588484765,32,,,,837762,,,,,,,,,,,,,,,,,,,,,,,,,,,,,,
sex_binary,transformer,,10m,18,False,False,0.1935009662055783,0.5687945604303486,0.9274949552225372,0.7976699299274193,0.885868657020583,2,33335,7145,7155,18,,519.1254588484765,32,,,,837762,,,,,,,,,,,,,,,,,,,,,,,,,,,,,,
sex_binary,transformer,,40m,1,False,False,0.3484114975708861,0.4263931081084791,0.8508716439404167,0.8104973663996489,0.8980062234484488,2,33335,7145,7155,18,,208.65384381612142,8,,,,837762,,,,,,,,,,,,,,,,,,,,,,,,,,,,,,
sex_binary,transformer,,40m,2,False,False,0.3279340083007573,0.4271131639632783,0.8620828675577157,0.8128823031462118,0.8998551519806869,2,33335,7145,7155,18,,208.65384381612142,8,,,,837762,,,,,,,,,,,,,,,,,,,,,,,,,,,,,,
sex_binary,transformer,,40m,3,False,False,0.3240901649649781,0.4037735354442063,0.867078331308222,0.8242449953755232,0.906346820084338,2,33335,7145,7155,18,,208.65384381612142,8,,,,837762,,,,,,,,,,,,,,,,,,,,,,,,,,,,,,
sex_binary,transformer,,40m,4,False,False,0.30589160468882,0.465827597226971,0.8714894109176005,0.8035904359549153,0.9080477653587496,2,33335,7145,7155,18,,208.65384381612142,8,,,,837762,,,,,,,,,,,,,,,,,,,,,,,,,,,,,,
sex_binary,transformer,,40m,5,False,False,0.2962731035504905,0.4223975183576491,0.8799652400882049,0.8283296233010926,0.9106754479472026,2,33335,7145,7155,18,,208.65384381612142,8,,,,837762,,,,,,,,,,,,,,,,,,,,,,,,,,,,,,
sex_binary,transformer,,40m,6,False,False,0.2824455799701612,0.4531095617488248,0.886843310382071,0.8164505964791271,0.905924738599489,2,33335,7145,7155,18,,208.65384381612142,8,,,,837762,,,,,,,,,,,,,,,,,,,,,,,,,,,,,,
sex_binary,transformer,,40m,7,False,False,0.2754565046657329,0.4581524295802114,0.8901516223392287,0.8200202614788921,0.906881417441332,2,33335,7145,7155,18,,208.65384381612142,8,,,,837762,,,,,,,,,,,,,,,,,,,,,,,,,,,,,,
sex_binary,transformer,,40m,8,False,False,0.2559571150023648,0.4306969007309018,0.9001096800324018,0.8319231944945211,0.9122627800159896,2,33335,7145,7155,18,,208.65384381612142,8,,,,837762,,,,,,,,,,,,,,,,,,,,,,,,,,,,,,
sex_binary,transformer,,40m,9,False,False,0.2479692421528381,0.4354746101344913,0.9054883308581972,0.8309918327036729,0.911488924769952,2,33335,7145,7155,18,,208.65384381612142,8,,,,837762,,,,,,,,,,,,,,,,,,,,,,,,,,,,,,
sex_binary,transformer,,40m,10,False,False,0.2316739667743527,0.5311350248677447,0.9116891499032448,0.8031885375679955,0.9058886049756236,2,33335,7145,7155,18,,208.65384381612142,8,,,,837762,,,,,,,,,,,,,,,,,,,,,,,,,,,,,,
sex_binary,transformer,,40m,11,False,False,0.2168773120176494,0.5381079341071082,0.9184890328968094,0.817955902870311,0.910361101095766,2,33335,7145,7155,18,,208.65384381612142,8,,,,837762,,,,,,,,,,,,,,,,,,,,,,,,,,,,,,
sex_binary,transformer,,40m,12,False,False,0.2043563321105178,0.5030072464400243,0.9238208811484632,0.8278336677587748,0.9119617971187158,2,33335,7145,7155,18,,208.65384381612142,8,,,,837762,,,,,,,,,,,,,,,,,,,,,,,,,,,,,,
sex_binary,transformer,,40m,13,False,False,0.1909173086623188,0.4938833103106451,0.9302923450789792,0.8302946340392845,0.9127698264645484,2,33335,7145,7155,18,,208.65384381612142,8,,,,837762,,,,,,,,,,,,,,,,,,,,,,,,,,,,,,
sex_binary,transformer,,40m,14,False,False,0.1816658808237071,0.5247835724706699,0.9340256874128076,0.8306438212287,0.9116734727469392,2,33335,7145,7155,18,,208.65384381612142,8,,,,837762,,,,,,,,,,,,,,,,,,,,,,,,,,,,,,
sex_binary,transformer,,40m,15,True,False,0.1715061434278297,0.5246934529391997,0.9386304846766572,0.8356835211863742,0.9131069821761691,2,33335,7145,7155,18,,208.65384381612142,8,,,,837762,,,,,0.9445627718614069,0.9445638900139508,0.9445552216530728,0.9854643805409296,0.9446537059538275,0.944474074074074,,,,0.8356892932120364,0.8356835211863742,0.8356467167471953,0.835989010989011,0.8353780313837376,,,,0.8301886792452831,0.8304288677092686,0.8298397568527847,0.9136153246009873,0.8344725111441308,0.8263852242744063,,,
sex_binary,transformer,,40m,16,False,False,0.1644100293754103,0.5385838240019883,0.9421235497952388,0.8312185496386637,0.9121758555282092,2,33335,7145,7155,18,,208.65384381612142,8,,,,837762,,,,,,,,,,,,,,,,,,,,,,,,,,,,,,
sex_binary,transformer,,40m,17,False,False,0.1600740812603502,0.5473676758225478,0.9434977183745106,0.8287089871611983,0.9119072047781036,2,33335,7145,7155,18,,208.65384381612142,8,,,,837762,,,,,,,,,,,,,,,,,,,,,,,,,,,,,,
sex_binary,transformer,,40m,18,False,False,0.1557425272455695,0.5454917550028391,0.9453277890283964,0.8333483563512094,0.9121313743318022,2,33335,7145,7155,18,,208.65384381612142,8,,,,837762,,,,,,,,,,,,,,,,,,,,,,,,,,,,,,
sex_binary,transformer,,80m,1,False,False,0.3405650125045851,0.3864157934305799,0.8603596147788128,0.8338192299854211,0.9139336661911556,2,33335,7145,7155,18,,430.01474586327873,4,,,,837762,,,,,,,,,,,,,,,,,,,,,,,,,,,,,,
sex_binary,transformer,,80m,2,False,False,0.31272733869462,0.4513737065457537,0.8729542144817966,0.831325343700522,0.913525575708172,2,33335,7145,7155,18,,430.01474586327873,4,,,,837762,,,,,,,,,,,,,,,,,,,,,,,,,,,,,,
sex_binary,transformer,,80m,3,False,False,0.2990898835223751,0.4035064868991748,0.8813692903109671,0.8303428383314261,0.9166974573215658,2,33335,7145,7155,18,,430.01474586327873,4,,,,837762,,,,,,,,,,,,,,,,,,,,,,,,,,,,,,
sex_binary,transformer,,80m,4,False,False,0.2856901803882154,0.3947313795120868,0.8870223302281626,0.8342352369456506,0.9191470975529464,2,33335,7145,7155,18,,430.01474586327873,4,,,,837762,,,,,,,,,,,,,,,,,,,,,,,,,,,,,,
sex_binary,transformer,,80m,5,False,False,0.2771555312436018,0.4060507324724857,0.8930005490301967,0.8392535780909534,0.9249843238074336,2,33335,7145,7155,18,,430.01474586327873,4,,,,837762,,,,,,,,,,,,,,,,,,,,,,,,,,,,,,
sex_binary,transformer,,80m,6,False,False,0.2640735601925955,0.3967670354470757,0.8993007155393546,0.8463135473656158,0.923596549670016,2,33335,7145,7155,18,,430.01474586327873,4,,,,837762,,,,,,,,,,,,,,,,,,,,,,,,,,,,,,
sex_binary,transformer,,80m,7,False,False,0.2525642492519173,0.4031853730175471,0.904525241888304,0.8391324795033782,0.9237517831669044,2,33335,7145,7155,18,,430.01474586327873,4,,,,837762,,,,,,,,,,,,,,,,,,,,,,,,,,,,,,
sex_binary,transformer,,80m,8,False,False,0.2358335503743604,0.4260569413134057,0.9118908329958147,0.8426935225972316,0.9257227900487528,2,33335,7145,7155,18,,430.01474586327873,4,,,,837762,,,,,,,,,,,,,,,,,,,,,,,,,,,,,,
sex_binary,transformer,,80m,9,False,False,0.21789947886818,0.4601651297702165,0.91886450654786,0.8478574563809942,0.9289730526249784,2,33335,7145,7155,18,,430.01474586327873,4,,,,837762,,,,,,,,,,,,,,,,,,,,,,,,,,,,,,
sex_binary,transformer,,80m,10,False,False,0.2066327597442982,0.4614171399739,0.9260670086854776,0.8523843488893418,0.9273814487937168,2,33335,7145,7155,18,,430.01474586327873,4,,,,837762,,,,,,,,,,,,,,,,,,,,,,,,,,,,,,
sex_binary,transformer,,80m,11,False,False,0.1991371476388044,0.4413155817040512,0.9294141667791728,0.8488329074634353,0.9280054004483392,2,33335,7145,7155,18,,430.01474586327873,4,,,,837762,,,,,,,,,,,,,,,,,,,,,,,,,,,,,,
sex_binary,transformer,,80m,12,False,False,0.1810638011171101,0.4671502143394857,0.9383528644075424,0.8486745779185152,0.9266868758915834,2,33335,7145,7155,18,,430.01474586327873,4,,,,837762,,,,,,,,,,,,,,,,,,,,,,,,,,,,,,
sex_binary,transformer,,80m,13,False,False,0.1679491161555893,0.4916756914281341,0.943615489851942,0.8526643648790582,0.92958563903999,2,33335,7145,7155,18,,430.01474586327873,4,,,,837762,,,,,,,,,,,,,,,,,,,,,,,,,,,,,,
sex_binary,transformer,,80m,14,False,False,0.1553853366303078,0.5198327211058785,0.94839009945547,0.8537215281152514,0.930397587433964,2,33335,7145,7155,18,,430.01474586327873,4,,,,837762,,,,,,,,,,,,,,,,,,,,,,,,,,,,,,
sex_binary,transformer,,80m,15,False,False,0.1464500882043421,0.513810469127946,0.9522120786643264,0.8539219874276935,0.9301004060133874,2,33335,7145,7155,18,,430.01474586327873,4,,,,837762,,,,,,,,,,,,,,,,,,,,,,,,,,,,,,
sex_binary,transformer,,80m,16,False,False,0.1381662425682771,0.522450701849309,0.9553231897754376,0.8569911899797777,0.9303584753335108,2,33335,7145,7155,18,,430.01474586327873,4,,,,837762,,,,,,,,,,,,,,,,,,,,,,,,,,,,,,
sex_binary,transformer,,80m,17,True,False,0.1339860995960532,0.5304639486444083,0.9570138247603618,0.856172304870593,0.9304137339123074,2,33335,7145,7155,18,,430.01474586327873,4,,,,837762,,,,,0.9587220638968051,0.9586977363755007,0.958714099317764,0.9903536312497186,0.9567436208991494,0.9606518518518519,,,,0.8561231630510847,0.856172304870593,0.8560966408273594,0.8535714285714285,0.8587731811697575,,,,0.8517120894479385,0.8517119031470163,0.851331535070387,0.9288239560586042,0.8517087667161961,0.8517150395778365,,,
sex_binary,transformer,,80m,18,False,False,0.1309518975017622,0.5337151918591329,0.9577998829935648,0.8561035255757081,0.9301722029753412,2,33335,7145,7155,18,,430.01474586327873,4,,,,837762,,,,,,,,,,,,,,,,,,,,,,,,,,,,,,
sex_binary,transformer,,120m,1,False,False,0.3285644859522524,0.5060715925129439,0.867220494127177,0.801382640184352,0.9230228794030506,2,33335,7145,7155,18,,631.4135642091434,2,,,,837762,,,,,,,,,,,,,,,,,,,,,,,,,,,,,,
sex_binary,transformer,,120m,2,False,False,0.3044742652515947,0.38906399588829,0.8815378515818371,0.8451474345910865,0.9266967910833818,2,33335,7145,7155,18,,631.4135642091434,2,,,,837762,,,,,,,,,,,,,,,,,,,,,,,,,,,,,,
sex_binary,transformer,,120m,3,False,False,0.2943563414067059,0.4327813281105664,0.8862721209666532,0.8429337602483109,0.926175675251995,2,33335,7145,7155,18,,631.4135642091434,2,,,,837762,,,,,,,,,,,,,,,,,,,,,,,,,,,,,,
sex_binary,transformer,,120m,4,False,False,0.2762697352638781,0.4102083622528322,0.8953445299491471,0.8489777162922669,0.9284329686005864,2,33335,7145,7155,18,,631.4135642091434,2,,,,837762,,,,,,,,,,,,,,,,,,,,,,,,,,,,,,
sex_binary,transformer,,120m,5,False,False,0.2679365034386695,0.3675769661667808,0.8989511363124971,0.8593208681475444,0.9335433289962534,2,33335,7145,7155,18,,631.4135642091434,2,,,,837762,,,,,,,,,,,,,,,,,,,,,,,,,,,,,,
sex_binary,transformer,,120m,6,False,False,0.2491008123504315,0.4148378639905228,0.9074463795508754,0.8535506576162781,0.9305237415936416,2,33335,7145,7155,18,,631.4135642091434,2,,,,837762,,,,,,,,,,,,,,,,,,,,,,,,,,,,,,
sex_binary,transformer,,120m,7,False,False,0.2419123799265194,0.4335097856961274,0.91304465145583,0.8435176984214074,0.9275298239563574,2,33335,7145,7155,18,,631.4135642091434,2,,,,837762,,,,,,,,,,,,,,,,,,,,,,,,,,,,,,
sex_binary,transformer,,120m,8,False,False,0.2248942562638058,0.412996823362794,0.9206731650240764,0.8622280180589739,0.9372427144895048,2,33335,7145,7155,18,,631.4135642091434,2,,,,837762,,,,,,,,,,,,,,,,,,,,,,,,,,,,,,
sex_binary,transformer,,120m,9,False,False,0.2089463285320888,0.4238893316873844,0.9260478376310696,0.8655186468310576,0.9378267310435642,2,33335,7145,7155,18,,631.4135642091434,2,,,,837762,,,,,,,,,,,,,,,,,,,,,,,,,,,,,,
sex_binary,transformer,,120m,10,False,False,0.1997356492022908,0.4489669154711992,0.9330090634984924,0.8512991644589362,0.9395801523725918,2,33335,7145,7155,18,,631.4135642091434,2,,,,837762,,,,,,,,,,,,,,,,,,,,,,,,,,,,,,
sex_binary,transformer,,120m,11,False,False,0.1824889569200028,0.444523475256563,0.938816227892534,0.8649631217569876,0.9381649448981833,2,33335,7145,7155,18,,631.4135642091434,2,,,,837762,,,,,,,,,,,,,,,,,,,,,,,,,,,,,,
sex_binary,transformer,,120m,12,False,False,0.1677939898704501,0.4782143313723055,0.9457082399531976,0.862206463294195,0.937984002445486,2,33335,7145,7155,18,,631.4135642091434,2,,,,837762,,,,,,,,,,,,,,,,,,,,,,,,,,,,,,
sex_binary,transformer,,120m,13,False,False,0.1575038098572105,0.4913958720226948,0.9494784303136672,0.8678163847564704,0.9378058033264882,2,33335,7145,7155,18,,631.4135642091434,2,,,,837762,,,,,,,,,,,,,,,,,,,,,,,,,,,,,,
sex_binary,transformer,,120m,14,True,False,0.1473360343080758,0.4978804379216676,0.9553819540074704,0.8673723566020285,0.9406544810396451,2,33335,7145,7155,18,,631.4135642091434,2,,,,837762,,,,,0.9583020848957552,0.9584091715044327,0.9583016225528529,0.9909873219027046,0.9670109356014581,0.9498074074074074,,,,0.867739678096571,0.8673723566020285,0.8675696726180266,0.8868131868131868,0.8479315263908702,,,,0.857582110412299,0.8588857045403757,0.8574616514503078,0.9377076219189466,0.8808320950965824,0.8369393139841689,,,
sex_binary,transformer,,120m,15,False,False,0.1320585006922156,0.5284358176201973,0.958422852256874,0.8700778714865733,0.9386377780564656,2,33335,7145,7155,18,,631.4135642091434,2,,,,837762,,,,,,,,,,,,,,,,,,,,,,,,,,,,,,
sex_binary,transformer,,120m,16,False,False,0.127455206525508,0.5274731102453293,0.9622351199315964,0.8677109623614616,0.9395739994670096,2,33335,7145,7155,18,,631.4135642091434,2,,,,837762,,,,,,,,,,,,,,,,,,,,,,,,,,,,,,
sex_binary,transformer,,120m,17,False,False,0.1218889403054481,0.5278156872317132,0.9640375500652536,0.8682445407659387,0.9392612594253108,2,33335,7145,7155,18,,631.4135642091434,2,,,,837762,,,,,,,,,,,,,,,,,,,,,,,,,,,,,,
sex_binary,transformer,,120m,18,False,False,0.1168633910273602,0.5344512119577092,0.965243652400882,0.8684984950855136,0.9391394945995516,2,33335,7145,7155,18,,631.4135642091434,2,,,,837762,,,,,,,,,,,,,,,,,,,,,,,,,,,,,,
sleep_efficiency_binary,lstm,,30s,1,False,False,0.6351660366852656,0.6585493965432195,0.6418924098877119,0.6085841523341523,0.6541407159252554,2,47095,10100,10100,8,,257.3661140839259,32,,,,2148866,,,,,,,,,,,,,,,,,,,,,,,,,,,,,,
sleep_efficiency_binary,lstm,,30s,2,False,False,0.6321791332964558,0.6526653034144109,0.6475604161661195,0.618122009569378,0.6629614355683435,2,47095,10100,10100,8,,257.3661140839259,32,,,,2148866,,,,,,,,,,,,,,,,,,,,,,,,,,,,,,
sleep_efficiency_binary,lstm,,30s,3,True,False,0.6286430729499908,0.6506430679028578,0.651192748100679,0.6179110629768525,0.6670475963403595,2,47095,10100,10100,8,,257.3661140839259,32,,,,2148866,,,,,0.628262023569381,0.65080922669476,0.6273514484341203,0.7197721994229511,0.7497249724972497,0.5518934808922704,,,,0.6106930693069307,0.6179110629768525,0.6090639301338656,0.6598086124401914,0.5760135135135135,,,,0.6117821782178218,0.6236539158810732,0.6090846631227332,0.6684386742698926,0.6776649746192893,0.5696428571428571,,,
sleep_efficiency_binary,lstm,,30s,4,False,False,0.6235685835472906,0.6662504690708501,0.6529860244367858,0.6108011121169016,0.6626878111664296,2,47095,10100,10100,8,,257.3661140839259,32,,,,2148866,,,,,,,,,,,,,,,,,,,,,,,,,,,,,,
sleep_efficiency_binary,lstm,,30s,5,False,False,0.6178148965026077,0.6660814653056683,0.6593473444698784,0.6147876794258373,0.6545758639919824,2,47095,10100,10100,8,,257.3661140839259,32,,,,2148866,,,,,,,,,,,,,,,,,,,,,,,,,,,,,,
sleep_efficiency_binary,lstm,,30s,6,False,False,0.6094950368708392,0.6730668045034502,0.6648925276411439,0.61274893314367,0.6544844740075003,2,47095,10100,10100,8,,257.3661140839259,32,,,,2148866,,,,,,,,,,,,,,,,,,,,,,,,,,,,,,
sleep_efficiency_binary,lstm,,30s,7,False,False,0.6012196603835369,0.659536386574849,0.6744339702861865,0.6143771013836803,0.6595504049204707,2,47095,10100,10100,8,,257.3661140839259,32,,,,2148866,,,,,,,,,,,,,,,,,,,,,,,,,,,,,,
sleep_efficiency_binary,lstm,,30s,8,False,False,0.5929197946239244,0.6682595059187105,0.6848782431416235,0.6179466248545196,0.6602676637462821,2,47095,10100,10100,8,,257.3661140839259,32,,,,2148866,,,,,,,,,,,,,,,,,,,,,,,,,,,,,,
sleep_efficiency_binary,lstm,,10m,1,False,False,0.6199831872409615,0.6388861113255567,0.6610334157226894,0.64382799366352,0.6956992354196302,2,47095,10100,10100,7,,292.7095195531845,32,,,,2148866,,,,,,,,,,,,,,,,,,,,,,,,,,,,,,
sleep_efficiency_binary,lstm,,10m,2,True,False,0.614484375413404,0.6467896360690051,0.6664807532110637,0.6436602870813397,0.6976922159899133,2,47095,10100,10100,7,,292.7095195531845,32,,,,2148866,,,,,0.6961673213716955,0.6792857683658735,0.6793678757000555,0.7442444509884154,0.6052255225522553,0.7533460141794917,,,,0.661980198019802,0.6436602870813397,0.6452398157610093,0.5373205741626794,0.75,,,,0.6665346534653466,0.6455357142857143,0.6466139334305954,0.6925914076405828,0.55,0.7410714285714286,,,
sleep_efficiency_binary,lstm,,10m,3,False,False,0.6074490673034001,0.6393944398011312,0.6704645382400941,0.6473514483382905,0.6920713985516618,2,47095,10100,10100,7,,292.7095195531845,32,,,,2148866,,,,,,,,,,,,,,,,,,,,,,,,,,,,,,
sleep_efficiency_binary,lstm,,10m,4,False,False,0.6007488205549583,0.6593366517406879,0.6748420458507894,0.6362197724039829,0.6794848175029096,2,47095,10100,10100,7,,292.7095195531845,32,,,,2148866,,,,,,,,,,,,,,,,,,,,,,,,,,,,,,
sleep_efficiency_binary,lstm,,10m,5,False,False,0.592905626810588,0.6502503576845226,0.6843958725805142,0.6419892829432303,0.689274194200181,2,47095,10100,10100,7,,292.7095195531845,32,,,,2148866,,,,,,,,,,,,,,,,,,,,,,,,,,,,,,
sleep_efficiency_binary,lstm,,10m,6,False,False,0.5848220191344623,0.645298120078474,0.6919279689511404,0.6416914522177679,0.6844433353808355,2,47095,10100,10100,7,,292.7095195531845,32,,,,2148866,,,,,,,,,,,,,,,,,,,,,,,,,,,,,,
sleep_efficiency_binary,lstm,,10m,7,False,False,0.5749373580812333,0.6552269636994541,0.6996554190262534,0.6355489460752619,0.6820820469093496,2,47095,10100,10100,7,,292.7095195531845,32,,,,2148866,,,,,,,,,,,,,,,,,,,,,,,,,,,,,,
sleep_efficiency_binary,lstm,,40m,1,False,False,0.6080736905168684,0.6342611187047298,0.6620508748090788,0.642438251648778,0.7104061732186733,2,47095,10100,10100,9,,457.1521733323733,8,,,,2148866,,,,,,,,,,,,,,,,,,,,,,,,,,,,,,
sleep_efficiency_binary,lstm,,40m,2,False,False,0.6012749085888031,0.6326528651643507,0.667233894840288,0.6433689221518168,0.6941329771757403,2,47095,10100,10100,9,,457.1521733323733,8,,,,2148866,,,,,,,,,,,,,,,,,,,,,,,,,,,,,,
sleep_efficiency_binary,lstm,,40m,3,False,False,0.5909004151561683,0.6316965853931881,0.6767901755591432,0.6526263254881676,0.7066667407539118,2,47095,10100,10100,9,,457.1521733323733,8,,,,2148866,,,,,,,,,,,,,,,,,,,,,,,,,,,,,,
sleep_efficiency_binary,lstm,,40m,4,True,False,0.5822263560701118,0.6347560824025975,0.6852330062679448,0.6617285497219707,0.71583546165783,2,47095,10100,10100,9,,457.1521733323733,8,,,,2148866,,,,,0.7172098948933008,0.7038760044947949,0.7029718767357744,0.7745431889721914,0.6453795379537954,0.7623724710357945,,,,0.6757425742574258,0.6617285497219707,0.6628779045434314,0.5803827751196172,0.7430743243243243,,,,0.6714851485148515,0.6548536488891818,0.6548394715873058,0.7065329990441032,0.5791878172588832,0.7305194805194806,,,
sleep_efficiency_binary,lstm,,40m,5,False,False,0.5785499684312488,0.6245199087468705,0.690232733285433,0.651265275442907,0.7158173776348119,2,47095,10100,10100,9,,457.1521733323733,8,,,,2148866,,,,,,,,,,,,,,,,,,,,,,,,,,,,,,
sleep_efficiency_binary,lstm,,40m,6,False,False,0.567903937100225,0.629217359535765,0.6983844048420059,0.649452023794129,0.7137892999159446,2,47095,10100,10100,9,,457.1521733323733,8,,,,2148866,,,,,,,,,,,,,,,,,,,,,,,,,,,,,,
sleep_efficiency_binary,lstm,,40m,7,False,False,0.5581742531681962,0.629883994566332,0.7043421150000181,0.6536495376955903,0.7119777051273761,2,47095,10100,10100,9,,457.1521733323733,8,,,,2148866,,,,,,,,,,,,,,,,,,,,,,,,,,,,,,
sleep_efficiency_binary,lstm,,40m,8,False,False,0.5483401374175728,0.6497256178490006,0.7121446542890499,0.6374490818569767,0.6994488919242208,2,47095,10100,10100,9,,457.1521733323733,8,,,,2148866,,,,,,,,,,,,,,,,,,,,,,,,,,,,,,
sleep_efficiency_binary,lstm,,40m,9,False,False,0.5370697584611897,0.6690588282270007,0.7199280800464622,0.6477567729212466,0.7033998367386526,2,47095,10100,10100,9,,457.1521733323733,8,,,,2148866,,,,,,,,,,,,,,,,,,,,,,,,,,,,,,
sleep_efficiency_binary,lstm,,80m,1,False,False,0.6008153931516689,0.6233972224386611,0.6587923006376377,0.6316488587870167,0.7097886695008406,2,47095,10100,10100,12,,299.11259053150815,4,,,,2148866,,,,,,,,,,,,,,,,,,,,,,,,,,,,,,
sleep_efficiency_binary,lstm,,80m,2,False,False,0.5881367358534006,0.6133755772037082,0.6696471458489442,0.6679793579464632,0.7290754517974913,2,47095,10100,10100,12,,299.11259053150815,4,,,,2148866,,,,,,,,,,,,,,,,,,,,,,,,,,,,,,
sleep_efficiency_binary,lstm,,80m,3,False,False,0.5721601799337686,0.6066187925681029,0.6833500689685085,0.6725547167981378,0.7323479123561359,2,47095,10100,10100,12,,299.11259053150815,4,,,,2148866,,,,,,,,,,,,,,,,,,,,,,,,,,,,,,
sleep_efficiency_binary,lstm,,80m,4,False,False,0.5639840008154051,0.6295664010882968,0.6914889141516607,0.6489157668433985,0.7219516196818829,2,47095,10100,10100,12,,299.11259053150815,4,,,,2148866,,,,,,,,,,,,,,,,,,,,,,,,,,,,,,
sleep_efficiency_binary,lstm,,80m,5,False,False,0.555150289256104,0.6288526531286759,0.7011888055483744,0.6456602385878701,0.7208519090262511,2,47095,10100,10100,12,,299.11259053150815,4,,,,2148866,,,,,,,,,,,,,,,,,,,,,,,,,,,,,,
sleep_efficiency_binary,lstm,,80m,6,False,False,0.5451132092150689,0.6344118435149736,0.7064105091989399,0.6628818860726755,0.7313158298849087,2,47095,10100,10100,12,,299.11259053150815,4,,,,2148866,,,,,,,,,,,,,,,,,,,,,,,,,,,,,,
sleep_efficiency_binary,lstm,,80m,7,True,False,0.5343752768043754,0.6148317684956116,0.7186285025701256,0.6778138335704125,0.7409167286305445,2,47095,10100,10100,12,,299.11259053150815,4,,,,2148866,,,,,0.7601019216477333,0.7385609151439094,0.7422969590036939,0.8234137052819929,0.6440594059405941,0.8330624243472247,,,,0.698019801980198,0.6778138335704125,0.6805173252638748,0.5605263157894737,0.7951013513513514,,,,0.6899009900990098,0.6647830278858198,0.6673449493180894,0.7218901419012459,0.5505076142131979,0.7790584415584415,,,
sleep_efficiency_binary,lstm,,80m,8,False,False,0.5258516295499287,0.6200052604934957,0.7242126927546637,0.6725389564205353,0.7375992499676711,2,47095,10100,10100,12,,299.11259053150815,4,,,,2148866,,,,,,,,,,,,,,,,,,,,,,,,,,,,,,
sleep_efficiency_binary,lstm,,80m,9,False,False,0.5152912877458133,0.6300482832876467,0.7308566495591284,0.6660525507564982,0.7294263626664941,2,47095,10100,10100,12,,299.11259053150815,4,,,,2148866,,,,,,,,,,,,,,,,,,,,,,,,,,,,,,
sleep_efficiency_binary,lstm,,80m,10,False,False,0.5042267656175051,0.6291541454181223,0.7419242879674446,0.657450213371266,0.7311445873205742,2,47095,10100,10100,12,,299.11259053150815,4,,,,2148866,,,,,,,,,,,,,,,,,,,,,,,,,,,,,,
sleep_efficiency_binary,lstm,,80m,11,False,False,0.4900853416024499,0.646832843688455,0.7492284724754682,0.6615297264968318,0.7317663746282167,2,47095,10100,10100,12,,299.11259053150815,4,,,,2148866,,,,,,,,,,,,,,,,,,,,,,,,,,,,,,
sleep_efficiency_binary,lstm,,80m,12,False,False,0.477696291966203,0.6461878602332113,0.7598894763244265,0.6692563526445106,0.7304518176968835,2,47095,10100,10100,12,,299.11259053150815,4,,,,2148866,,,,,,,,,,,,,,,,,,,,,,,,,,,,,,
sleep_efficiency_binary,lstm,,120m,1,False,False,0.592241552270801,0.6163835939012542,0.6578667139582711,0.6477171699211173,0.717970568505108,2,47095,10100,10100,10,,448.28215598662695,2,,,,2148866,,,,,,,,,,,,,,,,,,,,,,,,,,,,,,
sleep_efficiency_binary,lstm,,120m,2,False,False,0.5789275001334636,0.609928191465759,0.6710691802363705,0.647919226044226,0.7320317955515324,2,47095,10100,10100,10,,448.28215598662695,2,,,,2148866,,,,,,,,,,,,,,,,,,,,,,,,,,,,,,
sleep_efficiency_binary,lstm,,120m,3,False,False,0.5609379028559541,0.5935043816227872,0.6895598884633405,0.664586431527221,0.7359053124595887,2,47095,10100,10100,10,,448.28215598662695,2,,,,2148866,,,,,,,,,,,,,,,,,,,,,,,,,,,,,,
sleep_efficiency_binary,lstm,,120m,4,False,False,0.5516130129066208,0.5935946077646891,0.6987181283405879,0.6610492370360791,0.7407842202250098,2,47095,10100,10100,10,,448.28215598662695,2,,,,2148866,,,,,,,,,,,,,,,,,,,,,,,,,,,,,,
sleep_efficiency_binary,lstm,,120m,5,True,False,0.540827904051372,0.5888031793359926,0.7064149606210837,0.6697465407991724,0.7517757904435537,2,47095,10100,10100,10,,448.28215598662695,2,,,,2148866,,,,,0.7528400042467354,0.715135700843126,0.7229581188305516,0.819025711147978,0.5497249724972497,0.8805464291890023,,,,0.704059405940594,0.6697465407991724,0.6715623001620674,0.4705741626794258,0.8689189189189189,,,,0.7062376237623762,0.666284857274705,0.6707707663442769,0.744446733469576,0.4845177664974619,0.8480519480519481,,,
sleep_efficiency_binary,lstm,,120m,6,False,False,0.5308723221790377,0.5996245053886334,0.7153653580817185,0.6710089874563558,0.7506012584055346,2,47095,10100,10100,10,,448.28215598662695,2,,,,2148866,,,,,,,,,,,,,,,,,,,,,,,,,,,,,,
sleep_efficiency_binary,lstm,,120m,7,False,False,0.5196783609027783,0.6030744488828695,0.722911322344408,0.6683228533557481,0.7458685988620198,2,47095,10100,10100,10,,448.28215598662695,2,,,,2148866,,,,,,,,,,,,,,,,,,,,,,,,,,,,,,
sleep_efficiency_binary,lstm,,120m,8,False,False,0.5114143555368689,0.6654963531918676,0.7292679103635765,0.6333667399456873,0.7389473886266649,2,47095,10100,10100,10,,448.28215598662695,2,,,,2148866,,,,,,,,,,,,,,,,,,,,,,,,,,,,,,
sleep_efficiency_binary,lstm,,120m,9,False,False,0.4969496282640014,0.6395296225040266,0.7404654675220246,0.6629053245829561,0.7406518532587612,2,47095,10100,10100,10,,448.28215598662695,2,,,,2148866,,,,,,,,,,,,,,,,,,,,,,,,,,,,,,
sleep_efficiency_binary,lstm,,120m,10,False,False,0.487428660579172,0.6149174714427773,0.746676637662037,0.6760777673606622,0.7411026202638045,2,47095,10100,10100,10,,448.28215598662695,2,,,,2148866,,,,,,,,,,,,,,,,,,,,,,,,,,,,,,
sleep_efficiency_binary,transformer,,30s,1,True,False,0.6580407699413241,0.6842325835416813,0.6226425249303419,0.6021369455579982,0.6730375703155309,2,47095,10100,10100,6,,191.53100483020145,32,,,,837762,,,,,0.6713239197367024,0.6326390065947629,0.6353938284319662,0.6946968429334719,0.46292629262926294,0.8023517205602628,,,,0.6422772277227723,0.6021369455579982,0.596527982164806,0.36913875598086127,0.8351351351351352,,,,0.6476237623762376,0.5974236106533061,0.5952553836301324,0.6692491265080097,0.36903553299492386,0.8258116883116883,,,
sleep_efficiency_binary,transformer,,30s,2,False,False,0.6494154874996745,0.6699326002715837,0.6346829132161012,0.6123819992241044,0.6679656585413165,2,47095,10100,10100,6,,191.53100483020145,32,,,,837762,,,,,,,,,,,,,,,,,,,,,,,,,,,,,,
sleep_efficiency_binary,transformer,,30s,3,False,False,0.6435146099000565,0.6515449584592687,0.6408486132203053,0.6236680460364671,0.6723251608366739,2,47095,10100,10100,6,,191.53100483020145,32,,,,837762,,,,,,,,,,,,,,,,,,,,,,,,,,,,,,
sleep_efficiency_binary,transformer,,30s,4,False,False,0.6382999209249484,0.6491215984183963,0.6470292987279015,0.6196895609724558,0.668334289732316,2,47095,10100,10100,6,,191.53100483020145,32,,,,837762,,,,,,,,,,,,,,,,,,,,,,,,,,,,,,
sleep_efficiency_binary,transformer,,30s,5,False,False,0.6312050594229495,0.6525331562816507,0.6526111966202672,0.6178722682012157,0.665186336156731,2,47095,10100,10100,6,,191.53100483020145,32,,,,837762,,,,,,,,,,,,,,,,,,,,,,,,,,,,,,
sleep_efficiency_binary,transformer,,30s,6,False,False,0.6295665465731165,0.663535443886672,0.6563469432711904,0.6120405243760507,0.6595219756239493,2,47095,10100,10100,6,,191.53100483020145,32,,,,837762,,,,,,,,,,,,,,,,,,,,,,,,,,,,,,
sleep_efficiency_binary,transformer,,10m,1,False,False,0.6393505427409337,0.6414833877818419,0.6439336817997898,0.6410428520625889,0.6907677728565886,2,47095,10100,10100,14,,53.33923167785009,32,,,,837762,,,,,,,,,,,,,,,,,,,,,,,,,,,,,,
sleep_efficiency_binary,transformer,,10m,2,False,False,0.6302173063296626,0.6877752888556754,0.651357132081875,0.6255249418078366,0.6846798420729342,2,47095,10100,10100,14,,53.33923167785009,32,,,,837762,,,,,,,,,,,,,,,,,,,,,,,,,,,,,,
sleep_efficiency_binary,transformer,,10m,3,False,False,0.6266460949251487,0.6571218445749566,0.6573672035195911,0.6284143443682917,0.6806637745700245,2,47095,10100,10100,14,,53.33923167785009,32,,,,837762,,,,,,,,,,,,,,,,,,,,,,,,,,,,,,
sleep_efficiency_binary,transformer,,10m,4,False,False,0.6225466939380105,0.6333303029466384,0.659293380487971,0.6509225882581147,0.6987620021337126,2,47095,10100,10100,14,,53.33923167785009,32,,,,837762,,,,,,,,,,,,,,,,,,,,,,,,,,,,,,
sleep_efficiency_binary,transformer,,10m,5,False,False,0.6181638820382209,0.6407159413205515,0.6614193055134667,0.6492443100995733,0.7005846493922151,2,47095,10100,10100,14,,53.33923167785009,32,,,,837762,,,,,,,,,,,,,,,,,,,,,,,,,,,,,,
sleep_efficiency_binary,transformer,,10m,6,False,False,0.6109884638697216,0.634784654603146,0.6679450095277555,0.6525491400491401,0.6984868016940384,2,47095,10100,10100,14,,53.33923167785009,32,,,,837762,,,,,,,,,,,,,,,,,,,,,,,,,,,,,,
sleep_efficiency_binary,transformer,,10m,7,False,False,0.606649951792305,0.6326056663824781,0.6729010878781116,0.6474427777059356,0.7005383785400234,2,47095,10100,10100,14,,53.33923167785009,32,,,,837762,,,,,,,,,,,,,,,,,,,,,,,,,,,,,,
sleep_efficiency_binary,transformer,,10m,8,True,False,0.6008048185814666,0.6346335365040467,0.6771183823379745,0.65332584378637,0.7008319862925126,2,47095,10100,10100,14,,53.33923167785009,32,,,,837762,,,,,0.6862936617475316,0.6914621200145261,0.6804755016295814,0.7647680942225297,0.7141364136413642,0.6687878263876881,,,,0.6499009900990099,0.65332584378637,0.6468681758789812,0.6732057416267943,0.6334459459459459,,,,0.6412871287128713,0.6480709011800383,0.6367644743162317,0.695843826224537,0.6789340101522843,0.6172077922077922,,,
sleep_efficiency_binary,transformer,,10m,9,False,False,0.592084650355978,0.6391119366353101,0.6856058461630358,0.6472774957972327,0.7008001018362862,2,47095,10100,10100,14,,53.33923167785009,32,,,,837762,,,,,,,,,,,,,,,,,,,,,,,,,,,,,,
sleep_efficiency_binary,transformer,,10m,10,False,False,0.584330827947609,0.6480684310846989,0.691378118444734,0.6503184404500194,0.69829567680719,2,47095,10100,10100,14,,53.33923167785009,32,,,,837762,,,,,,,,,,,,,,,,,,,,,,,,,,,,,,
sleep_efficiency_binary,transformer,,10m,11,False,False,0.5750216431761512,0.6564030434117459,0.6997656059916904,0.6402976690805638,0.6868784753653175,2,47095,10100,10100,14,,53.33923167785009,32,,,,837762,,,,,,,,,,,,,,,,,,,,,,,,,,,,,,
sleep_efficiency_binary,transformer,,10m,12,False,False,0.5654806846999758,0.6637291468724166,0.7055979962512938,0.6397601997930946,0.6844028433337643,2,47095,10100,10100,14,,53.33923167785009,32,,,,837762,,,,,,,,,,,,,,,,,,,,,,,,,,,,,,
sleep_efficiency_binary,transformer,,10m,13,False,False,0.5586407082597723,0.6675229521553115,0.7130321137768282,0.6406326781326781,0.6875000202056123,2,47095,10100,10100,14,,53.33923167785009,32,,,,837762,,,,,,,,,,,,,,,,,,,,,,,,,,,,,,
sleep_efficiency_binary,transformer,,10m,14,False,False,0.5505905699800795,0.6742692903008791,0.7198190202039398,0.6407741174188543,0.685317955515324,2,47095,10100,10100,14,,53.33923167785009,32,,,,837762,,,,,,,,,,,,,,,,,,,,,,,,,,,,,,
sleep_efficiency_binary,transformer,,40m,1,False,False,0.6236380524209558,0.6250104776703486,0.6506270655597464,0.64905235678262,0.7144641673671279,2,47095,10100,10100,10,,614.926416182518,8,,,,837762,,,,,,,,,,,,,,,,,,,,,,,,,,,,,,
sleep_efficiency_binary,transformer,,40m,2,False,False,0.6103461420919526,0.6166251714512854,0.6659895416309745,0.6632556899004267,0.7185462870166818,2,47095,10100,10100,10,,614.926416182518,8,,,,837762,,,,,,,,,,,,,,,,,,,,,,,,,,,,,,
sleep_efficiency_binary,transformer,,40m,3,False,False,0.6068758922959604,0.6448012776008927,0.668248895181754,0.6393674026897711,0.7235909212142764,2,47095,10100,10100,10,,614.926416182518,8,,,,837762,,,,,,,,,,,,,,,,,,,,,,,,,,,,,,
sleep_efficiency_binary,transformer,,40m,4,False,False,0.602044507996243,0.618781189812292,0.6686582928567801,0.6531508631837579,0.7225227717250744,2,47095,10100,10100,10,,614.926416182518,8,,,,837762,,,,,,,,,,,,,,,,,,,,,,,,,,,,,,
sleep_efficiency_binary,transformer,,40m,5,True,False,0.5958041593943423,0.6384559150497512,0.6735180378663839,0.6415496088193456,0.7244273527414975,2,47095,10100,10100,10,,614.926416182518,8,,,,837762,,,,,0.717252362246523,0.6741158029861434,0.6795762221503907,0.7608961759049846,0.48487348734873487,0.8633581186235518,,,,0.6777227722772278,0.6415496088193456,0.6408298660604747,0.43157894736842106,0.8515202702702702,,,,0.6850495049504951,0.6431978871382424,0.6460914603758885,0.7077977907245039,0.4527918781725888,0.8336038961038961,,,
sleep_efficiency_binary,transformer,,40m,6,False,False,0.5920984522231205,0.6257617974222297,0.6787931157805388,0.6640158250355619,0.7192907830078883,2,47095,10100,10100,10,,614.926416182518,8,,,,837762,,,,,,,,,,,,,,,,,,,,,,,,,,,,,,
sleep_efficiency_binary,transformer,,40m,7,False,False,0.5849719366515717,0.6334816855015141,0.683135906103147,0.6555888723651881,0.7075169929199534,2,47095,10100,10100,10,,614.926416182518,8,,,,837762,,,,,,,,,,,,,,,,,,,,,,,,,,,,,,
sleep_efficiency_binary,transformer,,40m,8,False,False,0.5752439089819483,0.6199985763342074,0.6902251810863258,0.6633324712272081,0.7239306785852839,2,47095,10100,10100,10,,614.926416182518,8,,,,837762,,,,,,,,,,,,,,,,,,,,,,,,,,,,,,
sleep_efficiency_binary,transformer,,40m,9,False,False,0.5689905696954807,0.6193003328188811,0.6965013914498834,0.6637988167593432,0.7197438736583474,2,47095,10100,10100,10,,614.926416182518,8,,,,837762,,,,,,,,,,,,,,,,,,,,,,,,,,,,,,
sleep_efficiency_binary,transformer,,40m,10,False,False,0.5615014619300264,0.6383242230663205,0.7017181871221879,0.6435891633260055,0.708516402916074,2,47095,10100,10100,10,,614.926416182518,8,,,,837762,,,,,,,,,,,,,,,,,,,,,,,,,,,,,,
sleep_efficiency_binary,transformer,,80m,1,False,False,0.6032488257167496,0.6054403783956377,0.66085452181739,0.6654536564076038,0.7340047523600155,2,47095,10100,10100,12,,300.2816012263298,4,,,,837762,,,,,,,,,,,,,,,,,,,,,,,,,,,,,,
sleep_efficiency_binary,transformer,,80m,2,False,False,0.5881933644532601,0.5996535943846891,0.6753283732315822,0.6793688574938574,0.7389618154338549,2,47095,10100,10100,12,,300.2816012263298,4,,,,837762,,,,,,,,,,,,,,,,,,,,,,,,,,,,,,
sleep_efficiency_binary,transformer,,80m,3,False,False,0.5777506278553501,0.6274230199742435,0.682454201238903,0.6572574518298202,0.7400412598603388,2,47095,10100,10100,12,,300.2816012263298,4,,,,837762,,,,,,,,,,,,,,,,,,,,,,,,,,,,,,
sleep_efficiency_binary,transformer,,80m,4,False,False,0.5743632099388992,0.6233615144659387,0.6857785813165442,0.648301920341394,0.7434352773826458,2,47095,10100,10100,12,,300.2816012263298,4,,,,837762,,,,,,,,,,,,,,,,,,,,,,,,,,,,,,
sleep_efficiency_binary,transformer,,80m,5,False,False,0.5685993125973671,0.6092712331024727,0.6894937448958453,0.6744366675287727,0.7396762050627181,2,47095,10100,10100,12,,300.2816012263298,4,,,,837762,,,,,,,,,,,,,,,,,,,,,,,,,,,,,,
sleep_efficiency_binary,transformer,,80m,6,True,False,0.563647419482324,0.5920596705775449,0.6941196428133216,0.6764216668821932,0.7473428003362214,2,47095,10100,10100,12,,300.2816012263298,4,,,,837762,,,,,0.737020915171462,0.7140873005682031,0.7174181092917227,0.7951493109712147,0.6134763476347634,0.8146982535016427,,,,0.6981188118811881,0.6764216668821932,0.6792612170850976,0.5504784688995216,0.8023648648648649,,,,0.6977227722772277,0.6721557947129013,0.675065977509052,0.7375711154327904,0.5558375634517766,0.7884740259740259,,,
sleep_efficiency_binary,transformer,,80m,7,False,False,0.5546997694964463,0.6004603683255096,0.7011196658313592,0.671434517651623,0.7408511816242079,2,47095,10100,10100,12,,300.2816012263298,4,,,,837762,,,,,,,,,,,,,,,,,,,,,,,,,,,,,,
sleep_efficiency_binary,transformer,,80m,8,False,False,0.547263396913958,0.6039302218712792,0.7066574299657183,0.6801427324453639,0.7424886040346567,2,47095,10100,10100,12,,300.2816012263298,4,,,,837762,,,,,,,,,,,,,,,,,,,,,,,,,,,,,,
sleep_efficiency_binary,transformer,,80m,9,False,False,0.5375719111052258,0.6088004784212254,0.7105703727038795,0.6639774343721712,0.734039101900944,2,47095,10100,10100,12,,300.2816012263298,4,,,,837762,,,,,,,,,,,,,,,,,,,,,,,,,,,,,,
sleep_efficiency_binary,transformer,,80m,10,False,False,0.5287215526143255,0.6098470935697603,0.7213048345297957,0.6617843172119487,0.7410976092719515,2,47095,10100,10100,12,,300.2816012263298,4,,,,837762,,,,,,,,,,,,,,,,,,,,,,,,,,,,,,
sleep_efficiency_binary,transformer,,80m,11,False,False,0.5192402596258269,0.6588271635567935,0.7270705390615146,0.6517053536790378,0.7311739056640373,2,47095,10100,10100,12,,300.2816012263298,4,,,,837762,,,,,,,,,,,,,,,,,,,,,,,,,,,,,,
sleep_efficiency_binary,transformer,,80m,12,False,False,0.509751665099529,0.6199663715698931,0.7336636041262781,0.6763125565757144,0.7399455660804346,2,47095,10100,10100,12,,300.2816012263298,4,,,,837762,,,,,,,,,,,,,,,,,,,,,,,,,,,,,,
sleep_efficiency_binary,transformer,,120m,1,False,False,0.5819876347107737,0.6129077975868736,0.6719912714079639,0.6690987488684856,0.7505991166106298,2,47095,10100,10100,13,,448.56910341183345,2,,,,837762,,,,,,,,,,,,,,,,,,,,,,,,,,,,,,
sleep_efficiency_binary,transformer,,120m,2,False,False,0.5663792709518101,0.5872623959054599,0.6870048054433664,0.680527447303763,0.7540229576167076,2,47095,10100,10100,13,,448.56910341183345,2,,,,837762,,,,,,,,,,,,,,,,,,,,,,,,,,,,,,
sleep_efficiency_binary,transformer,,120m,3,False,False,0.5615732657835948,0.5949291675078618,0.6913372233816846,0.6563615349799561,0.7678960704125178,2,47095,10100,10100,13,,448.56910341183345,2,,,,837762,,,,,,,,,,,,,,,,,,,,,,,,,,,,,,
sleep_efficiency_binary,transformer,,120m,4,False,False,0.5518775721305547,0.632070988168442,0.6960174514771207,0.6237015873529032,0.7316251980150006,2,47095,10100,10100,13,,448.56910341183345,2,,,,837762,,,,,,,,,,,,,,,,,,,,,,,,,,,,,,
sleep_efficiency_binary,transformer,,120m,5,False,False,0.5452404527968362,0.5771110043248696,0.7015840404721779,0.6754449275830855,0.7634471582826846,2,47095,10100,10100,13,,448.56910341183345,2,,,,837762,,,,,,,,,,,,,,,,,,,,,,,,,,,,,,
sleep_efficiency_binary,transformer,,120m,6,False,False,0.5369332445564117,0.5703686019765343,0.7066084785895155,0.6949348571059097,0.7660135135135134,2,47095,10100,10100,13,,448.56910341183345,2,,,,837762,,,,,,,,,,,,,,,,,,,,,,,,,,,,,,
sleep_efficiency_binary,transformer,,120m,7,True,False,0.532065985818006,0.6107354679665906,0.7095919396539343,0.6629461399198242,0.7690405567050305,2,47095,10100,10100,13,,448.56910341183345,2,,,,837762,,,,,0.7509926743815691,0.706810552229354,0.7150998342690128,0.8212704958028225,0.512981298129813,0.9006398063288951,,,,0.7029702970297029,0.6629461399198242,0.6624331550802138,0.430622009569378,0.8952702702702703,,,,0.7084158415841584,0.6594724437998549,0.662851101650985,0.7622050522447097,0.4368020304568528,0.8821428571428571,,,
sleep_efficiency_binary,transformer,,120m,8,False,False,0.5230002674783165,0.5886411434683562,0.7167666905027006,0.6841988070606492,0.7605416114379929,2,47095,10100,10100,13,,448.56910341183345,2,,,,837762,,,,,,,,,,,,,,,,,,,,,,,,,,,,,,
sleep_efficiency_binary,transformer,,120m,9,False,False,0.5119094407776925,0.5832560251582654,0.7263056934259914,0.6881437508082244,0.7611885143217381,2,47095,10100,10100,13,,448.56910341183345,2,,,,837762,,,,,,,,,,,,,,,,,,,,,,,,,,,,,,
sleep_efficiency_binary,transformer,,120m,10,False,False,0.5039567348252553,0.5810713313431433,0.7296801282237856,0.6944107235225656,0.7665943844562266,2,47095,10100,10100,13,,448.56910341183345,2,,,,837762,,,,,,,,,,,,,,,,,,,,,,,,,,,,,,
sleep_efficiency_binary,transformer,,120m,11,False,False,0.4921173615842766,0.6156537383674451,0.7405463445358889,0.6656569248674512,0.7585632799366352,2,47095,10100,10100,13,,448.56910341183345,2,,,,837762,,,,,,,,,,,,,,,,,,,,,,,,,,,,,,
sleep_efficiency_binary,transformer,,120m,12,False,False,0.48093460281117,0.6033999305231368,0.7483401426775913,0.6875149521531101,0.7598624401913876,2,47095,10100,10100,13,,448.56910341183345,2,,,,837762,,,,,,,,,,,,,,,,,,,,,,,,,,,,,,
sleep_efficiency_binary,transformer,,120m,13,False,False,0.4699941467950151,0.6269076246601278,0.7563696236474763,0.6888949954739428,0.7524586997284365,2,47095,10100,10100,13,,448.56910341183345,2,,,,837762,,,,,,,,,,,,,,,,,,,,,,,,,,,,,,
