task,head,context_length,k,split,context_length_min,total_compute_min,n_subjects,n_segments,seg_accuracy,seg_balanced_accuracy,seg_macro_f1,seg_auroc,mean_prob_accuracy,mean_prob_balanced_accuracy,mean_prob_macro_f1,mean_prob_auroc,majority_accuracy,majority_balanced_accuracy,majority_macro_f1,majority_auroc,mean_prob_auroc_ci_lo,mean_prob_auroc_ci_hi,mean_prob_bal_acc_ci_lo,mean_prob_bal_acc_ci_hi
age_class,lstm,30s,1,test,0.5,0.5,1862,1862,0.6186895810955961,0.584407765482878,0.5410797789878302,0.7962354435406945,0.6186895810955961,0.584407765482878,0.5410797789878302,0.7962354435406945,0.6186895810955961,0.584407765482878,0.5410797789878302,0.7962354435406945,,,,
age_class,lstm,30s,1,test,0.5,0.5,1859,1859,0.6433566433566433,0.5625465097053853,0.5532748432298628,0.7984629472760835,0.6433566433566433,0.5625465097053853,0.5532748432298628,0.7984629472760835,0.6433566433566433,0.5625465097053853,0.5532748432298628,0.7984629472760835,0.7827279709429827,0.815021721069199,0.5336168091555262,0.5902542769447306
age_class,lstm,30s,10,test,0.5,5.0,1862,18620,0.6393662728249194,0.612481737328051,0.5627730992638461,0.8187114721030945,0.692266380236305,0.67108591781345,0.6179495374126246,0.8547861078069907,0.6680988184747583,0.6585426236910266,0.5987266087060966,0.8547861078069907,,,,
age_class,lstm,30s,10,test,0.5,5.0,1859,18590,0.6568585260892953,0.5849690704360125,0.5722756059696632,0.8174712385390649,0.7073695535233997,0.6327465756728415,0.6226302041046344,0.8589980536607783,0.6826250672404519,0.6135840891291152,0.5992317303292913,0.8589980536607783,0.8450715001142692,0.8713757757105374,0.6040777130266889,0.6614805714078722
age_class,lstm,30s,100,test,0.5,50.0,1862,186070,0.6469715698393078,0.6195234156072715,0.5696945739632869,0.8225601642763412,0.6987110633727175,0.6790879581852707,0.6269564816901098,0.8624262575072041,0.6960257787325457,0.6775891572260381,0.6243998591570185,0.8624262575072041,,,,
age_class,lstm,30s,100,test,0.5,50.0,1859,185900,0.6623130715438408,0.5886272154233363,0.5766504592897271,0.8201650971344314,0.7079074771382464,0.623690130560358,0.6161208944090725,0.8643290165868631,0.7041420118343196,0.6206525884977404,0.6121493930068357,0.8643290165868631,0.8511724121309285,0.8767846621166573,0.594054210136219,0.6507513932470473
age_class,lstm,30s,12,test,0.5,6.0,1862,22344,0.6432599355531686,0.6171566635961421,0.5677094629637686,0.8196754883682905,0.6917293233082706,0.6740260502647986,0.6212409855711135,0.8573091965756499,0.6804511278195489,0.6707157952430095,0.6122375050914156,0.8573091965756499,,,,
age_class,lstm,30s,12,test,0.5,6.0,1859,22308,0.6592253899946208,0.5862017832542477,0.5744518872670167,0.8178657255831393,0.7073695535233997,0.6252033601580543,0.6183542337025157,0.8609549328613088,0.6890801506186122,0.6214551553734341,0.6095707235599194,0.8609549328613088,0.8480072696722317,0.8736330121590133,0.5972946374346533,0.6534275935163333
age_class,lstm,30s,120,test,0.5,60.0,1862,223270,0.6462578940296502,0.618440922677704,0.5688610421532935,0.8220627565721782,0.7003222341568206,0.6820621059775377,0.6295546644680812,0.8619749361431387,0.6933404940923737,0.6761625017076249,0.6209842095079581,0.8619749361431387,,,,
age_class,lstm,30s,120,test,0.5,60.0,1859,223080,0.6621032813340506,0.5888939217768908,0.5768625227385846,0.8204659639319859,0.7079074771382464,0.6260856330631345,0.6175777141435733,0.8651210530617505,0.7046799354491662,0.6224740821225127,0.6148309263742959,0.8651210530617505,0.8518661310456869,0.8775776082950759,0.5968973784878723,0.6535621734355749
age_class,lstm,30s,16,test,0.5,8.0,1862,29792,0.6475563909774437,0.6176938939582719,0.5688475284472095,0.8213073817128166,0.6938775510204082,0.6730032583404792,0.619975155818393,0.8600785196451346,0.6809881847475833,0.6634068174424085,0.6074593263989465,0.8600785196451346,,,,
age_class,lstm,30s,16,test,0.5,8.0,1859,29744,0.6606038192576654,0.5877003097556834,0.5750231676243223,0.8187968066749901,0.7025282409897795,0.617001097412966,0.6084946654450399,0.8619132375956967,0.7003765465303927,0.6284929851723784,0.6165150297450922,0.8619132375956967,0.8487447273888246,0.8747143472749518,0.5904257428083314,0.6445881012073938
age_class,lstm,30s,160,test,0.5,80.0,1862,297670,0.6465717069237746,0.6184438517918226,0.5689851486639773,0.822068979813789,0.7024704618689581,0.6826786340316903,0.6302948298858047,0.8621701135072574,0.7003222341568206,0.6826806914111813,0.6280517076026629,0.8621701135072574,,,,
age_class,lstm,30s,160,test,0.5,80.0,1859,297440,0.6616191500806885,0.5882457565078039,0.5760731676204941,0.8204085365691537,0.708445400753093,0.6248636598220552,0.6168539341594216,0.8644475735106955,0.7030661646046261,0.6204097761205057,0.6120046397235052,0.8644475735106955,0.8511052274138684,0.8766235544505043,0.5945806341539833,0.6517049019512675
age_class,lstm,30s,2,test,0.5,1.0,1862,3724,0.6160042964554243,0.5822182336491822,0.5411410716147571,0.795398196670047,0.6493018259935553,0.6186755468651844,0.5750006925777921,0.8179461731953923,0.560687432867884,0.5981162907697178,0.514898262879722,0.8179461731953923,,,,
age_class,lstm,30s,2,test,0.5,1.0,1859,3718,0.6285637439483593,0.5591055582461132,0.5461010055510658,0.7935507132570717,0.6584185045723507,0.5848186466522631,0.5752381965599386,0.818712837961896,0.5895642818719742,0.5921667967335236,0.5407460104743199,0.818712837961896,0.8029460423388936,0.8341204509585798,0.5560749866405869,0.6134637977001489
age_class,lstm,30s,20,test,0.5,10.0,1862,37240,0.648952738990333,0.6223626280855892,0.5724724586037553,0.8240587406865086,0.706766917293233,0.6919920480911085,0.6353812014348638,0.8634969562039941,0.6928034371643395,0.6803758777466702,0.6212203444257983,0.8634969562039941,,,,
age_class,lstm,30s,20,test,0.5,10.0,1859,37180,0.6611619150080689,0.5887334394779259,0.5762168085641397,0.8204525328541723,0.7079074771382464,0.6297770642920613,0.620617001452301,0.8635866608433656,0.6971490048413125,0.6216776143089714,0.6116052589453492,0.8635866608433656,0.85063270264424,0.8762151297121824,0.600549316536013,0.6574165805460405
age_class,lstm,30s,200,test,0.5,100.0,1862,372070,0.6468110839358185,0.6185356914250467,0.5691166856479213,0.8220890624707518,0.6997851772287863,0.6826721875759517,0.629039628973334,0.8623356331553902,0.7019334049409237,0.6859460955600652,0.6304305600120261,0.8623356331553902,,,,
age_class,lstm,30s,200,test,0.5,100.0,1859,371800,0.6630849919311458,0.5894909994571486,0.5774690781711554,0.8206235710924554,0.7079074771382464,0.623690130560358,0.6163695408794219,0.8651429181661463,0.7003765465303927,0.6170325337218888,0.6096074046363761,0.8651429181661463,0.8521452120484331,0.8776782392735949,0.5935194572899017,0.6516596643581543
age_class,lstm,30s,25,test,0.5,12.5,1862,46550,0.6481632653061224,0.6202720404321703,0.5707697680792684,0.8223412047954676,0.6987110633727175,0.6770491636889527,0.6243388234772723,0.861110216513037,0.6933404940923737,0.6779461125677356,0.621423335827913,0.861110216513037,,,,
age_class,lstm,30s,25,test,0.5,12.5,1859,46475,0.6619688004303389,0.5883892258359339,0.5761367817441513,0.8195771186164631,0.7046799354491662,0.6213090566960453,0.6130285304176012,0.8643348778723325,0.7014523937600861,0.6219059980477425,0.6121871999681995,0.8643348778723325,0.8512694245352442,0.8769921842750504,0.5931988411291299,0.6491151168642739
age_class,lstm,30s,250,test,0.5,125.0,1862,465070,0.6462274496312383,0.6181548326413293,0.5686041480138964,0.8220113494615978,0.6960257787325457,0.674349264582843,0.6228513549074248,0.8622158639094285,0.6917293233082706,0.6752632211320854,0.6199568042973745,0.8622158639094285,,,,
age_class,lstm,30s,250,test,0.5,125.0,1859,464750,0.6624787520172135,0.5894156115637661,0.5772882382651594,0.8205218077008904,0.7036040882194728,0.6203528283058938,0.6119941757447073,0.864913296352314,0.7014523937600861,0.6191537875385077,0.6111788360978448,0.864913296352314,0.8518273974317826,0.8772953128922789,0.5909899994805968,0.6473457223729491
age_class,lstm,30s,3,test,0.5,1.5,1862,5586,0.6324740422484784,0.5990668229543568,0.5544531063945853,0.8092817977225139,0.677765843179377,0.6586235472843414,0.6046281363631739,0.8424252787423838,0.650375939849624,0.6258991434169069,0.5680318210233403,0.8424252787423838,,,,
age_class,lstm,30s,3,test,0.5,1.5,1859,5577,0.6478393401470325,0.5691395494231286,0.5574986112506553,0.8062438054792258,0.6831629908552985,0.5911593013695078,0.5834432426090935,0.841435276282729,0.6724045185583647,0.6004174337544265,0.5822663861416599,0.841435276282729,0.8274285937617374,0.8550218891071598,0.5633009451025083,0.6189060026022482
age_class,lstm,30s,30,test,0.5,15.0,1862,55860,0.6448621553884711,0.6173694126373576,0.5678527644077432,0.8213333038253262,0.6928034371643395,0.6680736399212819,0.6182726196895959,0.8610598050549444,0.6825993555316864,0.6612853162905503,0.6060170918025923,0.8610598050549444,,,,
age_class,lstm,30s,30,test,0.5,15.0,1859,55770,0.6623991393222163,0.5889284061647322,0.576699267894171,0.8195660251464204,0.7046799354491662,0.6213090566960453,0.6135331951024735,0.8644773798058516,0.7019903173749328,0.622205758239589,0.6122625727812762,0.8644773798058516,0.8509063521612866,0.8772805634358504,0.5907739374579577,0.6486956649308214
age_class,lstm,30s,320,test,0.5,160.0,1862,595220,0.6463509290682437,0.6184775927045815,0.5687770563539013,0.8220258153780579,0.6987110633727175,0.678505445472037,0.6262035950126433,0.8621149748276165,0.69656283566058,0.6787987592081448,0.6250299156908258,0.8621149748276165,,,,
age_class,lstm,30s,320,test,0.5,160.0,1859,594880,0.6628664604626143,0.5888714371849224,0.5770526304973861,0.8205384091887739,0.706831629908553,0.6215688767437393,0.6140791131267321,0.8647620373026808,0.7025282409897795,0.617940318132658,0.6103548146266015,0.8647620373026808,0.8513971775276966,0.8771782206593011,0.5926419414062674,0.6489274057618564
age_class,lstm,30s,4,test,0.5,2.0,1862,7448,0.6333243823845328,0.6008028854884521,0.5549185956743833,0.8104244674071671,0.6809881847475833,0.6524499686455366,0.6005530785948668,0.8437896234121092,0.6482277121374865,0.6436651639566864,0.5809205058982441,0.8437896234121092,,,,
age_class,lstm,30s,4,test,0.5,2.0,1859,7436,0.6473910704679935,0.5766290438176142,0.562632351751842,0.8080179237408375,0.6901559978483055,0.6088466861669367,0.597996179362994,0.8449234611584675,0.656266810112964,0.6036573949769378,0.5786488318456745,0.8449234611584675,0.8314800404958168,0.858549807544463,0.5827472072401796,0.6367329668651457
age_class,lstm,30s,40,test,0.5,20.0,1862,74470,0.6469853632335169,0.6192455431863094,0.5702055343761655,0.82217273887705,0.7013963480128894,0.6820791136479972,0.6299477305385297,0.8615255760182622,0.6970998925886144,0.6820832284069794,0.6259818889025666,0.8615255760182622,,,,
age_class,lstm,30s,40,test,0.5,20.0,1859,74360,0.661256051640667,0.588337722741235,0.5762060288591805,0.8200179018438328,0.7030661646046261,0.621057740483581,0.6136702499027074,0.8638440121005942,0.6982248520710059,0.6195249241834296,0.6100298015978128,0.8638440121005942,0.8509903204476945,0.8766533529345989,0.5915931670053798,0.6489966769117137
age_class,lstm,30s,400,test,0.5,200.0,1862,743940,0.6471220797376133,0.6191240050579272,0.5694378380296865,0.8223291220029262,0.7013963480128894,0.6808780155011201,0.628799951878932,0.862587947848292,0.6949516648764769,0.6791366494998922,0.6232863531203412,0.862587947848292,,,,
age_class,lstm,30s,400,test,0.5,200.0,1859,743600,0.6628173749327595,0.5889995934016651,0.5771253441428891,0.8206039879301074,0.7062937062937062,0.6212691165518928,0.6132130660398114,0.8649099866675006,0.7057557826788596,0.6227168944997472,0.6147099706855285,0.8649099866675006,0.8517050315177122,0.8772520952848301,0.5911788530255465,0.6481690554117329
age_class,lstm,30s,5,test,0.5,2.5,1862,9310,0.6378088077336198,0.609763623555514,0.5615534175038183,0.8155442825014809,0.6890440386680988,0.668740916669547,0.614223229003469,0.8505572072583512,0.6632653061224489,0.6571180255521046,0.5932552167737191,0.8505572072583512,,,,
age_class,lstm,30s,5,test,0.5,2.5,1859,9295,0.6517482517482518,0.5790916272911214,0.5649822461935662,0.8127357051758998,0.6906939214631522,0.6096635074221752,0.5988260035482882,0.8525714252351374,0.684238838084992,0.6095974632920104,0.5937183960410889,0.8525714252351374,0.8389596707543963,0.8658312778507572,0.583278064833454,0.6391589016457072
age_class,lstm,30s,50,test,0.5,25.0,1862,93070,0.6469646502632427,0.6198773887314442,0.5702886031641704,0.8219355870900199,0.6970998925886144,0.6788072630433746,0.6259599166716948,0.8614934717786534,0.6906552094522019,0.671060406307761,0.6181604936281603,0.8614934717786534,,,,
age_class,lstm,30s,50,test,0.5,25.0,1859,92950,0.6623453469607316,0.5897279546436098,0.5774461629616195,0.8200988024083222,0.7089833243679398,0.6266851534468275,0.6185581852394023,0.8647068767873064,0.7062937062937062,0.6241816801180611,0.614780030912295,0.8647068767873064,0.851768807519137,0.8772526741824704,0.5963831708816659,0.6546948428480217
age_class,lstm,30s,500,test,0.5,250.0,1862,929840,0.6467446012217155,0.618679172763798,0.5688437981435993,0.822062596638554,0.7024704618689581,0.6814775358848131,0.6295471960989202,0.8624019350547597,0.69656283566058,0.6788348319285546,0.6240186359245578,0.8624019350547597,,,,
age_class,lstm,30s,500,test,0.5,250.0,1859,929500,0.6629144701452394,0.5890553592703096,0.5771813222098996,0.820708236459537,0.706831629908553,0.6246123436095908,0.6164980419834826,0.8651474913577822,0.7036040882194728,0.6203528283058938,0.6125512485430037,0.8651474913577822,0.8519457904779195,0.8773320238487246,0.5958097576380921,0.6522026094851563
age_class,lstm,30s,6,test,0.5,3.0,1862,11172,0.6438417472252058,0.610634987777337,0.5650006664042737,0.8178358697275115,0.6938775510204082,0.6708201729625222,0.6211648994718364,0.8540511407082807,0.658968850698174,0.650861465940494,0.5897876971047703,0.8540511407082807,,,,
age_class,lstm,30s,6,test,0.5,3.0,1859,11154,0.6587771203155819,0.5837476513382945,0.5717777522998283,0.815275638997889,0.6863905325443787,0.6005959794424663,0.5929354216166479,0.8563784655114547,0.6729424421732114,0.6052758421097095,0.5876116167805837,0.8563784655114547,0.8432238131685978,0.869256857862231,0.5733656944969453,0.6269747134232343
age_class,lstm,30s,60,test,0.5,30.0,1862,111670,0.6465030894600161,0.6194543095184053,0.5698613608981903,0.8220602362363656,0.6992481203007519,0.6793877183771171,0.6272363070558965,0.8615928743160465,0.6960257787325457,0.6820662207365199,0.6267818195009799,0.8615928743160465,,,,
age_class,lstm,30s,60,test,0.5,30.0,1859,111540,0.6627667204590282,0.5890093221318771,0.5772110097079112,0.8199657073335603,0.7057557826788596,0.6212606127166631,0.6137607970869503,0.8646273498431807,0.7052178590640129,0.6193736674420491,0.6108769045787014,0.8646273498431807,0.8514322919517362,0.877247467363172,0.5929987015256908,0.6498571763340115
age_class,lstm,30s,8,test,0.5,4.0,1862,14896,0.6431928034371643,0.6117349600072859,0.564840812946492,0.8179370739228288,0.6906552094522019,0.667565330028359,0.6145381834542224,0.8544316971751679,0.6616541353383458,0.6505405833192061,0.591356972730669,0.8544316971751679,,,,
age_class,lstm,30s,8,test,0.5,4.0,1859,14872,0.6551237224314147,0.5859066365672722,0.5722744573739235,0.8149540736808268,0.6966110812264659,0.6124732582263454,0.6041921841487312,0.8571151453832226,0.6772458310919849,0.6095163631912747,0.59407772171813,0.8571151453832226,0.8443059585768079,0.8689557873999396,0.5832987014819475,0.6392823016156763
age_class,lstm,30s,80,test,0.5,40.0,1862,148870,0.6461745146772352,0.6182301608650501,0.5686934246255557,0.8220502481979928,0.7003222341568206,0.6809331532714803,0.6278356333980625,0.8620548025730518,0.6911922663802363,0.6821339771010919,0.6224778812294186,0.8620548025730518,,,,
age_class,lstm,30s,80,test,0.5,40.0,1859,148720,0.6624394835933297,0.5887983875194926,0.5770371876874894,0.8209215198521543,0.7105970952124798,0.6251234798697491,0.6174136711112961,0.8653037242092695,0.699838622915546,0.6149197837404997,0.6072548854014082,0.8653037242092695,0.8522948374887079,0.8778848054687483,0.5958089630961393,0.6520380202888383
age_class,lstm,30s,all,test,0.5,,1862,2080220,0.6647719952697311,0.623979828946625,0.5722619078178179,0.83330690268612,0.700859291084855,0.6802869989526568,0.6279477823640894,0.8623606494470021,0.69656283566058,0.6809096991452822,0.6254939748274532,0.8623606494470021,,,,
age_class,lstm,30s,all,test,0.5,,1859,2079880,0.679730561378541,0.5953593461387597,0.5815305077339795,0.8318686727659236,0.7046799354491662,0.6197873232631196,0.6119131437741337,0.8650969859509043,0.7046799354491662,0.6218261177594374,0.6141577409230946,0.8650969859509043,0.8518466585989876,0.8774893503683284,0.5898535714367078,0.6470789197309679
age_class,lstm,10m,1,test,10.0,10.0,1862,1862,0.6396348012889366,0.605088612706266,0.5591258631512869,0.8159034582661241,0.6396348012889366,0.605088612706266,0.5591258631512869,0.8159034582661241,0.6396348012889366,0.605088612706266,0.5591258631512869,0.8159034582661241,,,,
age_class,lstm,10m,1,test,10.0,10.0,1859,1859,0.6406670252824099,0.6089643109370194,0.572513464413934,0.8143056683229298,0.6406670252824099,0.6089643109370194,0.572513464413934,0.8143056683229298,0.6406670252824099,0.6089643109370194,0.572513464413934,0.8143056683229298,0.7990707470723178,0.828229159411762,0.580759166624318,0.6360532632617476
age_class,lstm,10m,10,test,10.0,100.0,1862,18603,0.6537117669193141,0.6145674456844171,0.5767145672801556,0.8250495382066815,0.7040816326530612,0.6698581423125055,0.6330849810742925,0.8672501819834076,0.6879699248120301,0.6690178399490428,0.6221066560074442,0.8672501819834076,,,,
age_class,lstm,10m,10,test,10.0,100.0,1859,18590,0.658364712210866,0.6224147643866073,0.5865662771251424,0.8260455295688497,0.7025282409897795,0.6675815608413166,0.6350178626196175,0.8645271668900544,0.692845615922539,0.6797332625702716,0.6340537853735194,0.8645271668900544,0.852203855755848,0.8759059233329551,0.6373387565253319,0.6929213137886592
age_class,lstm,10m,100,test,10.0,1000.0,1862,103524,0.67472276959932,0.6231143944240524,0.5834126443779031,0.8380609803329345,0.709452201933405,0.6773688804618625,0.6410637630374262,0.8720758101591345,0.709452201933405,0.6787890895245369,0.6411708415026215,0.8720758101591345,,,,
age_class,lstm,10m,100,test,10.0,1000.0,1859,103508,0.6768172508405147,0.6296357681109198,0.5910460181453555,0.8396050974828494,0.7132867132867133,0.6764893282444153,0.6462394936532868,0.8698044047871796,0.7009144701452393,0.6690123311187115,0.6358018970326683,0.8698044047871796,0.8579067476449919,0.8810989214042764,0.6472347845718953,0.7025775363413513
age_class,lstm,10m,12,test,10.0,120.0,1862,22323,0.6566321730950141,0.6163811084277299,0.5791798988285944,0.826822748188146,0.7116004296455424,0.6797690193761258,0.6410838009989512,0.8694435644247839,0.7013963480128894,0.6830277027520056,0.6366095222309065,0.8694435644247839,,,,
age_class,lstm,10m,12,test,10.0,120.0,1859,22308,0.6598081405773714,0.6252246458849662,0.5880871160058575,0.8293028433327363,0.7003765465303927,0.6710131720225494,0.6341377533218736,0.8689256831117818,0.6971490048413125,0.6806750623219596,0.6357103850373876,0.8689256831117818,0.8571659304850621,0.8803769133488505,0.641659451428593,0.6983033048715706
age_class,lstm,10m,16,test,10.0,160.0,1862,29760,0.6563844086021505,0.6161817192869202,0.579463093206931,0.8274796287095484,0.7110633727175081,0.6800517718975129,0.640943846082186,0.8706768551303439,0.6981740064446831,0.6735121854472496,0.6297720911281179,0.8706768551303439,,,,
age_class,lstm,10m,16,test,10.0,160.0,1859,29744,0.6581159225389994,0.6215066684880209,0.5852057707065438,0.8270906352887537,0.708445400753093,0.6726919127411709,0.6403978499787264,0.865853469645787,0.6890801506186122,0.6679874795663991,0.6273445606254366,0.865853469645787,0.8534406315870191,0.8776020003082003,0.6448801438347688,0.6979415917125336
age_class,lstm,10m,2,test,10.0,20.0,1862,3723,0.6312113886650551,0.5970883469860001,0.5571717743423906,0.8111015991600868,0.6611170784103115,0.6363380126372479,0.592946949695562,0.8375712234254444,0.5784103114930182,0.6273007674848453,0.5345430088076611,0.8375712234254444,,,,
age_class,lstm,10m,2,test,10.0,20.0,1859,3718,0.6320602474448628,0.6029671205484165,0.5665999343519332,0.8083878521355511,0.6621839698762776,0.6235400239278407,0.5926416732555518,0.8313326580428825,0.5798816568047337,0.6276681131550985,0.5427714957675723,0.8313326580428825,0.8172372961228725,0.8441005161491109,0.5947374031205915,0.6515595738218014
age_class,lstm,10m,20,test,10.0,200.0,1862,37196,0.6572749758038499,0.6164094617390615,0.5792691527525569,0.8271375690979822,0.7078410311493019,0.6749772453828289,0.6373483581223213,0.8703972218802636,0.6987110633727175,0.6678425276251202,0.627818674444805,0.8703972218802636,,,,
age_class,lstm,10m,20,test,10.0,200.0,1859,37180,0.6594405594405595,0.6237772791881597,0.587371443088233,0.8288489201949334,0.7089833243679398,0.6796611193779541,0.6457222052747758,0.8685566494018988,0.6906939214631522,0.663447790773311,0.6267332808864313,0.8685566494018988,0.856413305701796,0.8796155077667605,0.6511398894527518,0.7074878409588676
age_class,lstm,10m,25,test,10.0,250.0,1862,46491,0.6585360607429395,0.6177199751296067,0.5805467093614437,0.8279425082730709,0.7132116004296455,0.6845267780285038,0.6471064345997327,0.8717367277619396,0.7073039742212675,0.6836316122119462,0.6408754492263583,0.8717367277619396,,,,
age_class,lstm,10m,25,test,10.0,250.0,1859,46475,0.6618827326519634,0.6247514733243053,0.5889685119606671,0.8297621617529627,0.708445400753093,0.6711047276584035,0.6395069839669798,0.8704862270828304,0.7036040882194728,0.6710936447911778,0.6363336727480781,0.8704862270828304,0.8585739578045964,0.8818180979695466,0.6432558045014148,0.6972847814870006
age_class,lstm,10m,3,test,10.0,30.0,1862,5583,0.646247537166398,0.6110382079615203,0.5710472698714929,0.8202119953743076,0.6868958109559613,0.6596084834260251,0.617465811458021,0.8553069201341991,0.6595059076262084,0.6379491465166919,0.5837846098304068,0.8553069201341991,,,,
age_class,lstm,10m,3,test,10.0,30.0,1859,5577,0.6481979558902636,0.6165251266025895,0.5800118333205969,0.8196774114498669,0.6906939214631522,0.661408996276993,0.6270383145259975,0.85093116732311,0.6681011296395912,0.6468457253729628,0.6010019133313905,0.85093116732311,0.8381545847484976,0.8638800078289306,0.6324922232245448,0.687478426469701
age_class,lstm,10m,30,test,10.0,300.0,1862,55778,0.6593280504858546,0.6197776385049691,0.5821231603761792,0.8282631181083971,0.7105263157894737,0.6794607553490494,0.6424867533805252,0.8731717041605318,0.7089151450053706,0.6838762346334325,0.6420336059497415,0.8731717041605318,,,,
age_class,lstm,10m,30,test,10.0,300.0,1859,55762,0.6600373013880421,0.6237539473188521,0.587817458538426,0.8289348093117065,0.7089833243679398,0.675321723785952,0.6432040424343343,0.8692053348067464,0.6933835395373857,0.6660461655091693,0.6302576519942537,0.8692053348067464,0.8570115630016218,0.8806024572874923,0.6461293275218994,0.7007155055586368
age_class,lstm,10m,4,test,10.0,40.0,1862,7443,0.6457073760580411,0.6070613142112343,0.568827650642744,0.8194283081530348,0.6917293233082706,0.6604505688517134,0.6199013352870785,0.8571092579627676,0.6595059076262084,0.6664147748376453,0.6021562152779713,0.8571092579627676,,,,
age_class,lstm,10m,4,test,10.0,40.0,1859,7436,0.6518289402904788,0.6171724026429363,0.5804712778323643,0.8199786141854256,0.6810112963959117,0.6497005743852773,0.6126628001628002,0.8546844808182148,0.6557288864981172,0.6568506617796102,0.5997351651761824,0.8546844808182148,0.84127606199332,0.8669776026438591,0.620062167615846,0.6767401194693191
age_class,lstm,10m,40,test,10.0,400.0,1862,74265,0.6582239278260285,0.6178749762501751,0.5805394305537911,0.8275405760536986,0.7126745435016112,0.6842270178366573,0.6461013638829673,0.8717202405871181,0.7073039742212675,0.6782447069112041,0.6396212717729245,0.8717202405871181,,,,
age_class,lstm,10m,40,test,10.0,400.0,1859,74249,0.6612479629355278,0.6243926277434219,0.588563364238603,0.8291189243676871,0.7132867132867133,0.6749675948114895,0.645543655873767,0.8691327849815799,0.6971490048413125,0.6675619741388612,0.6326430800734397,0.8691327849815799,0.8572169862623351,0.8806512556900179,0.6454319981977398,0.7013066741008774
age_class,lstm,10m,5,test,10.0,50.0,1862,9303,0.6511877888853058,0.6126472045663992,0.5738341006256679,0.821878245339755,0.6954887218045113,0.6631314029078728,0.6223344747890173,0.8608486123987934,0.6809881847475833,0.6607521121057854,0.6103950287260343,0.8608486123987934,,,,
age_class,lstm,10m,5,test,10.0,50.0,1859,9295,0.6556213017751479,0.6200079629355462,0.5838357016764869,0.8244647767812939,0.7062937062937062,0.6742450824830195,0.6383719681668171,0.8603001084431853,0.6923076923076923,0.6683297589343941,0.6269464699316613,0.8603001084431853,0.8476354090829232,0.8724485205513445,0.6455668912058917,0.7011274022590507
age_class,lstm,10m,50,test,10.0,500.0,1862,91170,0.659295820993748,0.6181599059260506,0.5801678808346143,0.828300509999647,0.7121374865735768,0.680360035924589,0.6432510238435308,0.8720612071391779,0.7062298603651987,0.6782276992407447,0.6392442567953127,0.8720612071391779,,,,
age_class,lstm,10m,50,test,10.0,500.0,1859,91154,0.6615288413015337,0.6245072935537035,0.5877343731074139,0.8298729505101567,0.71382463690156,0.6759153193664112,0.6453716060853117,0.8696733017461916,0.6982248520710059,0.6666397610896285,0.6326239580214761,0.8696733017461916,0.8577864010347875,0.881040427993917,0.646718374493077,0.7018293536926631
age_class,lstm,10m,6,test,10.0,60.0,1862,11163,0.6518856938099077,0.6147307288229268,0.5764789039170478,0.82559989291197,0.7051557465091299,0.6797391187941891,0.6383100696623728,0.865399751525135,0.673469387755102,0.6642724255736111,0.6101962986158135,0.865399751525135,,,,
age_class,lstm,10m,6,test,10.0,60.0,1859,11154,0.653756499910346,0.6173084146332509,0.5815987940414266,0.8238719494086736,0.6960731576116191,0.6622369003994572,0.6288864389552687,0.8597599464913045,0.6772458310919849,0.6645016738614689,0.6173326768246197,0.8597599464913045,0.8464554534360733,0.871763195145054,0.6341188453663245,0.6890295186650869
age_class,lstm,10m,60,test,10.0,600.0,1862,99382,0.6669920106256666,0.6204540712542829,0.5814442100863321,0.8328727123830322,0.709452201933405,0.6770776241052457,0.6408803255878807,0.8719259376204086,0.7089151450053706,0.6779068166194566,0.640244533599646,0.8719259376204086,,,,
age_class,lstm,10m,60,test,10.0,600.0,1859,99366,0.6689813417064187,0.6268442559807367,0.5889698338143938,0.8345073882370223,0.7132867132867133,0.6764893282444153,0.6462394936532868,0.8697361490128075,0.7009144701452393,0.6690123311187115,0.6358018970326683,0.8697361490128075,0.8577675473297312,0.8810322127316778,0.6472347845718953,0.7025775363413513
age_class,lstm,10m,8,test,10.0,80.0,1862,14883,0.6550426661291406,0.6186244635737498,0.5793753762380801,0.8254944892527133,0.6981740064446831,0.6738034418038664,0.6325670473889503,0.8674362430050456,0.6804511278195489,0.6726102988576881,0.6187224080267558,0.8674362430050456,,,,
age_class,lstm,10m,8,test,10.0,80.0,1859,14872,0.6509548144163528,0.6177026463935236,0.5809995335391035,0.8245274631160174,0.6987627756858527,0.6667137165746997,0.6325545351099365,0.8630261589621728,0.6761699838622915,0.6678848410633197,0.6195733138090843,0.8630261589621728,0.8505653856213097,0.8743558001064367,0.6384033437687815,0.6934142876178857
age_class,lstm,10m,80,test,10.0,800.0,1862,103410,0.674373851658447,0.6229717601668291,0.583293037197972,0.8378405199008573,0.709452201933405,0.6773688804618625,0.6410637630374262,0.8720770648482657,0.709452201933405,0.6787890895245369,0.6411708415026215,0.8720770648482657,,,,
age_class,lstm,10m,80,test,10.0,800.0,1859,103394,0.6764802599764009,0.62949742387047,0.5909397272414818,0.8393879096773937,0.7132867132867133,0.6764893282444153,0.6462394936532868,0.8698053175540498,0.7009144701452393,0.6690123311187115,0.6358018970326683,0.8698053175540498,0.8579073170544643,0.8810993737808541,0.6472347845718953,0.7025775363413513
age_class,lstm,10m,all,test,10.0,,1862,103533,0.6747510455603527,0.6231258967755205,0.5834222226994724,0.8380802900121008,0.709452201933405,0.6773688804618625,0.6410637630374262,0.8720758101591345,0.709452201933405,0.6787890895245369,0.6411708415026215,0.8720758101591345,,,,
age_class,lstm,10m,all,test,10.0,,1859,103517,0.6768453490730991,0.6296478889693832,0.5910559400382752,0.8396242254405223,0.7132867132867133,0.6764893282444153,0.6462394936532868,0.8698044047871796,0.7009144701452393,0.6690123311187115,0.6358018970326683,0.8698044047871796,0.8579067476449919,0.8810989214042764,0.6472347845718953,0.7025775363413513
age_class,lstm,40m,1,test,40.0,40.0,1862,1862,0.6788399570354458,0.6186796616241667,0.6096902051660242,0.8432841179026571,0.6788399570354458,0.6186796616241667,0.6096902051660242,0.8432841179026571,0.6788399570354458,0.6186796616241667,0.6096902051660242,0.8432841179026571,,,,
age_class,lstm,40m,1,test,40.0,40.0,1859,1859,0.6788596019365251,0.61567791459194,0.5945781718925657,0.836951020439079,0.6788596019365251,0.61567791459194,0.5945781718925657,0.836951020439079,0.6788596019365251,0.61567791459194,0.5945781718925657,0.836951020439079,0.8225341091682998,0.8505195820537537,0.5877415480970016,0.6443068431972132
age_class,lstm,40m,10,test,40.0,400.0,1862,18555,0.6895176502290488,0.6275053765507913,0.6125561911381036,0.8485678570216258,0.7207303974221267,0.6651062814813352,0.653990154136567,0.8884489635327624,0.7024704618689581,0.65524176403558,0.6385987750234169,0.8884489635327624,,,,
age_class,lstm,40m,10,test,40.0,400.0,1859,18550,0.702533692722372,0.6347366311583568,0.6169726341883882,0.8517767793957404,0.7439483593329748,0.6799160601759263,0.6642836632598185,0.8864387882977639,0.7391070467993545,0.6838222132444027,0.6618430003654828,0.8864387882977639,0.8740164451862867,0.8975095452917848,0.6526290774676532,0.7070458320848768
age_class,lstm,40m,12,test,40.0,480.0,1862,21918,0.6912127018888585,0.628527447477687,0.613068244979326,0.8493322244334441,0.7250268528464017,0.6695431575124252,0.6582884991210055,0.8898015477571127,0.7116004296455424,0.6644874217304263,0.6473030663425686,0.8898015477571127,,,,
age_class,lstm,40m,12,test,40.0,480.0,1859,21913,0.704422032583398,0.6362922942231565,0.6181459005634512,0.8527039184366215,0.7407208176438945,0.6763045092353045,0.6613416988227734,0.8870784878192284,0.741796664873588,0.6843817934839432,0.665887806449109,0.8870784878192284,0.8748350979628753,0.8980216271783537,0.6490955938560442,0.7028963631226138
age_class,lstm,40m,16,test,40.0,640.0,1862,24805,0.7010280185446482,0.6308686095199957,0.6138524879740573,0.855637079366934,0.7212674543501612,0.666862323456266,0.6559207838480017,0.8896718451734821,0.7137486573576799,0.663029082567851,0.6471323507929981,0.8896718451734821,,,,
age_class,lstm,40m,16,test,40.0,640.0,1859,24800,0.7152419354838709,0.6381359988581801,0.619656947288148,0.8589887706879796,0.7428725121032813,0.6793165397922332,0.6644909646175283,0.8871853056499832,0.7423345884884346,0.678951327950545,0.664182343011428,0.8871853056499832,0.8750342973737884,0.8981889038171327,0.6515025966529501,0.7060649413472633
age_class,lstm,40m,2,test,40.0,80.0,1862,3722,0.6722192369693714,0.613833596722392,0.6016826265136909,0.8383684288072962,0.700859291084855,0.6464064163905663,0.637668620515784,0.8626376034323678,0.6396348012889366,0.6618087822123906,0.6039067013291132,0.8626376034323678,,,,
age_class,lstm,40m,2,test,40.0,80.0,1859,3718,0.6807423345884884,0.6225047516921935,0.6020762749499332,0.8387497483592682,0.7127487896718666,0.6616922018715687,0.6392388322037172,0.861853261839182,0.6514254975793438,0.6662402899445355,0.6001402218459292,0.861853261839182,0.8495598421716749,0.8739951094007723,0.6326403130123233,0.689431914843016
age_class,lstm,40m,20,test,40.0,800.0,1862,25248,0.7045706590621039,0.6323341287643379,0.6148868607955403,0.8580130741714901,0.7207303974221267,0.6662713069078026,0.6554525608926793,0.889674986948498,0.7142857142857143,0.6633288427596975,0.6474839335917032,0.889674986948498,,,,
age_class,lstm,40m,20,test,40.0,800.0,1859,25243,0.7188923662005309,0.639488655079396,0.6208321610753212,0.8613964782295779,0.7428725121032813,0.6793165397922332,0.6644909646175283,0.8873139909433793,0.7428725121032813,0.6795423444990084,0.6647103009469096,0.8873139909433793,0.8751061283107847,0.8982367439641847,0.6515025966529501,0.7060649413472633
age_class,lstm,40m,25,test,40.0,1000.0,1862,25270,0.7048278591214879,0.6324528556294479,0.6149803504294232,0.858157351823552,0.7207303974221267,0.6662713069078026,0.6554525608926793,0.8896783245509544,0.7142857142857143,0.6633288427596975,0.6474839335917032,0.8896783245509544,,,,
age_class,lstm,40m,25,test,40.0,1000.0,1859,25265,0.7191371462497527,0.6395751607349176,0.6209087283979751,0.8615290325181538,0.7428725121032813,0.6793165397922332,0.6644909646175283,0.8873101589826519,0.7428725121032813,0.6795423444990084,0.6647103009469096,0.8873101589826519,0.8751060334496267,0.8982284294079981,0.6515025966529501,0.7060649413472633
age_class,lstm,40m,3,test,40.0,120.0,1862,5582,0.6861340021497672,0.6233927163003704,0.6107353099573198,0.8441814188836809,0.7201933404940923,0.6588371032755127,0.6482907326226472,0.8787735490897323,0.7003222341568206,0.6353689183176451,0.6184059249271208,0.8787735490897323,,,,
age_class,lstm,40m,3,test,40.0,120.0,1859,5577,0.6966110812264659,0.6328634104691598,0.6142728616839356,0.8466231877302964,0.7337278106508875,0.6640560938065034,0.6500892556492791,0.8778344725293015,0.7186659494351803,0.6600676556766446,0.6334543040140977,0.8778344725293015,0.8657414914347463,0.8893575055603338,0.6376054548620038,0.691539099605343
age_class,lstm,40m,4,test,40.0,160.0,1862,7441,0.6837790619540385,0.6228841957468408,0.6080729020069261,0.8456215700510471,0.7169709989258861,0.6585308966279276,0.6492796616374862,0.8817788470552066,0.6879699248120301,0.6656750783312951,0.6352807486889626,0.8817788470552066,,,,
age_class,lstm,40m,4,test,40.0,160.0,1859,7436,0.6967455621301775,0.630596299033323,0.6124722226542166,0.8470132750946453,0.7364174287251211,0.6663632121857449,0.6511873194545885,0.8795443156239418,0.7245831091984938,0.6887108729479618,0.6545708145989005,0.8795443156239418,0.8672004073158915,0.8910978404304508,0.6379391984361011,0.693787662380783
age_class,lstm,40m,5,test,40.0,200.0,1862,9300,0.6861290322580645,0.6232406858971657,0.6094769387430623,0.8456381221918079,0.7250268528464017,0.664156252211683,0.6550202918463671,0.8832919369813396,0.7132116004296455,0.656432575285002,0.6426956555949048,0.8832919369813396,,,,
age_class,lstm,40m,5,test,40.0,200.0,1859,9295,0.6996234534696073,0.6323485892137354,0.6150688132607147,0.847780312937045,0.7423345884884346,0.6844557489690146,0.6710048135287575,0.8824875289155584,0.734803657880581,0.6781548601370039,0.6576433959525285,0.8824875289155584,0.8702157874105232,0.8942085744751155,0.6560404965908108,0.7118265709701378
age_class,lstm,40m,6,test,40.0,240.0,1862,11159,0.6857245272873913,0.6234712332369786,0.6084458620675891,0.8476138816213572,0.7266380236305048,0.6686948999482638,0.6573252910315159,0.8869060596252302,0.7083780880773362,0.6739730384532456,0.6508272443530011,0.8869060596252302,,,,
age_class,lstm,40m,6,test,40.0,240.0,1859,11154,0.7000179307871616,0.6359001916011663,0.6174346958565143,0.8508305918884216,0.741796664873588,0.6744430754663796,0.6606118937377007,0.8851208673424757,0.7369553523399677,0.6915572181250464,0.6652261282744042,0.8851208673424757,0.8727207489938753,0.8961282839107886,0.645131367369035,0.7020155133332162
age_class,lstm,40m,8,test,40.0,320.0,1862,14873,0.6913870772540845,0.6292922119260007,0.6148373471096736,0.8485336823658679,0.7255639097744361,0.6721729685572063,0.6613058488137489,0.888962832807163,0.7148227712137487,0.6718919990980448,0.6515449929190975,0.888962832807163,,,,
age_class,lstm,40m,8,test,40.0,320.0,1859,14868,0.7023809523809523,0.6359482607231496,0.6175565700509833,0.8506067161578595,0.7482517482517482,0.6868793420094758,0.6710560724928541,0.8850506901806217,0.7374932759548144,0.694223031062419,0.667152360850014,0.8850506901806217,0.8724560642042974,0.896567093615019,0.6592090373427996,0.7155759408567529
age_class,lstm,40m,all,test,40.0,,1862,25271,0.70483953939298,0.6324582444232739,0.6149845931544937,0.8581648574766242,0.7207303974221267,0.6662713069078026,0.6554525608926793,0.8896783245509544,0.7142857142857143,0.6633288427596975,0.6474839335917032,0.8896783245509544,,,,
age_class,lstm,40m,all,test,40.0,,1859,25266,0.7191482624871368,0.6395790870673612,0.6209122034824847,0.8615364428560804,0.7428725121032813,0.6793165397922332,0.6644909646175283,0.8873101589826519,0.7428725121032813,0.6795423444990084,0.6647103009469096,0.8873101589826519,0.8751060334496267,0.8982284294079981,0.6515025966529501,0.7060649413472633
age_class,lstm,80m,1,test,80.0,80.0,1862,1862,0.6928034371643395,0.6535215204637937,0.6389828725530511,0.8595040905595471,0.6928034371643395,0.6535215204637937,0.6389828725530511,0.8595040905595471,0.6928034371643395,0.6535215204637937,0.6389828725530511,0.8595040905595471,,,,
age_class,lstm,80m,1,test,80.0,80.0,1859,1859,0.6976869284561592,0.616355154453347,0.6084483948063532,0.8434561458806664,0.6976869284561592,0.616355154453347,0.6084483948063532,0.8434561458806664,0.6976869284561592,0.616355154453347,0.6084483948063532,0.8434561458806664,0.8298962397235529,0.8567891468218747,0.5874843077929772,0.6465303638251358
age_class,lstm,80m,10,test,80.0,800.0,1862,12063,0.7059603746994944,0.6515325975710183,0.6303035016309141,0.8688029327315386,0.7137486573576799,0.6691454660568046,0.6556756612982433,0.8837739236169678,0.6954887218045113,0.6643765975551749,0.6422211239573271,0.8837739236169678,,,,
age_class,lstm,80m,10,test,80.0,800.0,1859,12060,0.7237976782752902,0.6548220028796994,0.6336259376004155,0.8699921398341516,0.7412587412587412,0.6892886458186084,0.6702554158815657,0.8902926644164763,0.7305002689618074,0.6899628884266148,0.6651290205055139,0.8902926644164763,0.8790174821388922,0.9011202475497035,0.6605204239936275,0.7162795061627444
age_class,lstm,80m,12,test,80.0,960.0,1862,12070,0.7061309030654516,0.6516178173355123,0.6303685412604109,0.8688975819548576,0.7137486573576799,0.6691454660568046,0.6556756612982433,0.8837726132794724,0.6954887218045113,0.6643765975551749,0.6422211239573271,0.8837726132794724,,,,
age_class,lstm,80m,12,test,80.0,960.0,1859,12067,0.7239579017154222,0.6548896858541022,0.6336795608440698,0.8700723055501541,0.7412587412587412,0.6892886458186084,0.6702554158815657,0.8902908958797507,0.7305002689618074,0.6899628884266148,0.6651290205055139,0.8902908958797507,0.879015435535123,0.901121422747409,0.6605204239936275,0.7162795061627444
age_class,lstm,80m,2,test,80.0,160.0,1862,3721,0.6920182746573502,0.6532502505174549,0.6375362208151133,0.8583000516023196,0.7046186895810956,0.663211846445973,0.6497060868199965,0.8760433862516245,0.6546723952738991,0.6763545237934566,0.6229962828427187,0.8760433862516245,,,,
age_class,lstm,80m,2,test,80.0,160.0,1859,3718,0.7073695535233997,0.6427605735432582,0.6285666009427991,0.8550640987052122,0.734803657880581,0.6827495101930315,0.6647832578959837,0.8757094961881511,0.6810112963959117,0.6753082361456492,0.6221186412913997,0.8757094961881511,0.8629741467478168,0.8878018722780872,0.6537323713787475,0.711865298103427
age_class,lstm,80m,3,test,80.0,240.0,1862,5580,0.6896057347670251,0.6465238539972832,0.6295314419107892,0.8584801491292682,0.7175080558539205,0.6724448855466072,0.659233843100365,0.88031735828478,0.6992481203007519,0.660868902681561,0.6412093071998656,0.88031735828478,,,,
age_class,lstm,80m,3,test,80.0,240.0,1859,5577,0.7086247086247086,0.6480677567003483,0.6310254955304718,0.85891747915288,0.7396449704142012,0.6882944638359768,0.6695081973895533,0.8838721462995225,0.7299623453469607,0.6891166174141259,0.6624543328549471,0.8838721462995225,0.8717447701676921,0.8959910239453821,0.659333917086815,0.715706256273149
age_class,lstm,80m,4,test,80.0,320.0,1862,7437,0.6918112141992739,0.6512287700737965,0.6322622642912085,0.8605145903804446,0.715359828141783,0.6759780919259102,0.6615423932891249,0.8844183580583778,0.6847475832438239,0.6775268186274591,0.6431461103116209,0.8844183580583778,,,,
age_class,lstm,80m,4,test,80.0,320.0,1859,7434,0.7099811676082862,0.6494097178426865,0.6319054365827185,0.8615094071379886,0.7461000537923614,0.6938649289846114,0.6744266244270941,0.8902379063370279,0.7208176438945669,0.6958673033669333,0.6603451763515888,0.8902379063370279,0.8790434230211829,0.901009115781551,0.6657124382512325,0.7215140955615184
age_class,lstm,80m,5,test,80.0,400.0,1862,9270,0.6898597626752967,0.6462368478835129,0.6278656589124869,0.8589020648732278,0.7142857142857143,0.6682441281017738,0.6553309550995,0.8832795853324201,0.7078410311493019,0.660824600443187,0.6460014981724386,0.8832795853324201,,,,
age_class,lstm,80m,5,test,80.0,400.0,1859,9267,0.7101543109960073,0.6516275972772191,0.6330105134225525,0.8611776142705093,0.7498655190962883,0.700688803683248,0.6823282984348706,0.8903753128209955,0.7450242065626681,0.6907390027984587,0.6711962588546013,0.8903753128209955,0.8788278811602471,0.9015987139844918,0.6738852446374884,0.7283171637386002
age_class,lstm,80m,6,test,80.0,480.0,1862,10856,0.6910464259395726,0.6452864069724394,0.6262108850963908,0.8597332058760024,0.7158968850698174,0.6706357631808074,0.6568563675250888,0.8839251353404108,0.6970998925886144,0.6661496472005649,0.6439192309520091,0.8839251353404108,,,,
age_class,lstm,80m,6,test,80.0,480.0,1859,10853,0.7104947940661568,0.6505493654418465,0.6312024833440385,0.8617159849486088,0.7423345884884346,0.6898881662023015,0.6709938055480743,0.8900374850711777,0.7305002689618074,0.6908366574964653,0.6652445526406466,0.8900374850711777,0.8787320944705942,0.9010388841712844,0.6612962370275982,0.7163153306257197
age_class,lstm,80m,8,test,80.0,640.0,1862,11924,0.7031197584703119,0.6502844290209734,0.6292106908007206,0.8670906568420568,0.7137486573576799,0.6691454660568046,0.6556756612982433,0.8838446235913072,0.6949516648764769,0.6640768373633282,0.6418673938245625,0.8838446235913072,,,,
age_class,lstm,80m,8,test,80.0,640.0,1859,11921,0.7212482174314235,0.6541542477113517,0.632961483592957,0.868364085605123,0.741796664873588,0.6898796623670718,0.6710578710211039,0.8902837431012539,0.7305002689618074,0.6899628884266148,0.6651290205055139,0.8902837431012539,0.8790562370199803,0.9011080243911744,0.6608972436233346,0.7169910061639854
age_class,lstm,80m,all,test,80.0,,1862,12071,0.7061552481153177,0.6516299786740299,0.6303778215855805,0.8689124133976168,0.7137486573576799,0.6691454660568046,0.6556756612982433,0.8837726132794724,0.6954887218045113,0.6643765975551749,0.6422211239573271,0.8837726132794724,,,,
age_class,lstm,80m,all,test,80.0,,1859,12068,0.7239807756049055,0.654899344594284,0.6336872125868932,0.8700867513194875,0.7412587412587412,0.6892886458186084,0.6702554158815657,0.8902908958797507,0.7305002689618074,0.6899628884266148,0.6651290205055139,0.8902908958797507,0.879015435535123,0.901121422747409,0.6605204239936275,0.7162795061627444
age_class,lstm,120m,1,test,120.0,120.0,1862,1862,0.7261009667024705,0.6546673436816779,0.6487426156624417,0.8679857628280702,0.7261009667024705,0.6546673436816779,0.6487426156624417,0.8679857628280702,0.7261009667024705,0.6546673436816779,0.6487426156624417,0.8679857628280702,,,,
age_class,lstm,120m,1,test,120.0,120.0,1859,1859,0.7229693383539537,0.5846249752900854,0.5966378159433231,0.8642925427750692,0.7229693383539537,0.5846249752900854,0.5966378159433231,0.8642925427750692,0.7229693383539537,0.5846249752900854,0.5966378159433231,0.8642925427750692,0.8509508266459191,0.8760950480765308,0.5587823651046315,0.6092865928187641
age_class,lstm,120m,2,test,120.0,240.0,1862,3721,0.7248051599032518,0.6549086885136416,0.647759307075925,0.8675421336149092,0.7443609022556391,0.6739602827004011,0.6666789159682799,0.8848192769042854,0.706766917293233,0.6970209007810909,0.6527815122976247,0.8848192769042854,,,,
age_class,lstm,120m,2,test,120.0,240.0,1859,3718,0.7167832167832168,0.5934972287255651,0.6015545071685574,0.8646236011697659,0.7358795051102743,0.6168443689415402,0.6274796776345614,0.8808495665032811,0.7003765465303927,0.6336767000769806,0.6198280804791422,0.8808495665032811,0.8686869904692469,0.89196112407305,0.5875507910316456,0.6430757433401713
age_class,lstm,120m,3,test,120.0,360.0,1862,5570,0.7263913824057451,0.6508737030116877,0.6444292216725778,0.8698267683472193,0.7551020408163265,0.6855254300334611,0.6793346590875761,0.8910533621850165,0.7454350161117078,0.6696832650557659,0.6637800653266043,0.8910533621850165,,,,
age_class,lstm,120m,3,test,120.0,360.0,1859,5567,0.7260643075264954,0.5998908393384527,0.6085881666344548,0.868973768087927,0.7514792899408284,0.6122934230223076,0.6211499344794539,0.8893447247180384,0.7385691231845078,0.6010215894253554,0.6089173552245888,0.8893447247180384,0.8776291574557251,0.9006499877564462,0.5858105765079689,0.6390206456880521
age_class,lstm,120m,4,test,120.0,480.0,1862,7156,0.7273616545556176,0.6467511659755535,0.6393142124300976,0.8709832649102619,0.7465091299677766,0.6712286999501291,0.6652491868837852,0.8923262617967357,0.7416756176154672,0.6814904287962903,0.6680472588078105,0.8923262617967357,,,,
age_class,lstm,120m,4,test,120.0,480.0,1859,7153,0.7321403606878233,0.6052323364751054,0.6140698837712216,0.8715264248445954,0.7568585260892953,0.6270427327478791,0.6381396612139848,0.8927127846927524,0.741796664873588,0.6314058275528165,0.6360439341783564,0.8927127846927524,0.881162181704108,0.9036699116042592,0.5989175682302753,0.655215081155243
age_class,lstm,120m,5,test,120.0,600.0,1862,7708,0.7374156720290607,0.6497035169965312,0.6416278404159529,0.8769615473102425,0.7481203007518797,0.6732930059521359,0.6676352772401813,0.8928199818543403,0.7454350161117078,0.6841712628524497,0.6721003679191485,0.8928199818543403,,,,
age_class,lstm,120m,5,test,120.0,600.0,1859,7705,0.7421155094094743,0.607626310147536,0.6164691603443798,0.8765248044620918,0.7579343733189887,0.627933509488189,0.6389766785941035,0.8931228323079073,0.7455621301775148,0.6326303798258915,0.6386299285152411,0.8931228323079073,0.8816334937345549,0.903942056633542,0.6013899039389486,0.6559034731306285
age_class,lstm,120m,6,test,120.0,720.0,1862,7824,0.74079754601227,0.6510359646134831,0.6428823568466988,0.8790696723560988,0.7481203007518797,0.6732930059521359,0.6676352772401813,0.8928585173353443,0.7459720730397422,0.6859633775477901,0.6735469453425033,0.8928585173353443,,,,
age_class,lstm,120m,6,test,120.0,720.0,1859,7821,0.74530111238972,0.6084569277763464,0.6173001416817979,0.8785069465317127,0.7579343733189887,0.627933509488189,0.6389766785941035,0.893271378771623,0.7455621301775148,0.6326303798258915,0.6386299285152411,0.893271378771623,0.8818645723427556,0.9041186855466588,0.6013899039389486,0.6559034731306285
age_class,lstm,120m,8,test,120.0,960.0,1862,7835,0.7411614550095724,0.6511701205264847,0.6429967451723578,0.8792640215812199,0.7481203007518797,0.6732930059521359,0.6676352772401813,0.8928515103192479,0.7459720730397422,0.6859633775477901,0.6735469453425033,0.8928515103192479,,,,
age_class,lstm,120m,8,test,120.0,960.0,1859,7832,0.745658835546476,0.6085747194467954,0.617409017676046,0.8787177786316122,0.7579343733189887,0.627933509488189,0.6389766785941035,0.8932744119595101,0.7455621301775148,0.6326303798258915,0.6386299285152411,0.8932744119595101,0.8818643529803665,0.9041234754028662,0.6013899039389486,0.6559034731306285
age_class,lstm,120m,all,test,120.0,,1862,7835,0.7411614550095724,0.6511701205264847,0.6429967451723578,0.8792640215812199,0.7481203007518797,0.6732930059521359,0.6676352772401813,0.8928515103192479,0.7459720730397422,0.6859633775477901,0.6735469453425033,0.8928515103192479,,,,
age_class,lstm,120m,all,test,120.0,,1859,7832,0.745658835546476,0.6085747194467954,0.617409017676046,0.8787177786316122,0.7579343733189887,0.627933509488189,0.6389766785941035,0.8932744119595101,0.7455621301775148,0.6326303798258915,0.6386299285152411,0.8932744119595101,0.8818643529803665,0.9041234754028662,0.6013899039389486,0.6559034731306285
age_class,lstm,240m,1,test,240.0,240.0,1862,1862,0.7352309344790547,0.6530309726138102,0.6494230120520044,0.8718506396667444,0.7352309344790547,0.6530309726138102,0.6494230120520044,0.8718506396667444,0.7352309344790547,0.6530309726138102,0.6494230120520044,0.8718506396667444,,,,
age_class,lstm,240m,1,test,240.0,240.0,1859,1859,0.722431414739107,0.6711654743174417,0.6428425845581719,0.8694770083161961,0.722431414739107,0.6711654743174417,0.6428425845581719,0.8694770083161961,0.722431414739107,0.6711654743174417,0.6428425845581719,0.8694770083161961,0.8565103090793921,0.8819459035988071,0.6428311528805731,0.6995416958500471
age_class,lstm,240m,2,test,240.0,480.0,1862,3448,0.7334686774941995,0.6468044995928147,0.6404349906350425,0.8671908380016339,0.7395273899033298,0.6564497886934104,0.6539252428790515,0.8793062214516657,0.7185821697099892,0.6790111493509379,0.6509521173537142,0.8793062214516657,,,,
age_class,lstm,240m,2,test,240.0,480.0,1859,3445,0.7277213352685051,0.6721901267276437,0.6414215123782788,0.874509410290406,0.7455621301775148,0.7019592557554932,0.6694401082637355,0.8848074618616454,0.7014523937600861,0.687513992991167,0.6333669739527695,0.8848074618616454,0.872116421980781,0.8959863821019823,0.6734772597473703,0.7279830367678634
age_class,lstm,240m,3,test,240.0,720.0,1862,3564,0.7410213243546577,0.6490991281677797,0.6426212006362342,0.8725425365995411,0.7400644468313641,0.6567495488852569,0.6542757587010571,0.8798222406002721,0.719656283566058,0.679610669734631,0.651664754422952,0.8798222406002721,,,,
age_class,lstm,240m,3,test,240.0,720.0,1859,3561,0.7346251053074979,0.6731447515783833,0.6425861201395364,0.878828095167679,0.7455621301775148,0.7007287786791844,0.6684376753480551,0.8848465112560547,0.7014523937600861,0.6862835159148579,0.6331564082118618,0.8848465112560547,0.872240537338337,0.8959534483736793,0.671825257267918,0.7276147719305739
age_class,lstm,240m,4,test,240.0,960.0,1862,3566,0.7411665731912507,0.6491563088138713,0.6426690692439389,0.872640819599806,0.7400644468313641,0.6567495488852569,0.6542757587010571,0.8798222406002721,0.719656283566058,0.679610669734631,0.651664754422952,0.8798222406002721,,,,
age_class,lstm,240m,4,test,240.0,960.0,1859,3563,0.7347740667976425,0.6731994461094274,0.6426310494339534,0.8789219445811431,0.7455621301775148,0.7007287786791844,0.6684376753480551,0.8848474240229249,0.7014523937600861,0.6862835159148579,0.6331564082118618,0.8848474240229249,0.8722431610779329,0.8959534718507014,0.671825257267918,0.7276147719305739
age_class,lstm,240m,all,test,240.0,,1862,3566,0.7411665731912507,0.6491563088138713,0.6426690692439389,0.872640819599806,0.7400644468313641,0.6567495488852569,0.6542757587010571,0.8798222406002721,0.719656283566058,0.679610669734631,0.651664754422952,0.8798222406002721,,,,
age_class,lstm,240m,all,test,240.0,,1859,3563,0.7347740667976425,0.6731994461094274,0.6426310494339534,0.8789219445811431,0.7455621301775148,0.7007287786791844,0.6684376753480551,0.8848474240229249,0.7014523937600861,0.6862835159148579,0.6331564082118618,0.8848474240229249,0.8722431610779329,0.8959534718507014,0.671825257267918,0.7276147719305739
age_class,transformer,30s,1,test,0.5,0.5,1862,1862,0.6305048335123523,0.5689445012281183,0.5426194222989138,0.7991651534382908,0.6305048335123523,0.5689445012281183,0.5426194222989138,0.7991651534382908,0.6305048335123523,0.5689445012281183,0.5426194222989138,0.7991651534382908,,,,
age_class,transformer,30s,1,test,0.5,0.5,1859,1859,0.6239913932221625,0.5639944619121584,0.5418723543091172,0.7986754072439414,0.6239913932221625,0.5639944619121584,0.5418723543091172,0.7986754072439414,0.6239913932221625,0.5639944619121584,0.5418723543091172,0.7986754072439414,0.7827720372251297,0.8143136008285844,0.5339248776369007,0.5924026734539503
age_class,transformer,30s,10,test,0.5,5.0,1862,18620,0.6251879699248121,0.6162133779592661,0.5590769370307839,0.8154562732877254,0.6761546723952739,0.6728335245324675,0.6171691788884881,0.8492718117284307,0.6557465091299678,0.6729071787182471,0.6016326138475553,0.8492718117284307,,,,
age_class,transformer,30s,10,test,0.5,5.0,1859,18590,0.6266272189349112,0.6014589862815015,0.5600659601478905,0.8121390957056077,0.6745562130177515,0.6533194093486983,0.6128735202113956,0.8484058304703622,0.650887573964497,0.6480953360785386,0.5989079032192246,0.8484058304703622,0.8347098902577397,0.8608336712276505,0.6235448706888502,0.6810532817455993
age_class,transformer,30s,100,test,0.5,50.0,1862,186070,0.6291718170580964,0.6216382185523224,0.5610791761682631,0.8188122166608091,0.6874328678839957,0.6812033557779721,0.6248067470292923,0.8539623243720146,0.6852846401718582,0.6898682838218102,0.6259918553941498,0.8539623243720146,,,,
age_class,transformer,30s,100,test,0.5,50.0,1859,185900,0.6330285099515869,0.6096972983176069,0.5659904129914014,0.8163136617913334,0.6831629908552985,0.6612244909339359,0.6191189074910005,0.8534729059870925,0.6707907477138246,0.6518690523688478,0.6089316279189697,0.8534729059870925,0.8402451644304259,0.8656450432597894,0.6318452290951477,0.6886227976873818
age_class,transformer,30s,12,test,0.5,6.0,1862,22344,0.6289831722162549,0.6187526243018397,0.561259545585148,0.8170417854096191,0.6804511278195489,0.6731206661301021,0.6189882731918483,0.850985264278655,0.6638023630504833,0.6758751543720413,0.6073032070554745,0.850985264278655,,,,
age_class,transformer,30s,12,test,0.5,6.0,1859,22308,0.6306706114398422,0.6053452930017339,0.563104788021127,0.8149909575554951,0.6702528240989779,0.6534477336163856,0.610690258996024,0.8512330980337778,0.6621839698762776,0.6525118586679314,0.6049009419918975,0.8512330980337778,0.8378348241097863,0.8634150402269292,0.624871628255636,0.6814891120588987
age_class,transformer,30s,120,test,0.5,60.0,1862,223270,0.628987324763739,0.6219635629328534,0.5612552811401951,0.8191729150603569,0.6842105263157895,0.6793687219064831,0.6232969883305071,0.8542051380294772,0.6766917293233082,0.6815048990320441,0.6180330691744941,0.8542051380294772,,,,
age_class,transformer,30s,120,test,0.5,60.0,1859,223080,0.6336471221086606,0.6110722304611839,0.5669636193771077,0.8166465381879702,0.6837009144701452,0.6623980201956328,0.6204793670701246,0.853747854490967,0.6783216783216783,0.6586870022642507,0.6161072848700143,0.853747854490967,0.8407672374623382,0.8660845393014575,0.6319169212742417,0.6908807249294208
age_class,transformer,30s,16,test,0.5,8.0,1862,29792,0.6271817937701396,0.6183231220445743,0.5598063576051683,0.8174309336753627,0.6793770139634802,0.6767790983410937,0.6196141443113931,0.8519455201809835,0.6659505907626209,0.6726332043493551,0.6076271798645209,0.8519455201809835,,,,
age_class,transformer,30s,16,test,0.5,8.0,1859,29744,0.6300430338891877,0.60554938286901,0.5628648047738095,0.814195202423824,0.6788596019365251,0.6572392243163961,0.616796181105049,0.8502853222298428,0.6643356643356644,0.6513153969325411,0.6065773180688393,0.8502853222298428,0.8371626808988113,0.8625700255464969,0.6261468450606685,0.6866823278125505
age_class,transformer,30s,160,test,0.5,80.0,1862,297670,0.6292471528874257,0.6212168360809093,0.5612885773135704,0.8189419986947115,0.6842105263157895,0.6779124401233988,0.6222526095231697,0.8542980294085272,0.6842105263157895,0.6937097542281893,0.6278592375164532,0.8542980294085272,,,,
age_class,transformer,30s,160,test,0.5,80.0,1859,297440,0.6328368746637978,0.6096405008884417,0.5658711091599121,0.81653237325177,0.6837009144701452,0.6593545533297812,0.618918666738366,0.8536166571416425,0.6734803657880581,0.6524286326083883,0.6100993251231795,0.8536166571416425,0.8406114147560354,0.8659921768567019,0.6309618752528156,0.6866145805394888
age_class,transformer,30s,2,test,0.5,1.0,1862,3724,0.6039205155746509,0.5758383684267411,0.5342725015465297,0.7911043409089774,0.6450053705692803,0.6038309366233849,0.5715070188700371,0.81791437639185,0.5488721804511278,0.6009499881220625,0.5113075057725457,0.81791437639185,,,,
age_class,transformer,30s,2,test,0.5,1.0,1859,3718,0.6016675632060248,0.564631500241035,0.5315879724773694,0.7866832022840119,0.6401291016675632,0.59878473224211,0.5716474491419067,0.8131648070996472,0.5535233996772458,0.5920323037001163,0.5131806880597938,0.8131648070996472,0.7972251885644889,0.8280625327451385,0.5679337131861687,0.6295579959934564
age_class,transformer,30s,20,test,0.5,10.0,1862,37240,0.6307196562835661,0.6230516341902456,0.5634427999500711,0.8195051386042764,0.692266380236305,0.6847388938540314,0.6296807999135009,0.8549412088355908,0.6723952738990333,0.6782330484274214,0.6141958433884026,0.8549412088355908,,,,
age_class,transformer,30s,20,test,0.5,10.0,1859,37180,0.6324098977945132,0.6082596096126238,0.5652324721737145,0.8160813871649011,0.6788596019365251,0.6536786963871525,0.6127737366955398,0.8538350092473231,0.6632598171059709,0.6486770820525304,0.603190209303062,0.8538350092473231,0.8408341261970622,0.8663368860115861,0.6249639582144897,0.6822651850215564
age_class,transformer,30s,200,test,0.5,100.0,1862,372070,0.6287123390759803,0.6217098443192022,0.5608722939867025,0.8188501838738057,0.6874328678839957,0.6823683812044393,0.6263374100975575,0.8540428049733925,0.686358754027927,0.6883568642683656,0.6261705304601393,0.8540428049733925,,,,
age_class,transformer,30s,200,test,0.5,100.0,1859,371800,0.6331603012372243,0.6098881583606501,0.5661805372317811,0.8165591566320992,0.6804733727810651,0.657847248535319,0.6173220130924083,0.8536642146741963,0.6707907477138246,0.6521603087254647,0.6088824489516543,0.8536642146741963,0.8402833807390288,0.8658535411571072,0.6282303867397864,0.6857602692383132
age_class,transformer,30s,25,test,0.5,12.5,1862,46550,0.629624060150376,0.6216527560381345,0.5622354360856259,0.8178777874389883,0.6879699248120301,0.6791009196760642,0.6247042265202839,0.8528582940936352,0.6766917293233082,0.6806311299621935,0.6180335844141852,0.8528582940936352,,,,
age_class,transformer,30s,25,test,0.5,12.5,1859,46475,0.6337816030123723,0.6103087338291209,0.5666000914127047,0.8154738000134468,0.6826250672404519,0.6594029973091634,0.6178776758144868,0.8524405518254001,0.6691769768692846,0.647343792214223,0.6049260269529896,0.8524405518254001,0.8389631957664611,0.8651782996145606,0.6311036566955641,0.6877667568499912
age_class,transformer,30s,250,test,0.5,125.0,1862,465070,0.62912249768852,0.6218244779041103,0.5611692885752918,0.8188093349811032,0.6831364124597207,0.6752019798025684,0.6210769400654895,0.8538789217918294,0.6804511278195489,0.6853868312350806,0.6214596861774607,0.8538789217918294,,,,
age_class,transformer,30s,250,test,0.5,125.0,1859,464750,0.6333318988703605,0.6105542649243005,0.5666564691980455,0.816534722274417,0.6793975255513717,0.6573131798014675,0.6157991404413047,0.8536470947190095,0.6783216783216783,0.6626696898497944,0.6178642287260451,0.8536470947190095,0.8402802644530585,0.8659787769744418,0.6279094633631569,0.6853481054725707
age_class,transformer,30s,3,test,0.5,1.5,1862,5586,0.6172574292875045,0.5956461095136703,0.5467609267216865,0.8037597479693743,0.6718582169709989,0.6465938436622013,0.6045394219928809,0.8372503823670078,0.6283566058002148,0.6268598024805961,0.5600637341386684,0.8372503823670078,,,,
age_class,transformer,30s,3,test,0.5,1.5,1859,5577,0.615563923256231,0.5805664850749327,0.5442653153003375,0.8008206430750594,0.6627218934911243,0.6305386803218743,0.5978472637229887,0.8332806601917029,0.6293706293706294,0.6100162074735049,0.5603595071051176,0.8332806601917029,0.8190879030050955,0.8474126657903963,0.6000604630608303,0.6596505593266982
age_class,transformer,30s,30,test,0.5,15.0,1862,55860,0.6278016469745793,0.6200499129408438,0.5602700263182218,0.8182688709691468,0.6804511278195489,0.6752316060672396,0.6195624989053811,0.8534143732800487,0.6713211600429646,0.6815641515613864,0.6135990374449958,0.8534143732800487,,,,
age_class,transformer,30s,30,test,0.5,15.0,1859,55770,0.6325981710597095,0.6076736912992569,0.5649311919079132,0.8158379747236427,0.6815492200107585,0.6597426976451626,0.6175384714778863,0.8528146628386687,0.6643356643356644,0.6489198944297648,0.6041694013728226,0.8528146628386687,0.8395291249245546,0.8652125544924075,0.6300569995701476,0.686861962293429
age_class,transformer,30s,320,test,0.5,160.0,1862,595220,0.629029602499916,0.6214483136222482,0.5607918815023463,0.8189330453650828,0.6895810955961332,0.6841499346850591,0.6288094917512748,0.8541731888958881,0.6831364124597207,0.6865583031172866,0.6241759326498452,0.8541731888958881,,,,
age_class,transformer,30s,320,test,0.5,160.0,1859,594880,0.6336723372781065,0.6105014097590082,0.5667369798508061,0.816707362847894,0.6837009144701452,0.6629805329088665,0.6205651473460366,0.8538277231077682,0.6734803657880581,0.6579330536268578,0.6138529213152298,0.8538277231077682,0.8406637932191594,0.866131769930646,0.6337144281610485,0.6911541082493977
age_class,transformer,30s,4,test,0.5,2.0,1862,7448,0.6207035445757251,0.6033422575597723,0.553401097385435,0.8068080404260588,0.6670247046186896,0.6513938471734623,0.6039516306329858,0.8401718485786877,0.6321160042964554,0.6516734450462965,0.5816612339344124,0.8401718485786877,,,,
age_class,transformer,30s,4,test,0.5,2.0,1859,7436,0.6192845615922539,0.5897134315568124,0.551589139115605,0.8045722151856545,0.6670252824098978,0.6386015359320497,0.6035804312806367,0.8392134541965263,0.6234534696073157,0.6262690231491125,0.574045365444635,0.8392134541965263,0.8245273024467592,0.852320396995451,0.6082827480822638,0.667477214282948
age_class,transformer,30s,40,test,0.5,20.0,1862,74470,0.6299852289512555,0.6223090542628468,0.5625118757350572,0.8190971234874516,0.686358754027927,0.6832612153242402,0.6265192690257272,0.8540751600780303,0.6788399570354458,0.6841962943029242,0.6202650141058604,0.8540751600780303,,,,
age_class,transformer,30s,40,test,0.5,20.0,1859,74360,0.6348036578805809,0.6118344990906472,0.5682222643113631,0.8163598113561278,0.6826250672404519,0.663676941251324,0.6211222361699946,0.8532614363946186,0.671866594943518,0.6563858086882429,0.611967324278259,0.8532614363946186,0.8399245611636079,0.8655611184292995,0.6343267111945919,0.6911757885960897
age_class,transformer,30s,400,test,0.5,200.0,1862,743940,0.6288558217060516,0.621310254585666,0.5605643546214223,0.8190238800389452,0.6874328678839957,0.6811672830575621,0.6259456492943601,0.8542818925129194,0.6825993555316864,0.6848022611423558,0.6224426053493891,0.8542818925129194,,,,
age_class,transformer,30s,400,test,0.5,200.0,1859,743600,0.6336538461538461,0.6107715953153069,0.5668743145472509,0.8166232675048856,0.6810112963959117,0.6603167065231665,0.6180275445559046,0.853664358955362,0.6740182894029048,0.6554806033094697,0.6120554939563005,0.853664358955362,0.8404234217167151,0.8659128062456101,0.6308456174343077,0.6887344078368057
age_class,transformer,30s,5,test,0.5,2.5,1862,9310,0.621374865735768,0.6076532596846339,0.5536960420680126,0.8103012686173484,0.6654135338345865,0.6510770793111564,0.6016886644043874,0.8431567717340553,0.6374865735767992,0.6431316854546562,0.5778655663856674,0.8431567717340553,,,,
age_class,transformer,30s,5,test,0.5,2.5,1859,9295,0.6221624529316837,0.594403486628207,0.5535839270693156,0.8070107194497926,0.6551909628832706,0.6294509561517162,0.5912400611479849,0.8401130962368923,0.64228079612695,0.6295741223554119,0.5820284442688217,0.8401130962368923,0.8268060949202596,0.853446384920655,0.5999962435394521,0.6571402883657097
age_class,transformer,30s,50,test,0.5,25.0,1862,93070,0.62779628236811,0.6209470177765383,0.5605727688132766,0.8185455451475027,0.6852846401718582,0.682952951297164,0.6256813664915871,0.8534238417420125,0.6729323308270677,0.6833372012067764,0.6159207706158897,0.8534238417420125,,,,
age_class,transformer,30s,50,test,0.5,25.0,1859,92950,0.6325443786982249,0.6103760939626395,0.5660798978842713,0.8158050690520521,0.6853146853146853,0.6693187828530339,0.6250642564837564,0.8531835158167764,0.6713286713286714,0.6537559976434618,0.6095349459243539,0.8531835158167764,0.8399997498303033,0.8655645071463046,0.6405126332000824,0.696884846220005
age_class,transformer,30s,500,test,0.5,250.0,1862,929840,0.6292738535662049,0.6217212540516922,0.5609111899146516,0.8189338323241614,0.6842105263157895,0.6796960509835097,0.6236536198714716,0.8542779100122758,0.6836734693877551,0.6868941360295429,0.6235353584499693,0.8542779100122758,,,,
age_class,transformer,30s,500,test,0.5,250.0,1859,929500,0.633905325443787,0.6108589912862176,0.5669659626773651,0.8167063091836404,0.6831629908552985,0.6633287370800952,0.6206504359402719,0.8538284755039275,0.6788596019365251,0.6593434704625557,0.6161937615751368,0.8538284755039275,0.8407345397258684,0.8662327149557894,0.6340039507110745,0.6911804141723216
age_class,transformer,30s,6,test,0.5,3.0,1862,11172,0.6245972073039742,0.6108749239455381,0.5565393611870886,0.8149012704545666,0.6766917293233082,0.6660349140042804,0.6137190096825447,0.8484521530759633,0.6337271750805585,0.6526809437830655,0.5797187280133361,0.8484521530759633,,,,
age_class,transformer,30s,6,test,0.5,3.0,1859,11154,0.6239017392863546,0.5949147727510353,0.5547641900560619,0.8095453370356905,0.6659494351802044,0.635380708338805,0.59771102886321,0.8437409947945366,0.633674018289403,0.6275301697951022,0.5765855875321025,0.8437409947945366,0.8296226116059661,0.8566972033984664,0.6051011416807672,0.6643702278796669
age_class,transformer,30s,60,test,0.5,30.0,1862,111670,0.6292200232828871,0.6220583770709333,0.5616637334961263,0.8190248227443752,0.6815252416756176,0.678488506380894,0.6215578610754182,0.8539084967084619,0.6729323308270677,0.6761666850459234,0.6129394261809565,0.8539084967084619,,,,
age_class,transformer,30s,60,test,0.5,30.0,1859,111540,0.6316926663080509,0.6079165989380336,0.5644150694942863,0.8154235004160779,0.6810112963959117,0.6600254501665498,0.6176849483192521,0.8525070809766181,0.6691769768692846,0.6500305510736162,0.6070764475765521,0.8525070809766181,0.8396016229315741,0.8648936521593075,0.6304443120044596,0.6883577126821533
age_class,transformer,30s,8,test,0.5,4.0,1862,14896,0.6254699248120301,0.6152251328655676,0.5586843535236478,0.8156848962752283,0.6707841031149302,0.6650676027469034,0.6112503598887772,0.8503644836369383,0.6498388829215896,0.6704835856777859,0.5977265476204745,0.8503644836369383,,,,
age_class,transformer,30s,8,test,0.5,4.0,1859,14872,0.6285637439483593,0.6028324881078744,0.5610772583737758,0.8116782938585122,0.6654115115653577,0.6445975065082221,0.605167518944235,0.8483213585831028,0.6503496503496503,0.6425824112248395,0.594679289186732,0.8483213585831028,0.8355734639046251,0.8606712857548915,0.6144375885117215,0.6728205730119449
age_class,transformer,30s,80,test,0.5,40.0,1862,148870,0.6289715859474709,0.6214350470553599,0.5613157998602326,0.8188238629795856,0.6847475832438239,0.6802870675319731,0.623872631627784,0.8540301148174514,0.6729323308270677,0.6737284160317594,0.6124520760101194,0.8540301148174514,,,,
age_class,transformer,30s,80,test,0.5,40.0,1859,148720,0.6327124798278645,0.6098848341103887,0.566273175123831,0.8164592070843107,0.6847767616998386,0.663936761299018,0.6219506838475465,0.8538075739778584,0.6767079074771383,0.6617704092742548,0.61735962777202,0.8538075739778584,0.8406556337908997,0.8662590122315282,0.6348728823604451,0.6915245193506028
age_class,transformer,30s,all,test,0.5,,1862,2080220,0.6470882887386911,0.6288551247268881,0.5648955925658258,0.8301699988017051,0.6885069817400644,0.6814755470846384,0.6263315630787641,0.8542383195753631,0.6847475832438239,0.6868750709795926,0.6242731051187783,0.8542383195753631,,,,
age_class,transformer,30s,all,test,0.5,,1859,2079880,0.6510991018712619,0.6179819761823633,0.5710682318214584,0.8277927786225461,0.6826250672404519,0.6627377205316319,0.6205436041627402,0.8537748259672565,0.6740182894029048,0.6570023367423954,0.6132891189853215,0.8537748259672565,0.8405190104375839,0.8660519798044009,0.6332018456990681,0.6905514290222396
age_class,transformer,10m,1,test,10.0,10.0,1862,1862,0.6423200859291085,0.6358519910221445,0.5693674999853872,0.825499291904848,0.6423200859291085,0.6358519910221445,0.5693674999853872,0.825499291904848,0.6423200859291085,0.6358519910221445,0.5693674999853872,0.825499291904848,,,,
age_class,transformer,10m,1,test,10.0,10.0,1859,1859,0.6535771920387305,0.5882208429280293,0.5683469870084908,0.8231073070251341,0.6535771920387305,0.5882208429280293,0.5683469870084908,0.8231073070251341,0.6535771920387305,0.5882208429280293,0.5683469870084908,0.8231073070251341,0.8080648288464546,0.8362137621952185,0.560443178939663,0.6183597304392564
age_class,transformer,10m,10,test,10.0,100.0,1862,18603,0.6447347202064183,0.6385470508620984,0.5767015141207539,0.8320910346093512,0.6885069817400644,0.6858417178405526,0.623313126376508,0.8647461147915726,0.6740064446831364,0.6876121614719205,0.6158893027350164,0.8647461147915726,,,,
age_class,transformer,10m,10,test,10.0,100.0,1859,18590,0.6584185045723507,0.6245525867412104,0.5893332085955655,0.8311262876554757,0.7079074771382464,0.6745618503453255,0.6399146367852361,0.8671900395381126,0.685852608929532,0.6702370576507054,0.6266763569851149,0.8671900395381126,0.8541004243560105,0.8785054896369323,0.645204987096248,0.700948296557965
age_class,transformer,10m,100,test,10.0,1000.0,1862,103524,0.664039256597504,0.6459679957938159,0.5819726695573896,0.8438530002550922,0.6933404940923737,0.6855548505601833,0.6261139812228184,0.8669726106185717,0.6847475832438239,0.686983289140822,0.6232122542270339,0.8669726106185717,,,,
age_class,transformer,10m,100,test,10.0,1000.0,1859,103508,0.6791359122000232,0.6321216931523127,0.5953489657910215,0.8434682461788587,0.7116729424421732,0.6768859763950262,0.6423902799746654,0.8699406532404036,0.7041420118343196,0.6705196359131739,0.6351940549360687,0.8699406532404036,0.857021209162565,0.8809553830356276,0.6485803632134245,0.7034406853292039
age_class,transformer,10m,12,test,10.0,120.0,1862,22323,0.6480759754513282,0.6419434532341793,0.5802375598659003,0.8336317172679548,0.692266380236305,0.6885946973375314,0.6255634037521611,0.8659977377593763,0.6788399570354458,0.6899826741215126,0.6193890541118857,0.8659977377593763,,,,
age_class,transformer,10m,12,test,10.0,120.0,1859,22308,0.6621391429083737,0.6259890907178919,0.5910133165606629,0.8330991027075721,0.7062937062937062,0.6691628211208501,0.6355204654635097,0.8678225720212014,0.6939214631522324,0.6724983110825605,0.6313678874484259,0.8678225720212014,0.8551709981352413,0.8793349339020261,0.6406933112173007,0.6961494426208171
age_class,transformer,10m,16,test,10.0,160.0,1862,29760,0.6455645161290322,0.6397401678564641,0.5779258640294533,0.8330939798414191,0.6944146079484426,0.6900489217411246,0.628539123848665,0.8654256862589603,0.6713211600429646,0.6843297496525772,0.6140597870442557,0.8654256862589603,,,,
age_class,transformer,10m,16,test,10.0,160.0,1859,29744,0.6616460462614309,0.626364933079696,0.5919413867984209,0.832762613696694,0.706831629908553,0.6760665761077919,0.640198347621051,0.8682951347057765,0.6917697686928456,0.6646298238702376,0.6274102194181395,0.8682951347057765,0.8551651495816192,0.8796416271066657,0.6463742686338103,0.7023921568655321
age_class,transformer,10m,2,test,10.0,20.0,1862,3723,0.6255707762557078,0.6261916973274624,0.5626522386651441,0.8138443798481113,0.667561761546724,0.6695631140934885,0.6057036531379145,0.8393890433187012,0.5644468313641245,0.6339562529797713,0.5254295196988977,0.8393890433187012,,,,
age_class,transformer,10m,2,test,10.0,20.0,1859,3718,0.628294782140936,0.5906240999526853,0.5582162194158542,0.8089344262640091,0.6637977407208177,0.6176749566513514,0.5907561310416175,0.8350755610955707,0.57235072619688,0.6125935317319914,0.5329398211155946,0.8350755610955707,0.819731073591807,0.8481346658863704,0.5893185479164941,0.6461563208769057
age_class,transformer,10m,20,test,10.0,200.0,1862,37196,0.6468706312506721,0.6398670490135339,0.5782278027084182,0.8342350138796989,0.6895810955961332,0.685567469154395,0.6248777169656319,0.8669975433860794,0.6766917293233082,0.6884923769975098,0.6182633258278245,0.8669975433860794,,,,
age_class,transformer,10m,20,test,10.0,200.0,1859,37180,0.6627218934911243,0.627369717410585,0.5925429608872083,0.8336078086461661,0.7079074771382464,0.6697053936899312,0.6362965948764631,0.8697374656324057,0.6976869284561592,0.6676359296239326,0.6314830384415672,0.8697374656324057,0.8568856387776502,0.8808840251495507,0.6409083782152855,0.6959924842158195
age_class,transformer,10m,25,test,10.0,250.0,1862,46491,0.6481254436342518,0.6409421380157676,0.5793544021448377,0.8343688402911497,0.7013963480128894,0.6956933423748305,0.6355246291162194,0.867318106432004,0.6847475832438239,0.6902953272248364,0.624218983481458,0.867318106432004,,,,
age_class,transformer,10m,25,test,10.0,250.0,1859,46475,0.6632383001613771,0.6262265667061747,0.5920060119004532,0.8339241987187512,0.7149004841312534,0.6751240096168618,0.6416342371995353,0.8703324032160978,0.6982248520710059,0.6623658171474679,0.6284550617087851,0.8703324032160978,0.8577333715656101,0.8816099218570564,0.647403692284375,0.7028843943167346
age_class,transformer,10m,3,test,10.0,30.0,1862,5583,0.6380082392978685,0.6359612176082404,0.5722627976690052,0.823534534249224,0.6825993555316864,0.6869105264861549,0.618492337749624,0.8540107656878533,0.6578947368421053,0.6746499848851187,0.5948298645987974,0.8540107656878533,,,,
age_class,transformer,10m,3,test,10.0,30.0,1859,5577,0.6449704142011834,0.6058896052556861,0.5722678161186048,0.8220726056788926,0.6906939214631522,0.6484922630434196,0.6181204532344667,0.8549541727687578,0.6627218934911243,0.6329407349599916,0.5877611966737103,0.8549541727687578,0.8412473366052265,0.8675263703534839,0.6196942628823074,0.6780602926557087
age_class,transformer,10m,30,test,10.0,300.0,1862,55778,0.6475133565204919,0.6406080229628816,0.5792314990600914,0.8342110125680273,0.6906552094522019,0.6861669895380881,0.6253063820252031,0.8673423454799781,0.6847475832438239,0.6896406690707831,0.6250584020200178,0.8673423454799781,,,,
age_class,transformer,10m,30,test,10.0,300.0,1859,55762,0.6618844374305082,0.6259185827050581,0.5913278208281169,0.8335823636459204,0.7132867132867133,0.6790811856967164,0.6441237955676984,0.8698779686485572,0.7025282409897795,0.6769377661456465,0.6382718121848556,0.8698779686485572,0.8567313960761721,0.8809973367734395,0.6504351534321771,0.70588638988901
age_class,transformer,10m,4,test,10.0,40.0,1862,7443,0.6375117560123607,0.6356487737573163,0.5722986407113702,0.8254043158023198,0.6836734693877551,0.6873296832677989,0.6220967157050755,0.8575191982254634,0.6390977443609023,0.671220676170114,0.5879759103997187,0.8575191982254634,,,,
age_class,transformer,10m,4,test,10.0,40.0,1859,7436,0.6467186659494352,0.6122294351473826,0.5781150117973849,0.8244952890629554,0.7025282409897795,0.6657685710517738,0.6340449361192663,0.8595139274942953,0.6568047337278107,0.6534674945777595,0.6062984747024213,0.8595139274942953,0.8455437261118695,0.8718914986964624,0.6357994985624378,0.6939897549432681
age_class,transformer,10m,40,test,10.0,400.0,1862,74265,0.6480576314549249,0.6406967059053618,0.579333993415262,0.8341161800238925,0.69656283566058,0.6867708989980287,0.6280465834480125,0.8669012704051431,0.6868958109559613,0.6911670389151959,0.6266170276474697,0.8669012704051431,,,,
age_class,transformer,10m,40,test,10.0,400.0,1859,74249,0.6630257646567631,0.6263667022321305,0.5922421095851739,0.8335428906261679,0.7132867132867133,0.6778507086204074,0.6435608587310452,0.8696469815442183,0.7019903173749328,0.6733687343811732,0.6358629960215061,0.8696469815442183,0.8567656659238266,0.8807493808055553,0.6493473503874799,0.7047176656858098
age_class,transformer,10m,5,test,10.0,50.0,1862,9303,0.6415134902719553,0.635710949462693,0.5740427485865333,0.8278404724903631,0.6852846401718582,0.6820404349135654,0.619391816621392,0.8592579004756259,0.6680988184747583,0.6814383085158503,0.6072932146727695,0.8592579004756259,,,,
age_class,transformer,10m,5,test,10.0,50.0,1859,9295,0.6493813878429263,0.608632131615949,0.5751142279892353,0.8257402026558539,0.6993006993006993,0.6625137281176106,0.6299597926913725,0.8602466913880716,0.6837009144701452,0.6548253549235952,0.6144567061424423,0.8602466913880716,0.846952731858864,0.8722571879192699,0.6333560311005981,0.6897591281645054
age_class,transformer,10m,50,test,10.0,500.0,1862,91170,0.6488647581441264,0.6404785437954533,0.5786018789068165,0.8347400385443021,0.6933404940923737,0.6864286196300338,0.6270391114593751,0.8671396327319186,0.6825993555316864,0.6849104793035853,0.6210225479294907,0.8671396327319186,,,,
age_class,transformer,10m,50,test,10.0,500.0,1859,91154,0.6638436053272484,0.6266811989190261,0.5917260126119331,0.83421592335649,0.7100591715976331,0.6736566449665521,0.6402728144133417,0.8698447774092496,0.7014523937600861,0.6687295785973243,0.6334763605706578,0.8698447774092496,0.8571035889877026,0.880907090808729,0.6447440509173704,0.7003933981270253
age_class,transformer,10m,6,test,10.0,60.0,1862,11163,0.6417629669443697,0.6373664315966935,0.5747984236257112,0.8311656171727405,0.6911922663802363,0.6912350695970334,0.6274246199960514,0.8633459569565088,0.6584317937701396,0.680483615852685,0.602043352982225,0.8633459569565088,,,,
age_class,transformer,10m,6,test,10.0,60.0,1859,11154,0.6568047337278107,0.6206258746055126,0.5863543192690742,0.8300397845346924,0.7111350188273265,0.6690430006883924,0.6370883075303507,0.8650930317262807,0.6826250672404519,0.6646816136208578,0.6225791806944284,0.8650930317262807,0.8518042443584578,0.876663823246433,0.639964922060043,0.6969913237931544
age_class,transformer,10m,60,test,10.0,600.0,1862,99382,0.6561147893984827,0.6429883304730697,0.5798028752166906,0.838967348920019,0.6928034371643395,0.6852550903683369,0.6257572921420812,0.8669039641708304,0.6842105263157895,0.6866835289489753,0.6228549873851971,0.8669039641708304,,,,
age_class,transformer,10m,60,test,10.0,600.0,1859,99366,0.6715677394682286,0.6294380436260909,0.5933927385151844,0.8385935070659364,0.7127487896718666,0.6771942404221024,0.6429393705046696,0.8698970261239763,0.7062937062937062,0.6725924457504106,0.6370709118951542,0.8698970261239763,0.8568996087130328,0.8809476594223674,0.6490838848128053,0.7038338426932274
age_class,transformer,10m,8,test,10.0,80.0,1862,14883,0.6447624806826581,0.637796463154035,0.5765882666352233,0.8310876981535412,0.6906552094522019,0.6786691443002084,0.6224346323273696,0.8637804890787218,0.6680988184747583,0.6816213467112378,0.6100371787033744,0.8637804890787218,,,,
age_class,transformer,10m,8,test,10.0,80.0,1859,14872,0.657880580957504,0.6193915420506287,0.5862944304819327,0.8294330151168058,0.7057557826788596,0.6699626347056293,0.6375692728159151,0.8636747667082089,0.6804733727810651,0.6613128750574706,0.6195185361710619,0.8636747667082089,0.8502841951991955,0.8753461768314617,0.6401354937683967,0.6972227348560466
age_class,transformer,10m,80,test,10.0,800.0,1862,103410,0.6637559230248525,0.6458589145929694,0.5819056730678154,0.8436749329491892,0.6933404940923737,0.6855548505601833,0.6261139812228184,0.8669814678128293,0.6847475832438239,0.686983289140822,0.6232122542270339,0.8669814678128293,,,,
age_class,transformer,10m,80,test,10.0,800.0,1859,103394,0.6788498365475752,0.632003419795732,0.5952667272213535,0.8432754446978453,0.7116729424421732,0.6768859763950262,0.6423902799746654,0.869947847078267,0.7041420118343196,0.6705196359131739,0.6351940549360687,0.869947847078267,0.8570322098786146,0.8809643385731126,0.6485803632134245,0.7034406853292039
age_class,transformer,10m,all,test,10.0,,1862,103533,0.6640684612635585,0.645980571861867,0.5819827629601102,0.8438717029283239,0.6933404940923737,0.6855548505601833,0.6261139812228184,0.8669726106185717,0.6847475832438239,0.686983289140822,0.6232122542270339,0.8669726106185717,,,,
age_class,transformer,10m,all,test,10.0,,1859,103517,0.679163808842992,0.6321338176235507,0.5953588440585599,0.8434869564480455,0.7116729424421732,0.6768859763950262,0.6423902799746654,0.8699406532404036,0.7041420118343196,0.6705196359131739,0.6351940549360687,0.8699406532404036,0.857021209162565,0.8809553830356276,0.6485803632134245,0.7034406853292039
age_class,transformer,40m,1,test,40.0,40.0,1862,1862,0.673469387755102,0.5987450945215002,0.568274682920548,0.840973832846316,0.673469387755102,0.5987450945215002,0.568274682920548,0.840973832846316,0.673469387755102,0.5987450945215002,0.568274682920548,0.840973832846316,,,,
age_class,transformer,40m,1,test,40.0,40.0,1859,1859,0.6767079074771383,0.6178495989396136,0.5934942590124631,0.8352275454357153,0.6767079074771383,0.6178495989396136,0.5934942590124631,0.8352275454357153,0.6767079074771383,0.6178495989396136,0.5934942590124631,0.8352275454357153,0.8210591673345498,0.8489593930350644,0.5916039009449494,0.6450877282745239
age_class,transformer,40m,10,test,40.0,400.0,1862,18555,0.6900026946914578,0.641448245284976,0.60011131834117,0.8523921673681633,0.7261009667024705,0.6706035994814306,0.6332862544250136,0.8770262219619663,0.7191192266380236,0.6851253383017677,0.6357105532166636,0.8770262219619663,,,,
age_class,transformer,40m,10,test,40.0,400.0,1859,18550,0.6852830188679245,0.6529765423023052,0.6138631040959722,0.8493042739654221,0.7321140398063475,0.7058602507599779,0.6634687952721836,0.8763952505136402,0.7170521785906401,0.6977582217448922,0.6515361451344902,0.8763952505136402,0.8639485351818892,0.8870681796687306,0.6765679264779036,0.7305094558834797
age_class,transformer,40m,12,test,40.0,480.0,1862,21918,0.6910302034857195,0.6406986353781378,0.5994712456624299,0.853075983533318,0.7277121374865736,0.6712116237003535,0.6347263073618038,0.8774600682671635,0.7228786251342643,0.6815454979873342,0.6366194474247976,0.8774600682671635,,,,
age_class,transformer,40m,12,test,40.0,480.0,1859,21913,0.685620407977,0.6531580734176093,0.6130689349781459,0.8499095392666413,0.7251210328133405,0.6947114091078026,0.6539242880017798,0.8765996254329109,0.71382463690156,0.6932074500845783,0.6482057562383471,0.8765996254329109,0.8642955029399987,0.8871594840314415,0.6648604754621187,0.7176101752461587
age_class,transformer,40m,16,test,40.0,640.0,1862,24805,0.7020358798629308,0.6417322179368483,0.6006860774708426,0.8592519350688561,0.7287862513426423,0.6709013022937862,0.6349506242708308,0.8778444862974712,0.7250268528464017,0.6842368932582144,0.6395559619624643,0.8778444862974712,,,,
age_class,transformer,40m,16,test,40.0,640.0,1859,24800,0.6968951612903226,0.6566489746571188,0.6152275052109788,0.856145300518965,0.7267348036578806,0.6970669714664265,0.6564923607783029,0.8769518153906911,0.7218934911242604,0.6970558885992008,0.6545210890788552,0.8769518153906911,0.8643877867214096,0.8873840689289325,0.6676709172815167,0.7207555077032467
age_class,transformer,40m,2,test,40.0,80.0,1862,3722,0.6663084363245567,0.6037622001306372,0.5715671401119478,0.8370978176596715,0.6949516648764769,0.6272622944883627,0.5949638383778969,0.8562675687239918,0.6530612244897959,0.6521493855018936,0.5846634515851161,0.8562675687239918,,,,
age_class,transformer,40m,2,test,40.0,80.0,1859,3718,0.6589564281871975,0.6171500887884042,0.5826415535634948,0.8297958754792841,0.6949973103819258,0.6501180290507741,0.6180080319521101,0.8538523277814392,0.6169983862291555,0.6492613373549503,0.5679336880783826,0.8538523277814392,0.8404671612227551,0.8664104216531763,0.6206820096087424,0.6777738491833926
age_class,transformer,40m,20,test,40.0,800.0,1862,25248,0.7057588719898605,0.6426546953099219,0.6016430369772264,0.861654305650592,0.7287862513426423,0.6709013022937862,0.6349506242708308,0.8779464372361088,0.7255639097744361,0.6848279098066777,0.640396691830012,0.8779464372361088,,,,
age_class,transformer,40m,20,test,40.0,800.0,1859,25243,0.7008675672463653,0.658442266737452,0.6166702617667456,0.8585925397525583,0.7267348036578806,0.6967757151098096,0.6563174861719093,0.8771431188228999,0.722431414739107,0.6973556487910474,0.6548776764282128,0.8771431188228999,0.864672805028762,0.8875361609097691,0.6673000637860835,0.7205887562801604
age_class,transformer,40m,25,test,40.0,1000.0,1862,25270,0.706015037593985,0.6427289403213537,0.601717402958109,0.8618071753326415,0.7287862513426423,0.6709013022937862,0.6349506242708308,0.8779542992610807,0.7255639097744361,0.6848279098066777,0.640396691830012,0.8779542992610807,,,,
age_class,transformer,40m,25,test,40.0,1000.0,1859,25265,0.701128042746883,0.6585503025578363,0.6167575233064083,0.8587453458353028,0.7267348036578806,0.6967757151098096,0.6563174861719093,0.8771457469274351,0.722431414739107,0.6973556487910474,0.6548776764282128,0.8771457469274351,0.8646729579011022,0.8875384538504307,0.6673000637860835,0.7205887562801604
age_class,transformer,40m,3,test,40.0,120.0,1862,5582,0.6814761734145468,0.6254381828792029,0.5890594063114781,0.8471071884826573,0.7244897959183674,0.667701597129983,0.6321182301226822,0.8710205541948914,0.6949516648764769,0.6465907575929648,0.5964775411874609,0.8710205541948914,,,,
age_class,transformer,40m,3,test,40.0,120.0,1859,5577,0.6727631343015958,0.6337572541664378,0.5972974226536866,0.8423235096956989,0.7240451855836472,0.6902601044382491,0.6539051297692546,0.8707251069006615,0.6939214631522324,0.6585834576147941,0.6149214004376057,0.8707251069006615,0.8581635461726775,0.8816911498638125,0.662145600863094,0.7170616581065818
age_class,transformer,40m,4,test,40.0,160.0,1862,7441,0.6773283160865475,0.6244284495322995,0.5857410349013988,0.84660749895255,0.7180451127819549,0.6626481930447407,0.6244187474405076,0.8704485269601436,0.7030075187969925,0.6790450961125404,0.6287460706463194,0.8704485269601436,,,,
age_class,transformer,40m,4,test,40.0,160.0,1859,7436,0.6789940828402367,0.6437249311119643,0.6060818651323169,0.8435897430240261,0.7267348036578806,0.6938926013008917,0.6571839025106347,0.8727066486476566,0.6933835395373857,0.6863817630931878,0.6334885556682188,0.8727066486476566,0.8599262586376581,0.8837855970576624,0.6655412260745011,0.7213117850328148
age_class,transformer,40m,5,test,40.0,200.0,1862,9300,0.6873118279569892,0.6344518649650123,0.5961628092527642,0.850832051608364,0.7309344790547798,0.6765774065716542,0.6394292381844552,0.8753329875611771,0.7148227712137487,0.671443078893097,0.6264279626483537,0.8753329875611771,,,,
age_class,transformer,40m,5,test,40.0,200.0,1859,9295,0.6771382463690157,0.6411955332838716,0.6033092135992589,0.8465330040289848,0.7288864981172674,0.6958705097310363,0.6565398591310395,0.8745240682625024,0.7100591715976331,0.6735617435594601,0.6344031585670578,0.8745240682625024,0.8623581081391222,0.8853449348882252,0.6682302859753652,0.722512699408118
age_class,transformer,40m,6,test,40.0,240.0,1862,11159,0.6866206649341339,0.6343887223766508,0.5947611967313565,0.8513487801648988,0.7212674543501612,0.6682330868318386,0.6286326681941755,0.8756876320323442,0.7110633727175081,0.6773890427808748,0.6258838174100728,0.8756876320323442,,,,
age_class,transformer,40m,6,test,40.0,240.0,1859,11154,0.6822664514972208,0.6491422720444735,0.6106864021554673,0.8479962599184881,0.7208176438945669,0.6947742817256485,0.6533663847974228,0.8758062804627914,0.7030661646046261,0.6934300832790342,0.6411453254216184,0.8758062804627914,0.8633280955142519,0.8866566010418127,0.6653380844533796,0.7206477160953575
age_class,transformer,40m,8,test,40.0,320.0,1862,14873,0.6901095945673368,0.6417870920993654,0.6005081740141393,0.8518738350418236,0.7303974221267454,0.6786437699531521,0.6406972761689743,0.8766621903507951,0.7175080558539205,0.6889943775933268,0.636863559937166,0.8766621903507951,,,,
age_class,transformer,40m,8,test,40.0,320.0,1859,14868,0.6826741996233522,0.649431076808237,0.6107910027064908,0.8472621299973024,0.7261968800430338,0.7032108530127417,0.6611264348438968,0.8745130659457737,0.7116729424421732,0.6932388863935012,0.6466086321974885,0.8745130659457737,0.8622215271830781,0.8855507284879616,0.6758084579203916,0.7281180568938499
age_class,transformer,40m,all,test,40.0,,1862,25271,0.7060266708875786,0.6427323101657345,0.6017207782949506,0.861814708435014,0.7287862513426423,0.6709013022937862,0.6349506242708308,0.8779542992610807,0.7255639097744361,0.6848279098066777,0.640396691830012,0.8779542992610807,,,,
age_class,transformer,40m,all,test,40.0,,1859,25266,0.7011398717644265,0.6585552061048251,0.6167614835126515,0.8587530013789632,0.7267348036578806,0.6967757151098096,0.6563174861719093,0.8771457469274351,0.722431414739107,0.6973556487910474,0.6548776764282128,0.8771457469274351,0.8646729579011022,0.8875384538504307,0.6673000637860835,0.7205887562801604
age_class,transformer,80m,1,test,80.0,80.0,1862,1862,0.7003222341568206,0.6590969503052329,0.6383796676328667,0.8636876188413063,0.7003222341568206,0.6590969503052329,0.6383796676328667,0.8636876188413063,0.7003222341568206,0.6590969503052329,0.6383796676328667,0.8636876188413063,,,,
age_class,transformer,80m,1,test,80.0,80.0,1859,1859,0.7100591715976331,0.606291318532199,0.6129520829406211,0.8563092702264387,0.7100591715976331,0.606291318532199,0.6129520829406211,0.8563092702264387,0.7100591715976331,0.606291318532199,0.6129520829406211,0.8563092702264387,0.8433228620575378,0.868755742288202,0.5755759075369872,0.6341795133353783
age_class,transformer,80m,10,test,80.0,800.0,1862,12063,0.7241979607062919,0.6846491127961859,0.6489466669689784,0.8803159392714708,0.7448979591836735,0.7220541343178031,0.6904090368657299,0.8921929264380725,0.7261009667024705,0.7161117365544764,0.6755254859102622,0.8921929264380725,,,,
age_class,transformer,80m,10,test,80.0,800.0,1859,12060,0.7456882255389718,0.6558340573817665,0.6484855070228828,0.8843469745320394,0.7616998386229156,0.6877693520105437,0.685600894415455,0.8995074810336497,0.7530930607853685,0.6883467066597855,0.6816199826837431,0.8995074810336497,0.8877916418070203,0.9096231483792148,0.6592052988455281,0.7137686113893936
age_class,transformer,80m,12,test,80.0,960.0,1862,12070,0.7243579121789561,0.6847214777239152,0.6490016952993202,0.8804059728397736,0.7448979591836735,0.7220541343178031,0.6904090368657299,0.8921950917844433,0.7261009667024705,0.7161117365544764,0.6755254859102622,0.8921950917844433,,,,
age_class,transformer,80m,12,test,80.0,960.0,1859,12067,0.7458357503936356,0.6558789055662616,0.6485297093260481,0.8844360467253111,0.7616998386229156,0.6877693520105437,0.685600894415455,0.8995110219050554,0.7530930607853685,0.6883467066597855,0.6816199826837431,0.8995110219050554,0.8877974374285305,0.9096311703924808,0.6592052988455281,0.7137686113893936
age_class,transformer,80m,2,test,80.0,160.0,1862,3721,0.6965869389948939,0.6684360002051983,0.6376628354461095,0.8627875075848613,0.7158968850698174,0.6911239025252002,0.6605093101010849,0.8790524498096742,0.6573576799140709,0.6863304826283105,0.6185740837214927,0.8790524498096742,,,,
age_class,transformer,80m,2,test,80.0,160.0,1859,3718,0.7092522861753631,0.6170910498667685,0.6152803650159747,0.8593191950434814,0.7337278106508875,0.6343708430534959,0.6388386941318696,0.8767569971403305,0.7025282409897795,0.6701439685363674,0.6347421573787403,0.8767569971403305,0.8643459083649759,0.8881922884470766,0.6060397787099407,0.6629673165154698
age_class,transformer,80m,3,test,80.0,240.0,1862,5580,0.7016129032258065,0.6735849987909766,0.6416786064062104,0.8680410400118058,0.7277121374865736,0.7048169974658571,0.6736017147570775,0.8866299376437624,0.7191192266380236,0.7003842361937492,0.6626327516264645,0.8866299376437624,,,,
age_class,transformer,80m,3,test,80.0,240.0,1859,5577,0.7201004124081047,0.6352277206254994,0.6307325821626956,0.8684670967747629,0.7498655190962883,0.662236412474485,0.664486177373042,0.8889973875691153,0.7423345884884346,0.6667185609726379,0.6582254374276798,0.8889973875691153,0.876888108766457,0.899684104091518,0.6322414780365012,0.6884075500763148
age_class,transformer,80m,4,test,80.0,320.0,1862,7437,0.709694769396262,0.6809016780598453,0.648793731249871,0.871689574183654,0.7406015037593985,0.7223495054334022,0.6901836139140823,0.89186223157239,0.7121374865735768,0.711011424216838,0.6644612454644584,0.89186223157239,,,,
age_class,transformer,80m,4,test,80.0,320.0,1859,7434,0.7282754909873554,0.6480500815734925,0.6424461886917101,0.8742011689386108,0.7611619150080688,0.6786304475777593,0.6814530861042488,0.8971133867488925,0.7520172135556751,0.6978168075933393,0.6804002065977789,0.8971133867488925,0.8851311142658888,0.9073572825111028,0.6480176608058602,0.7053181233341378
age_class,transformer,80m,5,test,80.0,400.0,1862,9270,0.7076591154261057,0.6787631380955128,0.6459955896345652,0.8704381643102872,0.7379162191192267,0.7131698210409022,0.6818786540571318,0.8901555936539705,0.7293233082706767,0.7104485251880858,0.6753383600671422,0.8901555936539705,,,,
age_class,transformer,80m,5,test,80.0,400.0,1859,9267,0.7295780727311967,0.6512937013154153,0.6449940383875958,0.8746362585560492,0.7552447552447552,0.6803204454225248,0.6790603276085848,0.8970205108200441,0.7552447552447552,0.6820679835622259,0.6795009164660639,0.8970205108200441,0.8849087467659921,0.907603754576552,0.651746799013392,0.7072234604284843
age_class,transformer,80m,6,test,80.0,480.0,1862,10856,0.7109432571849669,0.6798053552739419,0.6466789326704586,0.8723362662326406,0.7438238453276047,0.7208721012208764,0.6885015639159286,0.8922225066773543,0.7250268528464017,0.7155122161707833,0.6736736433965026,0.8922225066773543,,,,
age_class,transformer,80m,6,test,80.0,480.0,1859,10853,0.7316870911268774,0.6526707715137587,0.6456228995396774,0.8767478697667862,0.7611619150080688,0.6871783354620803,0.6857763132229469,0.8992139389763248,0.7509413663259817,0.6862738968225489,0.6786094236713748,0.8992139389763248,0.8875052561924796,0.9094913870453076,0.6593538371314626,0.7137392741892795
age_class,transformer,80m,8,test,80.0,640.0,1862,11924,0.7214860784971486,0.6835324138328014,0.6480239198947625,0.8787603892087246,0.7443609022556391,0.7214631177693397,0.6895962761375923,0.8921700099747185,0.7261009667024705,0.7161117365544764,0.6755254859102622,0.8921700099747185,,,,
age_class,transformer,80m,8,test,80.0,640.0,1859,11921,0.7435617817297206,0.6556453285713526,0.6483057547559491,0.8829416488677322,0.7616998386229156,0.6877693520105437,0.685600894415455,0.8995179851100511,0.7530930607853685,0.6883467066597855,0.6816199826837431,0.8995179851100511,0.8878450941393998,0.9096349374905804,0.6592052988455281,0.7137686113893936
age_class,transformer,80m,all,test,80.0,,1862,12071,0.7243807472454643,0.6847318046051045,0.6490095473775868,0.8804196058802901,0.7448979591836735,0.7220541343178031,0.6904090368657299,0.8921950917844433,0.7261009667024705,0.7161117365544764,0.6755254859102622,0.8921950917844433,,,,
age_class,transformer,80m,all,test,80.0,,1859,12068,0.7458568114020551,0.6558853056538091,0.6485360172231108,0.8844492378648301,0.7616998386229156,0.6877693520105437,0.685600894415455,0.8995110219050554,0.7530930607853685,0.6883467066597855,0.6816199826837431,0.8995110219050554,0.8877974374285305,0.9096311703924808,0.6592052988455281,0.7137686113893936
age_class,transformer,120m,1,test,120.0,120.0,1862,1862,0.709452201933405,0.6492332558112741,0.6368659508194391,0.8639398702009328,0.709452201933405,0.6492332558112741,0.6368659508194391,0.8639398702009328,0.709452201933405,0.6492332558112741,0.6368659508194391,0.8639398702009328,,,,
age_class,transformer,120m,1,test,120.0,120.0,1859,1859,0.7283485745024206,0.6352904770707326,0.6430088884505513,0.8739449944624132,0.7283485745024206,0.6352904770707326,0.6430088884505513,0.8739449944624132,0.7283485745024206,0.6352904770707326,0.6430088884505513,0.8739449944624132,0.8613445262395828,0.8857171946248823,0.607166667655442,0.6626608383010425
age_class,transformer,120m,2,test,120.0,240.0,1862,3721,0.7156678312281645,0.6645401115537254,0.6461405784274407,0.8665356975688326,0.7303974221267454,0.6833118954390365,0.6674775534197702,0.879287195509964,0.6938775510204082,0.693138694260789,0.6442285258504978,0.879287195509964,,,,
age_class,transformer,120m,2,test,120.0,240.0,1859,3718,0.7342657342657343,0.6539000749173943,0.6510191976709162,0.8776814361445421,0.7584722969338354,0.680371468433903,0.6796544492524852,0.8930827611270055,0.7240451855836472,0.6962161348702692,0.6596426012063449,0.8930827611270055,0.881887433749437,0.9030903110110946,0.6504590130222577,0.7081721980591551
age_class,transformer,120m,3,test,120.0,360.0,1862,5570,0.7190305206463196,0.6696781631665937,0.6491570583813973,0.8691601176846989,0.7352309344790547,0.68928570252926,0.6702336276360786,0.8837412000927373,0.742749731471536,0.6955211397114293,0.6757052425285633,0.8837412000927373,,,,
age_class,transformer,120m,3,test,120.0,360.0,1859,5567,0.7382791449613796,0.6621944603262295,0.6557257603155491,0.8810873988456143,0.7606239913932221,0.6820221186148396,0.6780824318624611,0.8984966367305346,0.764389456697149,0.6973938811977973,0.6875930415543153,0.8984966367305346,0.8877463086066752,0.9083663404025576,0.6515879923174007,0.7086838959616203
age_class,transformer,120m,4,test,120.0,480.0,1862,7156,0.7224706539966461,0.6713538888543135,0.649947427121946,0.8702357764728355,0.7411385606874329,0.695276517289943,0.6757790234545028,0.885140020793575,0.7250268528464017,0.6925083131847302,0.6630176713015491,0.885140020793575,,,,
age_class,transformer,120m,4,test,120.0,480.0,1859,7153,0.7405284496015658,0.662737934688185,0.6549407361889333,0.8826787218395625,0.7606239913932221,0.6892086261231684,0.6831124620147614,0.9008359835185202,0.7568585260892953,0.7065361314018196,0.6874563500628564,0.9008359835185202,0.8897295472189927,0.9107072425772236,0.6587255530174959,0.7152714326762566
age_class,transformer,120m,5,test,120.0,600.0,1862,7708,0.7324857291126102,0.6746925784835701,0.6524565905970586,0.8760366164596242,0.7416756176154672,0.6961587901950231,0.6761111479635938,0.8859559132642141,0.7298603651987111,0.6949148985547321,0.6663531229237082,0.8859559132642141,,,,
age_class,transformer,120m,5,test,120.0,600.0,1859,7705,0.7502920181700194,0.6650797486262888,0.6569630642780254,0.8879487213508327,0.7622377622377622,0.6909816757685584,0.6850804315469934,0.9015671476330784,0.757396449704142,0.7062533788804325,0.6877894689951146,0.9015671476330784,0.8902998924842,0.9114219820261787,0.6601269514970358,0.716838103415788
age_class,transformer,120m,6,test,120.0,720.0,1862,7824,0.7359406952965235,0.6760862898992914,0.6537556636481621,0.8782040741517148,0.7416756176154672,0.6961587901950231,0.6761111479635938,0.8860697311172426,0.7293233082706767,0.6946151383628857,0.6659976925910139,0.8860697311172426,,,,
age_class,transformer,120m,6,test,120.0,720.0,1859,7821,0.7533563482930572,0.665561601763151,0.657574214647743,0.8897277846909502,0.7622377622377622,0.6909816757685584,0.6850804315469934,0.9015761975259188,0.7579343733189887,0.7068443954288958,0.6883246410622782,0.9015761975259188,0.8902894513141864,0.9114166287455916,0.6601269514970358,0.716838103415788
age_class,transformer,120m,8,test,120.0,960.0,1862,7835,0.7363114231014678,0.676242058962834,0.6538792214783874,0.87843866234526,0.7416756176154672,0.6961587901950231,0.6761111479635938,0.8860719521119774,0.7293233082706767,0.6946151383628857,0.6659976925910139,0.8860719521119774,,,,
age_class,transformer,120m,8,test,120.0,960.0,1859,7832,0.7537027579162411,0.6656676605804491,0.6576767314654756,0.8899405480977189,0.7622377622377622,0.6909816757685584,0.6850804315469934,0.9015803688239278,0.7579343733189887,0.7068443954288958,0.6883246410622782,0.9015803688239278,0.8902904322034177,0.9114198384605448,0.6601269514970358,0.716838103415788
age_class,transformer,120m,all,test,120.0,,1862,7835,0.7363114231014678,0.676242058962834,0.6538792214783874,0.87843866234526,0.7416756176154672,0.6961587901950231,0.6761111479635938,0.8860719521119774,0.7293233082706767,0.6946151383628857,0.6659976925910139,0.8860719521119774,,,,
age_class,transformer,120m,all,test,120.0,,1859,7832,0.7537027579162411,0.6656676605804491,0.6576767314654756,0.8899405480977189,0.7622377622377622,0.6909816757685584,0.6850804315469934,0.9015803688239278,0.7579343733189887,0.7068443954288958,0.6883246410622782,0.9015803688239278,0.8902904322034177,0.9114198384605448,0.6601269514970358,0.716838103415788
age_class,transformer,240m,1,test,240.0,240.0,1862,1862,0.7298603651987111,0.6101032008984438,0.6223203232560769,0.8712378068724655,0.7298603651987111,0.6101032008984438,0.6223203232560769,0.8712378068724655,0.7298603651987111,0.6101032008984438,0.6223203232560769,0.8712378068724655,,,,
age_class,transformer,240m,1,test,240.0,240.0,1859,1859,0.7590102205486821,0.6710172148294619,0.6740205589350063,0.8902213293047359,0.7590102205486821,0.6710172148294619,0.6740205589350063,0.8902213293047359,0.7590102205486821,0.6710172148294619,0.6740205589350063,0.8902213293047359,0.8771456183200806,0.90145835515455,0.6428026392963927,0.6992009070369721
age_class,transformer,240m,2,test,240.0,480.0,1862,3448,0.7372389791183295,0.6136422705126128,0.6239057901616353,0.8721944887138989,0.7438238453276047,0.6233586912213537,0.634635472054827,0.877344584013997,0.7309344790547798,0.6327273116304485,0.6330048620001111,0.877344584013997,,,,
age_class,transformer,240m,2,test,240.0,480.0,1859,3445,0.7654571843251089,0.6755377333019658,0.673674482686183,0.8947379771823573,0.7767616998386229,0.6949256081705965,0.6951121380553142,0.9051295364602922,0.7498655190962883,0.7060983232946256,0.6815092946984525,0.9051295364602922,0.8934649684643973,0.9148788887102104,0.6657439080372171,0.723383199757462
age_class,transformer,240m,3,test,240.0,720.0,1862,3564,0.744668911335578,0.6160478248207948,0.626185257246152,0.8769008268400625,0.7443609022556391,0.6239497077698171,0.6351328908498496,0.877464376016596,0.7309344790547798,0.6312349571269545,0.6318559207434128,0.877464376016596,,,,
age_class,transformer,240m,3,test,240.0,720.0,1859,3561,0.7714125245717495,0.6764404500324459,0.6745088971500515,0.8979754401784489,0.7751479289940828,0.6922133378055143,0.6923158765614454,0.9050369120977336,0.7498655190962883,0.7045765898616997,0.6805254616763873,0.9050369120977336,0.893337873737331,0.9147456576349986,0.6629605315273881,0.7197287532958155
age_class,transformer,240m,4,test,240.0,960.0,1862,3566,0.7448121144139092,0.6160968565342307,0.6262309476119875,0.8769946326996089,0.7443609022556391,0.6239497077698171,0.6351328908498496,0.8774635210077205,0.7309344790547798,0.6312349571269545,0.6318559207434128,0.8774635210077205,,,,
age_class,transformer,240m,4,test,240.0,960.0,1859,3563,0.7715408363738423,0.6764832664582633,0.6745472615754528,0.8980531439543356,0.7751479289940828,0.6922133378055143,0.6923158765614454,0.9050369120977336,0.7498655190962883,0.7045765898616997,0.6805254616763873,0.9050369120977336,0.893337873737331,0.9147456576349986,0.6629605315273881,0.7197287532958155
age_class,transformer,240m,all,test,240.0,,1862,3566,0.7448121144139092,0.6160968565342307,0.6262309476119875,0.8769946326996089,0.7443609022556391,0.6239497077698171,0.6351328908498496,0.8774635210077205,0.7309344790547798,0.6312349571269545,0.6318559207434128,0.8774635210077205,,,,
age_class,transformer,240m,all,test,240.0,,1859,3563,0.7715408363738423,0.6764832664582633,0.6745472615754528,0.8980531439543356,0.7751479289940828,0.6922133378055143,0.6923158765614454,0.9050369120977336,0.7498655190962883,0.7045765898616997,0.6805254616763873,0.9050369120977336,0.893337873737331,0.9147456576349986,0.6629605315273881,0.7197287532958155
apnea_binary,lstm,30s,1,test,0.5,0.5,2054,2054,0.565238558909445,0.56590133998538,0.5526168866440595,0.6136911178680835,0.565238558909445,0.56590133998538,0.5526168866440595,0.6136911178680835,0.565238558909445,0.56590133998538,0.5526168866440595,0.6136911178680835,,,,
apnea_binary,lstm,30s,1,test,0.5,0.5,2054,2054,0.565238558909445,0.56590133998538,0.5526168866440595,0.6136911178680835,0.565238558909445,0.56590133998538,0.5526168866440595,0.6136911178680835,0.565238558909445,0.56590133998538,0.5526168866440595,0.6136911178680835,0.5884970070469202,0.6371563787029187,0.5450931784471007,0.5853610091254162
apnea_binary,lstm,30s,10,test,0.5,5.0,2054,20540,0.6262901655306718,0.6266607124402563,0.6230511319312717,0.6871813137791987,0.6742940603700097,0.674810588283258,0.6686958591020842,0.7510033535189193,0.6460564751703992,0.6468077097750763,0.632748365422334,0.7510033535189193,,,,
apnea_binary,lstm,30s,10,test,0.5,5.0,2054,20540,0.6262901655306718,0.6266607124402563,0.6230511319312717,0.6871813137791987,0.6742940603700097,0.674810588283258,0.6686958591020842,0.7510033535189193,0.6460564751703992,0.6468077097750763,0.632748365422334,0.7510033535189193,0.7283840205560507,0.7710452887212884,0.6550199450432751,0.6923119158639176
apnea_binary,lstm,30s,100,test,0.5,50.0,2054,205400,0.6320350535540409,0.6323908968600938,0.6291038022787052,0.6915391115877021,0.6728334956183057,0.6733405201225358,0.6674222797927462,0.7577852932503913,0.6684518013631938,0.6690061656583355,0.6618498472276515,0.7577852932503913,,,,
apnea_binary,lstm,30s,100,test,0.5,50.0,2054,205400,0.6320350535540409,0.6323908968600938,0.6291038022787052,0.6915391115877021,0.6728334956183057,0.6733405201225358,0.6674222797927462,0.7577852932503913,0.6684518013631938,0.6690061656583355,0.6618498472276515,0.7577852932503913,0.7352412233870991,0.7774032582280437,0.6530460755596357,0.6922094468583447
apnea_binary,lstm,30s,12,test,0.5,6.0,2054,24648,0.6258519961051606,0.6262277826606226,0.6225133910812173,0.6851752891281535,0.6728334956183057,0.6733898226342143,0.666272402230963,0.7498693957503132,0.6577409931840311,0.6584393100303116,0.6467066146629912,0.7498693957503132,,,,
apnea_binary,lstm,30s,12,test,0.5,6.0,2054,24648,0.6258519961051606,0.6262277826606226,0.6225133910812173,0.6851752891281535,0.6728334956183057,0.6733898226342143,0.666272402230963,0.7498693957503132,0.6577409931840311,0.6584393100303116,0.6467066146629912,0.7498693957503132,0.7278765275925244,0.7699207009416209,0.6535065063347821,0.6903019096267234
apnea_binary,lstm,30s,120,test,0.5,60.0,2054,246480,0.6316090555014605,0.6319675312936632,0.6286291448258408,0.6916888125016,0.675267770204479,0.6757653503844174,0.6701030878186082,0.7576345413396819,0.6684518013631938,0.6690061656583355,0.6618498472276515,0.7576345413396819,,,,
apnea_binary,lstm,30s,120,test,0.5,60.0,2054,246480,0.6316090555014605,0.6319675312936632,0.6286291448258408,0.6916888125016,0.675267770204479,0.6757653503844174,0.6701030878186082,0.7576345413396819,0.6684518013631938,0.6690061656583355,0.6618498472276515,0.7576345413396819,0.7354059320095119,0.7777268954053996,0.6562840727022687,0.6945972681848165
apnea_binary,lstm,30s,16,test,0.5,8.0,2054,32864,0.6274951314508277,0.6278855598632045,0.6238979980325559,0.6868193849742774,0.667964946445959,0.668551539613146,0.6605287774142736,0.7504031902517557,0.6567672833495618,0.6574883404300507,0.6449321541792874,0.7504031902517557,,,,
apnea_binary,lstm,30s,16,test,0.5,8.0,2054,32864,0.6274951314508277,0.6278855598632045,0.6238979980325559,0.6868193849742774,0.667964946445959,0.668551539613146,0.6605287774142736,0.7504031902517557,0.6567672833495618,0.6574883404300507,0.6449321541792874,0.7504031902517557,0.7273703246907947,0.7700063395017146,0.6482937200653671,0.6868122749303796
apnea_binary,lstm,30s,160,test,0.5,80.0,2054,328640,0.6317125121713729,0.6320618322235527,0.6288889507843107,0.6921432373294322,0.6733203505355404,0.673825486174912,0.667959029535306,0.7581370477087132,0.6635832521908471,0.6641299576282838,0.6570733688554753,0.7581370477087132,,,,
apnea_binary,lstm,30s,160,test,0.5,80.0,2054,328640,0.6317125121713729,0.6320618322235527,0.6288889507843107,0.6921432373294322,0.6733203505355404,0.673825486174912,0.667959029535306,0.7581370477087132,0.6635832521908471,0.6641299576282838,0.6570733688554753,0.7581370477087132,0.735622892534386,0.7779339257601472,0.6547213167947545,0.692462512988169
apnea_binary,lstm,30s,2,test,0.5,1.0,2054,4108,0.571080817916261,0.5715559588248178,0.5648388803385918,0.6123687202110906,0.5847127555988315,0.5853606620948069,0.5732243827379269,0.6343976987104549,0.5705939629990263,0.5717858791917801,0.5269332609138435,0.6343976987104549,,,,
apnea_binary,lstm,30s,2,test,0.5,1.0,2054,4108,0.571080817916261,0.5715559588248178,0.5648388803385918,0.6123687202110906,0.5847127555988315,0.5853606620948069,0.5732243827379269,0.6343976987104549,0.5705939629990263,0.5717858791917801,0.5269332609138435,0.6343976987104549,0.6101484799536452,0.6587719897707643,0.5644568456261143,0.606285816621003
apnea_binary,lstm,30s,20,test,0.5,10.0,2054,41080,0.6280915287244401,0.6284647577113395,0.6248201119470076,0.6865742398643042,0.667964946445959,0.6684718970942807,0.6624732065753762,0.7501964989527957,0.6596884128529699,0.6603298717281384,0.6505022970881156,0.7501964989527957,,,,
apnea_binary,lstm,30s,20,test,0.5,10.0,2054,41080,0.6280915287244401,0.6284647577113395,0.6248201119470076,0.6865742398643042,0.667964946445959,0.6684718970942807,0.6624732065753762,0.7501964989527957,0.6596884128529699,0.6603298717281384,0.6505022970881156,0.7501964989527957,0.7271982978636558,0.7702082150120974,0.6490374264664796,0.6869840669132032
apnea_binary,lstm,30s,200,test,0.5,100.0,2054,410800,0.6321689386562804,0.6325243573370196,0.629246027978825,0.6922467868984266,0.6757546251217137,0.6762616939394888,0.670391723723168,0.7583987302706992,0.6689386562804285,0.6694949242116102,0.6622994546384744,0.7583987302706992,,,,
apnea_binary,lstm,30s,200,test,0.5,100.0,2054,410800,0.6321689386562804,0.6325243573370196,0.629246027978825,0.6922467868984266,0.6757546251217137,0.6762616939394888,0.670391723723168,0.7583987302706992,0.6689386562804285,0.6694949242116102,0.6622994546384744,0.7583987302706992,0.7363773368297805,0.7781070270980768,0.6562403436218797,0.6949924661161898
apnea_binary,lstm,30s,25,test,0.5,12.5,2054,51350,0.6291139240506329,0.6294824658461591,0.6259360404951978,0.6894552508597126,0.6699123661148978,0.6704458938118711,0.6638427707266206,0.7546517393831308,0.6630963972736125,0.6636829165848909,0.6555511935053919,0.7546517393831308,,,,
apnea_binary,lstm,30s,25,test,0.5,12.5,2054,51350,0.6291139240506329,0.6294824658461591,0.6259360404951978,0.6894552508597126,0.6699123661148978,0.6704458938118711,0.6638427707266206,0.7546517393831308,0.6630963972736125,0.6636829165848909,0.6555511935053919,0.7546517393831308,0.731449786835061,0.7748541932649092,0.6498699604530432,0.6893903557643715
apnea_binary,lstm,30s,250,test,0.5,125.0,2054,513500,0.6324926971762415,0.6328486763697803,0.6295628932777115,0.69234623809131,0.6738072054527751,0.6743142447281867,0.6684120944362201,0.7582603039879094,0.6703992210321325,0.6709422373669425,0.6641127741726661,0.7582603039879094,,,,
apnea_binary,lstm,30s,250,test,0.5,125.0,2054,513500,0.6324926971762415,0.6328486763697803,0.6295628932777115,0.69234623809131,0.6738072054527751,0.6743142447281867,0.6684120944362201,0.7582603039879094,0.6703992210321325,0.6709422373669425,0.6641127741726661,0.7582603039879094,0.7358315048963704,0.7777953754732898,0.6549632103696141,0.6930931140174629
apnea_binary,lstm,30s,3,test,0.5,1.5,2054,6162,0.6007789678675755,0.6012229551230208,0.5957393811221727,0.6549429929173992,0.6363193768257059,0.6369566886916156,0.626623156188745,0.7042143218107676,0.611489776046738,0.6121172299952689,0.6014501633986927,0.7042143218107676,,,,
apnea_binary,lstm,30s,3,test,0.5,1.5,2054,6162,0.6007789678675755,0.6012229551230208,0.5957393811221727,0.6549429929173992,0.6363193768257059,0.6369566886916156,0.626623156188745,0.7042143218107676,0.611489776046738,0.6121172299952689,0.6014501633986927,0.7042143218107676,0.6805475478655313,0.725875555211751,0.6177875692780711,0.655442567951007
apnea_binary,lstm,30s,30,test,0.5,15.0,2054,61620,0.6304446608244076,0.6308045253384886,0.6274309860191787,0.6891176715055818,0.6665043816942551,0.6670245839389484,0.6606845923905507,0.7540553686168654,0.6650438169425511,0.6656341582970913,0.6574409494628243,0.7540553686168654,,,,
apnea_binary,lstm,30s,30,test,0.5,15.0,2054,61620,0.6304446608244076,0.6308045253384886,0.6274309860191787,0.6891176715055818,0.6665043816942551,0.6670245839389484,0.6606845923905507,0.7540553686168654,0.6650438169425511,0.6656341582970913,0.6574409494628243,0.7540553686168654,0.7312753155303136,0.7739377806730083,0.6468159919277536,0.685961596371991
apnea_binary,lstm,30s,320,test,0.5,160.0,2054,657280,0.6325310370009737,0.6328839841975968,0.6296530094415529,0.6922618762758208,0.6733203505355404,0.6738292786758104,0.6678751740768775,0.7581019670754034,0.667964946445959,0.6685174071050608,0.6614002011060836,0.7581019670754034,,,,
apnea_binary,lstm,30s,320,test,0.5,160.0,2054,657280,0.6325310370009737,0.6328839841975968,0.6296530094415529,0.6922618762758208,0.6733203505355404,0.6738292786758104,0.6678751740768775,0.7581019670754034,0.667964946445959,0.6685174071050608,0.6614002011060836,0.7581019670754034,0.7353492770031823,0.7779735916813684,0.6539185949419167,0.6927667856731489
apnea_binary,lstm,30s,4,test,0.5,2.0,2054,8216,0.6120983446932814,0.6125139018861055,0.607831433903864,0.6675112388393809,0.6470301850048685,0.6476031868385048,0.6394927066964565,0.7225349455254653,0.6226874391431353,0.6236279442843693,0.5998200025893482,0.7225349455254653,,,,
apnea_binary,lstm,30s,4,test,0.5,2.0,2054,8216,0.6120983446932814,0.6125139018861055,0.607831433903864,0.6675112388393809,0.6470301850048685,0.6476031868385048,0.6394927066964565,0.7225349455254653,0.6226874391431353,0.6236279442843693,0.5998200025893482,0.7225349455254653,0.6997831243240832,0.7439873075131114,0.6269560955634605,0.6658861091999146
apnea_binary,lstm,30s,40,test,0.5,20.0,2054,82160,0.6313656280428432,0.6317309898522158,0.628263816787767,0.6909562047329463,0.6772151898734177,0.6777431396029062,0.6714105125800269,0.7570230005698233,0.6660175267770204,0.6666533929135225,0.6571682446005077,0.7570230005698233,,,,
apnea_binary,lstm,30s,40,test,0.5,20.0,2054,82160,0.6313656280428432,0.6317309898522158,0.628263816787767,0.6909562047329463,0.6772151898734177,0.6777431396029062,0.6714105125800269,0.7570230005698233,0.6660175267770204,0.6666533929135225,0.6571682446005077,0.7570230005698233,0.7348525720504663,0.7766878029398516,0.657780162327472,0.6973506961996826
apnea_binary,lstm,30s,400,test,0.5,200.0,2054,821600,0.6327616845180136,0.6331156757809944,0.629867865948518,0.6922786235597977,0.6708860759493671,0.671396863412132,0.6653578262902425,0.7582441858590916,0.6723466407010711,0.6728934790791429,0.6660063346450575,0.7582441858590916,,,,
apnea_binary,lstm,30s,400,test,0.5,200.0,2054,821600,0.6327616845180136,0.6331156757809944,0.629867865948518,0.6922786235597977,0.6708860759493671,0.671396863412132,0.6653578262902425,0.7582441858590916,0.6723466407010711,0.6728934790791429,0.6660063346450575,0.7582441858590916,0.7354807135858273,0.7780902413833097,0.6513726658550373,0.6906246486624595
apnea_binary,lstm,30s,5,test,0.5,2.5,2054,10270,0.6163583252190847,0.6167628539707011,0.6123679454142703,0.6753730730539966,0.6514118792599806,0.6519792588125869,0.6441207216973825,0.7346368158920957,0.6426484907497566,0.6432612473725079,0.6338727162518165,0.7346368158920957,,,,
apnea_binary,lstm,30s,5,test,0.5,2.5,2054,10270,0.6163583252190847,0.6167628539707011,0.6123679454142703,0.6753730730539966,0.6514118792599806,0.6519792588125869,0.6441207216973825,0.7346368158920957,0.6426484907497566,0.6432612473725079,0.6338727162518165,0.7346368158920957,0.7112326727256555,0.7553688200464763,0.6317367890367587,0.670438637078708
apnea_binary,lstm,30s,50,test,0.5,25.0,2054,102700,0.6317818889970789,0.6321381835627322,0.6288408436172757,0.6910647254750819,0.6747809152872444,0.675291761834736,0.6693180887010088,0.7570353261977428,0.6684518013631938,0.6690289206637257,0.661274023704963,0.7570353261977428,,,,
apnea_binary,lstm,30s,50,test,0.5,25.0,2054,102700,0.6317818889970789,0.6321381835627322,0.6288408436172757,0.6910647254750819,0.6747809152872444,0.675291761834736,0.6693180887010088,0.7570353261977428,0.6684518013631938,0.6690289206637257,0.661274023704963,0.7570353261977428,0.7343509272147751,0.7771478339954205,0.6553367731706157,0.6938439024493491
apnea_binary,lstm,30s,500,test,0.5,250.0,2054,1027000,0.632510223953262,0.6328670984428939,0.6295652786834793,0.6922010954145821,0.6733203505355404,0.6738368636776071,0.6677054132399081,0.7579938807998006,0.6703992210321325,0.670938444866044,0.6642036186255984,0.7579938807998006,,,,
apnea_binary,lstm,30s,500,test,0.5,250.0,2054,1027000,0.632510223953262,0.6328670984428939,0.6295652786834793,0.6922010954145821,0.6733203505355404,0.6738368636776071,0.6677054132399081,0.7579938807998006,0.6703992210321325,0.670938444866044,0.6642036186255984,0.7579938807998006,0.7355801313738614,0.7778750077473275,0.6540876170144334,0.691994774209635
apnea_binary,lstm,30s,6,test,0.5,3.0,2054,12324,0.616601752677702,0.6170323901699641,0.612063194521812,0.6760183417985114,0.6572541382667965,0.6578898714626633,0.6481726591818621,0.7358068024192363,0.6304771178188899,0.6313836086214923,0.6097839725649888,0.7358068024192363,,,,
apnea_binary,lstm,30s,6,test,0.5,3.0,2054,12324,0.616601752677702,0.6170323901699641,0.612063194521812,0.6760183417985114,0.6572541382667965,0.6578898714626633,0.6481726591818621,0.7358068024192363,0.6304771178188899,0.6313836086214923,0.6097839725649888,0.7358068024192363,0.7109481762317086,0.7570212660309616,0.636443585541579,0.6772908660448188
apnea_binary,lstm,30s,60,test,0.5,30.0,2054,123240,0.6309071729957806,0.6312687195474029,0.6278681788155934,0.690900708428633,0.6728334956183057,0.6733670676288241,0.6668176134635531,0.7573994062839844,0.6611489776046738,0.6617506373771822,0.6531459355799196,0.7573994062839844,,,,
apnea_binary,lstm,30s,60,test,0.5,30.0,2054,123240,0.6309071729957806,0.6312687195474029,0.6278681788155934,0.690900708428633,0.6728334956183057,0.6733670676288241,0.6668176134635531,0.7573994062839844,0.6611489776046738,0.6617506373771822,0.6531459355799196,0.7573994062839844,0.7353598662692838,0.777029030561512,0.6542076712809667,0.6919398309916923
apnea_binary,lstm,30s,8,test,0.5,4.0,2054,16432,0.623722005842259,0.6241090585780207,0.6201520695688976,0.680371276060407,0.6626095423563778,0.6631448555199376,0.6563597925443733,0.740729468585293,0.6460564751703992,0.646826672279568,0.6320316205923193,0.740729468585293,,,,
apnea_binary,lstm,30s,8,test,0.5,4.0,2054,16432,0.623722005842259,0.6241090585780207,0.6201520695688976,0.680371276060407,0.6626095423563778,0.6631448555199376,0.6563597925443733,0.740729468585293,0.6460564751703992,0.646826672279568,0.6320316205923193,0.740729468585293,0.7179018997193334,0.7612420756340316,0.6423126868666967,0.6825032875724937
apnea_binary,lstm,30s,80,test,0.5,40.0,2054,164320,0.6318768257059396,0.6322303911111364,0.6289830327306143,0.6916642785021849,0.6699123661148978,0.670423138806481,0.6643677606875509,0.7574724119262776,0.6684518013631938,0.6690289206637257,0.661274023704963,0.7574724119262776,,,,
apnea_binary,lstm,30s,80,test,0.5,40.0,2054,164320,0.6318768257059396,0.6322303911111364,0.6289830327306143,0.6916642785021849,0.6699123661148978,0.670423138806481,0.6643677606875509,0.7574724119262776,0.6684518013631938,0.6690289206637257,0.661274023704963,0.7574724119262776,0.7350829952387015,0.7774903789390841,0.6507514607118868,0.6885661740726088
apnea_binary,lstm,30s,all,test,0.5,,2054,2267270,0.6297092979662766,0.6306871193924519,0.6272404997624188,0.6899971564574753,0.6742940603700097,0.6748030032814614,0.6688651139455007,0.7581531658375311,0.6708860759493671,0.6714234109184205,0.664744718990002,0.7581531658375311,,,,
apnea_binary,lstm,30s,all,test,0.5,,2054,2267270,0.6297092979662766,0.6306871193924519,0.6272404997624188,0.6899971564574753,0.6742940603700097,0.6748030032814614,0.6688651139455007,0.7581531658375311,0.6708860759493671,0.6714234109184205,0.664744718990002,0.7581531658375311,0.7355129234639626,0.7779292098423978,0.654944861280496,0.6936009733194385
apnea_binary,lstm,10m,1,test,10.0,10.0,2054,2054,0.5793573515092503,0.5787669252204154,0.5691599539700806,0.6347669934854316,0.5793573515092503,0.5787669252204154,0.5691599539700806,0.6347669934854316,0.5793573515092503,0.5787669252204154,0.5691599539700806,0.6347669934854316,,,,
apnea_binary,lstm,10m,1,test,10.0,10.0,2054,2054,0.5793573515092503,0.5787669252204154,0.5691599539700806,0.6347669934854316,0.5793573515092503,0.5787669252204154,0.5691599539700806,0.6347669934854316,0.5793573515092503,0.5787669252204154,0.5691599539700806,0.6347669934854316,0.6112377629100768,0.6585246909401582,0.5575211538926483,0.598653313636702
apnea_binary,lstm,10m,10,test,10.0,100.0,2054,20540,0.6370983446932814,0.6368603591687976,0.6356252394951489,0.7075669542330473,0.6874391431353457,0.6871499640186478,0.6855786618444846,0.7683028463667367,0.6830574488802337,0.682940762084093,0.682719857290208,0.7683028463667367,,,,
apnea_binary,lstm,10m,10,test,10.0,100.0,2054,20540,0.6370983446932814,0.6368603591687976,0.6356252394951489,0.7075669542330473,0.6874391431353457,0.6871499640186478,0.6855786618444846,0.7683028463667367,0.6830574488802337,0.682940762084093,0.682719857290208,0.7683028463667367,0.7466113856381836,0.7871121085210655,0.6659349268179906,0.7070893394596617
apnea_binary,lstm,10m,100,test,10.0,1000.0,2054,112840,0.641678482807515,0.6410300692084274,0.6401588170388763,0.7100278486717575,0.6981499513145083,0.6979026521906908,0.6968207941110651,0.7737479295315408,0.689873417721519,0.6896961543092766,0.689151282395468,0.7737479295315408,,,,
apnea_binary,lstm,10m,100,test,10.0,1000.0,2054,112840,0.641678482807515,0.6410300692084274,0.6401588170388763,0.7100278486717575,0.6981499513145083,0.6979026521906908,0.6968207941110651,0.7737479295315408,0.689873417721519,0.6896961543092766,0.689151282395468,0.7737479295315408,0.7521602876422118,0.79228775463662,0.6771026828556974,0.7175246622855436
apnea_binary,lstm,10m,12,test,10.0,120.0,2054,24648,0.637009087958455,0.6367910433138366,0.6357641512333267,0.7054784328111585,0.6923076923076923,0.6920451345531913,0.6907879128574763,0.7656860207468762,0.684031158714703,0.6839372416951341,0.6838044437107127,0.7656860207468762,,,,
apnea_binary,lstm,10m,12,test,10.0,120.0,2054,24648,0.637009087958455,0.6367910433138366,0.6357641512333267,0.7054784328111585,0.6923076923076923,0.6920451345531913,0.6907879128574763,0.7656860207468762,0.684031158714703,0.6839372416951341,0.6838044437107127,0.7656860207468762,0.7446340849462761,0.7852179693649294,0.6719233571785186,0.7119597666320155
apnea_binary,lstm,10m,16,test,10.0,160.0,2054,32864,0.640366358325219,0.6401391598946822,0.6390308245927607,0.7096388073254287,0.6932814021421616,0.6929961041534523,0.6915018905349285,0.7715862040194821,0.684031158714703,0.6838917316843539,0.6835630567276136,0.7715862040194821,,,,
apnea_binary,lstm,10m,16,test,10.0,160.0,2054,32864,0.640366358325219,0.6401391598946822,0.6390308245927607,0.7096388073254287,0.6932814021421616,0.6929961041534523,0.6915018905349285,0.7715862040194821,0.684031158714703,0.6838917316843539,0.6835630567276136,0.7715862040194821,0.7494477994020105,0.7904398062011102,0.6713338510980691,0.7122796289249815
apnea_binary,lstm,10m,2,test,10.0,20.0,2054,4108,0.5881207400194742,0.5876726654549627,0.5823713269091421,0.6419632639400482,0.6071080817916261,0.6066072002525806,0.6002517752688677,0.668170393272862,0.6061343719571568,0.606399560828396,0.6044255576046893,0.668170393272862,,,,
apnea_binary,lstm,10m,2,test,10.0,20.0,2054,4108,0.5881207400194742,0.5876726654549627,0.5823713269091421,0.6419632639400482,0.6071080817916261,0.6066072002525806,0.6002517752688677,0.668170393272862,0.6061343719571568,0.606399560828396,0.6044255576046893,0.668170393272862,0.6444045977923056,0.6921120278529888,0.5845568715876803,0.6271230630061305
apnea_binary,lstm,10m,20,test,10.0,200.0,2054,41080,0.6377069133398248,0.6374933038656013,0.636512346052883,0.7080366495435251,0.6932814021421616,0.6930188591588422,0.6917664321205855,0.7693998272515842,0.6801363193768257,0.680008210764445,0.6797317819710379,0.7693998272515842,,,,
apnea_binary,lstm,10m,20,test,10.0,200.0,2054,41080,0.6377069133398248,0.6374933038656013,0.636512346052883,0.7080366495435251,0.6932814021421616,0.6930188591588422,0.6917664321205855,0.7693998272515842,0.6801363193768257,0.680008210764445,0.6797317819710379,0.7693998272515842,0.7476885981585188,0.7882141790514113,0.6720118339882056,0.7132872040274543
apnea_binary,lstm,10m,25,test,10.0,250.0,2054,51350,0.6413047711781888,0.6410935486715343,0.6401467259221798,0.7101961765902193,0.6952288218111002,0.694951138366551,0.6935506166625196,0.7724812342314923,0.6937682570593963,0.6935682977264905,0.6928713127838548,0.7724812342314923,,,,
apnea_binary,lstm,10m,25,test,10.0,250.0,2054,51350,0.6413047711781888,0.6410935486715343,0.6401467259221798,0.7101961765902193,0.6952288218111002,0.694951138366551,0.6935506166625196,0.7724812342314923,0.6937682570593963,0.6935682977264905,0.6928713127838548,0.7724812342314923,0.7511653414219721,0.7915339766585126,0.6741695683418529,0.7157117487234244
apnea_binary,lstm,10m,3,test,10.0,30.0,2054,6162,0.6145731905225577,0.6142190655973079,0.6111876159001504,0.6780602874905306,0.6509250243427459,0.6505385825338268,0.6472730277457437,0.7261918645166979,0.6343719571567673,0.6339776792359628,0.6303973574515873,0.7261918645166979,,,,
apnea_binary,lstm,10m,3,test,10.0,30.0,2054,6162,0.6145731905225577,0.6142190655973079,0.6111876159001504,0.6780602874905306,0.6509250243427459,0.6505385825338268,0.6472730277457437,0.7261918645166979,0.6343719571567673,0.6339776792359628,0.6303973574515873,0.7261918645166979,0.7036100469737048,0.7475857831366014,0.6294708830686703,0.6713574979295774
apnea_binary,lstm,10m,30,test,10.0,300.0,2054,61611,0.641947054909026,0.6417348951549349,0.6407724863725999,0.7110267385646808,0.6903602726387537,0.6900863078391941,0.6887000716802147,0.7726367267683246,0.6801363193768257,0.6800006257626482,0.6796861704059376,0.7726367267683246,,,,
apnea_binary,lstm,10m,30,test,10.0,300.0,2054,61611,0.641947054909026,0.6417348951549349,0.6407724863725999,0.7110267385646808,0.6903602726387537,0.6900863078391941,0.6887000716802147,0.7726367267683246,0.6801363193768257,0.6800006257626482,0.6796861704059376,0.7726367267683246,0.7506888287090762,0.7919504901564882,0.6699608119801801,0.7093198809627596
apnea_binary,lstm,10m,4,test,10.0,40.0,2054,8216,0.6296251217137293,0.6293042514883196,0.6269402527994192,0.6944991196657291,0.6723466407010711,0.6719794863626409,0.6692419690786648,0.7494939381613767,0.6650438169425511,0.6651070006722208,0.664981560558086,0.7494939381613767,,,,
apnea_binary,lstm,10m,4,test,10.0,40.0,2054,8216,0.6296251217137293,0.6293042514883196,0.6269402527994192,0.6944991196657291,0.6723466407010711,0.6719794863626409,0.6692419690786648,0.7494939381613767,0.6650438169425511,0.6651070006722208,0.664981560558086,0.7494939381613767,0.7265839056192467,0.7692313984222677,0.6501668659073321,0.6908343152359611
apnea_binary,lstm,10m,40,test,10.0,400.0,2054,81975,0.6414394632509911,0.641219812784496,0.640308816387483,0.7111387813596218,0.6918208373904576,0.6915677535026117,0.6904030031467321,0.7720498372543052,0.682570593962999,0.6824102860209365,0.6819599811532967,0.7720498372543052,,,,
apnea_binary,lstm,10m,40,test,10.0,400.0,2054,81975,0.6414394632509911,0.641219812784496,0.640308816387483,0.7111387813596218,0.6918208373904576,0.6915677535026117,0.6904030031467321,0.7720498372543052,0.682570593962999,0.6824102860209365,0.6819599811532967,0.7720498372543052,0.7503557206581187,0.79103431741106,0.6707365166488755,0.7114673945464353
apnea_binary,lstm,10m,5,test,10.0,50.0,2054,10270,0.6312560856864654,0.6309937395291421,0.629449975381295,0.695589188717689,0.6777020447906524,0.6774203029639343,0.6758800533943554,0.7519126056092984,0.6708860759493671,0.670634570731564,0.6693937339042713,0.7519126056092984,,,,
apnea_binary,lstm,10m,5,test,10.0,50.0,2054,10270,0.6312560856864654,0.6309937395291421,0.629449975381295,0.695589188717689,0.6777020447906524,0.6774203029639343,0.6758800533943554,0.7519126056092984,0.6708860759493671,0.670634570731564,0.6693937339042713,0.7519126056092984,0.7297185163515537,0.7726344542416228,0.6555997311163045,0.6978116533023726
apnea_binary,lstm,10m,50,test,10.0,500.0,2054,100052,0.6425258865389997,0.6422230793681851,0.6413684288922887,0.711477380041351,0.6947419668938656,0.6944889273195647,0.6933375718372843,0.7733023106759849,0.688412852969815,0.6882374636512492,0.6877019332375458,0.7733023106759849,,,,
apnea_binary,lstm,10m,50,test,10.0,500.0,2054,100052,0.6425258865389997,0.6422230793681851,0.6413684288922887,0.711477380041351,0.6947419668938656,0.6944889273195647,0.6933375718372843,0.7733023106759849,0.688412852969815,0.6882374636512492,0.6877019332375458,0.7733023106759849,0.7516998630060275,0.7919367352040324,0.673815219194622,0.7135359949024087
apnea_binary,lstm,10m,6,test,10.0,60.0,2054,12324,0.632667964946446,0.6324130355840878,0.6309657507404383,0.698843218750293,0.6815968841285297,0.6812886538802498,0.6794524627436234,0.7552405251475993,0.6616358325219085,0.6616325957867211,0.6616319025937534,0.7552405251475993,,,,
apnea_binary,lstm,10m,6,test,10.0,60.0,2054,12324,0.632667964946446,0.6324130355840878,0.6309657507404383,0.698843218750293,0.6815968841285297,0.6812886538802498,0.6794524627436234,0.7552405251475993,0.6616358325219085,0.6616325957867211,0.6616319025937534,0.7552405251475993,0.7316071123549638,0.7748800840020914,0.658708263986651,0.7009540876493221
apnea_binary,lstm,10m,60,test,10.0,600.0,2054,108819,0.6422499747286778,0.6418811542602165,0.641025682685938,0.7106011283529409,0.698636806231743,0.698387618243067,0.6972901186553708,0.7738541195566946,0.691333982473223,0.6911700149708973,0.6907134910931179,0.7738541195566946,,,,
apnea_binary,lstm,10m,60,test,10.0,600.0,2054,108819,0.6422499747286778,0.6418811542602165,0.641025682685938,0.7106011283529409,0.698636806231743,0.698387618243067,0.6972901186553708,0.7738541195566946,0.691333982473223,0.6911700149708973,0.6907134910931179,0.7738541195566946,0.7523769159404435,0.7925298297355098,0.67783542594891,0.7178999120220017
apnea_binary,lstm,10m,8,test,10.0,80.0,2054,16432,0.6354673807205453,0.6352433078951336,0.6341501073593844,0.7014507812196303,0.6777020447906524,0.677439265468426,0.6761101239108376,0.7596056936815987,0.6733203505355404,0.6733172910545333,0.6733165563171345,0.7596056936815987,,,,
apnea_binary,lstm,10m,8,test,10.0,80.0,2054,16432,0.6354673807205453,0.6352433078951336,0.6341501073593844,0.7014507812196303,0.6777020447906524,0.677439265468426,0.6761101239108376,0.7596056936815987,0.6733203505355404,0.6733172910545333,0.6733165563171345,0.7596056936815987,0.7368184250998389,0.779402060875826,0.6565407738242632,0.6967747363605918
apnea_binary,lstm,10m,80,test,10.0,800.0,2054,112705,0.6417461514573444,0.6411159136085232,0.6402476267968591,0.7101044063693227,0.6981499513145083,0.6979026521906908,0.6968207941110651,0.7737621514099096,0.689873417721519,0.6896961543092766,0.689151282395468,0.7737621514099096,,,,
apnea_binary,lstm,10m,80,test,10.0,800.0,2054,112705,0.6417461514573444,0.6411159136085232,0.6402476267968591,0.7101044063693227,0.6981499513145083,0.6979026521906908,0.6968207941110651,0.7737621514099096,0.689873417721519,0.6896961543092766,0.689151282395468,0.7737621514099096,0.7521692495381886,0.7923106803802656,0.6771026828556974,0.7175246622855436
apnea_binary,lstm,10m,all,test,10.0,,2054,112842,0.6416671097640949,0.6410196148852125,0.6401474498601007,0.7100160710203935,0.6981499513145083,0.6979026521906908,0.6968207941110651,0.773745085155867,0.689873417721519,0.6896961543092766,0.689151282395468,0.773745085155867,,,,
apnea_binary,lstm,10m,all,test,10.0,,2054,112842,0.6416671097640949,0.6410196148852125,0.6401474498601007,0.7100160710203935,0.6981499513145083,0.6979026521906908,0.6968207941110651,0.773745085155867,0.689873417721519,0.6896961543092766,0.689151282395468,0.773745085155867,0.7521565418651152,0.792284052198707,0.6771026828556974,0.7175246622855436
apnea_binary,lstm,40m,1,test,40.0,40.0,2054,2054,0.6027263875365141,0.6029517034491847,0.6014988397306653,0.6446417176995068,0.6027263875365141,0.6029517034491847,0.6014988397306653,0.6446417176995068,0.6027263875365141,0.6029517034491847,0.6014988397306653,0.6446417176995068,,,,
apnea_binary,lstm,40m,1,test,40.0,40.0,2054,2054,0.6027263875365141,0.6029517034491847,0.6014988397306653,0.6446417176995068,0.6027263875365141,0.6029517034491847,0.6014988397306653,0.6446417176995068,0.6027263875365141,0.6029517034491847,0.6014988397306653,0.6446417176995068,0.6211616471119568,0.6677730574327058,0.5820505183282089,0.623189493176286
apnea_binary,lstm,40m,10,test,40.0,400.0,2054,20465,0.6609821646713901,0.6610106040304301,0.6609776113594069,0.7313614918198948,0.7088607594936709,0.7088525504094478,0.7088538585233393,0.788198780142086,0.7030185004868549,0.7031922428186625,0.7024969607172707,0.788198780142086,,,,
apnea_binary,lstm,40m,10,test,40.0,400.0,2054,20465,0.6609821646713901,0.6610106040304301,0.6609776113594069,0.7313614918198948,0.7088607594936709,0.7088525504094478,0.7088538585233393,0.788198780142086,0.7030185004868549,0.7031922428186625,0.7024969607172707,0.788198780142086,0.7677548521971329,0.8063188575580554,0.6874408137371273,0.7274193448697436
apnea_binary,lstm,40m,12,test,40.0,480.0,2054,24049,0.6635203126949145,0.6635652444170885,0.6635163047092005,0.7350498996620247,0.7078870496592016,0.7078560707984067,0.7078535342041783,0.7920344207381534,0.7049659201557936,0.7050941820191844,0.7046968592707314,0.7920344207381534,,,,
apnea_binary,lstm,40m,12,test,40.0,480.0,2054,24049,0.6635203126949145,0.6635652444170885,0.6635163047092005,0.7350498996620247,0.7078870496592016,0.7078560707984067,0.7078535342041783,0.7920344207381534,0.7049659201557936,0.7050941820191844,0.7046968592707314,0.7920344207381534,0.7719573885724378,0.8101895280569025,0.686533333697621,0.7260464878265223
apnea_binary,lstm,40m,16,test,40.0,640.0,2054,27099,0.6620908520609616,0.6621331059035584,0.6620905410035778,0.7335797520868157,0.7093476144109055,0.7093071764546375,0.7092973829751976,0.792230682659643,0.7103213242453749,0.7104022610890356,0.7102272956294263,0.792230682659643,,,,
apnea_binary,lstm,40m,16,test,40.0,640.0,2054,27099,0.6620908520609616,0.6621331059035584,0.6620905410035778,0.7335797520868157,0.7093476144109055,0.7093071764546375,0.7092973829751976,0.792230682659643,0.7103213242453749,0.7104022610890356,0.7102272956294263,0.792230682659643,0.77198564268926,0.8101922660762239,0.6873237229792774,0.7276535563642927
apnea_binary,lstm,40m,2,test,40.0,80.0,2054,4108,0.615141187925998,0.6152311102641193,0.6149763472482546,0.6708832165717119,0.6494644595910418,0.6495577469889913,0.6493035300143705,0.7032718853375279,0.6124634858812074,0.6132616171413456,0.5958871537818906,0.7032718853375279,,,,
apnea_binary,lstm,40m,2,test,40.0,80.0,2054,4108,0.615141187925998,0.6152311102641193,0.6149763472482546,0.6708832165717119,0.6494644595910418,0.6495577469889913,0.6493035300143705,0.7032718853375279,0.6124634858812074,0.6132616171413456,0.5958871537818906,0.7032718853375279,0.6811346968464055,0.72524987555998,0.6295176596757223,0.6703617115668055
apnea_binary,lstm,40m,20,test,40.0,800.0,2054,27508,0.6616984150065436,0.6617227600703784,0.6616891440854069,0.7332875783510125,0.7093476144109055,0.709303383953739,0.7092896641240376,0.7923823826955769,0.7088607594936709,0.7089246079265166,0.7088066471129875,0.7923823826955769,,,,
apnea_binary,lstm,40m,20,test,40.0,800.0,2054,27508,0.6616984150065436,0.6617227600703784,0.6616891440854069,0.7332875783510125,0.7093476144109055,0.709303383953739,0.7092896641240376,0.7923823826955769,0.7088607594936709,0.7089246079265166,0.7088066471129875,0.7923823826955769,0.7722357223680413,0.810475188887703,0.6878949916618124,0.7279021947642861
apnea_binary,lstm,40m,25,test,40.0,1000.0,2054,27536,0.6617155723416618,0.6617382603335801,0.6617051281082229,0.7332438318516006,0.7098344693281402,0.7097921425070137,0.7097805379253186,0.792469610216239,0.7098344693281402,0.7098945400312692,0.7097879684418147,0.792469610216239,,,,
apnea_binary,lstm,40m,25,test,40.0,1000.0,2054,27536,0.6617155723416618,0.6617382603335801,0.6617051281082229,0.7332438318516006,0.7098344693281402,0.7097921425070137,0.7097805379253186,0.792469610216239,0.7098344693281402,0.7098945400312692,0.7097879684418147,0.792469610216239,0.7723867209877603,0.810559320862199,0.6882200122467975,0.728823068765746
apnea_binary,lstm,40m,3,test,40.0,120.0,2054,6162,0.6400519311911717,0.6401033582911497,0.6400106327027041,0.7066234026591963,0.6966893865628043,0.6966525490820725,0.6966444467676602,0.7572126256147407,0.6723466407010711,0.6724118314650527,0.6722813131582535,0.7572126256147407,,,,
apnea_binary,lstm,40m,3,test,40.0,120.0,2054,6162,0.6400519311911717,0.6401033582911497,0.6400106327027041,0.7066234026591963,0.6966893865628043,0.6966525490820725,0.6966444467676602,0.7572126256147407,0.6723466407010711,0.6724118314650527,0.6722813131582535,0.7572126256147407,0.7348346481273527,0.7764978941452895,0.6753336149812931,0.7157636249065047
apnea_binary,lstm,40m,4,test,40.0,160.0,2054,8216,0.6477604673807206,0.6478044264174234,0.6477334143714301,0.7160360508024457,0.7020447906523856,0.702028893168094,0.7020309477756286,0.7688859433798578,0.6777020447906524,0.6781295006319255,0.6739616872348649,0.7688859433798578,,,,
apnea_binary,lstm,40m,4,test,40.0,160.0,2054,8216,0.6477604673807206,0.6478044264174234,0.6477334143714301,0.7160360508024457,0.7020447906523856,0.702028893168094,0.7020309477756286,0.7688859433798578,0.6777020447906524,0.6781295006319255,0.6739616872348649,0.7688859433798578,0.7468794539279486,0.7880396000182093,0.6806160345382639,0.7209851033617992
apnea_binary,lstm,40m,5,test,40.0,200.0,2054,10270,0.6537487828627069,0.6537844892402009,0.6537336023203792,0.723091457107289,0.7049659201557936,0.7049462744841488,0.7049480166688001,0.7792754995908839,0.6942551119766309,0.6942883988345645,0.6942446759388751,0.7792754995908839,,,,
apnea_binary,lstm,40m,5,test,40.0,200.0,2054,10270,0.6537487828627069,0.6537844892402009,0.6537336023203792,0.723091457107289,0.7049659201557936,0.7049462744841488,0.7049480166688001,0.7792754995908839,0.6942551119766309,0.6942883988345645,0.6942446759388751,0.7792754995908839,0.7586334645246398,0.7979596016747869,0.6830836043719123,0.7229482802096497
apnea_binary,lstm,40m,6,test,40.0,240.0,2054,12324,0.6589581304771178,0.6590190095947113,0.6588999161075013,0.7256203293639543,0.7098344693281402,0.7098073125106072,0.709806955811001,0.7816846857865598,0.6850048685491723,0.6852826313888233,0.6835134739291289,0.7816846857865598,,,,
apnea_binary,lstm,40m,6,test,40.0,240.0,2054,12324,0.6589581304771178,0.6590190095947113,0.6588999161075013,0.7256203293639543,0.7098344693281402,0.7098073125106072,0.709806955811001,0.7816846857865598,0.6850048685491723,0.6852826313888233,0.6835134739291289,0.7816846857865598,0.7605866779295662,0.8001356683283353,0.6884284772203474,0.7275296719782899
apnea_binary,lstm,40m,8,test,40.0,320.0,2054,16427,0.656297558896938,0.6563340908429917,0.6562824254373927,0.7272710192031411,0.7093476144109055,0.7093299314600275,0.709332112733547,0.7834273399493512,0.6962025316455697,0.6963951330835971,0.6955374492244102,0.7834273399493512,,,,
apnea_binary,lstm,40m,8,test,40.0,320.0,2054,16427,0.656297558896938,0.6563340908429917,0.6562824254373927,0.7272710192031411,0.7093476144109055,0.7093299314600275,0.709332112733547,0.7834273399493512,0.6962025316455697,0.6963951330835971,0.6955374492244102,0.7834273399493512,0.7627402270635346,0.8020636784233784,0.6892549126072074,0.7282733719549539
apnea_binary,lstm,40m,all,test,40.0,,2054,27536,0.6617155723416618,0.6617382603335801,0.6617051281082229,0.7332438318516006,0.7098344693281402,0.7097921425070137,0.7097805379253186,0.792469610216239,0.7098344693281402,0.7098945400312692,0.7097879684418147,0.792469610216239,,,,
apnea_binary,lstm,40m,all,test,40.0,,2054,27536,0.6617155723416618,0.6617382603335801,0.6617051281082229,0.7332438318516006,0.7098344693281402,0.7097921425070137,0.7097805379253186,0.792469610216239,0.7098344693281402,0.7098945400312692,0.7097879684418147,0.792469610216239,0.7723867209877603,0.810559320862199,0.6882200122467975,0.728823068765746
apnea_binary,lstm,80m,1,test,80.0,80.0,2054,2054,0.6329113924050633,0.632655518610276,0.6311980332035027,0.6882166048963083,0.6329113924050633,0.632655518610276,0.6311980332035027,0.6882166048963083,0.6329113924050633,0.632655518610276,0.6311980332035027,0.6882166048963083,,,,
apnea_binary,lstm,80m,1,test,80.0,80.0,2054,2054,0.6329113924050633,0.632655518610276,0.6311980332035027,0.6882166048963083,0.6329113924050633,0.632655518610276,0.6311980332035027,0.6882166048963083,0.6329113924050633,0.632655518610276,0.6311980332035027,0.6882166048963083,0.6637413948382401,0.7100227015850744,0.6109432439861598,0.6528188970783918
apnea_binary,lstm,80m,10,test,80.0,800.0,2054,13133,0.6814893779029925,0.680712787603476,0.6800132164472832,0.7622416578986922,0.7239532619279455,0.7236513629774166,0.7221603405403692,0.8206270331360285,0.7142161635832522,0.7140923644631287,0.7138742843582213,0.8206270331360285,,,,
apnea_binary,lstm,80m,10,test,80.0,800.0,2054,13133,0.6814893779029925,0.680712787603476,0.6800132164472832,0.7622416578986922,0.7239532619279455,0.7236513629774166,0.7221603405403692,0.8206270331360285,0.7142161635832522,0.7140923644631287,0.7138742843582213,0.8206270331360285,0.800579311010135,0.8372744496133745,0.7032582747247293,0.7425964358391954
apnea_binary,lstm,80m,12,test,80.0,960.0,2054,13143,0.681351289659895,0.680563203668179,0.6798600903696446,0.7620677451184841,0.7239532619279455,0.7236513629774166,0.7221603405403692,0.8206260850108038,0.7147030185004869,0.7145773305155052,0.7143520280834186,0.8206260850108038,,,,
apnea_binary,lstm,80m,12,test,80.0,960.0,2054,13143,0.681351289659895,0.680563203668179,0.6798600903696446,0.7620677451184841,0.7239532619279455,0.7236513629774166,0.7221603405403692,0.8206260850108038,0.7147030185004869,0.7145773305155052,0.7143520280834186,0.8206260850108038,0.8006286849491207,0.8373012371933467,0.7032582747247293,0.7425964358391954
apnea_binary,lstm,80m,2,test,80.0,160.0,2054,4108,0.6574975657254138,0.6572468055290871,0.6559557986740389,0.7270371181544173,0.6918208373904576,0.6914729409801529,0.6891892441064784,0.764553959228719,0.6699123661148978,0.6703283262840223,0.6662899700943179,0.764553959228719,,,,
apnea_binary,lstm,80m,2,test,80.0,160.0,2054,4108,0.6574975657254138,0.6572468055290871,0.6559557986740389,0.7270371181544173,0.6918208373904576,0.6914729409801529,0.6891892441064784,0.764553959228719,0.6699123661148978,0.6703283262840223,0.6662899700943179,0.764553959228719,0.7418882431164429,0.783395147014246,0.6688036363307843,0.7110737446905339
apnea_binary,lstm,80m,3,test,80.0,240.0,2054,6162,0.6729957805907173,0.6727563169633193,0.6716465306344156,0.7499830127563929,0.7059396299902629,0.7055976365134402,0.7035083358825328,0.800454720857712,0.7044790652385589,0.7041996258697863,0.7028301943007126,0.800454720857712,,,,
apnea_binary,lstm,80m,3,test,80.0,240.0,2054,6162,0.6729957805907173,0.6727563169633193,0.6716465306344156,0.7499830127563929,0.7059396299902629,0.7055976365134402,0.7035083358825328,0.800454720857712,0.7044790652385589,0.7041996258697863,0.7028301943007126,0.800454720857712,0.7792651796621389,0.8178834166013195,0.6841189182319667,0.7246150419325877
apnea_binary,lstm,80m,4,test,80.0,320.0,2054,8213,0.6762449774747352,0.6760230195332166,0.6751538185080463,0.7544294722135412,0.7127555988315482,0.7124630112646757,0.7110019850638492,0.8087062546872941,0.7083739045764362,0.7084661893804286,0.7082460392495543,0.8087062546872941,,,,
apnea_binary,lstm,80m,4,test,80.0,320.0,2054,8213,0.6762449774747352,0.6760230195332166,0.6751538185080463,0.7544294722135412,0.7127555988315482,0.7124630112646757,0.7110019850638492,0.8087062546872941,0.7083739045764362,0.7084661893804286,0.7082460392495543,0.8087062546872941,0.7884797498482375,0.8263258255527165,0.6921649284592246,0.7306195709059556
apnea_binary,lstm,80m,5,test,80.0,400.0,2054,10210,0.678158667972576,0.6779010599548765,0.6770730018535496,0.7593004249466309,0.7244401168451802,0.7241552915342846,0.7228413810202691,0.8141570266034458,0.7078870496592016,0.7076361057463025,0.7065624857138503,0.8141570266034458,,,,
apnea_binary,lstm,80m,5,test,80.0,400.0,2054,10210,0.678158667972576,0.6779010599548765,0.6770730018535496,0.7593004249466309,0.7244401168451802,0.7241552915342846,0.7228413810202691,0.8141570266034458,0.7078870496592016,0.7076361057463025,0.7065624857138503,0.8141570266034458,0.7929791786153434,0.8308641002623878,0.7031864288037127,0.7426900141747806
apnea_binary,lstm,80m,6,test,80.0,480.0,2054,11887,0.6815849247076639,0.6811950587069994,0.680457744972166,0.7602820267570045,0.7224926971762414,0.7221926723193892,0.7207122103425079,0.8168174659836372,0.7137293086660176,0.7136756634269228,0.7136508478434049,0.8168174659836372,,,,
apnea_binary,lstm,80m,6,test,80.0,480.0,2054,11887,0.6815849247076639,0.6811950587069994,0.680457744972166,0.7602820267570045,0.7224926971762414,0.7221926723193892,0.7207122103425079,0.8168174659836372,0.7137293086660176,0.7136756634269228,0.7136508478434049,0.8168174659836372,0.7957641939407961,0.8332192829798021,0.7018306911719667,0.739967113242698
apnea_binary,lstm,80m,8,test,80.0,640.0,2054,12997,0.6816957759482958,0.6810390571906393,0.6803413948371122,0.7623267043619139,0.7249269717624148,0.7246326725848643,0.7232264765400388,0.8204535262199291,0.7137293086660176,0.7136225684143458,0.7134682396884323,0.8204535262199291,,,,
apnea_binary,lstm,80m,8,test,80.0,640.0,2054,12997,0.6816957759482958,0.6810390571906393,0.6803413948371122,0.7623267043619139,0.7249269717624148,0.7246326725848643,0.7232264765400388,0.8204535262199291,0.7137293086660176,0.7136225684143458,0.7134682396884323,0.8204535262199291,0.8006481933360515,0.8369517719596596,0.703904277330371,0.7433256653127442
apnea_binary,lstm,80m,all,test,80.0,,2054,13143,0.681351289659895,0.680563203668179,0.6798600903696446,0.7620677451184841,0.7239532619279455,0.7236513629774166,0.7221603405403692,0.8206260850108038,0.7147030185004869,0.7145773305155052,0.7143520280834186,0.8206260850108038,,,,
apnea_binary,lstm,80m,all,test,80.0,,2054,13143,0.681351289659895,0.680563203668179,0.6798600903696446,0.7620677451184841,0.7239532619279455,0.7236513629774166,0.7221603405403692,0.8206260850108038,0.7147030185004869,0.7145773305155052,0.7143520280834186,0.8206260850108038,0.8006286849491207,0.8373012371933467,0.7032582747247293,0.7425964358391954
apnea_binary,lstm,120m,1,test,120.0,120.0,2054,2054,0.6645569620253164,0.664345182054265,0.6634650162761726,0.7271911885034128,0.6645569620253164,0.664345182054265,0.6634650162761726,0.7271911885034128,0.6645569620253164,0.664345182054265,0.6634650162761726,0.7271911885034128,,,,
apnea_binary,lstm,120m,1,test,120.0,120.0,2054,2054,0.6645569620253164,0.664345182054265,0.6634650162761726,0.7271911885034128,0.6645569620253164,0.664345182054265,0.6634650162761726,0.7271911885034128,0.6645569620253164,0.664345182054265,0.6634650162761726,0.7271911885034128,0.7051160739517979,0.748379063653736,0.6438195269394912,0.6848386502692996
apnea_binary,lstm,120m,2,test,120.0,240.0,2054,4108,0.6857351509250244,0.6854867153434157,0.6843410876705651,0.7609261950881424,0.7220058422590068,0.7216773662598261,0.7198784296163607,0.7973230632409005,0.6996105160662123,0.6999567654897588,0.6973631831410309,0.7973230632409005,,,,
apnea_binary,lstm,120m,2,test,120.0,240.0,2054,4108,0.6857351509250244,0.6854867153434157,0.6843410876705651,0.7609261950881424,0.7220058422590068,0.7216773662598261,0.7198784296163607,0.7973230632409005,0.6996105160662123,0.6999567654897588,0.6973631831410309,0.7973230632409005,0.7782891767714973,0.8158803202820313,0.7029331348630161,0.7404934812721321
apnea_binary,lstm,120m,3,test,120.0,360.0,2054,6149,0.6991380712310945,0.6988805164067431,0.6978141750763829,0.7786569201410776,0.7434274586173321,0.7431258550904369,0.7417610219837293,0.8237852382591282,0.7332035053554041,0.7329491529923307,0.7319582522486994,0.8237852382591282,,,,
apnea_binary,lstm,120m,3,test,120.0,360.0,2054,6149,0.6991380712310945,0.6988805164067431,0.6978141750763829,0.7786569201410776,0.7434274586173321,0.7431258550904369,0.7417610219837293,0.8237852382591282,0.7332035053554041,0.7329491529923307,0.7319582522486994,0.8237852382591282,0.8043350909549495,0.840573438009544,0.7236143411019544,0.7608370604882043
apnea_binary,lstm,120m,4,test,120.0,480.0,2054,7826,0.7032967032967034,0.7028447857851237,0.7021289778923367,0.782320238360227,0.7444011684518014,0.7440995796960879,0.7427410560558974,0.8298674615748549,0.7424537487828627,0.7424631155584505,0.74245368773725,0.8298674615748549,,,,
apnea_binary,lstm,120m,4,test,120.0,480.0,2054,7826,0.7032967032967034,0.7028447857851237,0.7021289778923367,0.782320238360227,0.7444011684518014,0.7440995796960879,0.7427410560558974,0.8298674615748549,0.7424537487828627,0.7424631155584505,0.74245368773725,0.8298674615748549,0.8117517064743902,0.8464450077899113,0.7246932005053117,0.7630918858175053
apnea_binary,lstm,120m,5,test,120.0,600.0,2054,8397,0.7026318923425032,0.7020625004680693,0.7014334528725839,0.7829215250366568,0.7453748782862707,0.745073304301739,0.7437210901280652,0.830898073693981,0.7424537487828627,0.7423569255332967,0.7422552587763691,0.830898073693981,,,,
apnea_binary,lstm,120m,5,test,120.0,600.0,2054,8397,0.7026318923425032,0.7020625004680693,0.7014334528725839,0.7829215250366568,0.7453748782862707,0.745073304301739,0.7437210901280652,0.830898073693981,0.7424537487828627,0.7423569255332967,0.7422552587763691,0.830898073693981,0.812597605100219,0.8475058784692471,0.7252593591278481,0.763151025571908
apnea_binary,lstm,120m,6,test,120.0,720.0,2054,8510,0.7036427732079906,0.702926315761562,0.7023353192790591,0.7840223815691958,0.7468354430379747,0.7465319949597663,0.7451710184761031,0.8318869683032256,0.7424537487828627,0.7423645105350934,0.7422821574499888,0.8318869683032256,,,,
apnea_binary,lstm,120m,6,test,120.0,720.0,2054,8510,0.7036427732079906,0.702926315761562,0.7023353192790591,0.7840223815691958,0.7468354430379747,0.7465319949597663,0.7451710184761031,0.8318869683032256,0.7424537487828627,0.7423645105350934,0.7422821574499888,0.8318869683032256,0.8138554827977672,0.8483091722931237,0.7269352269511594,0.7642990995922881
apnea_binary,lstm,120m,8,test,120.0,960.0,2054,8525,0.7032258064516129,0.7024872541662593,0.701897797684936,0.7836356188858091,0.7468354430379747,0.7465319949597663,0.7451710184761031,0.8318205995375045,0.7414800389483934,0.7413869934285441,0.7412945448542194,0.8318205995375045,,,,
apnea_binary,lstm,120m,8,test,120.0,960.0,2054,8525,0.7032258064516129,0.7024872541662593,0.701897797684936,0.7836356188858091,0.7468354430379747,0.7465319949597663,0.7451710184761031,0.8318205995375045,0.7414800389483934,0.7413869934285441,0.7412945448542194,0.8318205995375045,0.8138273735412034,0.8482618171238338,0.7269352269511594,0.7642990995922881
apnea_binary,lstm,120m,all,test,120.0,,2054,8525,0.7032258064516129,0.7024872541662593,0.701897797684936,0.7836356188858091,0.7468354430379747,0.7465319949597663,0.7451710184761031,0.8318205995375045,0.7414800389483934,0.7413869934285441,0.7412945448542194,0.8318205995375045,,,,
apnea_binary,lstm,120m,all,test,120.0,,2054,8525,0.7032258064516129,0.7024872541662593,0.701897797684936,0.7836356188858091,0.7468354430379747,0.7465319949597663,0.7451710184761031,0.8318205995375045,0.7414800389483934,0.7413869934285441,0.7412945448542194,0.8318205995375045,0.8138273735412034,0.8482618171238338,0.7269352269511594,0.7642990995922881
apnea_binary,lstm,240m,1,test,240.0,240.0,2054,2054,0.7020447906523856,0.7020971581842643,0.702010604888262,0.7871032214450756,0.7020447906523856,0.7020971581842643,0.702010604888262,0.7871032214450756,0.7020447906523856,0.7020971581842643,0.702010604888262,0.7871032214450756,,,,
apnea_binary,lstm,240m,1,test,240.0,240.0,2054,2054,0.7020447906523856,0.7020971581842643,0.702010604888262,0.7871032214450756,0.7020447906523856,0.7020971581842643,0.702010604888262,0.7871032214450756,0.7020447906523856,0.7020971581842643,0.702010604888262,0.7871032214450756,0.7676926208493652,0.8061156673911778,0.6806101180775536,0.7209337055535148
apnea_binary,lstm,240m,2,test,240.0,480.0,2054,3731,0.7231305280085768,0.723222804795056,0.7231302097756915,0.8060946366002373,0.752190847127556,0.7522041541158591,0.7521907883899059,0.8260891825548752,0.7195715676728335,0.7200262061812076,0.7158841158841158,0.8260891825548752,,,,
apnea_binary,lstm,240m,2,test,240.0,480.0,2054,3731,0.7231305280085768,0.723222804795056,0.7231302097756915,0.8060946366002373,0.752190847127556,0.7522041541158591,0.7521907883899059,0.8260891825548752,0.7195715676728335,0.7200262061812076,0.7158841158841158,0.8260891825548752,0.8075510452812525,0.8436444919188822,0.7322946818036088,0.7701169041303055
apnea_binary,lstm,240m,3,test,240.0,720.0,2054,3844,0.7239854318418314,0.7240782887602069,0.723971813814485,0.8067923189714582,0.752190847127556,0.7522117391176557,0.7521893786779512,0.8272752872108335,0.7268743914313535,0.7272703569596658,0.724180274011557,0.8272752872108335,,,,
apnea_binary,lstm,240m,3,test,240.0,720.0,2054,3844,0.7239854318418314,0.7240782887602069,0.723971813814485,0.8067923189714582,0.752190847127556,0.7522117391176557,0.7521893786779512,0.8272752872108335,0.7268743914313535,0.7272703569596658,0.724180274011557,0.8272752872108335,0.8089723825404033,0.8446961368238735,0.7328608341170173,0.7702470959743076
apnea_binary,lstm,240m,4,test,240.0,960.0,2054,3847,0.7239407330387315,0.7240290586228246,0.7239250446394543,0.8066947303533916,0.7526777020447907,0.752696705170032,0.752676764085425,0.8273511372288005,0.7268743914313535,0.7272703569596658,0.724180274011557,0.8273511372288005,,,,
apnea_binary,lstm,240m,4,test,240.0,960.0,2054,3847,0.7239407330387315,0.7240290586228246,0.7239250446394543,0.8066947303533916,0.7526777020447907,0.752696705170032,0.752676764085425,0.8273511372288005,0.7268743914313535,0.7272703569596658,0.724180274011557,0.8273511372288005,0.808936786136012,0.8451066872893828,0.733087194839009,0.7711782620162253
apnea_binary,lstm,240m,all,test,240.0,,2054,3847,0.7239407330387315,0.7240290586228246,0.7239250446394543,0.8066947303533916,0.7526777020447907,0.752696705170032,0.752676764085425,0.8273511372288005,0.7268743914313535,0.7272703569596658,0.724180274011557,0.8273511372288005,,,,
apnea_binary,lstm,240m,all,test,240.0,,2054,3847,0.7239407330387315,0.7240290586228246,0.7239250446394543,0.8066947303533916,0.7526777020447907,0.752696705170032,0.752676764085425,0.8273511372288005,0.7268743914313535,0.7272703569596658,0.724180274011557,0.8273511372288005,0.808936786136012,0.8451066872893828,0.733087194839009,0.7711782620162253
apnea_binary,transformer,30s,1,test,0.5,0.5,2054,2054,0.5662122687439143,0.5658814293556635,0.5628926108374384,0.601855670689562,0.5662122687439143,0.5658814293556635,0.5628926108374384,0.601855670689562,0.5662122687439143,0.5658814293556635,0.5628926108374384,0.601855670689562,,,,
apnea_binary,transformer,30s,1,test,0.5,0.5,2054,2054,0.5662122687439143,0.5658814293556635,0.5628926108374384,0.601855670689562,0.5662122687439143,0.5658814293556635,0.5628926108374384,0.601855670689562,0.5662122687439143,0.5658814293556635,0.5628926108374384,0.601855670689562,0.5776145845249318,0.6248621431271532,0.5444146843103616,0.5882033446999713
apnea_binary,transformer,30s,10,test,0.5,5.0,2054,20540,0.6235150925024343,0.6236339648795455,0.6232177608321571,0.6855552126502661,0.6689386562804285,0.6691005041181819,0.6684356807190763,0.7474734833077814,0.6514118792599806,0.6518123887730596,0.6478699766310387,0.7474734833077814,,,,
apnea_binary,transformer,30s,10,test,0.5,5.0,2054,20540,0.6235150925024343,0.6236339648795455,0.6232177608321571,0.6855552126502661,0.6689386562804285,0.6691005041181819,0.6684356807190763,0.7474734833077814,0.6514118792599806,0.6518123887730596,0.6478699766310387,0.7474734833077814,0.725185230791371,0.7670484166618905,0.6488405300607406,0.6887737128939548
apnea_binary,transformer,30s,100,test,0.5,50.0,2054,205400,0.6307351509250243,0.6308206640100198,0.6305947056031156,0.6927798649016367,0.6650438169425511,0.6651752656883911,0.6647183035099957,0.7535414847451392,0.6694255111976631,0.6696651126894235,0.6682743160235713,0.7535414847451392,,,,
apnea_binary,transformer,30s,100,test,0.5,50.0,2054,205400,0.6307351509250243,0.6308206640100198,0.6305947056031156,0.6927798649016367,0.6650438169425511,0.6651752656883911,0.6647183035099957,0.7535414847451392,0.6694255111976631,0.6696651126894235,0.6682743160235713,0.7535414847451392,0.7315584824295189,0.7723109991795766,0.6437316937239604,0.6835030986747898
apnea_binary,transformer,30s,12,test,0.5,6.0,2054,24648,0.6247971437844856,0.6248973259392208,0.6245935511120995,0.6851999305076883,0.6728334956183057,0.6729726475353959,0.6724745224108819,0.747479172059129,0.6669912366114897,0.6673350949500005,0.6645281451023652,0.747479172059129,,,,
apnea_binary,transformer,30s,12,test,0.5,6.0,2054,24648,0.6247971437844856,0.6248973259392208,0.6245935511120995,0.6851999305076883,0.6728334956183057,0.6729726475353959,0.6724745224108819,0.747479172059129,0.6669912366114897,0.6673350949500005,0.6645281451023652,0.747479172059129,0.7260190471483616,0.7672836962383253,0.6524992825434228,0.6924535079570224
apnea_binary,transformer,30s,120,test,0.5,60.0,2054,246480,0.6299902629016553,0.6300737104153769,0.6298570472911376,0.6924396739194559,0.6660175267770204,0.6661338202904488,0.6657690866221673,0.7530294971238621,0.6665043816942551,0.6667211838670805,0.6655625636582534,0.7530294971238621,,,,
apnea_binary,transformer,30s,120,test,0.5,60.0,2054,246480,0.6299902629016553,0.6300737104153769,0.6298570472911376,0.6924396739194559,0.6660175267770204,0.6661338202904488,0.6657690866221673,0.7530294971238621,0.6665043816942551,0.6667211838670805,0.6655625636582534,0.7530294971238621,0.7310591351515011,0.7723795401661874,0.6456275579245281,0.6847638518246533
apnea_binary,transformer,30s,16,test,0.5,8.0,2054,32864,0.6245131450827653,0.6246290460058803,0.6242325817250375,0.6849937791133702,0.6699123661148978,0.6700856062265279,0.6693326874857534,0.7457289328945409,0.6674780915287244,0.667831438505072,0.6648757630809179,0.7457289328945409,,,,
apnea_binary,transformer,30s,16,test,0.5,8.0,2054,32864,0.6245131450827653,0.6246290460058803,0.6242325817250375,0.6849937791133702,0.6699123661148978,0.6700856062265279,0.6693326874857534,0.7457289328945409,0.6674780915287244,0.667831438505072,0.6648757630809179,0.7457289328945409,0.7236229064825878,0.7653072408159382,0.6480491407873551,0.6881975612217969
apnea_binary,transformer,30s,160,test,0.5,80.0,2054,328640,0.6304771178188899,0.6305602566764608,0.6303452135331116,0.6927132613067785,0.6655306718597858,0.6656602317407674,0.6652157192012143,0.7530750071346424,0.6655306718597858,0.6657398742596328,0.6646543363409365,0.7530750071346424,,,,
apnea_binary,transformer,30s,160,test,0.5,80.0,2054,328640,0.6304771178188899,0.6305602566764608,0.6303452135331116,0.6927132613067785,0.6655306718597858,0.6656602317407674,0.6652157192012143,0.7530750071346424,0.6655306718597858,0.6657398742596328,0.6646543363409365,0.7530750071346424,0.7308880111951379,0.7721300782772514,0.6447919491667589,0.6841591270176345
apnea_binary,transformer,30s,2,test,0.5,1.0,2054,4108,0.5681596884128529,0.5682062324063513,0.5681187412824794,0.6017789910620235,0.5881207400194742,0.5881713793230955,0.5880734832278913,0.6274555258160277,0.5735150925024343,0.5744453704467471,0.5482223204242327,0.6274555258160277,,,,
apnea_binary,transformer,30s,2,test,0.5,1.0,2054,4108,0.5681596884128529,0.5682062324063513,0.5681187412824794,0.6017789910620235,0.5881207400194742,0.5881713793230955,0.5880734832278913,0.6274555258160277,0.5735150925024343,0.5744453704467471,0.5482223204242327,0.6274555258160277,0.6028946190492046,0.6495911391240022,0.5655092520236036,0.6091347692298289
apnea_binary,transformer,30s,20,test,0.5,10.0,2054,41080,0.6268987341772152,0.6269913948154616,0.6267286111823451,0.6878138531524689,0.6703992210321325,0.6705326472699209,0.670068814060153,0.7501415076897696,0.6606621226874392,0.6609433087484462,0.6590093479358061,0.7501415076897696,,,,
apnea_binary,transformer,30s,20,test,0.5,10.0,2054,41080,0.6268987341772152,0.6269913948154616,0.6267286111823451,0.6878138531524689,0.6703992210321325,0.6705326472699209,0.670068814060153,0.7501415076897696,0.6606621226874392,0.6609433087484462,0.6590093479358061,0.7501415076897696,0.7287559921192693,0.7698038979118593,0.6510399831631803,0.6894226573843787
apnea_binary,transformer,30s,200,test,0.5,100.0,2054,410800,0.6303018500486854,0.6303837157596426,0.6301744030246198,0.6927065342183134,0.667964946445959,0.6680812695017507,0.6677179549217463,0.7532219665444533,0.6611489776046738,0.6613600097846524,0.6602441250285191,0.7532219665444533,,,,
apnea_binary,transformer,30s,200,test,0.5,100.0,2054,410800,0.6303018500486854,0.6303837157596426,0.6301744030246198,0.6927065342183134,0.667964946445959,0.6680812695017507,0.6677179549217463,0.7532219665444533,0.6611489776046738,0.6613600097846524,0.6602441250285191,0.7532219665444533,0.7312071316750451,0.772193530268477,0.6468758669307666,0.6868654418870372
apnea_binary,transformer,30s,25,test,0.5,12.5,2054,51350,0.6301071080817916,0.6301894828261337,0.6299777810311458,0.6905395465875551,0.6723466407010711,0.6724838889821212,0.6719976404858834,0.7520415506398423,0.6742940603700097,0.6744958107086951,0.673504620769047,0.7520415506398423,,,,
apnea_binary,transformer,30s,25,test,0.5,12.5,2054,51350,0.6301071080817916,0.6301894828261337,0.6299777810311458,0.6905395465875551,0.6723466407010711,0.6724838889821212,0.6719976404858834,0.7520415506398423,0.6742940603700097,0.6744958107086951,0.673504620769047,0.7520415506398423,0.7297980946963917,0.7712244004034646,0.6515603471511087,0.6910728462243109
apnea_binary,transformer,30s,250,test,0.5,125.0,2054,513500,0.6307964946445959,0.6308773931865825,0.6306726275812856,0.6928178204307711,0.6660175267770204,0.6661414052922454,0.6657322962264276,0.7533291046948317,0.6660175267770204,0.6662172553102124,0.6652240149245079,0.7533291046948317,,,,
apnea_binary,transformer,30s,250,test,0.5,125.0,2054,513500,0.6307964946445959,0.6308773931865825,0.6306726275812856,0.6928178204307711,0.6660175267770204,0.6661414052922454,0.6657322962264276,0.7533291046948317,0.6660175267770204,0.6662172553102124,0.6652240149245079,0.7533291046948317,0.7311668475067636,0.7725487650027248,0.6457581148182476,0.6846817977554176
apnea_binary,transformer,30s,3,test,0.5,1.5,2054,6162,0.5978578383641675,0.5978883987081478,0.5978455948164991,0.6495375729911571,0.6465433300876339,0.646579685658563,0.6465269086357948,0.7062926123030625,0.6270691333982473,0.6271620810590179,0.6268979222097331,0.7062926123030625,,,,
apnea_binary,transformer,30s,3,test,0.5,1.5,2054,6162,0.5978578383641675,0.5978883987081478,0.5978455948164991,0.6495375729911571,0.6465433300876339,0.646579685658563,0.6465269086357948,0.7062926123030625,0.6270691333982473,0.6271620810590179,0.6268979222097331,0.7062926123030625,0.6830937954331897,0.7281395201062337,0.627060514759205,0.6680694609272759
apnea_binary,transformer,30s,30,test,0.5,15.0,2054,61620,0.6289191820837391,0.6289953443891055,0.6288105811844683,0.6903217657842045,0.6723466407010711,0.6724649264776295,0.6720941193884622,0.751611575850492,0.6694255111976631,0.6696537351867285,0.6683860036317457,0.751611575850492,,,,
apnea_binary,transformer,30s,30,test,0.5,15.0,2054,61620,0.6289191820837391,0.6289953443891055,0.6288105811844683,0.6903217657842045,0.6723466407010711,0.6724649264776295,0.6720941193884622,0.751611575850492,0.6694255111976631,0.6696537351867285,0.6683860036317457,0.751611575850492,0.7293130565451293,0.7704448609863246,0.6516922940752253,0.6914100554643278
apnea_binary,transformer,30s,320,test,0.5,160.0,2054,657280,0.6308544303797469,0.6309370060860158,0.6307246912888673,0.693093127353943,0.667964946445959,0.668085062002649,0.6676999832999333,0.7534466722226805,0.6611489776046738,0.6613486322819573,0.6603438985239904,0.7534466722226805,,,,
apnea_binary,transformer,30s,320,test,0.5,160.0,2054,657280,0.6308544303797469,0.6309370060860158,0.6307246912888673,0.693093127353943,0.667964946445959,0.668085062002649,0.6676999832999333,0.7534466722226805,0.6611489776046738,0.6613486322819573,0.6603438985239904,0.7534466722226805,0.7313030512063623,0.7727240049242748,0.6476872279749358,0.6871715554660238
apnea_binary,transformer,30s,4,test,0.5,2.0,2054,8216,0.6097857838364168,0.6098993280636533,0.6095057960464347,0.6634612923136436,0.6543330087633885,0.6544946350334166,0.6538078431037413,0.7249479242220396,0.6241480038948394,0.6247718573678337,0.6145573343315653,0.7249479242220396,,,,
apnea_binary,transformer,30s,4,test,0.5,2.0,2054,8216,0.6097857838364168,0.6098993280636533,0.6095057960464347,0.6634612923136436,0.6543330087633885,0.6544946350334166,0.6538078431037413,0.7249479242220396,0.6241480038948394,0.6247718573678337,0.6145573343315653,0.7249479242220396,0.7019869734032586,0.7450449266295063,0.6331534110430304,0.6737173177577461
apnea_binary,transformer,30s,40,test,0.5,20.0,2054,82160,0.6305866601752678,0.6306728821015765,0.6304435139146161,0.6915025272277862,0.6669912366114897,0.6671075448960997,0.6667435207719568,0.7532456696750681,0.6611489776046738,0.6613865572909408,0.6599884505136857,0.7532456696750681,,,,
apnea_binary,transformer,30s,40,test,0.5,20.0,2054,82160,0.6305866601752678,0.6306728821015765,0.6304435139146161,0.6915025272277862,0.6669912366114897,0.6671075448960997,0.6667435207719568,0.7532456696750681,0.6611489776046738,0.6613865572909408,0.6599884505136857,0.7532456696750681,0.730994978149013,0.7726015254225718,0.6457268111224955,0.6856467559452084
apnea_binary,transformer,30s,400,test,0.5,200.0,2054,821600,0.6310722979552094,0.6311556496885883,0.6309398751150961,0.6932477046066085,0.6665043816942551,0.6666225788437234,0.6662473577728032,0.7536922366558485,0.6665043816942551,0.6667098063643854,0.6656636504893774,0.7536922366558485,,,,
apnea_binary,transformer,30s,400,test,0.5,200.0,2054,821600,0.6310722979552094,0.6311556496885883,0.6309398751150961,0.6932477046066085,0.6665043816942551,0.6666225788437234,0.6662473577728032,0.7536922366558485,0.6665043816942551,0.6667098063643854,0.6656636504893774,0.7536922366558485,0.7319056183399012,0.7726300487763794,0.646152257166343,0.6850366019672558
apnea_binary,transformer,30s,5,test,0.5,2.5,2054,10270,0.6156767283349562,0.6157494029181398,0.6155750792230463,0.6736353870673824,0.6582278481012658,0.6583023059353588,0.6581341754865142,0.7348472996919541,0.6528724440116845,0.6529980193664058,0.6525660141464393,0.7348472996919541,,,,
apnea_binary,transformer,30s,5,test,0.5,2.5,2054,10270,0.6156767283349562,0.6157494029181398,0.6155750792230463,0.6736353870673824,0.6582278481012658,0.6583023059353588,0.6581341754865142,0.7348472996919541,0.6528724440116845,0.6529980193664058,0.6525660141464393,0.7348472996919541,0.7125865688972812,0.7556738234600247,0.6368824270441047,0.6779223784665268
apnea_binary,transformer,30s,50,test,0.5,25.0,2054,102700,0.6279844206426485,0.6280668390358325,0.6278540802151129,0.6908142089838658,0.6630963972736125,0.663216438974394,0.6628275490374689,0.7518931690421944,0.6650438169425511,0.6652738707117481,0.66397207439852,0.7518931690421944,,,,
apnea_binary,transformer,30s,50,test,0.5,25.0,2054,102700,0.6279844206426485,0.6280668390358325,0.6278540802151129,0.6908142089838658,0.6630963972736125,0.663216438974394,0.6628275490374689,0.7518931690421944,0.6650438169425511,0.6652738707117481,0.66397207439852,0.7518931690421944,0.7300234849616615,0.7706864682861421,0.6434219612959423,0.68239504273405
apnea_binary,transformer,30s,500,test,0.5,250.0,2054,1027000,0.63095423563778,0.6310348559276315,0.6308313941957395,0.6929914982597162,0.6665043816942551,0.6666263713446217,0.6662289894162762,0.7533243640687088,0.6655306718597858,0.6657360817587343,0.6646874859652587,0.7533243640687088,,,,
apnea_binary,transformer,30s,500,test,0.5,250.0,2054,1027000,0.63095423563778,0.6310348559276315,0.6308313941957395,0.6929914982597162,0.6665043816942551,0.6666263713446217,0.6662289894162762,0.7533243640687088,0.6655306718597858,0.6657360817587343,0.6646874859652587,0.7533243640687088,0.731371592568725,0.7723827237174287,0.6457563667683887,0.6852292338591622
apnea_binary,transformer,30s,6,test,0.5,3.0,2054,12324,0.6163583252190847,0.616453006647306,0.6161740960342584,0.6725897629655334,0.6611489776046738,0.6612917447684821,0.6607549662839439,0.7341902489113152,0.6372930866601753,0.6377749207604344,0.6318832595807227,0.7341902489113152,,,,
apnea_binary,transformer,30s,6,test,0.5,3.0,2054,12324,0.6163583252190847,0.616453006647306,0.6161740960342584,0.6725897629655334,0.6611489776046738,0.6612917447684821,0.6607549662839439,0.7341902489113152,0.6372930866601753,0.6377749207604344,0.6318832595807227,0.7341902489113152,0.710697028771685,0.7539402593543104,0.6398847693727304,0.6809055313270722
apnea_binary,transformer,30s,60,test,0.5,30.0,2054,123240,0.6303391755923401,0.630429360088163,0.6301807201768839,0.6922553829019522,0.6689386562804285,0.6690625791091984,0.6686559204576834,0.7534400353461084,0.6665043816942551,0.6667439388724705,0.6653430139560328,0.7534400353461084,,,,
apnea_binary,transformer,30s,60,test,0.5,30.0,2054,123240,0.6303391755923401,0.630429360088163,0.6301807201768839,0.6922553829019522,0.6689386562804285,0.6690625791091984,0.6686559204576834,0.7534400353461084,0.6665043816942551,0.6667439388724705,0.6653430139560328,0.7534400353461084,0.7314759739270281,0.7723775247810629,0.6485584800504891,0.6881031560595865
apnea_binary,transformer,30s,8,test,0.5,4.0,2054,16432,0.616601752677702,0.616688852796922,0.6164489292154693,0.6779505197740997,0.6601752677702045,0.6602914726565425,0.6599224817234296,0.738039637323139,0.6587147030185004,0.659102049562298,0.655480862294419,0.738039637323139,,,,
apnea_binary,transformer,30s,8,test,0.5,4.0,2054,16432,0.616601752677702,0.616688852796922,0.6164489292154693,0.6779505197740997,0.6601752677702045,0.6602914726565425,0.6599224817234296,0.738039637323139,0.6587147030185004,0.659102049562298,0.655480862294419,0.738039637323139,0.7149954451528432,0.7574177217814251,0.6389333073786522,0.6803155390902671
apnea_binary,transformer,30s,80,test,0.5,40.0,2054,164320,0.6317003407984421,0.6317860818535469,0.6315594742115678,0.6923494271960713,0.667964946445959,0.6680964395053441,0.6676422717933388,0.7531025027661553,0.6689386562804285,0.6691725616352506,0.6678424120664201,0.7531025027661553,,,,
apnea_binary,transformer,30s,80,test,0.5,40.0,2054,164320,0.6317003407984421,0.6317860818535469,0.6315594742115678,0.6923494271960713,0.667964946445959,0.6680964395053441,0.6676422717933388,0.7531025027661553,0.6689386562804285,0.6691725616352506,0.6678424120664201,0.7531025027661553,0.730912368892817,0.7721900033917346,0.6476227950498844,0.6873620277768331
apnea_binary,transformer,30s,all,test,0.5,,2054,2267270,0.6295527219960569,0.6297397954991972,0.6295161449963564,0.6913760223995637,0.6660175267770204,0.6661338202904488,0.6657690866221673,0.7534077990884724,0.6626095423563778,0.662811115440883,0.6617917820522417,0.7534077990884724,,,,
apnea_binary,transformer,30s,all,test,0.5,,2054,2267270,0.6295527219960569,0.6297397954991972,0.6295161449963564,0.6913760223995637,0.6660175267770204,0.6661338202904488,0.6657690866221673,0.7534077990884724,0.6626095423563778,0.662811115440883,0.6617917820522417,0.7534077990884724,0.7313182598371938,0.7725906780545729,0.6459429754093868,0.6843326711837097
apnea_binary,transformer,10m,1,test,10.0,10.0,2054,2054,0.5856864654333008,0.5859475516088263,0.5839420245561595,0.6301572086434888,0.5856864654333008,0.5859475516088263,0.5839420245561595,0.6301572086434888,0.5856864654333008,0.5859475516088263,0.5839420245561595,0.6301572086434888,,,,
apnea_binary,transformer,10m,1,test,10.0,10.0,2054,2054,0.5856864654333008,0.5859475516088263,0.5839420245561595,0.6301572086434888,0.5856864654333008,0.5859475516088263,0.5839420245561595,0.6301572086434888,0.5856864654333008,0.5859475516088263,0.5839420245561595,0.6301572086434888,0.6072921828535184,0.6539411885963937,0.5657981750976261,0.6064099310620071
apnea_binary,transformer,10m,10,test,10.0,100.0,2054,20540,0.645618305744888,0.6458262579488449,0.6446986430535249,0.713293990877139,0.7064264849074976,0.7066097601906869,0.7058491177696475,0.7864461706644367,0.6806231742940604,0.6810848069569636,0.6762768026693113,0.7864461706644367,,,,
apnea_binary,transformer,10m,10,test,10.0,100.0,2054,20540,0.645618305744888,0.6458262579488449,0.6446986430535249,0.713293990877139,0.7064264849074976,0.7066097601906869,0.7058491177696475,0.7864461706644367,0.6806231742940604,0.6810848069569636,0.6762768026693113,0.7864461706644367,0.7648720834437469,0.8049640913685565,0.6868544517710394,0.7250734248431896
apnea_binary,transformer,10m,100,test,10.0,1000.0,2054,112840,0.6476072314781992,0.6481372351752854,0.647043401407533,0.7164132358086126,0.7044790652385589,0.7046698959811817,0.703845538993765,0.79266207963683,0.685491723466407,0.6858282774555733,0.6832707457895435,0.79266207963683,,,,
apnea_binary,transformer,10m,100,test,10.0,1000.0,2054,112840,0.6476072314781992,0.6481372351752854,0.647043401407533,0.7164132358086126,0.7044790652385589,0.7046698959811817,0.703845538993765,0.79266207963683,0.685491723466407,0.6858282774555733,0.6832707457895435,0.79266207963683,0.7718817361408876,0.8110909503524231,0.6835500029928947,0.7245307800675627
apnea_binary,transformer,10m,12,test,10.0,120.0,2054,24648,0.642121064589419,0.6423288057193441,0.6411938106281172,0.7096037684606565,0.6952288218111002,0.6953872759698609,0.6947886837167967,0.7815206601227065,0.6669912366114897,0.667426114971561,0.6629830596295283,0.7815206601227065,,,,
apnea_binary,transformer,10m,12,test,10.0,120.0,2054,24648,0.642121064589419,0.6423288057193441,0.6411938106281172,0.7096037684606565,0.6952288218111002,0.6953872759698609,0.6947886837167967,0.7815206601227065,0.6669912366114897,0.667426114971561,0.6629830596295283,0.7815206601227065,0.7608780756538083,0.8005955874483657,0.6750682529450123,0.7155153840743461
apnea_binary,transformer,10m,16,test,10.0,160.0,2054,32864,0.6463303310613437,0.646539597738911,0.6454003680639777,0.7149559232138268,0.7069133398247323,0.70710231124486,0.7062982176110668,0.7893512263525717,0.6815968841285297,0.6820016440491394,0.6782979041356896,0.7893512263525717,,,,
apnea_binary,transformer,10m,16,test,10.0,160.0,2054,32864,0.6463303310613437,0.646539597738911,0.6454003680639777,0.7149559232138268,0.7069133398247323,0.70710231124486,0.7062982176110668,0.7893512263525717,0.6815968841285297,0.6820016440491394,0.6782979041356896,0.7893512263525717,0.7681938739516465,0.8076242852533657,0.6854834132207751,0.7258289953962876
apnea_binary,transformer,10m,2,test,10.0,20.0,2054,4108,0.5861733203505355,0.5864723389206352,0.5838643577522336,0.6357433254354502,0.5983446932814022,0.5986476889921712,0.5960443310684354,0.6622540918714379,0.5788704965920156,0.5798861870480405,0.5487095991699168,0.6622540918714379,,,,
apnea_binary,transformer,10m,2,test,10.0,20.0,2054,4108,0.5861733203505355,0.5864723389206352,0.5838643577522336,0.6357433254354502,0.5983446932814022,0.5986476889921712,0.5960443310684354,0.6622540918714379,0.5788704965920156,0.5798861870480405,0.5487095991699168,0.6622540918714379,0.6387119777300508,0.6869451880816512,0.578315040750412,0.619218293923987
apnea_binary,transformer,10m,20,test,10.0,200.0,2054,41080,0.6444498539435248,0.6446625290481866,0.6434823612401475,0.7144327319375035,0.6976630963972736,0.6978689937452178,0.6969009152611727,0.7891307872378551,0.6806231742940604,0.681012749439895,0.6775661439473777,0.7891307872378551,,,,
apnea_binary,transformer,10m,20,test,10.0,200.0,2054,41080,0.6444498539435248,0.6446625290481866,0.6434823612401475,0.7144327319375035,0.6976630963972736,0.6978689937452178,0.6969009152611727,0.7891307872378551,0.6806231742940604,0.681012749439895,0.6775661439473777,0.7891307872378551,0.7678895648643692,0.8071638466828038,0.6770475997067703,0.7158749469132557
apnea_binary,transformer,10m,25,test,10.0,250.0,2054,51350,0.6461733203505355,0.6463867801003685,0.6452032856428289,0.7158080797335389,0.7064264849074976,0.7066173451924836,0.7057971334649757,0.7907440223074903,0.689873417721519,0.6902195194332487,0.6875532376998973,0.7907440223074903,,,,
apnea_binary,transformer,10m,25,test,10.0,250.0,2054,51350,0.6461733203505355,0.6463867801003685,0.6452032856428289,0.7158080797335389,0.7064264849074976,0.7066173451924836,0.7057971334649757,0.7907440223074903,0.689873417721519,0.6902195194332487,0.6875532376998973,0.7907440223074903,0.7696635372113388,0.808974692261625,0.6865615994296177,0.7250361369130787
apnea_binary,transformer,10m,3,test,10.0,30.0,2054,6162,0.6148977604673808,0.6151352706060005,0.6135714652484889,0.6769202195815882,0.6738072054527751,0.6739956746527254,0.6731226009957055,0.7373394468447815,0.6363193768257059,0.6366191561116626,0.6342902061657864,0.7373394468447815,,,,
apnea_binary,transformer,10m,3,test,10.0,30.0,2054,6162,0.6148977604673808,0.6151352706060005,0.6135714652484889,0.6769202195815882,0.6738072054527751,0.6739956746527254,0.6731226009957055,0.7373394468447815,0.6363193768257059,0.6366191561116626,0.6342902061657864,0.7373394468447815,0.7158866166587038,0.7574703130196584,0.6537483753355996,0.6935896864016046
apnea_binary,transformer,10m,30,test,10.0,300.0,2054,61611,0.6492347145801886,0.649429974491671,0.6484308929745832,0.7168317425556098,0.7049659201557936,0.7051548620335579,0.7043467107513397,0.7911678342828807,0.6820837390457644,0.682444892591634,0.6794836225661585,0.7911678342828807,,,,
apnea_binary,transformer,10m,30,test,10.0,300.0,2054,61611,0.6492347145801886,0.649429974491671,0.6484308929745832,0.7168317425556098,0.7049659201557936,0.7051548620335579,0.7043467107513397,0.7911678342828807,0.6820837390457644,0.682444892591634,0.6794836225661585,0.7911678342828807,0.770155856785826,0.8096569478840999,0.6836417075537632,0.7234199309332262
apnea_binary,transformer,10m,4,test,10.0,40.0,2054,8216,0.6296251217137293,0.6298626972456014,0.6283513198311406,0.6940633968672045,0.691333982473223,0.6914847925454602,0.690932824485456,0.7615465060163287,0.6382667964946446,0.638983780421783,0.6259309615918675,0.7615465060163287,,,,
apnea_binary,transformer,10m,4,test,10.0,40.0,2054,8216,0.6296251217137293,0.6298626972456014,0.6283513198311406,0.6940633968672045,0.691333982473223,0.6914847925454602,0.690932824485456,0.7615465060163287,0.6382667964946446,0.638983780421783,0.6259309615918675,0.7615465060163287,0.7395034482822525,0.7813598493324301,0.6692972559766409,0.7107127450845712
apnea_binary,transformer,10m,40,test,10.0,400.0,2054,81975,0.6485025922537359,0.6487142041365306,0.6476632633488313,0.7173452735672522,0.7030185004868549,0.7031998278204592,0.7024472216311518,0.7906776535417692,0.681110029211295,0.6814522054814911,0.6787782892831467,0.7906776535417692,,,,
apnea_binary,transformer,10m,40,test,10.0,400.0,2054,81975,0.6485025922537359,0.6487142041365306,0.6476632633488313,0.7173452735672522,0.7030185004868549,0.7031998278204592,0.7024472216311518,0.7906776535417692,0.681110029211295,0.6814522054814911,0.6787782892831467,0.7906776535417692,0.7700710027988682,0.8090941577073308,0.682684989071625,0.7223231249116849
apnea_binary,transformer,10m,5,test,10.0,50.0,2054,10270,0.6344693281402142,0.6347095370968217,0.6331837014038273,0.698824059246449,0.688412852969815,0.6886394687464741,0.6874500703769924,0.7673295958236981,0.6630963972736125,0.6634553665309899,0.6603709385289578,0.7673295958236981,,,,
apnea_binary,transformer,10m,5,test,10.0,50.0,2054,10270,0.6344693281402142,0.6347095370968217,0.6331837014038273,0.698824059246449,0.688412852969815,0.6886394687464741,0.6874500703769924,0.7673295958236981,0.6630963972736125,0.6634553665309899,0.6603709385289578,0.7673295958236981,0.7461580803882092,0.7872625032259728,0.6676931294887696,0.7077435140987114
apnea_binary,transformer,10m,50,test,10.0,500.0,2054,100052,0.649102466717307,0.6493866097027192,0.6483526765888021,0.7178095468077942,0.7039922103213242,0.7041735524261102,0.7034228045110497,0.7921301813858367,0.6850048685491723,0.6853471039040953,0.682701607887322,0.7921301813858367,,,,
apnea_binary,transformer,10m,50,test,10.0,500.0,2054,100052,0.649102466717307,0.6493866097027192,0.6483526765888021,0.7178095468077942,0.7039922103213242,0.7041735524261102,0.7034228045110497,0.7921301813858367,0.6850048685491723,0.6853471039040953,0.682701607887322,0.7921301813858367,0.771507251214674,0.810634525480639,0.6837091514495124,0.7236606865291045
apnea_binary,transformer,10m,6,test,10.0,60.0,2054,12324,0.6385913664394677,0.6388172264239972,0.637474638921647,0.7048731239893906,0.7005842259006816,0.7007636200558824,0.7000210164106109,0.7754706730646157,0.6630963972736125,0.6636563690786024,0.6562439537817403,0.7754706730646157,,,,
apnea_binary,transformer,10m,6,test,10.0,60.0,2054,12324,0.6385913664394677,0.6388172264239972,0.637474638921647,0.7048731239893906,0.7005842259006816,0.7007636200558824,0.7000210164106109,0.7754706730646157,0.6630963972736125,0.6636563690786024,0.6562439537817403,0.7754706730646157,0.7535813783263029,0.7944718171752312,0.6806814853169513,0.720212642121729
apnea_binary,transformer,10m,60,test,10.0,600.0,2054,108819,0.6482599546035159,0.6485990858050472,0.6475385784216297,0.717169429410347,0.7044790652385589,0.7046736884820799,0.7038185231667271,0.7925833852431894,0.6845180136319376,0.6848545528499221,0.6822901598631953,0.7925833852431894,,,,
apnea_binary,transformer,10m,60,test,10.0,600.0,2054,108819,0.6482599546035159,0.6485990858050472,0.6475385784216297,0.717169429410347,0.7044790652385589,0.7046736884820799,0.7038185231667271,0.7925833852431894,0.6845180136319376,0.6848545528499221,0.6822901598631953,0.7925833852431894,0.7717247406722416,0.8110069151255148,0.6842678897986129,0.7243406959574286
apnea_binary,transformer,10m,8,test,10.0,80.0,2054,16432,0.6379625121713729,0.638177222144792,0.6369564842211779,0.7052613483478443,0.6923076923076923,0.6925191971654848,0.6914860445661267,0.7745709022264825,0.6650438169425511,0.665565893280921,0.6591542338476264,0.7745709022264825,,,,
apnea_binary,transformer,10m,8,test,10.0,80.0,2054,16432,0.6379625121713729,0.638177222144792,0.6369564842211779,0.7052613483478443,0.6923076923076923,0.6925191971654848,0.6914860445661267,0.7745709022264825,0.6650438169425511,0.665565893280921,0.6591542338476264,0.7745709022264825,0.7531552537620602,0.7933747393377006,0.671879009628068,0.7119646384428033
apnea_binary,transformer,10m,80,test,10.0,800.0,2054,112705,0.647628765360898,0.6481484811956275,0.6470547960220032,0.7164765146648994,0.7044790652385589,0.7046698959811817,0.703845538993765,0.7926118289999269,0.685491723466407,0.6858282774555733,0.6832707457895435,0.7926118289999269,,,,
apnea_binary,transformer,10m,80,test,10.0,800.0,2054,112705,0.647628765360898,0.6481484811956275,0.6470547960220032,0.7164765146648994,0.7044790652385589,0.7046698959811817,0.703845538993765,0.7926118289999269,0.685491723466407,0.6858282774555733,0.6832707457895435,0.7926118289999269,0.7718178569549446,0.8110578023230393,0.6835500029928947,0.7245307800675627
apnea_binary,transformer,10m,all,test,10.0,,2054,112842,0.6476046153028128,0.6481337331039241,0.6470405506082739,0.7164066343282491,0.7044790652385589,0.7046698959811817,0.703845538993765,0.79266207963683,0.685491723466407,0.6858282774555733,0.6832707457895435,0.79266207963683,,,,
apnea_binary,transformer,10m,all,test,10.0,,2054,112842,0.6476046153028128,0.6481337331039241,0.6470405506082739,0.7164066343282491,0.7044790652385589,0.7046698959811817,0.703845538993765,0.79266207963683,0.685491723466407,0.6858282774555733,0.6832707457895435,0.79266207963683,0.7718817361408876,0.8110909503524231,0.6835500029928947,0.7245307800675627
apnea_binary,transformer,40m,1,test,40.0,40.0,2054,2054,0.6037000973709834,0.6039861080692093,0.6016876310272536,0.65560109717051,0.6037000973709834,0.6039861080692093,0.6016876310272536,0.65560109717051,0.6037000973709834,0.6039861080692093,0.6016876310272536,0.65560109717051,,,,
apnea_binary,transformer,40m,1,test,40.0,40.0,2054,2054,0.6037000973709834,0.6039861080692093,0.6016876310272536,0.65560109717051,0.6037000973709834,0.6039861080692093,0.6016876310272536,0.65560109717051,0.6037000973709834,0.6039861080692093,0.6016876310272536,0.65560109717051,0.6331176447218222,0.677457973322607,0.5825218919472804,0.6240938298688828
apnea_binary,transformer,40m,10,test,40.0,400.0,2054,20465,0.6747129245052529,0.6750261714008421,0.6731525804108067,0.7501918252318129,0.7356377799415774,0.7359466508898629,0.7340841677461163,0.8220615466008288,0.7108081791626095,0.7113574972528072,0.7051717388467617,0.8220615466008288,,,,
apnea_binary,transformer,40m,10,test,40.0,400.0,2054,20465,0.6747129245052529,0.6750261714008421,0.6731525804108067,0.7501918252318129,0.7356377799415774,0.7359466508898629,0.7340841677461163,0.8220615466008288,0.7108081791626095,0.7113574972528072,0.7051717388467617,0.8220615466008288,0.8031049149654167,0.8386119592519229,0.7166918153914155,0.7543011454004607
apnea_binary,transformer,40m,12,test,40.0,480.0,2054,24049,0.6754542808432783,0.6758865080613988,0.6739638466745071,0.7514989001776027,0.7400194741966893,0.74033410036664,0.7384323051255857,0.8231480981082058,0.7064264849074976,0.7069548777724367,0.7011471177764046,0.8231480981082058,,,,
apnea_binary,transformer,40m,12,test,40.0,480.0,2054,24049,0.6754542808432783,0.6758865080613988,0.6739638466745071,0.7514989001776027,0.7400194741966893,0.74033410036664,0.7384323051255857,0.8231480981082058,0.7064264849074976,0.7069548777724367,0.7011471177764046,0.8231480981082058,0.8043171596716487,0.8400936885967841,0.7206826681483207,0.7598276018536372
apnea_binary,transformer,40m,16,test,40.0,640.0,2054,27099,0.6750802612642532,0.6757012428953526,0.6736976156546246,0.7511411880974496,0.7424537487828627,0.7427778931330135,0.7407809879115612,0.8248291241313987,0.7151898734177216,0.7156501342071255,0.7113468582164614,0.8248291241313987,,,,
apnea_binary,transformer,40m,16,test,40.0,640.0,2054,27099,0.6750802612642532,0.6757012428953526,0.6736976156546246,0.7511411880974496,0.7424537487828627,0.7427778931330135,0.7407809879115612,0.8248291241313987,0.7151898734177216,0.7156501342071255,0.7113468582164614,0.8248291241313987,0.8058566848541591,0.8416520498029335,0.7233362383495162,0.7609797101172686
apnea_binary,transformer,40m,2,test,40.0,80.0,2054,4108,0.6178188899707887,0.6180652935917164,0.6163981984592549,0.6855123147244795,0.6562804284323271,0.6565255192644823,0.6550231471569201,0.7250967798822998,0.6022395326192794,0.6031835200665964,0.5779240100335348,0.7250967798822998,,,,
apnea_binary,transformer,40m,2,test,40.0,80.0,2054,4108,0.6178188899707887,0.6180652935917164,0.6163981984592549,0.6855123147244795,0.6562804284323271,0.6565255192644823,0.6550231471569201,0.7250967798822998,0.6022395326192794,0.6031835200665964,0.5779240100335348,0.7250967798822998,0.7033863125765673,0.746507024073848,0.6354308051758808,0.6765145905951662
apnea_binary,transformer,40m,20,test,40.0,800.0,2054,27508,0.6745673985749601,0.6753432112707033,0.6733226651718187,0.7507947367363684,0.7414800389483934,0.7418003760264641,0.7398416686405014,0.8248281760061742,0.7161635832521909,0.7166162738109798,0.7124635651644193,0.8248281760061742,,,,
apnea_binary,transformer,40m,20,test,40.0,800.0,2054,27508,0.6745673985749601,0.6753432112707033,0.6733226651718187,0.7507947367363684,0.7414800389483934,0.7418003760264641,0.7398416686405014,0.8248281760061742,0.7161635832521909,0.7166162738109798,0.7124635651644193,0.8248281760061742,0.805844511267567,0.841835162616157,0.7220352271430492,0.7599767328569279
apnea_binary,transformer,40m,25,test,40.0,1000.0,2054,27536,0.6744625217896572,0.6752501930071082,0.6732316532140936,0.7507027173475039,0.7414800389483934,0.7418003760264641,0.7398416686405014,0.8248689453908313,0.7161635832521909,0.7166162738109798,0.7124635651644193,0.8248689453908313,,,,
apnea_binary,transformer,40m,25,test,40.0,1000.0,2054,27536,0.6744625217896572,0.6752501930071082,0.6732316532140936,0.7507027173475039,0.7414800389483934,0.7418003760264641,0.7398416686405014,0.8248689453908313,0.7161635832521909,0.7166162738109798,0.7124635651644193,0.8248689453908313,0.8058081897049976,0.841906466417105,0.7220352271430492,0.7599767328569279
apnea_binary,transformer,40m,3,test,40.0,120.0,2054,6162,0.6523855890944499,0.6526280925079461,0.651141356031296,0.7253438718505519,0.7059396299902629,0.7061816816517859,0.704898535501157,0.7862252574871078,0.684031158714703,0.6843316617885624,0.6822681978602347,0.7862252574871078,,,,
apnea_binary,transformer,40m,3,test,40.0,120.0,2054,6162,0.6523855890944499,0.6526280925079461,0.651141356031296,0.7253438718505519,0.7059396299902629,0.7061816816517859,0.704898535501157,0.7862252574871078,0.684031158714703,0.6843316617885624,0.6822681978602347,0.7862252574871078,0.7668340889344867,0.8045041073740323,0.6880865551907535,0.7259410733321877
apnea_binary,transformer,40m,4,test,40.0,160.0,2054,8216,0.6584712755598832,0.6587249327542184,0.657129327471212,0.7321597202272088,0.7156767283349562,0.7159378902127878,0.7144976118007602,0.796794009365581,0.667964946445959,0.668638767133808,0.6580357073109762,0.796794009365581,,,,
apnea_binary,transformer,40m,4,test,40.0,160.0,2054,8216,0.6584712755598832,0.6587249327542184,0.657129327471212,0.7321597202272088,0.7156767283349562,0.7159378902127878,0.7144976118007602,0.796794009365581,0.667964946445959,0.668638767133808,0.6580357073109762,0.796794009365581,0.7765048751894428,0.8148365574007037,0.6958619500901293,0.7346223443164019
apnea_binary,transformer,40m,5,test,40.0,200.0,2054,10270,0.6656280428432327,0.6658907209828645,0.6642159356912674,0.742776186507609,0.7239532619279455,0.724254370620254,0.7224130480535487,0.8115781259925685,0.7069133398247323,0.7072540112807939,0.7047948737537721,0.8115781259925685,,,,
apnea_binary,transformer,40m,5,test,40.0,200.0,2054,10270,0.6656280428432327,0.6658907209828645,0.6642159356912674,0.742776186507609,0.7239532619279455,0.724254370620254,0.7224130480535487,0.8115781259925685,0.7069133398247323,0.7072540112807939,0.7047948737537721,0.8115781259925685,0.7920050109553249,0.8283873281553287,0.704767135441881,0.7410705617206252
apnea_binary,transformer,40m,6,test,40.0,240.0,2054,12324,0.66544952937358,0.6657153020142288,0.664001655265501,0.7409291279555039,0.7161635832521909,0.7164607812741475,0.7146212627632942,0.8084853415099653,0.6864654333008764,0.6870409296178202,0.6797239396897712,0.8084853415099653,,,,
apnea_binary,transformer,40m,6,test,40.0,240.0,2054,12324,0.66544952937358,0.6657153020142288,0.664001655265501,0.7409291279555039,0.7161635832521909,0.7164607812741475,0.7146212627632942,0.8084853415099653,0.6864654333008764,0.6870409296178202,0.6797239396897712,0.8084853415099653,0.7887070730155542,0.8259908717065885,0.6963384291929301,0.7359072230456082
apnea_binary,transformer,40m,8,test,40.0,320.0,2054,16427,0.6709685274243623,0.6712468933313683,0.6694538324432224,0.7456795178264695,0.7322297955209348,0.7325063785124484,0.7309799976948625,0.8166629215720296,0.6981499513145083,0.6986952848784456,0.6923509539565231,0.8166629215720296,,,,
apnea_binary,transformer,40m,8,test,40.0,320.0,2054,16427,0.6709685274243623,0.6712468933313683,0.6694538324432224,0.7456795178264695,0.7322297955209348,0.7325063785124484,0.7309799976948625,0.8166629215720296,0.6981499513145083,0.6986952848784456,0.6923509539565231,0.8166629215720296,0.7972692928037924,0.8346048507267444,0.7134041740766437,0.7515034645703105
apnea_binary,transformer,40m,all,test,40.0,,2054,27536,0.6744625217896572,0.6752501930071082,0.6732316532140936,0.7507027173475039,0.7414800389483934,0.7418003760264641,0.7398416686405014,0.8248689453908313,0.7161635832521909,0.7166162738109798,0.7124635651644193,0.8248689453908313,,,,
apnea_binary,transformer,40m,all,test,40.0,,2054,27536,0.6744625217896572,0.6752501930071082,0.6732316532140936,0.7507027173475039,0.7414800389483934,0.7418003760264641,0.7398416686405014,0.8248689453908313,0.7161635832521909,0.7166162738109798,0.7124635651644193,0.8248689453908313,0.8058081897049976,0.841906466417105,0.7220352271430492,0.7599767328569279
apnea_binary,transformer,80m,1,test,80.0,80.0,2054,2054,0.6411879259980526,0.6414270991255442,0.6399383960373668,0.7052525189316904,0.6411879259980526,0.6414270991255442,0.6399383960373668,0.7052525189316904,0.6411879259980526,0.6414270991255442,0.6399383960373668,0.7052525189316904,,,,
apnea_binary,transformer,80m,1,test,80.0,80.0,2054,2054,0.6411879259980526,0.6414270991255442,0.6399383960373668,0.7052525189316904,0.6411879259980526,0.6414270991255442,0.6399383960373668,0.7052525189316904,0.6411879259980526,0.6414270991255442,0.6399383960373668,0.7052525189316904,0.6812976115324039,0.7254684439245903,0.6199215787287624,0.6617161477216268
apnea_binary,transformer,80m,10,test,80.0,800.0,2054,13133,0.7023528515952181,0.7028058097804202,0.7021648004361212,0.7816541734630066,0.7590068159688412,0.7591036613751798,0.7588910882448705,0.8467621049517736,0.74634858812074,0.7466955465610077,0.7444509212584718,0.8467621049517736,,,,
apnea_binary,transformer,80m,10,test,80.0,800.0,2054,13133,0.7023528515952181,0.7028058097804202,0.7021648004361212,0.7816541734630066,0.7590068159688412,0.7591036613751798,0.7588910882448705,0.8467621049517736,0.74634858812074,0.7466955465610077,0.7444509212584718,0.8467621049517736,0.8291721471749006,0.8620868471079919,0.7398580822337867,0.7771789066552981
apnea_binary,transformer,80m,12,test,80.0,960.0,2054,13143,0.7021988891425093,0.702654744813414,0.7020144293463906,0.7814897372570684,0.7590068159688412,0.7591036613751798,0.7588910882448705,0.8467052174382983,0.74634858812074,0.7466955465610077,0.7444509212584718,0.8467052174382983,,,,
apnea_binary,transformer,80m,12,test,80.0,960.0,2054,13143,0.7021988891425093,0.702654744813414,0.7020144293463906,0.7814897372570684,0.7590068159688412,0.7591036613751798,0.7588910882448705,0.8467052174382983,0.74634858812074,0.7466955465610077,0.7444509212584718,0.8467052174382983,0.8291140737406966,0.8619936865153885,0.7398580822337867,0.7771789066552981
apnea_binary,transformer,80m,2,test,80.0,160.0,2054,4108,0.6669912366114897,0.6671909799158634,0.6662000382046114,0.7438293640070806,0.7117818889970788,0.7119064617578431,0.7115357425161009,0.7861057937088098,0.6592015579357352,0.6600648707278662,0.642019153394469,0.7861057937088098,,,,
apnea_binary,transformer,80m,2,test,80.0,160.0,2054,4108,0.6669912366114897,0.6671909799158634,0.6662000382046114,0.7438293640070806,0.7117818889970788,0.7119064617578431,0.7115357425161009,0.7861057937088098,0.6592015579357352,0.6600648707278662,0.642019153394469,0.7861057937088098,0.7650618162179433,0.8043047619595506,0.6909665724993483,0.7300183067012219
apnea_binary,transformer,80m,3,test,80.0,240.0,2054,6162,0.6879259980525804,0.6880875018448936,0.6874558183982892,0.7659557096996477,0.7439143135345667,0.7440052412362415,0.7438071949979512,0.8222047135097416,0.7234664070107109,0.7236707995445206,0.7227827792816084,0.8222047135097416,,,,
apnea_binary,transformer,80m,3,test,80.0,240.0,2054,6162,0.6879259980525804,0.6880875018448936,0.6874558183982892,0.7659557096996477,0.7439143135345667,0.7440052412362415,0.7438071949979512,0.8222047135097416,0.7234664070107109,0.7236707995445206,0.7227827792816084,0.8222047135097416,0.8036531676114703,0.8392758832132363,0.724418487712845,0.7623854198323019
apnea_binary,transformer,80m,4,test,80.0,320.0,2054,8213,0.6947522220869353,0.6949141229918396,0.6943223279673443,0.773747010479112,0.7502434274586174,0.7503363474234224,0.7501339200918553,0.8340771375720221,0.7176241480038948,0.7181318519824824,0.7129537533925487,0.8340771375720221,,,,
apnea_binary,transformer,80m,4,test,80.0,320.0,2054,8213,0.6947522220869353,0.6949141229918396,0.6943223279673443,0.773747010479112,0.7502434274586174,0.7503363474234224,0.7501339200918553,0.8340771375720221,0.7176241480038948,0.7181318519824824,0.7129537533925487,0.8340771375720221,0.8161745180480456,0.8500756827728158,0.7299568327690201,0.7697674012308249
apnea_binary,transformer,80m,5,test,80.0,400.0,2054,10210,0.6972575905974535,0.6974512027785861,0.6968220104128438,0.7773288556923942,0.7585199610516066,0.7586338653263969,0.7583529411764707,0.8399668914671575,0.744888023369036,0.7451268733769281,0.7440142932028324,0.8399668914671575,,,,
apnea_binary,transformer,80m,5,test,80.0,400.0,2054,10210,0.6972575905974535,0.6974512027785861,0.6968220104128438,0.7773288556923942,0.7585199610516066,0.7586338653263969,0.7583529411764707,0.8399668914671575,0.744888023369036,0.7451268733769281,0.7440142932028324,0.8399668914671575,0.8213140718800573,0.855537463125064,0.739708726607085,0.7773262632657578
apnea_binary,transformer,80m,6,test,80.0,480.0,2054,11887,0.70185917388744,0.7021302827537541,0.70153624969578,0.7805110048057113,0.7570593962999026,0.7571637971656744,0.7569210592159639,0.8449530820232611,0.7361246348588121,0.7365453919691898,0.7331738674004017,0.8449530820232611,,,,
apnea_binary,transformer,80m,6,test,80.0,480.0,2054,11887,0.70185917388744,0.7021302827537541,0.70153624969578,0.7805110048057113,0.7570593962999026,0.7571637971656744,0.7569210592159639,0.8449530820232611,0.7361246348588121,0.7365453919691898,0.7331738674004017,0.8449530820232611,0.8274124040039808,0.8607442086770997,0.7382504713116308,0.7758221501489023
apnea_binary,transformer,80m,8,test,80.0,640.0,2054,12997,0.7023928598907441,0.7028018883242306,0.7021656237095151,0.7818059331364071,0.759493670886076,0.7595962124293528,0.759362255763632,0.84657532428253,0.7468354430379747,0.747191890116079,0.7448320413436693,0.84657532428253,,,,
apnea_binary,transformer,80m,8,test,80.0,640.0,2054,12997,0.7023928598907441,0.7028018883242306,0.7021656237095151,0.7818059331364071,0.759493670886076,0.7595962124293528,0.759362255763632,0.84657532428253,0.7468354430379747,0.747191890116079,0.7448320413436693,0.84657532428253,0.8290111161359425,0.8619653578135705,0.7407441778325272,0.7777080773596488
apnea_binary,transformer,80m,all,test,80.0,,2054,13143,0.7021988891425093,0.702654744813414,0.7020144293463906,0.7814897372570684,0.7590068159688412,0.7591036613751798,0.7588910882448705,0.8467052174382983,0.74634858812074,0.7466955465610077,0.7444509212584718,0.8467052174382983,,,,
apnea_binary,transformer,80m,all,test,80.0,,2054,13143,0.7021988891425093,0.702654744813414,0.7020144293463906,0.7814897372570684,0.7590068159688412,0.7591036613751798,0.7588910882448705,0.8467052174382983,0.74634858812074,0.7466955465610077,0.7444509212584718,0.8467052174382983,0.8291140737406966,0.8619936865153885,0.7398580822337867,0.7771789066552981
apnea_binary,transformer,120m,1,test,120.0,120.0,2054,2054,0.6703992210321325,0.6705478172735142,0.669982368941237,0.7401947259586257,0.6703992210321325,0.6705478172735142,0.669982368941237,0.7401947259586257,0.6703992210321325,0.6705478172735142,0.669982368941237,0.7401947259586257,,,,
apnea_binary,transformer,120m,1,test,120.0,120.0,2054,2054,0.6703992210321325,0.6705478172735142,0.669982368941237,0.7401947259586257,0.6703992210321325,0.6705478172735142,0.669982368941237,0.7401947259586257,0.6703992210321325,0.6705478172735142,0.669982368941237,0.7401947259586257,0.7168230966904533,0.7603421968290163,0.6493261664534744,0.6902716544348356
apnea_binary,transformer,120m,2,test,120.0,240.0,2054,4108,0.6983933787731256,0.6985186965553662,0.6981314834811625,0.7754979316648225,0.74634858812074,0.7464262789972249,0.7462749167731824,0.8155204306764021,0.6879259980525804,0.6886589053135782,0.6768057971085645,0.8155204306764021,,,,
apnea_binary,transformer,120m,2,test,120.0,240.0,2054,4108,0.6983933787731256,0.6985186965553662,0.6981314834811625,0.7754979316648225,0.74634858812074,0.7464262789972249,0.7462749167731824,0.8155204306764021,0.6879259980525804,0.6886589053135782,0.6768057971085645,0.8155204306764021,0.7967336951706289,0.8327232444086742,0.7270027409875685,0.7651290495303076
apnea_binary,transformer,120m,3,test,120.0,360.0,2054,6149,0.7155635062611807,0.7156798055603691,0.7153755843849808,0.7935255343778518,0.7599805258033107,0.7600280834691522,0.7599599862986259,0.8446534744522918,0.7502434274586174,0.7503780649333041,0.7499930599894512,0.8446534744522918,,,,
apnea_binary,transformer,120m,3,test,120.0,360.0,2054,6149,0.7155635062611807,0.7156798055603691,0.7153755843849808,0.7935255343778518,0.7599805258033107,0.7600280834691522,0.7599599862986259,0.8446534744522918,0.7502434274586174,0.7503780649333041,0.7499930599894512,0.8446534744522918,0.8275565889123813,0.8606810955591485,0.7416243816923949,0.7774660573422331
apnea_binary,transformer,120m,4,test,120.0,480.0,2054,7826,0.7204191157679529,0.7206506103480672,0.7202644822733688,0.7991292703725417,0.7702044790652386,0.7702616730807338,0.7701731012673232,0.8535724884399832,0.749269717624148,0.7496774003923342,0.7466465959401087,0.8535724884399832,,,,
apnea_binary,transformer,120m,4,test,120.0,480.0,2054,7826,0.7204191157679529,0.7206506103480672,0.7202644822733688,0.7991292703725417,0.7702044790652386,0.7702616730807338,0.7701731012673232,0.8535724884399832,0.749269717624148,0.7496774003923342,0.7466465959401087,0.8535724884399832,0.8362756791602765,0.8687018896107329,0.7513913766188509,0.7877056958508115
apnea_binary,transformer,120m,5,test,120.0,600.0,2054,8397,0.7221626771466,0.7224199397285629,0.7220716078914681,0.8015577459054435,0.7726387536514119,0.7726940883444122,0.7726102417819891,0.8561115677914276,0.7555988315481986,0.7558795615489712,0.7544251244179223,0.8561115677914276,,,,
apnea_binary,transformer,120m,5,test,120.0,600.0,2054,8397,0.7221626771466,0.7224199397285629,0.7220716078914681,0.8015577459054435,0.7726387536514119,0.7726940883444122,0.7726102417819891,0.8561115677914276,0.7555988315481986,0.7558795615489712,0.7544251244179223,0.8561115677914276,0.8390691518400448,0.8713884410431905,0.7535892515030218,0.7906539605968526
apnea_binary,transformer,120m,6,test,120.0,720.0,2054,8510,0.7222091656874265,0.7225027587782622,0.7221501735163025,0.8019180635122242,0.7755598831548198,0.7756152621613652,0.7755317376049187,0.8569070448548561,0.7560856864654333,0.7563759051040426,0.754829942151003,0.8569070448548561,,,,
apnea_binary,transformer,120m,6,test,120.0,720.0,2054,8510,0.7222091656874265,0.7225027587782622,0.7221501735163025,0.8019180635122242,0.7755598831548198,0.7756152621613652,0.7755317376049187,0.8569070448548561,0.7560856864654333,0.7563759051040426,0.754829942151003,0.8569070448548561,0.8398703175491372,0.8719742921656749,0.7569792269622192,0.7940751284912808
apnea_binary,transformer,120m,8,test,120.0,960.0,2054,8525,0.7221114369501467,0.722409514158808,0.7220563650007278,0.8017114009429516,0.7755598831548198,0.7756152621613652,0.7755317376049187,0.8568985117278349,0.7560856864654333,0.7563759051040426,0.754829942151003,0.8568985117278349,,,,
apnea_binary,transformer,120m,8,test,120.0,960.0,2054,8525,0.7221114369501467,0.722409514158808,0.7220563650007278,0.8017114009429516,0.7755598831548198,0.7756152621613652,0.7755317376049187,0.8568985117278349,0.7560856864654333,0.7563759051040426,0.754829942151003,0.8568985117278349,0.8398651780224871,0.8721139865679539,0.7569792269622192,0.7940751284912808
apnea_binary,transformer,120m,all,test,120.0,,2054,8525,0.7221114369501467,0.722409514158808,0.7220563650007278,0.8017114009429516,0.7755598831548198,0.7756152621613652,0.7755317376049187,0.8568985117278349,0.7560856864654333,0.7563759051040426,0.754829942151003,0.8568985117278349,,,,
apnea_binary,transformer,120m,all,test,120.0,,2054,8525,0.7221114369501467,0.722409514158808,0.7220563650007278,0.8017114009429516,0.7755598831548198,0.7756152621613652,0.7755317376049187,0.8568985117278349,0.7560856864654333,0.7563759051040426,0.754829942151003,0.8568985117278349,0.8398651780224871,0.8721139865679539,0.7569792269622192,0.7940751284912808
apnea_binary,transformer,240m,1,test,240.0,240.0,2054,2054,0.7234664070107109,0.723610119530147,0.7231448575420691,0.810015615622449,0.7234664070107109,0.723610119530147,0.7231448575420691,0.810015615622449,0.7234664070107109,0.723610119530147,0.7231448575420691,0.810015615622449,,,,
apnea_binary,transformer,240m,1,test,240.0,240.0,2054,2054,0.7234664070107109,0.723610119530147,0.7231448575420691,0.810015615622449,0.7234664070107109,0.723610119530147,0.7231448575420691,0.810015615622449,0.7234664070107109,0.723610119530147,0.7231448575420691,0.810015615622449,0.7892199891342322,0.8275505884070682,0.7031594609241666,0.7430538797829231
apnea_binary,transformer,240m,2,test,240.0,480.0,2054,3731,0.7392120075046904,0.7394941464266993,0.7391573668873848,0.8278512603805511,0.7711781888997079,0.7712202276827914,0.7711643033569902,0.8515501373359389,0.7273612463485881,0.7278804755416877,0.7226393820055113,0.8515501373359389,,,,
apnea_binary,transformer,240m,2,test,240.0,480.0,2054,3731,0.7392120075046904,0.7394941464266993,0.7391573668873848,0.8278512603805511,0.7711781888997079,0.7712202276827914,0.7711643033569902,0.8515501373359389,0.7273612463485881,0.7278804755416877,0.7226393820055113,0.8515501373359389,0.8336505145248516,0.8672079793969357,0.7522502640073491,0.7889122662028423
apnea_binary,transformer,240m,3,test,240.0,720.0,2054,3844,0.7395941727367326,0.7399775791735435,0.7395700443865627,0.8285776178955022,0.7711781888997079,0.7712240201836897,0.77116061472643,0.8535412003075717,0.7336903602726388,0.7341660717180882,0.7298467307751032,0.8535412003075717,,,,
apnea_binary,transformer,240m,3,test,240.0,720.0,2054,3844,0.7395941727367326,0.7399775791735435,0.7395700443865627,0.8285776178955022,0.7711781888997079,0.7712240201836897,0.77116061472643,0.8535412003075717,0.7336903602726388,0.7341660717180882,0.7298467307751032,0.8535412003075717,0.8360119911659178,0.8690258829388684,0.7521090701380818,0.7897904004473
apnea_binary,transformer,240m,4,test,240.0,960.0,2054,3847,0.7395373017936054,0.7399201888215685,0.7395157405800603,0.8285795394635456,0.7716650438169426,0.7717089862360661,0.7716494015707005,0.8537516841074302,0.7336903602726388,0.7341660717180882,0.7298467307751032,0.8537516841074302,,,,
apnea_binary,transformer,240m,4,test,240.0,960.0,2054,3847,0.7395373017936054,0.7399201888215685,0.7395157405800603,0.8285795394635456,0.7716650438169426,0.7717089862360661,0.7716494015707005,0.8537516841074302,0.7336903602726388,0.7341660717180882,0.7298467307751032,0.8537516841074302,0.8362343631664924,0.8695475977602696,0.7527136702484373,0.790242423632833
apnea_binary,transformer,240m,all,test,240.0,,2054,3847,0.7395373017936054,0.7399201888215685,0.7395157405800603,0.8285795394635456,0.7716650438169426,0.7717089862360661,0.7716494015707005,0.8537516841074302,0.7336903602726388,0.7341660717180882,0.7298467307751032,0.8537516841074302,,,,
apnea_binary,transformer,240m,all,test,240.0,,2054,3847,0.7395373017936054,0.7399201888215685,0.7395157405800603,0.8285795394635456,0.7716650438169426,0.7717089862360661,0.7716494015707005,0.8537516841074302,0.7336903602726388,0.7341660717180882,0.7298467307751032,0.8537516841074302,0.8362343631664924,0.8695475977602696,0.7527136702484373,0.790242423632833
bmi_binary,lstm,30s,1,test,0.5,0.5,1856,1856,0.6697198275862069,0.6281876038841746,0.6233854750267716,0.675811663459015,0.6697198275862069,0.6281876038841746,0.6233854750267716,0.675811663459015,0.6697198275862069,0.6281876038841746,0.6233854750267716,0.675811663459015,0.6476440221384339,0.7015091523474144,0.6021199031424955,0.6516922925633946
bmi_binary,lstm,30s,1,test,0.5,0.5,1856,1856,0.6697198275862069,0.6281876038841746,0.6233854750267716,0.675811663459015,0.6697198275862069,0.6281876038841746,0.6233854750267716,0.675811663459015,0.6697198275862069,0.6281876038841746,0.6233854750267716,0.675811663459015,0.6476440221384339,0.7015091523474144,0.6021199031424955,0.6516922925633946
bmi_binary,lstm,30s,1,test_old,0.5,0.5,1856,1856,0.6697198275862069,0.6281876038841746,0.6233854750267716,0.675811663459015,0.6697198275862069,0.6281876038841746,0.6233854750267716,0.675811663459015,0.6697198275862069,0.6281876038841746,0.6233854750267716,0.675811663459015,0.6476440221384339,0.7015091523474144,0.6021199031424955,0.6516922925633946
bmi_binary,lstm,30s,1,test_old,0.5,0.5,1856,1856,0.6697198275862069,0.6281876038841746,0.6233854750267716,0.675811663459015,0.6697198275862069,0.6281876038841746,0.6233854750267716,0.675811663459015,0.6697198275862069,0.6281876038841746,0.6233854750267716,0.675811663459015,0.6476440221384339,0.7015091523474144,0.6021199031424955,0.6516922925633946
bmi_binary,lstm,30s,10,test,0.5,5.0,1856,18560,0.6956357758620689,0.6406105108914355,0.6409200757268625,0.6981749600866066,0.7510775862068966,0.6804085381856355,0.6892262550232824,0.7535799033330418,0.7429956896551724,0.6603151517802467,0.6704092744299811,0.7535799033330418,0.7288924431310296,0.7775127110029518,0.6565859402070673,0.702686317263845
bmi_binary,lstm,30s,10,test,0.5,5.0,1856,18560,0.6956357758620689,0.6406105108914355,0.6409200757268625,0.6981749600866066,0.7510775862068966,0.6804085381856355,0.6892262550232824,0.7535799033330418,0.7429956896551724,0.6603151517802467,0.6704092744299811,0.7535799033330418,0.7288924431310296,0.7775127110029518,0.6565859402070673,0.702686317263845
bmi_binary,lstm,30s,10,test_old,0.5,5.0,1856,18560,0.6956357758620689,0.6406105108914355,0.6409200757268625,0.6981749600866066,0.7510775862068966,0.6804085381856355,0.6892262550232824,0.7535799033330418,0.7429956896551724,0.6603151517802467,0.6704092744299811,0.7535799033330418,0.7288924431310296,0.7775127110029518,0.6565859402070673,0.702686317263845
bmi_binary,lstm,30s,10,test_old,0.5,5.0,1856,18560,0.6956357758620689,0.6406105108914355,0.6409200757268625,0.6981749600866066,0.7510775862068966,0.6804085381856355,0.6892262550232824,0.7535799033330418,0.7429956896551724,0.6603151517802467,0.6704092744299811,0.7535799033330418,0.7288924431310296,0.7775127110029518,0.6565859402070673,0.702686317263845
bmi_binary,lstm,30s,100,test,0.5,50.0,1856,185600,0.7000808189655172,0.6448612872889511,0.6454602559806235,0.7029095531750283,0.7526939655172413,0.683049383256058,0.691798194790296,0.7597391413699589,0.7473060344827587,0.6732624004898959,0.6824068753272292,0.7597391413699589,0.7350267904658727,0.7830022880944625,0.6622890040982841,0.7036875068362851
bmi_binary,lstm,30s,100,test,0.5,50.0,1856,185600,0.7000808189655172,0.6448612872889511,0.6454602559806235,0.7029095531750283,0.7526939655172413,0.683049383256058,0.691798194790296,0.7597391413699589,0.7473060344827587,0.6732624004898959,0.6824068753272292,0.7597391413699589,0.7350267904658727,0.7830022880944625,0.6622890040982841,0.7036875068362851
bmi_binary,lstm,30s,100,test_old,0.5,50.0,1856,185600,0.7000808189655172,0.6448612872889511,0.6454602559806235,0.7029095531750283,0.7526939655172413,0.683049383256058,0.691798194790296,0.7597391413699589,0.7473060344827587,0.6732624004898959,0.6824068753272292,0.7597391413699589,0.7350267904658727,0.7830022880944625,0.6622890040982841,0.7036875068362851
bmi_binary,lstm,30s,100,test_old,0.5,50.0,1856,185600,0.7000808189655172,0.6448612872889511,0.6454602559806235,0.7029095531750283,0.7526939655172413,0.683049383256058,0.691798194790296,0.7597391413699589,0.7473060344827587,0.6732624004898959,0.6824068753272292,0.7597391413699589,0.7350267904658727,0.7830022880944625,0.6622890040982841,0.7036875068362851
bmi_binary,lstm,30s,12,test,0.5,6.0,1856,22272,0.6977819683908046,0.6422142456186394,0.6427856017595346,0.6996317095280012,0.7435344827586207,0.6725133409150555,0.6805738748119866,0.7574058481322719,0.7429956896551724,0.6617914005773773,0.6716824073775334,0.7574058481322719,0.7332526001831772,0.7816346362870086,0.6501711345840137,0.6954895113694783
bmi_binary,lstm,30s,12,test,0.5,6.0,1856,22272,0.6977819683908046,0.6422142456186394,0.6427856017595346,0.6996317095280012,0.7435344827586207,0.6725133409150555,0.6805738748119866,0.7574058481322719,0.7429956896551724,0.6617914005773773,0.6716824073775334,0.7574058481322719,0.7332526001831772,0.7816346362870086,0.6501711345840137,0.6954895113694783
bmi_binary,lstm,30s,12,test_old,0.5,6.0,1856,22272,0.6977819683908046,0.6422142456186394,0.6427856017595346,0.6996317095280012,0.7435344827586207,0.6725133409150555,0.6805738748119866,0.7574058481322719,0.7429956896551724,0.6617914005773773,0.6716824073775334,0.7574058481322719,0.7332526001831772,0.7816346362870086,0.6501711345840137,0.6954895113694783
bmi_binary,lstm,30s,12,test_old,0.5,6.0,1856,22272,0.6977819683908046,0.6422142456186394,0.6427856017595346,0.6996317095280012,0.7435344827586207,0.6725133409150555,0.6805738748119866,0.7574058481322719,0.7429956896551724,0.6617914005773773,0.6716824073775334,0.7574058481322719,0.7332526001831772,0.7816346362870086,0.6501711345840137,0.6954895113694783
bmi_binary,lstm,30s,120,test,0.5,60.0,1856,222720,0.6995599856321839,0.6443195404309917,0.6448960481686727,0.7034336112253988,0.75,0.6811083894672383,0.6893652140288911,0.7602694974192984,0.7462284482758621,0.6744543347038754,0.6829818367757693,0.7602694974192984,0.7356932794211176,0.7836646521582017,0.658676552732729,0.7026208493170704
bmi_binary,lstm,30s,120,test,0.5,60.0,1856,222720,0.6995599856321839,0.6443195404309917,0.6448960481686727,0.7034336112253988,0.75,0.6811083894672383,0.6893652140288911,0.7602694974192984,0.7462284482758621,0.6744543347038754,0.6829818367757693,0.7602694974192984,0.7356932794211176,0.7836646521582017,0.658676552732729,0.7026208493170704
bmi_binary,lstm,30s,120,test_old,0.5,60.0,1856,222720,0.6995599856321839,0.6443195404309917,0.6448960481686727,0.7034336112253988,0.75,0.6811083894672383,0.6893652140288911,0.7602694974192984,0.7462284482758621,0.6744543347038754,0.6829818367757693,0.7602694974192984,0.7356932794211176,0.7836646521582017,0.658676552732729,0.7026208493170704
bmi_binary,lstm,30s,120,test_old,0.5,60.0,1856,222720,0.6995599856321839,0.6443195404309917,0.6448960481686727,0.7034336112253988,0.75,0.6811083894672383,0.6893652140288911,0.7602694974192984,0.7462284482758621,0.6744543347038754,0.6829818367757693,0.7602694974192984,0.7356932794211176,0.7836646521582017,0.658676552732729,0.7026208493170704
bmi_binary,lstm,30s,16,test,0.5,8.0,1856,29696,0.6996901939655172,0.6431380401977079,0.6440814744414198,0.7013419922772026,0.7489224137931034,0.6759032455603184,0.6850158785653934,0.756382042253521,0.7483836206896551,0.6686258857492783,0.6789768171240611,0.756382042253521,0.73134360034889,0.7801874843733503,0.6550191839561383,0.6978848621304865
bmi_binary,lstm,30s,16,test,0.5,8.0,1856,29696,0.6996901939655172,0.6431380401977079,0.6440814744414198,0.7013419922772026,0.7489224137931034,0.6759032455603184,0.6850158785653934,0.756382042253521,0.7483836206896551,0.6686258857492783,0.6789768171240611,0.756382042253521,0.73134360034889,0.7801874843733503,0.6550191839561383,0.6978848621304865
bmi_binary,lstm,30s,16,test_old,0.5,8.0,1856,29696,0.6996901939655172,0.6431380401977079,0.6440814744414198,0.7013419922772026,0.7489224137931034,0.6759032455603184,0.6850158785653934,0.756382042253521,0.7483836206896551,0.6686258857492783,0.6789768171240611,0.756382042253521,0.73134360034889,0.7801874843733503,0.6550191839561383,0.6978848621304865
bmi_binary,lstm,30s,16,test_old,0.5,8.0,1856,29696,0.6996901939655172,0.6431380401977079,0.6440814744414198,0.7013419922772026,0.7489224137931034,0.6759032455603184,0.6850158785653934,0.756382042253521,0.7483836206896551,0.6686258857492783,0.6789768171240611,0.756382042253521,0.73134360034889,0.7801874843733503,0.6550191839561383,0.6978848621304865
bmi_binary,lstm,30s,160,test,0.5,80.0,1856,296960,0.7000235721982758,0.6445131044418686,0.6451899669506436,0.703236913947168,0.7489224137931034,0.6783636602222027,0.6869109416968933,0.7602927346688828,0.7478448275862069,0.6746347651124136,0.6836640153832707,0.7602927346688828,0.7355336374383491,0.7837419193578095,0.6555631586073368,0.7000322084287552
bmi_binary,lstm,30s,160,test,0.5,80.0,1856,296960,0.7000235721982758,0.6445131044418686,0.6451899669506436,0.703236913947168,0.7489224137931034,0.6783636602222027,0.6869109416968933,0.7602927346688828,0.7478448275862069,0.6746347651124136,0.6836640153832707,0.7602927346688828,0.7355336374383491,0.7837419193578095,0.6555631586073368,0.7000322084287552
bmi_binary,lstm,30s,160,test_old,0.5,80.0,1856,296960,0.7000235721982758,0.6445131044418686,0.6451899669506436,0.703236913947168,0.7489224137931034,0.6783636602222027,0.6869109416968933,0.7602927346688828,0.7478448275862069,0.6746347651124136,0.6836640153832707,0.7602927346688828,0.7355336374383491,0.7837419193578095,0.6555631586073368,0.7000322084287552
bmi_binary,lstm,30s,160,test_old,0.5,80.0,1856,296960,0.7000235721982758,0.6445131044418686,0.6451899669506436,0.703236913947168,0.7489224137931034,0.6783636602222027,0.6869109416968933,0.7602927346688828,0.7478448275862069,0.6746347651124136,0.6836640153832707,0.7602927346688828,0.7355336374383491,0.7837419193578095,0.6555631586073368,0.7000322084287552
bmi_binary,lstm,30s,2,test,0.5,1.0,1856,3712,0.671875,0.6120254133496632,0.6124061152037561,0.661875635607121,0.7047413793103449,0.6371817863703964,0.6410123915894752,0.6858501552795031,0.7203663793103449,0.6031679205668795,0.6075855772838431,0.6858501552795031,0.658410718779939,0.7119901149236417,0.6140849621636124,0.660563653146306
bmi_binary,lstm,30s,2,test,0.5,1.0,1856,3712,0.671875,0.6120254133496632,0.6124061152037561,0.661875635607121,0.7047413793103449,0.6371817863703964,0.6410123915894752,0.6858501552795031,0.7203663793103449,0.6031679205668795,0.6075855772838431,0.6858501552795031,0.658410718779939,0.7119901149236417,0.6140849621636124,0.660563653146306
bmi_binary,lstm,30s,2,test_old,0.5,1.0,1856,3712,0.671875,0.6120254133496632,0.6124061152037561,0.661875635607121,0.7047413793103449,0.6371817863703964,0.6410123915894752,0.6858501552795031,0.7203663793103449,0.6031679205668795,0.6075855772838431,0.6858501552795031,0.658410718779939,0.7119901149236417,0.6140849621636124,0.660563653146306
bmi_binary,lstm,30s,2,test_old,0.5,1.0,1856,3712,0.671875,0.6120254133496632,0.6124061152037561,0.661875635607121,0.7047413793103449,0.6371817863703964,0.6410123915894752,0.6858501552795031,0.7203663793103449,0.6031679205668795,0.6075855772838431,0.6858501552795031,0.658410718779939,0.7119901149236417,0.6140849621636124,0.660563653146306
bmi_binary,lstm,30s,20,test,0.5,10.0,1856,37120,0.6978178879310345,0.6417398412212405,0.6424522704268343,0.7006704322401802,0.7467672413793104,0.6758266993263932,0.6842234819689696,0.758786414136996,0.7478448275862069,0.6702060187210217,0.6801202023996288,0.758786414136996,0.7345781821049359,0.7823346044083765,0.653989539337581,0.6969088432838738
bmi_binary,lstm,30s,20,test,0.5,10.0,1856,37120,0.6978178879310345,0.6417398412212405,0.6424522704268343,0.7006704322401802,0.7467672413793104,0.6758266993263932,0.6842234819689696,0.758786414136996,0.7478448275862069,0.6702060187210217,0.6801202023996288,0.758786414136996,0.7345781821049359,0.7823346044083765,0.653989539337581,0.6969088432838738
bmi_binary,lstm,30s,20,test_old,0.5,10.0,1856,37120,0.6978178879310345,0.6417398412212405,0.6424522704268343,0.7006704322401802,0.7467672413793104,0.6758266993263932,0.6842234819689696,0.758786414136996,0.7478448275862069,0.6702060187210217,0.6801202023996288,0.758786414136996,0.7345781821049359,0.7823346044083765,0.653989539337581,0.6969088432838738
bmi_binary,lstm,30s,20,test_old,0.5,10.0,1856,37120,0.6978178879310345,0.6417398412212405,0.6424522704268343,0.7006704322401802,0.7467672413793104,0.6758266993263932,0.6842234819689696,0.758786414136996,0.7478448275862069,0.6702060187210217,0.6801202023996288,0.758786414136996,0.7345781821049359,0.7823346044083765,0.653989539337581,0.6969088432838738
bmi_binary,lstm,30s,200,test,0.5,100.0,1856,371200,0.70015625,0.6448147581139008,0.6454518894196826,0.7037825978629932,0.7516163793103449,0.6812888198757764,0.6900848194024429,0.7611839515352987,0.7462284482758621,0.6744543347038754,0.6829818367757693,0.7611839515352987,0.7363544651278354,0.7845280265025947,0.6583840059388724,0.7034901862532982
bmi_binary,lstm,30s,200,test,0.5,100.0,1856,371200,0.70015625,0.6448147581139008,0.6454518894196826,0.7037825978629932,0.7516163793103449,0.6812888198757764,0.6900848194024429,0.7611839515352987,0.7462284482758621,0.6744543347038754,0.6829818367757693,0.7611839515352987,0.7363544651278354,0.7845280265025947,0.6583840059388724,0.7034901862532982
bmi_binary,lstm,30s,200,test_old,0.5,100.0,1856,371200,0.70015625,0.6448147581139008,0.6454518894196826,0.7037825978629932,0.7516163793103449,0.6812888198757764,0.6900848194024429,0.7611839515352987,0.7462284482758621,0.6744543347038754,0.6829818367757693,0.7611839515352987,0.7363544651278354,0.7845280265025947,0.6583840059388724,0.7034901862532982
bmi_binary,lstm,30s,200,test_old,0.5,100.0,1856,371200,0.70015625,0.6448147581139008,0.6454518894196826,0.7037825978629932,0.7516163793103449,0.6812888198757764,0.6900848194024429,0.7611839515352987,0.7462284482758621,0.6744543347038754,0.6829818367757693,0.7611839515352987,0.7363544651278354,0.7845280265025947,0.6583840059388724,0.7034901862532982
bmi_binary,lstm,30s,25,test,0.5,12.5,1856,46400,0.6988146551724138,0.6441901408450704,0.6445539506435797,0.7013906755751903,0.7489224137931034,0.6793478260869565,0.687656280922135,0.7586674940950048,0.7467672413793104,0.6773029481235238,0.6853483848999544,0.7586674940950048,0.7329645534116637,0.7824445134357175,0.658606350800879,0.7007543192873498
bmi_binary,lstm,30s,25,test,0.5,12.5,1856,46400,0.6988146551724138,0.6441901408450704,0.6445539506435797,0.7013906755751903,0.7489224137931034,0.6793478260869565,0.687656280922135,0.7586674940950048,0.7467672413793104,0.6773029481235238,0.6853483848999544,0.7586674940950048,0.7329645534116637,0.7824445134357175,0.658606350800879,0.7007543192873498
bmi_binary,lstm,30s,25,test_old,0.5,12.5,1856,46400,0.6988146551724138,0.6441901408450704,0.6445539506435797,0.7013906755751903,0.7489224137931034,0.6793478260869565,0.687656280922135,0.7586674940950048,0.7467672413793104,0.6773029481235238,0.6853483848999544,0.7586674940950048,0.7329645534116637,0.7824445134357175,0.658606350800879,0.7007543192873498
bmi_binary,lstm,30s,25,test_old,0.5,12.5,1856,46400,0.6988146551724138,0.6441901408450704,0.6445539506435797,0.7013906755751903,0.7489224137931034,0.6793478260869565,0.687656280922135,0.7586674940950048,0.7467672413793104,0.6773029481235238,0.6853483848999544,0.7586674940950048,0.7329645534116637,0.7824445134357175,0.658606350800879,0.7007543192873498
bmi_binary,lstm,30s,250,test,0.5,125.0,1856,464000,0.7000301724137931,0.6449241973580615,0.6454886265883988,0.7032533840105851,0.7505387931034483,0.681988671157379,0.6902178282068152,0.7602558284489547,0.7478448275862069,0.6756189309771674,0.6844308035714286,0.7602558284489547,0.7358513768916897,0.7837231031910172,0.6594305291041974,0.7035721220609348
bmi_binary,lstm,30s,250,test,0.5,125.0,1856,464000,0.7000301724137931,0.6449241973580615,0.6454886265883988,0.7032533840105851,0.7505387931034483,0.681988671157379,0.6902178282068152,0.7602558284489547,0.7478448275862069,0.6756189309771674,0.6844308035714286,0.7602558284489547,0.7358513768916897,0.7837231031910172,0.6594305291041974,0.7035721220609348
bmi_binary,lstm,30s,250,test_old,0.5,125.0,1856,464000,0.7000301724137931,0.6449241973580615,0.6454886265883988,0.7032533840105851,0.7505387931034483,0.681988671157379,0.6902178282068152,0.7602558284489547,0.7478448275862069,0.6756189309771674,0.6844308035714286,0.7602558284489547,0.7358513768916897,0.7837231031910172,0.6594305291041974,0.7035721220609348
bmi_binary,lstm,30s,250,test_old,0.5,125.0,1856,464000,0.7000301724137931,0.6449241973580615,0.6454886265883988,0.7032533840105851,0.7505387931034483,0.681988671157379,0.6902178282068152,0.7602558284489547,0.7478448275862069,0.6756189309771674,0.6844308035714286,0.7602558284489547,0.7358513768916897,0.7837231031910172,0.6594305291041974,0.7035721220609348
bmi_binary,lstm,30s,3,test,0.5,1.5,1856,5568,0.6848060344827587,0.6300356486746567,0.6297565852177176,0.6793784293927818,0.7311422413793104,0.6581718572303386,0.6653387087623903,0.7239223383780947,0.709051724137931,0.6397952935001312,0.6442768552801944,0.7239223383780947,0.6982411486440193,0.7481303827308222,0.6355621567727716,0.6804086816802244
bmi_binary,lstm,30s,3,test,0.5,1.5,1856,5568,0.6848060344827587,0.6300356486746567,0.6297565852177176,0.6793784293927818,0.7311422413793104,0.6581718572303386,0.6653387087623903,0.7239223383780947,0.709051724137931,0.6397952935001312,0.6442768552801944,0.7239223383780947,0.6982411486440193,0.7481303827308222,0.6355621567727716,0.6804086816802244
bmi_binary,lstm,30s,3,test_old,0.5,1.5,1856,5568,0.6848060344827587,0.6300356486746567,0.6297565852177176,0.6793784293927818,0.7311422413793104,0.6581718572303386,0.6653387087623903,0.7239223383780947,0.709051724137931,0.6397952935001312,0.6442768552801944,0.7239223383780947,0.6982411486440193,0.7481303827308222,0.6355621567727716,0.6804086816802244
bmi_binary,lstm,30s,3,test_old,0.5,1.5,1856,5568,0.6848060344827587,0.6300356486746567,0.6297565852177176,0.6793784293927818,0.7311422413793104,0.6581718572303386,0.6653387087623903,0.7239223383780947,0.709051724137931,0.6397952935001312,0.6442768552801944,0.7239223383780947,0.6982411486440193,0.7481303827308222,0.6355621567727716,0.6804086816802244
bmi_binary,lstm,30s,30,test,0.5,15.0,1856,55680,0.7001975574712643,0.6454555229930307,0.6459265251410542,0.7033456771729409,0.7462284482758621,0.675930583501006,0.6841172982506729,0.7610704990814453,0.7473060344827587,0.6742465663546496,0.6831808862639677,0.7610704990814453,0.7363267469118938,0.7835348551803413,0.653363832941442,0.6971919321172332
bmi_binary,lstm,30s,30,test,0.5,15.0,1856,55680,0.7001975574712643,0.6454555229930307,0.6459265251410542,0.7033456771729409,0.7462284482758621,0.675930583501006,0.6841172982506729,0.7610704990814453,0.7473060344827587,0.6742465663546496,0.6831808862639677,0.7610704990814453,0.7363267469118938,0.7835348551803413,0.653363832941442,0.6971919321172332
bmi_binary,lstm,30s,30,test_old,0.5,15.0,1856,55680,0.7001975574712643,0.6454555229930307,0.6459265251410542,0.7033456771729409,0.7462284482758621,0.675930583501006,0.6841172982506729,0.7610704990814453,0.7473060344827587,0.6742465663546496,0.6831808862639677,0.7610704990814453,0.7363267469118938,0.7835348551803413,0.653363832941442,0.6971919321172332
bmi_binary,lstm,30s,30,test_old,0.5,15.0,1856,55680,0.7001975574712643,0.6454555229930307,0.6459265251410542,0.7033456771729409,0.7462284482758621,0.675930583501006,0.6841172982506729,0.7610704990814453,0.7473060344827587,0.6742465663546496,0.6831808862639677,0.7610704990814453,0.7363267469118938,0.7835348551803413,0.653363832941442,0.6971919321172332
bmi_binary,lstm,30s,320,test,0.5,160.0,1856,593920,0.7000134698275862,0.6447979999562593,0.6453921653097257,0.7034249020415377,0.7510775862068966,0.6809006211180124,0.6895984014248169,0.760274965007436,0.7489224137931034,0.6783636602222027,0.6869109416968933,0.760274965007436,0.7353227300121693,0.783925958465355,0.6592805603729834,0.7027103162390644
bmi_binary,lstm,30s,320,test,0.5,160.0,1856,593920,0.7000134698275862,0.6447979999562593,0.6453921653097257,0.7034249020415377,0.7510775862068966,0.6809006211180124,0.6895984014248169,0.760274965007436,0.7489224137931034,0.6783636602222027,0.6869109416968933,0.760274965007436,0.7353227300121693,0.783925958465355,0.6592805603729834,0.7027103162390644
bmi_binary,lstm,30s,320,test_old,0.5,160.0,1856,593920,0.7000134698275862,0.6447979999562593,0.6453921653097257,0.7034249020415377,0.7510775862068966,0.6809006211180124,0.6895984014248169,0.760274965007436,0.7489224137931034,0.6783636602222027,0.6869109416968933,0.760274965007436,0.7353227300121693,0.783925958465355,0.6592805603729834,0.7027103162390644
bmi_binary,lstm,30s,320,test_old,0.5,160.0,1856,593920,0.7000134698275862,0.6447979999562593,0.6453921653097257,0.7034249020415377,0.7510775862068966,0.6809006211180124,0.6895984014248169,0.760274965007436,0.7489224137931034,0.6783636602222027,0.6869109416968933,0.760274965007436,0.7353227300121693,0.783925958465355,0.6592805603729834,0.7027103162390644
bmi_binary,lstm,30s,4,test,0.5,2.0,1856,7424,0.689520474137931,0.6327352703175575,0.6332039003723087,0.6884895480218266,0.7419181034482759,0.673317076371271,0.6806399386155522,0.7375489349138308,0.7327586206896551,0.6317798092905258,0.6410858624846582,0.7375489349138308,0.7124717501165455,0.7613226773131931,0.6520887927883612,0.694495044048288
bmi_binary,lstm,30s,4,test,0.5,2.0,1856,7424,0.689520474137931,0.6327352703175575,0.6332039003723087,0.6884895480218266,0.7419181034482759,0.673317076371271,0.6806399386155522,0.7375489349138308,0.7327586206896551,0.6317798092905258,0.6410858624846582,0.7375489349138308,0.7124717501165455,0.7613226773131931,0.6520887927883612,0.694495044048288
bmi_binary,lstm,30s,4,test_old,0.5,2.0,1856,7424,0.689520474137931,0.6327352703175575,0.6332039003723087,0.6884895480218266,0.7419181034482759,0.673317076371271,0.6806399386155522,0.7375489349138308,0.7327586206896551,0.6317798092905258,0.6410858624846582,0.7375489349138308,0.7124717501165455,0.7613226773131931,0.6520887927883612,0.694495044048288
bmi_binary,lstm,30s,4,test_old,0.5,2.0,1856,7424,0.689520474137931,0.6327352703175575,0.6332039003723087,0.6884895480218266,0.7419181034482759,0.673317076371271,0.6806399386155522,0.7375489349138308,0.7327586206896551,0.6317798092905258,0.6410858624846582,0.7375489349138308,0.7124717501165455,0.7613226773131931,0.6520887927883612,0.694495044048288
bmi_binary,lstm,30s,40,test,0.5,20.0,1856,74240,0.6987742456896552,0.6441388822062811,0.6445036115119789,0.7030815027734341,0.7510775862068966,0.6813927040503893,0.689968760846928,0.7604895678418335,0.7446120689655172,0.671321406701076,0.6799976720331153,0.7604895678418335,0.7361185449928762,0.7837383260846755,0.6587906448613041,0.7033358983921629
bmi_binary,lstm,30s,40,test,0.5,20.0,1856,74240,0.6987742456896552,0.6441388822062811,0.6445036115119789,0.7030815027734341,0.7510775862068966,0.6813927040503893,0.689968760846928,0.7604895678418335,0.7446120689655172,0.671321406701076,0.6799976720331153,0.7604895678418335,0.7361185449928762,0.7837383260846755,0.6587906448613041,0.7033358983921629
bmi_binary,lstm,30s,40,test_old,0.5,20.0,1856,74240,0.6987742456896552,0.6441388822062811,0.6445036115119789,0.7030815027734341,0.7510775862068966,0.6813927040503893,0.689968760846928,0.7604895678418335,0.7446120689655172,0.671321406701076,0.6799976720331153,0.7604895678418335,0.7361185449928762,0.7837383260846755,0.6587906448613041,0.7033358983921629
bmi_binary,lstm,30s,40,test_old,0.5,20.0,1856,74240,0.6987742456896552,0.6441388822062811,0.6445036115119789,0.7030815027734341,0.7510775862068966,0.6813927040503893,0.689968760846928,0.7604895678418335,0.7446120689655172,0.671321406701076,0.6799976720331153,0.7604895678418335,0.7361185449928762,0.7837383260846755,0.6587906448613041,0.7033358983921629
bmi_binary,lstm,30s,400,test,0.5,200.0,1856,742400,0.7003071120689656,0.6451202869390255,0.6457224469122436,0.7034675642381805,0.7510775862068966,0.6809006211180124,0.6895984014248169,0.7605784161490684,0.7473060344827587,0.6752307322194033,0.6839474615810542,0.7605784161490684,0.7360469460717216,0.7840296207502527,0.6594731807540735,0.7023517679540575
bmi_binary,lstm,30s,400,test,0.5,200.0,1856,742400,0.7003071120689656,0.6451202869390255,0.6457224469122436,0.7034675642381805,0.7510775862068966,0.6809006211180124,0.6895984014248169,0.7605784161490684,0.7473060344827587,0.6752307322194033,0.6839474615810542,0.7605784161490684,0.7360469460717216,0.7840296207502527,0.6594731807540735,0.7023517679540575
bmi_binary,lstm,30s,400,test_old,0.5,200.0,1856,742400,0.7003071120689656,0.6451202869390255,0.6457224469122436,0.7034675642381805,0.7510775862068966,0.6809006211180124,0.6895984014248169,0.7605784161490684,0.7473060344827587,0.6752307322194033,0.6839474615810542,0.7605784161490684,0.7360469460717216,0.7840296207502527,0.6594731807540735,0.7023517679540575
bmi_binary,lstm,30s,400,test_old,0.5,200.0,1856,742400,0.7003071120689656,0.6451202869390255,0.6457224469122436,0.7034675642381805,0.7510775862068966,0.6809006211180124,0.6895984014248169,0.7605784161490684,0.7473060344827587,0.6752307322194033,0.6839474615810542,0.7605784161490684,0.7360469460717216,0.7840296207502527,0.6594731807540735,0.7023517679540575
bmi_binary,lstm,30s,5,test,0.5,2.5,1856,9280,0.6952586206896552,0.6416673956784184,0.6415556307304464,0.6921821144256846,0.7376077586206896,0.6697194033767825,0.6764359383093603,0.7467413174700377,0.7295258620689655,0.6624201732131922,0.6681856968046234,0.7467413174700377,0.7230563556723697,0.7702018266450628,0.6480679751487314,0.6920920121755244
bmi_binary,lstm,30s,5,test,0.5,2.5,1856,9280,0.6952586206896552,0.6416673956784184,0.6415556307304464,0.6921821144256846,0.7376077586206896,0.6697194033767825,0.6764359383093603,0.7467413174700377,0.7295258620689655,0.6624201732131922,0.6681856968046234,0.7467413174700377,0.7230563556723697,0.7702018266450628,0.6480679751487314,0.6920920121755244
bmi_binary,lstm,30s,5,test_old,0.5,2.5,1856,9280,0.6952586206896552,0.6416673956784184,0.6415556307304464,0.6921821144256846,0.7376077586206896,0.6697194033767825,0.6764359383093603,0.7467413174700377,0.7295258620689655,0.6624201732131922,0.6681856968046234,0.7467413174700377,0.7230563556723697,0.7702018266450628,0.6480679751487314,0.6920920121755244
bmi_binary,lstm,30s,5,test_old,0.5,2.5,1856,9280,0.6952586206896552,0.6416673956784184,0.6415556307304464,0.6921821144256846,0.7376077586206896,0.6697194033767825,0.6764359383093603,0.7467413174700377,0.7295258620689655,0.6624201732131922,0.6681856968046234,0.7467413174700377,0.7230563556723697,0.7702018266450628,0.6480679751487314,0.6920920121755244
bmi_binary,lstm,30s,50,test,0.5,25.0,1856,92800,0.7010560344827587,0.6456967894322456,0.6463883423231318,0.7032554722355875,0.7494612068965517,0.6782597760475899,0.6870202847149315,0.7606604299711311,0.75,0.6756954772110927,0.6852135338763611,0.7606604299711311,0.736435269171602,0.7848122714419363,0.6567288966481003,0.6999853444781321
bmi_binary,lstm,30s,50,test,0.5,25.0,1856,92800,0.7010560344827587,0.6456967894322456,0.6463883423231318,0.7032554722355875,0.7494612068965517,0.6782597760475899,0.6870202847149315,0.7606604299711311,0.75,0.6756954772110927,0.6852135338763611,0.7606604299711311,0.736435269171602,0.7848122714419363,0.6567288966481003,0.6999853444781321
bmi_binary,lstm,30s,50,test_old,0.5,25.0,1856,92800,0.7010560344827587,0.6456967894322456,0.6463883423231318,0.7032554722355875,0.7494612068965517,0.6782597760475899,0.6870202847149315,0.7606604299711311,0.75,0.6756954772110927,0.6852135338763611,0.7606604299711311,0.736435269171602,0.7848122714419363,0.6567288966481003,0.6999853444781321
bmi_binary,lstm,30s,50,test_old,0.5,25.0,1856,92800,0.7010560344827587,0.6456967894322456,0.6463883423231318,0.7032554722355875,0.7494612068965517,0.6782597760475899,0.6870202847149315,0.7606604299711311,0.75,0.6756954772110927,0.6852135338763611,0.7606604299711311,0.736435269171602,0.7848122714419363,0.6567288966481003,0.6999853444781321
bmi_binary,lstm,30s,500,test,0.5,250.0,1856,928000,0.7002823275862069,0.6452092117924941,0.6457781360307455,0.7037062769224041,0.7516163793103449,0.6817809028081533,0.6904552675344804,0.7606658975592686,0.7483836206896551,0.677483378532062,0.6860512161842534,0.7606658975592686,0.7360013633415615,0.784482156077561,0.6595758511500005,0.7031952746231903
bmi_binary,lstm,30s,500,test,0.5,250.0,1856,928000,0.7002823275862069,0.6452092117924941,0.6457781360307455,0.7037062769224041,0.7516163793103449,0.6817809028081533,0.6904552675344804,0.7606658975592686,0.7483836206896551,0.677483378532062,0.6860512161842534,0.7606658975592686,0.7360013633415615,0.784482156077561,0.6595758511500005,0.7031952746231903
bmi_binary,lstm,30s,500,test_old,0.5,250.0,1856,928000,0.7002823275862069,0.6452092117924941,0.6457781360307455,0.7037062769224041,0.7516163793103449,0.6817809028081533,0.6904552675344804,0.7606658975592686,0.7483836206896551,0.677483378532062,0.6860512161842534,0.7606658975592686,0.7360013633415615,0.784482156077561,0.6595758511500005,0.7031952746231903
bmi_binary,lstm,30s,500,test_old,0.5,250.0,1856,928000,0.7002823275862069,0.6452092117924941,0.6457781360307455,0.7037062769224041,0.7516163793103449,0.6817809028081533,0.6904552675344804,0.7606658975592686,0.7483836206896551,0.677483378532062,0.6860512161842534,0.7606658975592686,0.7360013633415615,0.784482156077561,0.6595758511500005,0.7031952746231903
bmi_binary,lstm,30s,6,test,0.5,3.0,1856,11136,0.6968390804597702,0.639279517685825,0.6403312059743358,0.6996062273398848,0.7446120689655172,0.6698451579039454,0.6788242715951307,0.7552331652961246,0.7332974137931034,0.6405334178986966,0.6501061998064523,0.7552331652961246,0.7316488404020544,0.7784045509965208,0.6472882439184752,0.6917350181851263
bmi_binary,lstm,30s,6,test,0.5,3.0,1856,11136,0.6968390804597702,0.639279517685825,0.6403312059743358,0.6996062273398848,0.7446120689655172,0.6698451579039454,0.6788242715951307,0.7552331652961246,0.7332974137931034,0.6405334178986966,0.6501061998064523,0.7552331652961246,0.7316488404020544,0.7784045509965208,0.6472882439184752,0.6917350181851263
bmi_binary,lstm,30s,6,test_old,0.5,3.0,1856,11136,0.6968390804597702,0.639279517685825,0.6403312059743358,0.6996062273398848,0.7446120689655172,0.6698451579039454,0.6788242715951307,0.7552331652961246,0.7332974137931034,0.6405334178986966,0.6501061998064523,0.7552331652961246,0.7316488404020544,0.7784045509965208,0.6472882439184752,0.6917350181851263
bmi_binary,lstm,30s,6,test_old,0.5,3.0,1856,11136,0.6968390804597702,0.639279517685825,0.6403312059743358,0.6996062273398848,0.7446120689655172,0.6698451579039454,0.6788242715951307,0.7552331652961246,0.7332974137931034,0.6405334178986966,0.6501061998064523,0.7552331652961246,0.7316488404020544,0.7784045509965208,0.6472882439184752,0.6917350181851263
bmi_binary,lstm,30s,60,test,0.5,30.0,1856,111360,0.6994073275862069,0.6444678943224564,0.6449519618009651,0.7032277050360739,0.7478448275862069,0.6775872627066748,0.6859423811176675,0.7603679140057737,0.7435344827586207,0.6685766774560405,0.6774690997453212,0.7603679140057737,0.7356238833044414,0.7836386598822891,0.6554484910452817,0.6994184945819605
bmi_binary,lstm,30s,60,test,0.5,30.0,1856,111360,0.6994073275862069,0.6444678943224564,0.6449519618009651,0.7032277050360739,0.7478448275862069,0.6775872627066748,0.6859423811176675,0.7603679140057737,0.7435344827586207,0.6685766774560405,0.6774690997453212,0.7603679140057737,0.7356238833044414,0.7836386598822891,0.6554484910452817,0.6994184945819605
bmi_binary,lstm,30s,60,test_old,0.5,30.0,1856,111360,0.6994073275862069,0.6444678943224564,0.6449519618009651,0.7032277050360739,0.7478448275862069,0.6775872627066748,0.6859423811176675,0.7603679140057737,0.7435344827586207,0.6685766774560405,0.6774690997453212,0.7603679140057737,0.7356238833044414,0.7836386598822891,0.6554484910452817,0.6994184945819605
bmi_binary,lstm,30s,60,test_old,0.5,30.0,1856,111360,0.6994073275862069,0.6444678943224564,0.6449519618009651,0.7032277050360739,0.7478448275862069,0.6775872627066748,0.6859423811176675,0.7603679140057737,0.7435344827586207,0.6685766774560405,0.6774690997453212,0.7603679140057737,0.7356238833044414,0.7836386598822891,0.6554484910452817,0.6994184945819605
bmi_binary,lstm,30s,8,test,0.5,4.0,1856,14848,0.6968615301724138,0.6406694241536174,0.6413611696571272,0.6955672874714318,0.7386853448275862,0.6660670545009185,0.673950406529685,0.7510156044965445,0.7376077586206896,0.6534806666083457,0.6630620884833298,0.7510156044965445,0.7258071925191438,0.775023088789183,0.6441126944933798,0.6880709998133979
bmi_binary,lstm,30s,8,test,0.5,4.0,1856,14848,0.6968615301724138,0.6406694241536174,0.6413611696571272,0.6955672874714318,0.7386853448275862,0.6660670545009185,0.673950406529685,0.7510156044965445,0.7376077586206896,0.6534806666083457,0.6630620884833298,0.7510156044965445,0.7258071925191438,0.775023088789183,0.6441126944933798,0.6880709998133979
bmi_binary,lstm,30s,8,test_old,0.5,4.0,1856,14848,0.6968615301724138,0.6406694241536174,0.6413611696571272,0.6955672874714318,0.7386853448275862,0.6660670545009185,0.673950406529685,0.7510156044965445,0.7376077586206896,0.6534806666083457,0.6630620884833298,0.7510156044965445,0.7258071925191438,0.775023088789183,0.6441126944933798,0.6880709998133979
bmi_binary,lstm,30s,8,test_old,0.5,4.0,1856,14848,0.6968615301724138,0.6406694241536174,0.6413611696571272,0.6955672874714318,0.7386853448275862,0.6660670545009185,0.673950406529685,0.7510156044965445,0.7376077586206896,0.6534806666083457,0.6630620884833298,0.7510156044965445,0.7258071925191438,0.775023088789183,0.6441126944933798,0.6880709998133979
bmi_binary,lstm,30s,80,test,0.5,40.0,1856,148480,0.6997440732758621,0.6437612085556819,0.6445529095671716,0.7026801979292535,0.7494612068965517,0.6787518589799668,0.6873957505903165,0.7598402917505032,0.7456896551724138,0.6735740530137346,0.6821175135240269,0.7598402917505032,0.7348531323609379,0.7833028380804699,0.655823543215293,0.7014107520997168
bmi_binary,lstm,30s,80,test,0.5,40.0,1856,148480,0.6997440732758621,0.6437612085556819,0.6445529095671716,0.7026801979292535,0.7494612068965517,0.6787518589799668,0.6873957505903165,0.7598402917505032,0.7456896551724138,0.6735740530137346,0.6821175135240269,0.7598402917505032,0.7348531323609379,0.7833028380804699,0.655823543215293,0.7014107520997168
bmi_binary,lstm,30s,80,test_old,0.5,40.0,1856,148480,0.6997440732758621,0.6437612085556819,0.6445529095671716,0.7026801979292535,0.7494612068965517,0.6787518589799668,0.6873957505903165,0.7598402917505032,0.7456896551724138,0.6735740530137346,0.6821175135240269,0.7598402917505032,0.7348531323609379,0.7833028380804699,0.655823543215293,0.7014107520997168
bmi_binary,lstm,30s,80,test_old,0.5,40.0,1856,148480,0.6997440732758621,0.6437612085556819,0.6445529095671716,0.7026801979292535,0.7494612068965517,0.6787518589799668,0.6873957505903165,0.7598402917505032,0.7456896551724138,0.6735740530137346,0.6821175135240269,0.7598402917505032,0.7348531323609379,0.7833028380804699,0.655823543215293,0.7014107520997168
bmi_binary,lstm,30s,all,test,0.5,,1856,2077920,0.7032041657041657,0.643393750345338,0.6446631757638299,0.702209425490982,0.7516163793103449,0.6817809028081533,0.6904552675344804,0.7604130216079084,0.7489224137931034,0.6788557431545796,0.6872845076940877,0.7604130216079084,0.7357869089741167,0.7840391779327694,0.659799103035638,0.7034170043662212
bmi_binary,lstm,30s,all,test,0.5,,1856,2077920,0.7032041657041657,0.643393750345338,0.6446631757638299,0.702209425490982,0.7516163793103449,0.6817809028081533,0.6904552675344804,0.7604130216079084,0.7489224137931034,0.6788557431545796,0.6872845076940877,0.7604130216079084,0.7357869089741167,0.7840391779327694,0.659799103035638,0.7034170043662212
bmi_binary,lstm,30s,all,test_old,0.5,,1856,2077920,0.7032041657041657,0.643393750345338,0.6446631757638299,0.702209425490982,0.7516163793103449,0.6817809028081533,0.6904552675344804,0.7604130216079084,0.7489224137931034,0.6788557431545796,0.6872845076940877,0.7604130216079084,0.7357869089741167,0.7840391779327694,0.659799103035638,0.7034170043662212
bmi_binary,lstm,30s,all,test_old,0.5,,1856,2077920,0.7032041657041657,0.643393750345338,0.6446631757638299,0.702209425490982,0.7516163793103449,0.6817809028081533,0.6904552675344804,0.7604130216079084,0.7489224137931034,0.6788557431545796,0.6872845076940877,0.7604130216079084,0.7357869089741167,0.7840391779327694,0.659799103035638,0.7034170043662212
bmi_binary,lstm,10m,1,test,10.0,10.0,1856,1856,0.6007543103448276,0.626722290263319,0.5879641932562308,0.6775325868252996,0.6007543103448276,0.626722290263319,0.5879641932562308,0.6775325868252996,0.6007543103448276,0.626722290263319,0.5879641932562308,0.6775325868252996,0.6478578212499516,0.7039578070875212,0.6023318270073891,0.6514613507502126
bmi_binary,lstm,10m,1,test,10.0,10.0,1856,1856,0.6007543103448276,0.626722290263319,0.5879641932562308,0.6775325868252996,0.6007543103448276,0.626722290263319,0.5879641932562308,0.6775325868252996,0.6007543103448276,0.626722290263319,0.5879641932562308,0.6775325868252996,0.6478578212499516,0.7039578070875212,0.6023318270073891,0.6514613507502126
bmi_binary,lstm,10m,1,test_old,10.0,10.0,1856,1856,0.6007543103448276,0.626722290263319,0.5879641932562308,0.6775325868252996,0.6007543103448276,0.626722290263319,0.5879641932562308,0.6775325868252996,0.6007543103448276,0.626722290263319,0.5879641932562308,0.6775325868252996,0.6478578212499516,0.7039578070875212,0.6023318270073891,0.6514613507502126
bmi_binary,lstm,10m,1,test_old,10.0,10.0,1856,1856,0.6007543103448276,0.626722290263319,0.5879641932562308,0.6775325868252996,0.6007543103448276,0.626722290263319,0.5879641932562308,0.6775325868252996,0.6007543103448276,0.626722290263319,0.5879641932562308,0.6775325868252996,0.6478578212499516,0.7039578070875212,0.6023318270073891,0.6514613507502126
bmi_binary,lstm,10m,10,test,10.0,100.0,1856,18560,0.6295797413793104,0.646802007698364,0.6130773910624777,0.7050059049951886,0.6767241379310345,0.6922841396203308,0.6589238459276683,0.7615844523663721,0.6875,0.6867618756014346,0.6632561002924237,0.7615844523663721,0.7384917247441972,0.7845527776506674,0.6708956238681442,0.7129959495410837
bmi_binary,lstm,10m,10,test,10.0,100.0,1856,18560,0.6295797413793104,0.646802007698364,0.6130773910624777,0.7050059049951886,0.6767241379310345,0.6922841396203308,0.6589238459276683,0.7615844523663721,0.6875,0.6867618756014346,0.6632561002924237,0.7615844523663721,0.7384917247441972,0.7845527776506674,0.6708956238681442,0.7129959495410837
bmi_binary,lstm,10m,10,test_old,10.0,100.0,1856,18560,0.6295797413793104,0.646802007698364,0.6130773910624777,0.7050059049951886,0.6767241379310345,0.6922841396203308,0.6589238459276683,0.7615844523663721,0.6875,0.6867618756014346,0.6632561002924237,0.7615844523663721,0.7384917247441972,0.7845527776506674,0.6708956238681442,0.7129959495410837
bmi_binary,lstm,10m,10,test_old,10.0,100.0,1856,18560,0.6295797413793104,0.646802007698364,0.6130773910624777,0.7050059049951886,0.6767241379310345,0.6922841396203308,0.6589238459276683,0.7615844523663721,0.6875,0.6867618756014346,0.6632561002924237,0.7615844523663721,0.7384917247441972,0.7845527776506674,0.6708956238681442,0.7129959495410837
bmi_binary,lstm,10m,100,test,10.0,1000.0,1856,103418,0.6306155601539384,0.6462809687748927,0.6124042266905598,0.7049701175442293,0.6783405172413793,0.6944329017583764,0.6607172438542757,0.7623403464263845,0.6751077586206896,0.6881670457527775,0.6564067754149441,0.7623403464263845,0.7393432063911163,0.7855110917371118,0.6726614972820271,0.7160425227372315
bmi_binary,lstm,10m,100,test,10.0,1000.0,1856,103418,0.6306155601539384,0.6462809687748927,0.6124042266905598,0.7049701175442293,0.6783405172413793,0.6944329017583764,0.6607172438542757,0.7623403464263845,0.6751077586206896,0.6881670457527775,0.6564067754149441,0.7623403464263845,0.7393432063911163,0.7855110917371118,0.6726614972820271,0.7160425227372315
bmi_binary,lstm,10m,100,test_old,10.0,1000.0,1856,103418,0.6306155601539384,0.6462809687748927,0.6124042266905598,0.7049701175442293,0.6783405172413793,0.6944329017583764,0.6607172438542757,0.7623403464263845,0.6751077586206896,0.6881670457527775,0.6564067754149441,0.7623403464263845,0.7393432063911163,0.7855110917371118,0.6726614972820271,0.7160425227372315
bmi_binary,lstm,10m,100,test_old,10.0,1000.0,1856,103418,0.6306155601539384,0.6462809687748927,0.6124042266905598,0.7049701175442293,0.6783405172413793,0.6944329017583764,0.6607172438542757,0.7623403464263845,0.6751077586206896,0.6881670457527775,0.6564067754149441,0.7623403464263845,0.7393432063911163,0.7855110917371118,0.6726614972820271,0.7160425227372315
bmi_binary,lstm,10m,12,test,10.0,120.0,1856,22272,0.6298042385057471,0.6462584383110255,0.6130152650164677,0.7020245861871106,0.6799568965517241,0.696089580964045,0.6623346074683917,0.7571393032105677,0.6869612068965517,0.6883420085731782,0.6636102588738823,0.7571393032105677,0.7331411660406264,0.780325481003507,0.6751001590260789,0.7162725598568818
bmi_binary,lstm,10m,12,test,10.0,120.0,1856,22272,0.6298042385057471,0.6462584383110255,0.6130152650164677,0.7020245861871106,0.6799568965517241,0.696089580964045,0.6623346074683917,0.7571393032105677,0.6869612068965517,0.6883420085731782,0.6636102588738823,0.7571393032105677,0.7331411660406264,0.780325481003507,0.6751001590260789,0.7162725598568818
bmi_binary,lstm,10m,12,test_old,10.0,120.0,1856,22272,0.6298042385057471,0.6462584383110255,0.6130152650164677,0.7020245861871106,0.6799568965517241,0.696089580964045,0.6623346074683917,0.7571393032105677,0.6869612068965517,0.6883420085731782,0.6636102588738823,0.7571393032105677,0.7331411660406264,0.780325481003507,0.6751001590260789,0.7162725598568818
bmi_binary,lstm,10m,12,test_old,10.0,120.0,1856,22272,0.6298042385057471,0.6462584383110255,0.6130152650164677,0.7020245861871106,0.6799568965517241,0.696089580964045,0.6623346074683917,0.7571393032105677,0.6869612068965517,0.6883420085731782,0.6636102588738823,0.7571393032105677,0.7331411660406264,0.780325481003507,0.6751001590260789,0.7162725598568818
bmi_binary,lstm,10m,16,test,10.0,160.0,1856,29696,0.628838900862069,0.6454809017146357,0.6121386102703448,0.7044021757284535,0.6761853448275862,0.6928801067273205,0.658795873576667,0.7610089887148981,0.6918103448275862,0.6962645437844458,0.6697196559413827,0.7610089887148981,0.7371822842726151,0.7839122744340545,0.6710701576749403,0.7141703447768304
bmi_binary,lstm,10m,16,test,10.0,160.0,1856,29696,0.628838900862069,0.6454809017146357,0.6121386102703448,0.7044021757284535,0.6761853448275862,0.6928801067273205,0.658795873576667,0.7610089887148981,0.6918103448275862,0.6962645437844458,0.6697196559413827,0.7610089887148981,0.7371822842726151,0.7839122744340545,0.6710701576749403,0.7141703447768304
bmi_binary,lstm,10m,16,test_old,10.0,160.0,1856,29696,0.628838900862069,0.6454809017146357,0.6121386102703448,0.7044021757284535,0.6761853448275862,0.6928801067273205,0.658795873576667,0.7610089887148981,0.6918103448275862,0.6962645437844458,0.6697196559413827,0.7610089887148981,0.7371822842726151,0.7839122744340545,0.6710701576749403,0.7141703447768304
bmi_binary,lstm,10m,16,test_old,10.0,160.0,1856,29696,0.628838900862069,0.6454809017146357,0.6121386102703448,0.7044021757284535,0.6761853448275862,0.6928801067273205,0.658795873576667,0.7610089887148981,0.6918103448275862,0.6962645437844458,0.6697196559413827,0.7610089887148981,0.7371822842726151,0.7839122744340545,0.6710701576749403,0.7141703447768304
bmi_binary,lstm,10m,2,test,10.0,20.0,1856,3712,0.5988685344827587,0.60887881637652,0.5802889258798496,0.6578099712404865,0.6336206896551724,0.6464657510279066,0.6153977425095687,0.6899932201907094,0.6681034482758621,0.6009426121949085,0.602500504133898,0.6899932201907094,0.6607611239715604,0.7168966142763724,0.6216147872776923,0.6684138314770881
bmi_binary,lstm,10m,2,test,10.0,20.0,1856,3712,0.5988685344827587,0.60887881637652,0.5802889258798496,0.6578099712404865,0.6336206896551724,0.6464657510279066,0.6153977425095687,0.6899932201907094,0.6681034482758621,0.6009426121949085,0.602500504133898,0.6899932201907094,0.6607611239715604,0.7168966142763724,0.6216147872776923,0.6684138314770881
bmi_binary,lstm,10m,2,test_old,10.0,20.0,1856,3712,0.5988685344827587,0.60887881637652,0.5802889258798496,0.6578099712404865,0.6336206896551724,0.6464657510279066,0.6153977425095687,0.6899932201907094,0.6681034482758621,0.6009426121949085,0.602500504133898,0.6899932201907094,0.6607611239715604,0.7168966142763724,0.6216147872776923,0.6684138314770881
bmi_binary,lstm,10m,2,test_old,10.0,20.0,1856,3712,0.5988685344827587,0.60887881637652,0.5802889258798496,0.6578099712404865,0.6336206896551724,0.6464657510279066,0.6153977425095687,0.6899932201907094,0.6681034482758621,0.6009426121949085,0.602500504133898,0.6899932201907094,0.6607611239715604,0.7168966142763724,0.6216147872776923,0.6684138314770881
bmi_binary,lstm,10m,20,test,10.0,200.0,1856,37120,0.6307650862068965,0.6472623786195433,0.6139728615306954,0.7064258854758989,0.6724137931034483,0.6911468812877264,0.6557796302442263,0.7628912059312395,0.6853448275862069,0.6911140757589012,0.6637843860543775,0.7628912059312395,0.7390978410182804,0.7855658420191912,0.6695268130206392,0.7114393025225859
bmi_binary,lstm,10m,20,test,10.0,200.0,1856,37120,0.6307650862068965,0.6472623786195433,0.6139728615306954,0.7064258854758989,0.6724137931034483,0.6911468812877264,0.6557796302442263,0.7628912059312395,0.6853448275862069,0.6911140757589012,0.6637843860543775,0.7628912059312395,0.7390978410182804,0.7855658420191912,0.6695268130206392,0.7114393025225859
bmi_binary,lstm,10m,20,test_old,10.0,200.0,1856,37120,0.6307650862068965,0.6472623786195433,0.6139728615306954,0.7064258854758989,0.6724137931034483,0.6911468812877264,0.6557796302442263,0.7628912059312395,0.6853448275862069,0.6911140757589012,0.6637843860543775,0.7628912059312395,0.7390978410182804,0.7855658420191912,0.6695268130206392,0.7114393025225859
bmi_binary,lstm,10m,20,test_old,10.0,200.0,1856,37120,0.6307650862068965,0.6472623786195433,0.6139728615306954,0.7064258854758989,0.6724137931034483,0.6911468812877264,0.6557796302442263,0.7628912059312395,0.6853448275862069,0.6911140757589012,0.6637843860543775,0.7628912059312395,0.7390978410182804,0.7855658420191912,0.6695268130206392,0.7114393025225859
bmi_binary,lstm,10m,25,test,10.0,250.0,1856,46400,0.6302155172413794,0.6468664158866241,0.6134908113864723,0.7049677554457178,0.6707974137931034,0.688013953284927,0.6536474773583631,0.7604143885049428,0.6772629310344828,0.691196089580964,0.6588669750458349,0.7604143885049428,0.7367655916496371,0.7835252987902088,0.6654384757439675,0.7093344070523253
bmi_binary,lstm,10m,25,test,10.0,250.0,1856,46400,0.6302155172413794,0.6468664158866241,0.6134908113864723,0.7049677554457178,0.6707974137931034,0.688013953284927,0.6536474773583631,0.7604143885049428,0.6772629310344828,0.691196089580964,0.6588669750458349,0.7604143885049428,0.7367655916496371,0.7835252987902088,0.6654384757439675,0.7093344070523253
bmi_binary,lstm,10m,25,test_old,10.0,250.0,1856,46400,0.6302155172413794,0.6468664158866241,0.6134908113864723,0.7049677554457178,0.6707974137931034,0.688013953284927,0.6536474773583631,0.7604143885049428,0.6772629310344828,0.691196089580964,0.6588669750458349,0.7604143885049428,0.7367655916496371,0.7835252987902088,0.6654384757439675,0.7093344070523253
bmi_binary,lstm,10m,25,test_old,10.0,250.0,1856,46400,0.6302155172413794,0.6468664158866241,0.6134908113864723,0.7049677554457178,0.6707974137931034,0.688013953284927,0.6536474773583631,0.7604143885049428,0.6772629310344828,0.691196089580964,0.6588669750458349,0.7604143885049428,0.7367655916496371,0.7835252987902088,0.6654384757439675,0.7093344070523253
bmi_binary,lstm,10m,3,test,10.0,30.0,1856,5568,0.6138649425287356,0.627803050185169,0.5964712538353298,0.6795404066913558,0.6519396551724138,0.6719665821013034,0.6360333581042028,0.7279273466888286,0.640625,0.6593856617968681,0.6244659884344386,0.7279273466888286,0.702276847048823,0.7522307804743374,0.6492777309032518,0.693660918237869
bmi_binary,lstm,10m,3,test,10.0,30.0,1856,5568,0.6138649425287356,0.627803050185169,0.5964712538353298,0.6795404066913558,0.6519396551724138,0.6719665821013034,0.6360333581042028,0.7279273466888286,0.640625,0.6593856617968681,0.6244659884344386,0.7279273466888286,0.702276847048823,0.7522307804743374,0.6492777309032518,0.693660918237869
bmi_binary,lstm,10m,3,test_old,10.0,30.0,1856,5568,0.6138649425287356,0.627803050185169,0.5964712538353298,0.6795404066913558,0.6519396551724138,0.6719665821013034,0.6360333581042028,0.7279273466888286,0.640625,0.6593856617968681,0.6244659884344386,0.7279273466888286,0.702276847048823,0.7522307804743374,0.6492777309032518,0.693660918237869
bmi_binary,lstm,10m,3,test_old,10.0,30.0,1856,5568,0.6138649425287356,0.627803050185169,0.5964712538353298,0.6795404066913558,0.6519396551724138,0.6719665821013034,0.6360333581042028,0.7279273466888286,0.640625,0.6593856617968681,0.6244659884344386,0.7279273466888286,0.702276847048823,0.7522307804743374,0.6492777309032518,0.693660918237869
bmi_binary,lstm,10m,30,test,10.0,300.0,1856,55673,0.6302875720726384,0.6476539728495998,0.6138333738963905,0.7055589994943388,0.6724137931034483,0.6901627154229726,0.655434883505059,0.7612673322543959,0.6783405172413793,0.6895120724346077,0.6589082856111168,0.7612673322543959,0.7380309228579882,0.7846837797307009,0.6680217979575249,0.7124019201765687
bmi_binary,lstm,10m,30,test,10.0,300.0,1856,55673,0.6302875720726384,0.6476539728495998,0.6138333738963905,0.7055589994943388,0.6724137931034483,0.6901627154229726,0.655434883505059,0.7612673322543959,0.6783405172413793,0.6895120724346077,0.6589082856111168,0.7612673322543959,0.7380309228579882,0.7846837797307009,0.6680217979575249,0.7124019201765687
bmi_binary,lstm,10m,30,test_old,10.0,300.0,1856,55673,0.6302875720726384,0.6476539728495998,0.6138333738963905,0.7055589994943388,0.6724137931034483,0.6901627154229726,0.655434883505059,0.7612673322543959,0.6783405172413793,0.6895120724346077,0.6589082856111168,0.7612673322543959,0.7380309228579882,0.7846837797307009,0.6680217979575249,0.7124019201765687
bmi_binary,lstm,10m,30,test_old,10.0,300.0,1856,55673,0.6302875720726384,0.6476539728495998,0.6138333738963905,0.7055589994943388,0.6724137931034483,0.6901627154229726,0.655434883505059,0.7612673322543959,0.6783405172413793,0.6895120724346077,0.6589082856111168,0.7612673322543959,0.7380309228579882,0.7846837797307009,0.6680217979575249,0.7124019201765687
bmi_binary,lstm,10m,4,test,10.0,40.0,1856,7424,0.6216325431034483,0.6381973908669407,0.6050550415999596,0.6930808270137128,0.6664870689655172,0.6868766949523226,0.6504960106500297,0.7471021782871139,0.6885775862068966,0.6693312046190185,0.6556409416870501,0.7471021782871139,0.7224029926950327,0.7701176366325405,0.6653814782964275,0.7074740038508205
bmi_binary,lstm,10m,4,test,10.0,40.0,1856,7424,0.6216325431034483,0.6381973908669407,0.6050550415999596,0.6930808270137128,0.6664870689655172,0.6868766949523226,0.6504960106500297,0.7471021782871139,0.6885775862068966,0.6693312046190185,0.6556409416870501,0.7471021782871139,0.7224029926950327,0.7701176366325405,0.6653814782964275,0.7074740038508205
bmi_binary,lstm,10m,4,test_old,10.0,40.0,1856,7424,0.6216325431034483,0.6381973908669407,0.6050550415999596,0.6930808270137128,0.6664870689655172,0.6868766949523226,0.6504960106500297,0.7471021782871139,0.6885775862068966,0.6693312046190185,0.6556409416870501,0.7471021782871139,0.7224029926950327,0.7701176366325405,0.6653814782964275,0.7074740038508205
bmi_binary,lstm,10m,4,test_old,10.0,40.0,1856,7424,0.6216325431034483,0.6381973908669407,0.6050550415999596,0.6930808270137128,0.6664870689655172,0.6868766949523226,0.6504960106500297,0.7471021782871139,0.6885775862068966,0.6693312046190185,0.6556409416870501,0.7471021782871139,0.7224029926950327,0.7701176366325405,0.6653814782964275,0.7074740038508205
bmi_binary,lstm,10m,40,test,10.0,400.0,1856,74104,0.6315313613300226,0.6481221447621737,0.6147708907418736,0.7059301415884952,0.6756465517241379,0.6919998250371796,0.658140411512158,0.7613425115912869,0.6767241379310345,0.687363310296562,0.6571006281561769,0.7613425115912869,0.737708286207733,0.7845525932961209,0.669829036604813,0.7137358679702294
bmi_binary,lstm,10m,40,test,10.0,400.0,1856,74104,0.6315313613300226,0.6481221447621737,0.6147708907418736,0.7059301415884952,0.6756465517241379,0.6919998250371796,0.658140411512158,0.7613425115912869,0.6767241379310345,0.687363310296562,0.6571006281561769,0.7613425115912869,0.737708286207733,0.7845525932961209,0.669829036604813,0.7137358679702294
bmi_binary,lstm,10m,40,test_old,10.0,400.0,1856,74104,0.6315313613300226,0.6481221447621737,0.6147708907418736,0.7059301415884952,0.6756465517241379,0.6919998250371796,0.658140411512158,0.7613425115912869,0.6767241379310345,0.687363310296562,0.6571006281561769,0.7613425115912869,0.737708286207733,0.7845525932961209,0.669829036604813,0.7137358679702294
bmi_binary,lstm,10m,40,test_old,10.0,400.0,1856,74104,0.6315313613300226,0.6481221447621737,0.6147708907418736,0.7059301415884952,0.6756465517241379,0.6919998250371796,0.658140411512158,0.7613425115912869,0.6767241379310345,0.687363310296562,0.6571006281561769,0.7613425115912869,0.737708286207733,0.7845525932961209,0.669829036604813,0.7137358679702294
bmi_binary,lstm,10m,5,test,10.0,50.0,1856,9280,0.6206896551724138,0.6357711486309159,0.6035786656352256,0.6915592467850581,0.6616379310344828,0.6819066573353163,0.6456701626386989,0.7450559334266467,0.6627155172413793,0.6782543084594523,0.6450548980551974,0.7450559334266467,0.7201845444436927,0.7685584124769088,0.6597838206846548,0.7043747710337506
bmi_binary,lstm,10m,5,test,10.0,50.0,1856,9280,0.6206896551724138,0.6357711486309159,0.6035786656352256,0.6915592467850581,0.6616379310344828,0.6819066573353163,0.6456701626386989,0.7450559334266467,0.6627155172413793,0.6782543084594523,0.6450548980551974,0.7450559334266467,0.7201845444436927,0.7685584124769088,0.6597838206846548,0.7043747710337506
bmi_binary,lstm,10m,5,test_old,10.0,50.0,1856,9280,0.6206896551724138,0.6357711486309159,0.6035786656352256,0.6915592467850581,0.6616379310344828,0.6819066573353163,0.6456701626386989,0.7450559334266467,0.6627155172413793,0.6782543084594523,0.6450548980551974,0.7450559334266467,0.7201845444436927,0.7685584124769088,0.6597838206846548,0.7043747710337506
bmi_binary,lstm,10m,5,test_old,10.0,50.0,1856,9280,0.6206896551724138,0.6357711486309159,0.6035786656352256,0.6915592467850581,0.6616379310344828,0.6819066573353163,0.6456701626386989,0.7450559334266467,0.6627155172413793,0.6782543084594523,0.6450548980551974,0.7450559334266467,0.7201845444436927,0.7685584124769088,0.6597838206846548,0.7043747710337506
bmi_binary,lstm,10m,50,test,10.0,500.0,1856,90998,0.6310907932042462,0.647838017913188,0.6141635859916184,0.7065915275407879,0.6729525862068966,0.688582582451229,0.6552123262621672,0.7619111407575891,0.6767241379310345,0.6893316420260696,0.6578423420101762,0.7619111407575891,0.738696721478777,0.785008509184745,0.6661624863359978,0.7106024498494603
bmi_binary,lstm,10m,50,test,10.0,500.0,1856,90998,0.6310907932042462,0.647838017913188,0.6141635859916184,0.7065915275407879,0.6729525862068966,0.688582582451229,0.6552123262621672,0.7619111407575891,0.6767241379310345,0.6893316420260696,0.6578423420101762,0.7619111407575891,0.738696721478777,0.785008509184745,0.6661624863359978,0.7106024498494603
bmi_binary,lstm,10m,50,test_old,10.0,500.0,1856,90998,0.6310907932042462,0.647838017913188,0.6141635859916184,0.7065915275407879,0.6729525862068966,0.688582582451229,0.6552123262621672,0.7619111407575891,0.6767241379310345,0.6893316420260696,0.6578423420101762,0.7619111407575891,0.738696721478777,0.785008509184745,0.6661624863359978,0.7106024498494603
bmi_binary,lstm,10m,50,test_old,10.0,500.0,1856,90998,0.6310907932042462,0.647838017913188,0.6141635859916184,0.7065915275407879,0.6729525862068966,0.688582582451229,0.6552123262621672,0.7619111407575891,0.6767241379310345,0.6893316420260696,0.6578423420101762,0.7619111407575891,0.738696721478777,0.785008509184745,0.6661624863359978,0.7106024498494603
bmi_binary,lstm,10m,6,test,10.0,60.0,1856,11136,0.623742816091954,0.6386926632257311,0.6065170180370991,0.6955295138888888,0.6643318965517241,0.6808951535298748,0.647022801959207,0.7508871161753128,0.6912715517241379,0.6830821887848832,0.663748448751492,0.7508871161753128,0.7267385818659946,0.7736762223146945,0.6569882182343407,0.7022736188104192
bmi_binary,lstm,10m,6,test,10.0,60.0,1856,11136,0.623742816091954,0.6386926632257311,0.6065170180370991,0.6955295138888888,0.6643318965517241,0.6808951535298748,0.647022801959207,0.7508871161753128,0.6912715517241379,0.6830821887848832,0.663748448751492,0.7508871161753128,0.7267385818659946,0.7736762223146945,0.6569882182343407,0.7022736188104192
bmi_binary,lstm,10m,6,test_old,10.0,60.0,1856,11136,0.623742816091954,0.6386926632257311,0.6065170180370991,0.6955295138888888,0.6643318965517241,0.6808951535298748,0.647022801959207,0.7508871161753128,0.6912715517241379,0.6830821887848832,0.663748448751492,0.7508871161753128,0.7267385818659946,0.7736762223146945,0.6569882182343407,0.7022736188104192
bmi_binary,lstm,10m,6,test_old,10.0,60.0,1856,11136,0.623742816091954,0.6386926632257311,0.6065170180370991,0.6955295138888888,0.6643318965517241,0.6808951535298748,0.647022801959207,0.7508871161753128,0.6912715517241379,0.6830821887848832,0.663748448751492,0.7508871161753128,0.7267385818659946,0.7736762223146945,0.6569882182343407,0.7022736188104192
bmi_binary,lstm,10m,60,test,10.0,600.0,1856,99177,0.6310233219395626,0.6472674446821204,0.6133197138192297,0.7061180178708946,0.677801724137931,0.6935526200682355,0.6600607664412428,0.7628816376519989,0.6756465517241379,0.6880631615781646,0.6567018164835434,0.7628816376519989,0.7398454692293883,0.7859918395575726,0.6722587026080711,0.7146257434208054
bmi_binary,lstm,10m,60,test,10.0,600.0,1856,99177,0.6310233219395626,0.6472674446821204,0.6133197138192297,0.7061180178708946,0.677801724137931,0.6935526200682355,0.6600607664412428,0.7628816376519989,0.6756465517241379,0.6880631615781646,0.6567018164835434,0.7628816376519989,0.7398454692293883,0.7859918395575726,0.6722587026080711,0.7146257434208054
bmi_binary,lstm,10m,60,test_old,10.0,600.0,1856,99177,0.6310233219395626,0.6472674446821204,0.6133197138192297,0.7061180178708946,0.677801724137931,0.6935526200682355,0.6600607664412428,0.7628816376519989,0.6756465517241379,0.6880631615781646,0.6567018164835434,0.7628816376519989,0.7398454692293883,0.7859918395575726,0.6722587026080711,0.7146257434208054
bmi_binary,lstm,10m,60,test_old,10.0,600.0,1856,99177,0.6310233219395626,0.6472674446821204,0.6133197138192297,0.7061180178708946,0.677801724137931,0.6935526200682355,0.6600607664412428,0.7628816376519989,0.6756465517241379,0.6880631615781646,0.6567018164835434,0.7628816376519989,0.7398454692293883,0.7859918395575726,0.6722587026080711,0.7146257434208054
bmi_binary,lstm,10m,8,test,10.0,80.0,1856,14848,0.6237203663793104,0.639025047021258,0.606628549706685,0.6960085282414596,0.6567887931034483,0.6769366197183099,0.6408493083686857,0.7506151036654711,0.6842672413793104,0.6790197707987053,0.6580404585384871,0.7506151036654711,0.7258286978875645,0.7735746500929578,0.6533617405954786,0.6976879621322466
bmi_binary,lstm,10m,8,test,10.0,80.0,1856,14848,0.6237203663793104,0.639025047021258,0.606628549706685,0.6960085282414596,0.6567887931034483,0.6769366197183099,0.6408493083686857,0.7506151036654711,0.6842672413793104,0.6790197707987053,0.6580404585384871,0.7506151036654711,0.7258286978875645,0.7735746500929578,0.6533617405954786,0.6976879621322466
bmi_binary,lstm,10m,8,test_old,10.0,80.0,1856,14848,0.6237203663793104,0.639025047021258,0.606628549706685,0.6960085282414596,0.6567887931034483,0.6769366197183099,0.6408493083686857,0.7506151036654711,0.6842672413793104,0.6790197707987053,0.6580404585384871,0.7506151036654711,0.7258286978875645,0.7735746500929578,0.6533617405954786,0.6976879621322466
bmi_binary,lstm,10m,8,test_old,10.0,80.0,1856,14848,0.6237203663793104,0.639025047021258,0.606628549706685,0.6960085282414596,0.6567887931034483,0.6769366197183099,0.6408493083686857,0.7506151036654711,0.6842672413793104,0.6790197707987053,0.6580404585384871,0.7506151036654711,0.7258286978875645,0.7735746500929578,0.6533617405954786,0.6976879621322466
bmi_binary,lstm,10m,80,test,10.0,800.0,1856,103259,0.6307149982083886,0.6463364432787868,0.6125487173121895,0.7049544987133007,0.6783405172413793,0.6944329017583764,0.6607172438542757,0.7622761022657686,0.6751077586206896,0.6881670457527775,0.6564067754149441,0.7622761022657686,0.7392796742056889,0.7854829666381549,0.6726614972820271,0.7160425227372315
bmi_binary,lstm,10m,80,test,10.0,800.0,1856,103259,0.6307149982083886,0.6463364432787868,0.6125487173121895,0.7049544987133007,0.6783405172413793,0.6944329017583764,0.6607172438542757,0.7622761022657686,0.6751077586206896,0.6881670457527775,0.6564067754149441,0.7622761022657686,0.7392796742056889,0.7854829666381549,0.6726614972820271,0.7160425227372315
bmi_binary,lstm,10m,80,test_old,10.0,800.0,1856,103259,0.6307149982083886,0.6463364432787868,0.6125487173121895,0.7049544987133007,0.6783405172413793,0.6944329017583764,0.6607172438542757,0.7622761022657686,0.6751077586206896,0.6881670457527775,0.6564067754149441,0.7622761022657686,0.7392796742056889,0.7854829666381549,0.6726614972820271,0.7160425227372315
bmi_binary,lstm,10m,80,test_old,10.0,800.0,1856,103259,0.6307149982083886,0.6463364432787868,0.6125487173121895,0.7049544987133007,0.6783405172413793,0.6944329017583764,0.6607172438542757,0.7622761022657686,0.6751077586206896,0.6881670457527775,0.6564067754149441,0.7622761022657686,0.7392796742056889,0.7854829666381549,0.6726614972820271,0.7160425227372315
bmi_binary,lstm,10m,all,test,10.0,,1856,103428,0.6306029315079089,0.6462735767804102,0.6123861464727065,0.7049692487911031,0.6783405172413793,0.6944329017583764,0.6607172438542757,0.7623362457352814,0.6751077586206896,0.6881670457527775,0.6564067754149441,0.7623362457352814,0.7393418926564582,0.7855094278086315,0.6726614972820271,0.7160425227372315
bmi_binary,lstm,10m,all,test,10.0,,1856,103428,0.6306029315079089,0.6462735767804102,0.6123861464727065,0.7049692487911031,0.6783405172413793,0.6944329017583764,0.6607172438542757,0.7623362457352814,0.6751077586206896,0.6881670457527775,0.6564067754149441,0.7623362457352814,0.7393418926564582,0.7855094278086315,0.6726614972820271,0.7160425227372315
bmi_binary,lstm,10m,all,test_old,10.0,,1856,103428,0.6306029315079089,0.6462735767804102,0.6123861464727065,0.7049692487911031,0.6783405172413793,0.6944329017583764,0.6607172438542757,0.7623362457352814,0.6751077586206896,0.6881670457527775,0.6564067754149441,0.7623362457352814,0.7393418926564582,0.7855094278086315,0.6726614972820271,0.7160425227372315
bmi_binary,lstm,10m,all,test_old,10.0,,1856,103428,0.6306029315079089,0.6462735767804102,0.6123861464727065,0.7049692487911031,0.6783405172413793,0.6944329017583764,0.6607172438542757,0.7623362457352814,0.6751077586206896,0.6881670457527775,0.6564067754149441,0.7623362457352814,0.7393418926564582,0.7855094278086315,0.6726614972820271,0.7160425227372315
bmi_binary,lstm,40m,1,test,40.0,40.0,1856,1856,0.6670258620689655,0.6405170151342839,0.6298770697052462,0.692799459802292,0.6670258620689655,0.6405170151342839,0.6298770697052462,0.692799459802292,0.6670258620689655,0.6405170151342839,0.6298770697052462,0.692799459802292,0.6650324508596948,0.7183350526064043,0.6161850376217372,0.6630693477248623
bmi_binary,lstm,40m,1,test,40.0,40.0,1856,1856,0.6670258620689655,0.6405170151342839,0.6298770697052462,0.692799459802292,0.6670258620689655,0.6405170151342839,0.6298770697052462,0.692799459802292,0.6670258620689655,0.6405170151342839,0.6298770697052462,0.692799459802292,0.6650324508596948,0.7183350526064043,0.6161850376217372,0.6630693477248623
bmi_binary,lstm,40m,1,test_old,40.0,40.0,1856,1856,0.6670258620689655,0.6405170151342839,0.6298770697052462,0.692799459802292,0.6670258620689655,0.6405170151342839,0.6298770697052462,0.692799459802292,0.6670258620689655,0.6405170151342839,0.6298770697052462,0.692799459802292,0.6650324508596948,0.7183350526064043,0.6161850376217372,0.6630693477248623
bmi_binary,lstm,40m,1,test_old,40.0,40.0,1856,1856,0.6670258620689655,0.6405170151342839,0.6298770697052462,0.692799459802292,0.6670258620689655,0.6405170151342839,0.6298770697052462,0.692799459802292,0.6670258620689655,0.6405170151342839,0.6298770697052462,0.692799459802292,0.6650324508596948,0.7183350526064043,0.6161850376217372,0.6630693477248623
bmi_binary,lstm,40m,10,test,40.0,400.0,1856,18514,0.6973641568542724,0.6482034168228978,0.6468682191925805,0.7103469620858065,0.7397629310344828,0.6816059399877525,0.6858288868445263,0.7541047917942437,0.7338362068965517,0.6635574315457966,0.6704464908307993,0.7541047917942437,0.729911101256337,0.7769460332279023,0.6588884554356369,0.703179768770985
bmi_binary,lstm,40m,10,test,40.0,400.0,1856,18514,0.6973641568542724,0.6482034168228978,0.6468682191925805,0.7103469620858065,0.7397629310344828,0.6816059399877525,0.6858288868445263,0.7541047917942437,0.7338362068965517,0.6635574315457966,0.6704464908307993,0.7541047917942437,0.729911101256337,0.7769460332279023,0.6588884554356369,0.703179768770985
bmi_binary,lstm,40m,10,test_old,40.0,400.0,1856,18514,0.6973641568542724,0.6482034168228978,0.6468682191925805,0.7103469620858065,0.7397629310344828,0.6816059399877525,0.6858288868445263,0.7541047917942437,0.7338362068965517,0.6635574315457966,0.6704464908307993,0.7541047917942437,0.729911101256337,0.7769460332279023,0.6588884554356369,0.703179768770985
bmi_binary,lstm,40m,10,test_old,40.0,400.0,1856,18514,0.6973641568542724,0.6482034168228978,0.6468682191925805,0.7103469620858065,0.7397629310344828,0.6816059399877525,0.6858288868445263,0.7541047917942437,0.7338362068965517,0.6635574315457966,0.6704464908307993,0.7541047917942437,0.729911101256337,0.7769460332279023,0.6588884554356369,0.703179768770985
bmi_binary,lstm,40m,12,test,40.0,480.0,1856,21875,0.69984,0.6507264744819111,0.6493739131735599,0.7124004669996108,0.7408405172413793,0.6828744204356574,0.6871298024269505,0.7551436335403726,0.7306034482758621,0.6617203219315896,0.6679904117920648,0.7551436335403726,0.7303903001739654,0.7778645265865198,0.6615907948962405,0.705397323967409
bmi_binary,lstm,40m,12,test,40.0,480.0,1856,21875,0.69984,0.6507264744819111,0.6493739131735599,0.7124004669996108,0.7408405172413793,0.6828744204356574,0.6871298024269505,0.7551436335403726,0.7306034482758621,0.6617203219315896,0.6679904117920648,0.7551436335403726,0.7303903001739654,0.7778645265865198,0.6615907948962405,0.705397323967409
bmi_binary,lstm,40m,12,test_old,40.0,480.0,1856,21875,0.69984,0.6507264744819111,0.6493739131735599,0.7124004669996108,0.7408405172413793,0.6828744204356574,0.6871298024269505,0.7551436335403726,0.7306034482758621,0.6617203219315896,0.6679904117920648,0.7551436335403726,0.7303903001739654,0.7778645265865198,0.6615907948962405,0.705397323967409
bmi_binary,lstm,40m,12,test_old,40.0,480.0,1856,21875,0.69984,0.6507264744819111,0.6493739131735599,0.7124004669996108,0.7408405172413793,0.6828744204356574,0.6871298024269505,0.7551436335403726,0.7306034482758621,0.6617203219315896,0.6679904117920648,0.7551436335403726,0.7303903001739654,0.7778645265865198,0.6615907948962405,0.705397323967409
bmi_binary,lstm,40m,16,test,40.0,640.0,1856,24772,0.7027288874535766,0.650270299770152,0.6494171585740967,0.7114821590711093,0.740301724137931,0.6824862216778935,0.6866481348637016,0.7558202475723907,0.7327586206896551,0.6677018633540373,0.6732617041092156,0.7558202475723907,0.7308042885552753,0.7783111954534252,0.6601825752419843,0.7062747217256184
bmi_binary,lstm,40m,16,test,40.0,640.0,1856,24772,0.7027288874535766,0.650270299770152,0.6494171585740967,0.7114821590711093,0.740301724137931,0.6824862216778935,0.6866481348637016,0.7558202475723907,0.7327586206896551,0.6677018633540373,0.6732617041092156,0.7558202475723907,0.7308042885552753,0.7783111954534252,0.6601825752419843,0.7062747217256184
bmi_binary,lstm,40m,16,test_old,40.0,640.0,1856,24772,0.7027288874535766,0.650270299770152,0.6494171585740967,0.7114821590711093,0.740301724137931,0.6824862216778935,0.6866481348637016,0.7558202475723907,0.7327586206896551,0.6677018633540373,0.6732617041092156,0.7558202475723907,0.7308042885552753,0.7783111954534252,0.6601825752419843,0.7062747217256184
bmi_binary,lstm,40m,16,test_old,40.0,640.0,1856,24772,0.7027288874535766,0.650270299770152,0.6494171585740967,0.7114821590711093,0.740301724137931,0.6824862216778935,0.6866481348637016,0.7558202475723907,0.7327586206896551,0.6677018633540373,0.6732617041092156,0.7558202475723907,0.7308042885552753,0.7783111954534252,0.6601825752419843,0.7062747217256184
bmi_binary,lstm,40m,2,test,40.0,80.0,1856,3712,0.6686422413793104,0.6227364185110664,0.6193311882693816,0.6786814637826962,0.7036637931034483,0.6511678768261744,0.6511678768261744,0.70971891129385,0.7117456896551724,0.6018775697664246,0.6067570805388398,0.70971891129385,0.685408985215566,0.735332722123223,0.6280390848669102,0.6742522371041425
bmi_binary,lstm,40m,2,test,40.0,80.0,1856,3712,0.6686422413793104,0.6227364185110664,0.6193311882693816,0.6786814637826962,0.7036637931034483,0.6511678768261744,0.6511678768261744,0.70971891129385,0.7117456896551724,0.6018775697664246,0.6067570805388398,0.70971891129385,0.685408985215566,0.735332722123223,0.6280390848669102,0.6742522371041425
bmi_binary,lstm,40m,2,test_old,40.0,80.0,1856,3712,0.6686422413793104,0.6227364185110664,0.6193311882693816,0.6786814637826962,0.7036637931034483,0.6511678768261744,0.6511678768261744,0.70971891129385,0.7117456896551724,0.6018775697664246,0.6067570805388398,0.70971891129385,0.685408985215566,0.735332722123223,0.6280390848669102,0.6742522371041425
bmi_binary,lstm,40m,2,test_old,40.0,80.0,1856,3712,0.6686422413793104,0.6227364185110664,0.6193311882693816,0.6786814637826962,0.7036637931034483,0.6511678768261744,0.6511678768261744,0.70971891129385,0.7117456896551724,0.6018775697664246,0.6067570805388398,0.70971891129385,0.685408985215566,0.735332722123223,0.6280390848669102,0.6742522371041425
bmi_binary,lstm,40m,20,test,40.0,800.0,1856,25227,0.7031355293931105,0.649999903821332,0.64935130623731,0.7112896332160142,0.7397629310344828,0.6816059399877525,0.6858288868445263,0.7560676559356138,0.7316810344827587,0.6669254658385093,0.6723122019289267,0.7560676559356138,0.7308751386943403,0.7787447128346262,0.6586782811256702,0.7056314057843509
bmi_binary,lstm,40m,20,test,40.0,800.0,1856,25227,0.7031355293931105,0.649999903821332,0.64935130623731,0.7112896332160142,0.7397629310344828,0.6816059399877525,0.6858288868445263,0.7560676559356138,0.7316810344827587,0.6669254658385093,0.6723122019289267,0.7560676559356138,0.7308751386943403,0.7787447128346262,0.6586782811256702,0.7056314057843509
bmi_binary,lstm,40m,20,test_old,40.0,800.0,1856,25227,0.7031355293931105,0.649999903821332,0.64935130623731,0.7112896332160142,0.7397629310344828,0.6816059399877525,0.6858288868445263,0.7560676559356138,0.7316810344827587,0.6669254658385093,0.6723122019289267,0.7560676559356138,0.7308751386943403,0.7787447128346262,0.6586782811256702,0.7056314057843509
bmi_binary,lstm,40m,20,test_old,40.0,800.0,1856,25227,0.7031355293931105,0.649999903821332,0.64935130623731,0.7112896332160142,0.7397629310344828,0.6816059399877525,0.6858288868445263,0.7560676559356138,0.7316810344827587,0.6669254658385093,0.6723122019289267,0.7560676559356138,0.7308751386943403,0.7787447128346262,0.6586782811256702,0.7056314057843509
bmi_binary,lstm,40m,25,test,40.0,1000.0,1856,25259,0.7032344906765905,0.649962417919874,0.6493079480925544,0.7111759589866483,0.7397629310344828,0.6816059399877525,0.6858288868445263,0.7560047786720322,0.7316810344827587,0.6669254658385093,0.6723122019289267,0.7560047786720322,0.7308417280396029,0.7786332134385302,0.6586782811256702,0.7056314057843509
bmi_binary,lstm,40m,25,test,40.0,1000.0,1856,25259,0.7032344906765905,0.649962417919874,0.6493079480925544,0.7111759589866483,0.7397629310344828,0.6816059399877525,0.6858288868445263,0.7560047786720322,0.7316810344827587,0.6669254658385093,0.6723122019289267,0.7560047786720322,0.7308417280396029,0.7786332134385302,0.6586782811256702,0.7056314057843509
bmi_binary,lstm,40m,25,test_old,40.0,1000.0,1856,25259,0.7032344906765905,0.649962417919874,0.6493079480925544,0.7111759589866483,0.7397629310344828,0.6816059399877525,0.6858288868445263,0.7560047786720322,0.7316810344827587,0.6669254658385093,0.6723122019289267,0.7560047786720322,0.7308417280396029,0.7786332134385302,0.6586782811256702,0.7056314057843509
bmi_binary,lstm,40m,25,test_old,40.0,1000.0,1856,25259,0.7032344906765905,0.649962417919874,0.6493079480925544,0.7111759589866483,0.7397629310344828,0.6816059399877525,0.6858288868445263,0.7560047786720322,0.7316810344827587,0.6669254658385093,0.6723122019289267,0.7560047786720322,0.7308417280396029,0.7786332134385302,0.6586782811256702,0.7056314057843509
bmi_binary,lstm,40m,3,test,40.0,120.0,1856,5568,0.6849856321839081,0.6370542093138541,0.6348037104046409,0.6971048817056931,0.7316810344827587,0.6728304610270317,0.6765939579703146,0.7383349007085995,0.71875,0.6595770273816814,0.6624481041554304,0.7383349007085995,0.7144534487168426,0.7630090562871661,0.6500773157645747,0.6942477183958915
bmi_binary,lstm,40m,3,test,40.0,120.0,1856,5568,0.6849856321839081,0.6370542093138541,0.6348037104046409,0.6971048817056931,0.7316810344827587,0.6728304610270317,0.6765939579703146,0.7383349007085995,0.71875,0.6595770273816814,0.6624481041554304,0.7383349007085995,0.7144534487168426,0.7630090562871661,0.6500773157645747,0.6942477183958915
bmi_binary,lstm,40m,3,test_old,40.0,120.0,1856,5568,0.6849856321839081,0.6370542093138541,0.6348037104046409,0.6971048817056931,0.7316810344827587,0.6728304610270317,0.6765939579703146,0.7383349007085995,0.71875,0.6595770273816814,0.6624481041554304,0.7383349007085995,0.7144534487168426,0.7630090562871661,0.6500773157645747,0.6942477183958915
bmi_binary,lstm,40m,3,test_old,40.0,120.0,1856,5568,0.6849856321839081,0.6370542093138541,0.6348037104046409,0.6971048817056931,0.7316810344827587,0.6728304610270317,0.6765939579703146,0.7383349007085995,0.71875,0.6595770273816814,0.6624481041554304,0.7383349007085995,0.7144534487168426,0.7630090562871661,0.6500773157645747,0.6942477183958915
bmi_binary,lstm,40m,4,test,40.0,160.0,1856,7424,0.6904633620689655,0.643379297524276,0.6410709078614789,0.7010500503018109,0.734375,0.677231869477736,0.6806940220511131,0.7450108258245123,0.734375,0.6521356399265156,0.6611040060860003,0.7450108258245123,0.7207334805616885,0.7689180029815362,0.6546599589900434,0.6996442903800029
bmi_binary,lstm,40m,4,test,40.0,160.0,1856,7424,0.6904633620689655,0.643379297524276,0.6410709078614789,0.7010500503018109,0.734375,0.677231869477736,0.6806940220511131,0.7450108258245123,0.734375,0.6521356399265156,0.6611040060860003,0.7450108258245123,0.7207334805616885,0.7689180029815362,0.6546599589900434,0.6996442903800029
bmi_binary,lstm,40m,4,test_old,40.0,160.0,1856,7424,0.6904633620689655,0.643379297524276,0.6410709078614789,0.7010500503018109,0.734375,0.677231869477736,0.6806940220511131,0.7450108258245123,0.734375,0.6521356399265156,0.6611040060860003,0.7450108258245123,0.7207334805616885,0.7689180029815362,0.6546599589900434,0.6996442903800029
bmi_binary,lstm,40m,4,test_old,40.0,160.0,1856,7424,0.6904633620689655,0.643379297524276,0.6410709078614789,0.7010500503018109,0.734375,0.677231869477736,0.6806940220511131,0.7450108258245123,0.734375,0.6521356399265156,0.6611040060860003,0.7450108258245123,0.7207334805616885,0.7689180029815362,0.6546599589900434,0.6996442903800029
bmi_binary,lstm,40m,5,test,40.0,200.0,1856,9280,0.693426724137931,0.6453667658122649,0.643494642096456,0.7054750787332692,0.734375,0.6718189572215905,0.6768636768636769,0.7490281362085558,0.7279094827586207,0.6666684891960459,0.6708072156327235,0.7490281362085558,0.724663424864307,0.7717168552024272,0.6492513643014746,0.6939579745300247
bmi_binary,lstm,40m,5,test,40.0,200.0,1856,9280,0.693426724137931,0.6453667658122649,0.643494642096456,0.7054750787332692,0.734375,0.6718189572215905,0.6768636768636769,0.7490281362085558,0.7279094827586207,0.6666684891960459,0.6708072156327235,0.7490281362085558,0.724663424864307,0.7717168552024272,0.6492513643014746,0.6939579745300247
bmi_binary,lstm,40m,5,test_old,40.0,200.0,1856,9280,0.693426724137931,0.6453667658122649,0.643494642096456,0.7054750787332692,0.734375,0.6718189572215905,0.6768636768636769,0.7490281362085558,0.7279094827586207,0.6666684891960459,0.6708072156327235,0.7490281362085558,0.724663424864307,0.7717168552024272,0.6492513643014746,0.6939579745300247
bmi_binary,lstm,40m,5,test_old,40.0,200.0,1856,9280,0.693426724137931,0.6453667658122649,0.643494642096456,0.7054750787332692,0.734375,0.6718189572215905,0.6768636768636769,0.7490281362085558,0.7279094827586207,0.6666684891960459,0.6708072156327235,0.7490281362085558,0.724663424864307,0.7717168552024272,0.6492513643014746,0.6939579745300247
bmi_binary,lstm,40m,6,test,40.0,240.0,1856,11136,0.6953125,0.647201141632403,0.64542675425553,0.7065509185851826,0.7327586206896551,0.6706543609482984,0.6754347862876613,0.7497129516227801,0.7311422413793104,0.6532510279065699,0.6612602305632557,0.7497129516227801,0.7252183650641431,0.7730723358719314,0.6492754840613393,0.6918378425702523
bmi_binary,lstm,40m,6,test,40.0,240.0,1856,11136,0.6953125,0.647201141632403,0.64542675425553,0.7065509185851826,0.7327586206896551,0.6706543609482984,0.6754347862876613,0.7497129516227801,0.7311422413793104,0.6532510279065699,0.6612602305632557,0.7497129516227801,0.7252183650641431,0.7730723358719314,0.6492754840613393,0.6918378425702523
bmi_binary,lstm,40m,6,test_old,40.0,240.0,1856,11136,0.6953125,0.647201141632403,0.64542675425553,0.7065509185851826,0.7327586206896551,0.6706543609482984,0.6754347862876613,0.7497129516227801,0.7311422413793104,0.6532510279065699,0.6612602305632557,0.7497129516227801,0.7252183650641431,0.7730723358719314,0.6492754840613393,0.6918378425702523
bmi_binary,lstm,40m,6,test_old,40.0,240.0,1856,11136,0.6953125,0.647201141632403,0.64542675425553,0.7065509185851826,0.7327586206896551,0.6706543609482984,0.6754347862876613,0.7497129516227801,0.7311422413793104,0.6532510279065699,0.6612602305632557,0.7497129516227801,0.7252183650641431,0.7730723358719314,0.6492754840613393,0.6918378425702523
bmi_binary,lstm,40m,8,test,40.0,320.0,1856,14843,0.6977699925890992,0.6487854907628117,0.6474219248831721,0.7115475495706544,0.7424568965517241,0.6825627679118187,0.6875566130366,0.7569862107427172,0.7354525862068966,0.6632457790219578,0.6707040200447567,0.7569862107427172,0.7322606209985006,0.7805715929661473,0.6597333636446547,0.7039582456747463
bmi_binary,lstm,40m,8,test,40.0,320.0,1856,14843,0.6977699925890992,0.6487854907628117,0.6474219248831721,0.7115475495706544,0.7424568965517241,0.6825627679118187,0.6875566130366,0.7569862107427172,0.7354525862068966,0.6632457790219578,0.6707040200447567,0.7569862107427172,0.7322606209985006,0.7805715929661473,0.6597333636446547,0.7039582456747463
bmi_binary,lstm,40m,8,test_old,40.0,320.0,1856,14843,0.6977699925890992,0.6487854907628117,0.6474219248831721,0.7115475495706544,0.7424568965517241,0.6825627679118187,0.6875566130366,0.7569862107427172,0.7354525862068966,0.6632457790219578,0.6707040200447567,0.7569862107427172,0.7322606209985006,0.7805715929661473,0.6597333636446547,0.7039582456747463
bmi_binary,lstm,40m,8,test_old,40.0,320.0,1856,14843,0.6977699925890992,0.6487854907628117,0.6474219248831721,0.7115475495706544,0.7424568965517241,0.6825627679118187,0.6875566130366,0.7569862107427172,0.7354525862068966,0.6632457790219578,0.6707040200447567,0.7569862107427172,0.7322606209985006,0.7805715929661473,0.6597333636446547,0.7039582456747463
bmi_binary,lstm,40m,all,test,40.0,,1856,25261,0.7032183999049919,0.6499463063473304,0.6492861575947753,0.7111760192535326,0.7397629310344828,0.6816059399877525,0.6858288868445263,0.7560020448779635,0.7316810344827587,0.6669254658385093,0.6723122019289267,0.7560020448779635,0.7308361957832649,0.778633179594559,0.6586782811256702,0.7056314057843509
bmi_binary,lstm,40m,all,test,40.0,,1856,25261,0.7032183999049919,0.6499463063473304,0.6492861575947753,0.7111760192535326,0.7397629310344828,0.6816059399877525,0.6858288868445263,0.7560020448779635,0.7316810344827587,0.6669254658385093,0.6723122019289267,0.7560020448779635,0.7308361957832649,0.778633179594559,0.6586782811256702,0.7056314057843509
bmi_binary,lstm,40m,all,test_old,40.0,,1856,25261,0.7032183999049919,0.6499463063473304,0.6492861575947753,0.7111760192535326,0.7397629310344828,0.6816059399877525,0.6858288868445263,0.7560020448779635,0.7316810344827587,0.6669254658385093,0.6723122019289267,0.7560020448779635,0.7308361957832649,0.778633179594559,0.6586782811256702,0.7056314057843509
bmi_binary,lstm,40m,all,test_old,40.0,,1856,25261,0.7032183999049919,0.6499463063473304,0.6492861575947753,0.7111760192535326,0.7397629310344828,0.6816059399877525,0.6858288868445263,0.7560020448779635,0.7316810344827587,0.6669254658385093,0.6723122019289267,0.7560020448779635,0.7308361957832649,0.778633179594559,0.6586782811256702,0.7056314057843509
bmi_binary,lstm,80m,1,test,80.0,80.0,1856,1856,0.6955818965517241,0.655678637039629,0.6510543340852606,0.7024784577027383,0.6955818965517241,0.655678637039629,0.6510543340852606,0.7024784577027383,0.6955818965517241,0.655678637039629,0.6510543340852606,0.7024784577027383,0.6769252673340105,0.728153872311242,0.6328334952299656,0.6791797544716333
bmi_binary,lstm,80m,1,test,80.0,80.0,1856,1856,0.6955818965517241,0.655678637039629,0.6510543340852606,0.7024784577027383,0.6955818965517241,0.655678637039629,0.6510543340852606,0.7024784577027383,0.6955818965517241,0.655678637039629,0.6510543340852606,0.7024784577027383,0.6769252673340105,0.728153872311242,0.6328334952299656,0.6791797544716333
bmi_binary,lstm,80m,1,test_old,80.0,80.0,1856,1856,0.6955818965517241,0.655678637039629,0.6510543340852606,0.7024784577027383,0.6955818965517241,0.655678637039629,0.6510543340852606,0.7024784577027383,0.6955818965517241,0.655678637039629,0.6510543340852606,0.7024784577027383,0.6769252673340105,0.728153872311242,0.6328334952299656,0.6791797544716333
bmi_binary,lstm,80m,1,test_old,80.0,80.0,1856,1856,0.6955818965517241,0.655678637039629,0.6510543340852606,0.7024784577027383,0.6955818965517241,0.655678637039629,0.6510543340852606,0.7024784577027383,0.6955818965517241,0.655678637039629,0.6510543340852606,0.7024784577027383,0.6769252673340105,0.728153872311242,0.6328334952299656,0.6791797544716333
bmi_binary,lstm,80m,10,test,80.0,800.0,1856,12047,0.7135386403253922,0.6669971621938875,0.6646934046882775,0.7260711987490039,0.744073275862069,0.6876640276441257,0.6916955381532017,0.7664574402939376,0.7446120689655172,0.6816551482809903,0.6877541285237263,0.7664574402939376,0.7435602164957237,0.7875798594433777,0.6659682050521082,0.7106478637777438
bmi_binary,lstm,80m,10,test,80.0,800.0,1856,12047,0.7135386403253922,0.6669971621938875,0.6646934046882775,0.7260711987490039,0.744073275862069,0.6876640276441257,0.6916955381532017,0.7664574402939376,0.7446120689655172,0.6816551482809903,0.6877541285237263,0.7664574402939376,0.7435602164957237,0.7875798594433777,0.6659682050521082,0.7106478637777438
bmi_binary,lstm,80m,10,test_old,80.0,800.0,1856,12047,0.7135386403253922,0.6669971621938875,0.6646934046882775,0.7260711987490039,0.744073275862069,0.6876640276441257,0.6916955381532017,0.7664574402939376,0.7446120689655172,0.6816551482809903,0.6877541285237263,0.7664574402939376,0.7435602164957237,0.7875798594433777,0.6659682050521082,0.7106478637777438
bmi_binary,lstm,80m,10,test_old,80.0,800.0,1856,12047,0.7135386403253922,0.6669971621938875,0.6646934046882775,0.7260711987490039,0.744073275862069,0.6876640276441257,0.6916955381532017,0.7664574402939376,0.7446120689655172,0.6816551482809903,0.6877541285237263,0.7664574402939376,0.7435602164957237,0.7875798594433777,0.6659682050521082,0.7106478637777438
bmi_binary,lstm,80m,12,test,80.0,960.0,1856,12059,0.7138237001409735,0.6671998193233896,0.6648924168208356,0.7260773854632351,0.744073275862069,0.6876640276441257,0.6916955381532017,0.7665859286151693,0.7446120689655172,0.6816551482809903,0.6877541285237263,0.7665859286151693,0.743724004036504,0.7875758999789685,0.6659682050521082,0.7106478637777438
bmi_binary,lstm,80m,12,test,80.0,960.0,1856,12059,0.7138237001409735,0.6671998193233896,0.6648924168208356,0.7260773854632351,0.744073275862069,0.6876640276441257,0.6916955381532017,0.7665859286151693,0.7446120689655172,0.6816551482809903,0.6877541285237263,0.7665859286151693,0.743724004036504,0.7875758999789685,0.6659682050521082,0.7106478637777438
bmi_binary,lstm,80m,12,test_old,80.0,960.0,1856,12059,0.7138237001409735,0.6671998193233896,0.6648924168208356,0.7260773854632351,0.744073275862069,0.6876640276441257,0.6916955381532017,0.7665859286151693,0.7446120689655172,0.6816551482809903,0.6877541285237263,0.7665859286151693,0.743724004036504,0.7875758999789685,0.6659682050521082,0.7106478637777438
bmi_binary,lstm,80m,12,test_old,80.0,960.0,1856,12059,0.7138237001409735,0.6671998193233896,0.6648924168208356,0.7260773854632351,0.744073275862069,0.6876640276441257,0.6916955381532017,0.7665859286151693,0.7446120689655172,0.6816551482809903,0.6877541285237263,0.7665859286151693,0.743724004036504,0.7875758999789685,0.6659682050521082,0.7106478637777438
bmi_binary,lstm,80m,2,test,80.0,160.0,1856,3712,0.6966594827586207,0.6579312833522877,0.6529003090894897,0.7090525489895898,0.7149784482758621,0.6607962995363486,0.6619658179982792,0.7408076174437932,0.7300646551724138,0.6347596448254746,0.6438925583848142,0.7408076174437932,0.7182076402214042,0.7630186396041981,0.6383771196174093,0.6843928719747577
bmi_binary,lstm,80m,2,test,80.0,160.0,1856,3712,0.6966594827586207,0.6579312833522877,0.6529003090894897,0.7090525489895898,0.7149784482758621,0.6607962995363486,0.6619658179982792,0.7408076174437932,0.7300646551724138,0.6347596448254746,0.6438925583848142,0.7408076174437932,0.7182076402214042,0.7630186396041981,0.6383771196174093,0.6843928719747577
bmi_binary,lstm,80m,2,test_old,80.0,160.0,1856,3712,0.6966594827586207,0.6579312833522877,0.6529003090894897,0.7090525489895898,0.7149784482758621,0.6607962995363486,0.6619658179982792,0.7408076174437932,0.7300646551724138,0.6347596448254746,0.6438925583848142,0.7408076174437932,0.7182076402214042,0.7630186396041981,0.6383771196174093,0.6843928719747577
bmi_binary,lstm,80m,2,test_old,80.0,160.0,1856,3712,0.6966594827586207,0.6579312833522877,0.6529003090894897,0.7090525489895898,0.7149784482758621,0.6607962995363486,0.6619658179982792,0.7408076174437932,0.7300646551724138,0.6347596448254746,0.6438925583848142,0.7408076174437932,0.7182076402214042,0.7630186396041981,0.6383771196174093,0.6843928719747577
bmi_binary,lstm,80m,3,test,80.0,240.0,1856,5568,0.7009698275862069,0.6605447904820225,0.656316364576643,0.7185121599160179,0.7311422413793104,0.6773630915930364,0.6795028983867246,0.7567579389379757,0.724676724137931,0.6786097016883912,0.6776348504701646,0.7567579389379757,0.7341905335404413,0.7784802001717701,0.656175442148078,0.700836244752641
bmi_binary,lstm,80m,3,test,80.0,240.0,1856,5568,0.7009698275862069,0.6605447904820225,0.656316364576643,0.7185121599160179,0.7311422413793104,0.6773630915930364,0.6795028983867246,0.7567579389379757,0.724676724137931,0.6786097016883912,0.6776348504701646,0.7567579389379757,0.7341905335404413,0.7784802001717701,0.656175442148078,0.700836244752641
bmi_binary,lstm,80m,3,test_old,80.0,240.0,1856,5568,0.7009698275862069,0.6605447904820225,0.656316364576643,0.7185121599160179,0.7311422413793104,0.6773630915930364,0.6795028983867246,0.7567579389379757,0.724676724137931,0.6786097016883912,0.6776348504701646,0.7567579389379757,0.7341905335404413,0.7784802001717701,0.656175442148078,0.700836244752641
bmi_binary,lstm,80m,3,test_old,80.0,240.0,1856,5568,0.7009698275862069,0.6605447904820225,0.656316364576643,0.7185121599160179,0.7311422413793104,0.6773630915930364,0.6795028983867246,0.7567579389379757,0.724676724137931,0.6786097016883912,0.6776348504701646,0.7567579389379757,0.7341905335404413,0.7784802001717701,0.656175442148078,0.700836244752641
bmi_binary,lstm,80m,4,test,80.0,320.0,1856,7420,0.7078167115902965,0.6656268467448045,0.6623812446486792,0.7210509072304847,0.7370689655172413,0.6836016096579477,0.6860813965740017,0.7604936685329368,0.7489224137931034,0.6759032455603184,0.6850158785653934,0.7604936685329368,0.7370311204184873,0.7823500789184926,0.6602114044365583,0.7062594688570419
bmi_binary,lstm,80m,4,test,80.0,320.0,1856,7420,0.7078167115902965,0.6656268467448045,0.6623812446486792,0.7210509072304847,0.7370689655172413,0.6836016096579477,0.6860813965740017,0.7604936685329368,0.7489224137931034,0.6759032455603184,0.6850158785653934,0.7604936685329368,0.7370311204184873,0.7823500789184926,0.6602114044365583,0.7062594688570419
bmi_binary,lstm,80m,4,test_old,80.0,320.0,1856,7420,0.7078167115902965,0.6656268467448045,0.6623812446486792,0.7210509072304847,0.7370689655172413,0.6836016096579477,0.6860813965740017,0.7604936685329368,0.7489224137931034,0.6759032455603184,0.6850158785653934,0.7604936685329368,0.7370311204184873,0.7823500789184926,0.6602114044365583,0.7062594688570419
bmi_binary,lstm,80m,4,test_old,80.0,320.0,1856,7420,0.7078167115902965,0.6656268467448045,0.6623812446486792,0.7210509072304847,0.7370689655172413,0.6836016096579477,0.6860813965740017,0.7604936685329368,0.7489224137931034,0.6759032455603184,0.6850158785653934,0.7604936685329368,0.7370311204184873,0.7823500789184926,0.6602114044365583,0.7062594688570419
bmi_binary,lstm,80m,5,test,80.0,400.0,1856,9248,0.7063148788927336,0.664766403201037,0.6612217902741494,0.7227855832699325,0.7316810344827587,0.6772592074184236,0.6796486383070754,0.7625412802904383,0.7316810344827587,0.6811958708774386,0.6822564587722145,0.7625412802904383,0.7397473619090488,0.7834460592950973,0.6547700294822251,0.700412737230358
bmi_binary,lstm,80m,5,test,80.0,400.0,1856,9248,0.7063148788927336,0.664766403201037,0.6612217902741494,0.7227855832699325,0.7316810344827587,0.6772592074184236,0.6796486383070754,0.7625412802904383,0.7316810344827587,0.6811958708774386,0.6822564587722145,0.7625412802904383,0.7397473619090488,0.7834460592950973,0.6547700294822251,0.700412737230358
bmi_binary,lstm,80m,5,test_old,80.0,400.0,1856,9248,0.7063148788927336,0.664766403201037,0.6612217902741494,0.7227855832699325,0.7316810344827587,0.6772592074184236,0.6796486383070754,0.7625412802904383,0.7316810344827587,0.6811958708774386,0.6822564587722145,0.7625412802904383,0.7397473619090488,0.7834460592950973,0.6547700294822251,0.700412737230358
bmi_binary,lstm,80m,5,test_old,80.0,400.0,1856,9248,0.7063148788927336,0.664766403201037,0.6612217902741494,0.7227855832699325,0.7316810344827587,0.6772592074184236,0.6796486383070754,0.7625412802904383,0.7316810344827587,0.6811958708774386,0.6822564587722145,0.7625412802904383,0.7397473619090488,0.7834460592950973,0.6547700294822251,0.700412737230358
bmi_binary,lstm,80m,6,test,80.0,480.0,1856,10834,0.7103562857670297,0.6667735292147945,0.6639503758542322,0.7253818919965938,0.7386853448275862,0.6823057912693553,0.6858754577987622,0.7648704728370223,0.7456896551724138,0.6775107164727496,0.6851229628990634,0.7648704728370223,0.7421180261303307,0.7864056356740742,0.6604258483792989,0.7042873177622208
bmi_binary,lstm,80m,6,test,80.0,480.0,1856,10834,0.7103562857670297,0.6667735292147945,0.6639503758542322,0.7253818919965938,0.7386853448275862,0.6823057912693553,0.6858754577987622,0.7648704728370223,0.7456896551724138,0.6775107164727496,0.6851229628990634,0.7648704728370223,0.7421180261303307,0.7864056356740742,0.6604258483792989,0.7042873177622208
bmi_binary,lstm,80m,6,test_old,80.0,480.0,1856,10834,0.7103562857670297,0.6667735292147945,0.6639503758542322,0.7253818919965938,0.7386853448275862,0.6823057912693553,0.6858754577987622,0.7648704728370223,0.7456896551724138,0.6775107164727496,0.6851229628990634,0.7648704728370223,0.7421180261303307,0.7864056356740742,0.6604258483792989,0.7042873177622208
bmi_binary,lstm,80m,6,test_old,80.0,480.0,1856,10834,0.7103562857670297,0.6667735292147945,0.6639503758542322,0.7253818919965938,0.7386853448275862,0.6823057912693553,0.6858754577987622,0.7648704728370223,0.7456896551724138,0.6775107164727496,0.6851229628990634,0.7648704728370223,0.7421180261303307,0.7864056356740742,0.6604258483792989,0.7042873177622208
bmi_binary,lstm,80m,8,test,80.0,640.0,1856,11896,0.7131809011432414,0.667043546441136,0.6645858157311166,0.7262953823221843,0.7424568965517241,0.6860073484384568,0.6899141570897296,0.7660624070510017,0.7446120689655172,0.6811630653486134,0.6874021959279395,0.7660624070510017,0.7430015414572638,0.786967737429467,0.6638127844162006,0.708043481945269
bmi_binary,lstm,80m,8,test,80.0,640.0,1856,11896,0.7131809011432414,0.667043546441136,0.6645858157311166,0.7262953823221843,0.7424568965517241,0.6860073484384568,0.6899141570897296,0.7660624070510017,0.7446120689655172,0.6811630653486134,0.6874021959279395,0.7660624070510017,0.7430015414572638,0.786967737429467,0.6638127844162006,0.708043481945269
bmi_binary,lstm,80m,8,test_old,80.0,640.0,1856,11896,0.7131809011432414,0.667043546441136,0.6645858157311166,0.7262953823221843,0.7424568965517241,0.6860073484384568,0.6899141570897296,0.7660624070510017,0.7446120689655172,0.6811630653486134,0.6874021959279395,0.7660624070510017,0.7430015414572638,0.786967737429467,0.6638127844162006,0.708043481945269
bmi_binary,lstm,80m,8,test_old,80.0,640.0,1856,11896,0.7131809011432414,0.667043546441136,0.6645858157311166,0.7262953823221843,0.7424568965517241,0.6860073484384568,0.6899141570897296,0.7660624070510017,0.7446120689655172,0.6811630653486134,0.6874021959279395,0.7660624070510017,0.7430015414572638,0.786967737429467,0.6638127844162006,0.708043481945269
bmi_binary,lstm,80m,all,test,80.0,,1856,12060,0.7138474295190713,0.6672125970160767,0.6649048384333427,0.7260697756387633,0.744073275862069,0.6876640276441257,0.6916955381532017,0.7665859286151693,0.7446120689655172,0.6816551482809903,0.6877541285237263,0.7665859286151693,0.743724004036504,0.7875758999789685,0.6659682050521082,0.7106478637777438
bmi_binary,lstm,80m,all,test,80.0,,1856,12060,0.7138474295190713,0.6672125970160767,0.6649048384333427,0.7260697756387633,0.744073275862069,0.6876640276441257,0.6916955381532017,0.7665859286151693,0.7446120689655172,0.6816551482809903,0.6877541285237263,0.7665859286151693,0.743724004036504,0.7875758999789685,0.6659682050521082,0.7106478637777438
bmi_binary,lstm,80m,all,test_old,80.0,,1856,12060,0.7138474295190713,0.6672125970160767,0.6649048384333427,0.7260697756387633,0.744073275862069,0.6876640276441257,0.6916955381532017,0.7665859286151693,0.7446120689655172,0.6816551482809903,0.6877541285237263,0.7665859286151693,0.743724004036504,0.7875758999789685,0.6659682050521082,0.7106478637777438
bmi_binary,lstm,80m,all,test_old,80.0,,1856,12060,0.7138474295190713,0.6672125970160767,0.6649048384333427,0.7260697756387633,0.744073275862069,0.6876640276441257,0.6916955381532017,0.7665859286151693,0.7446120689655172,0.6816551482809903,0.6877541285237263,0.7665859286151693,0.743724004036504,0.7875758999789685,0.6659682050521082,0.7106478637777438
bmi_binary,lstm,120m,1,test,120.0,120.0,1856,1856,0.712823275862069,0.6651484996938151,0.6640794706214534,0.7219266687078996,0.712823275862069,0.6651484996938151,0.6640794706214534,0.7219266687078996,0.712823275862069,0.6651484996938151,0.6640794706214534,0.7219266687078996,0.6957466320542774,0.7468270989151138,0.6407328370397067,0.6884719935997754
bmi_binary,lstm,120m,1,test,120.0,120.0,1856,1856,0.7252155172413793,0.6696483247309947,0.671929328386764,0.7235191037529525,0.7252155172413793,0.6696483247309947,0.671929328386764,0.7235191037529525,0.7252155172413793,0.6696483247309947,0.671929328386764,0.7235191037529525,0.6975126242887095,0.7481509736899964,0.6455291847118552,0.6905102569442569
bmi_binary,lstm,120m,1,test_old,120.0,120.0,1856,1856,0.712823275862069,0.6651484996938151,0.6640794706214534,0.7219266687078996,0.712823275862069,0.6651484996938151,0.6640794706214534,0.7219266687078996,0.712823275862069,0.6651484996938151,0.6640794706214534,0.7219266687078996,0.6957466320542774,0.7468270989151138,0.6407328370397067,0.6884719935997754
bmi_binary,lstm,120m,1,test_old,120.0,120.0,1856,1856,0.712823275862069,0.6651484996938151,0.6640794706214534,0.7219266687078996,0.712823275862069,0.6651484996938151,0.6640794706214534,0.7219266687078996,0.712823275862069,0.6651484996938151,0.6640794706214534,0.7219266687078996,0.6957466320542774,0.7468270989151138,0.6407328370397067,0.6884719935997754
bmi_binary,lstm,120m,2,test,120.0,240.0,1856,3712,0.7136314655172413,0.6595797611757501,0.6606256808053425,0.7189512755883125,0.7279094827586207,0.6627318257370309,0.6678920635033121,0.7427868843495756,0.7392241379310345,0.6403748578427084,0.6507887637129818,0.7427868843495756,0.7178179485179134,0.7668230019424013,0.6404877420073498,0.6864053035018634
bmi_binary,lstm,120m,2,test,120.0,240.0,1856,3712,0.7182112068965517,0.6628794506167439,0.6646059736601695,0.7195060649221418,0.7306034482758621,0.6720540635115038,0.6756424237340268,0.7425025697664247,0.7370689655172413,0.6358695652173914,0.6458364289591033,0.7425025697664247,0.7181536220859601,0.7675038748714301,0.6484437514529412,0.6950125568328657
bmi_binary,lstm,120m,2,test_old,120.0,240.0,1856,3712,0.7136314655172413,0.6595797611757501,0.6606256808053425,0.7189512755883125,0.7279094827586207,0.6627318257370309,0.6678920635033121,0.7427868843495756,0.7392241379310345,0.6403748578427084,0.6507887637129818,0.7427868843495756,0.7178179485179134,0.7668230019424013,0.6404877420073498,0.6864053035018634
bmi_binary,lstm,120m,2,test_old,120.0,240.0,1856,3712,0.7136314655172413,0.6595797611757501,0.6606256808053425,0.7189512755883125,0.7279094827586207,0.6627318257370309,0.6678920635033121,0.7427868843495756,0.7392241379310345,0.6403748578427084,0.6507887637129818,0.7427868843495756,0.7178179485179134,0.7668230019424013,0.6404877420073498,0.6864053035018634
bmi_binary,lstm,120m,3,test,120.0,360.0,1856,5555,0.717011701170117,0.6606773358260534,0.6625874822995268,0.7229281503154162,0.7473060344827587,0.6816278103403027,0.688754397576296,0.751729124748491,0.740301724137931,0.6755970606246173,0.6817666979709154,0.751729124748491,0.7273940196100407,0.7752920709495538,0.6596884013354146,0.703472111666174
bmi_binary,lstm,120m,3,test,120.0,360.0,1856,5555,0.7191719171917191,0.6696413743500571,0.6695295389292968,0.7263782057544222,0.7327586206896551,0.6834485171900971,0.6841666117734887,0.752670916805179,0.740301724137931,0.6859308022045316,0.688969550312563,0.752670916805179,0.7283441337675587,0.7756719035750701,0.6594863979170278,0.7076586308115818
bmi_binary,lstm,120m,3,test_old,120.0,360.0,1856,5555,0.717011701170117,0.6606773358260534,0.6625874822995268,0.7229281503154162,0.7473060344827587,0.6816278103403027,0.688754397576296,0.751729124748491,0.740301724137931,0.6755970606246173,0.6817666979709154,0.751729124748491,0.7273940196100407,0.7752920709495538,0.6596884013354146,0.703472111666174
bmi_binary,lstm,120m,3,test_old,120.0,360.0,1856,5555,0.717011701170117,0.6606773358260534,0.6625874822995268,0.7229281503154162,0.7473060344827587,0.6816278103403027,0.688754397576296,0.751729124748491,0.740301724137931,0.6755970606246173,0.6817666979709154,0.751729124748491,0.7273940196100407,0.7752920709495538,0.6596884013354146,0.703472111666174
bmi_binary,lstm,120m,4,test,120.0,480.0,1856,7141,0.7210474723428091,0.6621318920144341,0.664810165620378,0.7223466044245285,0.7510775862068966,0.6843452016446505,0.6921539230384808,0.7518521454815852,0.7553879310344828,0.6746566354649637,0.6860977993944162,0.7518521454815852,0.7273849164174483,0.7753079242891505,0.6621743169079418,0.7076348373911429
bmi_binary,lstm,120m,4,test,120.0,480.0,1856,7141,0.7200672174765439,0.6703507639843389,0.6700635548233013,0.7282003726897431,0.7419181034482759,0.6910320619368384,0.6929799993438445,0.75425651736506,0.7510775862068966,0.6804085381856355,0.6892262550232824,0.75425651736506,0.7294144093079916,0.7764481728605289,0.6672593298697017,0.7143329991262096
bmi_binary,lstm,120m,4,test_old,120.0,480.0,1856,7141,0.7210474723428091,0.6621318920144341,0.664810165620378,0.7223466044245285,0.7510775862068966,0.6843452016446505,0.6921539230384808,0.7518521454815852,0.7553879310344828,0.6746566354649637,0.6860977993944162,0.7518521454815852,0.7273849164174483,0.7753079242891505,0.6621743169079418,0.7076348373911429
bmi_binary,lstm,120m,4,test_old,120.0,480.0,1856,7141,0.7210474723428091,0.6621318920144341,0.664810165620378,0.7223466044245285,0.7510775862068966,0.6843452016446505,0.6921539230384808,0.7518521454815852,0.7553879310344828,0.6746566354649637,0.6860977993944162,0.7518521454815852,0.7273849164174483,0.7753079242891505,0.6621743169079418,0.7076348373911429
bmi_binary,lstm,120m,5,test,120.0,600.0,1856,7691,0.7240930958262904,0.6626486270456282,0.6657601260519759,0.7245117457097182,0.7532327586206896,0.6863900796080833,0.6944625360334131,0.753340696352025,0.7537715517241379,0.6779207855830636,0.6882260290714879,0.753340696352025,0.7290157000941796,0.776485422607097,0.6646129855194443,0.7099120993357817
bmi_binary,lstm,120m,5,test,120.0,600.0,1856,7691,0.7217526979586529,0.6696651156594482,0.6697066417245989,0.7303078393543873,0.7376077586206896,0.686450223077596,0.6881710748064163,0.7554593867553147,0.7473060344827587,0.6826119762050564,0.6894676852880792,0.7554593867553147,0.7308674179700919,0.778326197966779,0.6632730105490516,0.7095958366853657
bmi_binary,lstm,120m,5,test_old,120.0,600.0,1856,7691,0.7240930958262904,0.6626486270456282,0.6657601260519759,0.7245117457097182,0.7532327586206896,0.6863900796080833,0.6944625360334131,0.753340696352025,0.7537715517241379,0.6779207855830636,0.6882260290714879,0.753340696352025,0.7290157000941796,0.776485422607097,0.6646129855194443,0.7099120993357817
bmi_binary,lstm,120m,5,test_old,120.0,600.0,1856,7691,0.7240930958262904,0.6626486270456282,0.6657601260519759,0.7245117457097182,0.7532327586206896,0.6863900796080833,0.6944625360334131,0.753340696352025,0.7537715517241379,0.6779207855830636,0.6882260290714879,0.753340696352025,0.7290157000941796,0.776485422607097,0.6646129855194443,0.7099120993357817
bmi_binary,lstm,120m,6,test,120.0,720.0,1856,7813,0.7244336362472802,0.6622329834143962,0.6655633554506535,0.7242829648559677,0.7521551724137931,0.6851215991601785,0.6931283112999346,0.7536947226839298,0.7510775862068966,0.6730272941999825,0.6834228515985545,0.7536947226839298,0.7292947534632316,0.7770573773571199,0.663633453905154,0.7085175918943099
bmi_binary,lstm,120m,6,test,120.0,720.0,1856,7813,0.7220017918853193,0.6698987966733589,0.6699397600203523,0.7304681873066571,0.7381465517241379,0.6878225877001137,0.6892857142857143,0.7558749234537661,0.7478448275862069,0.6830001749628204,0.6899524974192691,0.7558749234537661,0.7311967641390024,0.7785554750227165,0.664763720999325,0.7106861544787735
bmi_binary,lstm,120m,6,test_old,120.0,720.0,1856,7813,0.7244336362472802,0.6622329834143962,0.6655633554506535,0.7242829648559677,0.7521551724137931,0.6851215991601785,0.6931283112999346,0.7536947226839298,0.7510775862068966,0.6730272941999825,0.6834228515985545,0.7536947226839298,0.7292947534632316,0.7770573773571199,0.663633453905154,0.7085175918943099
bmi_binary,lstm,120m,6,test_old,120.0,720.0,1856,7813,0.7244336362472802,0.6622329834143962,0.6655633554506535,0.7242829648559677,0.7521551724137931,0.6851215991601785,0.6931283112999346,0.7536947226839298,0.7510775862068966,0.6730272941999825,0.6834228515985545,0.7536947226839298,0.7292947534632316,0.7770573773571199,0.663633453905154,0.7085175918943099
bmi_binary,lstm,120m,8,test,120.0,960.0,1856,7829,0.7244858858091711,0.6621881215303018,0.665483664501241,0.7242392573751117,0.7521551724137931,0.6851215991601785,0.6931283112999346,0.7536769530224827,0.7510775862068966,0.6730272941999825,0.6834228515985545,0.7536769530224827,0.7293840220156098,0.7771421742263158,0.663633453905154,0.7085175918943099
bmi_binary,lstm,120m,8,test,120.0,960.0,1856,7829,0.7221867416017371,0.6699540285589418,0.6699745301232676,0.730443107454232,0.7381465517241379,0.6878225877001137,0.6892857142857143,0.7558653551745255,0.7473060344827587,0.6826119762050564,0.6894676852880792,0.7558653551745255,0.7311262126042217,0.7786013241122562,0.664763720999325,0.7106861544787735
bmi_binary,lstm,120m,8,test_old,120.0,960.0,1856,7829,0.7244858858091711,0.6621881215303018,0.665483664501241,0.7242392573751117,0.7521551724137931,0.6851215991601785,0.6931283112999346,0.7536769530224827,0.7510775862068966,0.6730272941999825,0.6834228515985545,0.7536769530224827,0.7293840220156098,0.7771421742263158,0.663633453905154,0.7085175918943099
bmi_binary,lstm,120m,8,test_old,120.0,960.0,1856,7829,0.7244858858091711,0.6621881215303018,0.665483664501241,0.7242392573751117,0.7521551724137931,0.6851215991601785,0.6931283112999346,0.7536769530224827,0.7510775862068966,0.6730272941999825,0.6834228515985545,0.7536769530224827,0.7293840220156098,0.7771421742263158,0.663633453905154,0.7085175918943099
bmi_binary,lstm,120m,all,test,120.0,,1856,7830,0.7245210727969349,0.6622046727824651,0.6655011145566059,0.7242066481407081,0.7521551724137931,0.6851215991601785,0.6931283112999346,0.7536482481847607,0.7510775862068966,0.6730272941999825,0.6834228515985545,0.7536482481847607,0.729382603250071,0.7771119583291833,0.663633453905154,0.7085175918943099
bmi_binary,lstm,120m,all,test,120.0,,1856,7830,0.7220945083014049,0.6698808088924602,0.6698808088924602,0.7304030868537615,0.7381465517241379,0.6878225877001137,0.6892857142857143,0.7558393841308723,0.7473060344827587,0.6826119762050564,0.6894676852880792,0.7558393841308723,0.7310915799602234,0.7786013241122562,0.664763720999325,0.7106861544787735
bmi_binary,lstm,120m,all,test_old,120.0,,1856,7830,0.7245210727969349,0.6622046727824651,0.6655011145566059,0.7242066481407081,0.7521551724137931,0.6851215991601785,0.6931283112999346,0.7536482481847607,0.7510775862068966,0.6730272941999825,0.6834228515985545,0.7536482481847607,0.729382603250071,0.7771119583291833,0.663633453905154,0.7085175918943099
bmi_binary,lstm,120m,all,test_old,120.0,,1856,7830,0.7245210727969349,0.6622046727824651,0.6655011145566059,0.7242066481407081,0.7521551724137931,0.6851215991601785,0.6931283112999346,0.7536482481847607,0.7510775862068966,0.6730272941999825,0.6834228515985545,0.7536482481847607,0.729382603250071,0.7771119583291833,0.663633453905154,0.7085175918943099
bmi_binary,lstm,240m,1,test,240.0,240.0,1856,1856,0.7068965517241379,0.6628466450879189,0.6602050486775222,0.7255680824074883,0.7068965517241379,0.6628466450879189,0.6602050486775222,0.7255680824074883,0.7068965517241379,0.6628466450879189,0.6602050486775222,0.7255680824074883,0.7012674523546281,0.7506873866717795,0.6398729336212577,0.6856391130452808
bmi_binary,lstm,240m,1,test,240.0,240.0,1856,1856,0.7079741379310345,0.6670676231300848,0.6633089672530591,0.7297166149068324,0.7079741379310345,0.6670676231300848,0.6633089672530591,0.7297166149068324,0.7079741379310345,0.6670676231300848,0.6633089672530591,0.7297166149068324,0.7034182609028607,0.7551376103396393,0.6423653542696124,0.6906559574745569
bmi_binary,lstm,240m,1,test_old,240.0,240.0,1856,1856,0.7079741379310345,0.6670676231300848,0.6633089672530591,0.7297166149068324,0.7079741379310345,0.6670676231300848,0.6633089672530591,0.7297166149068324,0.7079741379310345,0.6670676231300848,0.6633089672530591,0.7297166149068324,0.7034182609028607,0.7551376103396393,0.6423653542696124,0.6906559574745569
bmi_binary,lstm,240m,1,test_old,240.0,240.0,1856,1856,0.7079741379310345,0.6670676231300848,0.6633089672530591,0.7297166149068324,0.7079741379310345,0.6670676231300848,0.6633089672530591,0.7297166149068324,0.7079741379310345,0.6670676231300848,0.6633089672530591,0.7297166149068324,0.7034182609028607,0.7551376103396393,0.6423653542696124,0.6906559574745569
bmi_binary,lstm,240m,2,test,240.0,480.0,1856,3442,0.7155723416618245,0.664538036582037,0.6641350429659059,0.73142692484924,0.7289870689655172,0.6767944624267344,0.6782538538658593,0.7447934891960458,0.7295258620689655,0.6486418511066399,0.65688107180473,0.7447934891960458,0.7214236405129748,0.7679800992075463,0.6531992896394144,0.6993806210644135
bmi_binary,lstm,240m,2,test,240.0,480.0,1856,3442,0.7097617664148751,0.6684986193911893,0.6642713512642702,0.7324200679653595,0.7192887931034483,0.6747277141107515,0.6728917995964325,0.7456218287988801,0.7306034482758621,0.6548311608783133,0.6624448017226955,0.7456218287988801,0.7205167243719699,0.7699697539587379,0.6501235003876707,0.6966549125691122
bmi_binary,lstm,240m,2,test_old,240.0,480.0,1856,3442,0.7097617664148751,0.6684986193911893,0.6642713512642702,0.7324200679653595,0.7192887931034483,0.6747277141107515,0.6728917995964325,0.7456218287988801,0.7306034482758621,0.6548311608783133,0.6624448017226955,0.7456218287988801,0.7205167243719699,0.7699697539587379,0.6501235003876707,0.6966549125691122
bmi_binary,lstm,240m,2,test_old,240.0,480.0,1856,3442,0.7097617664148751,0.6684986193911893,0.6642713512642702,0.7324200679653595,0.7192887931034483,0.6747277141107515,0.6728917995964325,0.7456218287988801,0.7306034482758621,0.6548311608783133,0.6624448017226955,0.7456218287988801,0.7205167243719699,0.7699697539587379,0.6501235003876707,0.6966549125691122
bmi_binary,lstm,240m,3,test,240.0,720.0,1856,3564,0.7177328843995511,0.6662309351941118,0.6660562872863874,0.7331745803831329,0.7295258620689655,0.6776747441168751,0.6790564373897707,0.7472402348875864,0.7316810344827587,0.6546233925290876,0.6625622093974157,0.7472402348875864,0.7238657129560017,0.7704965822836441,0.6535922259340611,0.7009011668082826
bmi_binary,lstm,240m,3,test,240.0,720.0,1856,3564,0.7109988776655444,0.6697918745093359,0.6655350553505535,0.7326304443901593,0.7219827586206896,0.6791291225614557,0.6767925483446391,0.747569657072872,0.7322198275862069,0.660916586475374,0.6678610148827238,0.747569657072872,0.7228892859161378,0.7721763449203866,0.6549249882216095,0.7012351779977569
bmi_binary,lstm,240m,3,test_old,240.0,720.0,1856,3564,0.7109988776655444,0.6697918745093359,0.6655350553505535,0.7326304443901593,0.7219827586206896,0.6791291225614557,0.6767925483446391,0.747569657072872,0.7322198275862069,0.660916586475374,0.6678610148827238,0.747569657072872,0.7228892859161378,0.7721763449203866,0.6549249882216095,0.7012351779977569
bmi_binary,lstm,240m,3,test_old,240.0,720.0,1856,3564,0.7109988776655444,0.6697918745093359,0.6655350553505535,0.7326304443901593,0.7219827586206896,0.6791291225614557,0.6767925483446391,0.747569657072872,0.7322198275862069,0.660916586475374,0.6678610148827238,0.747569657072872,0.7228892859161378,0.7721763449203866,0.6549249882216095,0.7012351779977569
bmi_binary,lstm,240m,4,test,240.0,960.0,1856,3567,0.7179702831511073,0.6663534548781324,0.6661785182963542,0.733335394509028,0.7295258620689655,0.6776747441168751,0.6790564373897707,0.7472621052401365,0.7316810344827587,0.6546233925290876,0.6625622093974157,0.7472621052401365,0.7238881018528167,0.7705486033600333,0.6535922259340611,0.7009011668082826
bmi_binary,lstm,240m,4,test,240.0,960.0,1856,3567,0.7112419400056069,0.6699279805345547,0.6656647556647557,0.7327736620486398,0.7219827586206896,0.6791291225614557,0.6767925483446391,0.7475354846470125,0.7322198275862069,0.660916586475374,0.6678610148827238,0.7475354846470125,0.7228730017555507,0.7721267872847443,0.6549249882216095,0.7012351779977569
bmi_binary,lstm,240m,4,test_old,240.0,960.0,1856,3567,0.7112419400056069,0.6699279805345547,0.6656647556647557,0.7327736620486398,0.7219827586206896,0.6791291225614557,0.6767925483446391,0.7475354846470125,0.7322198275862069,0.660916586475374,0.6678610148827238,0.7475354846470125,0.7228730017555507,0.7721267872847443,0.6549249882216095,0.7012351779977569
bmi_binary,lstm,240m,4,test_old,240.0,960.0,1856,3567,0.7112419400056069,0.6699279805345547,0.6656647556647557,0.7327736620486398,0.7219827586206896,0.6791291225614557,0.6767925483446391,0.7475354846470125,0.7322198275862069,0.660916586475374,0.6678610148827238,0.7475354846470125,0.7228730017555507,0.7721267872847443,0.6549249882216095,0.7012351779977569
bmi_binary,lstm,240m,all,test,240.0,,1856,3567,0.7179702831511073,0.6663534548781324,0.6661785182963542,0.733335394509028,0.7295258620689655,0.6776747441168751,0.6790564373897707,0.7472621052401365,0.7316810344827587,0.6546233925290876,0.6625622093974157,0.7472621052401365,0.7238881018528167,0.7705486033600333,0.6535922259340611,0.7009011668082826
bmi_binary,lstm,240m,all,test,240.0,,1856,3567,0.7112419400056069,0.6699279805345547,0.6656647556647557,0.7327736620486398,0.7219827586206896,0.6791291225614557,0.6767925483446391,0.7475354846470125,0.7322198275862069,0.660916586475374,0.6678610148827238,0.7475354846470125,0.7228730017555507,0.7721267872847443,0.6549249882216095,0.7012351779977569
bmi_binary,lstm,240m,all,test_old,240.0,,1856,3567,0.7112419400056069,0.6699279805345547,0.6656647556647557,0.7327736620486398,0.7219827586206896,0.6791291225614557,0.6767925483446391,0.7475354846470125,0.7322198275862069,0.660916586475374,0.6678610148827238,0.7475354846470125,0.7228730017555507,0.7721267872847443,0.6549249882216095,0.7012351779977569
bmi_binary,lstm,240m,all,test_old,240.0,,1856,3567,0.7112419400056069,0.6699279805345547,0.6656647556647557,0.7327736620486398,0.7219827586206896,0.6791291225614557,0.6767925483446391,0.7475354846470125,0.7322198275862069,0.660916586475374,0.6678610148827238,0.7475354846470125,0.7228730017555507,0.7721267872847443,0.6549249882216095,0.7012351779977569
bmi_binary,transformer,30s,1,test,0.5,0.5,1856,1856,0.6745689655172413,0.6282368121774123,0.6251332570908824,0.6699340062111802,0.6745689655172413,0.6282368121774123,0.6251332570908824,0.6699340062111802,0.6745689655172413,0.6282368121774123,0.6251332570908824,0.6699340062111802,0.6436551431044113,0.697639918809625,0.60469865167509,0.651583621581173
bmi_binary,transformer,30s,1,test,0.5,0.5,1856,1856,0.6745689655172413,0.6282368121774123,0.6251332570908824,0.6699340062111802,0.6745689655172413,0.6282368121774123,0.6251332570908824,0.6699340062111802,0.6745689655172413,0.6282368121774123,0.6251332570908824,0.6699340062111802,0.6436551431044113,0.697639918809625,0.60469865167509,0.651583621581173
bmi_binary,transformer,30s,10,test,0.5,5.0,1856,18560,0.6886314655172414,0.6418133802816901,0.6393472112378213,0.6977276088596799,0.728448275862069,0.6690250196833173,0.6726974996326077,0.7417822150293062,0.7381465517241379,0.6701076021345465,0.6769135547761502,0.7417822150293062,0.7169665766765942,0.768465820666461,0.6464441611840297,0.6925268941274365
bmi_binary,transformer,30s,10,test,0.5,5.0,1856,18560,0.6886314655172414,0.6418133802816901,0.6393472112378213,0.6977276088596799,0.728448275862069,0.6690250196833173,0.6726974996326077,0.7417822150293062,0.7381465517241379,0.6701076021345465,0.6769135547761502,0.7417822150293062,0.7169665766765942,0.768465820666461,0.6464441611840297,0.6925268941274365
bmi_binary,transformer,30s,100,test,0.5,50.0,1856,185600,0.6941056034482759,0.6429181611407576,0.6420471871036992,0.7019220578224783,0.7311422413793104,0.667521432945499,0.6725683584048285,0.7468807409675443,0.7311422413793104,0.6635847694864841,0.6696042109994702,0.7468807409675443,0.7225132099127074,0.7716998497378312,0.6449437177899189,0.6900638370503607
bmi_binary,transformer,30s,100,test,0.5,50.0,1856,185600,0.6941056034482759,0.6429181611407576,0.6420471871036992,0.7019220578224783,0.7311422413793104,0.667521432945499,0.6725683584048285,0.7468807409675443,0.7311422413793104,0.6635847694864841,0.6696042109994702,0.7468807409675443,0.7225132099127074,0.7716998497378312,0.6449437177899189,0.6900638370503607
bmi_binary,transformer,30s,12,test,0.5,6.0,1856,22272,0.6892061781609196,0.6379627402093722,0.6368888388054952,0.6968175248274064,0.7295258620689655,0.666848919604584,0.6715085941863024,0.7418519267780597,0.7332974137931034,0.6607088181261482,0.6680213644035735,0.7418519267780597,0.7168282700966483,0.7667912029334042,0.6441884928637083,0.6893381141998807
bmi_binary,transformer,30s,12,test,0.5,6.0,1856,22272,0.6892061781609196,0.6379627402093722,0.6368888388054952,0.6968175248274064,0.7295258620689655,0.666848919604584,0.6715085941863024,0.7418519267780597,0.7332974137931034,0.6607088181261482,0.6680213644035735,0.7418519267780597,0.7168282700966483,0.7667912029334042,0.6441884928637083,0.6893381141998807
bmi_binary,transformer,30s,120,test,0.5,60.0,1856,222720,0.694616558908046,0.6433002453124543,0.6424917077561068,0.7026276049640232,0.734375,0.6703427084244598,0.6757837372418474,0.7476762750415538,0.7359913793103449,0.6710152217653749,0.6768503713179121,0.7476762750415538,0.7233419854034329,0.7722247485445144,0.6484864384572693,0.6931562773827137
bmi_binary,transformer,30s,120,test,0.5,60.0,1856,222720,0.694616558908046,0.6433002453124543,0.6424917077561068,0.7026276049640232,0.734375,0.6703427084244598,0.6757837372418474,0.7476762750415538,0.7359913793103449,0.6710152217653749,0.6768503713179121,0.7476762750415538,0.7233419854034329,0.7722247485445144,0.6484864384572693,0.6931562773827137
bmi_binary,transformer,30s,16,test,0.5,8.0,1856,29696,0.6883755387931034,0.640890861473187,0.6386289926651018,0.699350129628826,0.734375,0.6777239524101129,0.6810324002014883,0.7444627001137258,0.7359913793103449,0.670523138832998,0.6764848174393123,0.7444627001137258,0.7192037377423345,0.7699880528564668,0.6553543321235397,0.7002990053112033
bmi_binary,transformer,30s,16,test,0.5,8.0,1856,29696,0.6883755387931034,0.640890861473187,0.6386289926651018,0.699350129628826,0.734375,0.6777239524101129,0.6810324002014883,0.7444627001137258,0.7359913793103449,0.670523138832998,0.6764848174393123,0.7444627001137258,0.7192037377423345,0.7699880528564668,0.6553543321235397,0.7002990053112033
bmi_binary,transformer,30s,160,test,0.5,80.0,1856,296960,0.6938240840517241,0.6430942311477561,0.6420722401862388,0.7015243640532906,0.7376077586206896,0.6766085644300586,0.6814991393268603,0.745679238474324,0.734375,0.6703427084244598,0.6757837372418474,0.745679238474324,0.7208463299649123,0.7703308422907302,0.6539296126295832,0.6990509314063302
bmi_binary,transformer,30s,160,test,0.5,80.0,1856,296960,0.6938240840517241,0.6430942311477561,0.6420722401862388,0.7015243640532906,0.7376077586206896,0.6766085644300586,0.6814991393268603,0.745679238474324,0.734375,0.6703427084244598,0.6757837372418474,0.745679238474324,0.7208463299649123,0.7703308422907302,0.6539296126295832,0.6990509314063302
bmi_binary,transformer,30s,2,test,0.5,1.0,1856,3712,0.6449353448275862,0.5960600559881025,0.5929996569242242,0.6418312866328405,0.6891163793103449,0.6357656810427784,0.6352935447101808,0.6684604912081183,0.7058189655172413,0.5956390517015134,0.5995827406353722,0.6684604912081183,0.6414420054280223,0.6971746372498152,0.6111255075871704,0.6609721451638285
bmi_binary,transformer,30s,2,test,0.5,1.0,1856,3712,0.6449353448275862,0.5960600559881025,0.5929996569242242,0.6418312866328405,0.6891163793103449,0.6357656810427784,0.6352935447101808,0.6684604912081183,0.7058189655172413,0.5956390517015134,0.5995827406353722,0.6684604912081183,0.6414420054280223,0.6971746372498152,0.6111255075871704,0.6609721451638285
bmi_binary,transformer,30s,20,test,0.5,10.0,1856,37120,0.6904364224137931,0.6391771826611845,0.6381617941467632,0.6992859039426778,0.7359913793103449,0.6729835534948823,0.678295259184843,0.7450381637651999,0.7311422413793104,0.6606322718922228,0.6673054892884354,0.7450381637651999,0.7201590446397089,0.7695723898875308,0.6513286771532752,0.6955081870994462
bmi_binary,transformer,30s,20,test,0.5,10.0,1856,37120,0.6904364224137931,0.6391771826611845,0.6381617941467632,0.6992859039426778,0.7359913793103449,0.6729835534948823,0.678295259184843,0.7450381637651999,0.7311422413793104,0.6606322718922228,0.6673054892884354,0.7450381637651999,0.7201590446397089,0.7695723898875308,0.6513286771532752,0.6955081870994462
bmi_binary,transformer,30s,200,test,0.5,100.0,1856,371200,0.6945447198275863,0.6429146892222903,0.6421965807014468,0.7025765398095091,0.7354525862068966,0.6716111888723646,0.6770990161982697,0.7475928943224565,0.7359913793103449,0.6710152217653749,0.6768503713179121,0.7475928943224565,0.7236851572491655,0.7722717291784038,0.6493656994168762,0.6935375160774769
bmi_binary,transformer,30s,200,test,0.5,100.0,1856,371200,0.6945447198275863,0.6429146892222903,0.6421965807014468,0.7025765398095091,0.7354525862068966,0.6716111888723646,0.6770990161982697,0.7475928943224565,0.7359913793103449,0.6710152217653749,0.6768503713179121,0.7475928943224565,0.7236851572491655,0.7722717291784038,0.6493656994168762,0.6935375160774769
bmi_binary,transformer,30s,25,test,0.5,12.5,1856,46400,0.6925431034482759,0.6412461726883036,0.6403363277059283,0.7006874868777885,0.7376077586206896,0.6741481497681743,0.6797295741111149,0.7462629035080045,0.7327586206896551,0.6667176974892836,0.6725234070406101,0.7462629035080045,0.7218558986422423,0.771535731771103,0.6517809523320843,0.6970194167235422
bmi_binary,transformer,30s,25,test,0.5,12.5,1856,46400,0.6925431034482759,0.6412461726883036,0.6403363277059283,0.7006874868777885,0.7376077586206896,0.6741481497681743,0.6797295741111149,0.7462629035080045,0.7327586206896551,0.6667176974892836,0.6725234070406101,0.7462629035080045,0.7218558986422423,0.771535731771103,0.6517809523320843,0.6970194167235422
bmi_binary,transformer,30s,250,test,0.5,125.0,1856,464000,0.6946724137931034,0.6433314670632491,0.6425329299235234,0.7024590610292187,0.7338362068965517,0.669462426734319,0.6749442324355217,0.7474493701338465,0.7327586206896551,0.6667176974892836,0.6725234070406101,0.7474493701338465,0.7231282086200593,0.772046591249502,0.6470636312909,0.6920670802700218
bmi_binary,transformer,30s,250,test,0.5,125.0,1856,464000,0.6946724137931034,0.6433314670632491,0.6425329299235234,0.7024590610292187,0.7338362068965517,0.669462426734319,0.6749442324355217,0.7474493701338465,0.7327586206896551,0.6667176974892836,0.6725234070406101,0.7474493701338465,0.7231282086200593,0.772046591249502,0.6470636312909,0.6920670802700218
bmi_binary,transformer,30s,3,test,0.5,1.5,1856,5568,0.6684626436781609,0.6179322310675648,0.6158855420137894,0.6657054342966009,0.7192887931034483,0.6555364797480535,0.6596361782987511,0.7043059990377045,0.6993534482758621,0.6377285451841483,0.6399274047186932,0.7043059990377045,0.6777974432501587,0.730364882218908,0.6319764271826595,0.6786597573910862
bmi_binary,transformer,30s,3,test,0.5,1.5,1856,5568,0.6684626436781609,0.6179322310675648,0.6158855420137894,0.6657054342966009,0.7192887931034483,0.6555364797480535,0.6596361782987511,0.7043059990377045,0.6993534482758621,0.6377285451841483,0.6399274047186932,0.7043059990377045,0.6777974432501587,0.730364882218908,0.6319764271826595,0.6786597573910862
bmi_binary,transformer,30s,30,test,0.5,15.0,1856,55680,0.6917564655172413,0.6391112982241274,0.6385602667782686,0.7005089314571,0.734375,0.6703427084244598,0.6757837372418474,0.7457530509141808,0.7354525862068966,0.666690359548596,0.6734004598146048,0.7457530509141808,0.7208190673373308,0.7715914660030261,0.6486870802448255,0.6929207284653919
bmi_binary,transformer,30s,30,test,0.5,15.0,1856,55680,0.6917564655172413,0.6391112982241274,0.6385602667782686,0.7005089314571,0.734375,0.6703427084244598,0.6757837372418474,0.7457530509141808,0.7354525862068966,0.666690359548596,0.6734004598146048,0.7457530509141808,0.7208190673373308,0.7715914660030261,0.6486870802448255,0.6929207284653919
bmi_binary,transformer,30s,320,test,0.5,160.0,1856,593920,0.6943275188577587,0.642917200895591,0.6421233405557265,0.7020149333541051,0.7359913793103449,0.6724914705625055,0.6779366185611405,0.7465909587962557,0.7332974137931034,0.6680900621118012,0.6737369077665403,0.7465909587962557,0.7222402080179993,0.7711307102525163,0.6499361273859878,0.6946794563368768
bmi_binary,transformer,30s,320,test,0.5,160.0,1856,593920,0.6943275188577587,0.642917200895591,0.6421233405557265,0.7020149333541051,0.7359913793103449,0.6724914705625055,0.6779366185611405,0.7465909587962557,0.7332974137931034,0.6680900621118012,0.6737369077665403,0.7465909587962557,0.7222402080179993,0.7711307102525163,0.6499361273859878,0.6946794563368768
bmi_binary,transformer,30s,4,test,0.5,2.0,1856,7424,0.671875,0.628879253783571,0.6246226167975222,0.6819137481136821,0.7203663793103449,0.665662452978742,0.6673415859278815,0.7243433426646837,0.7182112068965517,0.6360609308022045,0.6431995912568668,0.7243433426646837,0.6989923729037089,0.7498300985098127,0.6410677993214272,0.6884661575605083
bmi_binary,transformer,30s,4,test,0.5,2.0,1856,7424,0.671875,0.628879253783571,0.6246226167975222,0.6819137481136821,0.7203663793103449,0.665662452978742,0.6673415859278815,0.7243433426646837,0.7182112068965517,0.6360609308022045,0.6431995912568668,0.7243433426646837,0.6989923729037089,0.7498300985098127,0.6410677993214272,0.6884661575605083
bmi_binary,transformer,30s,40,test,0.5,20.0,1856,74240,0.69453125,0.6442557519027207,0.6431273573906995,0.7017868932344065,0.7392241379310345,0.6762969119062199,0.681880251803249,0.7466757064123875,0.7338362068965517,0.6679861779371884,0.6738438771735109,0.7466757064123875,0.7230840759738645,0.7707142877426408,0.6540664079674353,0.6999896069283811
bmi_binary,transformer,30s,40,test,0.5,20.0,1856,74240,0.69453125,0.6442557519027207,0.6431273573906995,0.7017868932344065,0.7392241379310345,0.6762969119062199,0.681880251803249,0.7466757064123875,0.7338362068965517,0.6679861779371884,0.6738438771735109,0.7466757064123875,0.7230840759738645,0.7707142877426408,0.6540664079674353,0.6999896069283811
bmi_binary,transformer,30s,400,test,0.5,200.0,1856,742400,0.6943480603448275,0.6429267725920742,0.6421371513112363,0.7022212699601139,0.7359913793103449,0.6719993876301287,0.6775762629421166,0.7470721065523576,0.7332974137931034,0.6675979791794244,0.673368504620631,0.7470721065523576,0.7228223688868608,0.771855417743822,0.6492358348962666,0.6947853536154621
bmi_binary,transformer,30s,400,test,0.5,200.0,1856,742400,0.6943480603448275,0.6429267725920742,0.6421371513112363,0.7022212699601139,0.7359913793103449,0.6719993876301287,0.6775762629421166,0.7470721065523576,0.7332974137931034,0.6675979791794244,0.673368504620631,0.7470721065523576,0.7228223688868608,0.771855417743822,0.6492358348962666,0.6947853536154621
bmi_binary,transformer,30s,5,test,0.5,2.5,1856,9280,0.6851293103448276,0.6338771761000788,0.6326337646325134,0.6857043347038754,0.7257543103448276,0.6631473624354824,0.6674756521191254,0.7300227998425334,0.71875,0.6561324468550433,0.6599100237577717,0.7300227998425334,0.7051996767906386,0.7562737631982831,0.6404194486907229,0.685661789021164
bmi_binary,transformer,30s,5,test,0.5,2.5,1856,9280,0.6851293103448276,0.6338771761000788,0.6326337646325134,0.6857043347038754,0.7257543103448276,0.6631473624354824,0.6674756521191254,0.7300227998425334,0.71875,0.6561324468550433,0.6599100237577717,0.7300227998425334,0.7051996767906386,0.7562737631982831,0.6404194486907229,0.685661789021164
bmi_binary,transformer,30s,50,test,0.5,25.0,1856,92800,0.694073275862069,0.6434607645875252,0.64241449881841,0.7020954504199107,0.7354525862068966,0.6735795206018721,0.6785296893051476,0.7471090127722858,0.7316810344827587,0.6679096317032631,0.67304293688582,0.7471090127722858,0.7228939482407146,0.7715501830451437,0.6513500816880474,0.6962163437521897
bmi_binary,transformer,30s,50,test,0.5,25.0,1856,92800,0.694073275862069,0.6434607645875252,0.64241449881841,0.7020954504199107,0.7354525862068966,0.6735795206018721,0.6785296893051476,0.7471090127722858,0.7316810344827587,0.6679096317032631,0.67304293688582,0.7471090127722858,0.7228939482407146,0.7715501830451437,0.6513500816880474,0.6962163437521897
bmi_binary,transformer,30s,500,test,0.5,250.0,1856,928000,0.6945959051724138,0.6431562746041466,0.6423837232446599,0.7023517914361167,0.7354525862068966,0.6716111888723646,0.6770990161982697,0.7470598044790482,0.7322198275862069,0.6678057475286502,0.6731531793290022,0.7470598044790482,0.7228462239445547,0.7716497853590616,0.6485950026309137,0.6945614400277618
bmi_binary,transformer,30s,500,test,0.5,250.0,1856,928000,0.6945959051724138,0.6431562746041466,0.6423837232446599,0.7023517914361167,0.7354525862068966,0.6716111888723646,0.6770990161982697,0.7470598044790482,0.7322198275862069,0.6678057475286502,0.6731531793290022,0.7470598044790482,0.7228462239445547,0.7716497853590616,0.6485950026309137,0.6945614400277618
bmi_binary,transformer,30s,6,test,0.5,3.0,1856,11136,0.6828304597701149,0.6327129443326627,0.6310455938465575,0.6914852072884166,0.7306034482758621,0.671561980579127,0.6752951385244124,0.7372413830810951,0.7198275862068966,0.638701775872627,0.645909645909646,0.7372413830810951,0.7127971425079467,0.7625313228803954,0.6483540196328655,0.6949390021470141
bmi_binary,transformer,30s,6,test,0.5,3.0,1856,11136,0.6828304597701149,0.6327129443326627,0.6310455938465575,0.6914852072884166,0.7306034482758621,0.671561980579127,0.6752951385244124,0.7372413830810951,0.7198275862068966,0.638701775872627,0.645909645909646,0.7372413830810951,0.7127971425079467,0.7625313228803954,0.6483540196328655,0.6949390021470141
bmi_binary,transformer,30s,60,test,0.5,30.0,1856,111360,0.6934446839080459,0.64155786166273,0.6408643780665655,0.7013008872984282,0.7359913793103449,0.6715073046977518,0.6772141834949914,0.7457120440031493,0.7322198275862069,0.6638690840696352,0.6701725705659254,0.7457120440031493,0.7208275869536804,0.7709581444137282,0.649617167688242,0.6949590863626265
bmi_binary,transformer,30s,60,test,0.5,30.0,1856,111360,0.6934446839080459,0.64155786166273,0.6408643780665655,0.7013008872984282,0.7359913793103449,0.6715073046977518,0.6772141834949914,0.7457120440031493,0.7322198275862069,0.6638690840696352,0.6701725705659254,0.7457120440031493,0.7208275869536804,0.7709581444137282,0.649617167688242,0.6949590863626265
bmi_binary,transformer,30s,8,test,0.5,4.0,1856,14848,0.6851427801724138,0.6370239097629253,0.6348378353231235,0.6917673991469195,0.7273706896551724,0.6702169538972969,0.6731393568147014,0.7355259273029482,0.7295258620689655,0.656023095092293,0.6631262293185236,0.7355259273029482,0.7101614557492189,0.7608834805281894,0.6482219113851018,0.6930263505439639
bmi_binary,transformer,30s,8,test,0.5,4.0,1856,14848,0.6851427801724138,0.6370239097629253,0.6348378353231235,0.6917673991469195,0.7273706896551724,0.6702169538972969,0.6731393568147014,0.7355259273029482,0.7295258620689655,0.656023095092293,0.6631262293185236,0.7355259273029482,0.7101614557492189,0.7608834805281894,0.6482219113851018,0.6930263505439639
bmi_binary,transformer,30s,80,test,0.5,40.0,1856,148480,0.6942955280172414,0.6426650254789608,0.6419353649754047,0.7023743554653328,0.7322198275862069,0.6673136645962733,0.6727868026696889,0.7470953438019421,0.7322198275862069,0.6643611670020121,0.6705514108046389,0.7470953438019421,0.7223156392281462,0.7718801044405305,0.645145092984195,0.6900327650468384
bmi_binary,transformer,30s,80,test,0.5,40.0,1856,148480,0.6942955280172414,0.6426650254789608,0.6419353649754047,0.7023743554653328,0.7322198275862069,0.6673136645962733,0.6727868026696889,0.7470953438019421,0.7322198275862069,0.6643611670020121,0.6705514108046389,0.7470953438019421,0.7223156392281462,0.7718801044405305,0.645145092984195,0.6900327650468384
bmi_binary,transformer,30s,all,test,0.5,,1856,2077920,0.6978772041272041,0.6414622159758877,0.6415002750871909,0.7011746355916855,0.7349137931034483,0.6707309071822238,0.6762602476888191,0.747080307934564,0.7327586206896551,0.6672097804216603,0.6728934370891518,0.747080307934564,0.7227639635142733,0.7718562627493075,0.6483247146296751,0.6931156347890736
bmi_binary,transformer,30s,all,test,0.5,,1856,2077920,0.6978772041272041,0.6414622159758877,0.6415002750871909,0.7011746355916855,0.7349137931034483,0.6707309071822238,0.6762602476888191,0.747080307934564,0.7327586206896551,0.6672097804216603,0.6728934370891518,0.747080307934564,0.7227639635142733,0.7718562627493075,0.6483247146296751,0.6931156347890736
bmi_binary,transformer,10m,1,test,10.0,10.0,1856,1856,0.6691810344827587,0.637641063773948,0.6291184507374125,0.6785522920129473,0.6691810344827587,0.637641063773948,0.6291184507374125,0.6785522920129473,0.6691810344827587,0.637641063773948,0.6291184507374125,0.6785522920129473,0.6524097210383448,0.705293866346873,0.6149566677645957,0.6620545989501653
bmi_binary,transformer,10m,1,test,10.0,10.0,1856,1856,0.6691810344827587,0.637641063773948,0.6291184507374125,0.6785522920129473,0.6691810344827587,0.637641063773948,0.6291184507374125,0.6785522920129473,0.6691810344827587,0.637641063773948,0.6291184507374125,0.6785522920129473,0.6524097210383448,0.705293866346873,0.6149566677645957,0.6620545989501653
bmi_binary,transformer,10m,10,test,10.0,100.0,1856,18560,0.6900323275862069,0.6486784839471613,0.6443944724862304,0.7091209280137345,0.7279094827586207,0.6774943137083369,0.6782749429769384,0.7521637980054239,0.7408405172413793,0.6784456740442656,0.6840283049954218,0.7521637980054239,0.7295353971843471,0.7768962503919821,0.6549009790052992,0.7003046096937442
bmi_binary,transformer,10m,10,test,10.0,100.0,1856,18560,0.6900323275862069,0.6486784839471613,0.6443944724862304,0.7091209280137345,0.7279094827586207,0.6774943137083369,0.6782749429769384,0.7521637980054239,0.7408405172413793,0.6784456740442656,0.6840283049954218,0.7521637980054239,0.7295353971843471,0.7768962503919821,0.6549009790052992,0.7003046096937442
bmi_binary,transformer,10m,100,test,10.0,1000.0,1856,103418,0.6968032644220542,0.6507458710298968,0.6474381579893596,0.7124727080719804,0.7354525862068966,0.6844053451141633,0.6859297062587216,0.7552652873764324,0.7306034482758621,0.6740223952410113,0.6770151747180844,0.7552652873764324,0.7319976662424976,0.7793704631031404,0.6625676005731048,0.7054368610056567
bmi_binary,transformer,10m,100,test,10.0,1000.0,1856,103418,0.6968032644220542,0.6507458710298968,0.6474381579893596,0.7124727080719804,0.7354525862068966,0.6844053451141633,0.6859297062587216,0.7552652873764324,0.7306034482758621,0.6740223952410113,0.6770151747180844,0.7552652873764324,0.7319976662424976,0.7793704631031404,0.6625676005731048,0.7054368610056567
bmi_binary,transformer,10m,12,test,10.0,120.0,1856,22272,0.6921695402298851,0.6492833814481089,0.6456202864431514,0.7100694159674229,0.7279094827586207,0.6755259819788295,0.6769745451337157,0.7525601981453941,0.7338362068965517,0.6709386755314496,0.6760289461781999,0.7525601981453941,0.7290809362053807,0.7772738711636041,0.6528823146553897,0.6979793247744012
bmi_binary,transformer,10m,12,test,10.0,120.0,1856,22272,0.6921695402298851,0.6492833814481089,0.6456202864431514,0.7100694159674229,0.7279094827586207,0.6755259819788295,0.6769745451337157,0.7525601981453941,0.7338362068965517,0.6709386755314496,0.6760289461781999,0.7525601981453941,0.7290809362053807,0.7772738711636041,0.6528823146553897,0.6979793247744012
bmi_binary,transformer,10m,16,test,10.0,160.0,1856,29696,0.6930899784482759,0.6504386372583326,0.6467262271810369,0.7108119163349663,0.7306034482758621,0.6804194733619107,0.6813007325962039,0.7545818388592423,0.7279094827586207,0.6651922403989152,0.6697270335935614,0.7545818388592423,0.7309662422092669,0.7785921551275622,0.6575104365761527,0.7020654833366835
bmi_binary,transformer,10m,16,test,10.0,160.0,1856,29696,0.6930899784482759,0.6504386372583326,0.6467262271810369,0.7108119163349663,0.7306034482758621,0.6804194733619107,0.6813007325962039,0.7545818388592423,0.7279094827586207,0.6651922403989152,0.6697270335935614,0.7545818388592423,0.7309662422092669,0.7785921551275622,0.6575104365761527,0.7020654833366835
bmi_binary,transformer,10m,2,test,10.0,20.0,1856,3712,0.6371228448275862,0.6056857449042079,0.596867052083707,0.6525583528343977,0.6686422413793104,0.6313478698276616,0.6250255005918108,0.6781217194471175,0.6939655172413793,0.5944799230163591,0.5987821215442699,0.6781217194471175,0.651026942824742,0.7049873284346038,0.6070761240532346,0.6554362501883233
bmi_binary,transformer,10m,2,test,10.0,20.0,1856,3712,0.6371228448275862,0.6056857449042079,0.596867052083707,0.6525583528343977,0.6686422413793104,0.6313478698276616,0.6250255005918108,0.6781217194471175,0.6939655172413793,0.5944799230163591,0.5987821215442699,0.6781217194471175,0.651026942824742,0.7049873284346038,0.6070761240532346,0.6554362501883233
bmi_binary,transformer,10m,20,test,10.0,200.0,1856,37120,0.6939116379310345,0.6510798486571603,0.6474619070899943,0.7112114176225833,0.7349137931034483,0.6830329804916455,0.6848087214407608,0.7540774538535562,0.7300646551724138,0.667237118362348,0.6719824324681853,0.7540774538535562,0.730729993887264,0.7783144851535236,0.6608973395167113,0.7051863985234267
bmi_binary,transformer,10m,20,test,10.0,200.0,1856,37120,0.6939116379310345,0.6510798486571603,0.6474619070899943,0.7112114176225833,0.7349137931034483,0.6830329804916455,0.6848087214407608,0.7540774538535562,0.7300646551724138,0.667237118362348,0.6719824324681853,0.7540774538535562,0.730729993887264,0.7783144851535236,0.6608973395167113,0.7051863985234267
bmi_binary,transformer,10m,25,test,10.0,250.0,1856,46400,0.6930603448275862,0.6507519027206718,0.6469163825498626,0.7131180703787945,0.7289870689655172,0.6782707112238648,0.6792275909461839,0.7554689550345552,0.7300646551724138,0.6736341964832473,0.6765393112559837,0.7554689550345552,0.7313791089391986,0.7790692561781958,0.6552549049454749,0.7010593389301735
bmi_binary,transformer,10m,25,test,10.0,250.0,1856,46400,0.6930603448275862,0.6507519027206718,0.6469163825498626,0.7131180703787945,0.7289870689655172,0.6782707112238648,0.6792275909461839,0.7554689550345552,0.7300646551724138,0.6736341964832473,0.6765393112559837,0.7554689550345552,0.7313791089391986,0.7790692561781958,0.6552549049454749,0.7010593389301735
bmi_binary,transformer,10m,3,test,10.0,30.0,1856,5568,0.6628951149425287,0.6272070830781792,0.6201925832219323,0.6782256795604544,0.7079741379310345,0.6631309596710699,0.6608242027976932,0.7181895722159042,0.6961206896551724,0.6536064211355087,0.649958869204069,0.7181895722159042,0.6933411136319797,0.7441729030327819,0.6395508258391372,0.6870111642358417
bmi_binary,transformer,10m,3,test,10.0,30.0,1856,5568,0.6628951149425287,0.6272070830781792,0.6201925832219323,0.6782256795604544,0.7079741379310345,0.6631309596710699,0.6608242027976932,0.7181895722159042,0.6961206896551724,0.6536064211355087,0.649958869204069,0.7181895722159042,0.6933411136319797,0.7441729030327819,0.6395508258391372,0.6870111642358417
bmi_binary,transformer,10m,30,test,10.0,300.0,1856,55673,0.6932804052233579,0.6508935513485576,0.6471023888245967,0.7120106647312758,0.7327586206896551,0.6809881025282127,0.6825700701908766,0.754518961595661,0.7311422413793104,0.6719501793368909,0.6757706339378956,0.754518961595661,0.7312441854876591,0.7790509479341037,0.6590995554418579,0.703543978881799
bmi_binary,transformer,10m,30,test,10.0,300.0,1856,55673,0.6932804052233579,0.6508935513485576,0.6471023888245967,0.7120106647312758,0.7327586206896551,0.6809881025282127,0.6825700701908766,0.754518961595661,0.7311422413793104,0.6719501793368909,0.6757706339378956,0.754518961595661,0.7312441854876591,0.7790509479341037,0.6590995554418579,0.703543978881799
bmi_binary,transformer,10m,4,test,10.0,40.0,1856,7424,0.6706627155172413,0.6332956981016534,0.6270401098188169,0.6932981209266469,0.7160560344827587,0.6699381069022833,0.6684958314226578,0.7364772876388768,0.71875,0.6398937100866066,0.6467329713268078,0.7364772876388768,0.7115898682841519,0.7617355325817329,0.6463347656577852,0.6921853157502299
bmi_binary,transformer,10m,4,test,10.0,40.0,1856,7424,0.6706627155172413,0.6332956981016534,0.6270401098188169,0.6932981209266469,0.7160560344827587,0.6699381069022833,0.6684958314226578,0.7364772876388768,0.71875,0.6398937100866066,0.6467329713268078,0.7364772876388768,0.7115898682841519,0.7617355325817329,0.6463347656577852,0.6921853157502299
bmi_binary,transformer,10m,40,test,10.0,400.0,1856,74104,0.694577890532225,0.6518454592359695,0.6482278127984618,0.7133611144804908,0.7316810344827587,0.679227539147931,0.6809649253607701,0.7551860073484384,0.7354525862068966,0.6755478523313796,0.679933352229044,0.7551860073484384,0.7318030913633893,0.7790648925233369,0.6576808269670297,0.7009059419515045
bmi_binary,transformer,10m,40,test,10.0,400.0,1856,74104,0.694577890532225,0.6518454592359695,0.6482278127984618,0.7133611144804908,0.7316810344827587,0.679227539147931,0.6809649253607701,0.7551860073484384,0.7354525862068966,0.6755478523313796,0.679933352229044,0.7551860073484384,0.7318030913633893,0.7790648925233369,0.6576808269670297,0.7009059419515045
bmi_binary,transformer,10m,5,test,10.0,50.0,1856,9280,0.6795258620689655,0.640272067185723,0.6349127633856184,0.6947458665033681,0.7144396551724138,0.662868515440469,0.6631878817760977,0.737319296212055,0.7117456896551724,0.660927521651649,0.6608482550742458,0.737319296212055,0.7130569477646639,0.7636015415364614,0.6392724189927462,0.6865084156923302
bmi_binary,transformer,10m,5,test,10.0,50.0,1856,9280,0.6795258620689655,0.640272067185723,0.6349127633856184,0.6947458665033681,0.7144396551724138,0.662868515440469,0.6631878817760977,0.737319296212055,0.7117456896551724,0.660927521651649,0.6608482550742458,0.737319296212055,0.7130569477646639,0.7636015415364614,0.6392724189927462,0.6865084156923302
bmi_binary,transformer,10m,50,test,10.0,500.0,1856,90998,0.6947625222532363,0.6513391601233086,0.6477760687542775,0.7135119788370882,0.7338362068965517,0.6827486659084945,0.6841710758377425,0.7551408997463039,0.7316810344827587,0.6738146268917855,0.6772841095886584,0.7551408997463039,0.7317997408045707,0.7793385314524977,0.6608190757393365,0.7050783449312138
bmi_binary,transformer,10m,50,test,10.0,500.0,1856,90998,0.6947625222532363,0.6513391601233086,0.6477760687542775,0.7135119788370882,0.7338362068965517,0.6827486659084945,0.6841710758377425,0.7551408997463039,0.7316810344827587,0.6738146268917855,0.6772841095886584,0.7551408997463039,0.7317997408045707,0.7793385314524977,0.6608190757393365,0.7050783449312138
bmi_binary,transformer,10m,6,test,10.0,60.0,1856,11136,0.6822916666666666,0.640444113959117,0.6360874129842615,0.7007765380021677,0.7225215517241379,0.6726281602659434,0.6728823716028058,0.7450819044703001,0.7332974137931034,0.6636613157204094,0.670356994849328,0.7450819044703001,0.7200999808764958,0.7699934277076727,0.6499993203669675,0.6951099551155484
bmi_binary,transformer,10m,6,test,10.0,60.0,1856,11136,0.6822916666666666,0.640444113959117,0.6360874129842615,0.7007765380021677,0.7225215517241379,0.6726281602659434,0.6728823716028058,0.7450819044703001,0.7332974137931034,0.6636613157204094,0.670356994849328,0.7450819044703001,0.7200999808764958,0.7699934277076727,0.6499993203669675,0.6951099551155484
bmi_binary,transformer,10m,60,test,10.0,600.0,1856,99177,0.6958165703741795,0.6506841288569067,0.6472648764361952,0.7129046427693022,0.7359913793103449,0.6852856268043042,0.6867283950617283,0.7553432005073921,0.7300646551724138,0.6726500306184935,0.6758564553771715,0.7553432005073921,0.7318554666312486,0.7793514722473308,0.6630620730537655,0.7063408692253801
bmi_binary,transformer,10m,60,test,10.0,600.0,1856,99177,0.6958165703741795,0.6506841288569067,0.6472648764361952,0.7129046427693022,0.7359913793103449,0.6852856268043042,0.6867283950617283,0.7553432005073921,0.7300646551724138,0.6726500306184935,0.6758564553771715,0.7553432005073921,0.7318554666312486,0.7793514722473308,0.6630620730537655,0.7063408692253801
bmi_binary,transformer,10m,8,test,10.0,80.0,1856,14848,0.6862203663793104,0.6452430616306535,0.6406993358227184,0.7044915766678876,0.7316810344827587,0.6811958708774386,0.6822564587722145,0.7480637903508005,0.7381465517241379,0.6730600997288076,0.679125757705114,0.7480637903508005,0.7240416958163602,0.772417979140441,0.659066260286139,0.7042115587240313
bmi_binary,transformer,10m,8,test,10.0,80.0,1856,14848,0.6862203663793104,0.6452430616306535,0.6406993358227184,0.7044915766678876,0.7316810344827587,0.6811958708774386,0.6822564587722145,0.7480637903508005,0.7381465517241379,0.6730600997288076,0.679125757705114,0.7480637903508005,0.7240416958163602,0.772417979140441,0.659066260286139,0.7042115587240313
bmi_binary,transformer,10m,80,test,10.0,800.0,1856,103259,0.69678187857717,0.6507734909996512,0.6475009044604735,0.7125138569323788,0.7354525862068966,0.6844053451141633,0.6859297062587216,0.7551969425247136,0.7306034482758621,0.6740223952410113,0.6770151747180844,0.7551969425247136,0.7319129967535841,0.7793336549712467,0.6625676005731048,0.7054368610056567
bmi_binary,transformer,10m,80,test,10.0,800.0,1856,103259,0.69678187857717,0.6507734909996512,0.6475009044604735,0.7125138569323788,0.7354525862068966,0.6844053451141633,0.6859297062587216,0.7551969425247136,0.7306034482758621,0.6740223952410113,0.6770151747180844,0.7551969425247136,0.7319129967535841,0.7793336549712467,0.6625676005731048,0.7054368610056567
bmi_binary,transformer,10m,all,test,10.0,,1856,103428,0.6967939049387013,0.6507343166824614,0.6474205756759486,0.7124685797357813,0.7354525862068966,0.6844053451141633,0.6859297062587216,0.7552584528912606,0.7306034482758621,0.6740223952410113,0.6770151747180844,0.7552584528912606,0.7319934996955739,0.7793703244661088,0.6625676005731048,0.7054368610056567
bmi_binary,transformer,10m,all,test,10.0,,1856,103428,0.6967939049387013,0.6507343166824614,0.6474205756759486,0.7124685797357813,0.7354525862068966,0.6844053451141633,0.6859297062587216,0.7552584528912606,0.7306034482758621,0.6740223952410113,0.6770151747180844,0.7552584528912606,0.7319934996955739,0.7793703244661088,0.6625676005731048,0.7054368610056567
bmi_binary,transformer,40m,1,test,40.0,40.0,1856,1856,0.6810344827586207,0.6451972705800018,0.6385969528721417,0.7137997823899921,0.6810344827586207,0.6451972705800018,0.6385969528721417,0.7137997823899921,0.6810344827586207,0.6451972705800018,0.6385969528721417,0.7137997823899921,0.6875458202354524,0.7387460120943047,0.6205168143163332,0.668505948557819
bmi_binary,transformer,40m,1,test,40.0,40.0,1856,1856,0.6810344827586207,0.6451972705800018,0.6385969528721417,0.7137997823899921,0.6810344827586207,0.6451972705800018,0.6385969528721417,0.7137997823899921,0.6810344827586207,0.6451972705800018,0.6385969528721417,0.7137997823899921,0.6875458202354524,0.7387460120943047,0.6205168143163332,0.668505948557819
bmi_binary,transformer,40m,10,test,40.0,400.0,1856,18514,0.6928810629793669,0.6666697159518091,0.6563274279056324,0.7250620429943986,0.728448275862069,0.6985499956259296,0.691016112729651,0.7546829892397866,0.7359913793103449,0.6985718659784795,0.6947790517691564,0.7546829892397866,0.7293555302812373,0.7778319663783603,0.6755493857514069,0.7198971587983785
bmi_binary,transformer,40m,10,test,40.0,400.0,1856,18514,0.6928810629793669,0.6666697159518091,0.6563274279056324,0.7250620429943986,0.728448275862069,0.6985499956259296,0.691016112729651,0.7546829892397866,0.7359913793103449,0.6985718659784795,0.6947790517691564,0.7546829892397866,0.7293555302812373,0.7778319663783603,0.6755493857514069,0.7198971587983785
bmi_binary,transformer,40m,12,test,40.0,480.0,1856,21875,0.6934857142857143,0.6671040183383254,0.6567071587649409,0.7259526413446614,0.7268318965517241,0.6978774822850144,0.6898361984999284,0.7549440665733531,0.7365301724137931,0.6984679818038667,0.6949821392023084,0.7549440665733531,0.7295378875974036,0.7777624867331123,0.6743827442509472,0.7189075119517134
bmi_binary,transformer,40m,12,test,40.0,480.0,1856,21875,0.6934857142857143,0.6671040183383254,0.6567071587649409,0.7259526413446614,0.7268318965517241,0.6978774822850144,0.6898361984999284,0.7549440665733531,0.7365301724137931,0.6984679818038667,0.6949821392023084,0.7549440665733531,0.7295378875974036,0.7777624867331123,0.6743827442509472,0.7189075119517134
bmi_binary,transformer,40m,16,test,40.0,640.0,1856,24772,0.6957855643468432,0.6654637024366481,0.6560054387619936,0.7251565778303632,0.7257543103448276,0.6961169189047327,0.6883488762363972,0.7549727714110751,0.7365301724137931,0.7014204793981279,0.696643533489961,0.7549727714110751,0.7296718092466831,0.7782119757434268,0.6727199240847077,0.7172539495394433
bmi_binary,transformer,40m,16,test,40.0,640.0,1856,24772,0.6957855643468432,0.6654637024366481,0.6560054387619936,0.7251565778303632,0.7257543103448276,0.6961169189047327,0.6883488762363972,0.7549727714110751,0.7365301724137931,0.7014204793981279,0.696643533489961,0.7549727714110751,0.7296718092466831,0.7782119757434268,0.6727199240847077,0.7172539495394433
bmi_binary,transformer,40m,2,test,40.0,80.0,1856,3712,0.665948275862069,0.6390024932201908,0.6285381793296242,0.6961683484056513,0.703125,0.6684946636339777,0.6620578052408242,0.7222082494969819,0.7176724137931034,0.6307519027206718,0.6381684001553667,0.7222082494969819,0.6964468419699364,0.7461215494225517,0.6446426471219818,0.6909710621407609
bmi_binary,transformer,40m,2,test,40.0,80.0,1856,3712,0.665948275862069,0.6390024932201908,0.6285381793296242,0.6961683484056513,0.703125,0.6684946636339777,0.6620578052408242,0.7222082494969819,0.7176724137931034,0.6307519027206718,0.6381684001553667,0.7222082494969819,0.6964468419699364,0.7461215494225517,0.6446426471219818,0.6909710621407609
bmi_binary,transformer,40m,20,test,40.0,800.0,1856,25227,0.6960003171205454,0.6653451543725775,0.6560038904201295,0.7247076049203396,0.7241379310344828,0.694460239699064,0.6866448677887944,0.7551053604234099,0.7359913793103449,0.7020164465051177,0.6967028979707268,0.7551053604234099,0.7298024425694618,0.7785015285749066,0.6708617458182536,0.7162865970362221
bmi_binary,transformer,40m,20,test,40.0,800.0,1856,25227,0.6960003171205454,0.6653451543725775,0.6560038904201295,0.7247076049203396,0.7241379310344828,0.694460239699064,0.6866448677887944,0.7551053604234099,0.7359913793103449,0.7020164465051177,0.6967028979707268,0.7551053604234099,0.7298024425694618,0.7785015285749066,0.6708617458182536,0.7162865970362221
bmi_binary,transformer,40m,25,test,40.0,1000.0,1856,25259,0.695752009184845,0.6651469622280377,0.6557114630739916,0.7245935614478543,0.7241379310344828,0.694460239699064,0.6866448677887944,0.7551053604234099,0.7359913793103449,0.7020164465051177,0.6967028979707268,0.7551053604234099,0.7299178494611229,0.7784632102070542,0.6708617458182536,0.7162865970362221
bmi_binary,transformer,40m,25,test,40.0,1000.0,1856,25259,0.695752009184845,0.6651469622280377,0.6557114630739916,0.7245935614478543,0.7241379310344828,0.694460239699064,0.6866448677887944,0.7551053604234099,0.7359913793103449,0.7020164465051177,0.6967028979707268,0.7551053604234099,0.7299178494611229,0.7784632102070542,0.6708617458182536,0.7162865970362221
bmi_binary,transformer,40m,3,test,40.0,120.0,1856,5568,0.6776221264367817,0.6515961712302802,0.640879557917826,0.708766715631956,0.7117456896551724,0.6801187560143469,0.672706836681384,0.7400749606333654,0.7058189655172413,0.6719119062199282,0.6652674554571218,0.7400749606333654,0.715326359804349,0.7633974922971954,0.6563668405627474,0.7034467324643063
bmi_binary,transformer,40m,3,test,40.0,120.0,1856,5568,0.6776221264367817,0.6515961712302802,0.640879557917826,0.708766715631956,0.7117456896551724,0.6801187560143469,0.672706836681384,0.7400749606333654,0.7058189655172413,0.6719119062199282,0.6652674554571218,0.7400749606333654,0.715326359804349,0.7633974922971954,0.6563668405627474,0.7034467324643063
bmi_binary,transformer,40m,4,test,40.0,160.0,1856,7424,0.6869612068965517,0.6629997375557694,0.6515057499793167,0.720346663882753,0.7262931034482759,0.6935526200682355,0.6872186836518046,0.7529101237861955,0.7376077586206896,0.6849739742804655,0.687210243515701,0.7529101237861955,0.7282067604489458,0.7753490578379834,0.6702109534801878,0.7159012202839566
bmi_binary,transformer,40m,4,test,40.0,160.0,1856,7424,0.6869612068965517,0.6629997375557694,0.6515057499793167,0.720346663882753,0.7262931034482759,0.6935526200682355,0.6872186836518046,0.7529101237861955,0.7376077586206896,0.6849739742804655,0.687210243515701,0.7529101237861955,0.7282067604489458,0.7753490578379834,0.6702109534801878,0.7159012202839566
bmi_binary,transformer,40m,5,test,40.0,200.0,1856,9280,0.6857758620689656,0.6590455778147144,0.6487761845299789,0.7176996763187823,0.7219827586206896,0.6914311958708774,0.6839287128712872,0.7486276353774821,0.7139008620689655,0.6826557169101566,0.6751538883697474,0.7486276353774821,0.7238532564831714,0.7725843131496872,0.6677977512911191,0.71323546078774
bmi_binary,transformer,40m,5,test,40.0,200.0,1856,9280,0.6857758620689656,0.6590455778147144,0.6487761845299789,0.7176996763187823,0.7219827586206896,0.6914311958708774,0.6839287128712872,0.7486276353774821,0.7139008620689655,0.6826557169101566,0.6751538883697474,0.7486276353774821,0.7238532564831714,0.7725843131496872,0.6677977512911191,0.71323546078774
bmi_binary,transformer,40m,6,test,40.0,240.0,1856,11136,0.6877693965517241,0.6625158560055988,0.6516240424004454,0.7203593314111724,0.7268318965517241,0.6973853993526375,0.6895734386087493,0.7508912168664159,0.7359913793103449,0.6916827049252035,0.6907335692006764,0.7508912168664159,0.7253984363851433,0.7739482868405028,0.6746976618721267,0.7186686190587124
bmi_binary,transformer,40m,6,test,40.0,240.0,1856,11136,0.6877693965517241,0.6625158560055988,0.6516240424004454,0.7203593314111724,0.7268318965517241,0.6973853993526375,0.6895734386087493,0.7508912168664159,0.7359913793103449,0.6916827049252035,0.6907335692006764,0.7508912168664159,0.7253984363851433,0.7739482868405028,0.6746976618721267,0.7186686190587124
bmi_binary,transformer,40m,8,test,40.0,320.0,1856,14843,0.691571784679647,0.6659623943046569,0.6553316546088231,0.7243698408774816,0.7273706896551724,0.6972815151780247,0.6897899861928639,0.7555646378269617,0.7338362068965517,0.6945586562855394,0.6914362022917206,0.7555646378269617,0.7307584967079713,0.7790496668922792,0.6743686420369247,0.7186523825227931
bmi_binary,transformer,40m,8,test,40.0,320.0,1856,14843,0.691571784679647,0.6659623943046569,0.6553316546088231,0.7243698408774816,0.7273706896551724,0.6972815151780247,0.6897899861928639,0.7555646378269617,0.7338362068965517,0.6945586562855394,0.6914362022917206,0.7555646378269617,0.7307584967079713,0.7790496668922792,0.6743686420369247,0.7186523825227931
bmi_binary,transformer,40m,all,test,40.0,,1856,25261,0.6957365108269665,0.6651332285102374,0.6556905802302186,0.7245783148915341,0.7241379310344828,0.694460239699064,0.6866448677887944,0.7550916914530662,0.7359913793103449,0.7020164465051177,0.6967028979707268,0.7550916914530662,0.7299176018435576,0.778430497419252,0.6708617458182536,0.7162865970362221
bmi_binary,transformer,40m,all,test,40.0,,1856,25261,0.6957365108269665,0.6651332285102374,0.6556905802302186,0.7245783148915341,0.7241379310344828,0.694460239699064,0.6866448677887944,0.7550916914530662,0.7359913793103449,0.7020164465051177,0.6967028979707268,0.7550916914530662,0.7299176018435576,0.778430497419252,0.6708617458182536,0.7162865970362221
bmi_binary,transformer,80m,1,test,80.0,80.0,1856,1856,0.6864224137931034,0.6589209168051788,0.6490034118602762,0.7206390517015133,0.6864224137931034,0.6589209168051788,0.6490034118602762,0.7206390517015133,0.6864224137931034,0.6589209168051788,0.6490034118602762,0.7206390517015133,0.695084703121615,0.7446209877374811,0.6359379016817713,0.681040712652387
bmi_binary,transformer,80m,1,test,80.0,80.0,1856,1856,0.6864224137931034,0.6589209168051788,0.6490034118602762,0.7206390517015133,0.6864224137931034,0.6589209168051788,0.6490034118602762,0.7206390517015133,0.6864224137931034,0.6589209168051788,0.6490034118602762,0.7206390517015133,0.695084703121615,0.7446209877374811,0.6359379016817713,0.681040712652387
bmi_binary,transformer,80m,10,test,80.0,800.0,1856,12047,0.7110483937909853,0.6745707251929283,0.6682273482009793,0.7408444190957214,0.7214439655172413,0.6812013384655761,0.6778131565313421,0.7686759141807366,0.7279094827586207,0.6784784795730907,0.6789159439295045,0.7686759141807366,0.7446894772974023,0.7897072072836642,0.6580210368173842,0.7032564948972954
bmi_binary,transformer,80m,10,test,80.0,800.0,1856,12047,0.7110483937909853,0.6745707251929283,0.6682273482009793,0.7408444190957214,0.7214439655172413,0.6812013384655761,0.6778131565313421,0.7686759141807366,0.7279094827586207,0.6784784795730907,0.6789159439295045,0.7686759141807366,0.7446894772974023,0.7897072072836642,0.6580210368173842,0.7032564948972954
bmi_binary,transformer,80m,12,test,80.0,960.0,1856,12059,0.71125300605357,0.6747211196466885,0.66835583931217,0.7409397174578122,0.7214439655172413,0.6812013384655761,0.6778131565313421,0.7687907335316246,0.7279094827586207,0.6784784795730907,0.6789159439295045,0.7687907335316246,0.7447880010515716,0.7897595173526718,0.6580210368173842,0.7032564948972954
bmi_binary,transformer,80m,12,test,80.0,960.0,1856,12059,0.71125300605357,0.6747211196466885,0.66835583931217,0.7409397174578122,0.7214439655172413,0.6812013384655761,0.6778131565313421,0.7687907335316246,0.7279094827586207,0.6784784795730907,0.6789159439295045,0.7687907335316246,0.7447880010515716,0.7897595173526718,0.6580210368173842,0.7032564948972954
bmi_binary,transformer,80m,2,test,80.0,160.0,1856,3712,0.6963900862068966,0.6589673913043479,0.6534231044691295,0.7232628105590062,0.7112068965517241,0.668412649811915,0.6655113747167248,0.748989863091593,0.7241379310344828,0.6359023707462164,0.6441376665707985,0.748989863091593,0.7254960743837204,0.7715903740558178,0.6470554053336913,0.6905451679445019
bmi_binary,transformer,80m,2,test,80.0,160.0,1856,3712,0.6963900862068966,0.6589673913043479,0.6534231044691295,0.7232628105590062,0.7112068965517241,0.668412649811915,0.6655113747167248,0.748989863091593,0.7241379310344828,0.6359023707462164,0.6441376665707985,0.748989863091593,0.7254960743837204,0.7715903740558178,0.6470554053336913,0.6905451679445019
bmi_binary,transformer,80m,3,test,80.0,240.0,1856,5568,0.7000718390804598,0.6641625112996821,0.6581427349375318,0.7285922661573306,0.7225215517241379,0.6844381506429884,0.6802259936148239,0.7573087984428308,0.7182112068965517,0.6788721459189921,0.6749645979265385,0.7573087984428308,0.7350914865810665,0.7786660929677389,0.661429866746272,0.7068259323216046
bmi_binary,transformer,80m,3,test,80.0,240.0,1856,5568,0.7000718390804598,0.6641625112996821,0.6581427349375318,0.7285922661573306,0.7225215517241379,0.6844381506429884,0.6802259936148239,0.7573087984428308,0.7182112068965517,0.6788721459189921,0.6749645979265385,0.7573087984428308,0.7350914865810665,0.7786660929677389,0.661429866746272,0.7068259323216046
bmi_binary,transformer,80m,4,test,80.0,320.0,1856,7420,0.7048517520215634,0.6693914702277378,0.6633950611555521,0.7366217873480196,0.7300646551724138,0.6918412649811916,0.688069842920521,0.7671982984865717,0.7332974137931034,0.6710425597060625,0.6759107865703626,0.7671982984865717,0.7442380870502072,0.7884223455033876,0.6698453744816911,0.714084306197948
bmi_binary,transformer,80m,4,test,80.0,320.0,1856,7420,0.7048517520215634,0.6693914702277378,0.6633950611555521,0.7366217873480196,0.7300646551724138,0.6918412649811916,0.688069842920521,0.7671982984865717,0.7332974137931034,0.6710425597060625,0.6759107865703626,0.7671982984865717,0.7442380870502072,0.7884223455033876,0.6698453744816911,0.714084306197948
bmi_binary,transformer,80m,5,test,80.0,400.0,1856,9248,0.7041522491349481,0.6697169505614495,0.6632804492481258,0.737370358531637,0.7257543103448276,0.6882435919867028,0.6839515160193115,0.7673951316595224,0.7203663793103449,0.6814091068148018,0.6774505283439263,0.7673951316595224,0.7440593773318126,0.7891258376291139,0.6658260702491576,0.7115258519574187
bmi_binary,transformer,80m,5,test,80.0,400.0,1856,9248,0.7041522491349481,0.6697169505614495,0.6632804492481258,0.737370358531637,0.7257543103448276,0.6882435919867028,0.6839515160193115,0.7673951316595224,0.7203663793103449,0.6814091068148018,0.6774505283439263,0.7673951316595224,0.7440593773318126,0.7891258376291139,0.6658260702491576,0.7115258519574187
bmi_binary,transformer,80m,6,test,80.0,480.0,1856,10834,0.7068488093040428,0.672132605655624,0.6656756090379481,0.7400761351464132,0.7230603448275862,0.6838421835359986,0.6801218910277045,0.7685952672557081,0.7289870689655172,0.6758102965619806,0.6775969512942667,0.7685952672557081,0.7449126744525814,0.7898668988642219,0.6609964808227947,0.7066639008183071
bmi_binary,transformer,80m,6,test,80.0,480.0,1856,10834,0.7068488093040428,0.672132605655624,0.6656756090379481,0.7400761351464132,0.7230603448275862,0.6838421835359986,0.6801218910277045,0.7685952672557081,0.7289870689655172,0.6758102965619806,0.6775969512942667,0.7685952672557081,0.7449126744525814,0.7898668988642219,0.6609964808227947,0.7066639008183071
bmi_binary,transformer,80m,8,test,80.0,640.0,1856,11896,0.710659045057162,0.674315102575937,0.6679126784751006,0.7409806373742029,0.7214439655172413,0.6816934213979529,0.6781080015766653,0.768533756889161,0.7279094827586207,0.6784784795730907,0.6789159439295045,0.768533756889161,0.7448332940535052,0.7893284705761745,0.6582514479568794,0.7036874964056352
bmi_binary,transformer,80m,8,test,80.0,640.0,1856,11896,0.710659045057162,0.674315102575937,0.6679126784751006,0.7409806373742029,0.7214439655172413,0.6816934213979529,0.6781080015766653,0.768533756889161,0.7279094827586207,0.6784784795730907,0.6789159439295045,0.768533756889161,0.7448332940535052,0.7893284705761745,0.6582514479568794,0.7036874964056352
bmi_binary,transformer,80m,all,test,80.0,,1856,12060,0.7112769485903814,0.6747349621470995,0.6683687902129175,0.7409332796719648,0.7214439655172413,0.6812013384655761,0.6778131565313421,0.7687825321494182,0.7279094827586207,0.6784784795730907,0.6789159439295045,0.7687825321494182,0.744779856822141,0.7897540172990816,0.6580210368173842,0.7032564948972954
bmi_binary,transformer,80m,all,test,80.0,,1856,12060,0.7112769485903814,0.6747349621470995,0.6683687902129175,0.7409332796719648,0.7214439655172413,0.6812013384655761,0.6778131565313421,0.7687825321494182,0.7279094827586207,0.6784784795730907,0.6789159439295045,0.7687825321494182,0.744779856822141,0.7897540172990816,0.6580210368173842,0.7032564948972954
bmi_binary,transformer,120m,1,test,120.0,120.0,1856,1856,0.6756465517241379,0.6654273466888286,0.647084984232231,0.7298382687428921,0.6756465517241379,0.6654273466888286,0.647084984232231,0.7298382687428921,0.6756465517241379,0.6654273466888286,0.647084984232231,0.7298382687428921,0.7033129398635143,0.7534847590839026,0.6421209371021774,0.6882857387430211
bmi_binary,transformer,120m,1,test,120.0,120.0,1856,1856,0.6756465517241379,0.6654273466888286,0.647084984232231,0.7298382687428921,0.6756465517241379,0.6654273466888286,0.647084984232231,0.7298382687428921,0.6756465517241379,0.6654273466888286,0.647084984232231,0.7298382687428921,0.7033129398635143,0.7534847590839026,0.6421209371021774,0.6882857387430211
bmi_binary,transformer,120m,2,test,120.0,240.0,1856,3712,0.6912715517241379,0.6720103228064036,0.6583675986842106,0.7351924044265594,0.7122844827586207,0.6864119499606334,0.6764071709265864,0.7535429971131135,0.7300646551724138,0.6667450354299711,0.6716200854131888,0.7535429971131135,0.729713627685085,0.7769408694878324,0.6625734318192037,0.7088997794783177
bmi_binary,transformer,120m,2,test,120.0,240.0,1856,3712,0.6912715517241379,0.6720103228064036,0.6583675986842106,0.7351924044265594,0.7122844827586207,0.6864119499606334,0.6764071709265864,0.7535429971131135,0.7300646551724138,0.6667450354299711,0.6716200854131888,0.7535429971131135,0.729713627685085,0.7769408694878324,0.6625734318192037,0.7088997794783177
bmi_binary,transformer,120m,3,test,120.0,360.0,1856,5555,0.6954095409540955,0.6773832209085647,0.6631531218220337,0.7420150735482673,0.7198275862068966,0.6977517277578515,0.6861471861471862,0.7628720693727583,0.709051724137931,0.689495669670195,0.6763455569204776,0.7628720693727583,0.7386853356802795,0.7846727912808642,0.6761274788099526,0.7201692768254084
bmi_binary,transformer,120m,3,test,120.0,360.0,1856,5555,0.6954095409540955,0.6773832209085647,0.6631531218220337,0.7420150735482673,0.7198275862068966,0.6977517277578515,0.6861471861471862,0.7628720693727583,0.709051724137931,0.689495669670195,0.6763455569204776,0.7628720693727583,0.7386853356802795,0.7846727912808642,0.6761274788099526,0.7201692768254084
bmi_binary,transformer,120m,4,test,120.0,480.0,1856,7141,0.6990617560565747,0.6793058195127399,0.6656301774754055,0.7444345189751902,0.7117456896551724,0.6894683317295075,0.6777283117508626,0.7641555856880413,0.7230603448275862,0.6838421835359986,0.6801218910277045,0.7641555856880413,0.7402057437672724,0.7852565629600484,0.6660424694887197,0.7122512797726043
bmi_binary,transformer,120m,4,test,120.0,480.0,1856,7141,0.6990617560565747,0.6793058195127399,0.6656301774754055,0.7444345189751902,0.7117456896551724,0.6894683317295075,0.6777283117508626,0.7641555856880413,0.7230603448275862,0.6838421835359986,0.6801218910277045,0.7641555856880413,0.7402057437672724,0.7852565629600484,0.6660424694887197,0.7122512797726043
bmi_binary,transformer,120m,5,test,120.0,600.0,1856,7691,0.7031595371213106,0.682306921269397,0.66852695757711,0.7472123601204425,0.7165948275862069,0.6934542034817601,0.6822741125209755,0.7653106136820926,0.7225215517241379,0.6878827311696265,0.6822144978996381,0.7653106136820926,0.7416965077338121,0.7863046686342041,0.6696928276060935,0.7157496046344619
bmi_binary,transformer,120m,5,test,120.0,600.0,1856,7691,0.7031595371213106,0.682306921269397,0.66852695757711,0.7472123601204425,0.7165948275862069,0.6934542034817601,0.6822741125209755,0.7653106136820926,0.7225215517241379,0.6878827311696265,0.6822144978996381,0.7653106136820926,0.7416965077338121,0.7863046686342041,0.6696928276060935,0.7157496046344619
bmi_binary,transformer,120m,6,test,120.0,720.0,1856,7813,0.7034429796493025,0.6821800273351808,0.6685807371498269,0.747273793289907,0.7171336206896551,0.6938424022395242,0.6827520865789873,0.7655293172075933,0.7235991379310345,0.6881670457527775,0.6828894215541592,0.7655293172075933,0.7417080611371094,0.7865891501501879,0.6692558409779402,0.7157494925220349
bmi_binary,transformer,120m,6,test,120.0,720.0,1856,7813,0.7034429796493025,0.6821800273351808,0.6685807371498269,0.747273793289907,0.7171336206896551,0.6938424022395242,0.6827520865789873,0.7655293172075933,0.7235991379310345,0.6881670457527775,0.6828894215541592,0.7655293172075933,0.7417080611371094,0.7865891501501879,0.6692558409779402,0.7157494925220349
bmi_binary,transformer,120m,8,test,120.0,960.0,1856,7829,0.7035381274747733,0.6821894113909892,0.6685392841341518,0.747410395377958,0.7171336206896551,0.6938424022395242,0.6827520865789873,0.7655703241186249,0.7235991379310345,0.6881670457527775,0.6828894215541592,0.7655703241186249,0.741804023457837,0.7866609880091249,0.6692558409779402,0.7157494925220349
bmi_binary,transformer,120m,8,test,120.0,960.0,1856,7829,0.7035381274747733,0.6821894113909892,0.6685392841341518,0.747410395377958,0.7171336206896551,0.6938424022395242,0.6827520865789873,0.7655703241186249,0.7235991379310345,0.6881670457527775,0.6828894215541592,0.7655703241186249,0.741804023457837,0.7866609880091249,0.6692558409779402,0.7157494925220349
bmi_binary,transformer,120m,all,test,120.0,,1856,7830,0.7035759897828864,0.6822135451542342,0.6685608507825056,0.7474083498256526,0.7171336206896551,0.6938424022395242,0.6827520865789873,0.7655648565304873,0.7235991379310345,0.6881670457527775,0.6828894215541592,0.7655648565304873,0.7418036141920599,0.7866580963372553,0.6692558409779402,0.7157494925220349
bmi_binary,transformer,120m,all,test,120.0,,1856,7830,0.7035759897828864,0.6822135451542342,0.6685608507825056,0.7474083498256526,0.7171336206896551,0.6938424022395242,0.6827520865789873,0.7655648565304873,0.7235991379310345,0.6881670457527775,0.6828894215541592,0.7655648565304873,0.7418036141920599,0.7866580963372553,0.6692558409779402,0.7157494925220349
bmi_binary,transformer,240m,1,test,240.0,240.0,1856,1856,0.7085129310344828,0.6930441343714461,0.6778033164474345,0.7577940468900358,0.7085129310344828,0.6930441343714461,0.6778033164474345,0.7577940468900358,0.7085129310344828,0.6930441343714461,0.6778033164474345,0.7577940468900358,0.7339787106913267,0.7811730033405458,0.6695273242481603,0.7159832844101974
bmi_binary,transformer,240m,1,test,240.0,240.0,1856,1856,0.7085129310344828,0.6930441343714461,0.6778033164474345,0.7577940468900358,0.7085129310344828,0.6930441343714461,0.6778033164474345,0.7577940468900358,0.7085129310344828,0.6930441343714461,0.6778033164474345,0.7577940468900358,0.7339787106913267,0.7811730033405458,0.6695273242481603,0.7159832844101974
bmi_binary,transformer,240m,2,test,240.0,480.0,1856,3442,0.7210923881464265,0.6947817423127326,0.6845150461437991,0.7617803359261629,0.724676724137931,0.6958326043215817,0.6876527088688469,0.7754967303822937,0.7456896551724138,0.6858761263231563,0.6911395546930971,0.7754967303822937,0.7520758974047824,0.7967014315268437,0.6730663229392025,0.7183812671298405
bmi_binary,transformer,240m,2,test,240.0,480.0,1856,3442,0.7210923881464265,0.6947817423127326,0.6845150461437991,0.7617803359261629,0.724676724137931,0.6958326043215817,0.6876527088688469,0.7754967303822937,0.7456896551724138,0.6858761263231563,0.6911395546930971,0.7754967303822937,0.7520758974047824,0.7967014315268437,0.6730663229392025,0.7183812671298405
bmi_binary,transformer,240m,3,test,240.0,720.0,1856,3564,0.7222222222222222,0.6948821753505277,0.6850780798149219,0.7622017554819185,0.7295258620689655,0.7003105590062112,0.6925042904290428,0.7769019005336365,0.7446120689655172,0.6870680605371358,0.6915166229755147,0.7769019005336365,0.7541073657502537,0.7981263875826657,0.6777297823052952,0.7225285705586603
bmi_binary,transformer,240m,3,test,240.0,720.0,1856,3564,0.7222222222222222,0.6948821753505277,0.6850780798149219,0.7622017554819185,0.7295258620689655,0.7003105590062112,0.6925042904290428,0.7769019005336365,0.7446120689655172,0.6870680605371358,0.6915166229755147,0.7769019005336365,0.7541073657502537,0.7981263875826657,0.6777297823052952,0.7225285705586603
bmi_binary,transformer,240m,4,test,240.0,960.0,1856,3567,0.7224558452481077,0.6950243467066386,0.6852074708770578,0.7624411819923771,0.7295258620689655,0.7003105590062112,0.6925042904290428,0.7769060012247396,0.7446120689655172,0.6870680605371358,0.6915166229755147,0.7769060012247396,0.7541100182376749,0.7981332277823,0.6777297823052952,0.7225285705586603
bmi_binary,transformer,240m,4,test,240.0,960.0,1856,3567,0.7224558452481077,0.6950243467066386,0.6852074708770578,0.7624411819923771,0.7295258620689655,0.7003105590062112,0.6925042904290428,0.7769060012247396,0.7446120689655172,0.6870680605371358,0.6915166229755147,0.7769060012247396,0.7541100182376749,0.7981332277823,0.6777297823052952,0.7225285705586603
bmi_binary,transformer,240m,all,test,240.0,,1856,3567,0.7224558452481077,0.6950243467066386,0.6852074708770578,0.7624411819923771,0.7295258620689655,0.7003105590062112,0.6925042904290428,0.7769060012247396,0.7446120689655172,0.6870680605371358,0.6915166229755147,0.7769060012247396,0.7541100182376749,0.7981332277823,0.6777297823052952,0.7225285705586603
bmi_binary,transformer,240m,all,test,240.0,,1856,3567,0.7224558452481077,0.6950243467066386,0.6852074708770578,0.7624411819923771,0.7295258620689655,0.7003105590062112,0.6925042904290428,0.7769060012247396,0.7446120689655172,0.6870680605371358,0.6915166229755147,0.7769060012247396,0.7541100182376749,0.7981332277823,0.6777297823052952,0.7225285705586603
cvd_binary,lstm,30s,1,test,0.5,0.5,1742,1742,0.5998851894374282,0.5821865897749919,0.5546830615663301,0.6188074555986751,0.5998851894374282,0.5821865897749919,0.5546830615663301,0.6188074555986751,0.5998851894374282,0.5821865897749919,0.5546830615663301,0.6188074555986751,,,,
cvd_binary,lstm,30s,1,test,0.5,0.5,1742,1742,0.5998851894374282,0.5821865897749919,0.5546830615663301,0.6188074555986751,0.5998851894374282,0.5821865897749919,0.5546830615663301,0.6188074555986751,0.5998851894374282,0.5821865897749919,0.5546830615663301,0.6188074555986751,0.5888977564365575,0.6471118301435368,0.5561839639776635,0.6064525843416001
cvd_binary,lstm,30s,10,test,0.5,5.0,1742,17420,0.6064867967853043,0.595647025184435,0.5643610006549464,0.6374089452026245,0.642939150401837,0.6220922321150206,0.5948782680092906,0.6727763165373943,0.6504018369690011,0.6118546499310145,0.5928374129114935,0.6727763165373943,,,,
cvd_binary,lstm,30s,10,test,0.5,5.0,1742,17420,0.6064867967853043,0.595647025184435,0.5643610006549464,0.6374089452026245,0.642939150401837,0.6220922321150206,0.5948782680092906,0.6727763165373943,0.6504018369690011,0.6118546499310145,0.5928374129114935,0.6727763165373943,0.6454681383832854,0.7000104790128525,0.5968114238509279,0.6481528874757787
cvd_binary,lstm,30s,100,test,0.5,50.0,1742,174200,0.6140470723306545,0.5995259294091708,0.5698811392389653,0.642161447024151,0.6469575200918485,0.6189840101833239,0.5951799307370104,0.6781745806182683,0.6526980482204363,0.6206703217771898,0.5987005010579752,0.6781745806182683,,,,
cvd_binary,lstm,30s,100,test,0.5,50.0,1742,174200,0.6140470723306545,0.5995259294091708,0.5698811392389653,0.642161447024151,0.6469575200918485,0.6189840101833239,0.5951799307370104,0.6781745806182683,0.6526980482204363,0.6206703217771898,0.5987005010579752,0.6781745806182683,0.6507228313278124,0.7057575374507078,0.5931530159522984,0.6448505687840559
cvd_binary,lstm,30s,12,test,0.5,6.0,1742,20904,0.6102659778032913,0.5968722709398044,0.5667788897600349,0.637364867561095,0.6394948335246843,0.6139569413511508,0.589111439628855,0.6727229195410616,0.6561423650975889,0.6171754022430184,0.5983058488021642,0.6727229195410616,,,,
cvd_binary,lstm,30s,12,test,0.5,6.0,1742,20904,0.6102659778032913,0.5968722709398044,0.5667788897600349,0.637364867561095,0.6394948335246843,0.6139569413511508,0.589111439628855,0.6727229195410616,0.6561423650975889,0.6171754022430184,0.5983058488021642,0.6727229195410616,0.6452574348962123,0.7007191968968755,0.589134162721944,0.6393351834688362
cvd_binary,lstm,30s,120,test,0.5,60.0,1742,209040,0.6143608878683505,0.600527209214599,0.5705168860853711,0.6426023732500761,0.648105625717566,0.6190305172446461,0.5957326226085443,0.6781349634919569,0.6526980482204363,0.6243047624953277,0.600628741346375,0.6781349634919569,,,,
cvd_binary,lstm,30s,120,test,0.5,60.0,1742,209040,0.6143608878683505,0.600527209214599,0.5705168860853711,0.6426023732500761,0.648105625717566,0.6190305172446461,0.5957326226085443,0.6781349634919569,0.6526980482204363,0.6243047624953277,0.600628741346375,0.6781349634919569,0.6509133082529927,0.7060507801617716,0.593222376348609,0.6457372945704691
cvd_binary,lstm,30s,16,test,0.5,8.0,1742,27872,0.6110433409873708,0.5996977363979764,0.5685077902481854,0.6430039418233264,0.6366245694603904,0.6156578940569144,0.5886327339389579,0.6779644376004423,0.6504018369690011,0.6154890906491525,0.5948588124904766,0.6779644376004423,,,,
cvd_binary,lstm,30s,16,test,0.5,8.0,1742,27872,0.6110433409873708,0.5996977363979764,0.5685077902481854,0.6430039418233264,0.6366245694603904,0.6156578940569144,0.5886327339389579,0.6779644376004423,0.6504018369690011,0.6154890906491525,0.5948588124904766,0.6779644376004423,0.6501983600647541,0.7051242381069385,0.5895269601816128,0.6417508012607611
cvd_binary,lstm,30s,160,test,0.5,80.0,1742,278720,0.6152052238805971,0.601283756375343,0.5712899573974485,0.6429765447436148,0.6463834672789897,0.618597312580849,0.5947123519458545,0.6786344837802318,0.6509758897818599,0.6238715578315308,0.5995989699030844,0.6786344837802318,,,,
cvd_binary,lstm,30s,160,test,0.5,80.0,1742,278720,0.6152052238805971,0.601283756375343,0.5712899573974485,0.6429765447436148,0.6463834672789897,0.618597312580849,0.5947123519458545,0.6786344837802318,0.6509758897818599,0.6238715578315308,0.5995989699030844,0.6786344837802318,0.6515898150036225,0.70618359675362,0.5923775625136292,0.6454590886406634
cvd_binary,lstm,30s,2,test,0.5,1.0,1742,3484,0.5668771526980482,0.5770333490079356,0.5358339392157564,0.6110127859968961,0.5924225028702641,0.6018737178261566,0.5598329897846462,0.6331247405508846,0.6435132032146957,0.5730505359508197,0.5657926583299717,0.6331247405508846,,,,
cvd_binary,lstm,30s,2,test,0.5,1.0,1742,3484,0.5668771526980482,0.5770333490079356,0.5358339392157564,0.6110127859968961,0.5924225028702641,0.6018737178261566,0.5598329897846462,0.6331247405508846,0.6435132032146957,0.5730505359508197,0.5657926583299717,0.6331247405508846,0.6029392427699874,0.6614287697040171,0.5756480599267924,0.6251137078242867
cvd_binary,lstm,30s,20,test,0.5,10.0,1742,34840,0.6118541905855339,0.5979905935162266,0.5680833301535253,0.6419516494504416,0.6515499425947188,0.6278926961521436,0.6019355963226078,0.6776750603299935,0.6567164179104478,0.6219234287072587,0.6011904761904763,0.6776750603299935,,,,
cvd_binary,lstm,30s,20,test,0.5,10.0,1742,34840,0.6118541905855339,0.5979905935162266,0.5680833301535253,0.6419516494504416,0.6515499425947188,0.6278926961521436,0.6019355963226078,0.6776750603299935,0.6567164179104478,0.6219234287072587,0.6011904761904763,0.6776750603299935,0.6498421026182281,0.704778314683448,0.6006211067379101,0.6552100380935973
cvd_binary,lstm,30s,200,test,0.5,100.0,1742,348400,0.6155195177956372,0.6013428268025363,0.5714702371880404,0.6428719381774743,0.6475315729047072,0.6179169314985437,0.5948806520767524,0.6785931441701677,0.6544202066590127,0.6232841908718696,0.600884484228474,0.6785931441701677,,,,
cvd_binary,lstm,30s,200,test,0.5,100.0,1742,348400,0.6155195177956372,0.6013428268025363,0.5714702371880404,0.6428719381774743,0.6475315729047072,0.6179169314985437,0.5948806520767524,0.6785931441701677,0.6544202066590127,0.6232841908718696,0.600884484228474,0.6785931441701677,0.6514301112569655,0.7062894267327703,0.5924061433504744,0.6445291242777824
cvd_binary,lstm,30s,25,test,0.5,12.5,1742,43550,0.6132491389207807,0.5997371145296673,0.5695988188995416,0.6431650129100156,0.6555683122847302,0.62987269122584,0.6048674045096227,0.6787877848342196,0.6515499425947188,0.6220775910031229,0.5989255056984839,0.6787877848342196,,,,
cvd_binary,lstm,30s,25,test,0.5,12.5,1742,43550,0.6132491389207807,0.5997371145296673,0.5695988188995416,0.6431650129100156,0.6555683122847302,0.62987269122584,0.6048674045096227,0.6787877848342196,0.6515499425947188,0.6220775910031229,0.5989255056984839,0.6787877848342196,0.6510694870063964,0.7062884101652147,0.6038883487939171,0.6564855170392137
cvd_binary,lstm,30s,250,test,0.5,125.0,1742,435500,0.6153157290470723,0.6009576802966806,0.5711855551581011,0.6430442329418127,0.6498277841561424,0.6209174981956983,0.5975198660697376,0.6790358224946043,0.6544202066590127,0.6247379671591248,0.6016558484970037,0.6790358224946043,,,,
cvd_binary,lstm,30s,250,test,0.5,125.0,1742,435500,0.6153157290470723,0.6009576802966806,0.5711855551581011,0.6430442329418127,0.6498277841561424,0.6209174981956983,0.5975198660697376,0.6790358224946043,0.6544202066590127,0.6247379671591248,0.6016558484970037,0.6790358224946043,0.6519378011483067,0.7066742185248757,0.595070651225308,0.647972324082653
cvd_binary,lstm,30s,3,test,0.5,1.5,1742,5226,0.5901262916188289,0.589908197357595,0.5535410516307144,0.6248507898449247,0.6176808266360505,0.6116195308987749,0.5773692953313516,0.6550209540148512,0.6027554535017221,0.5972040643726628,0.5632357821845603,0.6550209540148512,,,,
cvd_binary,lstm,30s,3,test,0.5,1.5,1742,5226,0.5901262916188289,0.589908197357595,0.5535410516307144,0.6248507898449247,0.6176808266360505,0.6116195308987749,0.5773692953313516,0.6550209540148512,0.6027554535017221,0.5972040643726628,0.5632357821845603,0.6550209540148512,0.6266732662992118,0.6822019154394271,0.5859642933983737,0.6369781061277775
cvd_binary,lstm,30s,30,test,0.5,15.0,1742,52260,0.6120359739762725,0.5974951928349269,0.5679305904444258,0.6425180147877143,0.6486796785304249,0.6179634385598658,0.5954279469022519,0.678522522336308,0.6521239954075775,0.6144685190256942,0.5950465849945987,0.678522522336308,,,,
cvd_binary,lstm,30s,30,test,0.5,15.0,1742,52260,0.6120359739762725,0.5974951928349269,0.5679305904444258,0.6425180147877143,0.6486796785304249,0.6179634385598658,0.5954279469022519,0.678522522336308,0.6521239954075775,0.6144685190256942,0.5950465849945987,0.678522522336308,0.6516692808699683,0.706204354621533,0.5912596977143045,0.6430893401434948
cvd_binary,lstm,30s,320,test,0.5,160.0,1742,557440,0.6152895378874856,0.6007567705453556,0.5710755621447288,0.642952312719388,0.6498277841561424,0.6194637219084431,0.5967500777947281,0.6786344837802316,0.653272101033295,0.6225107956669198,0.5999464652624951,0.6786344837802316,,,,
cvd_binary,lstm,30s,320,test,0.5,160.0,1742,557440,0.6152895378874856,0.6007567705453556,0.5710755621447288,0.642952312719388,0.6498277841561424,0.6194637219084431,0.5967500777947281,0.6786344837802316,0.653272101033295,0.6225107956669198,0.5999464652624951,0.6786344837802316,0.6516659380651,0.7063323540770369,0.5934189415969544,0.6463825723874964
cvd_binary,lstm,30s,4,test,0.5,2.0,1742,6968,0.5991676234213548,0.5951506484290088,0.5604925730910885,0.6311810791188461,0.6245694603903559,0.6118985732667077,0.5809542725988701,0.6636402627132221,0.664179104477612,0.6167740635286458,0.6014716769068505,0.6636402627132221,,,,
cvd_binary,lstm,30s,4,test,0.5,2.0,1742,6968,0.5991676234213548,0.5951506484290088,0.5604925730910885,0.6311810791188461,0.6245694603903559,0.6118985732667077,0.5809542725988701,0.6636402627132221,0.664179104477612,0.6167740635286458,0.6014716769068505,0.6636402627132221,0.6365110198765968,0.6910496372285229,0.5861398777870213,0.6376874323620859
cvd_binary,lstm,30s,40,test,0.5,20.0,1742,69680,0.6145522388059701,0.6001533441160816,0.5704282611340964,0.6407635469040938,0.6446613088404133,0.6159834434861693,0.5925469546767632,0.6758233902958711,0.6567164179104478,0.6262847575690242,0.6035364145658264,0.6758233902958711,,,,
cvd_binary,lstm,30s,40,test,0.5,20.0,1742,69680,0.6145522388059701,0.6001533441160816,0.5704282611340964,0.6407635469040938,0.6446613088404133,0.6159834434861693,0.5925469546767632,0.6758233902958711,0.6567164179104478,0.6262847575690242,0.6035364145658264,0.6758233902958711,0.6481889417911482,0.7024530401233249,0.5894277180737358,0.6413911486157109
cvd_binary,lstm,30s,400,test,0.5,200.0,1742,696800,0.6151894374282434,0.601091400155368,0.5711893854401662,0.6430361610164894,0.6504018369690011,0.6213041957981731,0.5979882702147808,0.6787877848342195,0.6504018369690011,0.619850419510918,0.5972177874804233,0.6787877848342195,,,,
cvd_binary,lstm,30s,400,test,0.5,200.0,1742,696800,0.6151894374282434,0.601091400155368,0.5711893854401662,0.6430361610164894,0.6504018369690011,0.6213041957981731,0.5979882702147808,0.6787877848342195,0.6504018369690011,0.619850419510918,0.5972177874804233,0.6787877848342195,0.6513240254536196,0.70649709916733,0.5957132401556181,0.6483380939010658
cvd_binary,lstm,30s,5,test,0.5,2.5,1742,8710,0.6048220436280137,0.5974331547117682,0.5643758686379896,0.6371014387906786,0.6320321469575201,0.6161987539552534,0.5866865805336399,0.6707058910666825,0.6245694603903559,0.6097179088358249,0.5799066351025466,0.6707058910666825,,,,
cvd_binary,lstm,30s,5,test,0.5,2.5,1742,8710,0.6048220436280137,0.5974331547117682,0.5643758686379896,0.6371014387906786,0.6320321469575201,0.6161987539552534,0.5866865805336399,0.6707058910666825,0.6245694603903559,0.6097179088358249,0.5799066351025466,0.6707058910666825,0.6425781255809724,0.6977478167090303,0.5905494117058545,0.6419084995701967
cvd_binary,lstm,30s,50,test,0.5,25.0,1742,87100,0.6145809414466131,0.6006197152045363,0.5706677827956093,0.6434559245689915,0.6526980482204363,0.6257585387825829,0.6013864162524174,0.6798763945659083,0.653272101033295,0.6217839075232923,0.5995585190597978,0.6798763945659083,,,,
cvd_binary,lstm,30s,50,test,0.5,25.0,1742,87100,0.6145809414466131,0.6006197152045363,0.5706677827956093,0.6434559245689915,0.6526980482204363,0.6257585387825829,0.6013864162524174,0.6798763945659083,0.653272101033295,0.6217839075232923,0.5995585190597978,0.6798763945659083,0.6524801269105971,0.7073443009383238,0.5999691409692385,0.6530599390896943
cvd_binary,lstm,30s,500,test,0.5,250.0,1742,870980,0.6152012675377161,0.6005886073742775,0.5709534773193579,0.6431586879704078,0.6492537313432836,0.6190770243059682,0.5962825106783751,0.6787826173829615,0.6492537313432836,0.6205308005932234,0.5970516026326599,0.6787826173829615,,,,
cvd_binary,lstm,30s,500,test,0.5,250.0,1742,870980,0.6152012675377161,0.6005886073742775,0.5709534773193579,0.6431586879704078,0.6492537313432836,0.6190770243059682,0.5962825106783751,0.6787826173829615,0.6492537313432836,0.6205308005932234,0.5970516026326599,0.6787826173829615,0.6517457750481093,0.7064048867014732,0.5928462534863282,0.6452577688797861
cvd_binary,lstm,30s,6,test,0.5,3.0,1742,10452,0.6033295063145809,0.5956523935921307,0.5628092161375831,0.6373645146911596,0.6417910447761194,0.6285877183463466,0.5974760042659082,0.6718375628921879,0.6572904707233066,0.6135874685862026,0.5967434669839031,0.6718375628921879,,,,
cvd_binary,lstm,30s,6,test,0.5,3.0,1742,10452,0.6033295063145809,0.5956523935921307,0.5628092161375831,0.6373645146911596,0.6417910447761194,0.6285877183463466,0.5974760042659082,0.6718375628921879,0.6572904707233066,0.6135874685862026,0.5967434669839031,0.6718375628921879,0.6444637661447586,0.69897818754459,0.6025164868978155,0.654491617766749
cvd_binary,lstm,30s,60,test,0.5,30.0,1742,104520,0.6144756984309223,0.5999624642082231,0.5702988957149453,0.6427016674408275,0.6504018369690011,0.6227579720854284,0.5987509545416895,0.6788980237943906,0.6538461538461539,0.6199899406948843,0.5988503512836738,0.6788980237943906,,,,
cvd_binary,lstm,30s,60,test,0.5,30.0,1742,104520,0.6144756984309223,0.5999624642082231,0.5702988957149453,0.6427016674408275,0.6504018369690011,0.6227579720854284,0.5987509545416895,0.6788980237943906,0.6538461538461539,0.6199899406948843,0.5988503512836738,0.6788980237943906,0.6517618444013107,0.7061278060911299,0.596534353331646,0.6489371175414957
cvd_binary,lstm,30s,8,test,0.5,4.0,1742,13936,0.6084959816303099,0.5962554064458787,0.5656275591245535,0.637611541588509,0.6360505166475315,0.6145443083108119,0.5877997184389635,0.6715826352967925,0.6492537313432836,0.6067199258642992,0.5894202108597679,0.6715826352967925,,,,
cvd_binary,lstm,30s,8,test,0.5,4.0,1742,13936,0.6084959816303099,0.5962554064458787,0.5656275591245535,0.637611541588509,0.6360505166475315,0.6145443083108119,0.5877997184389635,0.6715826352967925,0.6492537313432836,0.6067199258642992,0.5894202108597679,0.6715826352967925,0.644675078391813,0.6988113058762613,0.5881063203735609,0.6392218813770375
cvd_binary,lstm,30s,80,test,0.5,40.0,1742,139360,0.6150473593570609,0.5994147107863654,0.5703059655834484,0.6408993716110132,0.6498277841561424,0.6216443863393258,0.5979018332848978,0.6766760197534436,0.6515499425947188,0.6206238147158677,0.5981536396488633,0.6766760197534436,,,,
cvd_binary,lstm,30s,80,test,0.5,40.0,1742,139360,0.6150473593570609,0.5994147107863654,0.5703059655834484,0.6408993716110132,0.6498277841561424,0.6216443863393258,0.5979018332848978,0.6766760197534436,0.6515499425947188,0.6206238147158677,0.5981536396488633,0.6766760197534436,0.6496423069557108,0.7041269733862802,0.5949014069874028,0.6477417020169733
cvd_binary,lstm,30s,all,test,0.5,,1742,2045430,0.60283118952983,0.5990367297994375,0.564116534334246,0.6396260979135968,0.6498277841561424,0.6201906100520707,0.5971359505987116,0.6786999381628334,0.6498277841561424,0.6201906100520707,0.5971359505987116,0.6786999381628334,,,,
cvd_binary,lstm,30s,all,test,0.5,,1742,2045430,0.60283118952983,0.5990367297994375,0.564116534334246,0.6396260979135968,0.6498277841561424,0.6201906100520707,0.5971359505987116,0.6786999381628334,0.6498277841561424,0.6201906100520707,0.5971359505987116,0.6786999381628334,0.6512311203648532,0.7062335629315761,0.5941541103610004,0.647148329318989
cvd_binary,lstm,10m,1,test,10.0,10.0,1742,1742,0.5631458094144661,0.5814252519563109,0.5354974300431788,0.6175758797155146,0.5631458094144661,0.5814252519563109,0.5354974300431788,0.6175758797155146,0.5631458094144661,0.5814252519563109,0.5354974300431788,0.6175758797155146,,,,
cvd_binary,lstm,10m,1,test,10.0,10.0,1742,1742,0.5631458094144661,0.5814252519563109,0.5354974300431788,0.6175758797155146,0.5631458094144661,0.5814252519563109,0.5354974300431788,0.6175758797155146,0.5631458094144661,0.5814252519563109,0.5354974300431788,0.6175758797155146,0.5867801743430895,0.6464224266876546,0.5545361880998732,0.606888326115021
cvd_binary,lstm,10m,10,test,10.0,100.0,1742,17420,0.613203214695752,0.5985722332174102,0.5690131385972351,0.6450208420534074,0.6567164179104478,0.6306460864307897,0.605811961154703,0.6828941861005896,0.6601607347876005,0.616974732885832,0.5999112348443584,0.6828941861005896,,,,
cvd_binary,lstm,10m,10,test,10.0,100.0,1742,17420,0.613203214695752,0.5985722332174102,0.5690131385972351,0.6450208420534074,0.6567164179104478,0.6306460864307897,0.605811961154703,0.6828941861005896,0.6601607347876005,0.616974732885832,0.5999112348443584,0.6828941861005896,0.6564757316526889,0.7109267709602299,0.606022570948786,0.6568039474891346
cvd_binary,lstm,10m,100,test,10.0,1000.0,1742,101456,0.6071104715344583,0.6010420240916309,0.5673026474002152,0.6478196824721185,0.6590126291618829,0.6307391005534341,0.6069494584837545,0.6883251773727644,0.6595866819747417,0.6340333507304192,0.608922422849701,0.6883251773727644,,,,
cvd_binary,lstm,10m,100,test,10.0,1000.0,1742,101456,0.6071104715344583,0.6010420240916309,0.5673026474002152,0.6478196824721185,0.6590126291618829,0.6307391005534341,0.6069494584837545,0.6883251773727644,0.6595866819747417,0.6340333507304192,0.608922422849701,0.6883251773727644,0.6618877171538505,0.7149187840792018,0.6052137945388836,0.6570836950344793
cvd_binary,lstm,10m,12,test,10.0,120.0,1742,20904,0.6156716417910447,0.6018463016264266,0.5717869593389759,0.6473066490456579,0.6555683122847302,0.6291458030822124,0.6044936065097355,0.685491691599619,0.6630309988518944,0.6232695497599718,0.6047341267095554,0.685491691599619,,,,
cvd_binary,lstm,10m,12,test,10.0,120.0,1742,20904,0.6156716417910447,0.6018463016264266,0.5717869593389759,0.6473066490456579,0.6555683122847302,0.6291458030822124,0.6044936065097355,0.685491691599619,0.6630309988518944,0.6232695497599718,0.6047341267095554,0.685491691599619,0.6596930763943716,0.7129846898436241,0.6031371053398148,0.6549196830980313
cvd_binary,lstm,10m,120,test,10.0,1200.0,1742,101651,0.6065754394939548,0.6007788977986002,0.5669213595180878,0.6475090596518881,0.6590126291618829,0.6307391005534341,0.6069494584837545,0.6883389572427857,0.6595866819747417,0.6340333507304192,0.608922422849701,0.6883389572427857,,,,
cvd_binary,lstm,10m,120,test,10.0,1200.0,1742,101651,0.6065754394939548,0.6007788977986002,0.5669213595180878,0.6475090596518881,0.6590126291618829,0.6307391005534341,0.6069494584837545,0.6883389572427857,0.6595866819747417,0.6340333507304192,0.608922422849701,0.6883389572427857,0.6618444381478207,0.7149374106007326,0.6052137945388836,0.6570836950344793
cvd_binary,lstm,10m,16,test,10.0,160.0,1742,27872,0.6171426521239954,0.6018983170472494,0.5725209648541212,0.6508991445930374,0.6555683122847302,0.6305995793694676,0.6052393038433648,0.6891261323177569,0.6595866819747417,0.6245838048632606,0.6039322816320349,0.6891261323177569,,,,
cvd_binary,lstm,10m,16,test,10.0,160.0,1742,27872,0.6171426521239954,0.6018983170472494,0.5725209648541212,0.6508991445930374,0.6555683122847302,0.6305995793694676,0.6052393038433648,0.6891261323177569,0.6595866819747417,0.6245838048632606,0.6039322816320349,0.6891261323177569,0.6632415146429005,0.7166838375370322,0.6058619799103545,0.6569235832511455
cvd_binary,lstm,10m,160,test,10.0,1600.0,1742,101731,0.6060984360716006,0.6004542169418676,0.566464976304552,0.6472392755246063,0.6590126291618829,0.6307391005534341,0.6069494584837545,0.6883389572427858,0.6595866819747417,0.6340333507304192,0.608922422849701,0.6883389572427858,,,,
cvd_binary,lstm,10m,160,test,10.0,1600.0,1742,101731,0.6060984360716006,0.6004542169418676,0.566464976304552,0.6472392755246063,0.6590126291618829,0.6307391005534341,0.6069494584837545,0.6883389572427858,0.6595866819747417,0.6340333507304192,0.608922422849701,0.6883389572427858,0.6618411838631135,0.7149358985637884,0.6052137945388836,0.6570836950344793
cvd_binary,lstm,10m,2,test,10.0,20.0,1742,3484,0.5757749712973593,0.5833906059181098,0.5432281212444635,0.6199742230306413,0.5970149253731343,0.6013328579278177,0.5620827215756491,0.6427396448582999,0.6636050516647531,0.5880387283246951,0.5824455770347767,0.6427396448582999,,,,
cvd_binary,lstm,10m,2,test,10.0,20.0,1742,3484,0.5757749712973593,0.5833906059181098,0.5432281212444635,0.6199742230306413,0.5970149253731343,0.6013328579278177,0.5620827215756491,0.6427396448582999,0.6636050516647531,0.5880387283246951,0.5824455770347767,0.6427396448582999,0.6130556661292005,0.6695778564947394,0.5739544188229342,0.6266208394180353
cvd_binary,lstm,10m,20,test,10.0,200.0,1742,34840,0.6170493685419058,0.6010540739324477,0.5720639288260665,0.6482483868939657,0.6561423650975889,0.6309862769719425,0.6057118349779986,0.6863322636709229,0.6624569460390356,0.6330592861682832,0.609786648502608,0.6863322636709229,,,,
cvd_binary,lstm,10m,20,test,10.0,200.0,1742,34840,0.6170493685419058,0.6010540739324477,0.5720639288260665,0.6482483868939657,0.6561423650975889,0.6309862769719425,0.6057118349779986,0.6863322636709229,0.6624569460390356,0.6330592861682832,0.609786648502608,0.6863322636709229,0.660454938054474,0.7129324107169231,0.6057157246593707,0.656967039611796
cvd_binary,lstm,10m,200,test,10.0,2000.0,1742,101795,0.6057861388083894,0.6002412911729623,0.566156283187765,0.6470251003851983,0.6590126291618829,0.6307391005534341,0.6069494584837545,0.6883372347590331,0.6595866819747417,0.6340333507304192,0.608922422849701,0.6883372347590331,,,,
cvd_binary,lstm,10m,200,test,10.0,2000.0,1742,101795,0.6057861388083894,0.6002412911729623,0.566156283187765,0.6470251003851983,0.6590126291618829,0.6307391005534341,0.6069494584837545,0.6883372347590331,0.6595866819747417,0.6340333507304192,0.608922422849701,0.6883372347590331,0.6618410527481291,0.7149358985637884,0.6052137945388836,0.6570836950344793
cvd_binary,lstm,10m,25,test,10.0,250.0,1742,43549,0.616156513352775,0.6009398878669727,0.5715829290282867,0.6492632295667834,0.6561423650975889,0.6280787243974322,0.6042114957387016,0.6870298695907551,0.6538461538461539,0.6287125984184154,0.6034516669604968,0.6870298695907551,,,,
cvd_binary,lstm,10m,25,test,10.0,250.0,1742,43549,0.616156513352775,0.6009398878669727,0.5715829290282867,0.6492632295667834,0.6561423650975889,0.6280787243974322,0.6042114957387016,0.6870298695907551,0.6538461538461539,0.6287125984184154,0.6034516669604968,0.6870298695907551,0.6616403263878627,0.7130975652525855,0.6019884821052578,0.6530829141126515
cvd_binary,lstm,10m,3,test,10.0,30.0,1742,5226,0.5941446613088404,0.5938265608142985,0.55733490223473,0.6338842601922713,0.6245694603903559,0.6206212309902387,0.584984262983039,0.6669215942620621,0.6113662456946038,0.6124540742769444,0.5744619586886748,0.6669215942620621,,,,
cvd_binary,lstm,10m,3,test,10.0,30.0,1742,5226,0.5941446613088404,0.5938265608142985,0.55733490223473,0.6338842601922713,0.6245694603903559,0.6206212309902387,0.584984262983039,0.6669215942620621,0.6113662456946038,0.6124540742769444,0.5744619586886748,0.6669215942620621,0.6384711014584971,0.6935286173820095,0.596975697522895,0.647366393867908
cvd_binary,lstm,10m,30,test,10.0,300.0,1742,52254,0.6191487732996517,0.6039838886101863,0.5745105306294526,0.6500517715155425,0.6578645235361653,0.6306925934921119,0.6063820107489051,0.687513887525256,0.6647531572904707,0.6331523002909275,0.610913847307107,0.687513887525256,,,,
cvd_binary,lstm,10m,30,test,10.0,300.0,1742,52254,0.6191487732996517,0.6039838886101863,0.5745105306294526,0.6500517715155425,0.6578645235361653,0.6306925934921119,0.6063820107489051,0.687513887525256,0.6647531572904707,0.6331523002909275,0.610913847307107,0.687513887525256,0.6618901163538504,0.714342425870869,0.6047859448142837,0.6567674689383549
cvd_binary,lstm,10m,4,test,10.0,40.0,1742,6968,0.601894374282434,0.5962605738971367,0.5623720855381253,0.6388478004743721,0.6337543053960965,0.6166319586190503,0.587736660929432,0.6752325783687047,0.6647531572904707,0.6113456559821,0.5984178739193937,0.6752325783687047,,,,
cvd_binary,lstm,10m,4,test,10.0,40.0,1742,6968,0.601894374282434,0.5962605738971367,0.5623720855381253,0.6388478004743721,0.6337543053960965,0.6166319586190503,0.587736660929432,0.6752325783687047,0.6647531572904707,0.6113456559821,0.5984178739193937,0.6752325783687047,0.6465556138972243,0.7024991454622204,0.5890922650701437,0.6424507145350842
cvd_binary,lstm,10m,40,test,10.0,400.0,1742,69623,0.6198095456961061,0.6039158664605775,0.5747693146465924,0.6508531002865903,0.6601607347876005,0.6329662720456389,0.6086492558270148,0.6890348406788654,0.6584385763490241,0.6303524029509592,0.6064771486877698,0.6890348406788654,,,,
cvd_binary,lstm,10m,40,test,10.0,400.0,1742,69623,0.6198095456961061,0.6039158664605775,0.5747693146465924,0.6508531002865903,0.6601607347876005,0.6329662720456389,0.6086492558270148,0.6890348406788654,0.6584385763490241,0.6303524029509592,0.6064771486877698,0.6890348406788654,0.662989496196636,0.7149491281702116,0.6078973235894143,0.6590291819981153
cvd_binary,lstm,10m,5,test,10.0,50.0,1742,8710,0.6043628013777268,0.5943616216840035,0.5627155597050739,0.6398347449087687,0.6308840413318025,0.6132446943194207,0.5846849261940013,0.6752653055600053,0.6320321469575201,0.6154718658116257,0.5863325730192348,0.6752653055600053,,,,
cvd_binary,lstm,10m,5,test,10.0,50.0,1742,8710,0.6043628013777268,0.5943616216840035,0.5627155597050739,0.6398347449087687,0.6308840413318025,0.6132446943194207,0.5846849261940013,0.6752653055600053,0.6320321469575201,0.6154718658116257,0.5863325730192348,0.6752653055600053,0.6479764638534066,0.702288429196408,0.5890330519193568,0.6383730400449359
cvd_binary,lstm,10m,50,test,10.0,500.0,1742,85844,0.6182144354876288,0.6025146625970336,0.5729278844992165,0.6507368037203027,0.6653272101033295,0.6371734386115403,0.6132932101104125,0.6880263264416757,0.6624569460390356,0.6337861743119109,0.6101662404092072,0.6880263264416757,,,,
cvd_binary,lstm,10m,50,test,10.0,500.0,1742,85844,0.6182144354876288,0.6025146625970336,0.5729278844992165,0.6507368037203027,0.6653272101033295,0.6371734386115403,0.6132932101104125,0.6880263264416757,0.6624569460390356,0.6337861743119109,0.6101662404092072,0.6880263264416757,0.6618248117763967,0.7148666599119325,0.6119523300994437,0.6643379308953675
cvd_binary,lstm,10m,6,test,10.0,60.0,1742,10452,0.6082089552238806,0.5961529186625947,0.5654394387517754,0.6433561505014438,0.6440872560275546,0.6228656273199703,0.595817615711634,0.6801847191576367,0.6670493685419059,0.6157999989665097,0.6020556545466862,0.6801847191576367,,,,
cvd_binary,lstm,10m,6,test,10.0,60.0,1742,10452,0.6082089552238806,0.5961529186625947,0.5654394387517754,0.6433561505014438,0.6440872560275546,0.6228656273199703,0.595817615711634,0.6801847191576367,0.6670493685419059,0.6157999989665097,0.6020556545466862,0.6801847191576367,0.6536466552745739,0.707730284584098,0.5981877067603125,0.6495345094370916
cvd_binary,lstm,10m,60,test,10.0,600.0,1742,94878,0.6156432471173507,0.6033240951906338,0.5720711092660832,0.6507175941820029,0.6607347876004592,0.6326260815044862,0.6087459654571304,0.6883131199864958,0.6595866819747417,0.6340333507304192,0.608922422849701,0.6883131199864958,,,,
cvd_binary,lstm,10m,60,test,10.0,600.0,1742,94878,0.6156432471173507,0.6033240951906338,0.5720711092660832,0.6507175941820029,0.6607347876004592,0.6326260815044862,0.6087459654571304,0.6883131199864958,0.6595866819747417,0.6340333507304192,0.608922422849701,0.6883131199864958,0.6619636688334756,0.7150886268987994,0.6072150924120374,0.6587904981950826
cvd_binary,lstm,10m,8,test,10.0,80.0,1742,13936,0.6133754305396096,0.5998149191207753,0.5696973342394882,0.6440051052265323,0.6526980482204363,0.6286660913570933,0.6028788092883048,0.6801485469988304,0.6710677382319173,0.6272295399073649,0.6104862453879759,0.6801485469988304,,,,
cvd_binary,lstm,10m,8,test,10.0,80.0,1742,13936,0.6133754305396096,0.5998149191207753,0.5696973342394882,0.6440051052265323,0.6526980482204363,0.6286660913570933,0.6028788092883048,0.6801485469988304,0.6710677382319173,0.6272295399073649,0.6104862453879759,0.6801485469988304,0.6544903404511256,0.706529058611643,0.6033389746640941,0.6540331166755345
cvd_binary,lstm,10m,80,test,10.0,800.0,1742,100522,0.6092099241956984,0.6016334103756165,0.5685028775530261,0.6486073346026482,0.6590126291618829,0.6307391005534341,0.6069494584837545,0.6880943645499064,0.6595866819747417,0.6340333507304192,0.608922422849701,0.6880943645499064,,,,
cvd_binary,lstm,10m,80,test,10.0,800.0,1742,100522,0.6092099241956984,0.6016334103756165,0.5685028775530261,0.6486073346026482,0.6590126291618829,0.6307391005534341,0.6069494584837545,0.6880943645499064,0.6595866819747417,0.6340333507304192,0.608922422849701,0.6880943645499064,0.6615631370888416,0.714592323349811,0.6052137945388836,0.6570836950344793
cvd_binary,lstm,10m,all,test,10.0,,1742,101804,0.6057522297748615,0.6002180977100982,0.566121006943793,0.6470032159481836,0.6590126291618829,0.6307391005534341,0.6069494584837545,0.6883389572427858,0.6595866819747417,0.6340333507304192,0.608922422849701,0.6883389572427858,,,,
cvd_binary,lstm,10m,all,test,10.0,,1742,101804,0.6057522297748615,0.6002180977100982,0.566121006943793,0.6470032159481836,0.6590126291618829,0.6307391005534341,0.6069494584837545,0.6883389572427858,0.6595866819747417,0.6340333507304192,0.608922422849701,0.6883389572427858,0.6618445255578103,0.7149376764827519,0.6052137945388836,0.6570836950344793
cvd_binary,lstm,40m,1,test,40.0,40.0,1742,1742,0.5993111366245695,0.5810730040288895,0.5538623658375859,0.620498934643799,0.5993111366245695,0.5810730040288895,0.5538623658375859,0.620498934643799,0.5993111366245695,0.5810730040288895,0.5538623658375859,0.620498934643799,,,,
cvd_binary,lstm,40m,1,test,40.0,40.0,1742,1742,0.5993111366245695,0.5810730040288895,0.5538623658375859,0.620498934643799,0.5993111366245695,0.5810730040288895,0.5538623658375859,0.620498934643799,0.5993111366245695,0.5810730040288895,0.5538623658375859,0.620498934643799,0.5894912932436506,0.6494318008489709,0.5528386395879354,0.6058002958737395
cvd_binary,lstm,40m,10,test,40.0,400.0,1742,17401,0.678639158669042,0.6027289465696509,0.5975987195464686,0.6505276060182561,0.7210103329506314,0.6288891530030642,0.630545664013406,0.6824859574512062,0.7256027554535017,0.6174449709503116,0.6226197209653092,0.6824859574512062,,,,
cvd_binary,lstm,40m,10,test,40.0,400.0,1742,17401,0.678639158669042,0.6027289465696509,0.5975987195464686,0.6505276060182561,0.7210103329506314,0.6288891530030642,0.630545664013406,0.6824859574512062,0.7256027554535017,0.6174449709503116,0.6226197209653092,0.6824859574512062,0.6561477168387168,0.7086969273742562,0.6045360802852974,0.6527512708036919
cvd_binary,lstm,40m,12,test,40.0,480.0,1742,20615,0.6800388066941547,0.602508490331513,0.597640623889622,0.6519541847458841,0.7198622273249139,0.6244813170799767,0.6267684785815644,0.6837778202657103,0.7227324913892078,0.6184190355124475,0.6226892470924301,0.6837778202657103,,,,
cvd_binary,lstm,40m,12,test,40.0,480.0,1742,20615,0.6800388066941547,0.602508490331513,0.597640623889622,0.6519541847458841,0.7198622273249139,0.6244813170799767,0.6267684785815644,0.6837778202657103,0.7227324913892078,0.6184190355124475,0.6226892470924301,0.6837778202657103,0.6571017820987145,0.7106975712418281,0.5990057585397947,0.6491017461996273
cvd_binary,lstm,40m,16,test,40.0,640.0,1742,23867,0.6798089412159048,0.6039035680842634,0.5986421554259298,0.652574608765868,0.7238805970149254,0.6286419765845559,0.6312757020552843,0.6840344703448584,0.7238805970149254,0.6220999832919076,0.626050628312885,0.6840344703448584,,,,
cvd_binary,lstm,40m,16,test,40.0,640.0,1742,23867,0.6798089412159048,0.6039035680842634,0.5986421554259298,0.652574608765868,0.7238805970149254,0.6286419765845559,0.6312757020552843,0.6840344703448584,0.7238805970149254,0.6220999832919076,0.626050628312885,0.6840344703448584,0.6570884144047844,0.710389317855982,0.6025432193222054,0.6534361066119126
cvd_binary,lstm,40m,2,test,40.0,80.0,1742,3484,0.6285878300803674,0.5858933748107421,0.5689405123419489,0.6229659619985635,0.6699196326061998,0.6155528225480014,0.6030458055774512,0.6460623160172041,0.711825487944891,0.5841769197512044,0.5891084735887533,0.6460623160172041,,,,
cvd_binary,lstm,40m,2,test,40.0,80.0,1742,3484,0.6285878300803674,0.5858933748107421,0.5689405123419489,0.6229659619985635,0.6699196326061998,0.6155528225480014,0.6030458055774512,0.6460623160172041,0.711825487944891,0.5841769197512044,0.5891084735887533,0.6460623160172041,0.6180745656974972,0.6737564310021937,0.5884272441607796,0.6402924625811962
cvd_binary,lstm,40m,20,test,40.0,800.0,1742,24605,0.6762040235724446,0.6034546821795371,0.5973965481186116,0.6513661188839572,0.7250287026406429,0.6294153717895056,0.6322430880689167,0.6843238476153074,0.7198622273249139,0.6193931000745836,0.6227007316116226,0.6843238476153074,,,,
cvd_binary,lstm,40m,20,test,40.0,800.0,1742,24605,0.6762040235724446,0.6034546821795371,0.5973965481186116,0.6513661188839572,0.7250287026406429,0.6294153717895056,0.6322430880689167,0.6843238476153074,0.7198622273249139,0.6193931000745836,0.6227007316116226,0.6843238476153074,0.657375748192553,0.7110770391690425,0.6038377037001937,0.6538683588128147
cvd_binary,lstm,40m,25,test,40.0,1000.0,1742,24815,0.6741084021761031,0.6027774524712791,0.5963047858286532,0.6503161953730121,0.7244546498277842,0.6283017860434031,0.6311907084899886,0.6842067187201257,0.7181400688863375,0.6189598954107866,0.621860691102217,0.6842067187201257,,,,
cvd_binary,lstm,40m,25,test,40.0,1000.0,1742,24815,0.6741084021761031,0.6027774524712791,0.5963047858286532,0.6503161953730121,0.7244546498277842,0.6283017860434031,0.6311907084899886,0.6842067187201257,0.7181400688863375,0.6189598954107866,0.621860691102217,0.6842067187201257,0.6571537611556039,0.7110161222545022,0.6029636242597677,0.6527261945503309
cvd_binary,lstm,40m,3,test,40.0,120.0,1742,5226,0.6534634519709147,0.597683201936531,0.5855877157618726,0.6369163100646831,0.6969001148105626,0.6199167351353958,0.6158899908292281,0.6680756583763523,0.6848450057405281,0.6125229736270512,0.6065722272387883,0.6680756583763523,,,,
cvd_binary,lstm,40m,3,test,40.0,120.0,1742,5226,0.6534634519709147,0.597683201936531,0.5855877157618726,0.6369163100646831,0.6969001148105626,0.6199167351353958,0.6158899908292281,0.6680756583763523,0.6848450057405281,0.6125229736270512,0.6065722272387883,0.6680756583763523,0.6387713356359557,0.6953906283958468,0.5947672387120314,0.643370054091943
cvd_binary,lstm,40m,30,test,40.0,1200.0,1742,24855,0.6736270368135184,0.6027118863995307,0.5961068195929468,0.6500969300203215,0.7238805970149254,0.6279150884409284,0.6307075686036513,0.6842704506189746,0.7181400688863375,0.6189598954107866,0.621860691102217,0.6842704506189746,,,,
cvd_binary,lstm,40m,30,test,40.0,1200.0,1742,24855,0.6736270368135184,0.6027118863995307,0.5961068195929468,0.6500969300203215,0.7238805970149254,0.6279150884409284,0.6307075686036513,0.6842704506189746,0.7181400688863375,0.6189598954107866,0.621860691102217,0.6842704506189746,0.657294802540132,0.7110906351654396,0.6025826824684337,0.6527165196277303
cvd_binary,lstm,40m,4,test,40.0,160.0,1742,6968,0.6687715269804823,0.6040578272245447,0.5952357341882856,0.644919394219689,0.7175660160734788,0.630203408106353,0.6303923327445353,0.6779093181203568,0.7422502870264064,0.6264785369911998,0.6347682671200479,0.6779093181203568,,,,
cvd_binary,lstm,40m,4,test,40.0,160.0,1742,6968,0.6687715269804823,0.6040578272245447,0.5952357341882856,0.644919394219689,0.7175660160734788,0.630203408106353,0.6303923327445353,0.6779093181203568,0.7422502870264064,0.6264785369911998,0.6347682671200479,0.6779093181203568,0.6509756150663625,0.7055305020561847,0.6046928946858783,0.6544848905340007
cvd_binary,lstm,40m,40,test,40.0,1600.0,1742,24875,0.6731256281407035,0.6023329717901241,0.5956230890069601,0.6496497936728548,0.7238805970149254,0.6279150884409284,0.6307075686036513,0.684294565391512,0.7181400688863375,0.6189598954107866,0.621860691102217,0.684294565391512,,,,
cvd_binary,lstm,40m,40,test,40.0,1600.0,1742,24875,0.6731256281407035,0.6023329717901241,0.5956230890069601,0.6496497936728548,0.7238805970149254,0.6279150884409284,0.6307075686036513,0.684294565391512,0.7181400688863375,0.6189598954107866,0.621860691102217,0.684294565391512,0.6573002035270398,0.7110982556809855,0.6025826824684337,0.6527165196277303
cvd_binary,lstm,40m,5,test,40.0,200.0,1742,8710,0.6688863375430539,0.6019181579069756,0.5938393602593671,0.6427112583260559,0.7078071182548794,0.6199951081461423,0.6195564914918329,0.6742335377921548,0.700918484500574,0.6211698420654648,0.6181565210659685,0.6742335377921548,,,,
cvd_binary,lstm,40m,5,test,40.0,200.0,1742,8710,0.6688863375430539,0.6019181579069756,0.5938393602593671,0.6427112583260559,0.7078071182548794,0.6199951081461423,0.6195564914918329,0.6742335377921548,0.700918484500574,0.6211698420654648,0.6181565210659685,0.6742335377921548,0.6461206768695061,0.701648792548485,0.5942496335908484,0.6454958499871218
cvd_binary,lstm,40m,50,test,40.0,2000.0,1742,24891,0.6726929412237355,0.6020087776190148,0.595211159053923,0.649241145267945,0.7238805970149254,0.6279150884409284,0.6307075686036513,0.6842911204240066,0.7181400688863375,0.6189598954107866,0.621860691102217,0.6842911204240066,,,,
cvd_binary,lstm,40m,50,test,40.0,2000.0,1742,24891,0.6726929412237355,0.6020087776190148,0.595211159053923,0.649241145267945,0.7238805970149254,0.6279150884409284,0.6307075686036513,0.6842911204240066,0.7181400688863375,0.6189598954107866,0.621860691102217,0.6842911204240066,0.6573002035270398,0.7110980886359618,0.6025826824684337,0.6527165196277303
cvd_binary,lstm,40m,6,test,40.0,240.0,1742,10452,0.6707807118254879,0.6006259218876585,0.5935949804171992,0.6491947244915945,0.7175660160734788,0.6287496318190979,0.629307839229364,0.68302337238204,0.7267508610792193,0.620399030586144,0.6254318507061392,0.68302337238204,,,,
cvd_binary,lstm,40m,6,test,40.0,240.0,1742,10452,0.6707807118254879,0.6006259218876585,0.5935949804171992,0.6491947244915945,0.7175660160734788,0.6287496318190979,0.629307839229364,0.68302337238204,0.7267508610792193,0.620399030586144,0.6254318507061392,0.68302337238204,0.6573088777733367,0.7090920775597388,0.6033744503000946,0.6530169282227575
cvd_binary,lstm,40m,8,test,40.0,320.0,1742,13934,0.6751830055978183,0.6012972164878742,0.59551366935083,0.6490216123067699,0.7181400688863375,0.6247750005598072,0.6264635043748457,0.6827357175953438,0.7244546498277842,0.6152177994581066,0.6204138331774726,0.6827357175953438,,,,
cvd_binary,lstm,40m,8,test,40.0,320.0,1742,13934,0.6751830055978183,0.6012972164878742,0.59551366935083,0.6490216123067699,0.7181400688863375,0.6247750005598072,0.6264635043748457,0.6827357175953438,0.7244546498277842,0.6152177994581066,0.6204138331774726,0.6827357175953438,0.6569589513075447,0.7094228703733695,0.5999547972862169,0.6486167900867891
cvd_binary,lstm,40m,all,test,40.0,,1742,24893,0.6726388944683245,0.6019682928300015,0.5951597171033505,0.6491977738523798,0.7238805970149254,0.6279150884409284,0.6307075686036513,0.6842928429077593,0.7181400688863375,0.6189598954107866,0.621860691102217,0.6842928429077593,,,,
cvd_binary,lstm,40m,all,test,40.0,,1742,24893,0.6726388944683245,0.6019682928300015,0.5951597171033505,0.6491977738523798,0.7238805970149254,0.6279150884409284,0.6307075686036513,0.6842928429077593,0.7181400688863375,0.6189598954107866,0.621860691102217,0.6842928429077593,0.6573002035270398,0.7110980886359618,0.6025826824684337,0.6527165196277303
cvd_binary,lstm,80m,1,test,80.0,80.0,1742,1742,0.6234213547646383,0.5973143033328339,0.5731157731157731,0.6443708369720803,0.6234213547646383,0.5973143033328339,0.5731157731157731,0.6443708369720803,0.6234213547646383,0.5973143033328339,0.5731157731157731,0.6443708369720803,,,,
cvd_binary,lstm,80m,1,test,80.0,80.0,1742,1742,0.6234213547646383,0.5973143033328339,0.5731157731157731,0.6443708369720803,0.6234213547646383,0.5973143033328339,0.5731157731157731,0.6443708369720803,0.6234213547646383,0.5973143033328339,0.5731157731157731,0.6443708369720803,0.6138732388282486,0.6735830585832978,0.568402504510455,0.6238220809112949
cvd_binary,lstm,80m,10,test,80.0,800.0,1742,11771,0.6497323931696543,0.6058649533724358,0.5892777964456225,0.6512230693415477,0.6871412169919633,0.6278806387658749,0.6175692795411105,0.6825694979132109,0.6951779563719862,0.6252986356206195,0.6189837143693905,0.6825694979132109,,,,
cvd_binary,lstm,80m,10,test,80.0,800.0,1742,11771,0.6497323931696543,0.6058649533724358,0.5892777964456225,0.6512230693415477,0.6871412169919633,0.6278806387658749,0.6175692795411105,0.6825694979132109,0.6951779563719862,0.6252986356206195,0.6189837143693905,0.6825694979132109,0.6553140909419003,0.7099537283375154,0.6002547345878158,0.6533542932043082
cvd_binary,lstm,80m,12,test,80.0,960.0,1742,11854,0.6486418086721781,0.6051792272596418,0.5885240573892141,0.6503659754138023,0.6888633754305397,0.6297676197169271,0.6194464552596746,0.6826470096820813,0.6946039035591275,0.6241850498745171,0.6180208757528346,0.6826470096820813,,,,
cvd_binary,lstm,80m,12,test,80.0,960.0,1742,11854,0.6486418086721781,0.6051792272596418,0.5885240573892141,0.6503659754138023,0.6888633754305397,0.6297676197169271,0.6194464552596746,0.6826470096820813,0.6946039035591275,0.6241850498745171,0.6180208757528346,0.6826470096820813,0.6554060709319657,0.7100019077062846,0.6018933708059683,0.6551424556398803
cvd_binary,lstm,80m,16,test,80.0,1280.0,1742,11882,0.648459855243225,0.6047335807235279,0.5882086240122052,0.6499825619133348,0.6888633754305397,0.6290407315732994,0.6189888170043518,0.6827331338697148,0.6951779563719862,0.624571747476992,0.6184934193350416,0.6827331338697148,,,,
cvd_binary,lstm,80m,16,test,80.0,1280.0,1742,11882,0.648459855243225,0.6047335807235279,0.5882086240122052,0.6499825619133348,0.6888633754305397,0.6290407315732994,0.6189888170043518,0.6827331338697148,0.6951779563719862,0.624571747476992,0.6184934193350416,0.6827331338697148,0.6556702436651265,0.7099977112778054,0.6016855163090589,0.6546212022454861
cvd_binary,lstm,80m,2,test,80.0,160.0,1742,3484,0.6483926521239954,0.6028688828142628,0.5868133842683932,0.6443600714486261,0.6722158438576349,0.614918948527018,0.6035447653370607,0.6645704039396649,0.7158438576349024,0.6036022302719629,0.608227188158083,0.6645704039396649,,,,
cvd_binary,lstm,80m,2,test,80.0,160.0,1742,3484,0.6483926521239954,0.6028688828142628,0.5868133842683932,0.6443600714486261,0.6722158438576349,0.614918948527018,0.6035447653370607,0.6645704039396649,0.7158438576349024,0.6036022302719629,0.608227188158083,0.6645704039396649,0.6354868065985575,0.692809424892258,0.5878733848819779,0.6417713900230727
cvd_binary,lstm,80m,20,test,80.0,1600.0,1742,11890,0.6483599663582843,0.6046449738898552,0.5880624301393902,0.6497516612233394,0.6888633754305397,0.6290407315732994,0.6189888170043518,0.6826883492921453,0.6951779563719862,0.624571747476992,0.6184934193350416,0.6826883492921453,,,,
cvd_binary,lstm,80m,20,test,80.0,1600.0,1742,11890,0.6483599663582843,0.6046449738898552,0.5880624301393902,0.6497516612233394,0.6888633754305397,0.6290407315732994,0.6189888170043518,0.6826883492921453,0.6951779563719862,0.624571747476992,0.6184934193350416,0.6826883492921453,0.6555630069883301,0.7099787662876802,0.6016855163090589,0.6546212022454861
cvd_binary,lstm,80m,25,test,80.0,2000.0,1742,11898,0.6483442595394184,0.6046131849269292,0.587983819834766,0.6496877030962351,0.6888633754305397,0.6290407315732994,0.6189888170043518,0.6827262439347042,0.6951779563719862,0.624571747476992,0.6184934193350416,0.6827262439347042,,,,
cvd_binary,lstm,80m,25,test,80.0,2000.0,1742,11898,0.6483442595394184,0.6046131849269292,0.587983819834766,0.6496877030962351,0.6888633754305397,0.6290407315732994,0.6189888170043518,0.6827262439347042,0.6951779563719862,0.624571747476992,0.6184934193350416,0.6827262439347042,0.6556769419223775,0.7099992215846348,0.6016855163090589,0.6546212022454861
cvd_binary,lstm,80m,3,test,80.0,240.0,1742,5226,0.6492537313432836,0.6023585970025338,0.5868536837672029,0.6487447973813654,0.6779563719862227,0.6173321482645115,0.6072797327485501,0.6743610015898525,0.6733639494833524,0.6156923437319678,0.6044755959114697,0.6743610015898525,,,,
cvd_binary,lstm,80m,3,test,80.0,240.0,1742,5226,0.6492537313432836,0.6023585970025338,0.5868536837672029,0.6487447973813654,0.6779563719862227,0.6173321482645115,0.6072797327485501,0.6743610015898525,0.6733639494833524,0.6156923437319678,0.6044755959114697,0.6743610015898525,0.6467798206346976,0.7019318020467765,0.592531612019185,0.642992518382534
cvd_binary,lstm,80m,4,test,80.0,320.0,1742,6967,0.6570977465193053,0.610918287227165,0.595111468900236,0.6525029406330232,0.6756601607347876,0.6165122459982396,0.6058784074641359,0.6789083586969067,0.7043628013777268,0.6184018106749208,0.6172658482092387,0.6789083586969067,,,,
cvd_binary,lstm,80m,4,test,80.0,320.0,1742,6967,0.6570977465193053,0.610918287227165,0.595111468900236,0.6525029406330232,0.6756601607347876,0.6165122459982396,0.6058784074641359,0.6789083586969067,0.7043628013777268,0.6184018106749208,0.6172658482092387,0.6789083586969067,0.6521393243990359,0.7064174688631772,0.5891588394356826,0.6410616236835542
cvd_binary,lstm,80m,5,test,80.0,400.0,1742,8698,0.6538284663140952,0.6058665166749977,0.5907413843009246,0.652176962802771,0.6785304247990815,0.6191726221542415,0.6086756298367985,0.6794027115339234,0.669345579793341,0.6064434672219955,0.5970183781005012,0.6794027115339234,,,,
cvd_binary,lstm,80m,5,test,80.0,400.0,1742,8698,0.6538284663140952,0.6058665166749977,0.5907413843009246,0.652176962802771,0.6785304247990815,0.6191726221542415,0.6086756298367985,0.6794027115339234,0.669345579793341,0.6064434672219955,0.5970183781005012,0.6794027115339234,0.6521240473039327,0.7062574435702279,0.5926673963390772,0.6442111848898735
cvd_binary,lstm,80m,6,test,80.0,480.0,1742,10218,0.6557056175376786,0.6077501305033957,0.5922096414654483,0.6546218150023859,0.687715269804822,0.6297211126556048,0.6189538730757662,0.681518782824081,0.6934557979334098,0.6132352206587811,0.6099555206698064,0.681518782824081,,,,
cvd_binary,lstm,80m,6,test,80.0,480.0,1742,10218,0.6557056175376786,0.6077501305033957,0.5922096414654483,0.6546218150023859,0.687715269804822,0.6297211126556048,0.6189538730757662,0.681518782824081,0.6934557979334098,0.6132352206587811,0.6099555206698064,0.681518782824081,0.6539214988674342,0.709552987700561,0.602282759346941,0.6544536954381037
cvd_binary,lstm,80m,8,test,80.0,640.0,1742,11480,0.6533101045296167,0.6077949006901486,0.5915507583268922,0.6526154188180402,0.6871412169919633,0.6264268624786197,0.616648933700241,0.6817013661018642,0.6963260619977037,0.6246182545383141,0.618945896336287,0.6817013661018642,,,,
cvd_binary,lstm,80m,8,test,80.0,640.0,1742,11480,0.6533101045296167,0.6077949006901486,0.5915507583268922,0.6526154188180402,0.6871412169919633,0.6264268624786197,0.616648933700241,0.6817013661018642,0.6963260619977037,0.6246182545383141,0.618945896336287,0.6817013661018642,0.6545980257731366,0.7092493398038975,0.5983033008682261,0.6517124176730821
cvd_binary,lstm,80m,all,test,80.0,,1742,11899,0.6483738129254559,0.6046304594101872,0.5879992759903957,0.6497049770635216,0.6888633754305397,0.6290407315732994,0.6189888170043518,0.6827417462884781,0.6951779563719862,0.624571747476992,0.6184934193350416,0.6827417462884781,,,,
cvd_binary,lstm,80m,all,test,80.0,,1742,11899,0.6483738129254559,0.6046304594101872,0.5879992759903957,0.6497049770635216,0.6888633754305397,0.6290407315732994,0.6189888170043518,0.6827417462884781,0.6951779563719862,0.624571747476992,0.6184934193350416,0.6827417462884781,0.6557003858227556,0.7100095128226123,0.6016855163090589,0.6546212022454861
cvd_binary,lstm,120m,1,test,120.0,120.0,1742,1742,0.5459242250287026,0.6061687310634443,0.5325178055320049,0.6544835390840176,0.5459242250287026,0.6061687310634443,0.5325178055320049,0.6544835390840176,0.5459242250287026,0.6061687310634443,0.5325178055320049,0.6544835390840176,,,,
cvd_binary,lstm,120m,1,test,120.0,120.0,1742,1742,0.5459242250287026,0.6061687310634443,0.5325178055320049,0.6544835390840176,0.5459242250287026,0.6061687310634443,0.5325178055320049,0.6544835390840176,0.5459242250287026,0.6061687310634443,0.5325178055320049,0.6544835390840176,0.6269010358279221,0.6830622964588827,0.5831014980347079,0.6297031113058036
cvd_binary,lstm,120m,10,test,120.0,1200.0,1742,7720,0.5914507772020725,0.6058299709648924,0.5608458955220381,0.6579395978176604,0.6274397244546498,0.631277376726144,0.5911482809761164,0.6845512154706601,0.6366245694603904,0.6171116703441695,0.5893594827807721,0.6845512154706601,,,,
cvd_binary,lstm,120m,10,test,120.0,1200.0,1742,7720,0.5914507772020725,0.6058299709648924,0.5608458955220381,0.6579395978176604,0.6274397244546498,0.631277376726144,0.5911482809761164,0.6845512154706601,0.6366245694603904,0.6171116703441695,0.5893594827807721,0.6845512154706601,0.6570333555046118,0.7106601788453045,0.6064569159768155,0.6575186140001252
cvd_binary,lstm,120m,12,test,120.0,1440.0,1742,7724,0.5911444847229415,0.6056290416821726,0.5605507454483178,0.657718980109872,0.6274397244546498,0.631277376726144,0.5911482809761164,0.6845649953406815,0.6366245694603904,0.6171116703441695,0.5893594827807721,0.6845649953406815,,,,
cvd_binary,lstm,120m,12,test,120.0,1440.0,1742,7724,0.5911444847229415,0.6056290416821726,0.5605507454483178,0.657718980109872,0.6274397244546498,0.631277376726144,0.5911482809761164,0.6845649953406815,0.6366245694603904,0.6171116703441695,0.5893594827807721,0.6845649953406815,0.6570649905362469,0.7106664719728273,0.6064569159768155,0.6575186140001252
cvd_binary,lstm,120m,16,test,120.0,1920.0,1742,7731,0.5906092355452076,0.6052780890509085,0.5600350352046736,0.6573186223287643,0.6274397244546498,0.631277376726144,0.5911482809761164,0.6845718852756921,0.6366245694603904,0.6171116703441695,0.5893594827807721,0.6845718852756921,,,,
cvd_binary,lstm,120m,16,test,120.0,1920.0,1742,7731,0.5906092355452076,0.6052780890509085,0.5600350352046736,0.6573186223287643,0.6274397244546498,0.631277376726144,0.5911482809761164,0.6845718852756921,0.6366245694603904,0.6171116703441695,0.5893594827807721,0.6845718852756921,0.6570716505429068,0.7106669835550488,0.6064569159768155,0.6575186140001252
cvd_binary,lstm,120m,2,test,120.0,240.0,1742,3484,0.5789322617680827,0.6015089818915283,0.5520825418576178,0.6531529203850786,0.6067738231917337,0.622444480042442,0.5760432288319169,0.6711520143586245,0.6630309988518944,0.6152737801800685,0.6001091869133697,0.6711520143586245,,,,
cvd_binary,lstm,120m,2,test,120.0,240.0,1742,3484,0.5789322617680827,0.6015089818915283,0.5520825418576178,0.6531529203850786,0.6067738231917337,0.622444480042442,0.5760432288319169,0.6711520143586245,0.6630309988518944,0.6152737801800685,0.6001091869133697,0.6711520143586245,0.6420245833774864,0.6985670072194518,0.5951550043007666,0.6477027463044982
cvd_binary,lstm,120m,3,test,120.0,360.0,1742,5220,0.5938697318007663,0.6033085931741118,0.5611170590877053,0.6559242392132292,0.6125143513203215,0.6197694627745425,0.5781787265184006,0.6780385044018072,0.5987370838117106,0.6054005033097525,0.564717174371156,0.6780385044018072,,,,
cvd_binary,lstm,120m,3,test,120.0,360.0,1742,5220,0.5938697318007663,0.6033085931741118,0.5611170590877053,0.6559242392132292,0.6125143513203215,0.6197694627745425,0.5781787265184006,0.6780385044018072,0.5987370838117106,0.6054005033097525,0.564717174371156,0.6780385044018072,0.6501912053620855,0.7048559995111014,0.5937589714979526,0.645057124140063
cvd_binary,lstm,120m,4,test,120.0,480.0,1742,6740,0.5997032640949554,0.6066284488501095,0.5649884465919456,0.6620218896062445,0.6245694603903559,0.6307976650010249,0.5893736592004798,0.6835383950240889,0.6486796785304249,0.6208709911343762,0.5969647525998152,0.6835383950240889,,,,
cvd_binary,lstm,120m,4,test,120.0,480.0,1742,6740,0.5997032640949554,0.6066284488501095,0.5649884465919456,0.6620218896062445,0.6245694603903559,0.6307976650010249,0.5893736592004798,0.6835383950240889,0.6486796785304249,0.6208709911343762,0.5969647525998152,0.6835383950240889,0.6560602149803824,0.7098592719344812,0.6058161942110242,0.6552016017923716
cvd_binary,lstm,120m,5,test,120.0,600.0,1742,7410,0.5970310391363023,0.6070205479452055,0.5639143546213262,0.6599705919912642,0.6285878300803674,0.6327776600747214,0.5924082246402886,0.6835056678327882,0.6326061997703789,0.6158585634141006,0.5868005058254429,0.6835056678327882,,,,
cvd_binary,lstm,120m,5,test,120.0,600.0,1742,7410,0.5970310391363023,0.6070205479452055,0.5639143546213262,0.6599705919912642,0.6285878300803674,0.6327776600747214,0.5924082246402886,0.6835056678327882,0.6326061997703789,0.6158585634141006,0.5868005058254429,0.6835056678327882,0.6560475039427544,0.7094821281917237,0.6080290913696652,0.6585361470027876
cvd_binary,lstm,120m,6,test,120.0,720.0,1742,7611,0.5953225594534227,0.6072332804569044,0.5634339882440562,0.6604954260594003,0.6274397244546498,0.6305504885825164,0.5908405090906196,0.6850817404664832,0.6371986222732492,0.6167714798030168,0.5894647033554484,0.6850817404664832,,,,
cvd_binary,lstm,120m,6,test,120.0,720.0,1742,7611,0.5953225594534227,0.6072332804569044,0.5634339882440562,0.6604954260594003,0.6274397244546498,0.6305504885825164,0.5908405090906196,0.6850817404664832,0.6371986222732492,0.6167714798030168,0.5894647033554484,0.6850817404664832,0.6576751849546799,0.711254567294412,0.6057439817510123,0.6573336054265209
cvd_binary,lstm,120m,8,test,120.0,960.0,1742,7708,0.5919823559937727,0.6060626813318206,0.561282525872469,0.6584401916072722,0.6274397244546498,0.631277376726144,0.5911482809761164,0.6845288231818752,0.6366245694603904,0.6171116703441695,0.5893594827807721,0.6845288231818752,,,,
cvd_binary,lstm,120m,8,test,120.0,960.0,1742,7708,0.5919823559937727,0.6060626813318206,0.561282525872469,0.6584401916072722,0.6274397244546498,0.631277376726144,0.5911482809761164,0.6845288231818752,0.6366245694603904,0.6171116703441695,0.5893594827807721,0.6845288231818752,0.6570893930475167,0.7105893319258783,0.6064569159768155,0.6575186140001252
cvd_binary,lstm,120m,all,test,120.0,,1742,7732,0.5905328504914641,0.6052280228003103,0.5599614455267068,0.6572638717193213,0.6274397244546498,0.631277376726144,0.5911482809761164,0.6845718852756921,0.6366245694603904,0.6171116703441695,0.5893594827807721,0.6845718852756921,,,,
cvd_binary,lstm,120m,all,test,120.0,,1742,7732,0.5905328504914641,0.6052280228003103,0.5599614455267068,0.6572638717193213,0.6274397244546498,0.631277376726144,0.5911482809761164,0.6845718852756921,0.6366245694603904,0.6171116703441695,0.5893594827807721,0.6845718852756921,0.6570716505429068,0.7106669835550488,0.6064569159768155,0.6575186140001252
cvd_binary,lstm,240m,1,test,240.0,240.0,1742,1742,0.634902411021814,0.6108633605313518,0.5853871025687084,0.6629857188872066,0.634902411021814,0.6108633605313518,0.5853871025687084,0.6629857188872066,0.634902411021814,0.6108633605313518,0.5853871025687084,0.6629857188872066,,,,
cvd_binary,lstm,240m,1,test,240.0,240.0,1742,1742,0.634902411021814,0.6108633605313518,0.5853871025687084,0.6629857188872066,0.634902411021814,0.6108633605313518,0.5853871025687084,0.6629857188872066,0.634902411021814,0.6108633605313518,0.5853871025687084,0.6629857188872066,0.635754755530029,0.6903332048843139,0.585516988578495,0.6360794752527171
cvd_binary,lstm,240m,2,test,240.0,480.0,1742,3262,0.6404046597179645,0.6182001693362367,0.5902748576015903,0.6715289175143824,0.6618828932261768,0.6384876937148289,0.6122942751286164,0.6858620256064435,0.7066590126291619,0.622129265515703,0.620775666578481,0.6858620256064435,,,,
cvd_binary,lstm,240m,2,test,240.0,480.0,1742,3262,0.6404046597179645,0.6182001693362367,0.5902748576015903,0.6715289175143824,0.6618828932261768,0.6384876937148289,0.6122942751286164,0.6858620256064435,0.7066590126291619,0.622129265515703,0.620775666578481,0.6858620256064435,0.6602236846730195,0.7135347018229748,0.6144708341465449,0.6638609662328564
cvd_binary,lstm,240m,3,test,240.0,720.0,1742,3463,0.6347097892001156,0.6158648560644786,0.5872756155424679,0.667978022785998,0.6647531572904707,0.6389674054399481,0.6139377793969201,0.6870677642333138,0.6974741676234214,0.6239378734560086,0.6188963930585254,0.6870677642333138,,,,
cvd_binary,lstm,240m,3,test,240.0,720.0,1742,3463,0.6347097892001156,0.6158648560644786,0.5872756155424679,0.667978022785998,0.6647531572904707,0.6389674054399481,0.6139377793969201,0.6870677642333138,0.6974741676234214,0.6239378734560086,0.6188963930585254,0.6870677642333138,0.6600099174713354,0.7157161902739443,0.6154845955154316,0.6649086774751268
cvd_binary,lstm,240m,4,test,240.0,960.0,1742,3496,0.6321510297482837,0.6147824864423721,0.5857543584717975,0.666884840317462,0.6636050516647531,0.6381940102349986,0.6129863394276148,0.6868386738942084,0.6974741676234214,0.6232109853123811,0.6183945313555429,0.6868386738942084,,,,
cvd_binary,lstm,240m,4,test,240.0,960.0,1742,3496,0.6321510297482837,0.6147824864423721,0.5857543584717975,0.666884840317462,0.6636050516647531,0.6381940102349986,0.6129863394276148,0.6868386738942084,0.6974741676234214,0.6232109853123811,0.6183945313555429,0.6868386738942084,0.659611171763964,0.715270831712133,0.6147098185363866,0.6642709878470391
cvd_binary,lstm,240m,5,test,240.0,1200.0,1742,3498,0.6320754716981132,0.6147246016789447,0.585639741980566,0.6668669693335618,0.6636050516647531,0.6381940102349986,0.6129863394276148,0.6869144631793259,0.6974741676234214,0.6232109853123811,0.6183945313555429,0.6869144631793259,,,,
cvd_binary,lstm,240m,5,test,240.0,1200.0,1742,3498,0.6320754716981132,0.6147246016789447,0.585639741980566,0.6668669693335618,0.6636050516647531,0.6381940102349986,0.6129863394276148,0.6869144631793259,0.6974741676234214,0.6232109853123811,0.6183945313555429,0.6869144631793259,0.6596168460512128,0.7154112131535781,0.6147098185363866,0.6642709878470391
cvd_binary,lstm,240m,6,test,240.0,1440.0,1742,3500,0.6317142857142857,0.6144746460235317,0.5852927709861024,0.6666137406723285,0.6636050516647531,0.6381940102349986,0.6129863394276148,0.6868748460530145,0.6974741676234214,0.6232109853123811,0.6183945313555429,0.6868748460530145,,,,
cvd_binary,lstm,240m,6,test,240.0,1440.0,1742,3500,0.6317142857142857,0.6144746460235317,0.5852927709861024,0.6666137406723285,0.6636050516647531,0.6381940102349986,0.6129863394276148,0.6868748460530145,0.6974741676234214,0.6232109853123811,0.6183945313555429,0.6868748460530145,0.6596123412735496,0.715351084991078,0.6147098185363866,0.6642709878470391
cvd_binary,lstm,240m,8,test,240.0,1920.0,1742,3503,0.6311732800456752,0.6141004321824144,0.5847731804933829,0.666418870682985,0.6636050516647531,0.6381940102349986,0.6129863394276148,0.6868903484067885,0.6974741676234214,0.6232109853123811,0.6183945313555429,0.6868903484067885,,,,
cvd_binary,lstm,240m,8,test,240.0,1920.0,1742,3503,0.6311732800456752,0.6141004321824144,0.5847731804933829,0.666418870682985,0.6636050516647531,0.6381940102349986,0.6129863394276148,0.6868903484067885,0.6974741676234214,0.6232109853123811,0.6183945313555429,0.6868903484067885,0.659613034316267,0.7153795813118181,0.6147098185363866,0.6642709878470391
cvd_binary,lstm,240m,all,test,240.0,,1742,3503,0.6311732800456752,0.6141004321824144,0.5847731804933829,0.666418870682985,0.6636050516647531,0.6381940102349986,0.6129863394276148,0.6868903484067885,0.6974741676234214,0.6232109853123811,0.6183945313555429,0.6868903484067885,,,,
cvd_binary,lstm,240m,all,test,240.0,,1742,3503,0.6311732800456752,0.6141004321824144,0.5847731804933829,0.666418870682985,0.6636050516647531,0.6381940102349986,0.6129863394276148,0.6868903484067885,0.6974741676234214,0.6232109853123811,0.6183945313555429,0.6868903484067885,0.659613034316267,0.7153795813118181,0.6147098185363866,0.6642709878470391
cvd_binary,transformer,30s,1,test,0.5,0.5,1742,1742,0.5459242250287026,0.573458764600203,0.5226056260196741,0.6123464190424024,0.5459242250287026,0.573458764600203,0.5226056260196741,0.6123464190424024,0.5459242250287026,0.573458764600203,0.5226056260196741,0.6123464190424024,,,,
cvd_binary,transformer,30s,1,test,0.5,0.5,1742,1742,0.5459242250287026,0.573458764600203,0.5226056260196741,0.6123464190424024,0.5459242250287026,0.573458764600203,0.5226056260196741,0.6123464190424024,0.5459242250287026,0.573458764600203,0.5226056260196741,0.6123464190424024,0.5839856095611069,0.6420611831566215,0.5478850761250506,0.5980460779990162
cvd_binary,transformer,30s,10,test,0.5,5.0,1742,17420,0.637256027554535,0.5975476137571332,0.5791883815923675,0.6432254541759034,0.6716417910447762,0.6159860272117983,0.6039908368452931,0.6761868343676849,0.6836969001148105,0.6153840191402395,0.6081220280247038,0.6761868343676849,,,,
cvd_binary,transformer,30s,10,test,0.5,5.0,1742,17420,0.637256027554535,0.5975476137571332,0.5791883815923675,0.6432254541759034,0.6716417910447762,0.6159860272117983,0.6039908368452931,0.6761868343676849,0.6836969001148105,0.6153840191402395,0.6081220280247038,0.6761868343676849,0.6483948549065947,0.7027563933760607,0.5896671810539871,0.6418317666795784
cvd_binary,transformer,30s,100,test,0.5,50.0,1742,174200,0.6455453501722158,0.6022229169573359,0.5852833321716805,0.650087091017764,0.6819747416762342,0.6265810247744839,0.6146787086058341,0.6827942820429346,0.6859931113662457,0.6278341317045526,0.617080238526661,0.6827942820429346,,,,
cvd_binary,transformer,30s,100,test,0.5,50.0,1742,174200,0.6455453501722158,0.6022229169573359,0.5852833321716805,0.650087091017764,0.6819747416762342,0.6265810247744839,0.6146787086058341,0.6827942820429346,0.6859931113662457,0.6278341317045526,0.617080238526661,0.6827942820429346,0.65604807263123,0.7092895496579659,0.6002871400091428,0.6521923471247449
cvd_binary,transformer,30s,12,test,0.5,6.0,1742,20904,0.6387772675086107,0.6016616370141088,0.5821570499253594,0.6464496176851617,0.6722158438576349,0.6221878299632939,0.6080131182220254,0.6794974481403204,0.6756601607347876,0.6150584697109844,0.6049482318139034,0.6794974481403204,,,,
cvd_binary,transformer,30s,12,test,0.5,6.0,1742,20904,0.6387772675086107,0.6016616370141088,0.5821570499253594,0.6464496176851617,0.6722158438576349,0.6221878299632939,0.6080131182220254,0.6794974481403204,0.6756601607347876,0.6150584697109844,0.6049482318139034,0.6794974481403204,0.651871916883246,0.7064715736650836,0.5969486615558439,0.6489795407754672
cvd_binary,transformer,30s,120,test,0.5,60.0,1742,209040,0.6467948717948718,0.6033674987985675,0.5864605425316449,0.6507867949323762,0.6814006888633755,0.6240136627411261,0.6128540108718503,0.6833041372337254,0.6865671641791045,0.6282208293070275,0.6175529681973683,0.6833041372337254,,,,
cvd_binary,transformer,30s,120,test,0.5,60.0,1742,209040,0.6467948717948718,0.6033674987985675,0.5864605425316449,0.6507867949323762,0.6814006888633755,0.6240136627411261,0.6128540108718503,0.6833041372337254,0.6865671641791045,0.6282208293070275,0.6175529681973683,0.6833041372337254,0.6563703924942997,0.710024828618677,0.5969429764961729,0.6493973778138182
cvd_binary,transformer,30s,16,test,0.5,8.0,1742,27872,0.6444101607347876,0.5997772936163029,0.5833892318261316,0.6465644301237864,0.6831228473019518,0.6273544199794335,0.615622241835834,0.67846568037247,0.6865671641791045,0.6202250597271242,0.6124030123231401,0.67846568037247,,,,
cvd_binary,transformer,30s,16,test,0.5,8.0,1742,27872,0.6444101607347876,0.5997772936163029,0.5833892318261316,0.6465644301237864,0.6831228473019518,0.6273544199794335,0.615622241835834,0.67846568037247,0.6865671641791045,0.6202250597271242,0.6124030123231401,0.67846568037247,0.6510405199188904,0.7053027189230122,0.600688013729294,0.6525873114095734
cvd_binary,transformer,30s,160,test,0.5,80.0,1742,278720,0.6472840126291619,0.6027353849406691,0.5862882610843262,0.650868514458421,0.6842709529276694,0.6244933744662453,0.6142914653784218,0.6828941861005895,0.6819747416762342,0.6236734721999735,0.6128683909456898,0.6828941861005895,,,,
cvd_binary,transformer,30s,160,test,0.5,80.0,1742,278720,0.6472840126291619,0.6027353849406691,0.5862882610843262,0.650868514458421,0.6842709529276694,0.6244933744662453,0.6142914653784218,0.6828941861005895,0.6819747416762342,0.6236734721999735,0.6128683909456898,0.6828941861005895,0.6555232702817404,0.709817352203903,0.5980393507840713,0.6501768705371999
cvd_binary,transformer,30s,2,test,0.5,1.0,1742,3484,0.5763490241102182,0.5805063068742604,0.5423197157360841,0.6123016344648329,0.6061997703788748,0.6097006839982981,0.5705350468633201,0.6339153605933613,0.6607347876004592,0.5890127928868311,0.5822658923230674,0.6339153605933613,,,,
cvd_binary,transformer,30s,2,test,0.5,1.0,1742,3484,0.5763490241102182,0.5805063068742604,0.5423197157360841,0.6123016344648329,0.6061997703788748,0.6097006839982981,0.5705350468633201,0.6339153605933613,0.6607347876004592,0.5890127928868311,0.5822658923230674,0.6339153605933613,0.6040354568014709,0.6623380090392406,0.583289881301825,0.6364014325302237
cvd_binary,transformer,30s,20,test,0.5,10.0,1742,34840,0.6432548794489092,0.6015886037029956,0.5839792371046979,0.6484387665638344,0.6831228473019518,0.6280813081230612,0.6160697601993149,0.6816367729611391,0.6859931113662457,0.6278341317045526,0.617080238526661,0.6816367729611391,,,,
cvd_binary,transformer,30s,20,test,0.5,10.0,1742,34840,0.6432548794489092,0.6015886037029956,0.5839792371046979,0.6484387665638344,0.6831228473019518,0.6280813081230612,0.6160697601993149,0.6816367729611391,0.6859931113662457,0.6278341317045526,0.617080238526661,0.6816367729611391,0.6537574039462498,0.7079886756224852,0.6012825854977797,0.6543646764524444
cvd_binary,transformer,30s,200,test,0.5,100.0,1742,348400,0.6457893226176808,0.6022055414024807,0.5853722566429522,0.6504644552774319,0.6814006888633755,0.6232867745974986,0.6123983147439062,0.6828855736818263,0.6842709529276694,0.6266740388971281,0.6156635650182841,0.6828855736818263,,,,
cvd_binary,transformer,30s,200,test,0.5,100.0,1742,348400,0.6457893226176808,0.6022055414024807,0.5853722566429522,0.6504644552774319,0.6814006888633755,0.6232867745974986,0.6123983147439062,0.6828855736818263,0.6842709529276694,0.6266740388971281,0.6156635650182841,0.6828855736818263,0.6564501131823025,0.7097308236719845,0.5963479070745746,0.6488969627770003
cvd_binary,transformer,30s,25,test,0.5,12.5,1742,43550,0.6415154994259472,0.6013327890284674,0.5831152192407625,0.648513760405955,0.6802525832376579,0.6261478201106868,0.6137110916919304,0.6807910334385772,0.6756601607347876,0.6237811274345155,0.6103903301209923,0.6807910334385772,,,,
cvd_binary,transformer,30s,25,test,0.5,12.5,1742,43550,0.6415154994259472,0.6013327890284674,0.5831152192407625,0.648513760405955,0.6802525832376579,0.6261478201106868,0.6137110916919304,0.6807910334385772,0.6756601607347876,0.6237811274345155,0.6103903301209923,0.6807910334385772,0.6533495305406147,0.7074281293594619,0.6010413353132067,0.6516759545184501
cvd_binary,transformer,30s,250,test,0.5,125.0,1742,435500,0.6466613088404133,0.6028220105863852,0.586087083603337,0.6501611254846639,0.6802525832376579,0.6217864912489213,0.6110015519141544,0.6824549527436583,0.6842709529276694,0.625220262609873,0.6147511584405725,0.6824549527436583,,,,
cvd_binary,transformer,30s,250,test,0.5,125.0,1742,435500,0.6466613088404133,0.6028220105863852,0.586087083603337,0.6501611254846639,0.6802525832376579,0.6217864912489213,0.6110015519141544,0.6824549527436583,0.6842709529276694,0.625220262609873,0.6147511584405725,0.6824549527436583,0.6559216650072208,0.7093544048704901,0.5946697175321144,0.6467077781458626
cvd_binary,transformer,30s,3,test,0.5,1.5,1742,5226,0.6021814006888634,0.5914868537169189,0.5602930507116205,0.6288617846501052,0.6435132032146957,0.6224789297174955,0.5953478820496879,0.6599834297062993,0.618828932261768,0.6065778209547039,0.5755939984472165,0.6599834297062993,,,,
cvd_binary,transformer,30s,3,test,0.5,1.5,1742,5226,0.6021814006888634,0.5914868537169189,0.5602930507116205,0.6288617846501052,0.6435132032146957,0.6224789297174955,0.5953478820496879,0.6599834297062993,0.618828932261768,0.6065778209547039,0.5755939984472165,0.6599834297062993,0.631348440269444,0.6875481725873835,0.5960639298174792,0.6484757557794423
cvd_binary,transformer,30s,30,test,0.5,15.0,1742,52260,0.6442786069651741,0.6033443170380629,0.585413806125397,0.65113805554168,0.6785304247990815,0.6235339510160071,0.611406682951002,0.6846493970445623,0.6836969001148105,0.6248335650073982,0.6142800940186294,0.6846493970445623,,,,
cvd_binary,transformer,30s,30,test,0.5,15.0,1742,52260,0.6442786069651741,0.6033443170380629,0.585413806125397,0.65113805554168,0.6785304247990815,0.6235339510160071,0.611406682951002,0.6846493970445623,0.6836969001148105,0.6248335650073982,0.6142800940186294,0.6846493970445623,0.6580881049985626,0.7110737247347068,0.597522823411319,0.6491538791566499
cvd_binary,transformer,30s,320,test,0.5,160.0,1742,557440,0.6469377870264065,0.6030609532095901,0.5863392974443813,0.6508829077866574,0.6814006888633755,0.6232867745974986,0.6123983147439062,0.6833230845550049,0.682548794489093,0.6240601698024484,0.6133387118461746,0.6833230845550049,,,,
cvd_binary,transformer,30s,320,test,0.5,160.0,1742,557440,0.6469377870264065,0.6030609532095901,0.5863392974443813,0.6508829077866574,0.6814006888633755,0.6232867745974986,0.6123983147439062,0.6833230845550049,0.682548794489093,0.6240601698024484,0.6133387118461746,0.6833230845550049,0.6566605030504142,0.7101030401208613,0.59649510445302,0.6489800943609433
cvd_binary,transformer,30s,4,test,0.5,2.0,1742,6968,0.6192594718714122,0.5917849151762876,0.5683496987559711,0.6326877679538787,0.6572904707233066,0.6143143567298301,0.5971645875578848,0.6637427504965059,0.6854190585533869,0.6121827830858986,0.6065327817905137,0.6637427504965059,,,,
cvd_binary,transformer,30s,4,test,0.5,2.0,1742,6968,0.6192594718714122,0.5917849151762876,0.5683496987559711,0.6326877679538787,0.6572904707233066,0.6143143567298301,0.5971645875578848,0.6637427504965059,0.6854190585533869,0.6121827830858986,0.6065327817905137,0.6637427504965059,0.6348020605083539,0.6920553374608583,0.5886789444973008,0.6400709775081901
cvd_binary,transformer,30s,40,test,0.5,20.0,1742,69680,0.6416331802525832,0.5991696121138836,0.5819136552873201,0.6474875130693455,0.6768082663605052,0.6209200819213273,0.6090993045267342,0.6796593616130716,0.6848450057405281,0.6241531839250927,0.614300077554739,0.6796593616130716,,,,
cvd_binary,transformer,30s,40,test,0.5,20.0,1742,69680,0.6416331802525832,0.5991696121138836,0.5819136552873201,0.6474875130693455,0.6768082663605052,0.6209200819213273,0.6090993045267342,0.6796593616130716,0.6848450057405281,0.6241531839250927,0.614300077554739,0.6796593616130716,0.6523467721321708,0.7062122890573967,0.5946708289348612,0.6469884751655548
cvd_binary,transformer,30s,400,test,0.5,200.0,1742,696800,0.6465973019517796,0.6029406264156664,0.5861305540837766,0.650719200364908,0.6808266360505166,0.6236269651386513,0.6123838414560938,0.6830957166996522,0.6842709529276694,0.6266740388971281,0.6156635650182841,0.6830957166996522,,,,
cvd_binary,transformer,30s,400,test,0.5,200.0,1742,696800,0.6465973019517796,0.6029406264156664,0.5861305540837766,0.650719200364908,0.6808266360505166,0.6236269651386513,0.6123838414560938,0.6830957166996522,0.6842709529276694,0.6266740388971281,0.6156635650182841,0.6830957166996522,0.6563752261326514,0.7100886238199934,0.5970404405609738,0.6494904921625184
cvd_binary,transformer,30s,5,test,0.5,2.5,1742,8710,0.6252583237657865,0.5995693790618319,0.5751221798123136,0.6406482739851557,0.6624569460390356,0.6228828521574971,0.6042652819954102,0.6742249253733914,0.6549942594718714,0.6149482307508134,0.596553365228064,0.6742249253733914,,,,
cvd_binary,transformer,30s,5,test,0.5,2.5,1742,8710,0.6252583237657865,0.5995693790618319,0.5751221798123136,0.6406482739851557,0.6624569460390356,0.6228828521574971,0.6042652819954102,0.6742249253733914,0.6549942594718714,0.6149482307508134,0.596553365228064,0.6742249253733914,0.646565457011732,0.7027761401496924,0.5972590887570896,0.6497201929475408
cvd_binary,transformer,30s,50,test,0.5,25.0,1742,87100,0.6454190585533869,0.6024504053865511,0.5853646853245089,0.6497264840489392,0.6819747416762342,0.6251272484872286,0.613778144184669,0.6823584936535086,0.6854190585533869,0.6267205459584502,0.6161520633189704,0.6823584936535086,,,,
cvd_binary,transformer,30s,50,test,0.5,25.0,1742,87100,0.6454190585533869,0.6024504053865511,0.5853646853245089,0.6497264840489392,0.6819747416762342,0.6251272484872286,0.613778144184669,0.6823584936535086,0.6854190585533869,0.6267205459584502,0.6161520633189704,0.6823584936535086,0.6553465443809122,0.7086204751447421,0.5988881135006598,0.6501395933538393
cvd_binary,transformer,30s,500,test,0.5,250.0,1742,870980,0.6464798273209488,0.6027877053712012,0.585995152250737,0.6507335339135849,0.6819747416762342,0.624400360343601,0.613324422391466,0.6831405012772218,0.6819747416762342,0.6236734721999735,0.6128683909456898,0.6831405012772218,,,,
cvd_binary,transformer,30s,500,test,0.5,250.0,1742,870980,0.6464798273209488,0.6027877053712012,0.585995152250737,0.6507335339135849,0.6819747416762342,0.624400360343601,0.613324422391466,0.6831405012772218,0.6819747416762342,0.6236734721999735,0.6128683909456898,0.6831405012772218,0.6566236838942303,0.7101200204423388,0.5979666875318662,0.650129542926153
cvd_binary,transformer,30s,6,test,0.5,3.0,1742,10452,0.6331802525832376,0.5996479817370789,0.5786525416757161,0.6415452219927491,0.6710677382319173,0.6265026517637373,0.6100674924204336,0.6727108621547928,0.6923076923076923,0.6226382594646176,0.6161336102628363,0.6727108621547928,,,,
cvd_binary,transformer,30s,6,test,0.5,3.0,1742,10452,0.6331802525832376,0.5996479817370789,0.5786525416757161,0.6415452219927491,0.6710677382319173,0.6265026517637373,0.6100674924204336,0.6727108621547928,0.6923076923076923,0.6226382594646176,0.6161336102628363,0.6727108621547928,0.6442056882574225,0.6992004645882557,0.600433782220099,0.6524362533986532
cvd_binary,transformer,30s,60,test,0.5,30.0,1742,104520,0.6440681209337926,0.6020879660969265,0.5846018220707133,0.6505133314979312,0.6802525832376579,0.6246940438234316,0.612817059618082,0.683348921811295,0.6779563719862227,0.6231472534135323,0.6109370241277792,0.683348921811295,,,,
cvd_binary,transformer,30s,60,test,0.5,30.0,1742,104520,0.6440681209337926,0.6020879660969265,0.5846018220707133,0.6505133314979312,0.6802525832376579,0.6246940438234316,0.612817059618082,0.683348921811295,0.6779563719862227,0.6231472534135323,0.6109370241277792,0.683348921811295,0.6569612494119371,0.7094943390455303,0.5984163313220073,0.6498206785686131
cvd_binary,transformer,30s,8,test,0.5,4.0,1742,13936,0.6390642939150402,0.5996743213844635,0.5811513469382448,0.642842859314417,0.6750861079219288,0.6212137654011578,0.608592162093496,0.6752050186286618,0.6911595866819747,0.6182304235415299,0.6127142023581063,0.6752050186286618,,,,
cvd_binary,transformer,30s,8,test,0.5,4.0,1742,13936,0.6390642939150402,0.5996743213844635,0.5811513469382448,0.642842859314417,0.6750861079219288,0.6212137654011578,0.608592162093496,0.6752050186286618,0.6911595866819747,0.6182304235415299,0.6127142023581063,0.6752050186286618,0.6480107622549,0.7014921140419754,0.5948371640989221,0.6463154118005697
cvd_binary,transformer,30s,80,test,0.5,40.0,1742,139360,0.6462327784156142,0.6026859873362995,0.5858334410648507,0.6502114822489438,0.6796785304247991,0.622126681790074,0.6109895387275187,0.6826177274582858,0.6882893226176808,0.6293809221144522,0.6189726950290331,0.6826177274582858,,,,
cvd_binary,transformer,30s,80,test,0.5,40.0,1742,139360,0.6462327784156142,0.6026859873362995,0.5858334410648507,0.6502114822489438,0.6796785304247991,0.622126681790074,0.6109895387275187,0.6826177274582858,0.6882893226176808,0.6293809221144522,0.6189726950290331,0.6826177274582858,0.6554153007682335,0.7090899680072763,0.5951392390348654,0.6476285538902558
cvd_binary,transformer,30s,all,test,0.5,,1742,2045430,0.6330732413233403,0.6013428169842823,0.579543653140573,0.6472711886728167,0.682548794489093,0.6247870579460759,0.6137950775736578,0.6831008841509103,0.6831228473019518,0.6244468674049233,0.6138092790129803,0.6831008841509103,,,,
cvd_binary,transformer,30s,all,test,0.5,,1742,2045430,0.6330732413233403,0.6013428169842823,0.579543653140573,0.6472711886728167,0.682548794489093,0.6247870579460759,0.6137950775736578,0.6831008841509103,0.6831228473019518,0.6244468674049233,0.6138092790129803,0.6831008841509103,0.656495285568092,0.7100964099372721,0.5984886599590229,0.650129542926153
cvd_binary,transformer,10m,1,test,10.0,10.0,1742,1742,0.539609644087256,0.5808353012710208,0.5211530024677817,0.6339567002034253,0.539609644087256,0.5808353012710208,0.5211530024677817,0.6339567002034253,0.539609644087256,0.5808353012710208,0.5211530024677817,0.6339567002034253,,,,
cvd_binary,transformer,10m,1,test,10.0,10.0,1742,1742,0.539609644087256,0.5808353012710208,0.5211530024677817,0.6339567002034253,0.539609644087256,0.5808353012710208,0.5211530024677817,0.6339567002034253,0.539609644087256,0.5808353012710208,0.5211530024677817,0.6339567002034253,0.6032412652156147,0.663673548033686,0.5555467260519226,0.6058605528967139
cvd_binary,transformer,10m,10,test,10.0,100.0,1742,17420,0.6103329506314581,0.6063790463296455,0.5712408915808038,0.6539005816827632,0.6360505166475315,0.6174518608853222,0.5892517907483581,0.6838294947782906,0.6446613088404133,0.6181641079170521,0.5936892280156375,0.6838294947782906,,,,
cvd_binary,transformer,10m,10,test,10.0,100.0,1742,17420,0.6103329506314581,0.6063790463296455,0.5712408915808038,0.6539005816827632,0.6360505166475315,0.6174518608853222,0.5892517907483581,0.6838294947782906,0.6446613088404133,0.6181641079170521,0.5936892280156375,0.6838294947782906,0.6567663808168659,0.7103309165599518,0.5910057189542482,0.6440387939723548
cvd_binary,transformer,10m,100,test,10.0,1000.0,1742,101456,0.6060065447090365,0.6076687824608671,0.5696819612291977,0.655095306661574,0.6469575200918485,0.6255260034759722,0.5985331299261506,0.6862995364796222,0.6521239954075775,0.629006281898246,0.6027751688762055,0.6862995364796222,,,,
cvd_binary,transformer,10m,100,test,10.0,1000.0,1742,101456,0.6060065447090365,0.6076687824608671,0.5696819612291977,0.655095306661574,0.6469575200918485,0.6255260034759722,0.5985331299261506,0.6862995364796222,0.6521239954075775,0.629006281898246,0.6027751688762055,0.6862995364796222,0.6596001331241698,0.7127485166816585,0.6006179603360953,0.6521550181159868
cvd_binary,transformer,10m,12,test,10.0,120.0,1742,20904,0.6127057022579411,0.6060874872464432,0.572315525250042,0.6557739425720089,0.648105625717566,0.6270262868245495,0.5998387132434639,0.6849542766687854,0.6549942594718714,0.622944000330717,0.600964750695873,0.6849542766687854,,,,
cvd_binary,transformer,10m,12,test,10.0,120.0,1742,20904,0.6127057022579411,0.6060874872464432,0.572315525250042,0.6557739425720089,0.648105625717566,0.6270262868245495,0.5998387132434639,0.6849542766687854,0.6549942594718714,0.622944000330717,0.600964750695873,0.6849542766687854,0.6581248049316422,0.7113029082526788,0.6010428582765854,0.6532805920986455
cvd_binary,transformer,10m,120,test,10.0,1200.0,1742,101651,0.6053555793843641,0.6073741903009718,0.5692197899030015,0.6547133292382945,0.6469575200918485,0.6255260034759722,0.5985331299261506,0.6863029814471274,0.6521239954075775,0.629006281898246,0.6027751688762055,0.6863029814471274,,,,
cvd_binary,transformer,10m,120,test,10.0,1200.0,1742,101651,0.6053555793843641,0.6073741903009718,0.5692197899030015,0.6547133292382945,0.6469575200918485,0.6255260034759722,0.5985331299261506,0.6863029814471274,0.6521239954075775,0.629006281898246,0.6027751688762055,0.6863029814471274,0.659585214172488,0.7127511689704243,0.6006179603360953,0.6521550181159868
cvd_binary,transformer,10m,16,test,10.0,160.0,1742,27872,0.6148464408725602,0.6079838521454397,0.5742673368004447,0.6576464027756965,0.6446613088404133,0.6276136537842107,0.5984415795281168,0.6865923587175764,0.6498277841561424,0.6216443863393258,0.5979018332848978,0.6865923587175764,,,,
cvd_binary,transformer,10m,16,test,10.0,160.0,1742,27872,0.6148464408725602,0.6079838521454397,0.5742673368004447,0.6576464027756965,0.6446613088404133,0.6276136537842107,0.5984415795281168,0.6865923587175764,0.6498277841561424,0.6216443863393258,0.5979018332848978,0.6865923587175764,0.6606413613686628,0.7126023307014243,0.6030078730427364,0.654116548489344
cvd_binary,transformer,10m,160,test,10.0,1600.0,1742,101731,0.6048795352449106,0.6070545754464836,0.5687622355055488,0.6542887413832403,0.6469575200918485,0.6255260034759722,0.5985331299261506,0.6863047039308801,0.6521239954075775,0.629006281898246,0.6027751688762055,0.6863047039308801,,,,
cvd_binary,transformer,10m,160,test,10.0,1600.0,1742,101731,0.6048795352449106,0.6070545754464836,0.5687622355055488,0.6542887413832403,0.6469575200918485,0.6255260034759722,0.5985331299261506,0.6863047039308801,0.6521239954075775,0.629006281898246,0.6027751688762055,0.6863047039308801,0.6595870126609915,0.7127512577366973,0.6006179603360953,0.6521550181159868
cvd_binary,transformer,10m,2,test,10.0,20.0,1742,3484,0.5444890929965557,0.5830318986766158,0.5249257050384989,0.6322088098154014,0.5694603903559128,0.6053049054614792,0.5477110335659687,0.6523373243281883,0.648105625717566,0.6074003069466047,0.5893346993384951,0.6523373243281883,,,,
cvd_binary,transformer,10m,2,test,10.0,20.0,1742,3484,0.5444890929965557,0.5830318986766158,0.5249257050384989,0.6322088098154014,0.5694603903559128,0.6053049054614792,0.5477110335659687,0.6523373243281883,0.648105625717566,0.6074003069466047,0.5893346993384951,0.6523373243281883,0.6242600053832011,0.6805873117840732,0.5811843788119813,0.6304832283381999
cvd_binary,transformer,10m,20,test,10.0,200.0,1742,34840,0.6138059701492538,0.6068286576511868,0.5732112543164223,0.6555619172622154,0.6498277841561424,0.6296401559192293,0.6019774150968555,0.6846028899832403,0.6504018369690011,0.6213041957981731,0.5979882702147808,0.6846028899832403,,,,
cvd_binary,transformer,10m,20,test,10.0,200.0,1742,34840,0.6138059701492538,0.6068286576511868,0.5732112543164223,0.6555619172622154,0.6498277841561424,0.6296401559192293,0.6019774150968555,0.6846028899832403,0.6504018369690011,0.6213041957981731,0.5979882702147808,0.6846028899832403,0.6580833080326355,0.7110992260876736,0.602703668850324,0.6566362316813285
cvd_binary,transformer,10m,200,test,10.0,2000.0,1742,101795,0.6044992386659462,0.6067993708851249,0.5683967693146641,0.6539229400101848,0.6469575200918485,0.6255260034759722,0.5985331299261506,0.6863029814471274,0.6521239954075775,0.629006281898246,0.6027751688762055,0.6863029814471274,,,,
cvd_binary,transformer,10m,200,test,10.0,2000.0,1742,101795,0.6044992386659462,0.6067993708851249,0.5683967693146641,0.6539229400101848,0.6469575200918485,0.6255260034759722,0.5985331299261506,0.6863029814471274,0.6521239954075775,0.629006281898246,0.6027751688762055,0.6863029814471274,0.659585214172488,0.7127511689704243,0.6006179603360953,0.6521550181159868
cvd_binary,transformer,10m,25,test,10.0,250.0,1742,43549,0.6151231945624469,0.6078905480671895,0.574366242785548,0.6574941013441576,0.6463834672789897,0.6265930821607526,0.5987861946844419,0.6860980058805595,0.6458094144661309,0.6298408252764156,0.6000904882084414,0.6860980058805595,,,,
cvd_binary,transformer,10m,25,test,10.0,250.0,1742,43549,0.6151231945624469,0.6078905480671895,0.574366242785548,0.6574941013441576,0.6463834672789897,0.6265930821607526,0.5987861946844419,0.6860980058805595,0.6458094144661309,0.6298408252764156,0.6000904882084414,0.6860980058805595,0.6594586032838681,0.7121477333701247,0.6024577990663124,0.6529154006792086
cvd_binary,transformer,10m,3,test,10.0,30.0,1742,5226,0.571182548794489,0.5907157551569728,0.5435879187295359,0.6399015657951473,0.6073478760045924,0.6199236250704065,0.5753763256927814,0.6676829320807433,0.5907003444316877,0.6050749538804976,0.5601637886555498,0.6676829320807433,,,,
cvd_binary,transformer,10m,3,test,10.0,30.0,1742,5226,0.571182548794489,0.5907157551569728,0.5435879187295359,0.6399015657951473,0.6073478760045924,0.6199236250704065,0.5753763256927814,0.6676829320807433,0.5907003444316877,0.6050749538804976,0.5601637886555498,0.6676829320807433,0.6399705879985649,0.6952946545669452,0.5959644949656315,0.6453422866658437
cvd_binary,transformer,10m,30,test,10.0,300.0,1742,52254,0.6167183373521644,0.6087427047270428,0.5755710695488345,0.6574829417100952,0.6463834672789897,0.6251393058734973,0.5980624388519067,0.6858000161913472,0.6463834672789897,0.6178704244372215,0.594330535296546,0.6858000161913472,,,,
cvd_binary,transformer,10m,30,test,10.0,300.0,1742,52254,0.6167183373521644,0.6087427047270428,0.5755710695488345,0.6574829417100952,0.6463834672789897,0.6251393058734973,0.5980624388519067,0.6858000161913472,0.6463834672789897,0.6178704244372215,0.594330535296546,0.6858000161913472,0.6591524173909907,0.7121679429465863,0.5997984180261173,0.6523500562512897
cvd_binary,transformer,10m,4,test,10.0,40.0,1742,6968,0.5909873708381171,0.6005435297481556,0.5585061791972081,0.6489052754509892,0.6228473019517795,0.6223686907573245,0.5848521946362404,0.6789720905957554,0.6498277841561424,0.6158292811903052,0.5947910311165344,0.6789720905957554,,,,
cvd_binary,transformer,10m,4,test,10.0,40.0,1742,6968,0.5909873708381171,0.6005435297481556,0.5585061791972081,0.6489052754509892,0.6228473019517795,0.6223686907573245,0.5848521946362404,0.6789720905957554,0.6498277841561424,0.6158292811903052,0.5947910311165344,0.6789720905957554,0.6508389006110098,0.7066162772306682,0.5974889153171747,0.6489074809214296
cvd_binary,transformer,10m,40,test,10.0,400.0,1742,69623,0.6184019648679315,0.6098446351163569,0.5769020042531106,0.6583371643495282,0.6509758897818599,0.6289597748369238,0.6021970625706112,0.6869575252731428,0.6526980482204363,0.6264854269262106,0.6017623708876281,0.6869575252731428,,,,
cvd_binary,transformer,10m,40,test,10.0,400.0,1742,69623,0.6184019648679315,0.6098446351163569,0.5769020042531106,0.6583371643495282,0.6509758897818599,0.6289597748369238,0.6021970625706112,0.6869575252731428,0.6526980482204363,0.6264854269262106,0.6017623708876281,0.6869575252731428,0.6605649113459479,0.7130310402208047,0.6028330503076688,0.65484283090624
cvd_binary,transformer,10m,5,test,10.0,50.0,1742,8710,0.5946039035591274,0.5973826859378149,0.5591201609547051,0.6494163363804071,0.634902411021814,0.6304893404092966,0.5948037128875819,0.6784105608923843,0.6194029850746269,0.6149602881370821,0.5797658149158456,0.6784105608923843,,,,
cvd_binary,transformer,10m,5,test,10.0,50.0,1742,8710,0.5946039035591274,0.5973826859378149,0.5591201609547051,0.6494163363804071,0.634902411021814,0.6304893404092966,0.5948037128875819,0.6784105608923843,0.6194029850746269,0.6149602881370821,0.5797658149158456,0.6784105608923843,0.6514171104191953,0.7056040234353471,0.6045377318811008,0.6562020171793357
cvd_binary,transformer,10m,50,test,10.0,500.0,1742,85844,0.6170378826708914,0.6093524568380818,0.5755891977409439,0.6584878833110124,0.6452353616532721,0.6243659106685476,0.5971214298544998,0.6864623111942497,0.6504018369690011,0.6263924128035663,0.6006240167388274,0.6864623111942497,,,,
cvd_binary,transformer,10m,50,test,10.0,500.0,1742,85844,0.6170378826708914,0.6093524568380818,0.5755891977409439,0.6584878833110124,0.6452353616532721,0.6243659106685476,0.5971214298544998,0.6864623111942497,0.6504018369690011,0.6263924128035663,0.6006240167388274,0.6864623111942497,0.6598966438605453,0.7130301481386462,0.599084630483436,0.6506171286257485
cvd_binary,transformer,10m,6,test,10.0,60.0,1742,10452,0.6022770761576731,0.6040295497829383,0.5660218596555542,0.6515448382616464,0.6383467278989667,0.6313557497368907,0.5969961809635722,0.6804913212656122,0.6624569460390356,0.631605509881028,0.6090216609640022,0.6804913212656122,,,,
cvd_binary,transformer,10m,6,test,10.0,60.0,1742,10452,0.6022770761576731,0.6040295497829383,0.5660218596555542,0.6515448382616464,0.6383467278989667,0.6313557497368907,0.5969961809635722,0.6804913212656122,0.6624569460390356,0.631605509881028,0.6090216609640022,0.6804913212656122,0.6536238779332768,0.7075249765155723,0.604922446991496,0.6577835233824872
cvd_binary,transformer,10m,60,test,10.0,600.0,1742,94878,0.614114968696642,0.6094413543847781,0.574142236966781,0.6576943607934591,0.6469575200918485,0.6247991153323447,0.5981681210300381,0.6861100632668281,0.6521239954075775,0.629006281898246,0.6027751688762055,0.6861100632668281,,,,
cvd_binary,transformer,10m,60,test,10.0,600.0,1742,94878,0.614114968696642,0.6094413543847781,0.574142236966781,0.6576943607934591,0.6469575200918485,0.6247991153323447,0.5981681210300381,0.6861100632668281,0.6521239954075775,0.629006281898246,0.6027751688762055,0.6861100632668281,0.6592449218559594,0.7125852871365386,0.599783341608909,0.6503096355608332
cvd_binary,transformer,10m,8,test,10.0,80.0,1742,13936,0.6079219288174512,0.6058634208182831,0.5697696038585228,0.6551170093978713,0.6469575200918485,0.6335217730558756,0.6024270088229564,0.6845977225319824,0.6492537313432836,0.6190770243059682,0.5962825106783751,0.6845977225319824,,,,
cvd_binary,transformer,10m,8,test,10.0,80.0,1742,13936,0.6079219288174512,0.6058634208182831,0.5697696038585228,0.6551170093978713,0.6469575200918485,0.6335217730558756,0.6024270088229564,0.6845977225319824,0.6492537313432836,0.6190770243059682,0.5962825106783751,0.6845977225319824,0.6582201814432305,0.7112388370577635,0.6076354622463082,0.6593746277283671
cvd_binary,transformer,10m,80,test,10.0,800.0,1742,100522,0.6082947016573487,0.6082732961757635,0.5710206350109547,0.6558477991587222,0.6469575200918485,0.6255260034759722,0.5985331299261506,0.686153125360645,0.6515499425947188,0.6278926961521436,0.6019355963226078,0.686153125360645,,,,
cvd_binary,transformer,10m,80,test,10.0,800.0,1742,100522,0.6082947016573487,0.6082732961757635,0.5710206350109547,0.6558477991587222,0.6469575200918485,0.6255260034759722,0.5985331299261506,0.686153125360645,0.6515499425947188,0.6278926961521436,0.6019355963226078,0.686153125360645,0.6595024334126208,0.71261745163562,0.6006179603360953,0.6521550181159868
cvd_binary,transformer,10m,all,test,10.0,,1742,101804,0.6044457978075518,0.6067635174140867,0.568345416714219,0.6538774808258966,0.6469575200918485,0.6255260034759722,0.5985331299261506,0.6863029814471274,0.6521239954075775,0.629006281898246,0.6027751688762055,0.6863029814471274,,,,
cvd_binary,transformer,10m,all,test,10.0,,1742,101804,0.6044457978075518,0.6067635174140867,0.568345416714219,0.6538774808258966,0.6469575200918485,0.6255260034759722,0.5985331299261506,0.6863029814471274,0.6521239954075775,0.629006281898246,0.6027751688762055,0.6863029814471274,0.659585214172488,0.7127511689704243,0.6006179603360953,0.6521550181159868
cvd_binary,transformer,40m,1,test,40.0,40.0,1742,1742,0.5861079219288174,0.5910780509062847,0.5519475400104809,0.6395754422046414,0.5861079219288174,0.5910780509062847,0.5519475400104809,0.6395754422046414,0.5861079219288174,0.5910780509062847,0.5519475400104809,0.6395754422046414,,,,
cvd_binary,transformer,40m,1,test,40.0,40.0,1742,1742,0.5861079219288174,0.5910780509062847,0.5519475400104809,0.6395754422046414,0.5861079219288174,0.5910780509062847,0.5519475400104809,0.6395754422046414,0.5861079219288174,0.5910780509062847,0.5519475400104809,0.6395754422046414,0.6118843383042888,0.668819514888712,0.5661767840029946,0.6174199393510985
cvd_binary,transformer,40m,10,test,40.0,400.0,1742,17401,0.6410551117751854,0.6133918568770766,0.5894944455060231,0.6652667953391003,0.6572904707233066,0.6201294618788509,0.6004579481081787,0.6861737951656771,0.6676234213547646,0.619094249143495,0.6042703202151639,0.6861737951656771,,,,
cvd_binary,transformer,40m,10,test,40.0,400.0,1742,17401,0.6410551117751854,0.6133918568770766,0.5894944455060231,0.6652667953391003,0.6572904707233066,0.6201294618788509,0.6004579481081787,0.6861737951656771,0.6676234213547646,0.619094249143495,0.6042703202151639,0.6861737951656771,0.6583846641110467,0.7135478685044404,0.5955232151003841,0.6446993954037205
cvd_binary,transformer,40m,12,test,40.0,480.0,1742,20615,0.6413776376424933,0.6135645820453964,0.5894112979440224,0.6664817119006625,0.6601607347876005,0.6206091736039699,0.6019834751571589,0.6865682439450391,0.6722158438576349,0.6243684943941766,0.6093101117337526,0.6865682439450391,,,,
cvd_binary,transformer,40m,12,test,40.0,480.0,1742,20615,0.6413776376424933,0.6135645820453964,0.5894112979440224,0.6664817119006625,0.6601607347876005,0.6206091736039699,0.6019834751571589,0.6865682439450391,0.6722158438576349,0.6243684943941766,0.6093101117337526,0.6865682439450391,0.6588569986634591,0.7132211585538026,0.595500882148547,0.6446602730460035
cvd_binary,transformer,40m,16,test,40.0,640.0,1742,23867,0.6362341308082289,0.6139401870984684,0.5873187236539229,0.6660431788781259,0.6630309988518944,0.6203619971854615,0.6030820169743831,0.6867025976777473,0.6681974741676234,0.6231153874641078,0.6068764104606399,0.6867025976777473,,,,
cvd_binary,transformer,40m,16,test,40.0,640.0,1742,23867,0.6362341308082289,0.6139401870984684,0.5873187236539229,0.6660431788781259,0.6630309988518944,0.6203619971854615,0.6030820169743831,0.6867025976777473,0.6681974741676234,0.6231153874641078,0.6068764104606399,0.6867025976777473,0.6589615216097193,0.7138156672343323,0.5946651509121365,0.6447337351486988
cvd_binary,transformer,40m,2,test,40.0,80.0,1742,3484,0.6076349024110218,0.5939490007010508,0.5641036037252238,0.6410834767301057,0.6383467278989667,0.6204524275824768,0.5918432621001034,0.6598249612010535,0.6785304247990815,0.5980928659890415,0.5942312555737466,0.6598249612010535,,,,
cvd_binary,transformer,40m,2,test,40.0,80.0,1742,3484,0.6076349024110218,0.5939490007010508,0.5641036037252238,0.6410834767301057,0.6383467278989667,0.6204524275824768,0.5918432621001034,0.6598249612010535,0.6785304247990815,0.5980928659890415,0.5942312555737466,0.6598249612010535,0.631240820407122,0.6883687554137387,0.595349355146141,0.6464163059045855
cvd_binary,transformer,40m,20,test,40.0,800.0,1742,24605,0.6306441780125991,0.6120831069117584,0.5840512151621642,0.6640631285242993,0.6624569460390356,0.619248411439359,0.6021966072205307,0.6864114979235458,0.6664753157290471,0.6219552946566831,0.6054704660865484,0.6864114979235458,,,,
cvd_binary,transformer,40m,20,test,40.0,800.0,1742,24605,0.6306441780125991,0.6120831069117584,0.5840512151621642,0.6640631285242993,0.6624569460390356,0.619248411439359,0.6021966072205307,0.6864114979235458,0.6664753157290471,0.6219552946566831,0.6054704660865484,0.6864114979235458,0.6586208166665376,0.7134376730847654,0.5934565866685308,0.6436329652687715
cvd_binary,transformer,40m,25,test,40.0,1000.0,1742,24815,0.6284102357445094,0.6115074763064383,0.5827862669577357,0.6628915243180824,0.6624569460390356,0.619248411439359,0.6021966072205307,0.6862392495482786,0.6670493685419059,0.622341992259158,0.6059389196745045,0.6862392495482786,,,,
cvd_binary,transformer,40m,25,test,40.0,1000.0,1742,24815,0.6284102357445094,0.6115074763064383,0.5827862669577357,0.6628915243180824,0.6624569460390356,0.619248411439359,0.6021966072205307,0.6862392495482786,0.6670493685419059,0.622341992259158,0.6059389196745045,0.6862392495482786,0.6583938156657057,0.7133213144405327,0.5934565866685308,0.6436329652687715
cvd_binary,transformer,40m,3,test,40.0,120.0,1742,5226,0.6224646000765404,0.6029695045734814,0.5755767896864017,0.6501250810285066,0.6446613088404133,0.6174372197734245,0.5933104096208687,0.6718995723072843,0.6417910447761194,0.6147768436174226,0.5905974446237215,0.6718995723072843,,,,
cvd_binary,transformer,40m,3,test,40.0,120.0,1742,5226,0.6224646000765404,0.6029695045734814,0.5755767896864017,0.6501250810285066,0.6446613088404133,0.6174372197734245,0.5933104096208687,0.6718995723072843,0.6417910447761194,0.6147768436174226,0.5905974446237215,0.6718995723072843,0.6430470798686417,0.6999119437312192,0.590892355176756,0.6434463358558576
cvd_binary,transformer,40m,30,test,40.0,1200.0,1742,24855,0.627881713940857,0.6113382703055235,0.5824573169692528,0.6626435600989535,0.6624569460390356,0.619248411439359,0.6021966072205307,0.6863081488983854,0.6670493685419059,0.622341992259158,0.6059389196745045,0.6863081488983854,,,,
cvd_binary,transformer,40m,30,test,40.0,1200.0,1742,24855,0.627881713940857,0.6113382703055235,0.5824573169692528,0.6626435600989535,0.6624569460390356,0.619248411439359,0.6021966072205307,0.6863081488983854,0.6670493685419059,0.622341992259158,0.6059389196745045,0.6863081488983854,0.6584395734885498,0.7133474705193592,0.5934565866685308,0.6436329652687715
cvd_binary,transformer,40m,4,test,40.0,160.0,1742,6968,0.633467278989667,0.6089880063456301,0.5837573348901264,0.6606917473219684,0.6567164179104478,0.6241040931381414,0.6023723694837981,0.6834798305764982,0.6859931113662457,0.6263803554172975,0.616165864053188,0.6834798305764982,,,,
cvd_binary,transformer,40m,4,test,40.0,160.0,1742,6968,0.633467278989667,0.6089880063456301,0.5837573348901264,0.6606917473219684,0.6567164179104478,0.6241040931381414,0.6023723694837981,0.6834798305764982,0.6859931113662457,0.6263803554172975,0.616165864053188,0.6834798305764982,0.6562892115430252,0.7110029066304262,0.5995997683562759,0.6486778036555167
cvd_binary,transformer,40m,40,test,40.0,1600.0,1742,24875,0.6273768844221106,0.6109885115636788,0.581972885878575,0.6622231550874829,0.6624569460390356,0.619248411439359,0.6021966072205307,0.6863150388333962,0.6670493685419059,0.622341992259158,0.6059389196745045,0.6863150388333962,,,,
cvd_binary,transformer,40m,40,test,40.0,1600.0,1742,24875,0.6273768844221106,0.6109885115636788,0.581972885878575,0.6622231550874829,0.6624569460390356,0.619248411439359,0.6021966072205307,0.6863150388333962,0.6670493685419059,0.622341992259158,0.6059389196745045,0.6863150388333962,0.6584470900552271,0.7133543398781924,0.5934565866685308,0.6436329652687715
cvd_binary,transformer,40m,5,test,40.0,200.0,1742,8710,0.634902411021814,0.6104272276451752,0.5851625821555658,0.6585002333965485,0.664179104477612,0.6298580501139424,0.6088832291514347,0.6802484510564855,0.6618828932261768,0.6246768189859049,0.6050119281209928,0.6802484510564855,,,,
cvd_binary,transformer,40m,5,test,40.0,200.0,1742,8710,0.634902411021814,0.6104272276451752,0.5851625821555658,0.6585002333965485,0.664179104477612,0.6298580501139424,0.6088832291514347,0.6802484510564855,0.6618828932261768,0.6246768189859049,0.6050119281209928,0.6802484510564855,0.6520800369237019,0.7074934617623799,0.6042731053112409,0.6546701014264195
cvd_binary,transformer,40m,50,test,40.0,2000.0,1742,24891,0.62697360491744,0.6107092498553093,0.5815859906260918,0.6618752007110948,0.6624569460390356,0.619248411439359,0.6021966072205307,0.6863150388333962,0.6670493685419059,0.622341992259158,0.6059389196745045,0.6863150388333962,,,,
cvd_binary,transformer,40m,50,test,40.0,2000.0,1742,24891,0.62697360491744,0.6107092498553093,0.5815859906260918,0.6618752007110948,0.6624569460390356,0.619248411439359,0.6021966072205307,0.6863150388333962,0.6670493685419059,0.622341992259158,0.6059389196745045,0.6863150388333962,0.6584470900552271,0.7133543398781924,0.5934565866685308,0.6436329652687715
cvd_binary,transformer,40m,6,test,40.0,240.0,1742,10452,0.634424033677765,0.6098142243856618,0.5846252862656564,0.6622942373540506,0.6618828932261768,0.6297650359912981,0.6077768921866011,0.6835022228652828,0.6762342135476463,0.6241678250369904,0.6108600869466027,0.6835022228652828,,,,
cvd_binary,transformer,40m,6,test,40.0,240.0,1742,10452,0.634424033677765,0.6098142243856618,0.5846252862656564,0.6622942373540506,0.6618828932261768,0.6297650359912981,0.6077768921866011,0.6835022228652828,0.6762342135476463,0.6241678250369904,0.6108600869466027,0.6835022228652828,0.6566842853463968,0.7100316096762291,0.6044082293237588,0.6555308340145646
cvd_binary,transformer,40m,8,test,40.0,320.0,1742,13934,0.6421702310894215,0.6144899557623702,0.5906333990952501,0.6650150595728533,0.661308840413318,0.6242901213834301,0.6045424253664152,0.6864666174036314,0.6791044776119403,0.629008865623875,0.6149618650216702,0.6864666174036314,,,,
cvd_binary,transformer,40m,8,test,40.0,320.0,1742,13934,0.6421702310894215,0.6144899557623702,0.5906333990952501,0.6650150595728533,0.661308840413318,0.6242901213834301,0.6045424253664152,0.6864666174036314,0.6791044776119403,0.629008865623875,0.6149618650216702,0.6864666174036314,0.6596188840066693,0.7138980830022669,0.5999571632068336,0.6491634030254968
cvd_binary,transformer,40m,all,test,40.0,,1742,24893,0.6269232314305226,0.6106743761519846,0.5815376692417307,0.6618286821022235,0.6624569460390356,0.619248411439359,0.6021966072205307,0.6863150388333962,0.6670493685419059,0.622341992259158,0.6059389196745045,0.6863150388333962,,,,
cvd_binary,transformer,40m,all,test,40.0,,1742,24893,0.6269232314305226,0.6106743761519846,0.5815376692417307,0.6618286821022235,0.6624569460390356,0.619248411439359,0.6021966072205307,0.6863150388333962,0.6670493685419059,0.622341992259158,0.6059389196745045,0.6863150388333962,0.6584470900552271,0.7133543398781924,0.5934565866685308,0.6436329652687715
cvd_binary,transformer,80m,1,test,80.0,80.0,1742,1742,0.571182548794489,0.5875659065345866,0.5423842002816857,0.6400163980453255,0.571182548794489,0.5875659065345866,0.5423842002816857,0.6400163980453255,0.571182548794489,0.5875659065345866,0.5423842002816857,0.6400163980453255,,,,
cvd_binary,transformer,80m,1,test,80.0,80.0,1742,1742,0.571182548794489,0.5875659065345866,0.5423842002816857,0.6400163980453255,0.571182548794489,0.5875659065345866,0.5423842002816857,0.6400163980453255,0.571182548794489,0.5875659065345866,0.5423842002816857,0.6400163980453255,0.6118091184685309,0.6678366905441246,0.5616040045235273,0.6139284921984586
cvd_binary,transformer,80m,10,test,80.0,800.0,1742,11771,0.6448899838586356,0.6152510865699353,0.5924314556485444,0.6681708099994573,0.6750861079219288,0.6255750942629235,0.6112294016705782,0.6878049872794574,0.687715269804822,0.6275404482247222,0.6175828716796447,0.6878049872794574,,,,
cvd_binary,transformer,80m,10,test,80.0,800.0,1742,11771,0.6448899838586356,0.6152510865699353,0.5924314556485444,0.6681708099994573,0.6750861079219288,0.6255750942629235,0.6112294016705782,0.6878049872794574,0.687715269804822,0.6275404482247222,0.6175828716796447,0.6878049872794574,0.6609748593899434,0.7137935772450948,0.6003353925723853,0.6508264476134195
cvd_binary,transformer,80m,12,test,80.0,960.0,1742,11854,0.6432427872448119,0.6150311536164978,0.5916640521813075,0.6676619168592209,0.6745120551090701,0.6244615085168209,0.6103254212012001,0.6878446044057689,0.687715269804822,0.6275404482247222,0.6175828716796447,0.6878446044057689,,,,
cvd_binary,transformer,80m,12,test,80.0,960.0,1742,11854,0.6432427872448119,0.6150311536164978,0.5916640521813075,0.6676619168592209,0.6745120551090701,0.6244615085168209,0.6103254212012001,0.6878446044057689,0.687715269804822,0.6275404482247222,0.6175828716796447,0.6878446044057689,0.6609388823726011,0.7138996631831994,0.5992293881212781,0.6496100298256122
cvd_binary,transformer,80m,16,test,80.0,1280.0,1742,11882,0.6425685911462716,0.6148513651079494,0.5912821774288539,0.667219208293503,0.6750861079219288,0.6255750942629235,0.6112294016705782,0.6878980014021018,0.687715269804822,0.6275404482247222,0.6175828716796447,0.6878980014021018,,,,
cvd_binary,transformer,80m,16,test,80.0,1280.0,1742,11882,0.6425685911462716,0.6148513651079494,0.5912821774288539,0.667219208293503,0.6750861079219288,0.6255750942629235,0.6112294016705782,0.6878980014021018,0.687715269804822,0.6275404482247222,0.6175828716796447,0.6878980014021018,0.6610224419555522,0.713974805499835,0.6003353925723853,0.6508264476134195
cvd_binary,transformer,80m,2,test,80.0,160.0,1742,3484,0.6156716417910447,0.5979089908484438,0.5698601639557541,0.6498522108940208,0.6458094144661309,0.6189375031220018,0.5946244309145008,0.6648976758526725,0.6854190585533869,0.6034601253623675,0.6002693300415217,0.6648976758526725,,,,
cvd_binary,transformer,80m,2,test,80.0,160.0,1742,3484,0.6156716417910447,0.5979089908484438,0.5698601639557541,0.6498522108940208,0.6458094144661309,0.6189375031220018,0.5946244309145008,0.6648976758526725,0.6854190585533869,0.6034601253623675,0.6002693300415217,0.6648976758526725,0.6364559002057881,0.692205919698214,0.5938196166758205,0.6446027414151481
cvd_binary,transformer,80m,20,test,80.0,1600.0,1742,11890,0.6421362489486964,0.6145463783779235,0.5908667709356843,0.6668527920336719,0.6750861079219288,0.6255750942629235,0.6112294016705782,0.6878980014021018,0.687715269804822,0.6275404482247222,0.6175828716796447,0.6878980014021018,,,,
cvd_binary,transformer,80m,20,test,80.0,1600.0,1742,11890,0.6421362489486964,0.6145463783779235,0.5908667709356843,0.6668527920336719,0.6750861079219288,0.6255750942629235,0.6112294016705782,0.6878980014021018,0.687715269804822,0.6275404482247222,0.6175828716796447,0.6878980014021018,0.6610224419555522,0.713974805499835,0.6003353925723853,0.6508264476134195
cvd_binary,transformer,80m,25,test,80.0,2000.0,1742,11898,0.6417044881492688,0.614241944598343,0.5904520299661058,0.666512999541838,0.6750861079219288,0.6255750942629235,0.6112294016705782,0.687901446369607,0.687715269804822,0.6275404482247222,0.6175828716796447,0.687901446369607,,,,
cvd_binary,transformer,80m,25,test,80.0,2000.0,1742,11898,0.6417044881492688,0.614241944598343,0.5904520299661058,0.666512999541838,0.6750861079219288,0.6255750942629235,0.6112294016705782,0.687901446369607,0.687715269804822,0.6275404482247222,0.6175828716796447,0.687901446369607,0.6610242191242067,0.7139783367328781,0.6003353925723853,0.6508264476134195
cvd_binary,transformer,80m,3,test,80.0,240.0,1742,5226,0.6356678147722924,0.6070176284728861,0.5837278106508875,0.6600808457318671,0.6526980482204363,0.6141283284845416,0.5951039507628947,0.6782279776146012,0.6509758897818599,0.6136951238207446,0.5941167904470657,0.6782279776146012,,,,
cvd_binary,transformer,80m,3,test,80.0,240.0,1742,5226,0.6356678147722924,0.6070176284728861,0.5837278106508875,0.6600808457318671,0.6526980482204363,0.6141283284845416,0.5951039507628947,0.6782279776146012,0.6509758897818599,0.6136951238207446,0.5941167904470657,0.6782279776146012,0.6508863737179706,0.7051433786134625,0.5876233033243525,0.6396202611037924
cvd_binary,transformer,80m,4,test,80.0,320.0,1742,6967,0.6431749677048945,0.6098974105631931,0.588626055513753,0.6656067394872639,0.6687715269804823,0.6235020850665827,0.6073454504827053,0.6832094006273286,0.6905855338691159,0.6229319429444482,0.6156938248684207,0.6832094006273286,,,,
cvd_binary,transformer,80m,4,test,80.0,320.0,1742,6967,0.6431749677048945,0.6098974105631931,0.588626055513753,0.6656067394872639,0.6687715269804823,0.6235020850665827,0.6073454504827053,0.6832094006273286,0.6905855338691159,0.6229319429444482,0.6156938248684207,0.6832094006273286,0.6562291215560011,0.7090869428762488,0.5961497356034389,0.6467055583290781
cvd_binary,transformer,80m,5,test,80.0,400.0,1742,8698,0.6498045527707519,0.6130624748058708,0.5932223323376271,0.6678721148251741,0.6722158438576349,0.6250953825378042,0.6097380878115001,0.6854899691158662,0.6745120551090701,0.6251883966604486,0.6107590858702074,0.6854899691158662,,,,
cvd_binary,transformer,80m,5,test,80.0,400.0,1742,8698,0.6498045527707519,0.6130624748058708,0.5932223323376271,0.6678721148251741,0.6722158438576349,0.6250953825378042,0.6097380878115001,0.6854899691158662,0.6745120551090701,0.6251883966604486,0.6107590858702074,0.6854899691158662,0.6588597037263585,0.711946001745903,0.5994470486600848,0.6506249183161962
cvd_binary,transformer,80m,6,test,80.0,480.0,1742,10218,0.6529653552554316,0.6154164795602965,0.5954763679917365,0.6709191755250447,0.6745120551090701,0.6251883966604486,0.6107590858702074,0.6870264246232498,0.6905855338691159,0.6280201599498413,0.6190208391914269,0.6870264246232498,,,,
cvd_binary,transformer,80m,6,test,80.0,480.0,1742,10218,0.6529653552554316,0.6154164795602965,0.5954763679917365,0.6709191755250447,0.6745120551090701,0.6251883966604486,0.6107590858702074,0.6870264246232498,0.6905855338691159,0.6280201599498413,0.6190208391914269,0.6870264246232498,0.6598869572039745,0.7129181751098742,0.6000378951385431,0.6500223306690163
cvd_binary,transformer,80m,8,test,80.0,640.0,1742,11480,0.6485191637630662,0.6159701036896763,0.5941141513620775,0.6698407969331179,0.6762342135476463,0.6278022657551283,0.6130334295936744,0.6878118772144682,0.6900114810562572,0.6290872386346216,0.6194758711748564,0.6878118772144682,,,,
cvd_binary,transformer,80m,8,test,80.0,640.0,1742,11480,0.6485191637630662,0.6159701036896763,0.5941141513620775,0.6698407969331179,0.6762342135476463,0.6278022657551283,0.6130334295936744,0.6878118772144682,0.6900114810562572,0.6290872386346216,0.6194758711748564,0.6878118772144682,0.6610717590846891,0.7139263912648779,0.6025112100626572,0.6527493320298539
cvd_binary,transformer,80m,all,test,80.0,,1742,11899,0.6416505588704933,0.6142039291803372,0.590400234050846,0.6664683058935492,0.6750861079219288,0.6255750942629235,0.6112294016705782,0.687901446369607,0.687715269804822,0.6275404482247222,0.6175828716796447,0.687901446369607,,,,
cvd_binary,transformer,80m,all,test,80.0,,1742,11899,0.6416505588704933,0.6142039291803372,0.590400234050846,0.6664683058935492,0.6750861079219288,0.6255750942629235,0.6112294016705782,0.687901446369607,0.687715269804822,0.6275404482247222,0.6175828716796447,0.687901446369607,0.6610242191242067,0.7139783367328781,0.6003353925723853,0.6508264476134195
cvd_binary,transformer,120m,1,test,120.0,120.0,1742,1742,0.6142365097588978,0.6223833318692221,0.5802030303943128,0.6659208312017597,0.6142365097588978,0.6223833318692221,0.5802030303943128,0.6659208312017597,0.6142365097588978,0.6223833318692221,0.5802030303943128,0.6659208312017597,,,,
cvd_binary,transformer,120m,1,test,120.0,120.0,1742,1742,0.6142365097588978,0.6223833318692221,0.5802030303943128,0.6659208312017597,0.6142365097588978,0.6223833318692221,0.5802030303943128,0.6659208312017597,0.6142365097588978,0.6223833318692221,0.5802030303943128,0.6659208312017597,0.6390551202359248,0.6944935705142301,0.5979655857955521,0.6479487764684397
cvd_binary,transformer,120m,10,test,120.0,1200.0,1742,7720,0.630440414507772,0.6186313592320141,0.5870286965252218,0.6740737465587867,0.6549942594718714,0.6236708884743445,0.601353720885691,0.6894637391332805,0.6653272101033295,0.6226356757389886,0.6053713139536736,0.6894637391332805,,,,
cvd_binary,transformer,120m,10,test,120.0,1200.0,1742,7720,0.630440414507772,0.6186313592320141,0.5870286965252218,0.6740737465587867,0.6549942594718714,0.6236708884743445,0.601353720885691,0.6894637391332805,0.6653272101033295,0.6226356757389886,0.6053713139536736,0.6894637391332805,0.6627675644644803,0.715715551329682,0.5981631781662411,0.6483473230250782
cvd_binary,transformer,120m,12,test,120.0,1440.0,1742,7724,0.6301139306059037,0.6184071240997238,0.5867141308875389,0.6739152522833737,0.6549942594718714,0.6236708884743445,0.601353720885691,0.6894844089383126,0.6653272101033295,0.6226356757389886,0.6053713139536736,0.6894844089383126,,,,
cvd_binary,transformer,120m,12,test,120.0,1440.0,1742,7724,0.6301139306059037,0.6184071240997238,0.5867141308875389,0.6739152522833737,0.6549942594718714,0.6236708884743445,0.601353720885691,0.6894844089383126,0.6653272101033295,0.6226356757389886,0.6053713139536736,0.6894844089383126,0.662789663449681,0.7157369231053325,0.5981631781662411,0.6483473230250782
cvd_binary,transformer,120m,16,test,120.0,1920.0,1742,7731,0.629543396714526,0.6180154643643487,0.5861645453540929,0.6736057371621943,0.6549942594718714,0.6236708884743445,0.601353720885691,0.6894947438408286,0.6653272101033295,0.6226356757389886,0.6053713139536736,0.6894947438408286,,,,
cvd_binary,transformer,120m,16,test,120.0,1920.0,1742,7731,0.629543396714526,0.6180154643643487,0.5861645453540929,0.6736057371621943,0.6549942594718714,0.6236708884743445,0.601353720885691,0.6894947438408286,0.6653272101033295,0.6226356757389886,0.6053713139536736,0.6894947438408286,0.6627932658311446,0.7157385805357656,0.5981631781662411,0.6483473230250782
cvd_binary,transformer,120m,2,test,120.0,240.0,1742,3484,0.6303099885189437,0.6150386611478287,0.5852822532945324,0.6703635474208389,0.6354764638346728,0.6148844988519646,0.5876984548522782,0.6815248115172153,0.6865671641791045,0.618771283439869,0.6114352106047534,0.6815248115172153,,,,
cvd_binary,transformer,120m,2,test,120.0,240.0,1742,3484,0.6303099885189437,0.6150386611478287,0.5852822532945324,0.6703635474208389,0.6354764638346728,0.6148844988519646,0.5876984548522782,0.6815248115172153,0.6865671641791045,0.618771283439869,0.6114352106047534,0.6815248115172153,0.6562006685644602,0.7077024765737251,0.5892941567367594,0.6402567134681754
cvd_binary,transformer,120m,3,test,120.0,360.0,1742,5220,0.6404214559386974,0.6181296531770604,0.5915887100555952,0.67546796679198,0.6498277841561424,0.6216443863393258,0.5979018332848978,0.6871418310346787,0.6475315729047072,0.6179169314985437,0.5948806520767524,0.6871418310346787,,,,
cvd_binary,transformer,120m,3,test,120.0,360.0,1742,5220,0.6404214559386974,0.6181296531770604,0.5915887100555952,0.67546796679198,0.6498277841561424,0.6216443863393258,0.5979018332848978,0.6871418310346787,0.6475315729047072,0.6179169314985437,0.5948806520767524,0.6871418310346787,0.6607457266632377,0.7130659502144145,0.597554942000078,0.6471041769720045
cvd_binary,transformer,120m,4,test,120.0,480.0,1742,6740,0.6422848664688428,0.6205401553246872,0.5930197859552965,0.6779741594603215,0.6504018369690011,0.6220310839418007,0.5983705826567756,0.6883355122752806,0.6716417910447762,0.6247086849353294,0.6092681679651534,0.6883355122752806,,,,
cvd_binary,transformer,120m,4,test,120.0,480.0,1742,6740,0.6422848664688428,0.6205401553246872,0.5930197859552965,0.6779741594603215,0.6504018369690011,0.6220310839418007,0.5983705826567756,0.6883355122752806,0.6716417910447762,0.6247086849353294,0.6092681679651534,0.6883355122752806,0.661844933158036,0.7144860900669471,0.5974452592141846,0.647450548504742
cvd_binary,transformer,120m,5,test,120.0,600.0,1742,7410,0.6375168690958165,0.6204159790842396,0.5908727856481782,0.6773312676547463,0.6521239954075775,0.6210105123183425,0.5986217846838942,0.6896015378334943,0.6601607347876005,0.6220629498912251,0.6027978061255932,0.6896015378334943,,,,
cvd_binary,transformer,120m,5,test,120.0,600.0,1742,7410,0.6375168690958165,0.6204159790842396,0.5908727856481782,0.6773312676547463,0.6521239954075775,0.6210105123183425,0.5986217846838942,0.6896015378334943,0.6601607347876005,0.6220629498912251,0.6027978061255932,0.6896015378334943,0.6627496229061578,0.7158314549904395,0.5959358990983162,0.6459208740887034
cvd_binary,transformer,120m,6,test,120.0,720.0,1742,7611,0.6342136381553015,0.6198940351304513,0.5893766795829378,0.6762910018941916,0.6538461538461539,0.6221706051257672,0.6000271109718333,0.6896273750897843,0.6659012629161883,0.6230223733414635,0.6058400630752938,0.6896273750897843,,,,
cvd_binary,transformer,120m,6,test,120.0,720.0,1742,7611,0.6342136381553015,0.6198940351304513,0.5893766795829378,0.6762910018941916,0.6538461538461539,0.6221706051257672,0.6000271109718333,0.6896273750897843,0.6659012629161883,0.6230223733414635,0.6058400630752938,0.6896273750897843,0.6629403658169658,0.715509756053103,0.5967821545703003,0.6467618079250712
cvd_binary,transformer,120m,8,test,120.0,960.0,1742,7708,0.6310326933056565,0.6189017285665689,0.5875007112850912,0.6744444552939678,0.6555683122847302,0.6240575860768194,0.601823110716947,0.6893913948156684,0.6653272101033295,0.6226356757389886,0.6053713139536736,0.6893913948156684,,,,
cvd_binary,transformer,120m,8,test,120.0,960.0,1742,7708,0.6310326933056565,0.6189017285665689,0.5875007112850912,0.6744444552939678,0.6555683122847302,0.6240575860768194,0.601823110716947,0.6893913948156684,0.6653272101033295,0.6226356757389886,0.6053713139536736,0.6893913948156684,0.6626279927721261,0.7157138193810292,0.5985413530285936,0.6487351090698078
cvd_binary,transformer,120m,all,test,120.0,,1742,7732,0.6294619762027935,0.617959590913878,0.5860861269069578,0.6735791411355525,0.6549942594718714,0.6236708884743445,0.601353720885691,0.6895068012270974,0.6653272101033295,0.6226356757389886,0.6053713139536736,0.6895068012270974,,,,
cvd_binary,transformer,120m,all,test,120.0,,1742,7732,0.6294619762027935,0.617959590913878,0.5860861269069578,0.6735791411355525,0.6549942594718714,0.6236708884743445,0.601353720885691,0.6895068012270974,0.6653272101033295,0.6226356757389886,0.6053713139536736,0.6895068012270974,0.6627932658311446,0.7157385805357656,0.5981631781662411,0.6483473230250782
cvd_binary,transformer,240m,1,test,240.0,240.0,1742,1742,0.6670493685419059,0.6237957685464133,0.606778130643253,0.6753324824263595,0.6670493685419059,0.6237957685464133,0.606778130643253,0.6753324824263595,0.6670493685419059,0.6237957685464133,0.606778130643253,0.6753324824263595,,,,
cvd_binary,transformer,240m,1,test,240.0,240.0,1742,1742,0.6670493685419059,0.6237957685464133,0.606778130643253,0.6753324824263595,0.6670493685419059,0.6237957685464133,0.606778130643253,0.6753324824263595,0.6670493685419059,0.6237957685464133,0.606778130643253,0.6753324824263595,0.6482424643900603,0.702586399030452,0.5991757726282867,0.6477346722785234
cvd_binary,transformer,240m,2,test,240.0,480.0,1742,3262,0.67841814837523,0.6221023515887066,0.6091791288119546,0.6815977196715572,0.6905855338691159,0.6272932718062136,0.6185528018313924,0.6860859484942909,0.7198622273249139,0.6201199882182111,0.6232912648893931,0.6860859484942909,,,,
cvd_binary,transformer,240m,2,test,240.0,480.0,1742,3262,0.67841814837523,0.6221023515887066,0.6091791288119546,0.6815977196715572,0.6905855338691159,0.6272932718062136,0.6185528018313924,0.6860859484942909,0.7198622273249139,0.6201199882182111,0.6232912648893931,0.6860859484942909,0.6579126604079266,0.7130144145034003,0.6013102863473385,0.6528032838480433
cvd_binary,transformer,240m,3,test,240.0,720.0,1742,3463,0.6716719607276928,0.6222296526080654,0.607307940297793,0.6792747379330145,0.6946039035591275,0.627819490592655,0.6204457288144478,0.6877808725069201,0.7192881745120551,0.6270021720520121,0.6285443801638116,0.6877808725069201,,,,
cvd_binary,transformer,240m,3,test,240.0,720.0,1742,3463,0.6716719607276928,0.6222296526080654,0.607307940297793,0.6792747379330145,0.6946039035591275,0.627819490592655,0.6204457288144478,0.6877808725069201,0.7192881745120551,0.6270021720520121,0.6285443801638116,0.6877808725069201,0.6599526634228678,0.7154834527956019,0.6015288930474278,0.6532938410583434
cvd_binary,transformer,240m,4,test,240.0,960.0,1742,3496,0.6696224256292906,0.6217773308575554,0.6064143309210305,0.6785920641370525,0.6969001148105626,0.6293662810025544,0.6223442694030928,0.6876379063554483,0.7204362801377727,0.6270486791133343,0.6289465385491828,0.6876379063554483,,,,
cvd_binary,transformer,240m,4,test,240.0,960.0,1742,3496,0.6696224256292906,0.6217773308575554,0.6064143309210305,0.6785920641370525,0.6969001148105626,0.6293662810025544,0.6223442694030928,0.6876379063554483,0.7204362801377727,0.6270486791133343,0.6289465385491828,0.6876379063554483,0.6597128787383966,0.7153414185805042,0.6030560825421007,0.654438895833089
cvd_binary,transformer,240m,5,test,240.0,1200.0,1742,3498,0.6695254431103488,0.6216926503340757,0.6062774575479046,0.6785788932670892,0.6969001148105626,0.6293662810025544,0.6223442694030928,0.6877688151206514,0.7204362801377727,0.6270486791133343,0.6289465385491828,0.6877688151206514,,,,
cvd_binary,transformer,240m,5,test,240.0,1200.0,1742,3498,0.6695254431103488,0.6216926503340757,0.6062774575479046,0.6785788932670892,0.6969001148105626,0.6293662810025544,0.6223442694030928,0.6877688151206514,0.7204362801377727,0.6270486791133343,0.6289465385491828,0.6877688151206514,0.6597926329878935,0.7154083742298191,0.6030560825421007,0.654438895833089
cvd_binary,transformer,240m,6,test,240.0,1440.0,1742,3500,0.6691428571428572,0.6214159401111703,0.6059078238527572,0.6782567461383997,0.6969001148105626,0.6293662810025544,0.6223442694030928,0.6877360879293506,0.7204362801377727,0.6270486791133343,0.6289465385491828,0.6877360879293506,,,,
cvd_binary,transformer,240m,6,test,240.0,1440.0,1742,3500,0.6691428571428572,0.6214159401111703,0.6059078238527572,0.6782567461383997,0.6969001148105626,0.6293662810025544,0.6223442694030928,0.6877360879293506,0.7204362801377727,0.6270486791133343,0.6289465385491828,0.6877360879293506,0.6597710572297891,0.7153985758421143,0.6030560825421007,0.654438895833089
cvd_binary,transformer,240m,8,test,240.0,1920.0,1742,3503,0.6685697973165858,0.6210016714473194,0.6053543747188975,0.6779052618529553,0.6969001148105626,0.6293662810025544,0.6223442694030928,0.6877533127668773,0.7204362801377727,0.6270486791133343,0.6289465385491828,0.6877533127668773,,,,
cvd_binary,transformer,240m,8,test,240.0,1920.0,1742,3503,0.6685697973165858,0.6210016714473194,0.6053543747188975,0.6779052618529553,0.6969001148105626,0.6293662810025544,0.6223442694030928,0.6877533127668773,0.7204362801377727,0.6270486791133343,0.6289465385491828,0.6877533127668773,0.6597850551866568,0.7154018419713494,0.6030560825421007,0.654438895833089
cvd_binary,transformer,240m,all,test,240.0,,1742,3503,0.6685697973165858,0.6210016714473194,0.6053543747188975,0.6779052618529553,0.6969001148105626,0.6293662810025544,0.6223442694030928,0.6877533127668773,0.7204362801377727,0.6270486791133343,0.6289465385491828,0.6877533127668773,,,,
cvd_binary,transformer,240m,all,test,240.0,,1742,3503,0.6685697973165858,0.6210016714473194,0.6053543747188975,0.6779052618529553,0.6969001148105626,0.6293662810025544,0.6223442694030928,0.6877533127668773,0.7204362801377727,0.6270486791133343,0.6289465385491828,0.6877533127668773,0.6597850551866568,0.7154018419713494,0.6030560825421007,0.654438895833089
depression_extreme_binary,lstm,30s,1,test,0.5,0.5,229,229,0.74235807860262,0.6721544715447154,0.5814047154320414,0.7770325203252032,0.74235807860262,0.6721544715447154,0.5814047154320414,0.7770325203252032,0.74235807860262,0.6721544715447154,0.5814047154320414,0.7770325203252032,,,,
depression_extreme_binary,lstm,30s,1,test,0.5,0.5,229,229,0.74235807860262,0.6721544715447154,0.5814047154320414,0.7770325203252032,0.74235807860262,0.6721544715447154,0.5814047154320414,0.7770325203252032,0.74235807860262,0.6721544715447154,0.5814047154320414,0.7770325203252032,0.6874511371712865,0.8516304747711495,0.5553700926137247,0.7714764947958546
depression_extreme_binary,lstm,30s,10,test,0.5,5.0,229,2290,0.7161572052401747,0.6667174796747968,0.5649696048632219,0.7463373983739836,0.7205240174672489,0.7519308943089431,0.5963868693544834,0.7595528455284553,0.7205240174672489,0.6783536585365854,0.5716623801730185,0.7595528455284553,,,,
depression_extreme_binary,lstm,30s,10,test,0.5,5.0,229,2290,0.7161572052401747,0.6667174796747968,0.5649696048632219,0.7463373983739836,0.7205240174672489,0.7519308943089431,0.5963868693544834,0.7595528455284553,0.7205240174672489,0.6783536585365854,0.5716623801730185,0.7595528455284553,0.6695671825803269,0.8429630398671097,0.6489854059620677,0.8376096015925676
depression_extreme_binary,lstm,30s,100,test,0.5,50.0,229,22900,0.713056768558952,0.674734756097561,0.5662364583457136,0.7448789837398373,0.7205240174672489,0.7151422764227642,0.5845804988662131,0.7597560975609756,0.7248908296943232,0.6991869918699187,0.5816441931274466,0.7597560975609756,,,,
depression_extreme_binary,lstm,30s,100,test,0.5,50.0,229,22900,0.713056768558952,0.674734756097561,0.5662364583457136,0.7448789837398373,0.7205240174672489,0.7151422764227642,0.5845804988662131,0.7597560975609756,0.7248908296943232,0.6991869918699187,0.5816441931274466,0.7597560975609756,0.6684796798029556,0.8451961644053099,0.6155187334277724,0.8088516746411483
depression_extreme_binary,lstm,30s,12,test,0.5,6.0,229,2748,0.7147016011644832,0.668970189701897,0.5650213205840549,0.7400237127371273,0.7117903930131004,0.7102642276422764,0.5778212290502793,0.7516260162601626,0.7205240174672489,0.6967479674796748,0.578268876611418,0.7516260162601626,,,,
depression_extreme_binary,lstm,30s,12,test,0.5,6.0,229,2748,0.7147016011644832,0.668970189701897,0.5650213205840549,0.7400237127371273,0.7117903930131004,0.7102642276422764,0.5778212290502793,0.7516260162601626,0.7205240174672489,0.6967479674796748,0.578268876611418,0.7516260162601626,0.6597101174687382,0.839202102449031,0.6101608620530246,0.8040749114487359
depression_extreme_binary,lstm,30s,120,test,0.5,60.0,229,27480,0.7117176128093159,0.6749678184281842,0.5655891316274076,0.7425093580623305,0.7117903930131004,0.7102642276422764,0.5778212290502793,0.7575203252032521,0.7248908296943232,0.7175813008130081,0.5880001142302311,0.7575203252032521,,,,
depression_extreme_binary,lstm,30s,120,test,0.5,60.0,229,27480,0.7117176128093159,0.6749678184281842,0.5655891316274076,0.7425093580623305,0.7117903930131004,0.7102642276422764,0.5778212290502793,0.7575203252032521,0.7248908296943232,0.7175813008130081,0.5880001142302311,0.7575203252032521,0.6646873732251521,0.8434476781011435,0.6103646728993339,0.8035620588559663
depression_extreme_binary,lstm,30s,16,test,0.5,8.0,229,3664,0.714792576419214,0.6694042174796748,0.5652307704536151,0.739991425304878,0.7117903930131004,0.7102642276422764,0.5778212290502793,0.7532520325203251,0.7292576419213974,0.7016260162601626,0.5850479307926116,0.7532520325203251,,,,
depression_extreme_binary,lstm,30s,16,test,0.5,8.0,229,3664,0.714792576419214,0.6694042174796748,0.5652307704536151,0.739991425304878,0.7117903930131004,0.7102642276422764,0.5778212290502793,0.7532520325203251,0.7292576419213974,0.7016260162601626,0.5850479307926116,0.7532520325203251,0.66158281304703,0.8392363471374361,0.6036171687507894,0.8095591068775535
depression_extreme_binary,lstm,30s,160,test,0.5,80.0,229,36640,0.7137281659388647,0.6772021087398374,0.5674963241482689,0.7448167238313008,0.7205240174672489,0.7151422764227642,0.5845804988662131,0.7589430894308943,0.7161572052401747,0.6943089430894309,0.5749207527772225,0.7589430894308943,,,,
depression_extreme_binary,lstm,30s,160,test,0.5,80.0,229,36640,0.7137281659388647,0.6772021087398374,0.5674963241482689,0.7448167238313008,0.7205240174672489,0.7151422764227642,0.5845804988662131,0.7589430894308943,0.7161572052401747,0.6943089430894309,0.5749207527772225,0.7589430894308943,0.666907040328093,0.8438929339158172,0.6155187334277724,0.8088516746411483
depression_extreme_binary,lstm,30s,2,test,0.5,1.0,229,458,0.7270742358078602,0.6544207317073171,0.5660347323817683,0.7490853658536586,0.7336244541484717,0.7040650406504065,0.5884813669170718,0.7634146341463415,0.7554585152838428,0.5875,0.5487049549549551,0.7634146341463415,,,,
depression_extreme_binary,lstm,30s,2,test,0.5,1.0,229,458,0.7270742358078602,0.6544207317073171,0.5660347323817683,0.7490853658536586,0.7336244541484717,0.7040650406504065,0.5884813669170718,0.7634146341463415,0.7554585152838428,0.5875,0.5487049549549551,0.7634146341463415,0.6751877556914658,0.8413366027048743,0.5909927796269331,0.8053288943137206
depression_extreme_binary,lstm,30s,20,test,0.5,10.0,229,4580,0.7137554585152839,0.6699745934959349,0.5648797889815027,0.744557418699187,0.7074235807860262,0.6710365853658536,0.561841391324214,0.7619918699186992,0.7205240174672489,0.6967479674796748,0.578268876611418,0.7619918699186992,,,,
depression_extreme_binary,lstm,30s,20,test,0.5,10.0,229,4580,0.7137554585152839,0.6699745934959349,0.5648797889815027,0.744557418699187,0.7074235807860262,0.6710365853658536,0.561841391324214,0.7619918699186992,0.7205240174672489,0.6967479674796748,0.578268876611418,0.7619918699186992,0.6768135604210829,0.8447436499903606,0.560433836996337,0.7721715871529944
depression_extreme_binary,lstm,30s,200,test,0.5,100.0,229,45800,0.7129475982532751,0.6747657520325203,0.5661880374598056,0.7431990320121952,0.7205240174672489,0.7151422764227642,0.5845804988662131,0.7583333333333333,0.7161572052401747,0.6943089430894309,0.5749207527772225,0.7583333333333333,,,,
depression_extreme_binary,lstm,30s,200,test,0.5,100.0,229,45800,0.7129475982532751,0.6747657520325203,0.5661880374598056,0.7431990320121952,0.7205240174672489,0.7151422764227642,0.5845804988662131,0.7583333333333333,0.7161572052401747,0.6943089430894309,0.5749207527772225,0.7583333333333333,0.6663892597873995,0.8425677339901477,0.6155187334277724,0.8088516746411483
depression_extreme_binary,lstm,30s,25,test,0.5,12.5,229,5725,0.7114410480349345,0.6666585365853659,0.5624138495181495,0.739680325203252,0.7205240174672489,0.7151422764227642,0.5845804988662131,0.7542682926829268,0.7117903930131004,0.6734756097560975,0.5650897790055249,0.7542682926829268,,,,
depression_extreme_binary,lstm,30s,25,test,0.5,12.5,229,5725,0.7114410480349345,0.6666585365853659,0.5624138495181495,0.739680325203252,0.7205240174672489,0.7151422764227642,0.5845804988662131,0.7542682926829268,0.7117903930131004,0.6734756097560975,0.5650897790055249,0.7542682926829268,0.6618543450826959,0.8410115437375759,0.6155187334277724,0.8088516746411483
depression_extreme_binary,lstm,30s,250,test,0.5,125.0,229,57250,0.7126812227074236,0.6727959349593495,0.5653280772871597,0.742450224390244,0.7205240174672489,0.7151422764227642,0.5845804988662131,0.7558943089430894,0.7161572052401747,0.6943089430894309,0.5749207527772225,0.7558943089430894,,,,
depression_extreme_binary,lstm,30s,250,test,0.5,125.0,229,57250,0.7126812227074236,0.6727959349593495,0.5653280772871597,0.742450224390244,0.7205240174672489,0.7151422764227642,0.5845804988662131,0.7558943089430894,0.7161572052401747,0.6943089430894309,0.5749207527772225,0.7558943089430894,0.6616421937195931,0.8416198577985877,0.6155187334277724,0.8088516746411483
depression_extreme_binary,lstm,30s,3,test,0.5,1.5,229,687,0.7190684133915575,0.6591463414634147,0.5636573655094794,0.7417795844625114,0.7074235807860262,0.6526422764227642,0.5550819196752211,0.7626016260162602,0.7117903930131004,0.6366869918699187,0.5511404133998574,0.7626016260162602,,,,
depression_extreme_binary,lstm,30s,3,test,0.5,1.5,229,687,0.7190684133915575,0.6591463414634147,0.5636573655094794,0.7417795844625114,0.7074235807860262,0.6526422764227642,0.5550819196752211,0.7626016260162602,0.7117903930131004,0.6366869918699187,0.5511404133998574,0.7626016260162602,0.6716741214857342,0.845260989010989,0.5416758848568312,0.757372299881491
depression_extreme_binary,lstm,30s,30,test,0.5,15.0,229,6870,0.7128093158660844,0.6722052845528456,0.565182773711941,0.744597335140018,0.7117903930131004,0.7102642276422764,0.5778212290502793,0.7591463414634146,0.7205240174672489,0.6967479674796748,0.578268876611418,0.7591463414634146,,,,
depression_extreme_binary,lstm,30s,30,test,0.5,15.0,229,6870,0.7128093158660844,0.6722052845528456,0.565182773711941,0.744597335140018,0.7117903930131004,0.7102642276422764,0.5778212290502793,0.7591463414634146,0.7205240174672489,0.6967479674796748,0.578268876611418,0.7591463414634146,0.6677667223244064,0.8431159094623304,0.6098959448847006,0.8052443036916258
depression_extreme_binary,lstm,30s,320,test,0.5,160.0,229,73280,0.7125,0.675309006605691,0.5661398247729922,0.7430852834810087,0.7205240174672489,0.7151422764227642,0.5845804988662131,0.7558943089430894,0.7161572052401747,0.6943089430894309,0.5749207527772225,0.7558943089430894,,,,
depression_extreme_binary,lstm,30s,320,test,0.5,160.0,229,73280,0.7125,0.675309006605691,0.5661398247729922,0.7430852834810087,0.7205240174672489,0.7151422764227642,0.5845804988662131,0.7558943089430894,0.7161572052401747,0.6943089430894309,0.5749207527772225,0.7558943089430894,0.6616745238765362,0.8420044178330877,0.6155187334277724,0.8088516746411483
depression_extreme_binary,lstm,30s,4,test,0.5,2.0,229,916,0.7161572052401747,0.6529217479674796,0.5597293600029578,0.7417428861788619,0.7248908296943232,0.6991869918699187,0.5816441931274466,0.758739837398374,0.7292576419213974,0.6096544715447154,0.5480646804176216,0.758739837398374,,,,
depression_extreme_binary,lstm,30s,4,test,0.5,2.0,229,916,0.7161572052401747,0.6529217479674796,0.5597293600029578,0.7417428861788619,0.7248908296943232,0.6991869918699187,0.5816441931274466,0.758739837398374,0.7292576419213974,0.6096544715447154,0.5480646804176216,0.758739837398374,0.6706576304888519,0.8428735770698605,0.5959805090365516,0.796753042653026
depression_extreme_binary,lstm,30s,40,test,0.5,20.0,229,9160,0.7112445414847162,0.667192581300813,0.5625045515637345,0.7412661331300814,0.7117903930131004,0.691869918699187,0.5715986394557824,0.7581300813008129,0.7205240174672489,0.6967479674796748,0.578268876611418,0.7581300813008129,,,,
depression_extreme_binary,lstm,30s,40,test,0.5,20.0,229,9160,0.7112445414847162,0.667192581300813,0.5625045515637345,0.7412661331300814,0.7117903930131004,0.691869918699187,0.5715986394557824,0.7581300813008129,0.7205240174672489,0.6967479674796748,0.578268876611418,0.7581300813008129,0.6719717080403692,0.8395566897183276,0.587152151527943,0.7902456425153793
depression_extreme_binary,lstm,30s,400,test,0.5,200.0,229,91600,0.7130786026200874,0.6749308943089432,0.5663194279811752,0.743613884019309,0.7205240174672489,0.7151422764227642,0.5845804988662131,0.7577235772357724,0.7161572052401747,0.6943089430894309,0.5749207527772225,0.7577235772357724,,,,
depression_extreme_binary,lstm,30s,400,test,0.5,200.0,229,91600,0.7130786026200874,0.6749308943089432,0.5663194279811752,0.743613884019309,0.7205240174672489,0.7151422764227642,0.5845804988662131,0.7577235772357724,0.7161572052401747,0.6943089430894309,0.5749207527772225,0.7577235772357724,0.6659984532255404,0.8438831595690666,0.6155187334277724,0.8088516746411483
depression_extreme_binary,lstm,30s,5,test,0.5,2.5,229,1145,0.7126637554585152,0.6666056910569105,0.5630506017108888,0.7530650406504065,0.7117903930131004,0.7102642276422764,0.5778212290502793,0.7707317073170732,0.7161572052401747,0.6943089430894309,0.5749207527772225,0.7707317073170732,,,,
depression_extreme_binary,lstm,30s,5,test,0.5,2.5,229,1145,0.7126637554585152,0.6666056910569105,0.5630506017108888,0.7530650406504065,0.7117903930131004,0.7102642276422764,0.5778212290502793,0.7707317073170732,0.7161572052401747,0.6943089430894309,0.5749207527772225,0.7707317073170732,0.6797780204491037,0.8510989582030957,0.6053918532125769,0.8060365097047743
depression_extreme_binary,lstm,30s,50,test,0.5,25.0,229,11450,0.7149344978165939,0.6748638211382114,0.5673100100684059,0.7432101626016261,0.7161572052401747,0.7127032520325203,0.5811879238063082,0.7589430894308942,0.7205240174672489,0.6967479674796748,0.578268876611418,0.7589430894308942,,,,
depression_extreme_binary,lstm,30s,50,test,0.5,25.0,229,11450,0.7149344978165939,0.6748638211382114,0.5673100100684059,0.7432101626016261,0.7161572052401747,0.7127032520325203,0.5811879238063082,0.7589430894308942,0.7205240174672489,0.6967479674796748,0.578268876611418,0.7589430894308942,0.6685828184392653,0.8438677556539224,0.6137657760287215,0.8071603236894346
depression_extreme_binary,lstm,30s,500,test,0.5,250.0,229,114500,0.7123056768558952,0.674719918699187,0.5658208169781108,0.7433779573170732,0.7205240174672489,0.7151422764227642,0.5845804988662131,0.7577235772357723,0.7117903930131004,0.691869918699187,0.5715986394557824,0.7577235772357723,,,,
depression_extreme_binary,lstm,30s,500,test,0.5,250.0,229,114500,0.7123056768558952,0.674719918699187,0.5658208169781108,0.7433779573170732,0.7205240174672489,0.7151422764227642,0.5845804988662131,0.7577235772357723,0.7117903930131004,0.691869918699187,0.5715986394557824,0.7577235772357723,0.6664480814104228,0.8421683912423071,0.6155187334277724,0.8088516746411483
depression_extreme_binary,lstm,30s,6,test,0.5,3.0,229,1374,0.7190684133915575,0.6714092140921409,0.5682945173589291,0.7376467931345981,0.7292576419213974,0.720020325203252,0.5914479742173112,0.7575203252032521,0.7292576419213974,0.6832317073170732,0.5783440247089571,0.7575203252032521,,,,
depression_extreme_binary,lstm,30s,6,test,0.5,3.0,229,1374,0.7190684133915575,0.6714092140921409,0.5682945173589291,0.7376467931345981,0.7292576419213974,0.720020325203252,0.5914479742173112,0.7575203252032521,0.7292576419213974,0.6832317073170732,0.5783440247089571,0.7575203252032521,0.6665386119965226,0.8402074036664052,0.6148830681561724,0.8199760907141608
depression_extreme_binary,lstm,30s,60,test,0.5,30.0,229,13740,0.7161572052401747,0.6786737804878049,0.5693659336485047,0.7440468326558265,0.7248908296943232,0.7359756097560975,0.5940744492276526,0.7595528455284553,0.7248908296943232,0.7175813008130081,0.5880001142302311,0.7595528455284553,,,,
depression_extreme_binary,lstm,30s,60,test,0.5,30.0,229,13740,0.7161572052401747,0.6786737804878049,0.5693659336485047,0.7440468326558265,0.7248908296943232,0.7359756097560975,0.5940744492276526,0.7595528455284553,0.7248908296943232,0.7175813008130081,0.5880001142302311,0.7595528455284553,0.6713711433756806,0.8425202903911081,0.6332503508971588,0.8273054897314377
depression_extreme_binary,lstm,30s,8,test,0.5,4.0,229,1832,0.7134279475982532,0.674390243902439,0.5663142801101123,0.7428385416666666,0.7117903930131004,0.7286585365853658,0.583773959021811,0.758739837398374,0.7292576419213974,0.7016260162601626,0.5850479307926116,0.758739837398374,,,,
depression_extreme_binary,lstm,30s,8,test,0.5,4.0,229,1832,0.7134279475982532,0.674390243902439,0.5663142801101123,0.7428385416666666,0.7117903930131004,0.7286585365853658,0.583773959021811,0.758739837398374,0.7292576419213974,0.7016260162601626,0.5850479307926116,0.758739837398374,0.6690398962859562,0.8379802553715087,0.6272499252216275,0.8201014114277195
depression_extreme_binary,lstm,30s,80,test,0.5,40.0,229,18320,0.7132096069868996,0.6777172256097561,0.5673969135457564,0.7437928734756097,0.7117903930131004,0.7102642276422764,0.5778212290502793,0.7558943089430894,0.7117903930131004,0.691869918699187,0.5715986394557824,0.7558943089430894,,,,
depression_extreme_binary,lstm,30s,80,test,0.5,40.0,229,18320,0.7132096069868996,0.6777172256097561,0.5673969135457564,0.7437928734756097,0.7117903930131004,0.7102642276422764,0.5778212290502793,0.7558943089430894,0.7117903930131004,0.691869918699187,0.5715986394557824,0.7558943089430894,0.6621505468215995,0.8425664220773472,0.6103646728993339,0.8035620588559663
depression_extreme_binary,lstm,30s,all,test,0.5,,229,228170,0.7123109961870535,0.6788157362691106,0.5764595946544151,0.7475631141218197,0.7205240174672489,0.7151422764227642,0.5845804988662131,0.7573170731707317,0.7161572052401747,0.6943089430894309,0.5749207527772225,0.7573170731707317,,,,
depression_extreme_binary,lstm,30s,all,test,0.5,,229,228170,0.7123109961870535,0.6788157362691106,0.5764595946544151,0.7475631141218197,0.7205240174672489,0.7151422764227642,0.5845804988662131,0.7573170731707317,0.7161572052401747,0.6943089430894309,0.5749207527772225,0.7573170731707317,0.664532353611301,0.8423424224764271,0.6155187334277724,0.8088516746411483
depression_extreme_binary,lstm,10m,1,test,10.0,10.0,229,229,0.7117903930131004,0.7286585365853658,0.583773959021811,0.7876016260162602,0.7117903930131004,0.7286585365853658,0.583773959021811,0.7876016260162602,0.7117903930131004,0.7286585365853658,0.583773959021811,0.7876016260162602,,,,
depression_extreme_binary,lstm,10m,1,test,10.0,10.0,229,229,0.7117903930131004,0.7286585365853658,0.583773959021811,0.7876016260162602,0.7117903930131004,0.7286585365853658,0.583773959021811,0.7876016260162602,0.7117903930131004,0.7286585365853658,0.583773959021811,0.7876016260162602,0.7182813403701562,0.8541242342427686,0.6198401187628161,0.8208133971291867
depression_extreme_binary,lstm,10m,10,test,10.0,100.0,229,2290,0.7231441048034934,0.6871747967479676,0.5763461643958732,0.7574451219512195,0.7379912663755459,0.7432926829268293,0.6046270718232044,0.7711382113821138,0.7510917030567685,0.7322154471544715,0.609156511063868,0.7711382113821138,,,,
depression_extreme_binary,lstm,10m,10,test,10.0,100.0,229,2290,0.7231441048034934,0.6871747967479676,0.5763461643958732,0.7574451219512195,0.7379912663755459,0.7432926829268293,0.6046270718232044,0.7711382113821138,0.7510917030567685,0.7322154471544715,0.609156511063868,0.7711382113821138,0.6833297796730633,0.8514245575287945,0.6431433327211592,0.8363874025830047
depression_extreme_binary,lstm,10m,12,test,10.0,120.0,229,2748,0.7248908296943232,0.6945884146341463,0.5800091701054563,0.7560453364950317,0.7205240174672489,0.6967479674796748,0.578268876611418,0.7693089430894309,0.7248908296943232,0.6991869918699187,0.5816441931274466,0.7693089430894309,,,,
depression_extreme_binary,lstm,10m,12,test,10.0,120.0,229,2748,0.7248908296943232,0.6945884146341463,0.5800091701054563,0.7560453364950317,0.7205240174672489,0.6967479674796748,0.578268876611418,0.7693089430894309,0.7248908296943232,0.6991869918699187,0.5816441931274466,0.7693089430894309,0.6801652106072483,0.852635004728543,0.5912255881158487,0.7947154471544715
depression_extreme_binary,lstm,10m,16,test,10.0,160.0,229,3664,0.7270742358078602,0.6866107723577235,0.5783620562674915,0.759105849847561,0.7205240174672489,0.6967479674796748,0.578268876611418,0.7727642276422764,0.74235807860262,0.7273373983739837,0.601973781116512,0.7727642276422764,,,,
depression_extreme_binary,lstm,10m,16,test,10.0,160.0,229,3664,0.7270742358078602,0.6866107723577235,0.5783620562674915,0.759105849847561,0.7205240174672489,0.6967479674796748,0.578268876611418,0.7727642276422764,0.74235807860262,0.7273373983739837,0.601973781116512,0.7727642276422764,0.6897623389541492,0.8546026872604844,0.5932022504765206,0.7951717962236483
depression_extreme_binary,lstm,10m,2,test,10.0,20.0,229,458,0.7096069868995634,0.7090447154471544,0.5761472358487284,0.7835873983739838,0.7205240174672489,0.7335365853658536,0.5906145251396648,0.7951219512195122,0.7467248908296943,0.6929878048780488,0.5920761670761671,0.7951219512195122,,,,
depression_extreme_binary,lstm,10m,2,test,10.0,20.0,229,458,0.7096069868995634,0.7090447154471544,0.5761472358487284,0.7835873983739838,0.7205240174672489,0.7335365853658536,0.5906145251396648,0.7951219512195122,0.7467248908296943,0.6929878048780488,0.5920761670761671,0.7951219512195122,0.718451921427346,0.8622465422508526,0.6314434986519832,0.8249926307245387
depression_extreme_binary,lstm,10m,20,test,10.0,200.0,229,4580,0.7244541484716157,0.6888262195121951,0.5776858779518355,0.7589512195121951,0.7248908296943232,0.7175813008130081,0.5880001142302311,0.7717479674796748,0.7379912663755459,0.7065040650406504,0.5919458303635068,0.7717479674796748,,,,
depression_extreme_binary,lstm,10m,20,test,10.0,200.0,229,4580,0.7244541484716157,0.6888262195121951,0.5776858779518355,0.7589512195121951,0.7248908296943232,0.7175813008130081,0.5880001142302311,0.7717479674796748,0.7379912663755459,0.7065040650406504,0.5919458303635068,0.7717479674796748,0.6841296813818366,0.8528324375866853,0.6136094497607656,0.810578399122807
depression_extreme_binary,lstm,10m,25,test,10.0,250.0,229,5725,0.7241921397379912,0.682609756097561,0.57526889930122,0.757400325203252,0.7161572052401747,0.7127032520325203,0.5811879238063082,0.7703252032520326,0.7205240174672489,0.6967479674796748,0.578268876611418,0.7703252032520326,,,,
depression_extreme_binary,lstm,10m,25,test,10.0,250.0,229,5725,0.7241921397379912,0.682609756097561,0.57526889930122,0.757400325203252,0.7161572052401747,0.7127032520325203,0.5811879238063082,0.7703252032520326,0.7205240174672489,0.6967479674796748,0.578268876611418,0.7703252032520326,0.6829812697595766,0.8531016155646802,0.6100668801013228,0.8067778058453114
depression_extreme_binary,lstm,10m,3,test,10.0,30.0,229,687,0.7117903930131004,0.6980013550135502,0.5737038058466629,0.7682475158084915,0.7161572052401747,0.7310975609756097,0.5871814072163519,0.7841463414634147,0.7117903930131004,0.7286585365853658,0.583773959021811,0.7841463414634147,,,,
depression_extreme_binary,lstm,10m,3,test,10.0,30.0,229,687,0.7117903930131004,0.6980013550135502,0.5737038058466629,0.7682475158084915,0.7161572052401747,0.7310975609756097,0.5871814072163519,0.7841463414634147,0.7117903930131004,0.7286585365853658,0.583773959021811,0.7841463414634147,0.7005011444520458,0.8608025282550986,0.6296275352643405,0.8223463455149501
depression_extreme_binary,lstm,10m,30,test,10.0,300.0,229,6866,0.727060879697058,0.6863002585240626,0.5782990961682063,0.7579177513830134,0.7292576419213974,0.720020325203252,0.5914479742173112,0.7678861788617886,0.7379912663755459,0.7248983739837398,0.5984334814122048,0.7678861788617886,,,,
depression_extreme_binary,lstm,10m,30,test,10.0,300.0,229,6866,0.727060879697058,0.6863002585240626,0.5782990961682063,0.7579177513830134,0.7292576419213974,0.720020325203252,0.5914479742173112,0.7678861788617886,0.7379912663755459,0.7248983739837398,0.5984334814122048,0.7678861788617886,0.6788751023289962,0.8505739292015146,0.6161064234531946,0.8131202350739738
depression_extreme_binary,lstm,10m,4,test,10.0,40.0,229,916,0.7139737991266376,0.6884908536585366,0.5716509124139704,0.7618013211382114,0.7161572052401747,0.7127032520325203,0.5811879238063082,0.7774390243902439,0.7336244541484717,0.7040650406504065,0.5884813669170718,0.7774390243902439,,,,
depression_extreme_binary,lstm,10m,4,test,10.0,40.0,229,916,0.7139737991266376,0.6884908536585366,0.5716509124139704,0.7618013211382114,0.7161572052401747,0.7127032520325203,0.5811879238063082,0.7774390243902439,0.7336244541484717,0.7040650406504065,0.5884813669170718,0.7774390243902439,0.6942569726099672,0.8513843050971762,0.6098959448847006,0.8033643183334795
depression_extreme_binary,lstm,10m,40,test,10.0,400.0,229,9107,0.7260349181947953,0.6837674783151262,0.5773117323334793,0.7587378789738555,0.7292576419213974,0.720020325203252,0.5914479742173112,0.7691056910569105,0.7292576419213974,0.6832317073170732,0.5783440247089571,0.7691056910569105,,,,
depression_extreme_binary,lstm,10m,40,test,10.0,400.0,229,9107,0.7260349181947953,0.6837674783151262,0.5773117323334793,0.7587378789738555,0.7292576419213974,0.720020325203252,0.5914479742173112,0.7691056910569105,0.7292576419213974,0.6832317073170732,0.5783440247089571,0.7691056910569105,0.6790797044994806,0.851881237230866,0.6159035465548293,0.8134765202720093
depression_extreme_binary,lstm,10m,5,test,10.0,50.0,229,1145,0.7135371179039302,0.678130081300813,0.5677255985267036,0.7640975609756097,0.7074235807860262,0.7078252032520325,0.5744792966691628,0.7764227642276423,0.7074235807860262,0.7078252032520325,0.5744792966691628,0.7764227642276423,,,,
depression_extreme_binary,lstm,10m,5,test,10.0,50.0,229,1145,0.7135371179039302,0.678130081300813,0.5677255985267036,0.7640975609756097,0.7074235807860262,0.7078252032520325,0.5744792966691628,0.7764227642276423,0.7074235807860262,0.7078252032520325,0.5744792966691628,0.7764227642276423,0.6928933824723188,0.8550962022132796,0.6040561631351106,0.7999830425696243
depression_extreme_binary,lstm,10m,50,test,10.0,500.0,229,10761,0.731437598736177,0.6871270446413129,0.5842380484292716,0.761302662236588,0.7292576419213974,0.720020325203252,0.5914479742173112,0.7684959349593496,0.7336244541484717,0.7224593495934959,0.5949253298535595,0.7684959349593496,,,,
depression_extreme_binary,lstm,10m,50,test,10.0,500.0,229,10761,0.731437598736177,0.6871270446413129,0.5842380484292716,0.761302662236588,0.7292576419213974,0.720020325203252,0.5914479742173112,0.7684959349593496,0.7336244541484717,0.7224593495934959,0.5949253298535595,0.7684959349593496,0.6807180231845698,0.8515132262247449,0.6159035465548293,0.8134765202720093
depression_extreme_binary,lstm,10m,6,test,10.0,60.0,229,1374,0.7205240174672489,0.68755081300813,0.5750036247643904,0.758034101174345,0.7074235807860262,0.7078252032520325,0.5744792966691628,0.7705284552845528,0.7292576419213974,0.7016260162601626,0.5850479307926116,0.7705284552845528,,,,
depression_extreme_binary,lstm,10m,6,test,10.0,60.0,229,1374,0.7205240174672489,0.68755081300813,0.5750036247643904,0.758034101174345,0.7074235807860262,0.7078252032520325,0.5744792966691628,0.7705284552845528,0.7292576419213974,0.7016260162601626,0.5850479307926116,0.7705284552845528,0.6912820734974607,0.8449769035788772,0.6032331876917649,0.8040720949243827
depression_extreme_binary,lstm,10m,60,test,10.0,600.0,229,11271,0.7263774287995741,0.6894774992711883,0.5860083300072442,0.7619546848965718,0.7292576419213974,0.720020325203252,0.5914479742173112,0.7693089430894309,0.7379912663755459,0.7248983739837398,0.5984334814122048,0.7693089430894309,,,,
depression_extreme_binary,lstm,10m,60,test,10.0,600.0,229,11271,0.7263774287995741,0.6894774992711883,0.5860083300072442,0.7619546848965718,0.7292576419213974,0.720020325203252,0.5914479742173112,0.7693089430894309,0.7379912663755459,0.7248983739837398,0.5984334814122048,0.7693089430894309,0.6810311423650975,0.852000942897682,0.6159035465548293,0.8134765202720093
depression_extreme_binary,lstm,10m,8,test,10.0,80.0,229,1832,0.726528384279476,0.6909044715447155,0.5796192521990442,0.7661712398373984,0.7161572052401747,0.7127032520325203,0.5811879238063082,0.783130081300813,0.7248908296943232,0.6991869918699187,0.5816441931274466,0.783130081300813,,,,
depression_extreme_binary,lstm,10m,8,test,10.0,80.0,229,1832,0.726528384279476,0.6909044715447155,0.5796192521990442,0.7661712398373984,0.7161572052401747,0.7127032520325203,0.5811879238063082,0.783130081300813,0.7248908296943232,0.6991869918699187,0.5816441931274466,0.783130081300813,0.7041930895191765,0.8571466185210261,0.6088411670888451,0.8062526609657034
depression_extreme_binary,lstm,10m,80,test,10.0,800.0,229,11355,0.7248789079700573,0.6913392371255275,0.588372622163668,0.7629947864956356,0.7292576419213974,0.720020325203252,0.5914479742173112,0.7699186991869919,0.7336244541484717,0.7224593495934959,0.5949253298535595,0.7699186991869919,,,,
depression_extreme_binary,lstm,10m,80,test,10.0,800.0,229,11355,0.7248789079700573,0.6913392371255275,0.588372622163668,0.7629947864956356,0.7292576419213974,0.720020325203252,0.5914479742173112,0.7699186991869919,0.7336244541484717,0.7224593495934959,0.5949253298535595,0.7699186991869919,0.6810540361379913,0.8521199965493443,0.6159035465548293,0.8134765202720093
depression_extreme_binary,lstm,10m,all,test,10.0,,229,11355,0.7248789079700573,0.6913392371255275,0.588372622163668,0.7629947864956356,0.7292576419213974,0.720020325203252,0.5914479742173112,0.7699186991869919,0.7336244541484717,0.7224593495934959,0.5949253298535595,0.7699186991869919,,,,
depression_extreme_binary,lstm,10m,all,test,10.0,,229,11355,0.7248789079700573,0.6913392371255275,0.588372622163668,0.7629947864956356,0.7292576419213974,0.720020325203252,0.5914479742173112,0.7699186991869919,0.7336244541484717,0.7224593495934959,0.5949253298535595,0.7699186991869919,0.6810540361379913,0.8521199965493443,0.6159035465548293,0.8134765202720093
depression_extreme_binary,lstm,40m,1,test,40.0,40.0,229,229,0.7379912663755459,0.7248983739837398,0.5984334814122048,0.7928861788617886,0.7379912663755459,0.7248983739837398,0.5984334814122048,0.7928861788617886,0.7379912663755459,0.7248983739837398,0.5984334814122048,0.7928861788617886,,,,
depression_extreme_binary,lstm,40m,1,test,40.0,40.0,229,229,0.7379912663755459,0.7248983739837398,0.5984334814122048,0.7928861788617886,0.7379912663755459,0.7248983739837398,0.5984334814122048,0.7928861788617886,0.7379912663755459,0.7248983739837398,0.5984334814122048,0.7928861788617886,0.7123208333419976,0.8673799567950475,0.6202471021303257,0.8157555820474052
depression_extreme_binary,lstm,40m,10,test,40.0,400.0,229,2269,0.7285147642133099,0.6902271233776902,0.5814425382770706,0.7530834154756038,0.7336244541484717,0.7040650406504065,0.5884813669170718,0.7623983739837398,0.74235807860262,0.7089430894308943,0.5954427044345301,0.7623983739837398,,,,
depression_extreme_binary,lstm,40m,10,test,40.0,400.0,229,2269,0.7285147642133099,0.6902271233776902,0.5814425382770706,0.7530834154756038,0.7336244541484717,0.7040650406504065,0.5884813669170718,0.7623983739837398,0.74235807860262,0.7089430894308943,0.5954427044345301,0.7623983739837398,0.6690389384517973,0.8459723554136358,0.5948507083741752,0.8035762288786482
depression_extreme_binary,lstm,40m,12,test,40.0,480.0,229,2594,0.7343870470316114,0.6941597728114582,0.588359327478787,0.7544148969008521,0.7336244541484717,0.7040650406504065,0.5884813669170718,0.7632113821138211,0.74235807860262,0.7089430894308943,0.5954427044345301,0.7632113821138211,,,,
depression_extreme_binary,lstm,40m,12,test,40.0,480.0,229,2594,0.7343870470316114,0.6941597728114582,0.588359327478787,0.7544148969008521,0.7336244541484717,0.7040650406504065,0.5884813669170718,0.7632113821138211,0.74235807860262,0.7089430894308943,0.5954427044345301,0.7632113821138211,0.6691465635100143,0.8462120112192707,0.5948507083741752,0.8035762288786482
depression_extreme_binary,lstm,40m,16,test,40.0,640.0,229,2745,0.727504553734062,0.6981923235005849,0.5912120729473601,0.7569813304246104,0.7336244541484717,0.7040650406504065,0.5884813669170718,0.7607723577235772,0.74235807860262,0.7089430894308943,0.5954427044345301,0.7607723577235772,,,,
depression_extreme_binary,lstm,40m,16,test,40.0,640.0,229,2745,0.727504553734062,0.6981923235005849,0.5912120729473601,0.7569813304246104,0.7336244541484717,0.7040650406504065,0.5884813669170718,0.7607723577235772,0.74235807860262,0.7089430894308943,0.5954427044345301,0.7607723577235772,0.6650597459132906,0.8466341362126245,0.5948507083741752,0.8035762288786482
depression_extreme_binary,lstm,40m,2,test,40.0,80.0,229,458,0.7336244541484717,0.6948678861788617,0.5851449275362318,0.7619410569105691,0.74235807860262,0.7457317073170732,0.6082064665796723,0.760569105691057,0.7641921397379913,0.6475609756097561,0.5827935222672065,0.760569105691057,,,,
depression_extreme_binary,lstm,40m,2,test,40.0,80.0,229,458,0.7336244541484717,0.6948678861788617,0.5851449275362318,0.7619410569105691,0.74235807860262,0.7457317073170732,0.6082064665796723,0.760569105691057,0.7641921397379913,0.6475609756097561,0.5827935222672065,0.760569105691057,0.6729579478553407,0.8386663452347961,0.6419354541376658,0.8347909902259104
depression_extreme_binary,lstm,40m,20,test,40.0,800.0,229,2750,0.7276363636363636,0.7001913815878431,0.5931710810657604,0.7585010089138057,0.7336244541484717,0.7040650406504065,0.5884813669170718,0.7609756097560976,0.74235807860262,0.7089430894308943,0.5954427044345301,0.7609756097560976,,,,
depression_extreme_binary,lstm,40m,20,test,40.0,800.0,229,2750,0.7276363636363636,0.7001913815878431,0.5931710810657604,0.7585010089138057,0.7336244541484717,0.7040650406504065,0.5884813669170718,0.7609756097560976,0.74235807860262,0.7089430894308943,0.5954427044345301,0.7609756097560976,0.6655170944005743,0.8475107893942043,0.5948507083741752,0.8035762288786482
depression_extreme_binary,lstm,40m,3,test,40.0,120.0,229,687,0.7263464337700145,0.6938685636856369,0.5805860805860806,0.7503387533875339,0.7292576419213974,0.720020325203252,0.5914479742173112,0.7532520325203252,0.7205240174672489,0.6967479674796748,0.578268876611418,0.7532520325203252,,,,
depression_extreme_binary,lstm,40m,3,test,40.0,120.0,229,687,0.7263464337700145,0.6938685636856369,0.5805860805860806,0.7503387533875339,0.7292576419213974,0.720020325203252,0.5914479742173112,0.7532520325203252,0.7205240174672489,0.6967479674796748,0.578268876611418,0.7532520325203252,0.6586996273473106,0.8376354679802956,0.6153413887716336,0.8166369591904958
depression_extreme_binary,lstm,40m,4,test,40.0,160.0,229,916,0.7336244541484717,0.6948678861788617,0.5851449275362318,0.7571138211382114,0.7292576419213974,0.720020325203252,0.5914479742173112,0.7623983739837398,0.7554585152838428,0.6978658536585366,0.5991497874468618,0.7623983739837398,,,,
depression_extreme_binary,lstm,40m,4,test,40.0,160.0,229,916,0.7336244541484717,0.6948678861788617,0.5851449275362318,0.7571138211382114,0.7292576419213974,0.720020325203252,0.5914479742173112,0.7623983739837398,0.7554585152838428,0.6978658536585366,0.5991497874468618,0.7623983739837398,0.6694696162046909,0.8452941684941331,0.6140478056426332,0.8144601051392597
depression_extreme_binary,lstm,40m,5,test,40.0,200.0,229,1145,0.7275109170305677,0.6896138211382115,0.5797097357126721,0.7446178861788617,0.74235807860262,0.7273373983739837,0.601973781116512,0.7514227642276423,0.7292576419213974,0.6832317073170732,0.5783440247089571,0.7514227642276423,,,,
depression_extreme_binary,lstm,40m,5,test,40.0,200.0,229,1145,0.7275109170305677,0.6896138211382115,0.5797097357126721,0.7446178861788617,0.74235807860262,0.7273373983739837,0.601973781116512,0.7514227642276423,0.7292576419213974,0.6832317073170732,0.5783440247089571,0.7514227642276423,0.6539262168158345,0.8406707875457875,0.6231728558622288,0.8217029159154153
depression_extreme_binary,lstm,40m,6,test,40.0,240.0,229,1374,0.727802037845706,0.6793529810298102,0.5760770570998653,0.7519986449864499,0.7292576419213974,0.7016260162601626,0.5850479307926116,0.7607723577235773,0.7467248908296943,0.6929878048780488,0.5920761670761671,0.7607723577235773,,,,
depression_extreme_binary,lstm,40m,6,test,40.0,240.0,229,1374,0.727802037845706,0.6793529810298102,0.5760770570998653,0.7519986449864499,0.7292576419213974,0.7016260162601626,0.5850479307926116,0.7607723577235773,0.7467248908296943,0.6929878048780488,0.5920761670761671,0.7607723577235773,0.6687917758649708,0.8436741847212819,0.5935620240109732,0.8009266812963459
depression_extreme_binary,lstm,40m,8,test,40.0,320.0,229,1830,0.7273224043715847,0.6867559523809523,0.5786661105294946,0.7482479904354904,0.7379912663755459,0.7065040650406504,0.5919458303635068,0.7581300813008129,0.7467248908296943,0.7113821138211383,0.5989734299516908,0.7581300813008129,,,,
depression_extreme_binary,lstm,40m,8,test,40.0,320.0,229,1830,0.7273224043715847,0.6867559523809523,0.5786661105294946,0.7482479904354904,0.7379912663755459,0.7065040650406504,0.5919458303635068,0.7581300813008129,0.7467248908296943,0.7113821138211383,0.5989734299516908,0.7581300813008129,0.6666533404406539,0.8413591507177034,0.5972576634837626,0.8057936304301162
depression_extreme_binary,lstm,40m,all,test,40.0,,229,2750,0.7276363636363636,0.7001913815878431,0.5931710810657604,0.7585010089138057,0.7336244541484717,0.7040650406504065,0.5884813669170718,0.7609756097560976,0.74235807860262,0.7089430894308943,0.5954427044345301,0.7609756097560976,,,,
depression_extreme_binary,lstm,40m,all,test,40.0,,229,2750,0.7276363636363636,0.7001913815878431,0.5931710810657604,0.7585010089138057,0.7336244541484717,0.7040650406504065,0.5884813669170718,0.7609756097560976,0.74235807860262,0.7089430894308943,0.5954427044345301,0.7609756097560976,0.6655170944005743,0.8475107893942043,0.5948507083741752,0.8035762288786482
depression_extreme_binary,lstm,80m,1,test,80.0,80.0,229,229,0.74235807860262,0.6905487804878049,0.5885935263847021,0.8115853658536585,0.74235807860262,0.6905487804878049,0.5885935263847021,0.8115853658536585,0.74235807860262,0.6905487804878049,0.5885935263847021,0.8115853658536585,,,,
depression_extreme_binary,lstm,80m,1,test,80.0,80.0,229,229,0.74235807860262,0.6905487804878049,0.5885935263847021,0.8115853658536585,0.74235807860262,0.6905487804878049,0.5885935263847021,0.8115853658536585,0.74235807860262,0.6905487804878049,0.5885935263847021,0.8115853658536585,0.7232831697409223,0.8889895155971204,0.58518948848196,0.7950260223216127
depression_extreme_binary,lstm,80m,10,test,80.0,800.0,229,1323,0.7437641723356009,0.6477626948215184,0.5813732728615125,0.7424054522093738,0.7554585152838428,0.6610772357723578,0.5840685002594707,0.7439024390243902,0.7467248908296943,0.6010162601626017,0.551889338731444,0.7439024390243902,,,,
depression_extreme_binary,lstm,80m,10,test,80.0,800.0,229,1323,0.7437641723356009,0.6477626948215184,0.5813732728615125,0.7424054522093738,0.7554585152838428,0.6610772357723578,0.5840685002594707,0.7439024390243902,0.7467248908296943,0.6010162601626017,0.551889338731444,0.7439024390243902,0.6419031920825202,0.8407170099160947,0.5462186129838735,0.7689493543025536
depression_extreme_binary,lstm,80m,2,test,80.0,160.0,229,458,0.75764192139738,0.6806910569105691,0.5935658722608188,0.7682926829268293,0.7641921397379913,0.7027439024390244,0.6063789152024446,0.7845528455284553,0.7947598253275109,0.646239837398374,0.5990089788010879,0.7845528455284553,,,,
depression_extreme_binary,lstm,80m,2,test,80.0,160.0,229,458,0.75764192139738,0.6806910569105691,0.5935658722608188,0.7682926829268293,0.7641921397379913,0.7027439024390244,0.6063789152024446,0.7845528455284553,0.7947598253275109,0.646239837398374,0.5990089788010879,0.7845528455284553,0.6859419793343445,0.8701321138211382,0.5936813911719184,0.802049371134737
depression_extreme_binary,lstm,80m,3,test,80.0,240.0,229,687,0.75254730713246,0.6778455284552846,0.5894614735658043,0.7568654019873532,0.759825327510917,0.7370934959349593,0.6164854906976036,0.7678861788617886,0.7467248908296943,0.6745934959349593,0.5848337084271067,0.7678861788617886,,,,
depression_extreme_binary,lstm,80m,3,test,80.0,240.0,229,687,0.75254730713246,0.6778455284552846,0.5894614735658043,0.7568654019873532,0.759825327510917,0.7370934959349593,0.6164854906976036,0.7678861788617886,0.7467248908296943,0.6745934959349593,0.5848337084271067,0.7678861788617886,0.6640621196754565,0.8622182321600589,0.6280453967136785,0.8330678253421788
depression_extreme_binary,lstm,80m,4,test,80.0,320.0,229,915,0.7497267759562841,0.648695054945055,0.5756932055428094,0.7467058404558404,0.7379912663755459,0.6697154471544715,0.578009828009828,0.7548780487804878,0.7685589519650655,0.6132113821138212,0.5681551325386942,0.7548780487804878,,,,
depression_extreme_binary,lstm,80m,4,test,80.0,320.0,229,915,0.7497267759562841,0.648695054945055,0.5756932055428094,0.7467058404558404,0.7379912663755459,0.6697154471544715,0.578009828009828,0.7548780487804878,0.7685589519650655,0.6132113821138212,0.5681551325386942,0.7548780487804878,0.6581221585228662,0.8445745996977024,0.5562054793033053,0.7763333191469606
depression_extreme_binary,lstm,80m,5,test,80.0,400.0,229,1128,0.75177304964539,0.6628968253968255,0.5842722658635722,0.7464037698412699,0.7467248908296943,0.6745934959349593,0.5848337084271067,0.7540650406504066,0.74235807860262,0.6353658536585366,0.5659116465863454,0.7540650406504066,,,,
depression_extreme_binary,lstm,80m,5,test,80.0,400.0,229,1128,0.75177304964539,0.6628968253968255,0.5842722658635722,0.7464037698412699,0.7467248908296943,0.6745934959349593,0.5848337084271067,0.7540650406504066,0.74235807860262,0.6353658536585366,0.5659116465863454,0.7540650406504066,0.6540223640230074,0.8509461989302379,0.5609043726343949,0.7845785694640892
depression_extreme_binary,lstm,80m,6,test,80.0,480.0,229,1273,0.7517674783974863,0.6523606511616103,0.5821929190451263,0.7433037696826666,0.7467248908296943,0.65619918699187,0.5772217978100331,0.7459349593495935,0.74235807860262,0.5985772357723578,0.5487458668715139,0.7459349593495935,,,,
depression_extreme_binary,lstm,80m,6,test,80.0,480.0,229,1273,0.7517674783974863,0.6523606511616103,0.5821929190451263,0.7433037696826666,0.7467248908296943,0.65619918699187,0.5772217978100331,0.7459349593495935,0.74235807860262,0.5985772357723578,0.5487458668715139,0.7459349593495935,0.644359992554769,0.8424847280705082,0.5420426347327403,0.7652439024390244
depression_extreme_binary,lstm,80m,8,test,80.0,640.0,229,1321,0.7433762301286904,0.6446029320201505,0.5786283891547049,0.7410822437312503,0.7554585152838428,0.6610772357723578,0.5840685002594707,0.7441056910569105,0.7467248908296943,0.6010162601626017,0.551889338731444,0.7441056910569105,,,,
depression_extreme_binary,lstm,80m,8,test,80.0,640.0,229,1321,0.7433762301286904,0.6446029320201505,0.5786283891547049,0.7410822437312503,0.7554585152838428,0.6610772357723578,0.5840685002594707,0.7441056910569105,0.7467248908296943,0.6010162601626017,0.551889338731444,0.7441056910569105,0.6419031920825202,0.8410022801499378,0.5462186129838735,0.7689493543025536
depression_extreme_binary,lstm,80m,all,test,80.0,,229,1323,0.7437641723356009,0.6477626948215184,0.5813732728615125,0.7424054522093738,0.7554585152838428,0.6610772357723578,0.5840685002594707,0.7439024390243902,0.7467248908296943,0.6010162601626017,0.551889338731444,0.7439024390243902,,,,
depression_extreme_binary,lstm,80m,all,test,80.0,,229,1323,0.7437641723356009,0.6477626948215184,0.5813732728615125,0.7424054522093738,0.7554585152838428,0.6610772357723578,0.5840685002594707,0.7439024390243902,0.7467248908296943,0.6010162601626017,0.551889338731444,0.7439024390243902,0.6419031920825202,0.8407170099160947,0.5462186129838735,0.7689493543025536
depression_extreme_binary,lstm,120m,1,test,120.0,120.0,229,229,0.7336244541484717,0.7040650406504065,0.5884813669170718,0.7707317073170732,0.7336244541484717,0.7040650406504065,0.5884813669170718,0.7707317073170732,0.7336244541484717,0.7040650406504065,0.5884813669170718,0.7707317073170732,,,,
depression_extreme_binary,lstm,120m,1,test,120.0,120.0,229,229,0.7336244541484717,0.7040650406504065,0.5884813669170718,0.7707317073170732,0.7336244541484717,0.7040650406504065,0.5884813669170718,0.7707317073170732,0.7336244541484717,0.7040650406504065,0.5884813669170718,0.7707317073170732,0.6912061723295921,0.840191250562655,0.6010876623376624,0.805403311052982
depression_extreme_binary,lstm,120m,2,test,120.0,240.0,229,458,0.7314410480349345,0.6844512195121951,0.580032652696084,0.7482723577235773,0.7292576419213974,0.6832317073170732,0.5783440247089571,0.7479674796747967,0.7510917030567685,0.6218495934959349,0.5640426171470558,0.7479674796747967,,,,
depression_extreme_binary,lstm,120m,2,test,120.0,240.0,229,458,0.7314410480349345,0.6844512195121951,0.580032652696084,0.7482723577235773,0.7292576419213974,0.6832317073170732,0.5783440247089571,0.7479674796747967,0.7510917030567685,0.6218495934959349,0.5640426171470558,0.7479674796747967,0.6546016613541968,0.8350919008527703,0.5734080207950321,0.7915564319436602
depression_extreme_binary,lstm,120m,3,test,120.0,360.0,229,684,0.72953216374269,0.6834150326797386,0.5790069034350828,0.7458469498910676,0.7292576419213974,0.6832317073170732,0.5783440247089571,0.7477642276422765,0.7379912663755459,0.7065040650406504,0.5919458303635068,0.7477642276422765,,,,
depression_extreme_binary,lstm,120m,3,test,120.0,360.0,229,684,0.72953216374269,0.6834150326797386,0.5790069034350828,0.7458469498910676,0.7292576419213974,0.6832317073170732,0.5783440247089571,0.7477642276422765,0.7379912663755459,0.7065040650406504,0.5919458303635068,0.7477642276422765,0.6581785485096129,0.8353912506165567,0.5716814419962846,0.7870271870540668
depression_extreme_binary,lstm,120m,4,test,120.0,480.0,229,829,0.7334137515078407,0.6816760475297061,0.5847719417530738,0.7461657583608804,0.7292576419213974,0.6832317073170732,0.5783440247089571,0.7481707317073171,0.7336244541484717,0.6672764227642276,0.5746475442282513,0.7481707317073171,,,,
depression_extreme_binary,lstm,120m,4,test,120.0,480.0,229,829,0.7334137515078407,0.6816760475297061,0.5847719417530738,0.7461657583608804,0.7292576419213974,0.6832317073170732,0.5783440247089571,0.7481707317073171,0.7336244541484717,0.6672764227642276,0.5746475442282513,0.7481707317073171,0.6533153271848924,0.836126464279822,0.5716814419962846,0.7870271870540668
depression_extreme_binary,lstm,120m,5,test,120.0,600.0,229,850,0.7258823529411764,0.6720310464611376,0.5817309012268242,0.7436767260095528,0.7336244541484717,0.6856707317073171,0.5817288978051921,0.7477642276422765,0.7379912663755459,0.688109756097561,0.5851449275362318,0.7477642276422765,,,,
depression_extreme_binary,lstm,120m,5,test,120.0,600.0,229,850,0.7258823529411764,0.6720310464611376,0.5817309012268242,0.7436767260095528,0.7336244541484717,0.6856707317073171,0.5817288978051921,0.7477642276422765,0.7379912663755459,0.688109756097561,0.5851449275362318,0.7477642276422765,0.6496671670451117,0.8390622245695334,0.5759988627524926,0.7887160240736464
depression_extreme_binary,lstm,120m,6,test,120.0,720.0,229,851,0.7262044653349001,0.6740409413281754,0.5836114045237581,0.7451106812808941,0.7336244541484717,0.6856707317073171,0.5817288978051921,0.7477642276422765,0.7379912663755459,0.688109756097561,0.5851449275362318,0.7477642276422765,,,,
depression_extreme_binary,lstm,120m,6,test,120.0,720.0,229,851,0.7262044653349001,0.6740409413281754,0.5836114045237581,0.7451106812808941,0.7336244541484717,0.6856707317073171,0.5817288978051921,0.7477642276422765,0.7379912663755459,0.688109756097561,0.5851449275362318,0.7477642276422765,0.6496671670451117,0.8390622245695334,0.5759988627524926,0.7887160240736464
depression_extreme_binary,lstm,120m,all,test,120.0,,229,851,0.7262044653349001,0.6740409413281754,0.5836114045237581,0.7451106812808941,0.7336244541484717,0.6856707317073171,0.5817288978051921,0.7477642276422765,0.7379912663755459,0.688109756097561,0.5851449275362318,0.7477642276422765,,,,
depression_extreme_binary,lstm,120m,all,test,120.0,,229,851,0.7262044653349001,0.6740409413281754,0.5836114045237581,0.7451106812808941,0.7336244541484717,0.6856707317073171,0.5817288978051921,0.7477642276422765,0.7379912663755459,0.688109756097561,0.5851449275362318,0.7477642276422765,0.6496671670451117,0.8390622245695334,0.5759988627524926,0.7887160240736464
depression_extreme_binary,lstm,240m,1,test,240.0,240.0,229,229,0.7467248908296943,0.65619918699187,0.5772217978100331,0.7565040650406504,0.7467248908296943,0.65619918699187,0.5772217978100331,0.7565040650406504,0.7467248908296943,0.65619918699187,0.5772217978100331,0.7565040650406504,,,,
depression_extreme_binary,lstm,240m,1,test,240.0,240.0,229,229,0.7467248908296943,0.65619918699187,0.5772217978100331,0.7565040650406504,0.7467248908296943,0.65619918699187,0.5772217978100331,0.7565040650406504,0.7467248908296943,0.65619918699187,0.5772217978100331,0.7565040650406504,0.6579547180702394,0.8381168643180107,0.5477963854677803,0.762190509658743
depression_extreme_binary,lstm,240m,2,test,240.0,480.0,229,374,0.7486631016042781,0.6758940490409612,0.5957965415746873,0.7476287500878241,0.7510917030567685,0.6954268292682927,0.595594386095362,0.7504065040650407,0.7467248908296943,0.6378048780487805,0.5692138038401661,0.7504065040650407,,,,
depression_extreme_binary,lstm,240m,2,test,240.0,480.0,229,374,0.7486631016042781,0.6758940490409612,0.5957965415746873,0.7476287500878241,0.7510917030567685,0.6954268292682927,0.595594386095362,0.7504065040650407,0.7467248908296943,0.6378048780487805,0.5692138038401661,0.7504065040650407,0.6455800913146885,0.8430757683475353,0.5909813260052903,0.7973345251191786
depression_extreme_binary,lstm,240m,3,test,240.0,720.0,229,375,0.7493333333333333,0.680650920076902,0.6002676222443981,0.7489700631694589,0.7510917030567685,0.6954268292682927,0.595594386095362,0.7502032520325204,0.7467248908296943,0.6378048780487805,0.5692138038401661,0.7502032520325204,,,,
depression_extreme_binary,lstm,240m,3,test,240.0,720.0,229,375,0.7493333333333333,0.680650920076902,0.6002676222443981,0.7489700631694589,0.7510917030567685,0.6954268292682927,0.595594386095362,0.7502032520325204,0.7467248908296943,0.6378048780487805,0.5692138038401661,0.7502032520325204,0.6453092892879478,0.8411939101754924,0.5909813260052903,0.7973345251191786
depression_extreme_binary,lstm,240m,all,test,240.0,,229,375,0.7493333333333333,0.680650920076902,0.6002676222443981,0.7489700631694589,0.7510917030567685,0.6954268292682927,0.595594386095362,0.7502032520325204,0.7467248908296943,0.6378048780487805,0.5692138038401661,0.7502032520325204,,,,
depression_extreme_binary,lstm,240m,all,test,240.0,,229,375,0.7493333333333333,0.680650920076902,0.6002676222443981,0.7489700631694589,0.7510917030567685,0.6954268292682927,0.595594386095362,0.7502032520325204,0.7467248908296943,0.6378048780487805,0.5692138038401661,0.7502032520325204,0.6453092892879478,0.8411939101754924,0.5909813260052903,0.7973345251191786
osa_binary_apples_postqc,lstm,30s,1,test,0.5,0.5,161,161,0.7329192546583851,0.4818508829300196,0.4824699110413396,0.5546108567691301,0.7329192546583851,0.4818508829300196,0.4824699110413396,0.5546108567691301,0.7329192546583851,0.4818508829300196,0.4824699110413396,0.5546108567691301,,,,
osa_binary_apples_postqc,lstm,30s,1,test,0.5,0.5,161,161,0.7329192546583851,0.4818508829300196,0.4824699110413396,0.5546108567691301,0.7329192546583851,0.4818508829300196,0.4824699110413396,0.5546108567691301,0.7329192546583851,0.4818508829300196,0.4824699110413396,0.5546108567691301,0.4251771240411058,0.6816197292111803,0.4090860528360528,0.565536750483559
osa_binary_apples_postqc,lstm,30s,10,test,0.5,5.0,161,1610,0.7627329192546584,0.5871157619359058,0.5712126409374729,0.6789764551994768,0.8385093167701864,0.5621321124918247,0.5725081699346406,0.7596468279921518,0.8198757763975155,0.6087311968606932,0.610819371509544,0.7596468279921518,,,,
osa_binary_apples_postqc,lstm,30s,10,test,0.5,5.0,161,1610,0.7627329192546584,0.5871157619359058,0.5712126409374729,0.6789764551994768,0.8385093167701864,0.5621321124918247,0.5725081699346406,0.7596468279921518,0.8198757763975155,0.6087311968606932,0.610819371509544,0.7596468279921518,0.6457422254616133,0.8557848139255702,0.4858928571428571,0.6452224264705883
osa_binary_apples_postqc,lstm,30s,100,test,0.5,50.0,161,16100,0.7605590062111801,0.581265533028123,0.566437801831587,0.6815728090255069,0.8571428571428571,0.5729234793982996,0.5895133577208734,0.7599738391105297,0.8571428571428571,0.5729234793982996,0.5895133577208734,0.7599738391105297,,,,
osa_binary_apples_postqc,lstm,30s,100,test,0.5,50.0,161,16100,0.7605590062111801,0.581265533028123,0.566437801831587,0.6815728090255069,0.8571428571428571,0.5729234793982996,0.5895133577208734,0.7599738391105297,0.8571428571428571,0.5729234793982996,0.5895133577208734,0.7599738391105297,0.662576530612245,0.842329946203465,0.4946087647706486,0.6563931781045751
osa_binary_apples_postqc,lstm,30s,12,test,0.5,6.0,161,1932,0.7608695652173914,0.5793410725964683,0.5652311145402258,0.6722667320688903,0.84472049689441,0.565729234793983,0.5779595260564119,0.7517985611510791,0.8322981366459627,0.5967952910398954,0.6061429736341397,0.7517985611510791,,,,
osa_binary_apples_postqc,lstm,30s,12,test,0.5,6.0,161,1932,0.7608695652173914,0.5793410725964683,0.5652311145402258,0.6722667320688903,0.84472049689441,0.565729234793983,0.5779595260564119,0.7517985611510791,0.8322981366459627,0.5967952910398954,0.6061429736341397,0.7517985611510791,0.6488202614379085,0.8411271834741222,0.4877502521821476,0.6497157248881387
osa_binary_apples_postqc,lstm,30s,120,test,0.5,60.0,161,19320,0.7619565217391304,0.5818835840418575,0.5673711808396195,0.6861281429401933,0.8571428571428571,0.5537933289731851,0.5641991291043897,0.7733812949640289,0.8571428571428571,0.5729234793982996,0.5895133577208734,0.7733812949640289,,,,
osa_binary_apples_postqc,lstm,30s,120,test,0.5,60.0,161,19320,0.7619565217391304,0.5818835840418575,0.5673711808396195,0.6861281429401933,0.8571428571428571,0.5537933289731851,0.5641991291043897,0.7733812949640289,0.8571428571428571,0.5729234793982996,0.5895133577208734,0.7733812949640289,0.6761022610483043,0.8553158742949234,0.4869117647058824,0.6296984126767831
osa_binary_apples_postqc,lstm,30s,16,test,0.5,8.0,161,2576,0.7736801242236024,0.5915426749509484,0.578471452104502,0.6867795536298235,0.8633540372670807,0.5573904512753434,0.5697278911564626,0.7877697841726619,0.8509316770186336,0.5693263570961413,0.5836206896551724,0.7877697841726619,,,,
osa_binary_apples_postqc,lstm,30s,16,test,0.5,8.0,161,2576,0.7736801242236024,0.5915426749509484,0.578471452104502,0.6867795536298235,0.8633540372670807,0.5573904512753434,0.5697278911564626,0.7877697841726619,0.8509316770186336,0.5693263570961413,0.5836206896551724,0.7877697841726619,0.7009454873425462,0.8643456536432216,0.4928518907563025,0.6358156028368794
osa_binary_apples_postqc,lstm,30s,160,test,0.5,80.0,161,25760,0.763664596273292,0.5814380313930674,0.5676880887255442,0.6823732257092054,0.8633540372670807,0.5765206017004578,0.5956621004566209,0.7635709614126881,0.8695652173913043,0.5992478744277305,0.625207848353841,0.7635709614126881,,,,
osa_binary_apples_postqc,lstm,30s,160,test,0.5,80.0,161,25760,0.763664596273292,0.5814380313930674,0.5676880887255442,0.6823732257092054,0.8633540372670807,0.5765206017004578,0.5956621004566209,0.7635709614126881,0.8695652173913043,0.5992478744277305,0.625207848353841,0.7635709614126881,0.6606274424663482,0.8509116864831039,0.5059332971513291,0.6638457986028972
osa_binary_apples_postqc,lstm,30s,2,test,0.5,1.0,161,322,0.7608695652173914,0.5362982341399607,0.5327088712565258,0.6147809025506867,0.8012422360248447,0.5022890778286462,0.4996114996114995,0.6301504251144538,0.6956521739130435,0.5750490516677567,0.5382499268364062,0.6301504251144538,,,,
osa_binary_apples_postqc,lstm,30s,2,test,0.5,1.0,161,322,0.7608695652173914,0.5362982341399607,0.5327088712565258,0.6147809025506867,0.8012422360248447,0.5022890778286462,0.4996114996114995,0.6301504251144538,0.6956521739130435,0.5750490516677567,0.5382499268364062,0.6301504251144538,0.5030248522766771,0.7449560036571855,0.4456503253475303,0.5742665162655971
osa_binary_apples_postqc,lstm,30s,20,test,0.5,10.0,161,3220,0.7692546583850932,0.5755886200130804,0.5655108851104401,0.6759278940483977,0.8571428571428571,0.5537933289731851,0.5641991291043897,0.750490516677567,0.8385093167701864,0.5430019620667103,0.5489224137931035,0.750490516677567,,,,
osa_binary_apples_postqc,lstm,30s,20,test,0.5,10.0,161,3220,0.7692546583850932,0.5755886200130804,0.5655108851104401,0.6759278940483977,0.8571428571428571,0.5537933289731851,0.5641991291043897,0.750490516677567,0.8385093167701864,0.5430019620667103,0.5489224137931035,0.750490516677567,0.6576172312461364,0.8355197328533988,0.4893578754018062,0.6297029865028203
osa_binary_apples_postqc,lstm,30s,200,test,0.5,100.0,161,32200,0.7606211180124224,0.5801536952256376,0.5656999873817303,0.6807930305755396,0.8633540372670807,0.5765206017004578,0.5956621004566209,0.7596468279921518,0.8571428571428571,0.5729234793982996,0.5895133577208734,0.7596468279921518,,,,
osa_binary_apples_postqc,lstm,30s,200,test,0.5,100.0,161,32200,0.7606211180124224,0.5801536952256376,0.5656999873817303,0.6807930305755396,0.8633540372670807,0.5765206017004578,0.5956621004566209,0.7596468279921518,0.8571428571428571,0.5729234793982996,0.5895133577208734,0.7596468279921518,0.6563704630788485,0.8443911236517291,0.4981183196796614,0.6625964109419992
osa_binary_apples_postqc,lstm,30s,25,test,0.5,12.5,161,4025,0.7629813664596273,0.5926160889470242,0.574969648990912,0.6862718116415959,0.8571428571428571,0.592053629823414,0.611722763971899,0.7759973839110529,0.8757763975155279,0.6219751471550032,0.6530172413793103,0.7759973839110529,,,,
osa_binary_apples_postqc,lstm,30s,25,test,0.5,12.5,161,4025,0.7629813664596273,0.5926160889470242,0.574969648990912,0.6862718116415959,0.8571428571428571,0.592053629823414,0.611722763971899,0.7759973839110529,0.8757763975155279,0.6219751471550032,0.6530172413793103,0.7759973839110529,0.6723848039215686,0.864209930019154,0.5093411731130809,0.6885212418300654
osa_binary_apples_postqc,lstm,30s,250,test,0.5,125.0,161,40250,0.7622608695652174,0.5826337475474166,0.5679962615692777,0.6875308227599738,0.8633540372670807,0.5765206017004578,0.5956621004566209,0.7733812949640287,0.8571428571428571,0.5729234793982996,0.5895133577208734,0.7733812949640287,,,,
osa_binary_apples_postqc,lstm,30s,250,test,0.5,125.0,161,40250,0.7622608695652174,0.5826337475474166,0.5679962615692777,0.6875308227599738,0.8633540372670807,0.5765206017004578,0.5956621004566209,0.7733812949640287,0.8571428571428571,0.5729234793982996,0.5895133577208734,0.7733812949640287,0.6719978670342248,0.8581568690388849,0.5059332971513291,0.6638457986028972
osa_binary_apples_postqc,lstm,30s,3,test,0.5,1.5,161,483,0.7598343685300207,0.5739590146064966,0.5611292141872415,0.6377443499745659,0.8136645962732919,0.566873773708306,0.571808510638298,0.6792020928711575,0.8260869565217391,0.6123283191628516,0.6166666666666667,0.6792020928711575,,,,
osa_binary_apples_postqc,lstm,30s,3,test,0.5,1.5,161,483,0.7598343685300207,0.5739590146064966,0.5611292141872415,0.6377443499745659,0.8136645962732919,0.566873773708306,0.571808510638298,0.6792020928711575,0.8260869565217391,0.6123283191628516,0.6166666666666667,0.6792020928711575,0.5706039867280727,0.7828298739807265,0.4814399537244365,0.6655059523809523
osa_binary_apples_postqc,lstm,30s,30,test,0.5,15.0,161,4830,0.7587991718426501,0.5803738827120122,0.5651900434667001,0.6834972022382094,0.8695652173913043,0.5992478744277305,0.625207848353841,0.7678221059516024,0.8571428571428571,0.592053629823414,0.611722763971899,0.7678221059516024,,,,
osa_binary_apples_postqc,lstm,30s,30,test,0.5,15.0,161,4830,0.7587991718426501,0.5803738827120122,0.5651900434667001,0.6834972022382094,0.8695652173913043,0.5992478744277305,0.625207848353841,0.7678221059516024,0.8571428571428571,0.592053629823414,0.611722763971899,0.7678221059516024,0.6714555184552466,0.8551370012333844,0.5127853881278539,0.6930382966354188
osa_binary_apples_postqc,lstm,30s,320,test,0.5,160.0,161,51520,0.7623835403726708,0.583027612001308,0.568310648507592,0.6869939598747139,0.8695652173913043,0.5992478744277305,0.625207848353841,0.7697841726618705,0.8633540372670807,0.5956507521255723,0.6183189655172414,0.7697841726618705,,,,
osa_binary_apples_postqc,lstm,30s,320,test,0.5,160.0,161,51520,0.7623835403726708,0.583027612001308,0.568310648507592,0.6869939598747139,0.8695652173913043,0.5992478744277305,0.625207848353841,0.7697841726618705,0.8633540372670807,0.5956507521255723,0.6183189655172414,0.7697841726618705,0.6676694411223848,0.8542674706529714,0.5162100456621005,0.6931657699991935
osa_binary_apples_postqc,lstm,30s,4,test,0.5,2.0,161,644,0.7639751552795031,0.5524444081098757,0.5464368455194143,0.652693754087639,0.8385093167701864,0.5047416612164813,0.4914965986394557,0.6795291039895357,0.7701863354037267,0.5225637671680837,0.5221018852787805,0.6795291039895357,,,,
osa_binary_apples_postqc,lstm,30s,4,test,0.5,2.0,161,644,0.7639751552795031,0.5524444081098757,0.5464368455194143,0.652693754087639,0.8385093167701864,0.5047416612164813,0.4914965986394557,0.6795291039895357,0.7701863354037267,0.5225637671680837,0.5221018852787805,0.6795291039895357,0.5688985119881832,0.7815810127242386,0.4694637015111388,0.5623806936306935
osa_binary_apples_postqc,lstm,30s,40,test,0.5,20.0,161,6440,0.7600931677018633,0.5721958796599085,0.559976049833117,0.683654451438849,0.8571428571428571,0.592053629823414,0.611722763971899,0.7625899280575541,0.8322981366459627,0.5585349901896665,0.5672473867595819,0.7625899280575541,,,,
osa_binary_apples_postqc,lstm,30s,40,test,0.5,20.0,161,6440,0.7600931677018633,0.5721958796599085,0.559976049833117,0.683654451438849,0.8571428571428571,0.592053629823414,0.611722763971899,0.7625899280575541,0.8322981366459627,0.5585349901896665,0.5672473867595819,0.7625899280575541,0.6719388807035103,0.8446844876590381,0.5108092213866471,0.6863047236942973
osa_binary_apples_postqc,lstm,30s,400,test,0.5,200.0,161,64400,0.7625,0.5818635546108568,0.5675563671301449,0.6857066250408763,0.8695652173913043,0.5992478744277305,0.625207848353841,0.7665140614780902,0.8633540372670807,0.5956507521255723,0.6183189655172414,0.7665140614780902,,,,
osa_binary_apples_postqc,lstm,30s,400,test,0.5,200.0,161,64400,0.7625,0.5818635546108568,0.5675563671301449,0.6857066250408763,0.8695652173913043,0.5992478744277305,0.625207848353841,0.7665140614780902,0.8633540372670807,0.5956507521255723,0.6183189655172414,0.7665140614780902,0.6620947077954076,0.8535173512437562,0.5162100456621005,0.6931657699991935
osa_binary_apples_postqc,lstm,30s,5,test,0.5,2.5,161,805,0.760248447204969,0.5780248528449967,0.5641018447078628,0.6607455853499019,0.8074534161490683,0.5441465009810333,0.5477937845429012,0.7148463047743622,0.8012422360248447,0.5596795291039895,0.5619047619047619,0.7148463047743622,,,,
osa_binary_apples_postqc,lstm,30s,5,test,0.5,2.5,161,805,0.760248447204969,0.5780248528449967,0.5641018447078628,0.6607455853499019,0.8074534161490683,0.5441465009810333,0.5477937845429012,0.7148463047743622,0.8012422360248447,0.5596795291039895,0.5619047619047619,0.7148463047743622,0.605100060572174,0.8153633692696192,0.4697296756293758,0.6332671275555698
osa_binary_apples_postqc,lstm,30s,50,test,0.5,25.0,161,8050,0.7634782608695653,0.5883126226291694,0.5723028896510649,0.6830136690647481,0.8509316770186336,0.5693263570961413,0.5836206896551724,0.7720732504905167,0.8571428571428571,0.5729234793982996,0.5895133577208734,0.7720732504905167,,,,
osa_binary_apples_postqc,lstm,30s,50,test,0.5,25.0,161,8050,0.7634782608695653,0.5883126226291694,0.5723028896510649,0.6830136690647481,0.8509316770186336,0.5693263570961413,0.5836206896551724,0.7720732504905167,0.8571428571428571,0.5729234793982996,0.5895133577208734,0.7720732504905167,0.6775444344404429,0.8578646335660918,0.4981269016227181,0.6573155028855513
osa_binary_apples_postqc,lstm,30s,500,test,0.5,250.0,161,80500,0.7629565217391304,0.5843374754741661,0.5694167643006954,0.689123947678221,0.8633540372670807,0.5765206017004578,0.5956621004566209,0.775343361674297,0.8633540372670807,0.5765206017004578,0.5956621004566209,0.775343361674297,,,,
osa_binary_apples_postqc,lstm,30s,500,test,0.5,250.0,161,80500,0.7629565217391304,0.5843374754741661,0.5694167643006954,0.689123947678221,0.8633540372670807,0.5765206017004578,0.5956621004566209,0.775343361674297,0.8633540372670807,0.5765206017004578,0.5956621004566209,0.775343361674297,0.675700338509052,0.860546549976551,0.5059332971513291,0.6638457986028972
osa_binary_apples_postqc,lstm,30s,6,test,0.5,3.0,161,966,0.7629399585921325,0.5534390669282756,0.5469405059117245,0.6370630768112782,0.8322981366459627,0.5202746893394375,0.5181243764549384,0.6962066710268149,0.8136645962732919,0.566873773708306,0.571808510638298,0.6962066710268149,,,,
osa_binary_apples_postqc,lstm,30s,6,test,0.5,3.0,161,966,0.7629399585921325,0.5534390669282756,0.5469405059117245,0.6370630768112782,0.8322981366459627,0.5202746893394375,0.5181243764549384,0.6962066710268149,0.8136645962732919,0.566873773708306,0.571808510638298,0.6962066710268149,0.5769223200228998,0.8085165528445026,0.4676200344072568,0.589887041773231
osa_binary_apples_postqc,lstm,30s,60,test,0.5,30.0,161,9660,0.7649068322981366,0.5858240680183127,0.5711622544686408,0.6858084895719787,0.84472049689441,0.527468933943754,0.5263034012004236,0.7681491170699805,0.8509316770186336,0.5501962066710269,0.5589041095890411,0.7681491170699805,,,,
osa_binary_apples_postqc,lstm,30s,60,test,0.5,30.0,161,9660,0.7649068322981366,0.5858240680183127,0.5711622544686408,0.6858084895719787,0.84472049689441,0.527468933943754,0.5263034012004236,0.7681491170699805,0.8509316770186336,0.5501962066710269,0.5589041095890411,0.7681491170699805,0.6721175369311779,0.8535501518015696,0.475520166453265,0.5964706806196168
osa_binary_apples_postqc,lstm,30s,8,test,0.5,4.0,161,1288,0.7546583850931677,0.568570143884892,0.5556196091276341,0.6559280984303467,0.8260869565217391,0.5740680183126227,0.5822831727205338,0.7151733158927405,0.7701863354037267,0.5416939175931982,0.539110251450677,0.7151733158927405,,,,
osa_binary_apples_postqc,lstm,30s,8,test,0.5,4.0,161,1288,0.7546583850931677,0.568570143884892,0.5556196091276341,0.6559280984303467,0.8260869565217391,0.5740680183126227,0.5822831727205338,0.7151733158927405,0.7701863354037267,0.5416939175931982,0.539110251450677,0.7151733158927405,0.6073221788715486,0.810517503805175,0.489296568627451,0.6711207174459192
osa_binary_apples_postqc,lstm,30s,80,test,0.5,40.0,161,12880,0.7659937888198758,0.5882868705035971,0.5732533122833086,0.6892007899362328,0.8633540372670807,0.5765206017004578,0.5956621004566209,0.7740353172007849,0.8571428571428571,0.592053629823414,0.611722763971899,0.7740353172007849,,,,
osa_binary_apples_postqc,lstm,30s,80,test,0.5,40.0,161,12880,0.7659937888198758,0.5882868705035971,0.5732533122833086,0.6892007899362328,0.8633540372670807,0.5765206017004578,0.5956621004566209,0.7740353172007849,0.8571428571428571,0.592053629823414,0.611722763971899,0.7740353172007849,0.6764066496163684,0.8564549071158486,0.5059332971513291,0.6638457986028972
osa_binary_apples_postqc,lstm,30s,all,test,0.5,,161,160870,0.7648225275066824,0.5842806886911028,0.5680145748008831,0.6867765916732913,0.8633540372670807,0.5765206017004578,0.5956621004566209,0.7691301504251143,0.8633540372670807,0.5765206017004578,0.5956621004566209,0.7691301504251143,,,,
osa_binary_apples_postqc,lstm,30s,all,test,0.5,,161,160870,0.7648225275066824,0.5842806886911028,0.5680145748008831,0.6867765916732913,0.8633540372670807,0.5765206017004578,0.5956621004566209,0.7691301504251143,0.8633540372670807,0.5765206017004578,0.5956621004566209,0.7691301504251143,0.6677196537022887,0.8549920473508552,0.5059332971513291,0.6638457986028972
osa_binary_apples_postqc,lstm,10m,1,test,10.0,10.0,161,161,0.8509316770186336,0.4928057553956834,0.4597315436241611,0.6213211249182472,0.8509316770186336,0.4928057553956834,0.4597315436241611,0.6213211249182472,0.8509316770186336,0.4928057553956834,0.4597315436241611,0.6213211249182472,,,,
osa_binary_apples_postqc,lstm,10m,1,test,10.0,10.0,161,161,0.8509316770186336,0.4928057553956834,0.4597315436241611,0.6213211249182472,0.8509316770186336,0.4928057553956834,0.4597315436241611,0.6213211249182472,0.8509316770186336,0.4928057553956834,0.4597315436241611,0.6213211249182472,0.4798173249399262,0.7621574418992549,0.4820111302262538,0.5
osa_binary_apples_postqc,lstm,10m,10,test,10.0,100.0,161,1610,0.7950310559006211,0.598168737737083,0.5918113343228816,0.7193083714846306,0.8695652173913043,0.5992478744277305,0.625207848353841,0.8237410071942445,0.8509316770186336,0.6075866579463702,0.6247086247086246,0.8237410071942445,,,,
osa_binary_apples_postqc,lstm,10m,10,test,10.0,100.0,161,1610,0.7950310559006211,0.598168737737083,0.5918113343228816,0.7193083714846306,0.8695652173913043,0.5992478744277305,0.625207848353841,0.8237410071942445,0.8509316770186336,0.6075866579463702,0.6247086247086246,0.8237410071942445,0.7356746305013057,0.8985330638878068,0.5143592772215269,0.7034900458180212
osa_binary_apples_postqc,lstm,10m,12,test,10.0,120.0,161,1932,0.7924430641821946,0.5864671898844561,0.5819001037786099,0.7084446079500035,0.8757763975155279,0.5645846958796599,0.5816008316008316,0.8073904512753434,0.8509316770186336,0.5693263570961413,0.5836206896551724,0.8073904512753434,,,,
osa_binary_apples_postqc,lstm,10m,12,test,10.0,120.0,161,1932,0.7924430641821946,0.5864671898844561,0.5819001037786099,0.7084446079500035,0.8757763975155279,0.5645846958796599,0.5816008316008316,0.8073904512753434,0.8509316770186336,0.5693263570961413,0.5836206896551724,0.8073904512753434,0.714616329437758,0.8842680401133638,0.5,0.6429247714156585
osa_binary_apples_postqc,lstm,10m,16,test,10.0,160.0,161,2576,0.7841614906832298,0.5916346468279922,0.5826365892351143,0.7149472183616743,0.84472049689441,0.5465990843688686,0.553818867087906,0.8100065402223676,0.8260869565217391,0.5358077174623936,0.5396241830065359,0.8100065402223676,,,,
osa_binary_apples_postqc,lstm,10m,16,test,10.0,160.0,161,2576,0.7841614906832298,0.5916346468279922,0.5826365892351143,0.7149472183616743,0.84472049689441,0.5465990843688686,0.553818867087906,0.8100065402223676,0.8260869565217391,0.5358077174623936,0.5396241830065359,0.8100065402223676,0.7230235801217039,0.882984993997599,0.4790135396518375,0.6321556122448979
osa_binary_apples_postqc,lstm,10m,2,test,10.0,20.0,161,322,0.8198757763975155,0.5609058207979071,0.56736471460341,0.6714355788096795,0.8757763975155279,0.5837148463047743,0.608843537414966,0.7289077828646173,0.7763975155279503,0.6218116415958143,0.599502487562189,0.7289077828646173,,,,
osa_binary_apples_postqc,lstm,10m,2,test,10.0,20.0,161,322,0.8198757763975155,0.5609058207979071,0.56736471460341,0.6714355788096795,0.8757763975155279,0.5837148463047743,0.608843537414966,0.7289077828646173,0.7763975155279503,0.6218116415958143,0.599502487562189,0.7289077828646173,0.6130117574520559,0.8357429314795617,0.5144894773358003,0.6714539007092198
osa_binary_apples_postqc,lstm,10m,20,test,10.0,200.0,161,3220,0.7869565217391304,0.5973185088293002,0.5878692985277688,0.7258420536298233,0.8509316770186336,0.5501962066710269,0.5589041095890411,0.8397645519947678,0.8385093167701864,0.5812622629169392,0.5934343434343434,0.8397645519947678,,,,
osa_binary_apples_postqc,lstm,10m,20,test,10.0,200.0,161,3220,0.7869565217391304,0.5973185088293002,0.5878692985277688,0.7258420536298233,0.8509316770186336,0.5501962066710269,0.5589041095890411,0.8397645519947678,0.8385093167701864,0.5812622629169392,0.5934343434343434,0.8397645519947678,0.7527143357342937,0.9088738039245758,0.4826388888888889,0.6366894545226849
osa_binary_apples_postqc,lstm,10m,25,test,10.0,250.0,161,4025,0.7863354037267081,0.5931327665140615,0.5845834433430143,0.7146035317200784,0.8571428571428571,0.5537933289731851,0.5641991291043897,0.8165467625899281,0.8509316770186336,0.5693263570961413,0.5836206896551724,0.8165467625899281,,,,
osa_binary_apples_postqc,lstm,10m,25,test,10.0,250.0,161,4025,0.7863354037267081,0.5931327665140615,0.5845834433430143,0.7146035317200784,0.8571428571428571,0.5537933289731851,0.5641991291043897,0.8165467625899281,0.8509316770186336,0.5693263570961413,0.5836206896551724,0.8165467625899281,0.7277198721551273,0.8914616325285644,0.4853987762988407,0.640336467920727
osa_binary_apples_postqc,lstm,10m,3,test,10.0,30.0,161,483,0.8074534161490683,0.5696533682145193,0.5727086801426873,0.6792020928711577,0.8881987577639752,0.6100392413342054,0.6479591836734694,0.750163505559189,0.8509316770186336,0.5501962066710269,0.5589041095890411,0.750163505559189,,,,
osa_binary_apples_postqc,lstm,10m,3,test,10.0,30.0,161,483,0.8074534161490683,0.5696533682145193,0.5727086801426873,0.6792020928711577,0.8881987577639752,0.6100392413342054,0.6479591836734694,0.750163505559189,0.8509316770186336,0.5501962066710269,0.5589041095890411,0.750163505559189,0.6314604332576721,0.8517750197005516,0.524353448275862,0.7070259282490564
osa_binary_apples_postqc,lstm,10m,30,test,10.0,300.0,161,4830,0.7821946169772257,0.5875463265751035,0.5788918499698827,0.7156047888961559,0.8633540372670807,0.5765206017004578,0.5956621004566209,0.8122956180510137,0.8385093167701864,0.5430019620667103,0.5489224137931035,0.8122956180510137,,,,
osa_binary_apples_postqc,lstm,10m,30,test,10.0,300.0,161,4830,0.7821946169772257,0.5875463265751035,0.5788918499698827,0.7156047888961559,0.8633540372670807,0.5765206017004578,0.5956621004566209,0.8122956180510137,0.8385093167701864,0.5430019620667103,0.5489224137931035,0.8122956180510137,0.723021582733813,0.887869910184705,0.4987878151260504,0.668102657411565
osa_binary_apples_postqc,lstm,10m,4,test,10.0,40.0,161,644,0.8059006211180124,0.5862900588620014,0.58670260557053,0.6978008502289077,0.8571428571428571,0.5537933289731851,0.5641991291043897,0.803793328973185,0.8322981366459627,0.5967952910398954,0.6061429736341397,0.803793328973185,,,,
osa_binary_apples_postqc,lstm,10m,4,test,10.0,40.0,161,644,0.8059006211180124,0.5862900588620014,0.58670260557053,0.6978008502289077,0.8571428571428571,0.5537933289731851,0.5641991291043897,0.803793328973185,0.8322981366459627,0.5967952910398954,0.6061429736341397,0.803793328973185,0.7026682164205793,0.8851063829787233,0.4867482548773939,0.629758071331981
osa_binary_apples_postqc,lstm,10m,40,test,10.0,400.0,161,6439,0.785991613604597,0.594485844771282,0.5853625916385973,0.7167914814905755,0.8633540372670807,0.5765206017004578,0.5956621004566209,0.8106605624591237,0.8571428571428571,0.5729234793982996,0.5895133577208734,0.8106605624591237,,,,
osa_binary_apples_postqc,lstm,10m,40,test,10.0,400.0,161,6439,0.785991613604597,0.594485844771282,0.5853625916385973,0.7167914814905755,0.8633540372670807,0.5765206017004578,0.5956621004566209,0.8106605624591237,0.8571428571428571,0.5729234793982996,0.5895133577208734,0.8106605624591237,0.7177083333333333,0.8862633900441083,0.5011445389143231,0.666606436866815
osa_binary_apples_postqc,lstm,10m,5,test,10.0,50.0,161,805,0.8012422360248447,0.5941137998691955,0.5912356869017696,0.7077567037279267,0.84472049689441,0.5465990843688686,0.553818867087906,0.8230869849574886,0.8322981366459627,0.5202746893394375,0.5181243764549384,0.8230869849574886,,,,
osa_binary_apples_postqc,lstm,10m,5,test,10.0,50.0,161,805,0.8012422360248447,0.5941137998691955,0.5912356869017696,0.7077567037279267,0.84472049689441,0.5465990843688686,0.553818867087906,0.8230869849574886,0.8322981366459627,0.5202746893394375,0.5181243764549384,0.8230869849574886,0.7324784747517182,0.8978757806711125,0.4818569728616084,0.6243720197256701
osa_binary_apples_postqc,lstm,10m,50,test,10.0,500.0,161,7789,0.7875208627551675,0.5962897376083366,0.5860396051209106,0.7227853786034157,0.8571428571428571,0.5729234793982996,0.5895133577208734,0.8175277959450622,0.8509316770186336,0.5884565075212557,0.6053921568627452,0.8175277959450622,,,,
osa_binary_apples_postqc,lstm,10m,50,test,10.0,500.0,161,7789,0.7875208627551675,0.5962897376083366,0.5860396051209106,0.7227853786034157,0.8571428571428571,0.5729234793982996,0.5895133577208734,0.8175277959450622,0.8509316770186336,0.5884565075212557,0.6053921568627452,0.8175277959450622,0.7287764571582058,0.8932431841034781,0.5,0.6690527241918666
osa_binary_apples_postqc,lstm,10m,6,test,10.0,60.0,161,966,0.7939958592132506,0.5841781120558099,0.5806733779052646,0.7031738245767022,0.8633540372670807,0.5765206017004578,0.5956621004566209,0.7890778286461739,0.8385093167701864,0.6003924133420536,0.6121200889547813,0.7890778286461739,,,,
osa_binary_apples_postqc,lstm,10m,6,test,10.0,60.0,161,966,0.7939958592132506,0.5841781120558099,0.5806733779052646,0.7031738245767022,0.8633540372670807,0.5765206017004578,0.5956621004566209,0.7890778286461739,0.8385093167701864,0.6003924133420536,0.6121200889547813,0.7890778286461739,0.6739937750668449,0.878924591113041,0.5025491426699384,0.6701954052880479
osa_binary_apples_postqc,lstm,10m,60,test,10.0,600.0,161,7997,0.7860447667875453,0.5943523191540495,0.5833212055877465,0.7205583322131659,0.8509316770186336,0.5501962066710269,0.5589041095890411,0.8152387181164159,0.8571428571428571,0.5729234793982996,0.5895133577208734,0.8152387181164159,,,,
osa_binary_apples_postqc,lstm,10m,60,test,10.0,600.0,161,7997,0.7860447667875453,0.5943523191540495,0.5833212055877465,0.7205583322131659,0.8509316770186336,0.5501962066710269,0.5589041095890411,0.8152387181164159,0.8571428571428571,0.5729234793982996,0.5895133577208734,0.8152387181164159,0.7227850811857589,0.8913160311986335,0.482263125669677,0.6375124998815177
osa_binary_apples_postqc,lstm,10m,8,test,10.0,80.0,161,1288,0.7934782608695652,0.5790958142576847,0.5764310263828104,0.700028613472858,0.8385093167701864,0.5430019620667103,0.5489224137931035,0.7838456507521255,0.8260869565217391,0.5740680183126227,0.5822831727205338,0.7838456507521255,,,,
osa_binary_apples_postqc,lstm,10m,8,test,10.0,80.0,161,1288,0.7934782608695652,0.5790958142576847,0.5764310263828104,0.700028613472858,0.8385093167701864,0.5430019620667103,0.5489224137931035,0.7838456507521255,0.8260869565217391,0.5740680183126227,0.5822831727205338,0.7838456507521255,0.693126097681964,0.8664035010555947,0.472588370533576,0.6303623724279351
osa_binary_apples_postqc,lstm,10m,all,test,10.0,,161,8004,0.7862318840579711,0.5944252376836646,0.5833861318964945,0.7206196920298995,0.8571428571428571,0.5537933289731851,0.5641991291043897,0.815565729234794,0.8571428571428571,0.5729234793982996,0.5895133577208734,0.815565729234794,,,,
osa_binary_apples_postqc,lstm,10m,all,test,10.0,,161,8004,0.7862318840579711,0.5944252376836646,0.5833861318964945,0.7206196920298995,0.8571428571428571,0.5537933289731851,0.5641991291043897,0.815565729234794,0.8571428571428571,0.5729234793982996,0.5895133577208734,0.815565729234794,0.7234635533045335,0.8917489489309437,0.4861111111111111,0.6413263315878557
osa_binary_apples_postqc,lstm,40m,1,test,40.0,40.0,161,161,0.8012422360248447,0.5022890778286462,0.4996114996114995,0.6406147809025506,0.8012422360248447,0.5022890778286462,0.4996114996114995,0.6406147809025506,0.8012422360248447,0.5022890778286462,0.4996114996114995,0.6406147809025506,,,,
osa_binary_apples_postqc,lstm,40m,1,test,40.0,40.0,161,161,0.8012422360248447,0.5022890778286462,0.4996114996114995,0.6406147809025506,0.8012422360248447,0.5022890778286462,0.4996114996114995,0.6406147809025506,0.8012422360248447,0.5022890778286462,0.4996114996114995,0.6406147809025506,0.5496640235174386,0.7315776454973254,0.446786946520989,0.5702439152574045
osa_binary_apples_postqc,lstm,40m,10,test,40.0,400.0,161,1609,0.7967681789931634,0.5919417890345258,0.5875216080717172,0.7419631418153149,0.8509316770186336,0.5693263570961413,0.5836206896551724,0.8328973185088293,0.8385093167701864,0.5621321124918247,0.5725081699346406,0.8328973185088293,,,,
osa_binary_apples_postqc,lstm,40m,10,test,40.0,400.0,161,1609,0.7967681789931634,0.5919417890345258,0.5875216080717172,0.7419631418153149,0.8509316770186336,0.5693263570961413,0.5836206896551724,0.8328973185088293,0.8385093167701864,0.5621321124918247,0.5725081699346406,0.8328973185088293,0.7602425506188485,0.8992970404698138,0.4930480072463768,0.6561843652037618
osa_binary_apples_postqc,lstm,40m,12,test,40.0,480.0,161,1890,0.8021164021164021,0.6021062271062271,0.5959876543209875,0.7456295908676861,0.84472049689441,0.565729234793983,0.5779595260564119,0.8342053629823415,0.8571428571428571,0.592053629823414,0.611722763971899,0.8342053629823415,,,,
osa_binary_apples_postqc,lstm,40m,12,test,40.0,480.0,161,1890,0.8021164021164021,0.6021062271062271,0.5959876543209875,0.7456295908676861,0.84472049689441,0.565729234793983,0.5779595260564119,0.8342053629823415,0.8571428571428571,0.592053629823414,0.611722763971899,0.8342053629823415,0.7568030291510647,0.903918439716312,0.4896006944444444,0.6556579614604462
osa_binary_apples_postqc,lstm,40m,16,test,40.0,640.0,161,1949,0.8034889687018985,0.6030174039425633,0.5964574261333073,0.746161841947917,0.84472049689441,0.565729234793983,0.5779595260564119,0.8335513407455853,0.84472049689441,0.565729234793983,0.5779595260564119,0.8335513407455853,,,,
osa_binary_apples_postqc,lstm,40m,16,test,40.0,640.0,161,1949,0.8034889687018985,0.6030174039425633,0.5964574261333073,0.746161841947917,0.84472049689441,0.565729234793983,0.5779595260564119,0.8335513407455853,0.84472049689441,0.565729234793983,0.5779595260564119,0.8335513407455853,0.7573502769976532,0.9031952701293284,0.4896006944444444,0.6556579614604462
osa_binary_apples_postqc,lstm,40m,2,test,40.0,80.0,161,322,0.8074534161490683,0.5632766514061478,0.5667910771634407,0.7092053629823414,0.8136645962732919,0.5094833224329627,0.5067401960784313,0.7442773054283847,0.7639751552795031,0.6146173969914978,0.5892857142857142,0.7442773054283847,,,,
osa_binary_apples_postqc,lstm,40m,2,test,40.0,80.0,161,322,0.8074534161490683,0.5632766514061478,0.5667910771634407,0.7092053629823414,0.8136645962732919,0.5094833224329627,0.5067401960784313,0.7442773054283847,0.7639751552795031,0.6146173969914978,0.5892857142857142,0.7442773054283847,0.6513482668410726,0.8233099495571535,0.4555555555555555,0.5806313979275847
osa_binary_apples_postqc,lstm,40m,3,test,40.0,120.0,161,483,0.8012422360248447,0.5724329627207325,0.573352962826647,0.728508102608822,0.8385093167701864,0.5812622629169392,0.5934343434343434,0.7737083060824068,0.84472049689441,0.565729234793983,0.5779595260564119,0.7737083060824068,,,,
osa_binary_apples_postqc,lstm,40m,3,test,40.0,120.0,161,483,0.8012422360248447,0.5724329627207325,0.573352962826647,0.728508102608822,0.8385093167701864,0.5812622629169392,0.5934343434343434,0.7737083060824068,0.84472049689441,0.565729234793983,0.5779595260564119,0.7737083060824068,0.6855640756302521,0.8531283602150537,0.4990859147986716,0.6726031474233529
osa_binary_apples_postqc,lstm,40m,4,test,40.0,160.0,161,644,0.796583850931677,0.5569816873773709,0.5583198521520154,0.7171762589928058,0.84472049689441,0.5465990843688686,0.553818867087906,0.7589928057553957,0.8012422360248447,0.5405493786788751,0.5432624113475177,0.7589928057553957,,,,
osa_binary_apples_postqc,lstm,40m,4,test,40.0,160.0,161,644,0.796583850931677,0.5569816873773709,0.5583198521520154,0.7171762589928058,0.84472049689441,0.5465990843688686,0.553818867087906,0.7589928057553957,0.8012422360248447,0.5405493786788751,0.5432624113475177,0.7589928057553957,0.6716079206267481,0.8401389540249012,0.482984339569161,0.6245536644321463
osa_binary_apples_postqc,lstm,40m,5,test,40.0,200.0,161,805,0.7975155279503106,0.5689993459777632,0.569262939510027,0.736860693263571,0.8198757763975155,0.5322105951602354,0.535191637630662,0.7916939175931981,0.8322981366459627,0.5202746893394375,0.5181243764549384,0.7916939175931981,,,,
osa_binary_apples_postqc,lstm,40m,5,test,40.0,200.0,161,805,0.7975155279503106,0.5689993459777632,0.569262939510027,0.736860693263571,0.8198757763975155,0.5322105951602354,0.535191637630662,0.7916939175931981,0.8322981366459627,0.5202746893394375,0.5181243764549384,0.7916939175931981,0.7063272592757515,0.8639572328931573,0.4661927552552553,0.6088440584567161
osa_binary_apples_postqc,lstm,40m,6,test,40.0,240.0,161,966,0.8064182194616977,0.5945607150643122,0.5936565779262408,0.7584841217934744,0.8571428571428571,0.592053629823414,0.611722763971899,0.8427076520601702,0.8509316770186336,0.6075866579463702,0.6247086247086246,0.8427076520601702,,,,
osa_binary_apples_postqc,lstm,40m,6,test,40.0,240.0,161,966,0.8064182194616977,0.5945607150643122,0.5936565779262408,0.7584841217934744,0.8571428571428571,0.592053629823414,0.611722763971899,0.8427076520601702,0.8509316770186336,0.6075866579463702,0.6247086247086246,0.8427076520601702,0.7694279263118993,0.90548655109698,0.5087068625634094,0.6860006193529583
osa_binary_apples_postqc,lstm,40m,8,test,40.0,320.0,161,1288,0.7989130434782609,0.5989821778940484,0.5940315363281121,0.7362553139306738,0.84472049689441,0.565729234793983,0.5779595260564119,0.8325703073904513,0.8385093167701864,0.5812622629169392,0.5934343434343434,0.8325703073904513,,,,
osa_binary_apples_postqc,lstm,40m,8,test,40.0,320.0,161,1288,0.7989130434782609,0.5989821778940484,0.5940315363281121,0.7362553139306738,0.84472049689441,0.565729234793983,0.5779595260564119,0.8325703073904513,0.8385093167701864,0.5812622629169392,0.5934343434343434,0.8325703073904513,0.7609840425531915,0.8986312396222499,0.4896006944444444,0.6556579614604462
osa_binary_apples_postqc,lstm,40m,all,test,40.0,,161,1949,0.8034889687018985,0.6030174039425633,0.5964574261333073,0.746161841947917,0.84472049689441,0.565729234793983,0.5779595260564119,0.8335513407455853,0.84472049689441,0.565729234793983,0.5779595260564119,0.8335513407455853,,,,
osa_binary_apples_postqc,lstm,40m,all,test,40.0,,161,1949,0.8034889687018985,0.6030174039425633,0.5964574261333073,0.746161841947917,0.84472049689441,0.565729234793983,0.5779595260564119,0.8335513407455853,0.84472049689441,0.565729234793983,0.5779595260564119,0.8335513407455853,0.7573502769976532,0.9031952701293284,0.4896006944444444,0.6556579614604462
osa_binary_apples_postqc,lstm,80m,1,test,80.0,80.0,161,161,0.8136645962732919,0.566873773708306,0.571808510638298,0.7308698495748855,0.8136645962732919,0.566873773708306,0.571808510638298,0.7308698495748855,0.8136645962732919,0.566873773708306,0.571808510638298,0.7308698495748855,,,,
osa_binary_apples_postqc,lstm,80m,1,test,80.0,80.0,161,161,0.8136645962732919,0.566873773708306,0.571808510638298,0.7308698495748855,0.8136645962732919,0.566873773708306,0.571808510638298,0.7308698495748855,0.8136645962732919,0.566873773708306,0.571808510638298,0.7308698495748855,0.6230361708441767,0.8354855938725855,0.4785318642048838,0.6591503267973856
osa_binary_apples_postqc,lstm,80m,2,test,80.0,160.0,161,322,0.8105590062111802,0.5746402877697842,0.5781629190559028,0.7461576193590583,0.8509316770186336,0.5884565075212557,0.6053921568627452,0.7524525833878352,0.7639751552795031,0.6146173969914978,0.5892857142857142,0.7524525833878352,,,,
osa_binary_apples_postqc,lstm,80m,2,test,80.0,160.0,161,322,0.8105590062111802,0.5746402877697842,0.5781629190559028,0.7461576193590583,0.8509316770186336,0.5884565075212557,0.6053921568627452,0.7524525833878352,0.7639751552795031,0.6146173969914978,0.5892857142857142,0.7524525833878352,0.6567822606478825,0.8417776352151599,0.5022743678897328,0.6787262235225463
osa_binary_apples_postqc,lstm,80m,3,test,80.0,240.0,161,483,0.8157349896480331,0.5872029649008066,0.5910868014268728,0.7501271709904803,0.84472049689441,0.5465990843688686,0.553818867087906,0.7776324395029431,0.84472049689441,0.5465990843688686,0.553818867087906,0.7776324395029431,,,,
osa_binary_apples_postqc,lstm,80m,3,test,80.0,240.0,161,483,0.8157349896480331,0.5872029649008066,0.5910868014268728,0.7501271709904803,0.84472049689441,0.5465990843688686,0.553818867087906,0.7776324395029431,0.84472049689441,0.5465990843688686,0.553818867087906,0.7776324395029431,0.677286392810885,0.8641233017358219,0.4814334150326798,0.6276247639910633
osa_binary_apples_postqc,lstm,80m,4,test,80.0,320.0,161,644,0.8090062111801242,0.5641759319816874,0.5680327198364008,0.7383502289077828,0.8509316770186336,0.5693263570961413,0.5836206896551724,0.7563767168083716,0.8074534161490683,0.5441465009810333,0.5477937845429012,0.7563767168083716,,,,
osa_binary_apples_postqc,lstm,80m,4,test,80.0,320.0,161,644,0.8090062111801242,0.5641759319816874,0.5680327198364008,0.7383502289077828,0.8509316770186336,0.5693263570961413,0.5836206896551724,0.7563767168083716,0.8074534161490683,0.5441465009810333,0.5477937845429012,0.7563767168083716,0.6585374216300941,0.8436875589651919,0.4928545548654244,0.6590782036199039
osa_binary_apples_postqc,lstm,80m,5,test,80.0,400.0,161,804,0.8146766169154229,0.5679163091545113,0.5727537617113245,0.7325589070028381,0.8571428571428571,0.5729234793982996,0.5895133577208734,0.7576847612818837,0.84472049689441,0.565729234793983,0.5779595260564119,0.7576847612818837,,,,
osa_binary_apples_postqc,lstm,80m,5,test,80.0,400.0,161,804,0.8146766169154229,0.5679163091545113,0.5727537617113245,0.7325589070028381,0.8571428571428571,0.5729234793982996,0.5895133577208734,0.7576847612818837,0.84472049689441,0.565729234793983,0.5779595260564119,0.7576847612818837,0.6524692655890333,0.8518639633747547,0.4965003293807641,0.6608696105903552
osa_binary_apples_postqc,lstm,80m,6,test,80.0,480.0,161,930,0.8172043010752689,0.5677243953903587,0.5718742214664052,0.7310856597954878,0.8571428571428571,0.5729234793982996,0.5895133577208734,0.7638979725310661,0.8385093167701864,0.5812622629169392,0.5934343434343434,0.7638979725310661,,,,
osa_binary_apples_postqc,lstm,80m,6,test,80.0,480.0,161,930,0.8172043010752689,0.5677243953903587,0.5718742214664052,0.7310856597954878,0.8571428571428571,0.5729234793982996,0.5895133577208734,0.7638979725310661,0.8385093167701864,0.5812622629169392,0.5934343434343434,0.7638979725310661,0.6624417781227965,0.8543602306436023,0.4965003293807641,0.6608696105903552
osa_binary_apples_postqc,lstm,80m,8,test,80.0,640.0,161,943,0.8197242841993637,0.5715447154471545,0.5759263962076482,0.7327830656355344,0.8571428571428571,0.5729234793982996,0.5895133577208734,0.7668410725964683,0.84472049689441,0.5848593852190974,0.5993031358885017,0.7668410725964683,,,,
osa_binary_apples_postqc,lstm,80m,8,test,80.0,640.0,161,943,0.8197242841993637,0.5715447154471545,0.5759263962076482,0.7327830656355344,0.8571428571428571,0.5729234793982996,0.5895133577208734,0.7668410725964683,0.84472049689441,0.5848593852190974,0.5993031358885017,0.7668410725964683,0.663147379823414,0.8583684441518542,0.4965003293807641,0.6608696105903552
osa_binary_apples_postqc,lstm,80m,all,test,80.0,,161,943,0.8197242841993637,0.5715447154471545,0.5759263962076482,0.7327830656355344,0.8571428571428571,0.5729234793982996,0.5895133577208734,0.7668410725964683,0.84472049689441,0.5848593852190974,0.5993031358885017,0.7668410725964683,,,,
osa_binary_apples_postqc,lstm,80m,all,test,80.0,,161,943,0.8197242841993637,0.5715447154471545,0.5759263962076482,0.7327830656355344,0.8571428571428571,0.5729234793982996,0.5895133577208734,0.7668410725964683,0.84472049689441,0.5848593852190974,0.5993031358885017,0.7668410725964683,0.663147379823414,0.8583684441518542,0.4965003293807641,0.6608696105903552
osa_binary_apples_postqc,lstm,120m,1,test,120.0,120.0,161,161,0.8074534161490683,0.5441465009810333,0.5477937845429012,0.6998037933289732,0.8074534161490683,0.5441465009810333,0.5477937845429012,0.6998037933289732,0.8074534161490683,0.5441465009810333,0.5477937845429012,0.6998037933289732,,,,
osa_binary_apples_postqc,lstm,120m,1,test,120.0,120.0,161,161,0.8074534161490683,0.5441465009810333,0.5477937845429012,0.6998037933289732,0.8074534161490683,0.5441465009810333,0.5477937845429012,0.6998037933289732,0.8074534161490683,0.5441465009810333,0.5477937845429012,0.6998037933289732,0.5945850836010214,0.7978472363083164,0.4648370858836102,0.6395624366767984
osa_binary_apples_postqc,lstm,120m,2,test,120.0,240.0,161,322,0.8167701863354038,0.5782374100719425,0.5834046005745236,0.7274362328319163,0.8571428571428571,0.5729234793982996,0.5895133577208734,0.7756703727926749,0.782608695652174,0.644538914323087,0.6162751106571331,0.7756703727926749,,,,
osa_binary_apples_postqc,lstm,120m,2,test,120.0,240.0,161,322,0.8167701863354038,0.5782374100719425,0.5834046005745236,0.7274362328319163,0.8571428571428571,0.5729234793982996,0.5895133577208734,0.7756703727926749,0.782608695652174,0.644538914323087,0.6162751106571331,0.7756703727926749,0.6749554921471076,0.8642995759947815,0.4981326734344732,0.6564542308789955
osa_binary_apples_postqc,lstm,120m,3,test,120.0,360.0,161,483,0.8136645962732919,0.592380640941792,0.5947382159904534,0.7381004287479108,0.8571428571428571,0.6111837802485285,0.6313588850174215,0.7877697841726619,0.8509316770186336,0.6075866579463702,0.6247086247086246,0.7877697841726619,,,,
osa_binary_apples_postqc,lstm,120m,3,test,120.0,360.0,161,483,0.8136645962732919,0.592380640941792,0.5947382159904534,0.7381004287479108,0.8571428571428571,0.6111837802485285,0.6313588850174215,0.7877697841726619,0.8509316770186336,0.6075866579463702,0.6247086247086246,0.7877697841726619,0.6892875604248263,0.8713186187595605,0.5181893850372111,0.7108200354609928
osa_binary_apples_postqc,lstm,120m,4,test,120.0,480.0,161,609,0.819376026272578,0.5946262240267495,0.5956468202230915,0.7378313828516838,0.84472049689441,0.6039895356442119,0.6183025130393551,0.7880967952910399,0.8198757763975155,0.6087311968606932,0.610819371509544,0.7880967952910399,,,,
osa_binary_apples_postqc,lstm,120m,4,test,120.0,480.0,161,609,0.819376026272578,0.5946262240267495,0.5956468202230915,0.7378313828516838,0.84472049689441,0.6039895356442119,0.6183025130393551,0.7880967952910399,0.8198757763975155,0.6087311968606932,0.610819371509544,0.7880967952910399,0.6904822015012902,0.8732328605200946,0.5108586403363204,0.7073211533013365
osa_binary_apples_postqc,lstm,120m,5,test,120.0,600.0,161,614,0.8175895765472313,0.592251872659176,0.5932331716550336,0.7381320224719101,0.84472049689441,0.6039895356442119,0.6183025130393551,0.789077828646174,0.8198757763975155,0.6087311968606932,0.610819371509544,0.789077828646174,,,,
osa_binary_apples_postqc,lstm,120m,5,test,120.0,600.0,161,614,0.8175895765472313,0.592251872659176,0.5932331716550336,0.7381320224719101,0.84472049689441,0.6039895356442119,0.6183025130393551,0.789077828646174,0.8198757763975155,0.6087311968606932,0.610819371509544,0.789077828646174,0.692047573996486,0.8737604818523155,0.5108586403363204,0.7073211533013365
osa_binary_apples_postqc,lstm,120m,all,test,120.0,,161,614,0.8175895765472313,0.592251872659176,0.5932331716550336,0.7381320224719101,0.84472049689441,0.6039895356442119,0.6183025130393551,0.789077828646174,0.8198757763975155,0.6087311968606932,0.610819371509544,0.789077828646174,,,,
osa_binary_apples_postqc,lstm,120m,all,test,120.0,,161,614,0.8175895765472313,0.592251872659176,0.5932331716550336,0.7381320224719101,0.84472049689441,0.6039895356442119,0.6183025130393551,0.789077828646174,0.8198757763975155,0.6087311968606932,0.610819371509544,0.789077828646174,0.692047573996486,0.8737604818523155,0.5108586403363204,0.7073211533013365
osa_binary_apples_postqc,lstm,240m,1,test,240.0,240.0,161,161,0.8012422360248447,0.578809679529104,0.578809679529104,0.7393721386527142,0.8012422360248447,0.578809679529104,0.578809679529104,0.7393721386527142,0.8012422360248447,0.578809679529104,0.578809679529104,0.7393721386527142,,,,
osa_binary_apples_postqc,lstm,240m,1,test,240.0,240.0,161,161,0.8012422360248447,0.578809679529104,0.578809679529104,0.7393721386527142,0.8012422360248447,0.578809679529104,0.578809679529104,0.7393721386527142,0.8012422360248447,0.578809679529104,0.578809679529104,0.7393721386527142,0.6424688969435737,0.8341519723092999,0.4845209013959013,0.684544990441432
osa_binary_apples_postqc,lstm,240m,2,test,240.0,480.0,161,287,0.7979094076655052,0.5896825396825397,0.5787955465587045,0.7470521541950114,0.8322981366459627,0.5967952910398954,0.6061429736341397,0.7737083060824067,0.7391304347826086,0.6193590582079791,0.5805210918114144,0.7737083060824067,,,,
osa_binary_apples_postqc,lstm,240m,2,test,240.0,480.0,161,287,0.7979094076655052,0.5896825396825397,0.5787955465587045,0.7470521541950114,0.8322981366459627,0.5967952910398954,0.6061429736341397,0.7737083060824067,0.7391304347826086,0.6193590582079791,0.5805210918114144,0.7737083060824067,0.6819043005440909,0.8571481092436974,0.4995395499108734,0.6976094904266545
osa_binary_apples_postqc,lstm,240m,all,test,240.0,,161,287,0.7979094076655052,0.5896825396825397,0.5787955465587045,0.7470521541950114,0.8322981366459627,0.5967952910398954,0.6061429736341397,0.7737083060824067,0.7391304347826086,0.6193590582079791,0.5805210918114144,0.7737083060824067,,,,
osa_binary_apples_postqc,lstm,240m,all,test,240.0,,161,287,0.7979094076655052,0.5896825396825397,0.5787955465587045,0.7470521541950114,0.8322981366459627,0.5967952910398954,0.6061429736341397,0.7737083060824067,0.7391304347826086,0.6193590582079791,0.5805210918114144,0.7737083060824067,0.6819043005440909,0.8571481092436974,0.4995395499108734,0.6976094904266545
psqi_binary,lstm,30s,1,test,0.5,0.5,590,590,0.4745762711864407,0.4870235903137269,0.4694490856771559,0.5062826436901412,0.4745762711864407,0.4870235903137269,0.4694490856771559,0.5062826436901412,0.4745762711864407,0.4870235903137269,0.4694490856771559,0.5062826436901412,,,,
psqi_binary,lstm,30s,1,test,0.5,0.5,590,590,0.4745762711864407,0.4870235903137269,0.4694490856771559,0.5062826436901412,0.4745762711864407,0.4870235903137269,0.4694490856771559,0.5062826436901412,0.4745762711864407,0.4870235903137269,0.4694490856771559,0.5062826436901412,0.4621608599252239,0.5535583750134583,0.4497953555878084,0.524739905342216
psqi_binary,lstm,30s,10,test,0.5,5.0,590,5900,0.5150847457627119,0.5166330820275857,0.5147051953157848,0.5253454585461326,0.5084745762711864,0.5124552687350172,0.5084745762711864,0.538234374457145,0.5338983050847458,0.5294965778410867,0.5295069464783342,0.538234374457145,,,,
psqi_binary,lstm,30s,10,test,0.5,5.0,590,5900,0.5150847457627119,0.5166330820275857,0.5147051953157848,0.5253454585461326,0.5084745762711864,0.5124552687350172,0.5084745762711864,0.538234374457145,0.5338983050847458,0.5294965778410867,0.5295069464783342,0.538234374457145,0.4940685231963266,0.5856351640271241,0.4708162585743423,0.5542464290605974
psqi_binary,lstm,30s,100,test,0.5,50.0,590,59000,0.5199491525423728,0.5194233285851602,0.5186603058450627,0.5284955772504603,0.5271186440677966,0.5268792921747791,0.5259734088965295,0.5549687894474749,0.5389830508474577,0.5389871336089589,0.5379423925186285,0.5549687894474749,,,,
psqi_binary,lstm,30s,100,test,0.5,50.0,590,59000,0.5199491525423728,0.5194233285851602,0.5186603058450627,0.5284955772504603,0.5271186440677966,0.5268792921747791,0.5259734088965295,0.5549687894474749,0.5389830508474577,0.5389871336089589,0.5379423925186285,0.5549687894474749,0.5105492235058688,0.6023583020296406,0.4876495285257702,0.5683393670822429
psqi_binary,lstm,30s,12,test,0.5,6.0,590,7080,0.5107344632768361,0.5110945118067378,0.5099122142667303,0.5189157276478786,0.5101694915254237,0.5103996572050631,0.5092884380171235,0.533839419101553,0.5169491525423728,0.5109092172462912,0.5106384836341095,0.533839419101553,,,,
psqi_binary,lstm,30s,12,test,0.5,6.0,590,7080,0.5107344632768361,0.5110945118067378,0.5099122142667303,0.5189157276478786,0.5101694915254237,0.5103996572050631,0.5092884380171235,0.533839419101553,0.5169491525423728,0.5109092172462912,0.5106384836341095,0.533839419101553,0.4864596804802371,0.5785613931254867,0.4714748326662467,0.5508891729233114
psqi_binary,lstm,30s,120,test,0.5,60.0,590,70800,0.5211864406779662,0.5209006473728706,0.5200268387572388,0.527472241604162,0.5305084745762711,0.5302956606330125,0.5293714489761244,0.5520735619404973,0.5372881355932203,0.5377306048709307,0.5364558601338225,0.5520735619404973,,,,
psqi_binary,lstm,30s,120,test,0.5,60.0,590,70800,0.5211864406779662,0.5209006473728706,0.5200268387572388,0.527472241604162,0.5305084745762711,0.5302956606330125,0.5293714489761244,0.5520735619404973,0.5372881355932203,0.5377306048709307,0.5364558601338225,0.5520735619404973,0.5064772513618276,0.5984609772247574,0.4916708604959978,0.5704264720673363
psqi_binary,lstm,30s,16,test,0.5,8.0,590,9440,0.5167372881355933,0.5178280871810907,0.5162020101689824,0.5262653908484753,0.5322033898305085,0.533057707674669,0.5315520574426955,0.5498963508552502,0.535593220338983,0.5304520029183893,0.5304076036438,0.5498963508552502,,,,
psqi_binary,lstm,30s,16,test,0.5,8.0,590,9440,0.5167372881355933,0.5178280871810907,0.5162020101689824,0.5262653908484753,0.5322033898305085,0.533057707674669,0.5315520574426955,0.5498963508552502,0.535593220338983,0.5304520029183893,0.5304076036438,0.5498963508552502,0.5050160409401356,0.596980028534346,0.4953110434977256,0.57299361159123
psqi_binary,lstm,30s,160,test,0.5,80.0,590,94400,0.5174152542372882,0.5170905279736882,0.5162414638227507,0.5242974911406039,0.5271186440677966,0.5271803958355048,0.5261262454263598,0.5458198705254258,0.5271186440677966,0.5271803958355048,0.5261262454263598,0.5458198705254258,,,,
psqi_binary,lstm,30s,160,test,0.5,80.0,590,94400,0.5174152542372882,0.5170905279736882,0.5162414638227507,0.5242974911406039,0.5271186440677966,0.5271803958355048,0.5261262454263598,0.5458198705254258,0.5271186440677966,0.5271803958355048,0.5261262454263598,0.5458198705254258,0.4998464921131403,0.5918618170229341,0.4890501165501166,0.5681525926926899
psqi_binary,lstm,30s,2,test,0.5,1.0,590,1180,0.4762711864406779,0.4857207379355869,0.4740895873719191,0.4955297687292267,0.4779661016949152,0.4922465807363142,0.4705128205128205,0.4984423676012461,0.5016949152542373,0.4926750744073469,0.4908777120315581,0.4984423676012461,,,,
psqi_binary,lstm,30s,2,test,0.5,1.0,590,1180,0.4762711864406779,0.4857207379355869,0.4740895873719191,0.4955297687292267,0.4779661016949152,0.4922465807363142,0.4705128205128205,0.4984423676012461,0.5016949152542373,0.4926750744073469,0.4908777120315581,0.4984423676012461,0.4548185532768277,0.547050383344754,0.4547337159925294,0.5309890832934351
psqi_binary,lstm,30s,20,test,0.5,10.0,590,11800,0.5183898305084745,0.5178487880577656,0.5170950980976509,0.5248886640262191,0.5254237288135594,0.5262249707582021,0.5247629568259228,0.5435500121599555,0.5423728813559322,0.5390913617992101,0.5390625,0.5435500121599555,,,,
psqi_binary,lstm,30s,20,test,0.5,10.0,590,11800,0.5183898305084745,0.5178487880577656,0.5170950980976509,0.5248886640262191,0.5254237288135594,0.5262249707582021,0.5247629568259228,0.5435500121599555,0.5423728813559322,0.5390913617992101,0.5390625,0.5435500121599555,0.5012081004714145,0.5900548949151326,0.4862348564029863,0.5647742908974613
psqi_binary,lstm,30s,200,test,0.5,100.0,590,118000,0.5200084745762712,0.5194612850177767,0.518707483767828,0.5268968805371226,0.5288135593220339,0.5278347172520816,0.5272435897435898,0.5507070145572039,0.5474576271186441,0.5461730882812772,0.5456708514669873,0.5507070145572039,,,,
psqi_binary,lstm,30s,200,test,0.5,100.0,590,118000,0.5200084745762712,0.5194612850177767,0.518707483767828,0.5268968805371226,0.5288135593220339,0.5278347172520816,0.5272435897435898,0.5507070145572039,0.5474576271186441,0.5461730882812772,0.5456708514669873,0.5507070145572039,0.505573904489241,0.5959601708547083,0.4902073299986434,0.5692365644837067
psqi_binary,lstm,30s,25,test,0.5,12.5,590,14750,0.5189830508474577,0.5196796720286281,0.5182911813692407,0.528198765474991,0.5338983050847458,0.5352175473948743,0.5334144286375702,0.5532548147633441,0.5389830508474577,0.5395893409304102,0.5382189431521276,0.5532548147633441,,,,
psqi_binary,lstm,30s,25,test,0.5,12.5,590,14750,0.5189830508474577,0.5196796720286281,0.5182911813692407,0.528198765474991,0.5338983050847458,0.5352175473948743,0.5334144286375702,0.5532548147633441,0.5389830508474577,0.5395893409304102,0.5382189431521276,0.5532548147633441,0.5091211793729804,0.6001143231061525,0.4955942959929319,0.5744061846122943
psqi_binary,lstm,30s,250,test,0.5,125.0,590,147500,0.5185694915254238,0.5179458476647095,0.51722739802672,0.5266121427231352,0.5220338983050847,0.5222063949785174,0.5211038961038961,0.5502437781560875,0.5288135593220339,0.5290391318949843,0.5278967486414294,0.5502437781560875,,,,
psqi_binary,lstm,30s,250,test,0.5,125.0,590,147500,0.5185694915254238,0.5179458476647095,0.51722739802672,0.5266121427231352,0.5220338983050847,0.5222063949785174,0.5211038961038961,0.5502437781560875,0.5288135593220339,0.5290391318949843,0.5278967486414294,0.5502437781560875,0.5035208092627889,0.5960663667321708,0.4841462824579324,0.5620606874010987
psqi_binary,lstm,30s,3,test,0.5,1.5,590,1770,0.4909604519774011,0.4959582624002594,0.4908744845358356,0.5097903726608171,0.5084745762711864,0.5181762382888048,0.5064271208344873,0.5216273494771219,0.4864406779661017,0.4925071512119422,0.4861085159899389,0.5216273494771219,,,,
psqi_binary,lstm,30s,3,test,0.5,1.5,590,1770,0.4909604519774011,0.4959582624002594,0.4908744845358356,0.5097903726608171,0.5084745762711864,0.5181762382888048,0.5064271208344873,0.5216273494771219,0.4864406779661017,0.4925071512119422,0.4861085159899389,0.5216273494771219,0.4776263379271367,0.567692314414832,0.482506154405277,0.557715076816202
psqi_binary,lstm,30s,30,test,0.5,15.0,590,17700,0.518135593220339,0.5175800144375345,0.5168330813752094,0.5256504418117176,0.5203389830508475,0.5200465552583122,0.5191773287373401,0.5506375290970364,0.523728813559322,0.5189463688056607,0.5189179934942647,0.5506375290970364,,,,
psqi_binary,lstm,30s,30,test,0.5,15.0,590,17700,0.518135593220339,0.5175800144375345,0.5168330813752094,0.5256504418117176,0.5203389830508475,0.5200465552583122,0.5191773287373401,0.5506375290970364,0.523728813559322,0.5189463688056607,0.5189179934942647,0.5506375290970364,0.5050442004521332,0.5958446335083946,0.4796019961064438,0.5584984336262142
psqi_binary,lstm,30s,320,test,0.5,160.0,590,188800,0.5200423728813559,0.5194126451956594,0.5186942735302381,0.5271783551524917,0.5220338983050847,0.5210019803356147,0.5204413392363032,0.5513323836987112,0.5305084745762711,0.5299945569722868,0.5292087607557778,0.5513323836987112,,,,
psqi_binary,lstm,30s,320,test,0.5,160.0,590,188800,0.5200423728813559,0.5194126451956594,0.5186942735302381,0.5271783551524917,0.5220338983050847,0.5210019803356147,0.5204413392363032,0.5513323836987112,0.5305084745762711,0.5299945569722868,0.5292087607557778,0.5513323836987112,0.5058968853212927,0.5971485754948023,0.4837277677785574,0.5601373577874685
psqi_binary,lstm,30s,4,test,0.5,2.0,590,2360,0.4970338983050847,0.5038231479229638,0.4964979057891812,0.5136415882060013,0.5,0.5124958019201149,0.4952892698585766,0.5233065814311688,0.5033898305084745,0.4990503653777113,0.499036441353329,0.5233065814311688,,,,
psqi_binary,lstm,30s,4,test,0.5,2.0,590,2360,0.4970338983050847,0.5038231479229638,0.4964979057891812,0.5136415882060013,0.5,0.5124958019201149,0.4952892698585766,0.5233065814311688,0.5033898305084745,0.4990503653777113,0.499036441353329,0.5233065814311688,0.4787089671685603,0.5708161441149833,0.4748984401116945,0.5507249897230582
psqi_binary,lstm,30s,40,test,0.5,20.0,590,23600,0.5229237288135593,0.5231370658606354,0.5220114852959308,0.5301019771508646,0.5508474576271186,0.5513960787038645,0.5500395711921722,0.557250228722973,0.5576271186440678,0.5567232973167031,0.5560648648648648,0.557250228722973,,,,
psqi_binary,lstm,30s,40,test,0.5,20.0,590,23600,0.5229237288135593,0.5231370658606354,0.5220114852959308,0.5301019771508646,0.5508474576271186,0.5513960787038645,0.5500395711921722,0.557250228722973,0.5576271186440678,0.5567232973167031,0.5560648648648648,0.557250228722973,0.5118580615517304,0.6033125312856101,0.5141608391608392,0.592062651331719
psqi_binary,lstm,30s,400,test,0.5,200.0,590,236000,0.5206440677966102,0.5201169092867317,0.5193532798799942,0.5275400611182527,0.5254237288135594,0.5250205561152995,0.5241935483870968,0.553660146614321,0.5288135593220339,0.52934023555571,0.5280325963098952,0.553660146614321,,,,
psqi_binary,lstm,30s,400,test,0.5,200.0,590,236000,0.5206440677966102,0.5201169092867317,0.5193532798799942,0.5275400611182527,0.5254237288135594,0.5250205561152995,0.5241935483870968,0.553660146614321,0.5288135593220339,0.52934023555571,0.5280325963098952,0.553660146614321,0.5087954933344137,0.5993723235450616,0.4869134552671391,0.5658448078452016
psqi_binary,lstm,30s,5,test,0.5,2.5,590,2950,0.5084745762711864,0.5111304126278243,0.5083652048303995,0.5268378325168792,0.535593220338983,0.5409906310437874,0.5355078210300084,0.5472559033688867,0.5084745762711864,0.5121541650742916,0.5084689281117853,0.5472559033688867,,,,
psqi_binary,lstm,30s,5,test,0.5,2.5,590,2950,0.5084745762711864,0.5111304126278243,0.5083652048303995,0.5268378325168792,0.535593220338983,0.5409906310437874,0.5355078210300084,0.5472559033688867,0.5084745762711864,0.5121541650742916,0.5084689281117853,0.5472559033688867,0.5012815607795665,0.5922270605672314,0.5030123026410812,0.5802622377622377
psqi_binary,lstm,30s,50,test,0.5,25.0,590,29500,0.5213220338983051,0.5209861144888766,0.5201353502623507,0.5274368828822569,0.5389830508474577,0.5374816153053307,0.5370626788516569,0.5514945164391019,0.5491525423728814,0.546827409697854,0.5466310765995308,0.5514945164391019,,,,
psqi_binary,lstm,30s,50,test,0.5,25.0,590,29500,0.5213220338983051,0.5209861144888766,0.5201353502623507,0.5274368828822569,0.5389830508474577,0.5374816153053307,0.5370626788516569,0.5514945164391019,0.5491525423728814,0.546827409697854,0.5466310765995308,0.5514945164391019,0.506741767827719,0.59684349296775,0.4985222019964698,0.5783505087996765
psqi_binary,lstm,30s,500,test,0.5,250.0,590,295000,0.5204983050847458,0.5198876535918192,0.5191603817845616,0.5278230646793824,0.523728813559322,0.5234629237165456,0.5225753688169349,0.552872644732423,0.5305084745762711,0.5293923496508355,0.5288504504504504,0.552872644732423,,,,
psqi_binary,lstm,30s,500,test,0.5,250.0,590,295000,0.5204983050847458,0.5198876535918192,0.5191603817845616,0.5278230646793824,0.523728813559322,0.5234629237165456,0.5225753688169349,0.552872644732423,0.5305084745762711,0.5293923496508355,0.5288504504504504,0.552872644732423,0.5073528287350282,0.598882399714054,0.4857838759774835,0.5635115166262045
psqi_binary,lstm,30s,6,test,0.5,3.0,590,3540,0.5062146892655367,0.5084212517419618,0.5060215379948431,0.5160064261182977,0.5271186440677966,0.531395847085664,0.5271172855997863,0.5422992738769412,0.5322033898305085,0.5240245978528992,0.5229893138357705,0.5422992738769412,,,,
psqi_binary,lstm,30s,6,test,0.5,3.0,590,3540,0.5062146892655367,0.5084212517419618,0.5060215379948431,0.5160064261182977,0.5271186440677966,0.531395847085664,0.5271172855997863,0.5422992738769412,0.5322033898305085,0.5240245978528992,0.5229893138357705,0.5422992738769412,0.4971906379635087,0.5886609155582058,0.4916527748099298,0.5709841143741395
psqi_binary,lstm,30s,60,test,0.5,30.0,590,35400,0.5186723163841808,0.5183292028087567,0.5174863912206897,0.5260168553711617,0.5288135593220339,0.5269314062699046,0.5266378066378066,0.550185873605948,0.535593220338983,0.5328608322041946,0.5327529596744358,0.550185873605948,,,,
psqi_binary,lstm,30s,60,test,0.5,30.0,590,35400,0.5186723163841808,0.5183292028087567,0.5174863912206897,0.5260168553711617,0.5288135593220339,0.5269314062699046,0.5266378066378066,0.550185873605948,0.535593220338983,0.5328608322041946,0.5327529596744358,0.550185873605948,0.5050035125113511,0.5959912663343006,0.4895371311036634,0.566618798654176
psqi_binary,lstm,30s,8,test,0.5,4.0,590,4720,0.5139830508474577,0.5158615038969763,0.5136993696588663,0.5154908243002235,0.523728813559322,0.5267750639845279,0.5236617622130091,0.5301277374376079,0.5305084745762711,0.5251768984006763,0.5250936416655285,0.5301277374376079,,,,
psqi_binary,lstm,30s,8,test,0.5,4.0,590,4720,0.5139830508474577,0.5158615038969763,0.5136993696588663,0.5154908243002235,0.523728813559322,0.5267750639845279,0.5236617622130091,0.5301277374376079,0.5305084745762711,0.5251768984006763,0.5250936416655285,0.5301277374376079,0.4887704231324578,0.5738860412741976,0.4873939384074783,0.5666977004391776
psqi_binary,lstm,30s,80,test,0.5,40.0,590,47200,0.5213559322033898,0.5205708809598257,0.5199148414748004,0.5284402685613037,0.535593220338983,0.5352696614899999,0.534389400921659,0.5558373576995681,0.5322033898305085,0.5303477747281381,0.5300432900432901,0.5558373576995681,,,,
psqi_binary,lstm,30s,80,test,0.5,40.0,590,47200,0.5213559322033898,0.5205708809598257,0.5199148414748004,0.5284402685613037,0.535593220338983,0.5352696614899999,0.534389400921659,0.5558373576995681,0.5322033898305085,0.5303477747281381,0.5300432900432901,0.5558373576995681,0.5102777065009638,0.6001497072190574,0.4969964723773473,0.5724762939557727
psqi_binary,lstm,30s,all,test,0.5,,590,814330,0.5180356857784928,0.5175662161829964,0.5169089246197671,0.5241200940839623,0.5254237288135594,0.5247194524545739,0.5240235568002397,0.5525483792516417,0.523728813559322,0.5234629237165456,0.5225753688169349,0.5525483792516417,,,,
psqi_binary,lstm,30s,all,test,0.5,,590,814330,0.5180356857784928,0.5175662161829964,0.5169089246197671,0.5241200940839623,0.5254237288135594,0.5247194524545739,0.5240235568002397,0.5525483792516417,0.523728813559322,0.5234629237165456,0.5225753688169349,0.5525483792516417,0.5073582237818619,0.598298835087049,0.4863733637889435,0.5638039456345787
psqi_binary,lstm,10m,1,test,10.0,10.0,590,590,0.4813559322033898,0.4806077661582647,0.4800115207373271,0.4889228595583041,0.4813559322033898,0.4806077661582647,0.4800115207373271,0.4889228595583041,0.4813559322033898,0.4806077661582647,0.4800115207373271,0.4889228595583041,,,,
psqi_binary,lstm,10m,1,test,10.0,10.0,590,590,0.4813559322033898,0.4806077661582647,0.4800115207373271,0.4889228595583041,0.4813559322033898,0.4806077661582647,0.4800115207373271,0.4889228595583041,0.4813559322033898,0.4806077661582647,0.4800115207373271,0.4889228595583041,0.4433194559345587,0.5377146602953393,0.4386484395673664,0.520388512763596
psqi_binary,lstm,10m,10,test,10.0,100.0,590,5900,0.4981355932203389,0.5025923867097477,0.4981158552314224,0.5134141101807781,0.5067796610169492,0.5151130875864225,0.5055851684189611,0.521499959466815,0.4966101694915254,0.4976374943543064,0.4960875829285757,0.521499959466815,,,,
psqi_binary,lstm,10m,10,test,10.0,100.0,590,5900,0.4981355932203389,0.5025923867097477,0.4981158552314224,0.5134141101807781,0.5067796610169492,0.5151130875864225,0.5055851684189611,0.521499959466815,0.4966101694915254,0.4976374943543064,0.4960875829285757,0.521499959466815,0.4739364497895626,0.565564476362016,0.4720972466406481,0.5550868438375112
psqi_binary,lstm,10m,100,test,10.0,1000.0,590,40437,0.5070356356801938,0.511431617087521,0.506972111509922,0.5162906671882166,0.535593220338983,0.544001667651044,0.5345449101106774,0.5364393334028188,0.5288135593220339,0.5353623087702232,0.5284667839606261,0.5364393334028188,,,,
psqi_binary,lstm,10m,100,test,10.0,1000.0,590,40437,0.5070356356801938,0.511431617087521,0.506972111509922,0.5162906671882166,0.535593220338983,0.544001667651044,0.5345449101106774,0.5364393334028188,0.5288135593220339,0.5353623087702232,0.5284667839606261,0.5364393334028188,0.4892738060684934,0.5834747987410022,0.5021231183401417,0.582420694440378
psqi_binary,lstm,10m,12,test,10.0,120.0,590,7080,0.5097457627118644,0.513322389373357,0.5097351116684343,0.5231548232560115,0.523728813559322,0.5306894115739614,0.5232343798078443,0.5401799673418337,0.5220338983050847,0.5216041876570661,0.520794930875576,0.5401799673418337,,,,
psqi_binary,lstm,10m,12,test,10.0,120.0,590,7080,0.5097457627118644,0.513322389373357,0.5097351116684343,0.5231548232560115,0.523728813559322,0.5306894115739614,0.5232343798078443,0.5401799673418337,0.5220338983050847,0.5216041876570661,0.520794930875576,0.5401799673418337,0.4916246582365003,0.584410359675395,0.487766106016155,0.5690152227158806
psqi_binary,lstm,10m,120,test,10.0,1200.0,590,40572,0.5067780735482599,0.5112281347886737,0.5067087404289604,0.5161060529193562,0.535593220338983,0.544001667651044,0.5345449101106774,0.5366014661432095,0.5288135593220339,0.5353623087702232,0.5284667839606261,0.5366014661432095,,,,
psqi_binary,lstm,10m,120,test,10.0,1200.0,590,40572,0.5067780735482599,0.5112281347886737,0.5067087404289604,0.5161060529193562,0.535593220338983,0.544001667651044,0.5345449101106774,0.5366014661432095,0.5288135593220339,0.5353623087702232,0.5284667839606261,0.5366014661432095,0.4893526209697244,0.5837917107161729,0.5021231183401417,0.582420694440378
psqi_binary,lstm,10m,16,test,10.0,160.0,590,9440,0.5079449152542372,0.5120626035043834,0.507943672877388,0.5194735942584743,0.523728813559322,0.5303883079132358,0.5233330745721095,0.5349453960092184,0.5169491525423728,0.520845638050238,0.5169477648599967,0.5349453960092184,,,,
psqi_binary,lstm,10m,16,test,10.0,160.0,590,9440,0.5079449152542372,0.5120626035043834,0.507943672877388,0.5194735942584743,0.523728813559322,0.5303883079132358,0.5233330745721095,0.5349453960092184,0.5169491525423728,0.520845638050238,0.5169477648599967,0.5349453960092184,0.4854227017303533,0.5814354062828555,0.4869217469128021,0.5701280894448474
psqi_binary,lstm,10m,2,test,10.0,20.0,590,1180,0.4822033898305085,0.4878603110632433,0.4819708645434786,0.505926530706783,0.4745762711864407,0.4822059317421163,0.4735539283411624,0.5020208687998703,0.4966101694915254,0.4816790003358464,0.4729528535980148,0.5020208687998703,,,,
psqi_binary,lstm,10m,2,test,10.0,20.0,590,1180,0.4822033898305085,0.4878603110632433,0.4819708645434786,0.505926530706783,0.4745762711864407,0.4822059317421163,0.4735539283411624,0.5020208687998703,0.4966101694915254,0.4816790003358464,0.4729528535980148,0.5020208687998703,0.4523142857567307,0.5470891645577731,0.4418186404216356,0.5226488736944934
psqi_binary,lstm,10m,20,test,10.0,200.0,590,11800,0.508728813559322,0.5126437480457214,0.5087285277722691,0.5188022009519508,0.5186440677966102,0.5263176180384255,0.5178462494676627,0.5318648739417944,0.511864406779661,0.5149683262110737,0.511813919279213,0.5318648739417944,,,,
psqi_binary,lstm,10m,20,test,10.0,200.0,590,11800,0.508728813559322,0.5126437480457214,0.5087285277722691,0.5188022009519508,0.5186440677966102,0.5263176180384255,0.5178462494676627,0.5318648739417944,0.511864406779661,0.5149683262110737,0.511813919279213,0.5318648739417944,0.4828781429366659,0.5786142208502968,0.48411710744946,0.5631365984221273
psqi_binary,lstm,10m,25,test,10.0,250.0,590,14750,0.5050847457627119,0.5091713858875031,0.5050836447479876,0.5171784919338962,0.5322033898305085,0.5405852991928106,0.5311474277027259,0.53166799847132,0.5033898305084745,0.512600030110366,0.501636036036036,0.53166799847132,,,,
psqi_binary,lstm,10m,25,test,10.0,250.0,590,14750,0.5050847457627119,0.5091713858875031,0.5050836447479876,0.5171784919338962,0.5322033898305085,0.5405852991928106,0.5311474277027259,0.53166799847132,0.5033898305084745,0.512600030110366,0.501636036036036,0.53166799847132,0.4826496613072388,0.577787345071,0.5015672011784197,0.5786824378338397
psqi_binary,lstm,10m,3,test,10.0,30.0,590,1770,0.4875706214689265,0.4923411581682088,0.4875115680922088,0.5078293385627577,0.4983050847457627,0.5055183036282991,0.4976065543588328,0.5029010179619915,0.4864406779661017,0.4928082548726679,0.4860139558553352,0.5029010179619915,,,,
psqi_binary,lstm,10m,3,test,10.0,30.0,590,1770,0.4875706214689265,0.4923411581682088,0.4875115680922088,0.5078293385627577,0.4983050847457627,0.5055183036282991,0.4976065543588328,0.5029010179619915,0.4864406779661017,0.4928082548726679,0.4860139558553352,0.5029010179619915,0.4517384473738263,0.5485672582279915,0.4616045499647084,0.5431729075622976
psqi_binary,lstm,10m,30,test,10.0,300.0,590,17698,0.510961690586507,0.5151490240535922,0.5109597779506776,0.5204363442926198,0.5203389830508475,0.5287785614193563,0.5191773287373401,0.5360571633718978,0.5084745762711864,0.5136596833779198,0.5083841901412498,0.5360571633718978,,,,
psqi_binary,lstm,10m,30,test,10.0,300.0,590,17698,0.510961690586507,0.5151490240535922,0.5109597779506776,0.5204363442926198,0.5203389830508475,0.5287785614193563,0.5191773287373401,0.5360571633718978,0.5084745762711864,0.5136596833779198,0.5083841901412498,0.5360571633718978,0.4873748515537896,0.5815998112860168,0.488560720157583,0.5660569267734266
psqi_binary,lstm,10m,4,test,10.0,40.0,590,2360,0.4923728813559322,0.496905001795041,0.4923433494766644,0.5120274988708613,0.511864406779661,0.5188826738005072,0.5113028472821398,0.5193922338417353,0.4983050847457627,0.4913664315741931,0.4907207596029348,0.5193922338417353,,,,
psqi_binary,lstm,10m,4,test,10.0,40.0,590,2360,0.4923728813559322,0.496905001795041,0.4923433494766644,0.5120274988708613,0.511864406779661,0.5188826738005072,0.5113028472821398,0.5193922338417353,0.4983050847457627,0.4913664315741931,0.4907207596029348,0.5193922338417353,0.4709788499451267,0.5650997915258945,0.4800512062877171,0.5597727443228551
psqi_binary,lstm,10m,40,test,10.0,400.0,590,23563,0.5071086024699741,0.5111230600172293,0.5071084524403888,0.5188081291854698,0.5203389830508475,0.5284774577586306,0.5193323564718989,0.5340189232069856,0.5101694915254237,0.5155184194373994,0.5100554854763677,0.5340189232069856,,,,
psqi_binary,lstm,10m,40,test,10.0,400.0,590,23563,0.5071086024699741,0.5111230600172293,0.5071084524403888,0.5188081291854698,0.5203389830508475,0.5284774577586306,0.5193323564718989,0.5340189232069856,0.5101694915254237,0.5155184194373994,0.5100554854763677,0.5340189232069856,0.4858977188196924,0.5790904377230287,0.4872742308367496,0.5653257387747488
psqi_binary,lstm,10m,5,test,10.0,50.0,590,2950,0.4959322033898305,0.4994834914127551,0.4959251947082516,0.510102491053747,0.4932203389830508,0.5002431991105861,0.4925774969150805,0.5126058205653801,0.5,0.505269314062699,0.4998836270433511,0.5126058205653801,,,,
psqi_binary,lstm,10m,5,test,10.0,50.0,590,2950,0.4959322033898305,0.4994834914127551,0.4959251947082516,0.510102491053747,0.4932203389830508,0.5002431991105861,0.4925774969150805,0.5126058205653801,0.5,0.505269314062699,0.4998836270433511,0.5126058205653801,0.4637100479075946,0.5592781135734242,0.4580426209304684,0.5390207336467782
psqi_binary,lstm,10m,50,test,10.0,500.0,590,29354,0.5088573959255979,0.512769106664428,0.5088551335946937,0.5190885541116594,0.5288135593220339,0.5374700343953028,0.5275921658986176,0.535524441510614,0.5203389830508475,0.5248642138299228,0.5203265812675422,0.535524441510614,,,,
psqi_binary,lstm,10m,50,test,10.0,500.0,590,29354,0.5088573959255979,0.512769106664428,0.5088551335946937,0.5190885541116594,0.5288135593220339,0.5374700343953028,0.5275921658986176,0.535524441510614,0.5203389830508475,0.5248642138299228,0.5203265812675422,0.535524441510614,0.4891217619841654,0.581655466100249,0.496341295104968,0.5792910433662252
psqi_binary,lstm,10m,6,test,10.0,60.0,590,3540,0.5073446327683616,0.5115673989662107,0.5073407014323904,0.5201990372403464,0.5254237288135594,0.5340536659370694,0.5241935483870968,0.5379332707964193,0.523728813559322,0.5225596127343686,0.5220468468468468,0.5379332707964193,,,,
psqi_binary,lstm,10m,6,test,10.0,60.0,590,3540,0.5073446327683616,0.5115673989662107,0.5073407014323904,0.5201990372403464,0.5254237288135594,0.5340536659370694,0.5241935483870968,0.5379332707964193,0.523728813559322,0.5225596127343686,0.5220468468468468,0.5379332707964193,0.485512959861206,0.581406483926701,0.4924986495303718,0.5715719211305712
psqi_binary,lstm,10m,60,test,10.0,600.0,590,34585,0.5079369668931618,0.5118499713222233,0.5079369631907247,0.5171203051214881,0.5338983050847458,0.5424440352522901,0.5327694890557192,0.534621130528437,0.523728813559322,0.5291838932703332,0.5236179633870566,0.534621130528437,,,,
psqi_binary,lstm,10m,60,test,10.0,600.0,590,34585,0.5079369668931618,0.5118499713222233,0.5079369631907247,0.5171203051214881,0.5338983050847458,0.5424440352522901,0.5327694890557192,0.534621130528437,0.523728813559322,0.5291838932703332,0.5236179633870566,0.534621130528437,0.4860737760199109,0.580651342107293,0.5007956784592783,0.5806619383253798
psqi_binary,lstm,10m,8,test,10.0,80.0,590,4720,0.5057203389830508,0.510074667917405,0.5057105545440675,0.5176733734611866,0.5152542372881356,0.521094627615838,0.5150536274701398,0.5333588113353948,0.511864406779661,0.5098495639787375,0.5096103896103896,0.5333588113353948,,,,
psqi_binary,lstm,10m,8,test,10.0,80.0,590,4720,0.5057203389830508,0.510074667917405,0.5057105545440675,0.5176733734611866,0.5152542372881356,0.521094627615838,0.5150536274701398,0.5333588113353948,0.511864406779661,0.5098495639787375,0.5096103896103896,0.5333588113353948,0.4871951392163331,0.5773275505306169,0.477941008918577,0.5584714860206268
psqi_binary,lstm,10m,80,test,10.0,800.0,590,39528,0.5076148552924509,0.5117983962302399,0.5075859214550501,0.5168536697812827,0.535593220338983,0.544001667651044,0.5345449101106774,0.5373773871150795,0.5288135593220339,0.5353623087702232,0.5284667839606261,0.5373773871150795,,,,
psqi_binary,lstm,10m,80,test,10.0,800.0,590,39528,0.5076148552924509,0.5117983962302399,0.5075859214550501,0.5168536697812827,0.535593220338983,0.544001667651044,0.5345449101106774,0.5373773871150795,0.5288135593220339,0.5353623087702232,0.5284667839606261,0.5373773871150795,0.4902087094063245,0.5840558059667148,0.5027595546788545,0.5835418206755338
psqi_binary,lstm,10m,all,test,10.0,,590,40575,0.5067898952556993,0.5112424394736272,0.5067211494090025,0.516131870113848,0.535593220338983,0.544001667651044,0.5345449101106774,0.536670951603377,0.5288135593220339,0.5353623087702232,0.5284667839606261,0.536670951603377,,,,
psqi_binary,lstm,10m,all,test,10.0,,590,40575,0.5067898952556993,0.5112424394736272,0.5067211494090025,0.516131870113848,0.535593220338983,0.544001667651044,0.5345449101106774,0.536670951603377,0.5288135593220339,0.5353623087702232,0.5284667839606261,0.536670951603377,0.4894464329924757,0.5837929646954059,0.5021231183401417,0.582420694440378
psqi_binary,lstm,40m,1,test,40.0,40.0,590,590,0.5254237288135594,0.5111697877219192,0.5042254873715548,0.5113203395522821,0.5254237288135594,0.5111697877219192,0.5042254873715548,0.5113203395522821,0.5254237288135594,0.5111697877219192,0.5042254873715548,0.5113203395522821,,,,
psqi_binary,lstm,40m,1,test,40.0,40.0,590,590,0.5254237288135594,0.5111697877219192,0.5042254873715548,0.5113203395522821,0.5254237288135594,0.5111697877219192,0.5042254873715548,0.5113203395522821,0.5254237288135594,0.5111697877219192,0.5042254873715548,0.5113203395522821,0.4636280738069257,0.5578658455940929,0.4724087832788677,0.5515397817662135
psqi_binary,lstm,40m,10,test,40.0,400.0,590,5889,0.5308201732042792,0.5226819617880071,0.5217272272927377,0.5276209968546154,0.5457627118644067,0.5364856570429304,0.5349411764705883,0.5426235393577228,0.5474576271186441,0.5332256308700738,0.5268957356646674,0.5426235393577228,,,,
psqi_binary,lstm,40m,10,test,40.0,400.0,590,5889,0.5308201732042792,0.5226819617880071,0.5217272272927377,0.5276209968546154,0.5457627118644067,0.5364856570429304,0.5349411764705883,0.5426235393577228,0.5474576271186441,0.5332256308700738,0.5268957356646674,0.5426235393577228,0.4955003634425276,0.588052014146491,0.4987751127769113,0.5764912965958271
psqi_binary,lstm,40m,12,test,40.0,480.0,590,7049,0.5314228968648035,0.5235402927326447,0.5227173813376658,0.523236597017493,0.5372881355932203,0.5271919767455326,0.5249723512497235,0.5353159851301116,0.5491525423728814,0.5347832632688276,0.52831776487419,0.5353159851301116,,,,
psqi_binary,lstm,40m,12,test,40.0,480.0,590,7049,0.5314228968648035,0.5235402927326447,0.5227173813376658,0.523236597017493,0.5372881355932203,0.5271919767455326,0.5249723512497235,0.5353159851301116,0.5491525423728814,0.5347832632688276,0.52831776487419,0.5353159851301116,0.4904337536200145,0.5812042561036111,0.4884595125786164,0.5679267301011657
psqi_binary,lstm,40m,16,test,40.0,640.0,590,8960,0.5297991071428572,0.5222729145266423,0.5213128410458392,0.5248879659758017,0.5525423728813559,0.5421139793164946,0.5398468519568916,0.5408169173933688,0.5474576271186441,0.5338278381915251,0.5282671386091472,0.5408169173933688,,,,
psqi_binary,lstm,40m,16,test,40.0,640.0,590,8960,0.5297991071428572,0.5222729145266423,0.5213128410458392,0.5248879659758017,0.5525423728813559,0.5421139793164946,0.5398468519568916,0.5408169173933688,0.5474576271186441,0.5338278381915251,0.5282671386091472,0.5408169173933688,0.4944177053993948,0.5866064962540918,0.5040492297473534,0.581369778782647
psqi_binary,lstm,40m,2,test,40.0,80.0,590,1180,0.5161016949152543,0.5146469559577992,0.5142426018567182,0.5153418105594738,0.511864406779661,0.5122583932645427,0.511055351572841,0.5222295567985733,0.535593220338983,0.5144935088999294,0.4946166639572834,0.5222295567985733,,,,
psqi_binary,lstm,40m,2,test,40.0,80.0,590,1180,0.5161016949152543,0.5146469559577992,0.5142426018567182,0.5153418105594738,0.511864406779661,0.5122583932645427,0.511055351572841,0.5222295567985733,0.535593220338983,0.5144935088999294,0.4946166639572834,0.5222295567985733,0.4737567020411107,0.570939188222663,0.473279832405156,0.5539956952613345
psqi_binary,lstm,40m,20,test,40.0,800.0,590,9686,0.5297336361759241,0.523127718651654,0.5224650143140689,0.5250444867831704,0.5508474576271186,0.5405563469177408,0.5383697824861009,0.5409790501337596,0.5491525423728814,0.5365898852331816,0.5322986327170428,0.5409790501337596,,,,
psqi_binary,lstm,40m,20,test,40.0,800.0,590,9686,0.5297336361759241,0.523127718651654,0.5224650143140689,0.5250444867831704,0.5508474576271186,0.5405563469177408,0.5383697824861009,0.5409790501337596,0.5491525423728814,0.5365898852331816,0.5322986327170428,0.5409790501337596,0.4945350672773401,0.5877382414834736,0.501890578540686,0.5798691507053452
psqi_binary,lstm,40m,25,test,40.0,1000.0,590,9888,0.5286205501618123,0.5225182215795968,0.5220080901286273,0.5243951621621232,0.5508474576271186,0.5405563469177408,0.5383697824861009,0.5398209591309686,0.5474576271186441,0.5350322528344277,0.5308521378644883,0.5398209591309686,,,,
psqi_binary,lstm,40m,25,test,40.0,1000.0,590,9888,0.5286205501618123,0.5225182215795968,0.5220080901286273,0.5243951621621232,0.5508474576271186,0.5405563469177408,0.5383697824861009,0.5398209591309686,0.5474576271186441,0.5350322528344277,0.5308521378644883,0.5398209591309686,0.4930615580814494,0.5864024984389898,0.501890578540686,0.5798691507053452
psqi_binary,lstm,40m,3,test,40.0,120.0,590,1770,0.5293785310734463,0.524841052009867,0.5248392588909145,0.5122300843733634,0.5203389830508475,0.5128200674008964,0.5120276119250317,0.5116446050330635,0.5440677966101695,0.5376379575907074,0.5373682078009905,0.5116446050330635,,,,
psqi_binary,lstm,40m,3,test,40.0,120.0,590,1770,0.5293785310734463,0.524841052009867,0.5248392588909145,0.5122300843733634,0.5203389830508475,0.5128200674008964,0.5120276119250317,0.5116446050330635,0.5440677966101695,0.5376379575907074,0.5373682078009905,0.5116446050330635,0.4639395718284125,0.5554691648261156,0.4727597985146567,0.5508721290910643
psqi_binary,lstm,40m,30,test,40.0,1200.0,590,9912,0.5284503631961259,0.5223651076777798,0.5218794292938415,0.5242096306691498,0.5508474576271186,0.5405563469177408,0.5383697824861009,0.5402378718919734,0.5474576271186441,0.534731149173702,0.53022535942099,0.5402378718919734,,,,
psqi_binary,lstm,40m,30,test,40.0,1200.0,590,9912,0.5284503631961259,0.5223651076777798,0.5218794292938415,0.5242096306691498,0.5508474576271186,0.5405563469177408,0.5383697824861009,0.5402378718919734,0.5474576271186441,0.534731149173702,0.53022535942099,0.5402378718919734,0.4933187691025466,0.5869623869394798,0.501890578540686,0.5798691507053452
psqi_binary,lstm,40m,4,test,40.0,160.0,590,2360,0.527542372881356,0.5201927642474146,0.5195172165084929,0.5267895401220628,0.5254237288135594,0.5159874462935297,0.5141176470588235,0.5345400641582416,0.5423728813559322,0.5219284531378475,0.5040534987110995,0.5345400641582416,,,,
psqi_binary,lstm,40m,4,test,40.0,160.0,590,2360,0.527542372881356,0.5201927642474146,0.5195172165084929,0.5267895401220628,0.5254237288135594,0.5159874462935297,0.5141176470588235,0.5345400641582416,0.5423728813559322,0.5219284531378475,0.5040534987110995,0.5345400641582416,0.48950071831124,0.581709467404918,0.4749394277597402,0.5530989536145092
psqi_binary,lstm,40m,5,test,40.0,200.0,590,2950,0.5332203389830509,0.5271873443815215,0.5269737838801832,0.5185213494076365,0.5423728813559322,0.5336714959061483,0.5324387151310228,0.51980914660274,0.5457627118644067,0.537690071685833,0.536815710536183,0.51980914660274,,,,
psqi_binary,lstm,40m,5,test,40.0,200.0,590,2950,0.5332203389830509,0.5271873443815215,0.5269737838801832,0.5185213494076365,0.5423728813559322,0.5336714959061483,0.5324387151310228,0.51980914660274,0.5457627118644067,0.537690071685833,0.536815710536183,0.51980914660274,0.471918146517414,0.5648985910738307,0.4939879845346488,0.5740056858797222
psqi_binary,lstm,40m,6,test,40.0,240.0,590,3540,0.5299435028248588,0.5233529050712805,0.522970395555187,0.527957442729183,0.559322033898305,0.5504522345365899,0.5492954435943541,0.5453334723042537,0.5542372881355933,0.5367462275185584,0.5255828173966216,0.5453334723042537,,,,
psqi_binary,lstm,40m,6,test,40.0,240.0,590,3540,0.5299435028248588,0.5233529050712805,0.522970395555187,0.527957442729183,0.559322033898305,0.5504522345365899,0.5492954435943541,0.5453334723042537,0.5542372881355933,0.5367462275185584,0.5255828173966216,0.5453334723042537,0.5004315503555848,0.5909962602172797,0.5126719240077846,0.5947633100192329
psqi_binary,lstm,40m,8,test,40.0,320.0,590,4719,0.5342233524051706,0.527047298148655,0.5264918819839096,0.5269176764846025,0.5372881355932203,0.5280952877277096,0.5265139823445892,0.5397977973109127,0.5338983050847458,0.51956015703714,0.512720326995444,0.5397977973109127,,,,
psqi_binary,lstm,40m,8,test,40.0,320.0,590,4719,0.5342233524051706,0.527047298148655,0.5264918819839096,0.5269176764846025,0.5372881355932203,0.5280952877277096,0.5265139823445892,0.5397977973109127,0.5338983050847458,0.51956015703714,0.512720326995444,0.5397977973109127,0.4929818781530541,0.5856692928034593,0.4904261548125901,0.5693602147480709
psqi_binary,lstm,40m,all,test,40.0,,590,9912,0.5284503631961259,0.5223651076777798,0.5218794292938415,0.5242096306691498,0.5508474576271186,0.5405563469177408,0.5383697824861009,0.5402378718919734,0.5474576271186441,0.534731149173702,0.53022535942099,0.5402378718919734,,,,
psqi_binary,lstm,40m,all,test,40.0,,590,9912,0.5284503631961259,0.5223651076777798,0.5218794292938415,0.5242096306691498,0.5508474576271186,0.5405563469177408,0.5383697824861009,0.5402378718919734,0.5474576271186441,0.534731149173702,0.53022535942099,0.5402378718919734,0.4933187691025466,0.5869623869394798,0.501890578540686,0.5798691507053452
psqi_binary,lstm,80m,1,test,80.0,80.0,590,590,0.488135593220339,0.4883438140569086,0.4872872089409653,0.5017313460491726,0.488135593220339,0.4883438140569086,0.4872872089409653,0.5017313460491726,0.488135593220339,0.4883438140569086,0.4872872089409653,0.5017313460491726,,,,
psqi_binary,lstm,80m,1,test,80.0,80.0,590,590,0.488135593220339,0.4883438140569086,0.4872872089409653,0.5017313460491726,0.488135593220339,0.4883438140569086,0.4872872089409653,0.5017313460491726,0.488135593220339,0.4883438140569086,0.4872872089409653,0.5017313460491726,0.4531652155088038,0.5457579005638885,0.4482791875813348,0.5276580478604717
psqi_binary,lstm,80m,10,test,80.0,800.0,590,4712,0.5087011884550084,0.5069483593622462,0.5067415458516685,0.5134927717618036,0.5152542372881356,0.5126637251155195,0.512543187622052,0.5222527186186291,0.5135593220338983,0.5065895378058808,0.505996715007979,0.5222527186186291,,,,
psqi_binary,lstm,80m,10,test,80.0,800.0,590,4712,0.5087011884550084,0.5069483593622462,0.5067415458516685,0.5134927717618036,0.5152542372881356,0.5126637251155195,0.512543187622052,0.5222527186186291,0.5135593220338983,0.5065895378058808,0.505996715007979,0.5222527186186291,0.4793775649329473,0.568065839388387,0.4752252944217288,0.5526557685764169
psqi_binary,lstm,80m,12,test,80.0,960.0,590,4791,0.5080359006470465,0.5060994159803278,0.5059406500700441,0.5125332291894744,0.5203389830508475,0.5173366223117812,0.5172756735503381,0.5236655896420341,0.5135593220338983,0.5065895378058808,0.505996715007979,0.5236655896420341,,,,
psqi_binary,lstm,80m,12,test,80.0,960.0,590,4791,0.5080359006470465,0.5060994159803278,0.5059406500700441,0.5125332291894744,0.5203389830508475,0.5173366223117812,0.5172756735503381,0.5236655896420341,0.5135593220338983,0.5065895378058808,0.505996715007979,0.5236655896420341,0.480506748300625,0.5701239582900829,0.4786361311944962,0.5583464363156134
psqi_binary,lstm,80m,2,test,80.0,160.0,590,1180,0.5262711864406779,0.5245949576717739,0.5242453682767255,0.5372239400572096,0.5220338983050847,0.5210019803356147,0.5204413392363032,0.5428667384683088,0.5491525423728814,0.5287611900543144,0.5114008542857499,0.5428667384683088,,,,
psqi_binary,lstm,80m,2,test,80.0,160.0,590,1180,0.5262711864406779,0.5245949576717739,0.5242453682767255,0.5372239400572096,0.5220338983050847,0.5210019803356147,0.5204413392363032,0.5428667384683088,0.5491525423728814,0.5287611900543144,0.5114008542857499,0.5428667384683088,0.4948373764682166,0.5887102346346083,0.4790877984754741,0.5585975607702051
psqi_binary,lstm,80m,3,test,80.0,240.0,590,1770,0.5271186440677966,0.5244704628889738,0.5243516578776276,0.5314814171430924,0.5271186440677966,0.5253737738711508,0.5250433523092859,0.5430288712086996,0.535593220338983,0.5322586248827432,0.5322337962962963,0.5430288712086996,,,,
psqi_binary,lstm,80m,3,test,80.0,240.0,590,1770,0.5271186440677966,0.5244704628889738,0.5243516578776276,0.5314814171430924,0.5271186440677966,0.5253737738711508,0.5250433523092859,0.5430288712086996,0.535593220338983,0.5322586248827432,0.5322337962962963,0.5430288712086996,0.4974302477337633,0.5871920576286611,0.4866204867851092,0.5639901897522229
psqi_binary,lstm,80m,4,test,80.0,320.0,590,2359,0.5142009325985587,0.5122502354560603,0.5119838977543505,0.5200065203216693,0.5203389830508475,0.5176377259725069,0.517532326807773,0.5270356344601559,0.5152542372881356,0.5033295116330241,0.499085684430512,0.5270356344601559,,,,
psqi_binary,lstm,80m,4,test,80.0,320.0,590,2359,0.5142009325985587,0.5122502354560603,0.5119838977543505,0.5200065203216693,0.5203389830508475,0.5176377259725069,0.517532326807773,0.5270356344601559,0.5152542372881356,0.5033295116330241,0.499085684430512,0.5270356344601559,0.483226885923631,0.5697560397786429,0.478646325238326,0.5557409778287862
psqi_binary,lstm,80m,5,test,80.0,400.0,590,2943,0.5158002038735984,0.5135857673578459,0.51336942452325,0.5178643588048528,0.5203389830508475,0.5191432442761352,0.518645045045045,0.5248468424648809,0.5186440677966102,0.5157789899130274,0.5157001479837218,0.5248468424648809,,,,
psqi_binary,lstm,80m,5,test,80.0,400.0,590,2943,0.5158002038735984,0.5135857673578459,0.51336942452325,0.5178643588048528,0.5203389830508475,0.5191432442761352,0.518645045045045,0.5248468424648809,0.5186440677966102,0.5157789899130274,0.5157001479837218,0.5248468424648809,0.4810171155517416,0.5691929682411658,0.4800199787502934,0.558970315540374
psqi_binary,lstm,80m,6,test,80.0,480.0,590,3520,0.5088068181818182,0.5066684801566022,0.50645472665566,0.5180456348689862,0.5338983050847458,0.532808718109069,0.5322522522522521,0.5265492362389838,0.5067796610169492,0.4967457642821573,0.4942127140588774,0.5265492362389838,,,,
psqi_binary,lstm,80m,6,test,80.0,480.0,590,3520,0.5088068181818182,0.5066684801566022,0.50645472665566,0.5180456348689862,0.5338983050847458,0.532808718109069,0.5322522522522521,0.5265492362389838,0.5067796610169492,0.4967457642821573,0.4942127140588774,0.5265492362389838,0.484844293813678,0.5734285479836634,0.4953586700021926,0.5731754771368327
psqi_binary,lstm,80m,8,test,80.0,640.0,590,4416,0.5083786231884058,0.506488896288586,0.5062932936711941,0.5135079473641919,0.5186440677966102,0.5160800935737531,0.5159519765198,0.5200176029832424,0.5033898305084745,0.4954371214490034,0.4943236831559209,0.5200176029832424,,,,
psqi_binary,lstm,80m,8,test,80.0,640.0,590,4416,0.5083786231884058,0.506488896288586,0.5062932936711941,0.5135079473641919,0.5186440677966102,0.5160800935737531,0.5159519765198,0.5200176029832424,0.5033898305084745,0.4954371214490034,0.4943236831559209,0.5200176029832424,0.4771172297621904,0.5665445148793096,0.4783404111360821,0.5557068922772154
psqi_binary,lstm,80m,all,test,80.0,,590,4808,0.5083194675540765,0.5062721123231102,0.506131796073982,0.5121574658728937,0.5186440677966102,0.5154778862523017,0.5154368471584402,0.5234108096214201,0.5135593220338983,0.5065895378058808,0.505996715007979,0.5234108096214201,,,,
psqi_binary,lstm,80m,all,test,80.0,,590,4808,0.5083194675540765,0.5062721123231102,0.506131796073982,0.5121574658728937,0.5186440677966102,0.5154778862523017,0.5154368471584402,0.5234108096214201,0.5135593220338983,0.5065895378058808,0.505996715007979,0.5234108096214201,0.4804797683594871,0.5699926604175505,0.4783023165374075,0.5562966200466201
psqi_binary,lstm,120m,1,test,120.0,120.0,590,590,0.4847457627118644,0.5111234640818075,0.4491400491400491,0.5072670210425136,0.4847457627118644,0.5111234640818075,0.4491400491400491,0.5072670210425136,0.4847457627118644,0.5111234640818075,0.4491400491400491,0.5072670210425136,,,,
psqi_binary,lstm,120m,1,test,120.0,120.0,590,590,0.4847457627118644,0.5111234640818075,0.4491400491400491,0.5072670210425136,0.4847457627118644,0.5111234640818075,0.4491400491400491,0.5072670210425136,0.4847457627118644,0.5111234640818075,0.4491400491400491,0.5072670210425136,0.4637087130224129,0.5549689841350935,0.4799131944444444,0.5424364889362742
psqi_binary,lstm,120m,10,test,120.0,1200.0,590,3104,0.5,0.5115175888468371,0.4947636906709625,0.5162923998748057,0.5016949152542373,0.5218821294977359,0.484419027690259,0.5348180059989114,0.5186440677966102,0.5299308619671333,0.5154368471584402,0.5348180059989114,,,,
psqi_binary,lstm,120m,10,test,120.0,1200.0,590,3104,0.5,0.5115175888468371,0.4947636906709625,0.5162923998748057,0.5016949152542373,0.5218821294977359,0.484419027690259,0.5348180059989114,0.5186440677966102,0.5299308619671333,0.5154368471584402,0.5348180059989114,0.4859255751639986,0.5839701492537314,0.4868851405684473,0.5580698976737976
psqi_binary,lstm,120m,2,test,120.0,240.0,590,1180,0.4915254237288136,0.5096758503283187,0.477991594779916,0.5083006172625045,0.5152542372881356,0.5391608472593776,0.4897119839359373,0.5118878041436496,0.5067796610169492,0.5087899107111837,0.5065400898454004,0.5118878041436496,,,,
psqi_binary,lstm,120m,2,test,120.0,240.0,590,1180,0.4915254237288136,0.5096758503283187,0.477991594779916,0.5083006172625045,0.5152542372881356,0.5391608472593776,0.4897119839359373,0.5118878041436496,0.5067796610169492,0.5087899107111837,0.5065400898454004,0.5118878041436496,0.4683928555039986,0.5588071276551049,0.508094952412978,0.5733305691432548
psqi_binary,lstm,120m,3,test,120.0,360.0,590,1766,0.5028312570781427,0.5180218967532401,0.4951381074435275,0.5243157911068359,0.523728813559322,0.5442390763066162,0.5068987772850434,0.5364856570429305,0.5101694915254237,0.5281647731878771,0.4976889153368233,0.5364856570429305,,,,
psqi_binary,lstm,120m,3,test,120.0,360.0,590,1766,0.5028312570781427,0.5180218967532401,0.4951381074435275,0.5243157911068359,0.523728813559322,0.5442390763066162,0.5068987772850434,0.5364856570429305,0.5101694915254237,0.5281647731878771,0.4976889153368233,0.5364856570429305,0.4878970030269491,0.5823736095489337,0.5087496114487202,0.5806049966394511
psqi_binary,lstm,120m,4,test,120.0,480.0,590,2343,0.5044814340588989,0.5181791143423662,0.4984944082101535,0.5215106117353309,0.5050847457627119,0.5262018089381464,0.4858909472880061,0.5367172752434886,0.5152542372881356,0.521094627615838,0.5150536274701398,0.5367172752434886,,,,
psqi_binary,lstm,120m,4,test,120.0,480.0,590,2343,0.5044814340588989,0.5181791143423662,0.4984944082101535,0.5215106117353309,0.5050847457627119,0.5262018089381464,0.4858909472880061,0.5367172752434886,0.5152542372881356,0.521094627615838,0.5150536274701398,0.5367172752434886,0.4890955808376021,0.5843515335728353,0.4909088294506759,0.5623309649117758
psqi_binary,lstm,120m,5,test,120.0,600.0,590,2801,0.5005355230274902,0.5126194778394916,0.4950478310413581,0.5182312146443128,0.5084745762711864,0.5290159700749285,0.4907738095238094,0.5331735167749483,0.511864406779661,0.5255069543364718,0.5060522552063348,0.5331735167749483,,,,
psqi_binary,lstm,120m,5,test,120.0,600.0,590,2801,0.5005355230274902,0.5126194778394916,0.4950478310413581,0.5182312146443128,0.5084745762711864,0.5290159700749285,0.4907738095238094,0.5331735167749483,0.511864406779661,0.5255069543364718,0.5060522552063348,0.5331735167749483,0.4864693883242109,0.5803032121548755,0.4939411594386137,0.5650352483164983
psqi_binary,lstm,120m,6,test,120.0,720.0,590,3005,0.5001663893510815,0.511811932843094,0.4946840906505736,0.5172571295585439,0.5,0.5209267044204333,0.4809606031055882,0.5348759105490509,0.5203389830508475,0.530886287044436,0.517777565985369,0.5348759105490509,,,,
psqi_binary,lstm,120m,6,test,120.0,720.0,590,3005,0.5001663893510815,0.511811932843094,0.4946840906505736,0.5172571295585439,0.5,0.5209267044204333,0.4809606031055882,0.5348759105490509,0.5203389830508475,0.530886287044436,0.517777565985369,0.5348759105490509,0.4860117179828718,0.583941690477466,0.4864743165018774,0.5565350760123909
psqi_binary,lstm,120m,8,test,120.0,960.0,590,3097,0.4995156603164352,0.5109808612440192,0.494148781914777,0.5159378410140183,0.5033898305084745,0.5237408655572154,0.4858410738239064,0.5350380432894417,0.5186440677966102,0.5299308619671333,0.5154368471584402,0.5350380432894417,,,,
psqi_binary,lstm,120m,8,test,120.0,960.0,590,3097,0.4995156603164352,0.5109808612440192,0.494148781914777,0.5159378410140183,0.5033898305084745,0.5237408655572154,0.4858410738239064,0.5350380432894417,0.5186440677966102,0.5299308619671333,0.5154368471584402,0.5350380432894417,0.4861677034589171,0.5845563155126124,0.4885274460889691,0.5611171519727124
psqi_binary,lstm,120m,all,test,120.0,,590,3104,0.5,0.5115175888468371,0.4947636906709625,0.5162923998748057,0.5016949152542373,0.5218821294977359,0.484419027690259,0.5348180059989114,0.5186440677966102,0.5299308619671333,0.5154368471584402,0.5348180059989114,,,,
psqi_binary,lstm,120m,all,test,120.0,,590,3104,0.5,0.5115175888468371,0.4947636906709625,0.5162923998748057,0.5016949152542373,0.5218821294977359,0.484419027690259,0.5348180059989114,0.5186440677966102,0.5299308619671333,0.5154368471584402,0.5348180059989114,0.4859255751639986,0.5839701492537314,0.4868851405684473,0.5580698976737976
psqi_binary,lstm,240m,1,test,240.0,240.0,590,590,0.5406779661016949,0.5272962049357839,0.5218757756174288,0.5281126590927514,0.5406779661016949,0.5272962049357839,0.5218757756174288,0.5281126590927514,0.5406779661016949,0.5272962049357839,0.5218757756174288,0.5281126590927514,,,,
psqi_binary,lstm,240m,1,test,240.0,240.0,590,590,0.5406779661016949,0.5272962049357839,0.5218757756174288,0.5281126590927514,0.5406779661016949,0.5272962049357839,0.5218757756174288,0.5281126590927514,0.5406779661016949,0.5272962049357839,0.5218757756174288,0.5281126590927514,0.4778074437928161,0.5748634430505546,0.4880917393092738,0.5631595452804423
psqi_binary,lstm,240m,2,test,240.0,480.0,590,1167,0.5355612682090831,0.5162152804493344,0.4995616811190582,0.529654772403099,0.5474576271186441,0.5226870027446757,0.4932298754065452,0.5388365817785962,0.535593220338983,0.500642740506549,0.4236720142602495,0.5388365817785962,,,,
psqi_binary,lstm,240m,2,test,240.0,480.0,590,1167,0.5355612682090831,0.5162152804493344,0.4995616811190582,0.529654772403099,0.5474576271186441,0.5226870027446757,0.4932298754065452,0.5388365817785962,0.535593220338983,0.500642740506549,0.4236720142602495,0.5388365817785962,0.4888120443590952,0.5849240263119241,0.4876096009285579,0.5546614850591071
psqi_binary,lstm,240m,3,test,240.0,720.0,590,1371,0.5309992706053975,0.5128654970760234,0.4954322623480021,0.5180986654670865,0.5491525423728814,0.5242446351434296,0.494498556998557,0.5256459252568068,0.5271186440677966,0.4967689261022131,0.4432437368725457,0.5256459252568068,,,,
psqi_binary,lstm,240m,3,test,240.0,720.0,590,1371,0.5309992706053975,0.5128654970760234,0.4954322623480021,0.5180986654670865,0.5491525423728814,0.5242446351434296,0.494498556998557,0.5256459252568068,0.5271186440677966,0.4967689261022131,0.4432437368725457,0.5256459252568068,0.4764833493210705,0.5716958823494915,0.4898533170292289,0.5546043461927336
psqi_binary,lstm,240m,4,test,240.0,960.0,590,1399,0.5275196568977841,0.509630414215787,0.491571169611896,0.5115482703303031,0.5457627118644067,0.5208282666851961,0.4906977942692228,0.5233297432512247,0.5288135593220339,0.4977243511795157,0.4408612414094032,0.5233297432512247,,,,
psqi_binary,lstm,240m,4,test,240.0,960.0,590,1399,0.5275196568977841,0.509630414215787,0.491571169611896,0.5115482703303031,0.5457627118644067,0.5208282666851961,0.4906977942692228,0.5233297432512247,0.5288135593220339,0.4977243511795157,0.4408612414094032,0.5233297432512247,0.4746377225651813,0.5701875737828772,0.4869646393965237,0.5511554118773947
psqi_binary,lstm,240m,5,test,240.0,1200.0,590,1400,0.5278571428571428,0.5098056130664826,0.4917816803057439,0.5121943705018239,0.5457627118644067,0.5208282666851961,0.4906977942692228,0.5239203696626481,0.5288135593220339,0.4977243511795157,0.4408612414094032,0.5239203696626481,,,,
psqi_binary,lstm,240m,5,test,240.0,1200.0,590,1400,0.5278571428571428,0.5098056130664826,0.4917816803057439,0.5121943705018239,0.5457627118644067,0.5208282666851961,0.4906977942692228,0.5239203696626481,0.5288135593220339,0.4977243511795157,0.4408612414094032,0.5239203696626481,0.4750797367612308,0.570972856187132,0.4869646393965237,0.5511554118773947
psqi_binary,lstm,240m,all,test,240.0,,590,1400,0.5278571428571428,0.5098056130664826,0.4917816803057439,0.5121943705018239,0.5457627118644067,0.5208282666851961,0.4906977942692228,0.5239203696626481,0.5288135593220339,0.4977243511795157,0.4408612414094032,0.5239203696626481,,,,
psqi_binary,lstm,240m,all,test,240.0,,590,1400,0.5278571428571428,0.5098056130664826,0.4917816803057439,0.5121943705018239,0.5457627118644067,0.5208282666851961,0.4906977942692228,0.5239203696626481,0.5288135593220339,0.4977243511795157,0.4408612414094032,0.5239203696626481,0.4750797367612308,0.570972856187132,0.4869646393965237,0.5511554118773947
sex_binary,lstm,30s,1,test,0.5,0.5,1433,1433,0.6468946266573622,0.6451438238289802,0.6452012244530476,0.7010587275756972,0.6468946266573622,0.6451438238289802,0.6452012244530476,0.7010587275756972,0.6468946266573622,0.6451438238289802,0.6452012244530476,0.7010587275756972,,,,
sex_binary,lstm,30s,1,test,0.5,0.5,1430,1430,0.627972027972028,0.6286092196149513,0.6279254481464744,0.6872737961103219,0.627972027972028,0.6286092196149513,0.6279254481464744,0.6872737961103219,0.627972027972028,0.6286092196149513,0.6279254481464744,0.6872737961103219,0.6587732387869532,0.7137472279133709,0.6044219301505059,0.6542847744288672
sex_binary,lstm,30s,10,test,0.5,5.0,1433,14330,0.6805303558967202,0.6794180315393892,0.6795613980535223,0.7492688516337497,0.73831123517097,0.7369171242258566,0.7372281512450947,0.815378281450609,0.7369155617585486,0.7371883426796384,0.736767376444271,0.815378281450609,,,,
sex_binary,lstm,30s,10,test,0.5,5.0,1430,14300,0.6782517482517483,0.6757943467398226,0.6758022326951114,0.7497827756821633,0.7321678321678322,0.7295497966981825,0.7298307872244183,0.817173369911331,0.7251748251748251,0.7237789643854406,0.7240573715555045,0.817173369911331,0.7940640565091993,0.8385296935958595,0.705938099935103,0.7498867424697984
sex_binary,lstm,30s,100,test,0.5,50.0,1433,143170,0.6841866312775022,0.6831105666466353,0.6832520135576475,0.7564576872189082,0.73831123517097,0.737089806478804,0.7373653103744551,0.8239714186481223,0.7418004187020237,0.7407863774190149,0.7410133017592397,0.8239714186481223,,,,
sex_binary,lstm,30s,100,test,0.5,50.0,1430,143000,0.6869020979020979,0.6844490765688531,0.6845041179991689,0.7574665179052564,0.7440559440559441,0.7414294812129525,0.7417886236620251,0.8251800323323373,0.7405594405594406,0.7377798461764562,0.7380847648993201,0.8251800323323373,0.8026833688286293,0.8457048326892804,0.7177679167704161,0.7612061920400037
sex_binary,lstm,30s,12,test,0.5,6.0,1433,17196,0.6804489416143289,0.6796592988905409,0.6797365904172586,0.7500127574027895,0.7376133984647593,0.7369376119507827,0.7370385553928746,0.8172104694225584,0.7397069085833915,0.7403297938349509,0.7396455439709109,0.8172104694225584,,,,
sex_binary,lstm,30s,12,test,0.5,6.0,1430,17160,0.6758741258741259,0.6737005829618381,0.6737826834690943,0.748190423314119,0.7363636363636363,0.7338117866065743,0.734132449984934,0.8163640817126341,0.7314685314685314,0.7301719492480282,0.7304477418518759,0.8163640817126341,0.7937034769052211,0.8377105222342712,0.7095109611204933,0.7555252956700313
sex_binary,lstm,30s,120,test,0.5,60.0,1433,171790,0.6842656732056581,0.6831736971803104,0.6833179126701812,0.756002354453008,0.7390090718771808,0.7378176085166497,0.7380875585945899,0.8230582514799942,0.7376133984647593,0.7364771259429231,0.736730186651031,0.8230582514799942,,,,
sex_binary,lstm,30s,120,test,0.5,60.0,1430,171600,0.6881993006993007,0.685763116641356,0.6858303254431473,0.7574213024652047,0.7419580419580419,0.7392397001910547,0.7395676784966028,0.8248155587125853,0.7419580419580419,0.7391221280556508,0.7394246671265801,0.8248155587125853,0.8023714507928273,0.8452988265557886,0.7158430733480005,0.7603250914824506
sex_binary,lstm,30s,16,test,0.5,8.0,1433,22928,0.6815247732030705,0.6799586879660957,0.6801300344507566,0.7502604448677761,0.7418004187020237,0.7401532091582081,0.740511371867304,0.8131031683778794,0.7452896022330775,0.7445405091102083,0.7446803629229679,0.8131031683778794,,,,
sex_binary,lstm,30s,16,test,0.5,8.0,1430,22880,0.6829982517482518,0.6802549233331701,0.6801768122727094,0.7524509044481458,0.7412587412587412,0.7383334149806495,0.7386081364948691,0.8181688139910841,0.7377622377622378,0.7353892127565766,0.7357430609454115,0.8181688139910841,0.7946717880522746,0.8394059173274699,0.7161859483623346,0.7596258746674541
sex_binary,lstm,30s,160,test,0.5,80.0,1433,229030,0.6859363402174388,0.6847931613204223,0.68494859783433,0.7571722211785246,0.7424982554082344,0.7414566187058782,0.7416932043501774,0.8245880016077987,0.7418004187020237,0.7406712559170501,0.7409313006938336,0.8245880016077987,,,,
sex_binary,lstm,30s,160,test,0.5,80.0,1430,228800,0.6889947552447553,0.6865654852300005,0.686639008146793,0.7580948061590652,0.7440559440559441,0.7414882672806544,0.7418563770915167,0.8255229510605986,0.7468531468531469,0.7442904031744476,0.7446776188719373,0.8255229510605986,0.802951982855565,0.8455848733997366,0.7181469941191644,0.7615037639398836
sex_binary,lstm,30s,2,test,0.5,1.0,1433,2866,0.625261688764829,0.6242224420587628,0.6242866768221232,0.6838119656118415,0.6664340544312631,0.6644861873709762,0.6645638675050439,0.7269532606702023,0.6057222609909281,0.6125068780219395,0.5978895340376829,0.7269532606702023,,,,
sex_binary,lstm,30s,2,test,0.5,1.0,1430,2860,0.6202797202797202,0.6175231470141577,0.617066101702438,0.6721990888159506,0.6482517482517482,0.6449566452750698,0.6442854677243794,0.7116621760642728,0.6216783216783217,0.6265076176946064,0.618670613883972,0.7116621760642728,0.6839363992549266,0.7377800651693239,0.6201628073720284,0.6706340574278404
sex_binary,lstm,30s,20,test,0.5,10.0,1433,28660,0.6820655966503838,0.6810479763981409,0.6811782380400209,0.7534732522995032,0.7466852756454989,0.7451327019211632,0.7454949764786178,0.8209880156565242,0.7431960921144453,0.742587346000601,0.7426666354359419,0.8209880156565242,,,,
sex_binary,lstm,30s,20,test,0.5,10.0,1430,28600,0.6864685314685315,0.6839565472982903,0.6839897428544688,0.7542452995640033,0.7433566433566433,0.7407583402733552,0.7411172295335808,0.8220918042423946,0.7412587412587412,0.739156419928477,0.7395448754678937,0.8220918042423946,0.7995402695844293,0.8433049850560769,0.7172060079441395,0.7614214279331888
sex_binary,lstm,30s,200,test,0.5,100.0,1433,286270,0.6844971530373424,0.6834084563942691,0.6835520006988494,0.7563358034269883,0.7397069085833915,0.7386029713054778,0.7388517978370746,0.8234758108261041,0.735519888346127,0.7345239628333158,0.734733968120621,0.8234758108261041,,,,
sex_binary,lstm,30s,200,test,0.5,100.0,1430,286000,0.6880909090909091,0.6856164698966345,0.6856710386279687,0.7578801918140401,0.7391608391608392,0.7366727085680693,0.7370207650995262,0.825413217067555,0.7419580419580419,0.7392397001910547,0.7395676784966028,0.825413217067555,0.8031002278649785,0.8457378840317765,0.7144491031731743,0.7577906972514711
sex_binary,lstm,30s,25,test,0.5,12.5,1433,35825,0.6834333565945568,0.6821118356611291,0.6822826461588568,0.754593012319952,0.7424982554082344,0.7411112541999836,0.7414325008251733,0.8219128900960387,0.7369155617585486,0.7353463986482004,0.7356793557367465,0.8219128900960387,,,,
sex_binary,lstm,30s,25,test,0.5,12.5,1430,35750,0.6847272727272727,0.6819785430852887,0.6819090889875503,0.7523860896487532,0.7377622377622378,0.7346249938764513,0.7348052691782152,0.8195698819379806,0.7356643356643356,0.7324939989222554,0.7326436495076656,0.8195698819379806,0.7968489333330214,0.8401307341649938,0.7116023822333082,0.7573807104815221
sex_binary,lstm,30s,250,test,0.5,125.0,1433,357820,0.6852104410038566,0.684127390913262,0.6842708364716965,0.7565503272023131,0.7431960921144453,0.7421844207437239,0.7424132298578384,0.8235597129377057,0.73831123517097,0.7372049279807689,0.7374515393804368,0.8235597129377057,,,,
sex_binary,lstm,30s,250,test,0.5,125.0,1430,357500,0.68833006993007,0.6858604614706314,0.6859178776992801,0.7584109672228482,0.7440559440559441,0.7416058394160584,0.7419887247623385,0.8257639739381768,0.7433566433566433,0.7406995542056533,0.7410487621350241,0.8257639739381768,0.8034186253534092,0.8459040059832728,0.7185454253799958,0.7616679164803052
sex_binary,lstm,30s,3,test,0.5,1.5,1433,4299,0.6499185857176087,0.6486429971655395,0.6487496645610994,0.716558070884493,0.7103977669225401,0.7079777249649757,0.7081413398913337,0.7779052569550948,0.7041172365666434,0.7015426281263293,0.7016237069863008,0.7779052569550948,,,,
sex_binary,lstm,30s,3,test,0.5,1.5,1430,4290,0.6454545454545455,0.6428403468377994,0.6426059532756314,0.7097194053898115,0.7076923076923077,0.7051192867290452,0.7052564102564103,0.7701680301768481,0.6692307692307692,0.6660314505462206,0.6656002697386016,0.7701680301768481,0.744773268961192,0.7941108813950006,0.6800775082214606,0.7296367960268407
sex_binary,lstm,30s,30,test,0.5,15.0,1433,42990,0.6856013026285183,0.6845436375532843,0.6846861674650501,0.7556513752358256,0.7522679692951849,0.7511853612278586,0.7514541239468135,0.8225002048772493,0.7445917655268667,0.7438702678233451,0.7439982271926775,0.8225002048772493,,,,
sex_binary,lstm,30s,30,test,0.5,15.0,1430,42900,0.6853613053613054,0.6828703930501805,0.6829046783571265,0.7548065785964282,0.7412587412587412,0.7386861313868613,0.7390351353110962,0.8218997697545681,0.7440559440559441,0.7416646254837603,0.7420533221884018,0.8218997697545681,0.7988571377802275,0.8429965653149053,0.7155761062252375,0.7601460909792765
sex_binary,lstm,30s,320,test,0.5,160.0,1433,457940,0.6859697777001353,0.684863678974973,0.6850126765213052,0.7570921330891494,0.741102581995813,0.7399434538792043,0.7402099164741773,0.824308978306426,0.7452896022330775,0.7441951446043138,0.7444528316636252,0.824308978306426,,,,
sex_binary,lstm,30s,320,test,0.5,160.0,1430,457600,0.6880878496503496,0.685605817983638,0.6856579108366727,0.758359574359783,0.7405594405594406,0.737956204379562,0.7382956189562901,0.8256091706265614,0.7412587412587412,0.7383922010483516,0.738681981255828,0.8256091706265614,0.8031259248094257,0.8462932015864894,0.7149314202648684,0.7590035678913029
sex_binary,lstm,30s,4,test,0.5,2.0,1433,5732,0.6620725750174459,0.6608152260869226,0.6609419523687329,0.730288491557106,0.7250523377529658,0.723319128510718,0.7236244909147871,0.7927422722252792,0.7159804605722261,0.7178869545874943,0.7159007712455423,0.7927422722252792,,,,
sex_binary,lstm,30s,4,test,0.5,2.0,1430,5720,0.6615384615384615,0.6588693479645324,0.6586960281842559,0.7271044187527556,0.7160839160839161,0.7136432665458287,0.7138624284385005,0.7892989761426541,0.7104895104895105,0.7111546563464459,0.7104328686720469,0.7892989761426541,0.7648402776130178,0.8120222890726376,0.6896187921114147,0.7379238181728571
sex_binary,lstm,30s,40,test,0.5,20.0,1433,57310,0.683964404117955,0.6830456952307709,0.6831575796085358,0.7554783313456259,0.7459874389392882,0.7449805073931419,0.7452130860550359,0.8224631318511928,0.7431960921144453,0.7426449067515835,0.7426987782505172,0.8224631318511928,,,,
sex_binary,lstm,30s,40,test,0.5,20.0,1430,57200,0.685506993006993,0.6830660608435801,0.6831175623435255,0.7558247856757948,0.7398601398601399,0.7374614216430706,0.7378246881259167,0.8231009650712782,0.737062937062937,0.7346004996815755,0.734939236367867,0.8231009650712782,0.8006336238864091,0.843930436542856,0.7141599672007726,0.7582157799975435
sex_binary,lstm,30s,400,test,0.5,200.0,1433,572340,0.6853880560505993,0.6843014114270756,0.6844461811430318,0.756850656912519,0.7431960921144453,0.7421844207437239,0.7424132298578384,0.8240221501574627,0.7431960921144453,0.7421844207437239,0.7424132298578384,0.8240221501574627,,,,
sex_binary,lstm,30s,400,test,0.5,200.0,1430,572000,0.6880262237762238,0.6855474819967667,0.6856003077937299,0.7583022752412679,0.7412587412587412,0.7386861313868613,0.7390351353110962,0.8255121736148532,0.7405594405594406,0.7378974183118601,0.738226405319057,0.8255121736148532,0.8030582104331611,0.8458630186304573,0.7157950307939026,0.7594415208666936
sex_binary,lstm,30s,5,test,0.5,2.5,1433,7165,0.6695045359385904,0.6684022696496794,0.6685274914749968,0.7408480747392205,0.7271458478715981,0.7255025346242552,0.7258106111655114,0.8053334426011995,0.7208653175157014,0.7192976807895384,0.7195804469492388,0.8053334426011995,,,,
sex_binary,lstm,30s,5,test,0.5,2.5,1430,7150,0.6693706293706294,0.6668711115465634,0.6668166352536882,0.7356989369519424,0.7230769230769231,0.7207073923480135,0.7209789093403183,0.8007749963258708,0.7160839160839161,0.713290550139617,0.7134149712516584,0.8007749963258708,0.7772053271680107,0.8228362270896505,0.6968995702557693,0.7429359800472295
sex_binary,lstm,30s,50,test,0.5,25.0,1433,71620,0.6832169784976264,0.6821054091127818,0.6822524217629697,0.7555629905728767,0.7369155617585486,0.7359220061580247,0.7361337888693249,0.8232309337329415,0.7390090718771808,0.7381054122715618,0.7382921912783271,0.8232309337329415,,,,
sex_binary,lstm,30s,50,test,0.5,25.0,1430,71500,0.6869370629370629,0.6845073237642678,0.6845698708950712,0.7573800162641455,0.7426573426573426,0.7403223436045657,0.7407076733263565,0.8253132807524616,0.7440559440559441,0.7416646254837603,0.7420533221884018,0.8253132807524616,0.8024266071554506,0.8454534821122694,0.716893605281404,0.7613909175428688
sex_binary,lstm,30s,500,test,0.5,250.0,1433,715340,0.6859199821064109,0.684818211672499,0.6849667011581404,0.7571365528968655,0.7390090718771808,0.737990290769597,0.7382134455620424,0.8240299550050536,0.741102581995813,0.7399434538792043,0.7402099164741773,0.8240299550050536,,,,
sex_binary,lstm,30s,500,test,0.5,250.0,1430,715000,0.6884083916083916,0.6859446823102925,0.6860044012311992,0.7585812301102239,0.7419580419580419,0.7394160583941606,0.7397742017093916,0.8257287022975554,0.7419580419580419,0.7392984862587566,0.7396375837270406,0.8257287022975554,0.8032541717794802,0.846021608098509,0.7170558116590159,0.760886335140877
sex_binary,lstm,30s,6,test,0.5,3.0,1433,8598,0.669806931844615,0.6685507243548968,0.6686909954303948,0.7376857120123976,0.7320307048150733,0.7304244666362277,0.7307455932608108,0.7993198075324583,0.7229588276343336,0.7236108346894257,0.72290485215205,0.7993198075324583,,,,
sex_binary,lstm,30s,6,test,0.5,3.0,1430,8580,0.6695804195804196,0.6669548816930387,0.6668482378901055,0.7359347801237774,0.7223776223776224,0.7195659628668005,0.7197295193127495,0.8002704159114289,0.7237762237762237,0.7229069710478616,0.7230545050895507,0.8002704159114289,0.7767980711580327,0.8232552608981568,0.6951508426024111,0.7408336768245276
sex_binary,lstm,30s,60,test,0.5,30.0,1433,85930,0.6843709996508787,0.6833506008240207,0.683482796718046,0.7556987174519739,0.7390090718771808,0.7378751692676321,0.7381305579986318,0.8225333754795103,0.7390090718771808,0.7382780945245091,0.7384025600274902,0.8225333754795103,,,,
sex_binary,lstm,30s,60,test,0.5,30.0,1430,85800,0.6873659673659673,0.6848923071898627,0.6849431992103088,0.7566095306912262,0.7391608391608392,0.7367314946357713,0.7370871330475446,0.8239337676970557,0.7398601398601399,0.7374026355753687,0.7377590317256557,0.8239337676970557,0.8012939178238646,0.8441974065063157,0.7135752344040819,0.7576133189353854
sex_binary,lstm,30s,8,test,0.5,4.0,1433,11464,0.6740230286113049,0.6728615205404076,0.673000699971831,0.7464822240937596,0.7334263782274948,0.7321678744668314,0.7324401736138266,0.8105158614015164,0.729937194696441,0.7304859298110056,0.7298614213071863,0.8105158614015164,,,,
sex_binary,lstm,30s,8,test,0.5,4.0,1430,11440,0.679020979020979,0.6767280654484887,0.676792148408377,0.7478836403272424,0.7426573426573426,0.739969627198354,0.7403084478712044,0.8160427178758635,0.737062937062937,0.7361877235095282,0.7363569321533923,0.8160427178758635,0.7925702161256182,0.8367803867245707,0.7166840309152547,0.7623244001758296
sex_binary,lstm,30s,80,test,0.5,40.0,1433,114550,0.6857354866870362,0.6846960412400551,0.6848332313188294,0.7562321678195256,0.743893928820656,0.7427395405286223,0.7430108877251296,0.8230563002680964,0.7418004187020237,0.7407863774190149,0.7410133017592397,0.8230563002680964,,,,
sex_binary,lstm,30s,80,test,0.5,40.0,1430,114400,0.6880856643356643,0.6856107015137413,0.6856650728595655,0.7578785112428355,0.7426573426573426,0.7401459854014598,0.7405128205128205,0.8255719394503502,0.7412587412587412,0.7388624895899671,0.7392342328134118,0.8255719394503502,0.8033659987418901,0.8458388760443497,0.7165609430058646,0.761235313249357
sex_binary,lstm,30s,all,test,0.5,,1433,1518580,0.6851947213844513,0.6838455829962377,0.6840071128005363,0.7564527451576957,0.7404047452896022,0.7392732125923411,0.7395309293462328,0.8237880047297377,0.7397069085833915,0.7386029713054778,0.7388517978370746,0.8237880047297377,,,,
sex_binary,lstm,30s,all,test,0.5,,1430,1518240,0.6887343239540521,0.6856715850949484,0.6858900712761058,0.7584859931775831,0.7405594405594406,0.737956204379562,0.7382956189562901,0.8254622054573065,0.7426573426573426,0.7398520550629502,0.740166888855972,0.8254622054573065,0.8029916023341357,0.8459422855081741,0.7150141679112081,0.7585528499351758
sex_binary,lstm,10m,1,test,10.0,10.0,1433,1433,0.6706210746685276,0.6723642054079788,0.670550323226734,0.7200440193404123,0.6706210746685276,0.6723642054079788,0.670550323226734,0.7200440193404123,0.6706210746685276,0.6723642054079788,0.670550323226734,0.7200440193404123,,,,
sex_binary,lstm,10m,1,test,10.0,10.0,1430,1430,0.6622377622377622,0.6640229265664037,0.6621649052389899,0.7239661000342918,0.6622377622377622,0.6640229265664037,0.6621649052389899,0.7239661000342918,0.6622377622377622,0.6640229265664037,0.6621649052389899,0.7239661000342918,0.6971022916553471,0.7487281135465828,0.6398614990387288,0.6880943119293763
sex_binary,lstm,10m,10,test,10.0,100.0,1433,14313,0.6985258156920282,0.7004552320288682,0.6984506336779657,0.7729580282054903,0.7529658060013956,0.7552516868226855,0.7528183508554455,0.836191858763478,0.7501744591765527,0.7535492544419339,0.749524451214749,0.836191858763478,,,,
sex_binary,lstm,10m,10,test,10.0,100.0,1430,14300,0.6895104895104895,0.6926370450203302,0.6888676540850455,0.7653524910596188,0.7517482517482518,0.7563954342820751,0.7501883490778891,0.8422358301082642,0.7461538461538462,0.7516141674423162,0.7436616644090746,0.8422358301082642,0.8198111185637774,0.8617483501892387,0.7331821838540691,0.777415018756533
sex_binary,lstm,10m,12,test,10.0,120.0,1433,17175,0.6989228529839884,0.7007884117620784,0.698862074254717,0.7746768895783389,0.7599441730635031,0.7623570249481953,0.7597662341712932,0.8378484376646336,0.7564549895324494,0.7596965475256682,0.7559053427141369,0.8378484376646336,,,,
sex_binary,lstm,10m,12,test,10.0,120.0,1430,17160,0.6897435897435897,0.6928852528617384,0.6890912957103467,0.7687616143307368,0.7517482517482518,0.7560427178758634,0.7505036371473126,0.8471601430460981,0.7391608391608392,0.7446676137755353,0.7365261001624638,0.8471601430460981,0.8269540203092184,0.8658177189934648,0.7327680570186126,0.7777122180921995
sex_binary,lstm,10m,16,test,10.0,160.0,1433,22896,0.7008211041229909,0.7024890308723692,0.7007934794476544,0.7757237058908346,0.755059316120028,0.757204849932293,0.7549519168230951,0.8387811169517387,0.749476622470342,0.7523034056452462,0.7491203678191413,0.8387811169517387,,,,
sex_binary,lstm,10m,16,test,10.0,160.0,1430,22880,0.6903409090909091,0.6933972835937883,0.6897470655836277,0.7687282231298682,0.7594405594405594,0.7639543428207515,0.7580605497836945,0.8479615931024348,0.7433566433566433,0.7486944594131191,0.740979235794724,0.8479615931024348,0.8276520872914179,0.8665159913250239,0.7427378591453878,0.786716785164479
sex_binary,lstm,10m,2,test,10.0,20.0,1433,2865,0.643630017452007,0.645061839887997,0.6436090027694588,0.7008239135061674,0.6796929518492673,0.6814802673940785,0.6796174388274747,0.7437024636001419,0.6259595254710397,0.6351672773959907,0.6107793655619742,0.7437024636001419,,,,
sex_binary,lstm,10m,2,test,10.0,20.0,1430,2860,0.6479020979020979,0.6496178905599372,0.6478366129747585,0.7105834517219418,0.6958041958041958,0.6978249154950277,0.6956957123450044,0.758285406358693,0.6433566433566433,0.6530740214569147,0.6278390476598715,0.758285406358693,0.7324874906820361,0.7821123877529009,0.6744503297251626,0.7203756418795731
sex_binary,lstm,10m,20,test,10.0,200.0,1433,28616,0.7043611965334079,0.7061349854796977,0.7043179691173829,0.776745479909873,0.7634333565945569,0.7657082313825117,0.7633001077310553,0.8400591607447385,0.7690160502442428,0.77135796543233,0.7688701793642216,0.8400591607447385,,,,
sex_binary,lstm,10m,20,test,10.0,200.0,1430,28600,0.6920629370629371,0.6952072208886494,0.6914165094283239,0.7696637681869397,0.7622377622377622,0.7668152647822466,0.7608225108225108,0.8501464752853574,0.7517482517482518,0.7567481506882869,0.7498367643616564,0.8501464752853574,0.82938769434719,0.8685569055405243,0.7438881511110615,0.7876510749073268
sex_binary,lstm,10m,25,test,10.0,250.0,1433,35766,0.7018117765475591,0.7035675164102768,0.7017696661898771,0.7770938881551549,0.7599441730635031,0.7621267819442656,0.7598317781779347,0.8396123332201632,0.7585484996510816,0.760786299370539,0.7584203858896901,0.8396123332201632,,,,
sex_binary,lstm,10m,25,test,10.0,250.0,1430,35750,0.6909370629370629,0.6941413804928231,0.690245670551747,0.7697765400480086,0.7545454545454545,0.7590799980404643,0.753111013719006,0.8490236613922502,0.7594405594405594,0.7637779846176456,0.7582103872408695,0.8490236613922502,0.8278534257572843,0.8672596066999919,0.7368512899291172,0.780560861810823
sex_binary,lstm,10m,3,test,10.0,30.0,1433,4296,0.6687616387337058,0.6707096090063754,0.6686495884006911,0.7344478835834092,0.7055129099790649,0.7080060175374925,0.7052222217889272,0.7933803185158301,0.7020237264480111,0.704367007348264,0.7017913737049128,0.7933803185158301,,,,
sex_binary,lstm,10m,3,test,10.0,30.0,1430,4290,0.6638694638694639,0.6665294991753621,0.663446964462644,0.7354856654528432,0.7314685314685314,0.7346396903933767,0.7309295748146318,0.8034683779944154,0.7111888111888112,0.7147063146034389,0.7103489946644657,0.8034683779944154,0.7810596059144082,0.8246261468299972,0.7115683312921904,0.7566443338642893
sex_binary,lstm,10m,30,test,10.0,300.0,1433,42911,0.7045279765095197,0.7063317773766147,0.7044797805038614,0.7796725977500569,0.7690160502442428,0.7711852831793827,0.7689147705653689,0.8429020764797016,0.7690160502442428,0.7716457691872423,0.7687777893147664,0.8429020764797016,,,,
sex_binary,lstm,10m,30,test,10.0,300.0,1430,42895,0.6934374635738431,0.6965612179953101,0.692817528060462,0.7704262504471279,0.7566433566433567,0.7609758487238525,0.7553988801157634,0.850073972468525,0.7608391608391608,0.7655905550384559,0.7592549930000532,0.850073972468525,0.8290069854965205,0.8686606156680876,0.7384487049452884,0.7826544945896435
sex_binary,lstm,10m,4,test,10.0,40.0,1433,5727,0.6825563122053431,0.6843486686559694,0.6824958965961753,0.7541786844211784,0.7341242149337055,0.7362917608126407,0.7339915662386448,0.8160085228935692,0.7083042568039079,0.7139103847399619,0.7049406919924337,0.8160085228935692,,,,
sex_binary,lstm,10m,4,test,10.0,40.0,1430,5720,0.6774475524475524,0.6803397344829276,0.6769206367700954,0.7522268897271347,0.7419580419580419,0.7461764561798854,0.7407153165521678,0.8281937980698574,0.7,0.7080242982413167,0.6919618445835105,0.8281937980698574,0.8058543916528681,0.8502088069654083,0.7224066332637662,0.7687280308411727
sex_binary,lstm,10m,40,test,10.0,400.0,1433,57147,0.7036064885295816,0.7054139106628231,0.7035616286404858,0.7795576970290179,0.7655268667131891,0.7676038337411366,0.765443597887722,0.8418562269025291,0.7578506629448709,0.7603463010876055,0.7576424715787935,0.8418562269025291,,,,
sex_binary,lstm,10m,40,test,10.0,400.0,1430,57131,0.6930037982881448,0.6961458183111051,0.6923976980874067,0.7715503950418565,0.7636363636363637,0.7681575466614412,0.7622804239153742,0.8504325674815068,0.7608391608391608,0.7654141968353501,0.7594155844155844,0.8504325674815068,0.8290104061614021,0.8688040564743816,0.7471529319735835,0.7898427460918223
sex_binary,lstm,10m,5,test,10.0,50.0,1433,7158,0.6863649063984353,0.6881852180904146,0.686302450927848,0.760379863355242,0.7424982554082344,0.7450253852667892,0.7422552573586936,0.8233509332646507,0.73831123517097,0.7401405262808731,0.7382602507733469,0.8233509332646507,,,,
sex_binary,lstm,10m,5,test,10.0,50.0,1430,7150,0.6826573426573427,0.6857600548669964,0.6820083965769764,0.7572431293783373,0.7475524475524475,0.7518983001028756,0.7462359121679248,0.8306980845539608,0.7321678321678322,0.7365453387547152,0.7307159977874746,0.8306980845539608,0.8101702960606528,0.8504167087050853,0.7290566562116556,0.7729925998056276
sex_binary,lstm,10m,50,test,10.0,500.0,1433,69864,0.7050841635176915,0.7069637118917058,0.7050427337136849,0.7810169479765786,0.7683182135380321,0.7703423596395722,0.7682476773911959,0.8422620789772528,0.7648290300069783,0.7671638354582031,0.7646805149418208,0.8422620789772528,,,,
sex_binary,lstm,10m,50,test,10.0,500.0,1430,69848,0.6937206505554919,0.6970243977839259,0.6930968601329222,0.7723577210895,0.7608391608391608,0.7652966246999462,0.7595177964501512,0.8503620242002645,0.7608391608391608,0.7652966246999462,0.7595177964501512,0.8503620242002645,0.8293267620662297,0.8684277760920726,0.7429379021285156,0.7860547938515074
sex_binary,lstm,10m,6,test,10.0,60.0,1433,8589,0.6890208406100826,0.6907072748474887,0.6889851567715539,0.7617046703633958,0.7445917655268667,0.7465180623685371,0.7445259527706336,0.8227811793905195,0.7292393579902303,0.733614698088983,0.7276636847034298,0.8227811793905195,,,,
sex_binary,lstm,10m,6,test,10.0,60.0,1430,8580,0.6847319347319347,0.6875708290468492,0.6842563273929216,0.7596974966932837,0.7475524475524475,0.7517219418997698,0.746385515828859,0.8357830794101798,0.73006993006993,0.7364130701023858,0.7261074690023799,0.8357830794101798,0.8151546730150675,0.8556526658857092,0.7291975522421087,0.7736700118231771
sex_binary,lstm,10m,60,test,10.0,600.0,1433,74466,0.7050063116052964,0.70698606093561,0.7049932761483227,0.7805392581883858,0.7662247034193999,0.7682740750279999,0.766147720225856,0.8420864699064589,0.7655268667131891,0.7680067589980137,0.7653347681654423,0.8420864699064589,,,,
sex_binary,lstm,10m,60,test,10.0,600.0,1430,74450,0.6922364002686366,0.6959315109440077,0.6916692668376796,0.7710784669323598,0.7622377622377622,0.7665801205114388,0.7610218943659757,0.8499485621907608,0.7622377622377622,0.7665213344437369,0.7610693400167085,0.8499485621907608,0.828989171044015,0.8681230932154282,0.7443289081056735,0.787462051697214
sex_binary,lstm,10m,8,test,10.0,80.0,1433,11451,0.6953977818531133,0.6971551325593756,0.6953541755233252,0.768198187769264,0.7501744591765527,0.7521677964183555,0.7500983991146027,0.8312240732719092,0.7404047452896022,0.7442234371768306,0.7393995213065516,0.8312240732719092,,,,
sex_binary,lstm,10m,8,test,10.0,80.0,1430,11440,0.6838286713286713,0.6868753980306668,0.6832211246998692,0.7615369954195856,0.7517482517482518,0.7559251457404594,0.7506007150117588,0.8380933718708665,0.7307692307692307,0.7366727085680693,0.7274843571417611,0.8380933718708665,0.8167929102622785,0.8572445364716945,0.7345395856818085,0.778654947156469
sex_binary,lstm,10m,80,test,10.0,800.0,1433,75557,0.7043821221064891,0.7064392077475738,0.7043765170329677,0.7801598015030355,0.7662247034193999,0.7682740750279999,0.766147720225856,0.8421001283897429,0.7655268667131891,0.7679491982470312,0.7653530659347514,0.8421001283897429,,,,
sex_binary,lstm,10m,80,test,10.0,800.0,1430,75541,0.6914390860592261,0.695342258135168,0.6909091124655884,0.7705124833410621,0.7615384615384615,0.7659089795718415,0.7602948644023888,0.8497780825944251,0.7615384615384615,0.7658501935041395,0.7603429303302356,0.8497780825944251,0.8287202588427044,0.8679717552993037,0.743555627768018,0.7870954183453719
sex_binary,lstm,10m,all,test,10.0,,1433,75563,0.7043394253801464,0.7064014782851348,0.7043338544090751,0.780109320170039,0.7662247034193999,0.7682740750279999,0.766147720225856,0.8421020796016405,0.7655268667131891,0.7679491982470312,0.7653530659347514,0.8421020796016405,,,,
sex_binary,lstm,10m,all,test,10.0,,1430,75547,0.6913974082359327,0.695308106044149,0.690867786769235,0.770484793650817,0.7615384615384615,0.7659089795718415,0.7602948644023888,0.8497839612011954,0.7615384615384615,0.7658501935041395,0.7603429303302356,0.8497839612011954,0.8287240851856036,0.8679838944773587,0.743555627768018,0.7870954183453719
sex_binary,lstm,40m,1,test,40.0,40.0,1433,1433,0.6985345429169574,0.695259725815704,0.6949657643594565,0.7601902041357886,0.6985345429169574,0.695259725815704,0.6949657643594565,0.7601902041357886,0.6985345429169574,0.695259725815704,0.6949657643594565,0.7601902041357886,,,,
sex_binary,lstm,40m,1,test,40.0,40.0,1430,1430,0.6622377622377622,0.6550874442757066,0.6484700055119805,0.7500318424533385,0.6622377622377622,0.6550874442757066,0.6484700055119805,0.7500318424533385,0.6622377622377622,0.6550874442757066,0.6484700055119805,0.7500318424533385,0.723711297114852,0.7750304201553111,0.6312541294215528,0.6782230043422831
sex_binary,lstm,40m,10,test,40.0,400.0,1433,14279,0.7266615309195322,0.7263160248067305,0.7262434721918074,0.8017289887880716,0.776692254012561,0.7766584325524584,0.7764517764517764,0.8623595615236623,0.7739009071877181,0.7747833179187593,0.7738761308823415,0.8623595615236623,,,,
sex_binary,lstm,40m,10,test,40.0,400.0,1430,14274,0.7054084349166316,0.7003737563540242,0.6988083342491614,0.7918227418490309,0.7489510489510489,0.7429530201342283,0.7411012865506513,0.8425787488365257,0.7440559440559441,0.73954832704649,0.7390531765531766,0.8425787488365257,0.8218829386016037,0.8618714570704458,0.7200626062723504,0.7634732289156588
sex_binary,lstm,40m,12,test,40.0,480.0,1433,16799,0.729210072028097,0.7289584724135203,0.728828691975151,0.8051137556997139,0.7871598046057222,0.7871725378632668,0.7869402590362649,0.8654034520840894,0.790648988136776,0.7912720340603548,0.7905852506546951,0.8654034520840894,,,,
sex_binary,lstm,40m,12,test,40.0,480.0,1430,16794,0.7090627605097058,0.7039479749343189,0.7025232779826514,0.7952788750840055,0.7510489510489511,0.7453779454269338,0.7439565126422353,0.8452789888796355,0.7482517482517482,0.7438103169548818,0.7434317941234518,0.8452789888796355,0.8247797316587806,0.8645507425287519,0.7224942932177442,0.766412330867561
sex_binary,lstm,40m,16,test,40.0,640.0,1433,18377,0.7297709092887849,0.7294977336099462,0.7292743975017588,0.8053390680650462,0.78506629448709,0.7850466925007122,0.7848348348348348,0.8664512528731596,0.7927424982554082,0.7929373934150501,0.7925808852233236,0.8664512528731596,,,,
sex_binary,lstm,40m,16,test,40.0,640.0,1430,18372,0.7093947311125626,0.7034629426215924,0.7025597508990994,0.7946464400371998,0.7517482517482518,0.746225444569637,0.7449777982739973,0.8452593935237349,0.7440559440559441,0.7391368245725762,0.7383042426933393,0.8452593935237349,0.8248408215979063,0.8645953454324784,0.723896988270713,0.7673390855958488
sex_binary,lstm,40m,2,test,40.0,80.0,1433,2864,0.6864525139664804,0.6851683224036456,0.6853438804658317,0.755755184111178,0.7257501744591766,0.7239893697975812,0.7242980153945345,0.7988749312197805,0.6838799720865317,0.6896460891859935,0.6798892838809225,0.7988749312197805,,,,
sex_binary,lstm,40m,2,test,40.0,80.0,1430,2860,0.6636363636363637,0.6590750992014892,0.6572631578947369,0.7433738304021946,0.7013986013986014,0.6950227796012345,0.691271041485596,0.7885230000489885,0.679020979020979,0.6817175329446921,0.6786121914567848,0.7885230000489885,0.7638701731296285,0.8108836921191817,0.6705430686560339,0.7179387080053767
sex_binary,lstm,40m,20,test,40.0,800.0,1433,18459,0.7288043772685411,0.7285609890912941,0.7283079969854651,0.8046816863451796,0.78506629448709,0.7850466925007122,0.7848348348348348,0.8662619853190816,0.7913468248429868,0.7914817893393586,0.7911674322825915,0.8662619853190816,,,,
sex_binary,lstm,40m,20,test,40.0,800.0,1430,18454,0.708843611141216,0.7028326767481452,0.7019777684712214,0.7939723247826795,0.7517482517482518,0.746225444569637,0.7449777982739973,0.8449145152598834,0.7433566433566433,0.7384068975652771,0.737533451594399,0.8449145152598834,0.8243304381579658,0.864224049331963,0.723896988270713,0.7673390855958488
sex_binary,lstm,40m,3,test,40.0,120.0,1433,4295,0.7010477299185099,0.700279956885597,0.700365118174409,0.7735127507675572,0.7578506629448709,0.7571804597835716,0.7573041659650587,0.8287323756785339,0.749476622470342,0.7490224428392475,0.7490366551554744,0.8287323756785339,,,,
sex_binary,lstm,40m,3,test,40.0,120.0,1430,4290,0.6804195804195804,0.6757507470729437,0.6740652510108034,0.7668420451019775,0.7174825174825175,0.711340812227502,0.7084277953523677,0.819944153235683,0.713986013986014,0.7083378239357272,0.7060474700642065,0.819944153235683,0.7969250008440621,0.8407445145169196,0.6888810543670482,0.7333547700485246
sex_binary,lstm,40m,4,test,40.0,160.0,1433,5725,0.7137117903930131,0.7134613771742769,0.7133406402901961,0.792489313990072,0.7697138869504536,0.7694955336759661,0.7693984434431504,0.8507108264943357,0.7613398464759247,0.7642731150317462,0.7609616435149056,0.8507108264943357,,,,
sex_binary,lstm,40m,4,test,40.0,160.0,1430,5720,0.6954545454545454,0.6908612158918337,0.6895017988767989,0.7789367070004407,0.7363636363636363,0.7310488414245824,0.729671183763523,0.8319521873316024,0.7419580419580419,0.7398863469357762,0.740278341762339,0.8319521873316024,0.8110391689044325,0.8522364694500087,0.7080781307054553,0.7531570801060086
sex_binary,lstm,40m,5,test,40.0,200.0,1433,7155,0.720335429769392,0.719986864285258,0.7199186726342887,0.7929730109669364,0.782274947662247,0.7822506058512942,0.782040482040482,0.8530893537976437,0.776692254012561,0.7767159933034408,0.7764718269489497,0.8530893537976437,,,,
sex_binary,lstm,40m,5,test,40.0,200.0,1430,7150,0.6977622377622378,0.6930260128349581,0.6915462513930541,0.7855792289227453,0.7419580419580419,0.7365355410767648,0.7351664450811786,0.8384578454906187,0.7377622377622378,0.7325086954391808,0.7312260452863437,0.8384578454906187,0.8174918014726915,0.8577570354697495,0.7150563935940673,0.7573329411806926
sex_binary,lstm,40m,6,test,40.0,240.0,1433,8585,0.7232382061735585,0.7227087122823408,0.7227259569031721,0.7970101195151889,0.7815771109560363,0.7814076823114837,0.7812891161189497,0.8577468965974767,0.7745987438939288,0.7760867274664294,0.7745947922840211,0.8577468965974767,,,,
sex_binary,lstm,40m,6,test,40.0,240.0,1430,8580,0.7006993006993008,0.6958408857100867,0.6942724114535785,0.7873911777353211,0.7482517482517482,0.7423994513300347,0.74070246060672,0.8410738255033556,0.7468531468531469,0.7434673982266203,0.7436438369732086,0.8410738255033556,0.8201039783802245,0.8605989391387475,0.719426441440228,0.763063010234802
sex_binary,lstm,40m,8,test,40.0,320.0,1433,11443,0.7244603687844097,0.724068357670354,0.7240221165196317,0.7987028127222495,0.7836706210746686,0.7837062099269856,0.7834570823567949,0.8618210270398945,0.782274947662247,0.78380474612782,0.782269752220664,0.8618210270398945,,,,
sex_binary,lstm,40m,8,test,40.0,320.0,1430,11438,0.7035320860290261,0.6986384831577683,0.697113970453729,0.7886065616952249,0.7475524475524475,0.7416695243227356,0.7399181308646641,0.8403997452603733,0.7440559440559441,0.7401361877235095,0.7400278956654429,0.8403997452603733,0.8196593646236933,0.8606891998260797,0.7185600274065421,0.7622919687069865
sex_binary,lstm,40m,all,test,40.0,,1433,18460,0.728819068255688,0.7285747224054497,0.7283215075812699,0.8046864115232355,0.78506629448709,0.7850466925007122,0.7848348348348348,0.8663049119808313,0.7913468248429868,0.7914817893393586,0.7911674322825915,0.8663049119808313,,,,
sex_binary,lstm,40m,all,test,40.0,,1430,18455,0.7088593876998104,0.7028420536319415,0.701989660439956,0.7939660797784109,0.7517482517482518,0.746225444569637,0.7449777982739973,0.8449341106157842,0.7433566433566433,0.7384068975652771,0.737533451594399,0.8449341106157842,0.8243571596379247,0.8642512112758772,0.723896988270713,0.7673390855958488
sex_binary,lstm,80m,1,test,80.0,80.0,1433,1433,0.697138869504536,0.6908109626889261,0.6867472428285336,0.7983402991598081,0.697138869504536,0.6908109626889261,0.6867472428285336,0.7983402991598081,0.697138869504536,0.6908109626889261,0.6867472428285336,0.7983402991598081,,,,
sex_binary,lstm,80m,1,test,80.0,80.0,1430,1430,0.7195804195804196,0.7182922647332581,0.7185386174362437,0.78526429236271,0.7195804195804196,0.7182922647332581,0.7185386174362437,0.78526429236271,0.7195804195804196,0.7182922647332581,0.7185386174362437,0.78526429236271,0.7604344258994018,0.808303645874393,0.6948144866011221,0.741862713129033
sex_binary,lstm,80m,10,test,80.0,800.0,1433,8759,0.7402671537846787,0.7362100059386552,0.7365964130643479,0.825946549595401,0.782274947662247,0.778509157037436,0.7789017684060608,0.8678288084729425,0.7773900907187719,0.7748535615470769,0.7754263870936999,0.8678288084729425,,,,
sex_binary,lstm,80m,10,test,80.0,800.0,1430,8756,0.7420054819552308,0.742394929881772,0.7417830283111867,0.812922595064586,0.7853146853146853,0.7854357517268408,0.7851203910230337,0.8613550188605301,0.7776223776223776,0.7791701366776074,0.7776184626459266,0.8613550188605301,0.8417765623970478,0.8803001201250366,0.7637089152137967,0.8070181665381353
sex_binary,lstm,80m,2,test,80.0,160.0,1433,2863,0.7076493188962627,0.7034930672470195,0.7026836292252394,0.800127294378516,0.7404047452896022,0.7362224927902721,0.7358090722025525,0.8348943028515011,0.73831123517097,0.7399678440279258,0.7382862552981966,0.8348943028515011,,,,
sex_binary,lstm,80m,2,test,80.0,160.0,1430,2860,0.7244755244755244,0.7251359427815608,0.724416092472385,0.7907818547004359,0.7615384615384615,0.7619115269681085,0.7614114025220533,0.832361730269926,0.7132867132867133,0.7202469014843482,0.7079108677284105,0.832361730269926,0.8093766047754923,0.8526232212581791,0.739185024924037,0.7833768888345518
sex_binary,lstm,80m,3,test,80.0,240.0,1433,4293,0.7237363149312834,0.7199666395040105,0.719670685189753,0.8144224572840417,0.7669225401256106,0.762842876710725,0.7628846877910549,0.8563498288787165,0.7634333565945569,0.759664352529356,0.7598101965228407,0.8563498288787165,,,,
sex_binary,lstm,80m,3,test,80.0,240.0,1430,4290,0.7335664335664336,0.7340273355214814,0.7334617971802275,0.8014001970421899,0.7727272727272727,0.7730612844755793,0.7725910430963827,0.8489942683583991,0.7755244755244756,0.7763337089109881,0.7754848403478731,0.8489942683583991,0.827593410909174,0.8688269507105123,0.7508182978893482,0.7944303211510442
sex_binary,lstm,80m,4,test,80.0,320.0,1433,5722,0.7315623907724572,0.7275646160328805,0.7272437811587567,0.8185959085885176,0.7718073970690859,0.7673618834658207,0.7672741196996855,0.8618190758279968,0.7752965806001396,0.7734184451963114,0.7739402146222163,0.8618190758279968,,,,
sex_binary,lstm,80m,4,test,80.0,320.0,1430,5719,0.7357929707990908,0.735965154087981,0.7356012537922718,0.8069731029058271,0.7874125874125875,0.7873903884779307,0.7871727938368626,0.8560035271640623,0.7678321678321678,0.7707735266741782,0.7675006268413465,0.8560035271640623,0.8358522889603384,0.8766500566473048,0.7665178081024759,0.8084039615181502
sex_binary,lstm,80m,5,test,80.0,400.0,1433,7135,0.7355290819901892,0.7316823760258889,0.7315562073509174,0.8237809608611517,0.7759944173063503,0.7719589386968246,0.7721558299523551,0.8664824722635229,0.7655268667131891,0.761559954887981,0.7616396039603961,0.8664824722635229,,,,
sex_binary,lstm,80m,5,test,80.0,400.0,1430,7132,0.7390633763320247,0.7392889544775445,0.7388838640142017,0.8110071398566734,0.7825174825174825,0.7823984715622397,0.7822405044511113,0.8594817028364278,0.7811188811188812,0.7814089060892568,0.7809722485247348,0.8594817028364278,0.8398489473798402,0.878500728879145,0.7609929826585924,0.8046908228122315
sex_binary,lstm,80m,6,test,80.0,480.0,1433,8295,0.7386377335744424,0.7350386742365033,0.7350820311220234,0.8262000567947405,0.7801814375436148,0.7763833116748813,0.7767366289033809,0.8673410054985151,0.7739009071877181,0.771559915863743,0.7721109671339381,0.8673410054985151,,,,
sex_binary,lstm,80m,6,test,80.0,480.0,1430,8292,0.7414375301495417,0.7417081619189942,0.7412715851652529,0.8130692429129361,0.7825174825174825,0.7826336158330476,0.7823206567041155,0.8607201293293488,0.7818181818181819,0.7836084847891049,0.7817972674773463,0.8607201293293488,0.8412016933157545,0.8801704070031025,0.7616232386766116,0.8039857417337918
sex_binary,lstm,80m,8,test,80.0,640.0,1433,8741,0.7405331197803455,0.736486190747144,0.7368580250984125,0.8262255779479362,0.782274947662247,0.778509157037436,0.7789017684060608,0.8677351503018524,0.7773900907187719,0.7748535615470769,0.7754263870936999,0.8677351503018524,,,,
sex_binary,lstm,80m,8,test,80.0,640.0,1430,8738,0.7422751201647975,0.7426520418598281,0.7420537163369727,0.8131026183819903,0.7853146853146853,0.7854357517268408,0.7851203910230337,0.8613726546808406,0.7783216783216783,0.7799000636849067,0.7783163663269352,0.8613726546808406,0.8417617530497944,0.8802901586738447,0.7637089152137967,0.8070181665381353
sex_binary,lstm,80m,all,test,80.0,,1433,8759,0.7402671537846787,0.7362100059386552,0.7365964130643479,0.825946549595401,0.782274947662247,0.778509157037436,0.7789017684060608,0.8678288084729425,0.7773900907187719,0.7748535615470769,0.7754263870936999,0.8678288084729425,,,,
sex_binary,lstm,80m,all,test,80.0,,1430,8756,0.7420054819552308,0.742394929881772,0.7417830283111867,0.812922595064586,0.7853146853146853,0.7854357517268408,0.7851203910230337,0.8613550188605301,0.7776223776223776,0.7791701366776074,0.7776184626459266,0.8613550188605301,0.8417765623970478,0.8803001201250366,0.7637089152137967,0.8070181665381353
sex_binary,lstm,120m,1,test,120.0,120.0,1433,1433,0.7508722958827634,0.7500175609070794,0.7502061754490816,0.8220338652336966,0.7508722958827634,0.7500175609070794,0.7502061754490816,0.8220338652336966,0.7508722958827634,0.7500175609070794,0.7502061754490816,0.8220338652336966,,,,
sex_binary,lstm,120m,1,test,120.0,120.0,1430,1430,0.7384615384615385,0.7381766521334444,0.7380880555381433,0.8072875128594523,0.7384615384615385,0.7381766521334444,0.7380880555381433,0.8072875128594523,0.7384615384615385,0.7381766521334444,0.7380880555381433,0.8072875128594523,0.7828186797849779,0.8284678441478952,0.7153044865088057,0.7614054382683054
sex_binary,lstm,120m,2,test,120.0,240.0,1433,2863,0.7359413202933985,0.7361824005256026,0.7357788246875385,0.8087348190210261,0.7599441730635031,0.7601697164108627,0.7597840282244703,0.8382757530702318,0.7313328681088626,0.7368917584711865,0.7283564805126961,0.8382757530702318,,,,
sex_binary,lstm,120m,2,test,120.0,240.0,1430,2860,0.7482517482517482,0.7487777396756968,0.7481619688372452,0.8151584774408466,0.7741258741258741,0.7748738548963896,0.7740771519507117,0.8523039239700192,0.737062937062937,0.7433596237691666,0.7332936507936507,0.8523039239700192,0.8321101217841357,0.8706726113303045,0.7520462328307018,0.7971149738577465
sex_binary,lstm,120m,3,test,120.0,360.0,1433,4286,0.741250583294447,0.7411901134513394,0.740970244276336,0.8178773116517545,0.7801814375436148,0.780182321239722,0.7799546937587655,0.8514639942868516,0.7725052337752966,0.7724067418273489,0.7722389288026646,0.8514639942868516,,,,
sex_binary,lstm,120m,3,test,120.0,360.0,1430,4283,0.7567125846369367,0.7576468275206711,0.7566857252269974,0.8259360152043079,0.7979020979020979,0.7991035124675452,0.7978972551056287,0.8709880958212904,0.7986013986013986,0.7994219370009308,0.7985619955979457,0.8709880958212904,0.8512693098003449,0.8883106461532974,0.7775453924394395,0.8205836206569153
sex_binary,lstm,120m,4,test,120.0,480.0,1433,5446,0.7431142122658833,0.7430154920646759,0.7428174356316493,0.8206182909345461,0.7683182135380321,0.7679248080983099,0.7679248080983099,0.8546542257396068,0.7634333565945569,0.76495994161974,0.7634259834179481,0.8546542257396068,,,,
sex_binary,lstm,120m,4,test,120.0,480.0,1430,5443,0.7576704023516443,0.7589037723573278,0.7576671304845981,0.8269840078236276,0.8034965034965035,0.8050605006613432,0.8034941011064245,0.8720207710772547,0.7881118881118881,0.7914123352765394,0.7876731963688486,0.8720207710772547,0.8526133706787798,0.8899426906811704,0.7832419235886736,0.8259423481622865
sex_binary,lstm,120m,5,test,120.0,600.0,1433,5684,0.7441942294159043,0.7442018714405689,0.7438577895468275,0.8207838197845201,0.7725052337752966,0.772291620325384,0.7721936138256578,0.8552844671825671,0.7676203768318214,0.7688087070879723,0.7676185662046688,0.8552844671825671,,,,
sex_binary,lstm,120m,5,test,120.0,600.0,1430,5681,0.7581411723288154,0.7596361899271709,0.7581297734523542,0.8278922919425815,0.8020979020979021,0.8037182187821486,0.8020931598439202,0.8724793024053299,0.7895104895104895,0.7925194728849263,0.7891986531986532,0.8724793024053299,0.8534563419072104,0.8902211740205244,0.7830312362205837,0.8238552242731261
sex_binary,lstm,120m,6,test,120.0,720.0,1433,5699,0.7438147043340937,0.7438494995623408,0.7434827893055049,0.8205167711740007,0.7725052337752966,0.772291620325384,0.7721936138256578,0.8552532477922037,0.7683182135380321,0.7695365091258181,0.768317198122212,0.8552532477922037,,,,
sex_binary,lstm,120m,6,test,120.0,720.0,1430,5696,0.7577247191011236,0.7592728565261395,0.7577150409701656,0.8276257495313131,0.8006993006993007,0.8024347229706559,0.8006875070606652,0.8724420712291187,0.7881118881118881,0.7912359770734336,0.7877505793764044,0.8724420712291187,0.8534793387054832,0.8900602712569271,0.7812801275013296,0.8222822365084983
sex_binary,lstm,120m,all,test,120.0,,1433,5700,0.7436842105263158,0.7437252695702463,0.7433522430906705,0.8204122642320959,0.7725052337752966,0.772291620325384,0.7721936138256578,0.8552220284018404,0.7683182135380321,0.7695365091258181,0.768317198122212,0.8552220284018404,,,,
sex_binary,lstm,120m,all,test,120.0,,1430,5697,0.7577672459189047,0.7593183410284003,0.7577570280060294,0.827631632593808,0.8006993006993007,0.8024347229706559,0.8006875070606652,0.8724557879782491,0.7888111888111888,0.7919071180130308,0.7884631963384432,0.8724557879782491,0.8534793387054832,0.8900717149188989,0.7812801275013296,0.8222822365084983
sex_binary,lstm,240m,1,test,240.0,240.0,1433,1433,0.7083042568039079,0.7122411229614714,0.7070166067976741,0.7914232529824274,0.7083042568039079,0.7122411229614714,0.7070166067976741,0.7914232529824274,0.7083042568039079,0.7122411229614714,0.7070166067976741,0.7914232529824274,,,,
sex_binary,lstm,240m,1,test,240.0,240.0,1430,1430,0.7594405594405594,0.7608386812325478,0.7594400888847159,0.843640817126341,0.7594405594405594,0.7608386812325478,0.7594400888847159,0.843640817126341,0.7594405594405594,0.7608386812325478,0.7594400888847159,0.843640817126341,0.8223253783147669,0.8634281885399993,0.7391855413245118,0.7839942208788577
sex_binary,lstm,240m,2,test,240.0,480.0,1433,2593,0.7018897030466641,0.7063801966933303,0.7001055860354126,0.7887501475021188,0.7257501744591766,0.7300908094017193,0.7241835122990461,0.8118329294324704,0.6789951151430565,0.6873143909682304,0.6690012694025774,0.8118329294324704,,,,
sex_binary,lstm,240m,2,test,240.0,480.0,1430,2590,0.7621621621621621,0.7643936678614098,0.7620662523138082,0.8418010752688172,0.7685314685314686,0.770915593004458,0.7683927238920083,0.8567814627933181,0.7510489510489511,0.7560182236809876,0.7491628578918013,0.8567814627933181,0.8367711146932777,0.8748769214091285,0.7494101420532027,0.7924156578946707
sex_binary,lstm,240m,3,test,240.0,720.0,1433,2608,0.7020705521472392,0.7066836349924586,0.7002903155815711,0.7887520032051282,0.7257501744591766,0.7300908094017193,0.7241835122990461,0.8121880499978537,0.6789951151430565,0.6873143909682304,0.6690012694025774,0.8121880499978537,,,,
sex_binary,lstm,240m,3,test,240.0,720.0,1430,2605,0.7616122840690979,0.7639156116349359,0.7615172568127029,0.8409863734664688,0.7678321678321678,0.7702444520648606,0.7676849330887979,0.8565659138784109,0.7531468531468531,0.7580316464997796,0.751366697549426,0.8565659138784109,0.8366508645648268,0.8748399793598508,0.7493178272593344,0.7915842324714886
sex_binary,lstm,240m,all,test,240.0,,1433,2608,0.7020705521472392,0.7066836349924586,0.7002903155815711,0.7887520032051282,0.7257501744591766,0.7300908094017193,0.7241835122990461,0.8121880499978537,0.6789951151430565,0.6873143909682304,0.6690012694025774,0.8121880499978537,,,,
sex_binary,lstm,240m,all,test,240.0,,1430,2605,0.7616122840690979,0.7639156116349359,0.7615172568127029,0.8409863734664688,0.7678321678321678,0.7702444520648606,0.7676849330887979,0.8565659138784109,0.7531468531468531,0.7580316464997796,0.751366697549426,0.8565659138784109,0.8366508645648268,0.8748399793598508,0.7493178272593344,0.7915842324714886
sex_binary,transformer,30s,1,test,0.5,0.5,1433,1433,0.6441032798325191,0.6398150641363352,0.637937696926461,0.6981884948741663,0.6441032798325191,0.6398150641363352,0.637937696926461,0.6981884948741663,0.6441032798325191,0.6398150641363352,0.637937696926461,0.6981884948741663,,,,
sex_binary,transformer,30s,1,test,0.5,0.5,1430,1430,0.6398601398601399,0.6391368245725763,0.6391597756122083,0.6953412041346201,0.6398601398601399,0.6391368245725763,0.6391597756122083,0.6953412041346201,0.6398601398601399,0.6391368245725763,0.6391597756122083,0.6953412041346201,0.6686136439284062,0.7216238377933104,0.6139067395599548,0.6632948126926237
sex_binary,transformer,30s,10,test,0.5,5.0,1433,14330,0.6835310537334264,0.68397508692649,0.6834354733956989,0.7557318117782954,0.7473831123517097,0.7474722049865172,0.7471761490353874,0.8225509363865897,0.7376133984647593,0.7390673597371327,0.7376071372915693,0.8225509363865897,,,,
sex_binary,transformer,30s,10,test,0.5,5.0,1430,14300,0.6890909090909091,0.6893949933865673,0.6889447287810448,0.7597477195904571,0.7412587412587412,0.7413315044334493,0.7410353495802531,0.8267574584823398,0.7461538461538462,0.7477930730416891,0.7461388247825315,0.8267574584823398,0.804570411108007,0.8458836544333949,0.716959074854562,0.7636302066531224
sex_binary,transformer,30s,100,test,0.5,50.0,1433,143170,0.6900677516239435,0.6900996115200568,0.689819172812367,0.7611160182096064,0.7592463363572924,0.7589814283651576,0.7589039746451358,0.8262289708137724,0.7564549895324494,0.7563004632177045,0.7561581266403672,0.8262289708137724,,,,
sex_binary,transformer,30s,100,test,0.5,50.0,1430,143000,0.6948811188811189,0.6947474648508304,0.6945617541209879,0.7657134936560035,0.7566433566433567,0.7562141772399942,0.7562141772399941,0.8315426443932789,0.7524475524475525,0.7521285455347082,0.7520673300146343,0.8315426443932789,0.8102012125372571,0.8512531336561897,0.733848702283568,0.778558133540029
sex_binary,transformer,30s,12,test,0.5,6.0,1433,17196,0.687078390323331,0.6873600818468351,0.6869342340856875,0.7541775446729964,0.7543614794138171,0.754577543112027,0.7541976102762021,0.8206524072101182,0.7480809490579204,0.749408782794994,0.7480804583427686,0.8206524072101182,,,,
sex_binary,transformer,30s,12,test,0.5,6.0,1430,17160,0.6906759906759907,0.6910024657489509,0.6905367464204774,0.7601765146937954,0.7461538461538462,0.7462058492137363,0.7459241105581799,0.8268573947974331,0.7517482517482518,0.7531622005584677,0.7517471591395335,0.8268573947974331,0.8050357585456873,0.8469172540481997,0.7230684490178111,0.767250405327498
sex_binary,transformer,30s,120,test,0.5,60.0,1433,171790,0.6899586704697596,0.6899424769984575,0.6896886011925891,0.7611873995425599,0.7606420097697139,0.7603219109388841,0.7602759134646571,0.8260923859809327,0.7585484996510816,0.7582536263273119,0.758192292086084,0.8260923859809327,,,,
sex_binary,transformer,30s,120,test,0.5,60.0,1430,171600,0.6944289044289045,0.694272114175607,0.6940984547671021,0.765501165923676,0.7552447552447552,0.7546367510899916,0.7547222701397274,0.8312016852006074,0.7559440559440559,0.7556018223680987,0.7555556752843655,0.8312016852006074,0.8098444505128141,0.8509217549013299,0.7320192075279781,0.7766944615510237
sex_binary,transformer,30s,16,test,0.5,8.0,1433,22928,0.6902913468248429,0.6903536474004004,0.6900669038911782,0.7598508571368989,0.7613398464759247,0.7613375167316421,0.7611042650516899,0.8238543459342598,0.7592463363572924,0.7596145966259644,0.7591262213971981,0.8238543459342598,,,,
sex_binary,transformer,30s,16,test,0.5,8.0,1430,22880,0.6926136363636364,0.6924518076715818,0.692280338017329,0.7638217986087297,0.7545454545454545,0.7541419683535002,0.7541269087825675,0.8279958849752608,0.7524475524475525,0.7529515504825357,0.7523526062121719,0.8279958849752608,0.8067090395427331,0.847445848716592,0.730287807139044,0.7760362213950945
sex_binary,transformer,30s,160,test,0.5,80.0,1433,229030,0.6904335676548924,0.6904858108782843,0.6901910439308743,0.7614235755035029,0.7585484996510816,0.7583687478292767,0.7582422833426301,0.8263577507990212,0.7543614794138171,0.7541746178551498,0.7540499529959704,0.8263577507990212,,,,
sex_binary,transformer,30s,160,test,0.5,80.0,1430,228800,0.6953321678321678,0.6952052613530593,0.6950160650252502,0.7658293636790893,0.7573426573426574,0.7568265321118894,0.7568707614319152,0.8316798118845834,0.7517482517482518,0.7512810463920051,0.7512956972416431,0.8316798118845834,0.8102595475040502,0.8511379854069199,0.7346701409722717,0.7781297775786329
sex_binary,transformer,30s,2,test,0.5,1.0,1433,2866,0.6273551988834613,0.6285643763341411,0.6273506621007234,0.6820007531677925,0.6650383810188416,0.6648725273267226,0.6647077404234245,0.7383561430004175,0.6022330774598744,0.6128971204014814,0.579238063447321,0.7383561430004175,,,,
sex_binary,transformer,30s,2,test,0.5,1.0,1430,2860,0.6346153846153846,0.6361019938274628,0.6345874635880413,0.691293293489443,0.6748251748251748,0.6746338117866066,0.6744735253643356,0.7405320139127025,0.6048951048951049,0.6155734091020428,0.5830948966728604,0.7405320139127025,0.7154158822543378,0.7647680961785636,0.6497561252380301,0.6988491012348943
sex_binary,transformer,30s,20,test,0.5,10.0,1433,28660,0.6888346127006281,0.6888732141533106,0.6886003998227028,0.7590168306660268,0.7571528262386602,0.7570282652555502,0.7568685497648077,0.825284584255281,0.7501744591765527,0.7507287776437945,0.7500983991146029,0.825284584255281,,,,
sex_binary,transformer,30s,20,test,0.5,10.0,1430,28600,0.6935664335664335,0.6935374516239652,0.6932942455205638,0.7642454048890412,0.7580419580419581,0.7575564591191888,0.7575862690685606,0.8310605986381228,0.7461538461538462,0.7464997795522461,0.7460185897815406,0.8310605986381228,0.8099911243376836,0.8508624546451554,0.7342643526513529,0.7790722800173329
sex_binary,transformer,30s,200,test,0.5,100.0,1433,286270,0.6900618297411535,0.6900378747204761,0.6897862730069431,0.7613874913426555,0.7571528262386602,0.7568555830026029,0.7567945596703967,0.8264240920035435,0.7564549895324494,0.7561277809647572,0.7560824892103946,0.8264240920035435,,,,
sex_binary,transformer,30s,200,test,0.5,100.0,1430,286000,0.6946853146853147,0.6945336795179542,0.6943573888759584,0.7654427921177682,0.7580419580419581,0.7574976730514869,0.7575563356402673,0.8311664135599863,0.7559440559440559,0.7554842502326948,0.7554991502460098,0.8311664135599863,0.8094228748441573,0.8505839375193052,0.7351119651343075,0.7792554632183258
sex_binary,transformer,30s,25,test,0.5,12.5,1433,35825,0.6875924633635729,0.6876514042872028,0.6873665636915934,0.7590269805776367,0.7536636427076064,0.7536770588212338,0.7534311811588587,0.8249782439873405,0.7529658060013956,0.7528916960324057,0.7526997776997777,0.8249782439873405,,,,
sex_binary,transformer,30s,25,test,0.5,12.5,1430,35750,0.6912727272727273,0.6908564150296379,0.6908046310374543,0.7615418582276,0.7594405594405594,0.7586635967275756,0.758829170335478,0.8283975897712242,0.7524475524475525,0.7519521873316024,0.7519813273129203,0.8283975897712242,0.8071565226847395,0.8482541833189249,0.7357664802049902,0.7802944798806526
sex_binary,transformer,30s,250,test,0.5,125.0,1433,357820,0.6904505058409256,0.6904134526486971,0.6901686152763894,0.7615543107484607,0.7592463363572924,0.7589238676141752,0.7588781053799027,0.8264514089701113,0.7585484996510816,0.7581385048253471,0.758138504825347,0.8264514089701113,,,,
sex_binary,transformer,30s,250,test,0.5,125.0,1430,357500,0.6947188811188811,0.6945550776465977,0.6943851349299092,0.766020604265909,0.7580419580419581,0.7574976730514869,0.7575563356402673,0.8318522510165092,0.7566433566433567,0.7560966051045903,0.7561549271757602,0.8318522510165092,0.8108144353293881,0.8513458754091546,0.7344278321099604,0.7794173524327378
sex_binary,transformer,30s,3,test,0.5,1.5,1433,4299,0.6515468713654339,0.6524901366238571,0.6515414223992582,0.7178697188823978,0.7173761339846476,0.7176732968846951,0.717235129466276,0.7879969248900491,0.7069085833914864,0.7071591915738866,0.7067530695770805,0.7879969248900491,,,,
sex_binary,transformer,30s,3,test,0.5,1.5,1430,4290,0.658974358974359,0.6596956188050098,0.6589368318518428,0.7240028957581497,0.7377622377622378,0.7376818693969529,0.7374786494873674,0.7895595943761329,0.7132867132867133,0.7128986430216039,0.7128463426723166,0.7895595943761329,0.766160612477841,0.8128376108805225,0.7142006464263916,0.7614598514947403
sex_binary,transformer,30s,30,test,0.5,15.0,1433,42990,0.685647825075599,0.685653194198917,0.6853994211266077,0.7578939225819823,0.7585484996510816,0.7583111870782944,0.7582177619131214,0.822964593308904,0.7536636427076064,0.7538497410741811,0.7534902987020266,0.822964593308904,,,,
sex_binary,transformer,30s,30,test,0.5,15.0,1430,42900,0.6922843822843823,0.6921443851140614,0.6919614622721852,0.7624645852044176,0.7545454545454545,0.7539068240826925,0.7540054430210386,0.8281957576054475,0.7517482517482518,0.7517513349336207,0.7515021721838095,0.8281957576054475,0.805602832431691,0.8479893673119039,0.7309580692679941,0.7750798717276736
sex_binary,transformer,30s,320,test,0.5,160.0,1433,457940,0.6905074900642005,0.6904858823488564,0.6902331142584059,0.7615951095178144,0.7578506629448709,0.7575833850404485,0.7575063165271366,0.8262875071707038,0.7606420097697139,0.7603794716898665,0.7603016327631351,0.8262875071707038,,,,
sex_binary,transformer,30s,320,test,0.5,160.0,1430,457600,0.694479895104895,0.6942978432861411,0.6941372494147595,0.7661326142692463,0.7573426573426574,0.7567677460441875,0.7568402611880873,0.8317229216675648,0.7538461538461538,0.753294469210797,0.7533521102467459,0.8317229216675648,0.8100007326241206,0.8512682079211087,0.7341354992743127,0.7787709777483363
sex_binary,transformer,30s,4,test,0.5,2.0,1433,5732,0.6657362177250523,0.6666364228822521,0.6657257995787526,0.7344453046036894,0.7348220516399162,0.7349473758151188,0.7346254912357308,0.803442718272319,0.7083042568039079,0.7124138052144187,0.7068479822717111,0.803442718272319,,,,
sex_binary,transformer,30s,4,test,0.5,2.0,1430,5720,0.6730769230769231,0.6737348748346641,0.6730251162099133,0.7399979792289227,0.7272727272727273,0.7269681085582718,0.7268832664702565,0.8068956057414391,0.7244755244755244,0.7284573556067212,0.7233303673673026,0.8068956057414391,0.7832572514388239,0.828939821179061,0.7044884125164682,0.7492449860818511
sex_binary,transformer,30s,40,test,0.5,20.0,1433,57310,0.687820624672832,0.6878518034785206,0.6875810557958837,0.7602527202475818,0.7522679692951849,0.7519336509906303,0.7518890649561318,0.8258484844937191,0.7459874389392882,0.745786357906896,0.7456652923026514,0.8258484844937191,,,,
sex_binary,transformer,30s,40,test,0.5,20.0,1430,57200,0.6943006993006993,0.6942142262283839,0.6940030432263016,0.7649975689511586,0.7580419580419581,0.7574388869837849,0.7575254441952735,0.8311350609905452,0.7608391608391608,0.7607700974868956,0.7605693930664703,0.8311350609905452,0.8094825913644702,0.8512778842471274,0.734894554793115,0.7794278467984497
sex_binary,transformer,30s,400,test,0.5,200.0,1433,572340,0.6908428556452458,0.6908092109579516,0.6905642726539973,0.7618371924624495,0.7592463363572924,0.7589238676141752,0.7588781053799027,0.8264104335202596,0.7578506629448709,0.7575258242894662,0.7574802972951487,0.8264104335202596,,,,
sex_binary,transformer,30s,400,test,0.5,200.0,1430,572000,0.6947272727272727,0.6945386763337089,0.6943814944346124,0.7662664257091067,0.7594405594405594,0.7588987409983834,0.7589577441047743,0.8317033263116642,0.7566433566433567,0.7560966051045903,0.7561549271757602,0.8317033263116642,0.8104330583870445,0.8513605125224384,0.7365436107262864,0.7806400335642502
sex_binary,transformer,30s,5,test,0.5,2.5,1433,7165,0.6736915561758549,0.6743232221532793,0.6736412011353202,0.7447176401262825,0.7397069085833915,0.7400995508310212,0.739592777706594,0.8133275577461161,0.732728541521284,0.7331093342074763,0.732611350835457,0.8133275577461161,,,,
sex_binary,transformer,30s,5,test,0.5,2.5,1430,7150,0.6797202797202797,0.6798138441189439,0.6794986982638063,0.7485845686572282,0.7426573426573426,0.7422034977710283,0.7422034977710283,0.8153059324939989,0.7433566433566433,0.7429922108460295,0.7429482316027568,0.8153059324939989,0.7931443295405725,0.8366028307018827,0.7176552977081575,0.7637475838353273
sex_binary,transformer,30s,50,test,0.5,25.0,1433,71620,0.6898073163920693,0.6898559840516945,0.6895719707744978,0.7601961662667092,0.7578506629448709,0.7578136280443784,0.7576008848707669,0.8256514120920504,0.755059316120028,0.7553629059008551,0.7549213504825971,0.8256514120920504,,,,
sex_binary,transformer,30s,50,test,0.5,25.0,1430,71500,0.6925174825174825,0.6923720178317738,0.6921920104526389,0.7641955185421054,0.7545454545454545,0.7541419683535002,0.7541269087825675,0.8306784891980601,0.7482517482517482,0.7485132023710381,0.7480920961203834,0.8306784891980601,0.8092291088728982,0.8503222144802561,0.7311249238962144,0.7764423919214568
sex_binary,transformer,30s,500,test,0.5,250.0,1433,715340,0.6907470573433612,0.6906808136045055,0.6904547807931283,0.762018603042827,0.7571528262386602,0.7567980222516204,0.7567679881379741,0.8266094571338258,0.7599441730635031,0.7596516696520208,0.7595900245017713,0.8266094571338258,,,,
sex_binary,transformer,30s,500,test,0.5,250.0,1430,715000,0.6947398601398601,0.6945168960956254,0.6943770503372775,0.7662475198981041,0.7587412587412588,0.758168813991084,0.7582417582417582,0.8318600891588693,0.7545454545454545,0.7539656101503943,0.7540372670807454,0.8318600891588693,0.8105777433715263,0.8515243108571718,0.7358675193523969,0.7796202832586294
sex_binary,transformer,30s,6,test,0.5,3.0,1433,8598,0.6763200744359154,0.6764947583944387,0.6761395420507943,0.7455304781466435,0.735519888346127,0.7352722525960875,0.7351711661632009,0.8105080565539258,0.7334263782274948,0.7352185942689005,0.733379506781847,0.8105080565539258,,,,
sex_binary,transformer,30s,6,test,0.5,3.0,1430,8580,0.6814685314685315,0.6817150835252045,0.6813039157225205,0.7500086546155228,0.7356643356643356,0.7349630137657375,0.7350652558771461,0.8136579630627542,0.7265734265734266,0.7287659824621565,0.7264448694408199,0.8136579630627542,0.7915674170702522,0.8342285886816511,0.7113210817995166,0.7562492463439994
sex_binary,transformer,30s,60,test,0.5,30.0,1433,85930,0.690759920865821,0.690769090887779,0.6905060658520277,0.7610646224714412,0.7536636427076064,0.753561937319269,0.7533869446198173,0.8261723856687387,0.7557571528262387,0.7556877826818236,0.7554941304941305,0.8261723856687387,,,,
sex_binary,transformer,30s,60,test,0.5,30.0,1430,85800,0.6949300699300699,0.694817763190124,0.694620678378379,0.7650151717043061,0.7587412587412588,0.75834517219419,0.7583298676067971,0.8303277323274384,0.7552447552447552,0.7549306814285015,0.7548688291105143,0.8303277323274384,0.8087419499867023,0.8500138792598383,0.7366802059389198,0.7799786077535825
sex_binary,transformer,30s,8,test,0.5,4.0,1433,11464,0.6820481507327285,0.682382458995282,0.6819212297887534,0.7518242916613008,0.7473831123517097,0.7474146442355347,0.7471554463746076,0.8188358289333506,0.7445917655268667,0.7462302586136249,0.7445707439658698,0.8188358289333506,,,,
sex_binary,transformer,30s,8,test,0.5,4.0,1430,11440,0.6832167832167833,0.6833341498064959,0.6830045641588016,0.7552582453583501,0.7482517482517482,0.7478665556263167,0.7478369227875482,0.8197775927105275,0.7405594405594406,0.7423063733895068,0.7405308912174308,0.8197775927105275,0.7961345170138526,0.8409149854727945,0.7226405898270641,0.7711457666149565
sex_binary,transformer,30s,80,test,0.5,40.0,1433,114550,0.6902837189000437,0.6902470945217334,0.6900073982421717,0.7614923178157879,0.7634333565945569,0.7634058013432142,0.7631893370927667,0.8270367725394243,0.7585484996510816,0.7581960655763295,0.758165873263618,0.8270367725394243,,,,
sex_binary,transformer,30s,80,test,0.5,40.0,1430,114400,0.6946153846153846,0.6944596580610396,0.694285488230002,0.7657764756221526,0.7559440559440559,0.7552491059618871,0.7553745112465378,0.8318032626267575,0.7587412587412588,0.75834517219419,0.7583298676067971,0.8318032626267575,0.810160279622847,0.8511041496997658,0.7326395887916242,0.7768960217189687
sex_binary,transformer,30s,all,test,0.5,,1433,1518580,0.6906221601759539,0.6905678687810707,0.6902165855445606,0.7621946581946255,0.7599441730635031,0.759536548150056,0.759536548150056,0.8265645792601786,0.7564549895324494,0.7560126594627923,0.7560272775745418,0.8265645792601786,,,,
sex_binary,transformer,30s,all,test,0.5,,1430,1518240,0.6947011012751607,0.6945011371193752,0.6942318772402107,0.7664151179810488,0.7587412587412588,0.758168813991084,0.7582417582417582,0.8317523147014159,0.7545454545454545,0.7539656101503943,0.7540372670807454,0.8317523147014159,0.8103849174406605,0.8514814924665752,0.7354008245270478,0.779856511048241
sex_binary,transformer,10m,1,test,10.0,10.0,1433,1433,0.6727145847871598,0.6716120132214118,0.671742034428948,0.740752231210805,0.6727145847871598,0.6716120132214118,0.671742034428948,0.740752231210805,0.6727145847871598,0.6716120132214118,0.671742034428948,0.740752231210805,,,,
sex_binary,transformer,10m,1,test,10.0,10.0,1430,1430,0.679020979020979,0.6782491549502767,0.6783148101044347,0.7414921863518346,0.679020979020979,0.6782491549502767,0.6783148101044347,0.7414921863518346,0.679020979020979,0.6782491549502767,0.6783148101044347,0.7414921863518346,0.7153076859733328,0.7662224402236553,0.6529647775037674,0.7043332803947705
sex_binary,transformer,10m,10,test,10.0,100.0,1433,14313,0.7085167330398938,0.7093035417454793,0.7084779914095043,0.7848012494479042,0.7752965806001396,0.7759511182395386,0.7752386797599563,0.8437352439600235,0.771109560362875,0.7727355210321131,0.7710960724039724,0.8437352439600235,,,,
sex_binary,transformer,10m,10,test,10.0,100.0,1430,14300,0.705034965034965,0.7063312594915006,0.705034497682905,0.7850844461862538,0.7636363636363637,0.7646303825993239,0.7636197179516774,0.8475696859844217,0.7580419580419581,0.7610836231813061,0.7576432646791436,0.8475696859844217,0.8264825158223651,0.8667913181238771,0.7418606854081993,0.7869324321410879
sex_binary,transformer,10m,12,test,10.0,120.0,1433,17175,0.7077147016011645,0.7086677000266368,0.7076976964170721,0.7866086258197951,0.7669225401256106,0.7676779797932496,0.7668815582856987,0.8449645074555806,0.7599441730635031,0.7617238566873885,0.7599103837911553,0.8449645074555806,,,,
sex_binary,transformer,10m,12,test,10.0,120.0,1430,17160,0.7098484848484848,0.7111762928852529,0.709847537924579,0.7875504784532732,0.7692307692307693,0.7704697986577181,0.7692289635989131,0.8498525449468477,0.7615384615384615,0.7642629696761867,0.7612805852671795,0.8498525449468477,0.829339212320068,0.8688608483269017,0.7467651742778486,0.7925412994094844
sex_binary,transformer,10m,16,test,10.0,160.0,1433,22896,0.7113469601677149,0.7120420989889589,0.7112923139358256,0.7875964045628929,0.771109560362875,0.7716994275144291,0.7710398740491333,0.8459576743115149,0.7739009071877181,0.7753013646776012,0.7738999162397491,0.8459576743115149,,,,
sex_binary,transformer,10m,16,test,10.0,160.0,1430,22880,0.7118444055944056,0.7129583476216137,0.7118411419608894,0.7886210801633763,0.7671328671328671,0.7682800176358203,0.7671272870248247,0.8500818106108853,0.7685314685314686,0.770739234801352,0.7684362339834612,0.8500818106108853,0.8298413799867882,0.8685674971191816,0.7438715729291581,0.7899980453517146
sex_binary,transformer,10m,2,test,10.0,20.0,1433,2865,0.6551483420593368,0.6568179111122393,0.6550908167512627,0.7246155265567854,0.7152826238660154,0.7152020870162459,0.7150015793599108,0.778857448361177,0.6294487090020935,0.6388062875852192,0.6138514979358503,0.778857448361177,,,,
sex_binary,transformer,10m,2,test,10.0,20.0,1430,2860,0.6604895104895104,0.6616690344388381,0.660489468982526,0.7251447606917161,0.7111888111888112,0.710885220202812,0.7107915367140838,0.7767001420663303,0.634965034965035,0.6440209670308137,0.621470588235294,0.7767001420663303,0.7531001424454334,0.8005142211691512,0.6867370142891915,0.7339625979114242
sex_binary,transformer,10m,20,test,10.0,200.0,1433,28616,0.714879787531451,0.7156051328457443,0.7148308155952876,0.7908177434226886,0.7676203768318214,0.7681179780761831,0.7675316229073345,0.8484844937190489,0.7718073970690859,0.7730028370620993,0.771805619065846,0.8484844937190489,,,,
sex_binary,transformer,10m,20,test,10.0,200.0,1430,28600,0.7126923076923077,0.7138771861068927,0.7126914643408062,0.7886602728653309,0.7706293706293706,0.7716945084015088,0.7706181533646321,0.8499759956890216,0.7622377622377622,0.7640523196002548,0.7622079931763182,0.8499759956890216,0.8289106192131439,0.8683347860790699,0.7495155671175447,0.7932433232494978
sex_binary,transformer,10m,25,test,10.0,250.0,1433,35766,0.7141419224962254,0.7148991586248161,0.7140990456255134,0.7913478422992526,0.7773900907187719,0.7780194028511108,0.7773276315167763,0.8484766888714579,0.7745987438939288,0.7752808769526753,0.7745456051008156,0.8484766888714579,,,,
sex_binary,transformer,10m,25,test,10.0,250.0,1430,35750,0.7126153846153847,0.7138392201048351,0.7126152083253545,0.790034338117866,0.7671328671328671,0.7680448733650125,0.767107241982222,0.8509244109146131,0.7601398601398601,0.7615098221721452,0.760139742843045,0.8509244109146131,0.8302925797452422,0.8696114875908403,0.7445330202092076,0.790080152234315
sex_binary,transformer,10m,3,test,10.0,30.0,1433,4296,0.6813314711359404,0.6828716549814104,0.6813103179617253,0.7570331911648868,0.7473831123517097,0.747587326488482,0.7472145878408671,0.8217938661702784,0.7292393579902303,0.7298732492751248,0.7291811979067221,0.8217938661702784,,,,
sex_binary,transformer,10m,3,test,10.0,30.0,1430,4290,0.6822843822843823,0.6838893515570144,0.6822553600154414,0.7542398362699151,0.7363636363636363,0.7371625924655856,0.736326372106968,0.8176436584529467,0.7181818181818181,0.7193014255621417,0.7181783727611711,0.8176436584529467,0.7961617441859907,0.8369772372933745,0.7145837196875681,0.7588615678807394
sex_binary,transformer,10m,30,test,10.0,300.0,1433,42911,0.714851669735033,0.7154959400186968,0.7147872303890038,0.7919648002553232,0.7725052337752966,0.7730399100881558,0.7724244431886826,0.8489488821507037,0.7780879274249826,0.7789198871419039,0.7780566919929865,0.8489488821507037,,,,
sex_binary,transformer,10m,30,test,10.0,300.0,1430,42895,0.7130901037416948,0.7142842442763553,0.7130892953936345,0.7906681432094007,0.76993006993007,0.7710233674619116,0.769920956329142,0.8515710576593348,0.7706293706293706,0.7725175133493363,0.770593022709843,0.8515710576593348,0.8310783096568941,0.8700493018595014,0.74790077867828,0.7928303294101432
sex_binary,transformer,10m,4,test,10.0,40.0,1433,5727,0.6958267854024794,0.6970390875531086,0.6958267019365508,0.7699863483847258,0.7529658060013956,0.7530068175343705,0.7527431713166053,0.8339401602335211,0.7369155617585486,0.7410449129954615,0.7356281340393807,0.8339401602335211,,,,
sex_binary,transformer,10m,4,test,10.0,40.0,1430,5720,0.6921328671328671,0.6935812962327929,0.6921238242394216,0.7701740312545926,0.7517482517482518,0.7523979816783422,0.7516840143007312,0.8350364963503649,0.7244755244755244,0.7295155048253564,0.722250157257818,0.8350364963503649,0.8147964573747069,0.8540752776763241,0.7301911739944055,0.7753216602787024
sex_binary,transformer,10m,40,test,10.0,400.0,1433,57147,0.7163630636778834,0.7170342259430204,0.7163005948644741,0.7924031728127667,0.7752965806001396,0.776008678990521,0.7752483137267125,0.8487342488419557,0.7794836008374041,0.7804330519685776,0.7794654510743577,0.8487342488419557,,,,
sex_binary,transformer,10m,40,test,10.0,400.0,1430,57131,0.7129579387722953,0.7141575225198251,0.7129566723857246,0.7911171776426794,0.7678321678321678,0.7687160143046098,0.7678030992192284,0.8515416646254839,0.7685314685314686,0.7701513741243325,0.7685222995287113,0.8515416646254839,0.8308588740844399,0.8700729317327935,0.7460001701477165,0.7911457578311447
sex_binary,transformer,10m,5,test,10.0,50.0,1433,7158,0.7018720312936575,0.7030409558876434,0.7018708908415143,0.779639328851502,0.7620376831821354,0.7626984870302945,0.76198158309405,0.8398737956144562,0.7634333565945569,0.7643267733589332,0.7634107747895698,0.8398737956144562,,,,
sex_binary,transformer,10m,5,test,10.0,50.0,1430,7150,0.7023776223776224,0.7039337676970558,0.702360645188349,0.7777760838681232,0.7594405594405594,0.7602508205555283,0.7594024384517866,0.8399823641796895,0.7503496503496504,0.751819918679273,0.7503465982028241,0.8399823641796895,0.819230351851603,0.8590782364978827,0.7379169298559684,0.7813992428048759
sex_binary,transformer,10m,50,test,10.0,500.0,1433,69864,0.7174224207030803,0.7181483467904034,0.7173593062543215,0.794025847493254,0.7732030704815074,0.7736525906240366,0.773103626688051,0.849001564871942,0.7773900907187719,0.7781920851040581,0.7773549617298172,0.849001564871942,,,,
sex_binary,transformer,10m,50,test,10.0,500.0,1430,69848,0.7143225289199404,0.7155640572655853,0.7143201395994178,0.7924875498442401,0.7713286713286713,0.7723656493411062,0.7713151396801317,0.8518649879978445,0.7664335664335664,0.7680203791701367,0.7664262561887604,0.8518649879978445,0.8313102736388174,0.8705107612870976,0.7499659026619327,0.7937141744813726
sex_binary,transformer,10m,6,test,10.0,60.0,1433,8589,0.7018279194318314,0.7027682773967848,0.701811363034806,0.77613539058679,0.7599441730635031,0.7599970341579154,0.7597278274941022,0.8366601496189283,0.7529658060013956,0.7558848550834923,0.7525743327610426,0.8366601496189283,,,,
sex_binary,transformer,10m,6,test,10.0,60.0,1430,8580,0.7058275058275059,0.7068959323307042,0.7058223268963935,0.7769060021663754,0.7713286713286713,0.7719541468671924,0.7712587592178156,0.8399549306814286,0.7538461538461538,0.757233135746828,0.7532549019607844,0.8399549306814286,0.818911389776827,0.8586012011237993,0.7497080944025456,0.7925805296486871
sex_binary,transformer,10m,60,test,10.0,600.0,1433,74466,0.7153600300808423,0.7161810579070762,0.7152705628119596,0.7921934505002683,0.7752965806001396,0.7759511182395386,0.7752386797599563,0.8480474222539619,0.7739009071877181,0.774610635665812,0.7738523405200463,0.8480474222539619,,,,
sex_binary,transformer,10m,60,test,10.0,600.0,1430,74450,0.7123841504365346,0.7137684367844681,0.7123744213090539,0.7908526270138768,0.76993006993007,0.7710233674619116,0.769920956329142,0.8512105031107629,0.7671328671328671,0.768632734042032,0.7671300201723822,0.8512105031107629,0.8304371512860149,0.8697735484806041,0.7478926244315509,0.792198411670085
sex_binary,transformer,10m,8,test,10.0,80.0,1433,11451,0.7042179722294996,0.7051352272610589,0.7041980393552867,0.7830645899658657,0.7648290300069783,0.7652067699248002,0.764711700321321,0.8417586663076435,0.7578506629448709,0.7599433758307285,0.7577581776241594,0.8417586663076435,,,,
sex_binary,transformer,10m,8,test,10.0,80.0,1430,11440,0.7047202797202797,0.7060145495517562,0.7047198375003678,0.7810484587027875,0.7622377622377622,0.7629941703816197,0.7621912448031303,0.842463136236712,0.7559440559440559,0.759128986430216,0.7554694401721567,0.842463136236712,0.8213342332427024,0.8617957745816613,0.7389009417159573,0.784145555319235
sex_binary,transformer,10m,80,test,10.0,800.0,1433,75557,0.7148907447357624,0.715752409390868,0.7147814586954677,0.7917497993505496,0.7752965806001396,0.7759511182395386,0.7752386797599563,0.8481313243655634,0.7745987438939288,0.7753384377036577,0.7745548293327761,0.8481313243655634,,,,
sex_binary,transformer,10m,80,test,10.0,800.0,1430,75541,0.7118518420460412,0.7133231514706337,0.7118363434172514,0.7903502959947182,0.7692307692307693,0.7702934404546122,0.7692194835680751,0.8511948268260421,0.7678321678321678,0.7693626610493314,0.767828080498263,0.8511948268260421,0.8306187997899657,0.8698030851068618,0.7477008370531736,0.7916150602838543
sex_binary,transformer,10m,all,test,10.0,,1433,75563,0.7148604475735479,0.7157247957068716,0.7147508714179337,0.7917152837557973,0.7752965806001396,0.7759511182395386,0.7752386797599563,0.8481391292131543,0.7745987438939288,0.7753384377036577,0.7745548293327761,0.8481391292131543,,,,
sex_binary,transformer,10m,all,test,10.0,,1430,75547,0.7118085430261956,0.7132840260791394,0.7117929885259437,0.7903103825284057,0.7692307692307693,0.7702934404546122,0.7692194835680751,0.8512026649684026,0.7678321678321678,0.7693626610493314,0.767828080498263,0.8512026649684026,0.8306328593621602,0.869803183095354,0.7477008370531736,0.7916150602838543
sex_binary,transformer,40m,1,test,40.0,40.0,1433,1433,0.7215631542219121,0.7201981650803313,0.7204605089789766,0.7862349805464175,0.7215631542219121,0.7201981650803313,0.7204605089789766,0.7862349805464175,0.7215631542219121,0.7201981650803313,0.7204605089789766,0.7862349805464175,,,,
sex_binary,transformer,40m,1,test,40.0,40.0,1430,1430,0.7230769230769231,0.7221182579728604,0.7222925138441801,0.7816959780532013,0.7230769230769231,0.7221182579728604,0.7222925138441801,0.7816959780532013,0.7230769230769231,0.7221182579728604,0.7222925138441801,0.7816959780532013,0.7560327004479691,0.8048914972684862,0.6978684227145646,0.7451632367869981
sex_binary,transformer,40m,10,test,40.0,400.0,1433,14279,0.7415085089992296,0.7415132329685648,0.7412515243153965,0.8190480140032161,0.787857641311933,0.7883032651579895,0.787758315599105,0.8657214996234162,0.7892533147243544,0.7901617944905581,0.789230220760701,0.8657214996234162,,,,
sex_binary,transformer,40m,10,test,40.0,400.0,1430,14274,0.7391761244220261,0.7399486723727215,0.7391294154336941,0.8181147865132634,0.7909090909090909,0.7916866702591485,0.7908639889574699,0.8685817861166903,0.7839160839160839,0.785504335472493,0.7839109059779904,0.8685817861166903,0.8504380614196783,0.88703991995651,0.7696446092429728,0.8125935381665454
sex_binary,transformer,40m,12,test,40.0,480.0,1433,16799,0.7464730043454968,0.7466019133457478,0.7462517970387932,0.8239499170737713,0.7927424982554082,0.7931676364189798,0.7926390949419357,0.8693488025412585,0.7885554780181437,0.78937643170173,0.788522110984748,0.8693488025412585,,,,
sex_binary,transformer,40m,12,test,40.0,480.0,1430,16794,0.7415743717994522,0.742475117789513,0.7415398821563627,0.8227017247717643,0.793006993006993,0.7939352373487483,0.7929810764123242,0.8718326556606085,0.7881118881118881,0.7899426835839907,0.7880885715333733,0.8718326556606085,0.8538646453784359,0.8892958260302137,0.771776127351057,0.8154531679698396
sex_binary,transformer,40m,16,test,40.0,640.0,1433,18377,0.7442455242966752,0.7444484060594967,0.7439436368455584,0.8225174631575343,0.7948360083740404,0.7954661640344818,0.7947735456416012,0.868773195031434,0.7899511514305653,0.7904291105205443,0.7898590511787795,0.868773195031434,,,,
sex_binary,transformer,40m,16,test,40.0,640.0,1430,18372,0.7404746353146092,0.741615962735278,0.7404090597013226,0.8216726351527497,0.7937062937062938,0.7946063782883457,0.7936771346725611,0.8717307598099251,0.7867132867132867,0.7879537549600745,0.7867106791368665,0.8717307598099251,0.8536034537937257,0.8891742622946908,0.7729957957749207,0.8157549798066338
sex_binary,transformer,40m,2,test,40.0,80.0,1433,2864,0.7105446927374302,0.7095813239121769,0.7097378325230953,0.779529209232525,0.7487787857641311,0.7480068370464896,0.7481605586278002,0.8209958205041151,0.7187718073970691,0.7241942470468408,0.7158219305147742,0.8209958205041151,,,,
sex_binary,transformer,40m,2,test,40.0,80.0,1430,2860,0.7129370629370629,0.7131509332288248,0.7127600400217309,0.7787801890951844,0.7503496503496504,0.7499387645128104,0.7499239499583378,0.822105520991525,0.7034965034965035,0.7103218537206681,0.6981680605336519,0.822105520991525,0.7993286859956825,0.8428904068209668,0.7270641135803554,0.7721053671692856
sex_binary,transformer,40m,20,test,40.0,800.0,1433,18459,0.7435397367137981,0.7437456727926863,0.7432262250118901,0.8218915230809188,0.7948360083740404,0.7954661640344818,0.7947735456416012,0.8685292935442204,0.7892533147243544,0.7897013084826986,0.7891546424701636,0.8685292935442204,,,,
sex_binary,transformer,40m,20,test,40.0,800.0,1430,18454,0.7397854123767205,0.7409694847330031,0.7397184476998201,0.8211408063851916,0.793006993006993,0.7938764512810463,0.7929741912259558,0.87158575417626,0.7874125874125875,0.7886248958996718,0.7874088447935902,0.87158575417626,0.8533209320149133,0.8891757243253344,0.7721097066388173,0.8152890158487988
sex_binary,transformer,40m,3,test,40.0,120.0,1433,4295,0.7236321303841676,0.7233075402850746,0.7232285941102801,0.7984581952338687,0.7739009071877181,0.774207710408935,0.7737659482405772,0.8482483970794259,0.7676203768318214,0.7675423705663588,0.7673593556895162,0.8482483970794259,,,,
sex_binary,transformer,40m,3,test,40.0,120.0,1430,4290,0.7249417249417249,0.7257107398879798,0.7249013064008838,0.7983520305687553,0.7818181818181819,0.7821976191642581,0.7816947719479543,0.8509577230196443,0.7734265734265734,0.7742027139567922,0.7733822450476889,0.8509577230196443,0.830760785083073,0.8700144499181087,0.7599124259660339,0.8028176280433148
sex_binary,transformer,40m,4,test,40.0,160.0,1433,5725,0.7294323144104804,0.7292982016009515,0.7291212664284297,0.8072520357885056,0.7864619678995115,0.7867901003313158,0.7863345066716563,0.8570347042548127,0.7704117236566643,0.773158934013916,0.7701318729647014,0.8570347042548127,,,,
sex_binary,transformer,40m,4,test,40.0,160.0,1430,5720,0.733041958041958,0.7338717973840201,0.7330095699968006,0.8071292803605545,0.7874125874125875,0.7881546073580561,0.787362258953168,0.858974183118601,0.7783216783216783,0.7821339342575809,0.7775723487262827,0.858974183118601,0.8394293219886364,0.8772827687049494,0.7672927554251635,0.8092135353862993
sex_binary,transformer,40m,5,test,40.0,200.0,1433,7155,0.7382250174703004,0.7382026691597025,0.7379635851659629,0.8130550704391157,0.7864619678995115,0.7869627825842631,0.7863744782349433,0.8622444400216974,0.7787857641311933,0.7790145209189427,0.7786300982678255,0.8622444400216974,,,,
sex_binary,transformer,40m,5,test,40.0,200.0,1430,7150,0.7332867132867132,0.7341860579042767,0.7332632914844828,0.8128333904864546,0.7853146853146853,0.7861411845392642,0.7852767787750686,0.8656718757654437,0.7839160839160839,0.7848576887277716,0.783892305623143,0.8656718757654437,0.8472429905553113,0.883396809583257,0.7646382416119727,0.8084661622217487
sex_binary,transformer,40m,6,test,40.0,240.0,1433,8585,0.7422248107163657,0.7421754641554472,0.7419542244522817,0.8173727568610974,0.7913468248429868,0.7914817893393586,0.7911674322825915,0.8657312556829047,0.7829727843684577,0.7849354734225428,0.7829216197719927,0.8657312556829047,,,,
sex_binary,transformer,40m,6,test,40.0,240.0,1430,8580,0.7364801864801864,0.7372352585770505,0.7364360744191909,0.8168091684492997,0.7874125874125875,0.7881546073580561,0.787362258953168,0.868901190417871,0.7839160839160839,0.7866212707588301,0.7837018907177384,0.868901190417871,0.8503910209795507,0.8868822726617304,0.7672402028322926,0.8104790214833186
sex_binary,transformer,40m,8,test,40.0,320.0,1433,11443,0.7394913921174517,0.7395105125157448,0.7392446525752945,0.8172323611174016,0.790648988136776,0.7912144733093724,0.7905746409711802,0.8655029638908726,0.7899511514305653,0.7912349610342984,0.7899507422747183,0.8655029638908726,,,,
sex_binary,transformer,40m,8,test,40.0,320.0,1430,11438,0.7364923937751355,0.7372858732060641,0.7364529104144231,0.8170648426531018,0.7888111888111888,0.7897320335080587,0.7887847468801416,0.8688678783128398,0.7853146853146853,0.7873756919610053,0.7852591334938717,0.8688678783128398,0.8501153085155618,0.8866719439042001,0.7684527157933914,0.8108578801221226
sex_binary,transformer,40m,all,test,40.0,,1433,18460,0.7435536294691224,0.7437590668817916,0.7432391948385171,0.8218962184278362,0.7948360083740404,0.7954661640344818,0.7947735456416012,0.8685585617226859,0.7892533147243544,0.7897013084826986,0.7891546424701636,0.8685585617226859,,,,
sex_binary,transformer,40m,all,test,40.0,,1430,18455,0.7397995123272826,0.7409839902630839,0.7397321052652353,0.8211458482381282,0.793006993006993,0.7938764512810463,0.7929741912259558,0.871613187674521,0.7874125874125875,0.7886248958996718,0.7874088447935902,0.871613187674521,0.8533553534986262,0.8891757243253344,0.7721097066388173,0.8152890158487988
sex_binary,transformer,80m,1,test,80.0,80.0,1433,1433,0.7501744591765527,0.748541469106462,0.7489272192662024,0.8287538390094087,0.7501744591765527,0.748541469106462,0.7489272192662024,0.8287538390094087,0.7501744591765527,0.748541469106462,0.7489272192662024,0.8287538390094087,,,,
sex_binary,transformer,80m,1,test,80.0,80.0,1430,1430,0.7174825174825175,0.7138686131386862,0.7136234573776212,0.8004193406162738,0.7174825174825175,0.7138686131386862,0.7136234573776212,0.8004193406162738,0.7174825174825175,0.7138686131386862,0.7136234573776212,0.8004193406162738,0.7766990430108637,0.8213874958192182,0.6891230984120162,0.7352906862745098
sex_binary,transformer,80m,10,test,80.0,800.0,1433,8759,0.7676675419568444,0.7678700884442511,0.767394673639977,0.8495616413267673,0.8136775994417307,0.814080725538632,0.8135726512218047,0.8907243288806679,0.8053035589672016,0.806728559108062,0.8053031797164333,0.8907243288806679,,,,
sex_binary,transformer,80m,10,test,80.0,800.0,1430,8756,0.7673595248972134,0.7664838390739896,0.7666316644143412,0.8491282432593091,0.8195804195804196,0.8190270905795327,0.8191715238526551,0.8971596531622006,0.8181818181818182,0.8185078136481654,0.8180533370916722,0.8971596531622006,0.8799928842800359,0.9126647454518824,0.7984783689050814,0.8395596229839787
sex_binary,transformer,80m,2,test,80.0,160.0,1433,2863,0.7509605309116312,0.7502823060813864,0.7503973027068185,0.8303460217084822,0.7990230286113049,0.7988544434948546,0.7987477324594767,0.8631166317399737,0.7662247034193999,0.7708643088222095,0.764682728171554,0.8631166317399737,,,,
sex_binary,transformer,80m,2,test,80.0,160.0,1430,2860,0.7290209790209791,0.7272644883162691,0.727593974548318,0.8154328124234556,0.7727272727272727,0.770827413902905,0.7713496006797276,0.8540234164503013,0.7496503496503496,0.7540880811247734,0.7482671670443102,0.8540234164503013,0.833545224737622,0.8720209289748105,0.7484489586170678,0.7921107910262458
sex_binary,transformer,80m,3,test,80.0,240.0,1433,4293,0.7612392266480317,0.7610277267813643,0.760915376542695,0.8404070745819284,0.8136775994417307,0.8136778002817551,0.8134683122195219,0.8803965643060906,0.8060013956734124,0.8060173423713468,0.8057924807924808,0.8803965643060906,,,,
sex_binary,transformer,80m,3,test,80.0,240.0,1430,4290,0.7484848484848485,0.7472280736132204,0.7475360010899414,0.8328636979702477,0.7972027972027972,0.7960809288198697,0.7964666572433723,0.8797903296918631,0.7923076923076923,0.7910890119041787,0.7915000596471541,0.8797903296918631,0.8611310612946376,0.8961371412148276,0.7752607520901406,0.8168296636361223
sex_binary,transformer,80m,4,test,80.0,320.0,1433,5722,0.7630199231038098,0.7626757130560924,0.762636415431243,0.844577129065377,0.8115840893230984,0.8117821979231301,0.811429724418659,0.8856648364299065,0.801814375436148,0.8040680816855349,0.8017215843096903,0.8856648364299065,,,,
sex_binary,transformer,80m,4,test,80.0,320.0,1430,5719,0.7569505158244448,0.7559128521407166,0.7561727531691307,0.8388872145078177,0.8160839160839161,0.8150835252045265,0.8154622325394711,0.8876265125165337,0.8020979020979021,0.8038357909175526,0.8020861912216432,0.8876265125165337,0.8702593458396582,0.9043079879636002,0.7945672388643491,0.8352610405000739
sex_binary,transformer,80m,5,test,80.0,400.0,1433,7135,0.7672039243167484,0.767099356239527,0.7669177693896587,0.8472981644356817,0.8171667829727843,0.8173743712219659,0.8170169918432915,0.8891692129981932,0.8115840893230984,0.8120124409270597,0.8114841161566946,0.8891692129981932,,,,
sex_binary,transformer,80m,5,test,80.0,400.0,1430,7132,0.7620583286595626,0.7611761745532193,0.761384492339317,0.8449660102864105,0.8181818181818182,0.8175084504972321,0.8177197217651869,0.8933601136530643,0.8132867132867133,0.812634105716945,0.8128252982191415,0.8933601136530643,0.8764319576132017,0.9092082493134296,0.7970595788219413,0.8372584774457565
sex_binary,transformer,80m,6,test,80.0,480.0,1433,8295,0.7681735985533454,0.7682412628000739,0.767949112241188,0.8497648364611985,0.8101884159106769,0.810499276100386,0.8100617897588835,0.8904023789175457,0.8039078855547802,0.8054456372853178,0.8039044477765014,0.8904023789175457,,,,
sex_binary,transformer,80m,6,test,80.0,480.0,1430,8292,0.7657983598649301,0.7650303033799943,0.7651959590360367,0.8480186807461738,0.8160839160839161,0.8154950276784402,0.8156547176442388,0.895758585215304,0.8188811188811189,0.8195316709939744,0.818816527580129,0.895758585215304,0.8789791432883577,0.91118207248384,0.7948226837218497,0.8363871754183985
sex_binary,transformer,80m,8,test,80.0,640.0,1433,8741,0.7678755291156618,0.7680601087475973,0.7676017797845225,0.8495691388413321,0.8136775994417307,0.814080725538632,0.8135726512218047,0.8905994513192144,0.8053035589672016,0.8067861198590445,0.805302041955263,0.8905994513192144,,,,
sex_binary,transformer,80m,8,test,80.0,640.0,1430,8738,0.7672236209658961,0.7663402564729549,0.7664953195514651,0.8490252282014374,0.8195804195804196,0.8190270905795327,0.8191715238526551,0.8969793758879145,0.8174825174825174,0.8178366727085681,0.8173602455749386,0.8969793758879145,0.879835864756556,0.9125212564192572,0.7984783689050814,0.8395596229839787
sex_binary,transformer,80m,all,test,80.0,,1433,8759,0.7676675419568444,0.7678700884442511,0.767394673639977,0.8495616413267673,0.8136775994417307,0.814080725538632,0.8135726512218047,0.8907243288806679,0.8053035589672016,0.806728559108062,0.8053031797164333,0.8907243288806679,,,,
sex_binary,transformer,80m,all,test,80.0,,1430,8756,0.7673595248972134,0.7664838390739896,0.7666316644143412,0.8491282432593091,0.8195804195804196,0.8190270905795327,0.8191715238526551,0.8971596531622006,0.8181818181818182,0.8185078136481654,0.8180533370916722,0.8971596531622006,0.8799928842800359,0.9126647454518824,0.7984783689050814,0.8395596229839787
sex_binary,transformer,120m,1,test,120.0,120.0,1433,1433,0.7557571528262387,0.7525219413777897,0.7527897714950414,0.8380903879399495,0.7557571528262387,0.7525219413777897,0.7527897714950414,0.8380903879399495,0.7557571528262387,0.7525219413777897,0.7527897714950414,0.8380903879399495,,,,
sex_binary,transformer,120m,1,test,120.0,120.0,1430,1430,0.7734265734265734,0.7726742761965415,0.7728507301996945,0.8486141184539265,0.7734265734265734,0.7726742761965415,0.7728507301996945,0.8486141184539265,0.7734265734265734,0.7726742761965415,0.7728507301996945,0.8486141184539265,0.827351332142048,0.8674729798733891,0.7492779511747631,0.7942763021969522
sex_binary,transformer,120m,2,test,120.0,240.0,1433,2863,0.757247642333217,0.7556495435196211,0.7560572084363306,0.8370397310979579,0.776692254012561,0.7751618530269151,0.7756213277173424,0.8636044347144011,0.7690160502442428,0.7721638159460842,0.7685543963505292,0.8636044347144011,,,,
sex_binary,transformer,120m,2,test,120.0,240.0,1430,2860,0.7776223776223776,0.778435310831333,0.7775831128679864,0.8551540684857688,0.8104895104895105,0.8113604075834027,0.8104560490164288,0.8859236760887669,0.772027972027972,0.7777984617645618,0.7694916930379747,0.8859236760887669,0.8676087357377186,0.9018834544401274,0.7899892780613853,0.8306796146376626
sex_binary,transformer,120m,3,test,120.0,360.0,1433,4286,0.7643490433971069,0.7630697653314625,0.7634240559554906,0.8447506723139292,0.787857641311933,0.7866915641304815,0.787072808320951,0.8739575650436486,0.7913468248429868,0.7900427705647978,0.7904832459260889,0.8739575650436486,,,,
sex_binary,transformer,120m,3,test,120.0,360.0,1430,4283,0.7826289983656316,0.7836806003080183,0.7826118861265646,0.8635579391172326,0.8237762237762237,0.8244648018419635,0.8237179487179487,0.8988135012002156,0.8174825174825174,0.8183069612501837,0.8174431475515038,0.8988135012002156,0.8822036593456439,0.9139495814876184,0.8043140978788837,0.8435602499193038
sex_binary,transformer,120m,4,test,120.0,480.0,1433,5446,0.7673521850899743,0.7665609010774228,0.7667399849396954,0.8482389448409753,0.793440334961619,0.7927442234371769,0.7929320148717468,0.8774443807048556,0.793440334961619,0.7945286067176323,0.793432186881516,0.8774443807048556,,,,
sex_binary,transformer,120m,4,test,120.0,480.0,1430,5443,0.7857799007900055,0.7872460939349303,0.7857798357132055,0.8691103328964329,0.8216783216783217,0.8227453093616812,0.8216635831314731,0.9050075932004116,0.8111888111888111,0.8143242051633763,0.8108776920906612,0.9050075932004116,0.8891140530037139,0.9200432162566105,0.8009567882526294,0.8413366820810682
sex_binary,transformer,120m,5,test,120.0,600.0,1433,5684,0.7691766361717101,0.7683988977918232,0.7685144762883884,0.8491380171596086,0.7927424982554082,0.7921891036522783,0.792301915005029,0.877200479217642,0.7941381716678297,0.7950261657515483,0.7941125045233541,0.877200479217642,,,,
sex_binary,transformer,120m,5,test,120.0,600.0,1430,5681,0.7857771519098751,0.7875902909436971,0.7857764881399727,0.8700316064892695,0.8216783216783217,0.8228040954293833,0.8216677694753322,0.9051976681526476,0.8146853146853147,0.8175623377259589,0.8144674734234876,0.9051976681526476,0.8891281276847379,0.9201498731261392,0.8020781399271012,0.8413683166595832
sex_binary,transformer,120m,6,test,120.0,720.0,1433,5699,0.7692577645200912,0.7684959462512546,0.7685993271513765,0.8492082010787775,0.7948360083740404,0.7943149490148331,0.7944130185276275,0.8773195031434022,0.7948360083740404,0.7957539677893939,0.7948135261710135,0.8773195031434022,,,,
sex_binary,transformer,120m,6,test,120.0,720.0,1430,5696,0.785814606741573,0.7876408795061018,0.7858136561054598,0.8701605430971314,0.8216783216783217,0.8228628814970852,0.8216712579450798,0.9053426737863126,0.813986013986014,0.8168911967863617,0.8137583235409322,0.9053426737863126,0.8893125525602681,0.9202695930722512,0.801872952335031,0.8412597746911377
sex_binary,transformer,120m,all,test,120.0,,1433,5700,0.7691228070175439,0.7683648953505033,0.7684642163440336,0.8491728415219819,0.7948360083740404,0.7943149490148331,0.7944130185276275,0.8773214543553,0.7948360083740404,0.7957539677893939,0.7948135261710135,0.8773214543553,,,,
sex_binary,transformer,120m,all,test,120.0,,1430,5697,0.7858522029138143,0.78768255964655,0.7858510878232566,0.8701861765545291,0.8216783216783217,0.8228628814970852,0.8216712579450798,0.9053485523930828,0.813986013986014,0.8168911967863617,0.8137583235409322,0.9053485523930828,0.8893202144019391,0.9202695930722512,0.801872952335031,0.8412597746911377
sex_binary,transformer,240m,1,test,240.0,240.0,1433,1433,0.7655268667131891,0.763286777417454,0.7637865735198885,0.8492025396974061,0.7655268667131891,0.763286777417454,0.7637865735198885,0.8492025396974061,0.7655268667131891,0.763286777417454,0.7637865735198885,0.8492025396974061,,,,
sex_binary,transformer,240m,1,test,240.0,240.0,1430,1430,0.8076923076923077,0.8083231274188017,0.8076237261951177,0.8980865134963014,0.8076923076923077,0.8083231274188017,0.8076237261951177,0.8980865134963014,0.8076923076923077,0.8083231274188017,0.8076237261951177,0.8980865134963014,0.8801308194320763,0.9136487343472552,0.7874953614353858,0.8285128182754589
sex_binary,transformer,240m,2,test,240.0,480.0,1433,2593,0.7659082144234477,0.7650878278271835,0.7652813810593477,0.847772449822461,0.7704117236566643,0.7697628497059523,0.7698935752233553,0.8541293497391231,0.7634333565945569,0.7654204276275995,0.7633669814551323,0.8541293497391231,,,,
sex_binary,transformer,240m,2,test,240.0,480.0,1430,2590,0.8065637065637066,0.8080047789725209,0.8065636777274754,0.8958823178016726,0.8258741258741259,0.8271836574731788,0.8258719970658353,0.9101964434429042,0.7923076923076923,0.7967324744035664,0.7912245593182097,0.9101964434429042,0.8936862287998734,0.9241011329536056,0.8057437003246946,0.8459973541880628
sex_binary,transformer,240m,3,test,240.0,720.0,1433,2608,0.7657208588957055,0.7649085595776772,0.7650914233915864,0.8479738169306184,0.771109560362875,0.770490651743798,0.7706081015129331,0.8543030075980191,0.7641311933007676,0.7660331081634804,0.7640805280733816,0.8543030075980191,,,,
sex_binary,transformer,240m,3,test,240.0,720.0,1430,2605,0.8069097888675624,0.8083642490406386,0.8069093336009427,0.8958539290409222,0.8258741258741259,0.8271836574731788,0.8258719970658353,0.910349287218929,0.7944055944055944,0.7987458972223583,0.7933952528379773,0.910349287218929,0.8940054896492773,0.9245398386237584,0.8057437003246946,0.8459973541880628
sex_binary,transformer,240m,all,test,240.0,,1433,2608,0.7657208588957055,0.7649085595776772,0.7650914233915864,0.8479738169306184,0.771109560362875,0.770490651743798,0.7706081015129331,0.8543030075980191,0.7641311933007676,0.7660331081634804,0.7640805280733816,0.8543030075980191,,,,
sex_binary,transformer,240m,all,test,240.0,,1430,2605,0.8069097888675624,0.8083642490406386,0.8069093336009427,0.8958539290409222,0.8258741258741259,0.8271836574731788,0.8258719970658353,0.910349287218929,0.7944055944055944,0.7987458972223583,0.7933952528379773,0.910349287218929,0.8940054896492773,0.9245398386237584,0.8057437003246946,0.8459973541880628
sleep_efficiency_binary,lstm,30s,1,test,0.5,0.5,2023,2023,0.6198714780029659,0.6117320995473086,0.6094799490615216,0.6489931027179812,0.6198714780029659,0.6117320995473086,0.6094799490615216,0.6489931027179812,0.6198714780029659,0.6117320995473086,0.6094799490615216,0.6489931027179812,0.6249741516020453,0.6735114044673159,0.5908621351712452,0.6338994676791511
sleep_efficiency_binary,lstm,30s,1,test,0.5,0.5,2023,2023,0.6198714780029659,0.6117320995473086,0.6094799490615216,0.6489931027179812,0.6198714780029659,0.6117320995473086,0.6094799490615216,0.6489931027179812,0.6198714780029659,0.6117320995473086,0.6094799490615216,0.6489931027179812,0.6249741516020453,0.6735114044673159,0.5908621351712452,0.6338994676791511
sleep_efficiency_binary,lstm,30s,10,test,0.5,5.0,2023,20230,0.6192782995551162,0.619485279892804,0.6134312642867951,0.6623462315425922,0.6490360850222442,0.6537638755108814,0.6449508582502768,0.6964605356135567,0.629757785467128,0.6416187943298518,0.6279760830596359,0.6964605356135567,0.6736994712773067,0.7197220519127887,0.6332279615717893,0.6738354978394183
sleep_efficiency_binary,lstm,30s,10,test,0.5,5.0,2023,20230,0.6192782995551162,0.619485279892804,0.6134312642867951,0.6623462315425922,0.6490360850222442,0.6537638755108814,0.6449508582502768,0.6964605356135567,0.629757785467128,0.6416187943298518,0.6279760830596359,0.6964605356135567,0.6736994712773067,0.7197220519127887,0.6332279615717893,0.6738354978394183
sleep_efficiency_binary,lstm,30s,100,test,0.5,50.0,2023,202170,0.6178463669189296,0.6185990760602444,0.6122444436644477,0.6607159647085747,0.6406327236777064,0.6461436719932065,0.6368673509472499,0.6968922521142908,0.6391497775580821,0.6469699407204371,0.6361725925341952,0.6968922521142908,0.6744293158087125,0.719495022238747,0.6263499884207965,0.6672323581407396
sleep_efficiency_binary,lstm,30s,100,test,0.5,50.0,2023,202170,0.6178463669189296,0.6185990760602444,0.6122444436644477,0.6607159647085747,0.6406327236777064,0.6461436719932065,0.6368673509472499,0.6968922521142908,0.6391497775580821,0.6469699407204371,0.6361725925341952,0.6968922521142908,0.6744293158087125,0.719495022238747,0.6263499884207965,0.6672323581407396
sleep_efficiency_binary,lstm,30s,12,test,0.5,6.0,2023,24276,0.6192123908386884,0.6199973747428198,0.6136300068339797,0.6586685450463814,0.6312407315867523,0.6360502623899581,0.627262371914184,0.6918506383091374,0.6287691547207118,0.6401765150296398,0.6268786257061693,0.6918506383091374,0.6698403174574277,0.716492925613794,0.6152120106387623,0.6567781339118355
sleep_efficiency_binary,lstm,30s,12,test,0.5,6.0,2023,24276,0.6192123908386884,0.6199973747428198,0.6136300068339797,0.6586685450463814,0.6312407315867523,0.6360502623899581,0.627262371914184,0.6918506383091374,0.6287691547207118,0.6401765150296398,0.6268786257061693,0.6918506383091374,0.6698403174574277,0.716492925613794,0.6152120106387623,0.6567781339118355
sleep_efficiency_binary,lstm,30s,120,test,0.5,60.0,2023,242590,0.617894389711035,0.6185388111411735,0.6122428893980765,0.6599780987390792,0.6376668314384577,0.6422292048067152,0.6335663855262998,0.6962141313843642,0.629757785467128,0.6374950871884055,0.6268032370400054,0.6962141313843642,0.6742610137018585,0.7193731758104943,0.6217887486923567,0.6628953447888494
sleep_efficiency_binary,lstm,30s,120,test,0.5,60.0,2023,242590,0.617894389711035,0.6185388111411735,0.6122428893980765,0.6599780987390792,0.6376668314384577,0.6422292048067152,0.6335663855262998,0.6962141313843642,0.629757785467128,0.6374950871884055,0.6268032370400054,0.6962141313843642,0.6742610137018585,0.7193731758104943,0.6217887486923567,0.6628953447888494
sleep_efficiency_binary,lstm,30s,16,test,0.5,8.0,2023,32368,0.6229609490855166,0.6203113831626492,0.6157038362540768,0.6630160755054595,0.6475531389026199,0.6479922128117981,0.641725896772575,0.6998307752773065,0.6396440929312902,0.6459385048354285,0.6361587092078727,0.6998307752773065,0.6774586330168211,0.7231500729978335,0.6269074818707503,0.6687582566837426
sleep_efficiency_binary,lstm,30s,16,test,0.5,8.0,2023,32368,0.6229609490855166,0.6203113831626492,0.6157038362540768,0.6630160755054595,0.6475531389026199,0.6479922128117981,0.641725896772575,0.6998307752773065,0.6396440929312902,0.6459385048354285,0.6361587092078727,0.6998307752773065,0.6774586330168211,0.7231500729978335,0.6269074818707503,0.6687582566837426
sleep_efficiency_binary,lstm,30s,160,test,0.5,80.0,2023,323430,0.6175957703367034,0.6182253552566243,0.6119385351181286,0.660798138060781,0.6401384083044983,0.6444946982362751,0.6359496124031008,0.6969940720437093,0.6327236777063767,0.6399662568753908,0.6295924550750345,0.6969940720437093,0.6748271089569313,0.7197745509572461,0.6243337031667565,0.6651665980974599
sleep_efficiency_binary,lstm,30s,160,test,0.5,80.0,2023,323430,0.6175957703367034,0.6182253552566243,0.6119385351181286,0.660798138060781,0.6401384083044983,0.6444946982362751,0.6359496124031008,0.6969940720437093,0.6327236777063767,0.6399662568753908,0.6295924550750345,0.6969940720437093,0.6748271089569313,0.7197745509572461,0.6243337031667565,0.6651665980974599
sleep_efficiency_binary,lstm,30s,2,test,0.5,1.0,2023,4046,0.6075135936727633,0.6029819493629127,0.5992789194968902,0.6401284051129896,0.6144340088976767,0.6123562557146436,0.6074940151754852,0.6555187419944081,0.5798319327731093,0.6039382930499753,0.5798318301059882,0.6555187419944081,0.632884696640903,0.6805655859722931,0.5916612096260534,0.6349704003958658
sleep_efficiency_binary,lstm,30s,2,test,0.5,1.0,2023,4046,0.6075135936727633,0.6029819493629127,0.5992789194968902,0.6401284051129896,0.6144340088976767,0.6123562557146436,0.6074940151754852,0.6555187419944081,0.5798319327731093,0.6039382930499753,0.5798318301059882,0.6555187419944081,0.632884696640903,0.6805655859722931,0.5916612096260534,0.6349704003958658
sleep_efficiency_binary,lstm,30s,20,test,0.5,10.0,2023,40460,0.6181166584280771,0.6176411173311774,0.6119535186594869,0.6596249335624961,0.6460701927829956,0.6502617790385348,0.6417953116066324,0.6954677913017271,0.6366782006920415,0.6447044472908772,0.6337788774691642,0.6954677913017271,0.6738554947659661,0.7185324640178582,0.6307097330005904,0.6706279315442559
sleep_efficiency_binary,lstm,30s,20,test,0.5,10.0,2023,40460,0.6181166584280771,0.6176411173311774,0.6119535186594869,0.6596249335624961,0.6460701927829956,0.6502617790385348,0.6417953116066324,0.6954677913017271,0.6366782006920415,0.6447044472908772,0.6337788774691642,0.6954677913017271,0.6738554947659661,0.7185324640178582,0.6307097330005904,0.6706279315442559
sleep_efficiency_binary,lstm,30s,200,test,0.5,100.0,2023,404270,0.6184975387735919,0.6191453671342633,0.6128446376911203,0.660886897275528,0.6391497775580821,0.6432586042931355,0.6348707698819751,0.6970908009766568,0.6347009391992091,0.6416137033333809,0.631449977307627,0.6970908009766568,0.6749055545519705,0.719976946625407,0.6229362403806898,0.6646914726273085
sleep_efficiency_binary,lstm,30s,200,test,0.5,100.0,2023,404270,0.6184975387735919,0.6191453671342633,0.6128446376911203,0.660886897275528,0.6391497775580821,0.6432586042931355,0.6348707698819751,0.6970908009766568,0.6347009391992091,0.6416137033333809,0.631449977307627,0.6970908009766568,0.6749055545519705,0.719976946625407,0.6229362403806898,0.6646914726273085
sleep_efficiency_binary,lstm,30s,25,test,0.5,12.5,2023,50575,0.619812160158181,0.6193115343652444,0.6136308091321168,0.6606440379340329,0.6445872466633712,0.6465519699101745,0.6394274615669695,0.6970348000154767,0.6391497775580821,0.6430524189360631,0.6347913093196113,0.6970348000154767,0.6753878222622408,0.7201694518076655,0.6254286642816432,0.6673764914599243
sleep_efficiency_binary,lstm,30s,25,test,0.5,12.5,2023,50575,0.619812160158181,0.6193115343652444,0.6136308091321168,0.6606440379340329,0.6445872466633712,0.6465519699101745,0.6394274615669695,0.6970348000154767,0.6391497775580821,0.6430524189360631,0.6347913093196113,0.6970348000154767,0.6753878222622408,0.7201694518076655,0.6254286642816432,0.6673764914599243
sleep_efficiency_binary,lstm,30s,250,test,0.5,125.0,2023,505320,0.6180578643235969,0.6187996849453075,0.6124493806674522,0.6607419481246193,0.6376668314384577,0.6416106487354983,0.633330440250546,0.6971376381441893,0.6381611468116658,0.6459400321343697,0.6351758051164806,0.6971376381441893,0.6750677350297726,0.7199707724088911,0.6209429619458995,0.6630294377708847
sleep_efficiency_binary,lstm,30s,250,test,0.5,125.0,2023,505320,0.6180578643235969,0.6187996849453075,0.6124493806674522,0.6607419481246193,0.6376668314384577,0.6416106487354983,0.633330440250546,0.6971376381441893,0.6381611468116658,0.6459400321343697,0.6351758051164806,0.6971376381441893,0.6750677350297726,0.7199707724088911,0.6209429619458995,0.6630294377708847
sleep_efficiency_binary,lstm,30s,3,test,0.5,1.5,2023,6069,0.6162464985994398,0.6117358329447207,0.608004895175352,0.6511810433013008,0.6307464162135442,0.6284219132779297,0.6236391552694791,0.6763042623858854,0.634206623826001,0.6329544274359908,0.627622527217768,0.6763042623858854,0.6544183114640604,0.7008031314817625,0.60810664347226,0.6499160521825113
sleep_efficiency_binary,lstm,30s,3,test,0.5,1.5,2023,6069,0.6162464985994398,0.6117358329447207,0.608004895175352,0.6511810433013008,0.6307464162135442,0.6284219132779297,0.6236391552694791,0.6763042623858854,0.634206623826001,0.6329544274359908,0.627622527217768,0.6763042623858854,0.6544183114640604,0.7008031314817625,0.60810664347226,0.6499160521825113
sleep_efficiency_binary,lstm,30s,30,test,0.5,15.0,2023,60690,0.6176964903608502,0.617947391678868,0.6118761625756011,0.6604733303058874,0.6356895699456253,0.6393446462062913,0.6312489102193906,0.6964198076417893,0.629757785467128,0.6377012725454778,0.6268690383405424,0.6964198076417893,0.6747171329439439,0.7192776839530475,0.619103028402338,0.6600438995024914
sleep_efficiency_binary,lstm,30s,30,test,0.5,15.0,2023,60690,0.6176964903608502,0.617947391678868,0.6118761625756011,0.6604733303058874,0.6356895699456253,0.6393446462062913,0.6312489102193906,0.6964198076417893,0.629757785467128,0.6377012725454778,0.6268690383405424,0.6964198076417893,0.6747171329439439,0.7192776839530475,0.619103028402338,0.6600438995024914
sleep_efficiency_binary,lstm,30s,320,test,0.5,160.0,2023,646740,0.6179407489872283,0.6185330345851391,0.6122684006140429,0.660596069095506,0.6391497775580821,0.6430524189360631,0.6347913093196113,0.6966748665649825,0.6371725160652496,0.6444977528341578,0.6340455840455841,0.6966748665649825,0.6745521376693554,0.7196966343021357,0.6227310550956661,0.6644443513514746
sleep_efficiency_binary,lstm,30s,320,test,0.5,160.0,2023,646740,0.6179407489872283,0.6185330345851391,0.6122684006140429,0.660596069095506,0.6391497775580821,0.6430524189360631,0.6347913093196113,0.6966748665649825,0.6371725160652496,0.6444977528341578,0.6340455840455841,0.6966748665649825,0.6745521376693554,0.7196966343021357,0.6227310550956661,0.6644443513514746
sleep_efficiency_binary,lstm,30s,4,test,0.5,2.0,2023,8092,0.6190064260998517,0.617712365826788,0.6124437689228279,0.6574775983427787,0.6386554621848739,0.6414034451791318,0.6338398075620774,0.686929172020698,0.6173999011369253,0.6333841075381366,0.6165543121789522,0.686929172020698,0.6656012554943225,0.7107591285215215,0.6208147908446954,0.6637196574935211
sleep_efficiency_binary,lstm,30s,4,test,0.5,2.0,2023,8092,0.6190064260998517,0.617712365826788,0.6124437689228279,0.6574775983427787,0.6386554621848739,0.6414034451791318,0.6338398075620774,0.686929172020698,0.6173999011369253,0.6333841075381366,0.6165543121789522,0.686929172020698,0.6656012554943225,0.7107591285215215,0.6208147908446954,0.6637196574935211
sleep_efficiency_binary,lstm,30s,40,test,0.5,20.0,2023,80910,0.6189098998887653,0.6196335832087776,0.6132921031239014,0.6601774862564261,0.6445872466633712,0.6506756770516207,0.6410079657429861,0.6959173262901094,0.6361838853188334,0.6442925856763796,0.6333130402060048,0.6959173262901094,0.6736890513622643,0.7183485110004885,0.6301027307877309,0.6707061055969218
sleep_efficiency_binary,lstm,30s,40,test,0.5,20.0,2023,80910,0.6189098998887653,0.6196335832087776,0.6132921031239014,0.6601774862564261,0.6445872466633712,0.6506756770516207,0.6410079657429861,0.6959173262901094,0.6361838853188334,0.6442925856763796,0.6333130402060048,0.6959173262901094,0.6736890513622643,0.7183485110004885,0.6301027307877309,0.6707061055969218
sleep_efficiency_binary,lstm,30s,400,test,0.5,200.0,2023,808340,0.6179565529356459,0.618552188693094,0.6122896153727007,0.6606877965655732,0.6401384083044983,0.6442885128792029,0.6358711239370929,0.6970235998232406,0.6351952545724172,0.6422317503049506,0.6319830763496819,0.6970235998232406,0.6750567049267159,0.7197170211285543,0.6242098616702884,0.6651450976538947
sleep_efficiency_binary,lstm,30s,400,test,0.5,200.0,2023,808340,0.6179565529356459,0.618552188693094,0.6122896153727007,0.6606877965655732,0.6401384083044983,0.6442885128792029,0.6358711239370929,0.6970235998232406,0.6351952545724172,0.6422317503049506,0.6319830763496819,0.6970235998232406,0.6750567049267159,0.7197170211285543,0.6242098616702884,0.6651450976538947
sleep_efficiency_binary,lstm,30s,5,test,0.5,2.5,2023,10115,0.6161146811665843,0.614993697346369,0.6096470134311228,0.6544193311245197,0.6366782006920415,0.6389312572928525,0.6316654664683925,0.6837758088066094,0.6376668314384577,0.6411982780213537,0.6331693446861271,0.6837758088066094,0.662206808059594,0.7069076871579497,0.6170174090795411,0.6597028197830229
sleep_efficiency_binary,lstm,30s,5,test,0.5,2.5,2023,10115,0.6161146811665843,0.614993697346369,0.6096470134311228,0.6544193311245197,0.6366782006920415,0.6389312572928525,0.6316654664683925,0.6837758088066094,0.6376668314384577,0.6411982780213537,0.6331693446861271,0.6837758088066094,0.662206808059594,0.7069076871579497,0.6170174090795411,0.6597028197830229
sleep_efficiency_binary,lstm,30s,50,test,0.5,25.0,2023,101120,0.6177412974683544,0.6182438114702604,0.6120270637037132,0.6601247030653787,0.6421156697973307,0.6469668861225546,0.6381037567084079,0.6962395863667188,0.6391497775580821,0.6473823114345817,0.6363023360738906,0.6962395863667188,0.6742710336662574,0.7193342952612394,0.6265556583801786,0.6672673740602387
sleep_efficiency_binary,lstm,30s,50,test,0.5,25.0,2023,101120,0.6177412974683544,0.6182438114702604,0.6120270637037132,0.6601247030653787,0.6421156697973307,0.6469668861225546,0.6381037567084079,0.6962395863667188,0.6391497775580821,0.6473823114345817,0.6363023360738906,0.6962395863667188,0.6742710336662574,0.7193342952612394,0.6265556583801786,0.6672673740602387
sleep_efficiency_binary,lstm,30s,500,test,0.5,250.0,2023,1010340,0.6183730229427717,0.6189624988035093,0.6127046859082355,0.6608142891019021,0.6416213544241226,0.6457302830797678,0.6373322908344417,0.6969726898585313,0.6371725160652496,0.6438791967629408,0.6338398335010159,0.6969726898585313,0.67497448235227,0.7199542376806178,0.6260996415553985,0.6669301939684837
sleep_efficiency_binary,lstm,30s,500,test,0.5,250.0,2023,1010340,0.6183730229427717,0.6189624988035093,0.6127046859082355,0.6608142891019021,0.6416213544241226,0.6457302830797678,0.6373322908344417,0.6969726898585313,0.6371725160652496,0.6438791967629408,0.6338398335010159,0.6969726898585313,0.67497448235227,0.7199542376806178,0.6260996415553985,0.6669301939684837
sleep_efficiency_binary,lstm,30s,6,test,0.5,3.0,2023,12138,0.6204481792717087,0.6173328744648514,0.6129539377336211,0.6588779511658043,0.6406327236777064,0.6393395552098202,0.6340165408126572,0.691074261347322,0.6238260009886307,0.6350269720993029,0.6219102984852127,0.691074261347322,0.6685549053060617,0.7150152198316794,0.6179440261963609,0.6606767635153215
sleep_efficiency_binary,lstm,30s,6,test,0.5,3.0,2023,12138,0.6204481792717087,0.6173328744648514,0.6129539377336211,0.6588779511658043,0.6406327236777064,0.6393395552098202,0.6340165408126572,0.691074261347322,0.6238260009886307,0.6350269720993029,0.6219102984852127,0.691074261347322,0.6685549053060617,0.7150152198316794,0.6179440261963609,0.6606767635153215
sleep_efficiency_binary,lstm,30s,60,test,0.5,30.0,2023,121330,0.6176790571169538,0.6184098678380077,0.6120687257547511,0.6595155206306971,0.6416213544241226,0.646555024508057,0.6376419519293604,0.6952071322824159,0.6317350469599604,0.6395549043605402,0.6287962771626221,0.6952071322824159,0.6725957382748733,0.7183068135142411,0.6261406234789418,0.6673858345359495
sleep_efficiency_binary,lstm,30s,60,test,0.5,30.0,2023,121330,0.6176790571169538,0.6184098678380077,0.6120687257547511,0.6595155206306971,0.6416213544241226,0.646555024508057,0.6376419519293604,0.6952071322824159,0.6317350469599604,0.6395549043605402,0.6287962771626221,0.6952071322824159,0.6725957382748733,0.7183068135142411,0.6261406234789418,0.6673858345359495
sleep_efficiency_binary,lstm,30s,8,test,0.5,4.0,2023,16184,0.6161641127039051,0.615911171275376,0.6101142335924945,0.6557035690303484,0.6238260009886307,0.6267795578164105,0.6191567139237963,0.6884518890651505,0.6173999011369253,0.6278171028971843,0.6153130656792278,0.6884518890651505,0.6655924949973085,0.7118443515429425,0.606378779537421,0.6483127686530922
sleep_efficiency_binary,lstm,30s,8,test,0.5,4.0,2023,16184,0.6161641127039051,0.615911171275376,0.6101142335924945,0.6557035690303484,0.6238260009886307,0.6267795578164105,0.6191567139237963,0.6884518890651505,0.6173999011369253,0.6278171028971843,0.6153130656792278,0.6884518890651505,0.6655924949973085,0.7118443515429425,0.606378779537421,0.6483127686530922
sleep_efficiency_binary,lstm,30s,80,test,0.5,40.0,2023,161750,0.6176012364760433,0.61805223903372,0.6118630769808271,0.6606448374489635,0.6386554621848739,0.6426405573215657,0.6343309028965199,0.6966723210667469,0.634206623826001,0.6412018417188833,0.6309857405132311,0.6966723210667469,0.6743301370298161,0.7197753856862972,0.6227991660277595,0.6638588986851277
sleep_efficiency_binary,lstm,30s,80,test,0.5,40.0,2023,161750,0.6176012364760433,0.61805223903372,0.6118630769808271,0.6606448374489635,0.6386554621848739,0.6426405573215657,0.6343309028965199,0.6966723210667469,0.634206623826001,0.6412018417188833,0.6309857405132311,0.6966723210667469,0.6743301370298161,0.7197753856862972,0.6227991660277595,0.6638588986851277
sleep_efficiency_binary,lstm,30s,all,test,0.5,,2023,2315620,0.6284843799932631,0.6216812291414399,0.616185939770407,0.6655915432073732,0.6411270390509145,0.6449060507511256,0.6367126743840903,0.6970958919731277,0.6356895699456253,0.6426436119194483,0.6324474063270922,0.6970958919731277,0.674974299376687,0.7199792215519424,0.6249821571078328,0.6659221827851894
sleep_efficiency_binary,lstm,30s,all,test,0.5,,2023,2315620,0.6284843799932631,0.6216812291414399,0.616185939770407,0.6655915432073732,0.6411270390509145,0.6449060507511256,0.6367126743840903,0.6970958919731277,0.6356895699456253,0.6426436119194483,0.6324474063270922,0.6970958919731277,0.674974299376687,0.7199792215519424,0.6249821571078328,0.6659221827851894
sleep_efficiency_binary,lstm,10m,1,test,10.0,10.0,2023,2023,0.6208601087493821,0.6036898524221943,0.6039514473027627,0.6388854383246141,0.6208601087493821,0.6036898524221943,0.6039514473027627,0.6388854383246141,0.6208601087493821,0.6036898524221943,0.6039514473027627,0.6388854383246141,0.6153573267063078,0.663654209267946,0.5829979986618249,0.6260283325304866
sleep_efficiency_binary,lstm,10m,1,test,10.0,10.0,2023,2023,0.6208601087493821,0.6036898524221943,0.6039514473027627,0.6388854383246141,0.6208601087493821,0.6036898524221943,0.6039514473027627,0.6388854383246141,0.6208601087493821,0.6036898524221943,0.6039514473027627,0.6388854383246141,0.6153573267063078,0.663654209267946,0.5829979986618249,0.6260283325304866
sleep_efficiency_binary,lstm,10m,10,test,10.0,100.0,2023,20213,0.622074902290605,0.6249882546372609,0.6173843788627236,0.665442002224999,0.6500247157686604,0.6572680083818165,0.6468100846304077,0.7100870967676245,0.6361838853188334,0.6494472196031874,0.6346985000569202,0.7100870967676245,0.688191733197634,0.7332255135568166,0.6363820500921656,0.6796737530664331
sleep_efficiency_binary,lstm,10m,10,test,10.0,100.0,2023,20213,0.622074902290605,0.6249882546372609,0.6173843788627236,0.665442002224999,0.6500247157686604,0.6572680083818165,0.6468100846304077,0.7100870967676245,0.6361838853188334,0.6494472196031874,0.6346985000569202,0.7100870967676245,0.688191733197634,0.7332255135568166,0.6363820500921656,0.6796737530664331
sleep_efficiency_binary,lstm,10m,100,test,10.0,1000.0,2023,115082,0.6306633530873638,0.6279285460227322,0.6204966972583776,0.6729053049951955,0.6534849233811172,0.6589139275408654,0.649637252831009,0.7172531834000933,0.6450815620365793,0.6527370215226966,0.6420227920227921,0.7172531834000933,0.6947356494669737,0.7400195090448863,0.6383721026345814,0.6810044235704097
sleep_efficiency_binary,lstm,10m,100,test,10.0,1000.0,2023,115082,0.6306633530873638,0.6279285460227322,0.6204966972583776,0.6729053049951955,0.6534849233811172,0.6589139275408654,0.649637252831009,0.7172531834000933,0.6450815620365793,0.6527370215226966,0.6420227920227921,0.7172531834000933,0.6947356494669737,0.7400195090448863,0.6383721026345814,0.6810044235704097
sleep_efficiency_binary,lstm,10m,12,test,10.0,120.0,2023,24255,0.6157493300350443,0.61809219261185,0.6108518862994778,0.662779771378299,0.6445872466633712,0.6498509356233314,0.6407156949028869,0.7081158629340838,0.6282748393475037,0.6391460973439254,0.6262473196263298,0.7081158629340838,0.6862780422615234,0.7312238888494356,0.629353045429264,0.6714481086818925
sleep_efficiency_binary,lstm,10m,12,test,10.0,120.0,2023,24255,0.6157493300350443,0.61809219261185,0.6108518862994778,0.662779771378299,0.6445872466633712,0.6498509356233314,0.6407156949028869,0.7081158629340838,0.6282748393475037,0.6391460973439254,0.6262473196263298,0.7081158629340838,0.6862780422615234,0.7312238888494356,0.629353045429264,0.6714481086818925
sleep_efficiency_binary,lstm,10m,120,test,10.0,1200.0,2023,115261,0.6307684299112449,0.62793278081509,0.6205117656232104,0.6729657053166542,0.6534849233811172,0.6589139275408654,0.649637252831009,0.7172694745888002,0.6450815620365793,0.6527370215226966,0.6420227920227921,0.7172694745888002,0.6947524937332952,0.7400248041497021,0.6383721026345814,0.6810044235704097
sleep_efficiency_binary,lstm,10m,120,test,10.0,1200.0,2023,115261,0.6307684299112449,0.62793278081509,0.6205117656232104,0.6729657053166542,0.6534849233811172,0.6589139275408654,0.649637252831009,0.7172694745888002,0.6450815620365793,0.6527370215226966,0.6420227920227921,0.7172694745888002,0.6947524937332952,0.7400248041497021,0.6383721026345814,0.6810044235704097
sleep_efficiency_binary,lstm,10m,16,test,10.0,160.0,2023,32336,0.6210724888668976,0.6243275047297949,0.6165310217113695,0.6682992776985426,0.6510133465150766,0.6566484341113055,0.6472483037150321,0.7168011029134755,0.6366782006920415,0.6467663008616003,0.6343912077147156,0.7168011029134755,0.6947243900246785,0.739659950788141,0.6371133937205108,0.6776166175267719
sleep_efficiency_binary,lstm,10m,16,test,10.0,160.0,2023,32336,0.6210724888668976,0.6243275047297949,0.6165310217113695,0.6682992776985426,0.6510133465150766,0.6566484341113055,0.6472483037150321,0.7168011029134755,0.6366782006920415,0.6467663008616003,0.6343912077147156,0.7168011029134755,0.6947243900246785,0.739659950788141,0.6371133937205108,0.6776166175267719
sleep_efficiency_binary,lstm,10m,2,test,10.0,20.0,2023,4045,0.5997527812113721,0.5989471421337743,0.5934918396444052,0.6307503981074233,0.6075135936727633,0.6129819391809197,0.6039084847408811,0.6501752320985291,0.5684626791893228,0.5985891830579784,0.5680569669710431,0.6501752320985291,0.6259892254508591,0.6755430273962372,0.5923859895961163,0.6361951019716646
sleep_efficiency_binary,lstm,10m,2,test,10.0,20.0,2023,4045,0.5997527812113721,0.5989471421337743,0.5934918396444052,0.6307503981074233,0.6075135936727633,0.6129819391809197,0.6039084847408811,0.6501752320985291,0.5684626791893228,0.5985891830579784,0.5680569669710431,0.6501752320985291,0.6259892254508591,0.6755430273962372,0.5923859895961163,0.6361951019716646
sleep_efficiency_binary,lstm,10m,20,test,10.0,200.0,2023,40416,0.6205463182897862,0.6232446030372254,0.6157831627613777,0.6674779667301347,0.6539792387543253,0.659325789155363,0.6501003172595103,0.7156780290919902,0.6431043005437469,0.6539761700637189,0.6409967889917276,0.7156780290919902,0.693878020300656,0.7386259463686198,0.6387918421815838,0.6808512046666739
sleep_efficiency_binary,lstm,10m,20,test,10.0,200.0,2023,40416,0.6205463182897862,0.6232446030372254,0.6157831627613777,0.6674779667301347,0.6539792387543253,0.659325789155363,0.6501003172595103,0.7156780290919902,0.6431043005437469,0.6539761700637189,0.6409967889917276,0.7156780290919902,0.693878020300656,0.7386259463686198,0.6387918421815838,0.6808512046666739
sleep_efficiency_binary,lstm,10m,25,test,10.0,250.0,2023,50516,0.6215456489033178,0.6239251762570268,0.6166477213576657,0.6667308329451638,0.6539792387543253,0.6591196037982907,0.6500262956021099,0.7148308872792289,0.6426099851705388,0.6502653427360644,0.6395630484781292,0.7148308872792289,0.693198488861351,0.7377795030373491,0.6380641387130085,0.6815448420248534
sleep_efficiency_binary,lstm,10m,25,test,10.0,250.0,2023,50516,0.6215456489033178,0.6239251762570268,0.6166477213576657,0.6667308329451638,0.6539792387543253,0.6591196037982907,0.6500262956021099,0.7148308872792289,0.6426099851705388,0.6502653427360644,0.6395630484781292,0.7148308872792289,0.693198488861351,0.7377795030373491,0.6380641387130085,0.6815448420248534
sleep_efficiency_binary,lstm,10m,3,test,10.0,30.0,2023,6066,0.6094625783053083,0.6098105482520095,0.6037075731768204,0.6474993558470682,0.6361838853188334,0.6418183613915119,0.6324832400304099,0.6799799618378904,0.6327236777063767,0.6346054375915107,0.6275689223057644,0.6799799618378904,0.6569611633209976,0.7031931833534772,0.6200949600629976,0.6640619002690672
sleep_efficiency_binary,lstm,10m,3,test,10.0,30.0,2023,6066,0.6094625783053083,0.6098105482520095,0.6037075731768204,0.6474993558470682,0.6361838853188334,0.6418183613915119,0.6324832400304099,0.6799799618378904,0.6327236777063767,0.6346054375915107,0.6275689223057644,0.6799799618378904,0.6569611633209976,0.7031931833534772,0.6200949600629976,0.6640619002690672
sleep_efficiency_binary,lstm,10m,30,test,10.0,300.0,2023,60608,0.6195881731784583,0.6223397925324914,0.6148476303146664,0.6663295511800315,0.6520019772614928,0.6576783426973729,0.6482476003050744,0.7152524217870211,0.6396440929312902,0.6484127291202961,0.6369583578373873,0.7152524217870211,0.6929085750127716,0.7380604884271774,0.6371342172727037,0.6796564020783419
sleep_efficiency_binary,lstm,10m,30,test,10.0,300.0,2023,60608,0.6195881731784583,0.6223397925324914,0.6148476303146664,0.6663295511800315,0.6520019772614928,0.6576783426973729,0.6482476003050744,0.7152524217870211,0.6396440929312902,0.6484127291202961,0.6369583578373873,0.7152524217870211,0.6929085750127716,0.7380604884271774,0.6371342172727037,0.6796564020783419
sleep_efficiency_binary,lstm,10m,4,test,10.0,40.0,2023,8087,0.6165450723383208,0.6194223315874574,0.6118652041195756,0.6554269609179442,0.634206623826001,0.6418203977901002,0.6311886554456225,0.6907576013668307,0.615916955017301,0.6370969712643795,0.6157351758045838,0.6907576013668307,0.6679143738576098,0.714720008719742,0.6207729308904744,0.6622730963465497
sleep_efficiency_binary,lstm,10m,4,test,10.0,40.0,2023,8087,0.6165450723383208,0.6194223315874574,0.6118652041195756,0.6554269609179442,0.634206623826001,0.6418203977901002,0.6311886554456225,0.6907576013668307,0.615916955017301,0.6370969712643795,0.6157351758045838,0.6907576013668307,0.6679143738576098,0.714720008719742,0.6207729308904744,0.6622730963465497
sleep_efficiency_binary,lstm,10m,40,test,10.0,400.0,2023,80693,0.622172927019692,0.6249860558431208,0.6173954061188003,0.6691093798289611,0.6510133465150766,0.6560298780400886,0.6470265209929852,0.7179577773116688,0.6445872466633712,0.6531499013364883,0.6418142036940587,0.7179577773116688,0.6950542960487982,0.7403921221299902,0.635254926842855,0.6774907931644863
sleep_efficiency_binary,lstm,10m,40,test,10.0,400.0,2023,80693,0.622172927019692,0.6249860558431208,0.6173954061188003,0.6691093798289611,0.6510133465150766,0.6560298780400886,0.6470265209929852,0.7179577773116688,0.6445872466633712,0.6531499013364883,0.6418142036940587,0.7179577773116688,0.6950542960487982,0.7403921221299902,0.635254926842855,0.6774907931644863
sleep_efficiency_binary,lstm,10m,5,test,10.0,50.0,2023,10108,0.6167392164622082,0.6190843344755321,0.6118364529641449,0.6599654717650755,0.6460701927829956,0.6519112618951133,0.6423980818189539,0.7005185689005281,0.6386554621848739,0.644908596249361,0.6351605163661932,0.7005185689005281,0.6788878051259186,0.7240818737384325,0.6315308734182872,0.6737009243922654
sleep_efficiency_binary,lstm,10m,5,test,10.0,50.0,2023,10108,0.6167392164622082,0.6190843344755321,0.6118364529641449,0.6599654717650755,0.6460701927829956,0.6519112618951133,0.6423980818189539,0.7005185689005281,0.6386554621848739,0.644908596249361,0.6351605163661932,0.7005185689005281,0.6788878051259186,0.7240818737384325,0.6315308734182872,0.6737009243922654
sleep_efficiency_binary,lstm,10m,50,test,10.0,500.0,2023,99096,0.6224065552595462,0.625002743150448,0.6171753135872277,0.6688845792828249,0.6534849233811172,0.6585015568267208,0.6494889978009691,0.7170933261109064,0.6440929312901631,0.6525318543649186,0.6412844958537003,0.7170933261109064,0.694252254047643,0.7398905789264437,0.6375548161881306,0.6799150615722086
sleep_efficiency_binary,lstm,10m,50,test,10.0,500.0,2023,99096,0.6224065552595462,0.625002743150448,0.6171753135872277,0.6688845792828249,0.6534849233811172,0.6585015568267208,0.6494889978009691,0.7170933261109064,0.6440929312901631,0.6525318543649186,0.6412844958537003,0.7170933261109064,0.694252254047643,0.7398905789264437,0.6375548161881306,0.6799150615722086
sleep_efficiency_binary,lstm,10m,6,test,10.0,60.0,2023,12129,0.6155495094401847,0.6191374141943846,0.6111647337502875,0.6602582893493391,0.6401384083044983,0.6457318103787091,0.6364047535812827,0.7027356978636141,0.6154226396440929,0.6321490317942912,0.6147100583604246,0.7027356978636141,0.6802276065984414,0.7256971920157033,0.6239685549167118,0.6667724153092244
sleep_efficiency_binary,lstm,10m,6,test,10.0,60.0,2023,12129,0.6155495094401847,0.6191374141943846,0.6111647337502875,0.6602582893493391,0.6401384083044983,0.6457318103787091,0.6364047535812827,0.7027356978636141,0.6154226396440929,0.6321490317942912,0.6147100583604246,0.7027356978636141,0.6802276065984414,0.7256971920157033,0.6239685549167118,0.6667724153092244
sleep_efficiency_binary,lstm,10m,60,test,10.0,600.0,2023,108694,0.6253887059083298,0.6259597464912423,0.6181277410228743,0.6705593470740966,0.652496292634701,0.6580902043118704,0.6487108950163137,0.7175504975939951,0.6450815620365793,0.6527370215226966,0.6420227920227921,0.7175504975939951,0.6950514289923976,0.7403090747808614,0.6377243589229902,0.6795240110241848
sleep_efficiency_binary,lstm,10m,60,test,10.0,600.0,2023,108694,0.6253887059083298,0.6259597464912423,0.6181277410228743,0.6705593470740966,0.652496292634701,0.6580902043118704,0.6487108950163137,0.7175504975939951,0.6450815620365793,0.6527370215226966,0.6420227920227921,0.7175504975939951,0.6950514289923976,0.7403090747808614,0.6377243589229902,0.6795240110241848
sleep_efficiency_binary,lstm,10m,8,test,10.0,80.0,2023,16171,0.6148042792653515,0.6176267014335939,0.6101121148946834,0.658383329914968,0.6421156697973307,0.6469668861225546,0.6381037567084079,0.702186888444049,0.6213544241225902,0.6346171468833939,0.6199494776082798,0.702186888444049,0.6790576807754467,0.7262386192110005,0.625348512718943,0.6696874955463918
sleep_efficiency_binary,lstm,10m,8,test,10.0,80.0,2023,16171,0.6148042792653515,0.6176267014335939,0.6101121148946834,0.658383329914968,0.6421156697973307,0.6469668861225546,0.6381037567084079,0.702186888444049,0.6213544241225902,0.6346171468833939,0.6199494776082798,0.702186888444049,0.6790576807754467,0.7262386192110005,0.625348512718943,0.6696874955463918
sleep_efficiency_binary,lstm,10m,80,test,10.0,800.0,2023,114271,0.6298885981570127,0.6277161587642272,0.6201837580831417,0.6726252250209114,0.6534849233811172,0.6589139275408654,0.649637252831009,0.7172165282255027,0.6450815620365793,0.6527370215226966,0.6420227920227921,0.7172165282255027,0.6946863383650427,0.7399249488113917,0.6383721026345814,0.6810044235704097
sleep_efficiency_binary,lstm,10m,80,test,10.0,800.0,2023,114271,0.6298885981570127,0.6277161587642272,0.6201837580831417,0.6726252250209114,0.6534849233811172,0.6589139275408654,0.649637252831009,0.7172165282255027,0.6450815620365793,0.6527370215226966,0.6420227920227921,0.7172165282255027,0.6946863383650427,0.7399249488113917,0.6383721026345814,0.6810044235704097
sleep_efficiency_binary,lstm,10m,all,test,10.0,,2023,115270,0.6307538821896417,0.6279179234106556,0.6204940094349516,0.6729551975121397,0.6534849233811172,0.6589139275408654,0.649637252831009,0.7172715109873885,0.6450815620365793,0.6527370215226966,0.6420227920227921,0.7172715109873885,0.6947525188654906,0.7400249560330556,0.6383721026345814,0.6810044235704097
sleep_efficiency_binary,lstm,10m,all,test,10.0,,2023,115270,0.6307538821896417,0.6279179234106556,0.6204940094349516,0.6729551975121397,0.6534849233811172,0.6589139275408654,0.649637252831009,0.7172715109873885,0.6450815620365793,0.6527370215226966,0.6420227920227921,0.7172715109873885,0.6947525188654906,0.7400249560330556,0.6383721026345814,0.6810044235704097
sleep_efficiency_binary,lstm,40m,1,test,40.0,40.0,2023,2023,0.6292634700939199,0.6075987195125676,0.6085833309255414,0.6660133221195651,0.6292634700939199,0.6075987195125676,0.6085833309255414,0.6660133221195651,0.6292634700939199,0.6075987195125676,0.6085833309255414,0.6660133221195651,0.6422780845433456,0.692011033602746,0.5855757982525425,0.629667914232541
sleep_efficiency_binary,lstm,40m,1,test,40.0,40.0,2023,2023,0.6292634700939199,0.6075987195125676,0.6085833309255414,0.6660133221195651,0.6292634700939199,0.6075987195125676,0.6085833309255414,0.6660133221195651,0.6292634700939199,0.6075987195125676,0.6085833309255414,0.6660133221195651,0.6422780845433456,0.692011033602746,0.5855757982525425,0.629667914232541
sleep_efficiency_binary,lstm,40m,10,test,40.0,400.0,2023,20162,0.637684753496677,0.6388645417100847,0.6321324100839893,0.6873782276393413,0.6668314384577361,0.6663228547049971,0.6605589777599863,0.7313481162294858,0.6520019772614928,0.659740196268096,0.6489377855693442,0.7313481162294858,0.7092246094637269,0.7527820839708782,0.6451091826363523,0.6870136043521555
sleep_efficiency_binary,lstm,40m,10,test,40.0,400.0,2023,20162,0.637684753496677,0.6388645417100847,0.6321324100839893,0.6873782276393413,0.6668314384577361,0.6663228547049971,0.6605589777599863,0.7313481162294858,0.6520019772614928,0.659740196268096,0.6489377855693442,0.7313481162294858,0.7092246094637269,0.7527820839708782,0.6451091826363523,0.6870136043521555
sleep_efficiency_binary,lstm,40m,12,test,40.0,480.0,2023,23817,0.639333249359701,0.6408373175493344,0.6335540369834175,0.6882167462625687,0.6623826000988631,0.6632346562457363,0.6567122053581566,0.7315537924869111,0.6554621848739496,0.6630355982837233,0.6523305056014241,0.7315537924869111,0.7097980944608661,0.7526108598180946,0.6421145973400331,0.6847102868620595
sleep_efficiency_binary,lstm,40m,12,test,40.0,480.0,2023,23817,0.639333249359701,0.6408373175493344,0.6335540369834175,0.6882167462625687,0.6623826000988631,0.6632346562457363,0.6567122053581566,0.7315537924869111,0.6554621848739496,0.6630355982837233,0.6523305056014241,0.7315537924869111,0.7097980944608661,0.7526108598180946,0.6421145973400331,0.6847102868620595
sleep_efficiency_binary,lstm,40m,16,test,40.0,640.0,2023,27241,0.6420836239491943,0.6396444877988681,0.6327401821734306,0.6883508406799145,0.661888284725655,0.6626166092741664,0.6561650806777046,0.7305987215489662,0.657439446366782,0.6630335618851348,0.6536356864648921,0.7305987215489662,0.7086701990319023,0.752289529571958,0.6419639059335759,0.6835680577845371
sleep_efficiency_binary,lstm,40m,16,test,40.0,640.0,2023,27241,0.6420836239491943,0.6396444877988681,0.6327401821734306,0.6883508406799145,0.661888284725655,0.6626166092741664,0.6561650806777046,0.7305987215489662,0.657439446366782,0.6630335618851348,0.6536356864648921,0.7305987215489662,0.7086701990319023,0.752289529571958,0.6419639059335759,0.6835680577845371
sleep_efficiency_binary,lstm,40m,2,test,40.0,80.0,2023,4044,0.6224035608308606,0.611420453112136,0.6101485071162619,0.6605735975328064,0.6396440929312902,0.6277941934130651,0.6268918622504935,0.682055051999438,0.6005931784478498,0.6185560712169313,0.6001279916081343,0.682055051999438,0.6599819483043152,0.7055222636009019,0.6075661380140764,0.6497451206162145
sleep_efficiency_binary,lstm,40m,2,test,40.0,80.0,2023,4044,0.6224035608308606,0.611420453112136,0.6101485071162619,0.6605735975328064,0.6396440929312902,0.6277941934130651,0.6268918622504935,0.682055051999438,0.6005931784478498,0.6185560712169313,0.6001279916081343,0.682055051999438,0.6599819483043152,0.7055222636009019,0.6075661380140764,0.6497451206162145
sleep_efficiency_binary,lstm,40m,20,test,40.0,800.0,2023,27937,0.6442710384078463,0.6401939685606735,0.6334549732291785,0.6893754258641399,0.6613939693524469,0.6622047476596689,0.6557069702347544,0.7305946487517895,0.6569451309935739,0.6624155149135651,0.653099457397286,0.7305946487517895,0.7085919297006836,0.7525131136902874,0.641457636418626,0.6830415586421573
sleep_efficiency_binary,lstm,40m,20,test,40.0,800.0,2023,27937,0.6442710384078463,0.6401939685606735,0.6334549732291785,0.6893754258641399,0.6613939693524469,0.6622047476596689,0.6557069702347544,0.7305946487517895,0.6569451309935739,0.6624155149135651,0.653099457397286,0.7305946487517895,0.7085919297006836,0.7525131136902874,0.641457636418626,0.6830415586421573
sleep_efficiency_binary,lstm,40m,25,test,40.0,1000.0,2023,28118,0.6450316523223558,0.6404330236804081,0.6337780074981396,0.6896918847864879,0.6613939693524469,0.6622047476596689,0.6557069702347544,0.730741269450152,0.6569451309935739,0.6624155149135651,0.653099457397286,0.730741269450152,0.708720975865167,0.7525329638321494,0.641457636418626,0.6830415586421573
sleep_efficiency_binary,lstm,40m,25,test,40.0,1000.0,2023,28118,0.6450316523223558,0.6404330236804081,0.6337780074981396,0.6896918847864879,0.6613939693524469,0.6622047476596689,0.6557069702347544,0.730741269450152,0.6569451309935739,0.6624155149135651,0.653099457397286,0.730741269450152,0.708720975865167,0.7525329638321494,0.641457636418626,0.6830415586421573
sleep_efficiency_binary,lstm,40m,3,test,40.0,120.0,2023,6065,0.6276999175597692,0.6232145689362185,0.6194499334977938,0.6715406140251501,0.6569451309935739,0.6516938763458049,0.6483096361759902,0.7061853570723106,0.643598615916955,0.6393365006119378,0.6354749989066122,0.7061853570723106,0.6839451513579557,0.7287741068461805,0.6296514749165105,0.6736195309417876
sleep_efficiency_binary,lstm,40m,3,test,40.0,120.0,2023,6065,0.6276999175597692,0.6232145689362185,0.6194499334977938,0.6715406140251501,0.6569451309935739,0.6516938763458049,0.6483096361759902,0.7061853570723106,0.643598615916955,0.6393365006119378,0.6354749989066122,0.7061853570723106,0.6839451513579557,0.7287741068461805,0.6296514749165105,0.6736195309417876
sleep_efficiency_binary,lstm,40m,30,test,40.0,1200.0,2023,28156,0.6451555618695838,0.6404522577571354,0.6338146932648845,0.689732188095389,0.6613939693524469,0.6622047476596689,0.6557069702347544,0.7307646880339183,0.6569451309935739,0.6624155149135651,0.653099457397286,0.7307646880339183,0.7087402119427649,0.7525592686547166,0.641457636418626,0.6830415586421573
sleep_efficiency_binary,lstm,40m,30,test,40.0,1200.0,2023,28156,0.6451555618695838,0.6404522577571354,0.6338146932648845,0.689732188095389,0.6613939693524469,0.6622047476596689,0.6557069702347544,0.7307646880339183,0.6569451309935739,0.6624155149135651,0.653099457397286,0.7307646880339183,0.7087402119427649,0.7525592686547166,0.641457636418626,0.6830415586421573
sleep_efficiency_binary,lstm,40m,4,test,40.0,160.0,2023,8085,0.6298082869511441,0.6268580288956451,0.6223794350889025,0.679716643262277,0.6510133465150766,0.6484010198284131,0.6437427912341407,0.7173631489238652,0.6262975778546713,0.6383233923142244,0.624575821845175,0.7173631489238652,0.6933469237487357,0.7389827066473278,0.625930625854788,0.669224503945359
sleep_efficiency_binary,lstm,40m,4,test,40.0,160.0,2023,8085,0.6298082869511441,0.6268580288956451,0.6223794350889025,0.679716643262277,0.6510133465150766,0.6484010198284131,0.6437427912341407,0.7173631489238652,0.6262975778546713,0.6383233923142244,0.624575821845175,0.7173631489238652,0.6933469237487357,0.7389827066473278,0.625930625854788,0.669224503945359
sleep_efficiency_binary,lstm,40m,5,test,40.0,200.0,2023,10105,0.631073725878278,0.6309016412575847,0.6250098049169917,0.6771463010409791,0.6559565002471577,0.6543753041870392,0.6491879544584769,0.7178478117878968,0.6505190311418685,0.6525252360695064,0.6453599101213416,0.7178478117878968,0.6966550843634083,0.7402407877741506,0.632527013606617,0.6754815604526108
sleep_efficiency_binary,lstm,40m,5,test,40.0,200.0,2023,10105,0.631073725878278,0.6309016412575847,0.6250098049169917,0.6771463010409791,0.6559565002471577,0.6543753041870392,0.6491879544584769,0.7178478117878968,0.6505190311418685,0.6525252360695064,0.6453599101213416,0.7178478117878968,0.6966550843634083,0.7402407877741506,0.632527013606617,0.6754815604526108
sleep_efficiency_binary,lstm,40m,6,test,40.0,240.0,2023,12125,0.6364536082474227,0.6374110421706396,0.6308870704907283,0.6850612805800599,0.6697973306969847,0.6683816536778378,0.6631110481778493,0.727270228056278,0.6426099851705388,0.6543890498775107,0.6407387675368497,0.727270228056278,0.7060165924661514,0.7483473579155371,0.6469218992234247,0.6904128252676427
sleep_efficiency_binary,lstm,40m,6,test,40.0,240.0,2023,12125,0.6364536082474227,0.6374110421706396,0.6308870704907283,0.6850612805800599,0.6697973306969847,0.6683816536778378,0.6631110481778493,0.727270228056278,0.6426099851705388,0.6543890498775107,0.6407387675368497,0.727270228056278,0.7060165924661514,0.7483473579155371,0.6469218992234247,0.6904128252676427
sleep_efficiency_binary,lstm,40m,8,test,40.0,320.0,2023,16159,0.6370443715576459,0.6378635712021634,0.6313977456497084,0.6850343800404561,0.6638655462184874,0.6636454996609396,0.6577233442014707,0.7286055964306006,0.6505190311418685,0.6613912064236157,0.6483741501365068,0.7286055964306006,0.7068938855609438,0.7497373854502319,0.6424280415604288,0.6846234048290961
sleep_efficiency_binary,lstm,40m,8,test,40.0,320.0,2023,16159,0.6370443715576459,0.6378635712021634,0.6313977456497084,0.6850343800404561,0.6638655462184874,0.6636454996609396,0.6577233442014707,0.7286055964306006,0.6505190311418685,0.6613912064236157,0.6483741501365068,0.7286055964306006,0.7068938855609438,0.7497373854502319,0.6424280415604288,0.6846234048290961
sleep_efficiency_binary,lstm,40m,all,test,40.0,,2023,28157,0.6451681642220407,0.6404619676931482,0.6338238057772905,0.6897283977849552,0.6613939693524469,0.6622047476596689,0.6557069702347544,0.730768760831095,0.6569451309935739,0.6624155149135651,0.653099457397286,0.730768760831095,0.7087431714206827,0.752559450497459,0.641457636418626,0.6830415586421573
sleep_efficiency_binary,lstm,40m,all,test,40.0,,2023,28157,0.6451681642220407,0.6404619676931482,0.6338238057772905,0.6897283977849552,0.6613939693524469,0.6622047476596689,0.6557069702347544,0.730768760831095,0.6569451309935739,0.6624155149135651,0.653099457397286,0.730768760831095,0.7087431714206827,0.752559450497459,0.641457636418626,0.6830415586421573
sleep_efficiency_binary,lstm,80m,1,test,80.0,80.0,2023,2023,0.6332179930795848,0.6020276420744386,0.6028976351623049,0.6598430343968085,0.6332179930795848,0.6020276420744386,0.6028976351623049,0.6598430343968085,0.6332179930795848,0.6020276420744386,0.6028976351623049,0.6598430343968085,0.6332655194354824,0.6843872996045476,0.5796169478847272,0.6244458189566573
sleep_efficiency_binary,lstm,80m,1,test,80.0,80.0,2023,2023,0.6332179930795848,0.6020276420744386,0.6028976351623049,0.6598430343968085,0.6332179930795848,0.6020276420744386,0.6028976351623049,0.6598430343968085,0.6332179930795848,0.6020276420744386,0.6028976351623049,0.6598430343968085,0.6332655194354824,0.6843872996045476,0.5796169478847272,0.6244458189566573
sleep_efficiency_binary,lstm,80m,10,test,80.0,800.0,2023,13372,0.6561471731977266,0.6493762476564141,0.6437137358102822,0.7019501133786847,0.6866040533860603,0.6854777289268383,0.6800749711649365,0.7585574559679715,0.6732575383094415,0.6805430260475743,0.6699669893687257,0.7585574559679715,0.7357787877433833,0.7799972569770632,0.6658946078829706,0.7056669778996053
sleep_efficiency_binary,lstm,80m,10,test,80.0,800.0,2023,13372,0.6561471731977266,0.6493762476564141,0.6437137358102822,0.7019501133786847,0.6866040533860603,0.6854777289268383,0.6800749711649365,0.7585574559679715,0.6732575383094415,0.6805430260475743,0.6699669893687257,0.7585574559679715,0.7357787877433833,0.7799972569770632,0.6658946078829706,0.7056669778996053
sleep_efficiency_binary,lstm,80m,12,test,80.0,960.0,2023,13443,0.6565498772595403,0.6493346363816748,0.6437513597956905,0.7019869735079786,0.6866040533860603,0.6854777289268383,0.6800749711649365,0.7586287299185644,0.6732575383094415,0.6805430260475743,0.6699669893687257,0.7586287299185644,0.7358077842327225,0.7800848899200091,0.6658946078829706,0.7056669778996053
sleep_efficiency_binary,lstm,80m,12,test,80.0,960.0,2023,13443,0.6565498772595403,0.6493346363816748,0.6437513597956905,0.7019869735079786,0.6866040533860603,0.6854777289268383,0.6800749711649365,0.7586287299185644,0.6732575383094415,0.6805430260475743,0.6699669893687257,0.7586287299185644,0.7358077842327225,0.7800848899200091,0.6658946078829706,0.7056669778996053
sleep_efficiency_binary,lstm,80m,2,test,80.0,160.0,2023,4043,0.6336878555528073,0.6192855842779291,0.6190698462997782,0.6674775583620242,0.6638655462184874,0.6477692271663718,0.6483451536643026,0.7021751791521658,0.6089965397923875,0.6290628697336187,0.6087380266881834,0.7021751791521658,0.678111681149721,0.7254926330312748,0.6267549138490676,0.6693782634920817
sleep_efficiency_binary,lstm,80m,2,test,80.0,160.0,2023,4043,0.6336878555528073,0.6192855842779291,0.6190698462997782,0.6674775583620242,0.6638655462184874,0.6477692271663718,0.6483451536643026,0.7021751791521658,0.6089965397923875,0.6290628697336187,0.6087380266881834,0.7021751791521658,0.678111681149721,0.7254926330312748,0.6267549138490676,0.6693782634920817
sleep_efficiency_binary,lstm,80m,3,test,80.0,240.0,2023,6063,0.6397822859970311,0.6337000617763244,0.6306571281298325,0.6838250313132286,0.6742461690558577,0.6667275889244353,0.6644299643602656,0.7345391528174593,0.6658428077113199,0.659519756120905,0.6566510200433444,0.7345391528174593,0.7119918756693883,0.7568359112032386,0.6465087782817566,0.6880947070385781
sleep_efficiency_binary,lstm,80m,3,test,80.0,240.0,2023,6063,0.6397822859970311,0.6337000617763244,0.6306571281298325,0.6838250313132286,0.6742461690558577,0.6667275889244353,0.6644299643602656,0.7345391528174593,0.6658428077113199,0.659519756120905,0.6566510200433444,0.7345391528174593,0.7119918756693883,0.7568359112032386,0.6465087782817566,0.6880947070385781
sleep_efficiency_binary,lstm,80m,4,test,80.0,320.0,2023,8079,0.6435202376531749,0.6394593504006763,0.6354918110859898,0.6908308310353479,0.6831438457736035,0.6784709904839095,0.6749076487053269,0.7448453660731922,0.6500247157686604,0.6646906812364197,0.6487681858844578,0.7448453660731922,0.7227355599534088,0.7671567045460288,0.657108336842207,0.6991552126369118
sleep_efficiency_binary,lstm,80m,4,test,80.0,320.0,2023,8079,0.6435202376531749,0.6394593504006763,0.6354918110859898,0.6908308310353479,0.6831438457736035,0.6784709904839095,0.6749076487053269,0.7448453660731922,0.6500247157686604,0.6646906812364197,0.6487681858844578,0.7448453660731922,0.7227355599534088,0.7671567045460288,0.657108336842207,0.6991552126369118
sleep_efficiency_binary,lstm,80m,5,test,80.0,400.0,2023,10074,0.6472106412547151,0.6447296579789084,0.639914383230989,0.6966406294263887,0.6826495304003954,0.679502426368918,0.6751688225937154,0.7518414134235322,0.67622343054869,0.6757977082370286,0.6699914949150052,0.7518414134235322,0.7291163488140581,0.7733245632067326,0.6582488676102105,0.700438719722609
sleep_efficiency_binary,lstm,80m,5,test,80.0,400.0,2023,10074,0.6472106412547151,0.6447296579789084,0.639914383230989,0.6966406294263887,0.6826495304003954,0.679502426368918,0.6751688225937154,0.7518414134235322,0.67622343054869,0.6757977082370286,0.6699914949150052,0.7518414134235322,0.7291163488140581,0.7733245632067326,0.6582488676102105,0.700438719722609
sleep_efficiency_binary,lstm,80m,6,test,80.0,480.0,2023,11798,0.6494321071368029,0.6474452465837901,0.6418012454458542,0.6987631976683775,0.6875926841324765,0.6848581546563273,0.6803263604686982,0.755040595605859,0.666337123084528,0.6768388170153321,0.6640200477080338,0.755040595605859,0.7320532044324158,0.776136806839373,0.6639116039832748,0.7048146681202616
sleep_efficiency_binary,lstm,80m,6,test,80.0,480.0,2023,11798,0.6494321071368029,0.6474452465837901,0.6418012454458542,0.6987631976683775,0.6875926841324765,0.6848581546563273,0.6803263604686982,0.755040595605859,0.666337123084528,0.6768388170153321,0.6640200477080338,0.755040595605859,0.7320532044324158,0.776136806839373,0.6639116039832748,0.7048146681202616
sleep_efficiency_binary,lstm,80m,8,test,80.0,640.0,2023,13105,0.6544067149942769,0.6488833380539462,0.6431455581244032,0.7010671448904205,0.6866040533860603,0.685271543569766,0.679982374581072,0.7583130881373674,0.671280276816609,0.678689394232512,0.6680356883319034,0.7583130881373674,0.7356869819826428,0.7797626643003264,0.66557253246922,0.7057877070658002
sleep_efficiency_binary,lstm,80m,8,test,80.0,640.0,2023,13105,0.6544067149942769,0.6488833380539462,0.6431455581244032,0.7010671448904205,0.6866040533860603,0.685271543569766,0.679982374581072,0.7583130881373674,0.671280276816609,0.678689394232512,0.6680356883319034,0.7583130881373674,0.7356869819826428,0.7797626643003264,0.66557253246922,0.7057877070658002
sleep_efficiency_binary,lstm,80m,all,test,80.0,,2023,13465,0.6564426290382473,0.6491550141652699,0.6435689281958229,0.7017453148528932,0.6866040533860603,0.6854777289268383,0.6800749711649365,0.7585401465799705,0.6732575383094415,0.6805430260475743,0.6699669893687257,0.7585401465799705,0.7357476819205311,0.779981663621674,0.6658946078829706,0.7056669778996053
sleep_efficiency_binary,lstm,80m,all,test,80.0,,2023,13465,0.6564426290382473,0.6491550141652699,0.6435689281958229,0.7017453148528932,0.6866040533860603,0.6854777289268383,0.6800749711649365,0.7585401465799705,0.6732575383094415,0.6805430260475743,0.6699669893687257,0.7585401465799705,0.7357476819205311,0.779981663621674,0.6658946078829706,0.7056669778996053
sleep_efficiency_binary,lstm,120m,1,test,120.0,120.0,2023,2023,0.6613939693524469,0.6314831294558947,0.6335111004148193,0.6932964813068792,0.6613939693524469,0.6314831294558947,0.6335111004148193,0.6932964813068792,0.6613939693524469,0.6314831294558947,0.6335111004148193,0.6932964813068792,0.6682526800565285,0.7165494843152165,0.6104483717866521,0.6519626595853705
sleep_efficiency_binary,lstm,120m,1,test,120.0,120.0,2020,2020,0.6643564356435644,0.6357260726072607,0.6379013315763702,0.694041433846355,0.6643564356435644,0.6357260726072607,0.6379013315763702,0.694041433846355,0.6643564356435644,0.6357260726072607,0.6379013315763702,0.694041433846355,0.6709951512746597,0.7167559375929793,0.6159255805053483,0.658596599745485
sleep_efficiency_binary,lstm,120m,10,test,120.0,1200.0,2023,8736,0.6737637362637363,0.6634310134310135,0.6591312161360767,0.7229875842513205,0.7187345526445873,0.7141044020828284,0.7107554892624521,0.7804864141668176,0.6880869995056846,0.6957854694815125,0.684882642505529,0.7804864141668176,0.7590923777967702,0.7997686145787717,0.6940618388512383,0.734116076571276
sleep_efficiency_binary,lstm,120m,10,test,120.0,1200.0,2020,8733,0.667353715790679,0.6590745708379604,0.6537990500865148,0.7188180666239625,0.7237623762376237,0.716377887788779,0.7144915377881529,0.7780946720909714,0.6905940594059405,0.7007013201320131,0.688089772828061,0.7780946720909714,0.7582087129992973,0.7985248872239193,0.6958362202775785,0.7363082270200327
sleep_efficiency_binary,lstm,120m,2,test,120.0,240.0,2023,4043,0.6685629483057136,0.6546357207351201,0.6546675294847162,0.7096501719926522,0.6950074147305981,0.6813453670913915,0.6816759339711251,0.7482227331320015,0.6515076618882847,0.6704623439355032,0.6509618271963513,0.7482227331320015,0.7263718675077867,0.7680274383310062,0.6591113000360689,0.701350745264811
sleep_efficiency_binary,lstm,120m,2,test,120.0,240.0,2020,4040,0.6650990099009901,0.6494430693069306,0.6499290170772098,0.7008820622161226,0.6945544554455445,0.6749174917491749,0.6769934060876094,0.7363463140868542,0.6440594059405941,0.6617161716171618,0.6433670990077542,0.7363463140868542,0.7141095514029142,0.7583247510446408,0.6545036382952097,0.695706110327469
sleep_efficiency_binary,lstm,120m,3,test,120.0,360.0,2023,6051,0.6698066435299951,0.663195899414267,0.660401389281829,0.7195785547063592,0.7093425605536332,0.7015367681947122,0.6996727900705926,0.7718184835754272,0.703905091448344,0.6972124757923118,0.6947687283896414,0.7718184835754272,0.7513185717021552,0.7913901084818004,0.6808742122023216,0.7219057428812699
sleep_efficiency_binary,lstm,120m,3,test,120.0,360.0,2020,6048,0.6625330687830688,0.6565624289424239,0.6534526817242391,0.7107919753308043,0.7079207920792079,0.6951320132013201,0.6953710093806711,0.7621127830604842,0.699009900990099,0.6920379537953796,0.6896940296621946,0.7621127830604842,0.7416543568226502,0.7835223526710748,0.6750459915305903,0.716841286280249
sleep_efficiency_binary,lstm,120m,4,test,120.0,480.0,2023,7775,0.6681672025723473,0.6627678029317373,0.6585477534401405,0.7199477491543066,0.7147800296589224,0.7095723970244143,0.7064893539713684,0.7768636610781101,0.6786950074147305,0.6914652498762888,0.6768948686496985,0.7768636610781101,0.7562284079809964,0.7958362366393317,0.6897318071380109,0.7291206840691608
sleep_efficiency_binary,lstm,120m,4,test,120.0,480.0,2020,7772,0.6610910962429233,0.6566930966699807,0.6519729037483284,0.7152935117826715,0.7242574257425742,0.7159653465346535,0.7145235635915419,0.7728347711008725,0.6787128712871288,0.6934818481848185,0.6773559222088585,0.7728347711008725,0.7522294026792244,0.7937409157934786,0.6949473189005131,0.7365562202596482
sleep_efficiency_binary,lstm,120m,5,test,120.0,600.0,2023,8451,0.6699798840373921,0.6616332106386678,0.6572607835880511,0.7212539176316461,0.7187345526445873,0.7141044020828284,0.7107554892624521,0.7792370836328537,0.6861097380128522,0.6929009108810886,0.6826243303105433,0.7792370836328537,0.7583328198251154,0.7985981269393606,0.6938823494008541,0.7345932990497159
sleep_efficiency_binary,lstm,120m,5,test,120.0,600.0,2020,8448,0.6650094696969697,0.6586734275531874,0.65333977204255,0.7186364462803043,0.7237623762376237,0.7161716171617162,0.7143859129890099,0.7778914648890631,0.6905940594059405,0.6998762376237624,0.6878615089108431,0.7778914648890631,0.758046289411984,0.7986419897977007,0.6957052440899648,0.7361903838160163
sleep_efficiency_binary,lstm,120m,6,test,120.0,720.0,2023,8640,0.6731481481481482,0.6636022694171733,0.6592319747561364,0.7226698910151137,0.7192288680177954,0.714516263697326,0.7112149908518809,0.7802685195178622,0.6870983687592684,0.6949617462525175,0.683947207670807,0.7802685195178622,0.7587401051323314,0.7995650348184745,0.6942026861904029,0.7343596725328712
sleep_efficiency_binary,lstm,120m,6,test,120.0,720.0,2020,8637,0.6670140094940373,0.6594458925229227,0.654129777573808,0.7190040875461802,0.7237623762376237,0.716377887788779,0.7144915377881529,0.7778210061105121,0.69009900990099,0.7002887788778878,0.6876185770750989,0.7778210061105121,0.7580974031695016,0.7982209202123641,0.6958362202775785,0.7363082270200327
sleep_efficiency_binary,lstm,120m,8,test,120.0,960.0,2023,8723,0.6738507394245099,0.6635677225674619,0.6592779895379932,0.7231632175402304,0.7187345526445873,0.7141044020828284,0.7107554892624521,0.7805637973131757,0.6880869995056846,0.6957854694815125,0.684882642505529,0.7805637973131757,0.7592093145759609,0.7997653628861332,0.6940618388512383,0.734116076571276
sleep_efficiency_binary,lstm,120m,8,test,120.0,960.0,2020,8720,0.6675458715596331,0.6593543670497506,0.6540712870730545,0.7190288645886066,0.7237623762376237,0.716377887788779,0.7144915377881529,0.7781436868934417,0.6905940594059405,0.7007013201320131,0.688089772828061,0.7781436868934417,0.7582621109587858,0.7986684008120564,0.6958362202775785,0.7363082270200327
sleep_efficiency_binary,lstm,120m,all,test,120.0,,2023,8736,0.6737637362637363,0.6634310134310135,0.6591312161360767,0.7229875842513205,0.7187345526445873,0.7141044020828284,0.7107554892624521,0.7804864141668176,0.6880869995056846,0.6957854694815125,0.684882642505529,0.7804864141668176,0.7590923777967702,0.7997686145787717,0.6940618388512383,0.734116076571276
sleep_efficiency_binary,lstm,120m,all,test,120.0,,2020,8733,0.667353715790679,0.6590745708379604,0.6537990500865148,0.7188180666239625,0.7237623762376237,0.716377887788779,0.7144915377881529,0.7780946720909714,0.6905940594059405,0.7007013201320131,0.688089772828061,0.7780946720909714,0.7582087129992973,0.7985248872239193,0.6958362202775785,0.7363082270200327
sleep_efficiency_binary,lstm,240m,1,test,240.0,240.0,2023,2023,0.6969846762234305,0.6551577903446197,0.6573540728092098,0.7344403874859233,0.6969846762234305,0.6551577903446197,0.6573540728092098,0.7344403874859233,0.6969846762234305,0.6551577903446197,0.6573540728092098,0.7344403874859233,0.7120533235628889,0.756502572274735,0.6351753954766405,0.6750189179673015
sleep_efficiency_binary,lstm,240m,1,test,240.0,240.0,2020,2020,0.6905940594059405,0.6806930693069306,0.6795502281221643,0.73716322746136,0.6905940594059405,0.6806930693069306,0.6795502281221643,0.73716322746136,0.6905940594059405,0.6806930693069306,0.6795502281221643,0.73716322746136,0.7157503522153731,0.7609557954597213,0.6622553150838077,0.7020803603645107
sleep_efficiency_binary,lstm,240m,2,test,240.0,480.0,2023,3747,0.7179076594609021,0.6834719334719335,0.6885727385763989,0.7543760707823208,0.7385071675729116,0.7006819898872446,0.7067210417835375,0.795939624854652,0.7118141374196737,0.7097816369793692,0.7049755294653254,0.795939624854652,0.7745130679957282,0.8154056401307508,0.6801347927926222,0.7215026929380407
sleep_efficiency_binary,lstm,240m,2,test,240.0,480.0,2020,3744,0.6957799145299145,0.6953505424337036,0.6876231502871734,0.7536538811453828,0.7183168316831683,0.7202970297029703,0.7131540402584604,0.7846115985360913,0.6698019801980198,0.6971947194719472,0.669799957111785,0.7846115985360913,0.7649894089443262,0.805268659522168,0.7003884306148402,0.7407717542475906
sleep_efficiency_binary,lstm,240m,3,test,240.0,720.0,2023,3936,0.7197662601626016,0.6828012943310445,0.6881639943781417,0.7540694004573889,0.7380128521997034,0.7004763136298193,0.706487341772152,0.7983293385981025,0.7172516065249629,0.7130750025964082,0.7094739400366761,0.7983293385981025,0.7764756961136207,0.8178293365164419,0.6803097632516213,0.7208661829740932
sleep_efficiency_binary,lstm,240m,3,test,240.0,720.0,2020,3933,0.6966692092550216,0.6955877249038684,0.6869209966895652,0.7557954407730193,0.7193069306930693,0.7223597359735974,0.7145412868845862,0.7875790363689834,0.6772277227722773,0.7029702970297029,0.6771821529556177,0.7875790363689834,0.7681313466547798,0.8078867779243217,0.7021346895557314,0.7431916163724623
sleep_efficiency_binary,lstm,240m,4,test,240.0,960.0,2023,3964,0.7199798183652876,0.6825373123387486,0.6879491895121242,0.7536708260719533,0.7390014829461197,0.7013000368588145,0.707382179675994,0.7986816355538903,0.7172516065249629,0.7132811879534805,0.7095701917130489,0.7986816355538903,0.7765345575383258,0.8181624336845333,0.680932989138082,0.7221247331715065
sleep_efficiency_binary,lstm,240m,4,test,240.0,960.0,2020,3961,0.6970462004544307,0.6957271231833816,0.6870184975939695,0.7558054298027381,0.7198019801980198,0.7227722772277227,0.7150075926850984,0.7879078440022219,0.6777227722772278,0.703589108910891,0.6776809855017474,0.7879078440022219,0.7684072246783216,0.808344168503807,0.702849707110351,0.7439190959130421
sleep_efficiency_binary,lstm,240m,5,test,240.0,1200.0,2023,3967,0.7199395008822788,0.6825602534407301,0.6879582254244827,0.7533987104581712,0.7390014829461197,0.7013000368588145,0.707382179675994,0.7986500713757705,0.7172516065249629,0.7132811879534805,0.7095701917130489,0.7986500713757705,0.7765474401873526,0.8181366613960236,0.680932989138082,0.7221247331715065
sleep_efficiency_binary,lstm,240m,5,test,240.0,1200.0,2020,3964,0.6970232088799193,0.6957500599326853,0.6870104200257516,0.7555270424692647,0.7198019801980198,0.7227722772277227,0.7150075926850984,0.7879456262457928,0.6777227722772278,0.703589108910891,0.6776809855017474,0.7879456262457928,0.7683933467587755,0.8083915972873862,0.702849707110351,0.7439190959130421
sleep_efficiency_binary,lstm,240m,all,test,240.0,,2023,3967,0.7199395008822788,0.6825602534407301,0.6879582254244827,0.7533987104581712,0.7390014829461197,0.7013000368588145,0.707382179675994,0.7986500713757705,0.7172516065249629,0.7132811879534805,0.7095701917130489,0.7986500713757705,0.7765474401873526,0.8181366613960236,0.680932989138082,0.7221247331715065
sleep_efficiency_binary,lstm,240m,all,test,240.0,,2020,3964,0.6970232088799193,0.6957500599326853,0.6870104200257516,0.7555270424692647,0.7198019801980198,0.7227722772277227,0.7150075926850984,0.7879456262457928,0.6777227722772278,0.703589108910891,0.6776809855017474,0.7879456262457928,0.7683933467587755,0.8083915972873862,0.702849707110351,0.7439190959130421
sleep_efficiency_binary,transformer,30s,1,test,0.5,0.5,2023,2023,0.6248146317350469,0.6100775256942592,0.6098656075786013,0.6532186297888458,0.6248146317350469,0.6100775256942592,0.6098656075786013,0.6532186297888458,0.6248146317350469,0.6100775256942592,0.6098656075786013,0.6532186297888458,,,,
sleep_efficiency_binary,transformer,30s,1,test,0.5,0.5,2023,2023,0.6248146317350469,0.6100775256942592,0.6098656075786013,0.6532186297888458,0.6248146317350469,0.6100775256942592,0.6098656075786013,0.6532186297888458,0.6248146317350469,0.6100775256942592,0.6098656075786013,0.6532186297888458,0.6295177114249852,0.6770055168448493,0.58781930578191,0.6327505366440991
sleep_efficiency_binary,transformer,30s,10,test,0.5,5.0,2023,20230,0.6263964409293129,0.6280964967835084,0.6211885643310907,0.6677874478427411,0.6544735541275334,0.660150021484005,0.6507096950446705,0.7043943445138404,0.6485417696490361,0.6618056135363487,0.6469929487089813,0.7043943445138404,,,,
sleep_efficiency_binary,transformer,30s,10,test,0.5,5.0,2023,20230,0.6263964409293129,0.6280964967835084,0.6211885643310907,0.6677874478427411,0.6544735541275334,0.660150021484005,0.6507096950446705,0.7043943445138404,0.6485417696490361,0.6618056135363487,0.6469929487089813,0.7043943445138404,0.6819514321701499,0.728072529127215,0.6412175121585968,0.6819420457651116
sleep_efficiency_binary,transformer,30s,100,test,0.5,50.0,2023,202170,0.6245338081812336,0.6261238487636542,0.6192752023955004,0.6684275994538368,0.6544735541275334,0.658088167913282,0.649948794802691,0.7073720683496822,0.6475531389026199,0.6550025149522567,0.6444165545606739,0.7073720683496822,,,,
sleep_efficiency_binary,transformer,30s,100,test,0.5,50.0,2023,202170,0.6245338081812336,0.6261238487636542,0.6192752023955004,0.6684275994538368,0.6544735541275334,0.658088167913282,0.649948794802691,0.7073720683496822,0.6475531389026199,0.6550025149522567,0.6444165545606739,0.7073720683496822,0.6862553621388859,0.7304845824075954,0.6367407004025496,0.6803388372837254
sleep_efficiency_binary,transformer,30s,12,test,0.5,6.0,2023,24276,0.6213956170703575,0.6226411716351399,0.616009925994532,0.6648332503500908,0.6495304003954523,0.6531448103400175,0.6450214018158441,0.7011187973844497,0.6332179930795848,0.6430585281318283,0.6308800848274532,0.7011187973844497,,,,
sleep_efficiency_binary,transformer,30s,12,test,0.5,6.0,2023,24276,0.6213956170703575,0.6226411716351399,0.616009925994532,0.6648332503500908,0.6495304003954523,0.6531448103400175,0.6450214018158441,0.7011187973844497,0.6332179930795848,0.6430585281318283,0.6308800848274532,0.7011187973844497,0.6795275300541604,0.7247422525080635,0.6331610997832592,0.6736772495039299
sleep_efficiency_binary,transformer,30s,120,test,0.5,60.0,2023,242590,0.6238550640999216,0.6253374469895503,0.6185521752305303,0.6677812779002367,0.6539792387543253,0.6576763062987845,0.6494878329382925,0.7065305266330388,0.6465645081562037,0.6527354942237554,0.6430051397861405,0.7065305266330388,,,,
sleep_efficiency_binary,transformer,30s,120,test,0.5,60.0,2023,242590,0.6238550640999216,0.6253374469895503,0.6185521752305303,0.6677812779002367,0.6539792387543253,0.6576763062987845,0.6494878329382925,0.7065305266330388,0.6465645081562037,0.6527354942237554,0.6430051397861405,0.7065305266330388,0.6851791035317073,0.7300693468787586,0.6368722300192364,0.6792216446796098
sleep_efficiency_binary,transformer,30s,16,test,0.5,8.0,2023,32368,0.6271008403361344,0.6259901033574103,0.6206029234489301,0.6682058850360086,0.6500247157686604,0.6506700769555027,0.6442838409727603,0.7066985295165794,0.6515076618882847,0.65767885179702,0.6479275165870015,0.7066985295165794,,,,
sleep_efficiency_binary,transformer,30s,16,test,0.5,8.0,2023,32368,0.6271008403361344,0.6259901033574103,0.6206029234489301,0.6682058850360086,0.6500247157686604,0.6506700769555027,0.6442838409727603,0.7066985295165794,0.6515076618882847,0.65767885179702,0.6479275165870015,0.7066985295165794,0.6843946056609943,0.7301271214560401,0.6293196152423215,0.6724004394492582
sleep_efficiency_binary,transformer,30s,160,test,0.5,80.0,2023,323430,0.6244133197291531,0.6258335120997509,0.6190806590099465,0.6682568341344413,0.6515076618882847,0.6554108128692245,0.6471034056315884,0.7069988983083637,0.6490360850222442,0.65541335836746,0.6455368635936476,0.7069988983083637,,,,
sleep_efficiency_binary,transformer,30s,160,test,0.5,80.0,2023,323430,0.6244133197291531,0.6258335120997509,0.6190806590099465,0.6682568341344413,0.6515076618882847,0.6554108128692245,0.6471034056315884,0.7069988983083637,0.6490360850222442,0.65541335836746,0.6455368635936476,0.7069988983083637,0.6857435535100089,0.7302019493902018,0.6342778649004884,0.6775948798268795
sleep_efficiency_binary,transformer,30s,2,test,0.5,1.0,2023,4046,0.606772120612951,0.602054878905558,0.5984345075088456,0.6417878154126864,0.6183885318833415,0.61709444613013,0.6118279249184762,0.6580062028701001,0.5872466633712309,0.6130028122664505,0.5872321396936016,0.6580062028701001,,,,
sleep_efficiency_binary,transformer,30s,2,test,0.5,1.0,2023,4046,0.606772120612951,0.602054878905558,0.5984345075088456,0.6417878154126864,0.6183885318833415,0.61709444613013,0.6118279249184762,0.6580062028701001,0.5872466633712309,0.6130028122664505,0.5872321396936016,0.6580062028701001,0.6337466017561686,0.6818214671735612,0.5951851666793961,0.6391343676672221
sleep_efficiency_binary,transformer,30s,20,test,0.5,10.0,2023,40460,0.6245180425111221,0.6255829700058853,0.6190394393375702,0.6678945076802774,0.6544735541275334,0.6593252800557159,0.6504140291544758,0.7064959078570368,0.6495304003954523,0.6570623321243914,0.6464114125996043,0.7064959078570368,,,,
sleep_efficiency_binary,transformer,30s,20,test,0.5,10.0,2023,40460,0.6245180425111221,0.6255829700058853,0.6190394393375702,0.6678945076802774,0.6544735541275334,0.6593252800557159,0.6504140291544758,0.7064959078570368,0.6495304003954523,0.6570623321243914,0.6464114125996043,0.7064959078570368,0.6857707399900972,0.7304572531871221,0.6386505504063992,0.6805103761514721
sleep_efficiency_binary,transformer,30s,200,test,0.5,100.0,2023,404270,0.624607316892176,0.6261294024255738,0.6193182224013283,0.6682890159716647,0.6559565002471577,0.6599423088279915,0.6515694135115071,0.7071007182377821,0.648047454275828,0.6547958204955373,0.6446779747984568,0.7071007182377821,,,,
sleep_efficiency_binary,transformer,30s,200,test,0.5,100.0,2023,404270,0.624607316892176,0.6261294024255738,0.6193182224013283,0.6682890159716647,0.6559565002471577,0.6599423088279915,0.6515694135115071,0.7071007182377821,0.648047454275828,0.6547958204955373,0.6446779747984568,0.7071007182377821,0.6858253264510217,0.7305022793076259,0.638835042930033,0.6825124773416542
sleep_efficiency_binary,transformer,30s,25,test,0.5,12.5,2023,50575,0.623905091448344,0.623868139118606,0.6179274140973721,0.6665844569841345,0.6510133465150766,0.6529370976840039,0.6458185782332764,0.7048515159969291,0.6445872466633712,0.6494385649091867,0.6405651175899176,0.7048515159969291,,,,
sleep_efficiency_binary,transformer,30s,25,test,0.5,12.5,2023,50575,0.623905091448344,0.623868139118606,0.6179274140973721,0.6665844569841345,0.6510133465150766,0.6529370976840039,0.6458185782332764,0.7048515159969291,0.6445872466633712,0.6494385649091867,0.6405651175899176,0.7048515159969291,0.6837552999658852,0.7272349908101894,0.63228008013433,0.6734569066543619
sleep_efficiency_binary,transformer,30s,250,test,0.5,125.0,2023,505320,0.6241629066729993,0.6256042653760234,0.6188402757006919,0.6682489278875303,0.652496292634701,0.6568530921694364,0.6482604937370849,0.706923551560594,0.6490360850222442,0.6552071730103877,0.6454661690510748,0.706923551560594,,,,
sleep_efficiency_binary,transformer,30s,250,test,0.5,125.0,2023,505320,0.6241629066729993,0.6256042653760234,0.6188402757006919,0.6682489278875303,0.652496292634701,0.6568530921694364,0.6482604937370849,0.706923551560594,0.6490360850222442,0.6552071730103877,0.6454661690510748,0.706923551560594,0.6855423316484915,0.730231946505918,0.6359161385532826,0.6784246572704128
sleep_efficiency_binary,transformer,30s,3,test,0.5,1.5,2023,6069,0.6173999011369253,0.614071412425697,0.6097997881897981,0.6552752792298431,0.6396440929312902,0.6395467587661868,0.6335917975199066,0.6834230027511745,0.6371725160652496,0.6370750799795546,0.6311262746407356,0.6834230027511745,,,,
sleep_efficiency_binary,transformer,30s,3,test,0.5,1.5,2023,6069,0.6173999011369253,0.614071412425697,0.6097997881897981,0.6552752792298431,0.6396440929312902,0.6395467587661868,0.6335917975199066,0.6834230027511745,0.6371725160652496,0.6370750799795546,0.6311262746407356,0.6834230027511745,0.6604996954161143,0.7067664154196802,0.6186055924627705,0.6603501974355258
sleep_efficiency_binary,transformer,30s,30,test,0.5,15.0,2023,60690,0.6238754325259516,0.6257142158949056,0.6187379387178971,0.6672884855009551,0.652496292634701,0.6560283507411473,0.6479456405526349,0.7060275361817119,0.6460701927829956,0.6541793008229086,0.6431501044581971,0.7060275361817119,,,,
sleep_efficiency_binary,transformer,30s,30,test,0.5,15.0,2023,60690,0.6238754325259516,0.6257142158949056,0.6187379387178971,0.6672884855009551,0.652496292634701,0.6560283507411473,0.6479456405526349,0.7060275361817119,0.6460701927829956,0.6541793008229086,0.6431501044581971,0.7060275361817119,0.6851327550500148,0.7293748685440027,0.6359922550199875,0.6782137978488043
sleep_efficiency_binary,transformer,30s,320,test,0.5,160.0,2023,646740,0.6240915978600365,0.6256516312562319,0.6188246948700424,0.6681253552389218,0.6544735541275334,0.6582943532703542,0.6500281521428422,0.7067244935985811,0.648047454275828,0.6539710790672479,0.6443958578981777,0.7067244935985811,,,,
sleep_efficiency_binary,transformer,30s,320,test,0.5,160.0,2023,646740,0.6240915978600365,0.6256516312562319,0.6188246948700424,0.6681253552389218,0.6544735541275334,0.6582943532703542,0.6500281521428422,0.7067244935985811,0.648047454275828,0.6539710790672479,0.6443958578981777,0.7067244935985811,0.6854692998224862,0.7297939330073892,0.6367162408890777,0.6803030552521635
sleep_efficiency_binary,transformer,30s,4,test,0.5,2.0,2023,8092,0.6225902125556105,0.6228117624418863,0.6167371252167168,0.6612180489061485,0.6396440929312902,0.6426395391222715,0.6349251379272701,0.6924691943803545,0.6292634700939199,0.6467739373563066,0.6286078098471988,0.6924691943803545,,,,
sleep_efficiency_binary,transformer,30s,4,test,0.5,2.0,2023,8092,0.6225902125556105,0.6228117624418863,0.6167371252167168,0.6612180489061485,0.6396440929312902,0.6426395391222715,0.6349251379272701,0.6924691943803545,0.6292634700939199,0.6467739373563066,0.6286078098471988,0.6924691943803545,0.6693598352068568,0.7165367283768888,0.6225056975512474,0.6639245048088935
sleep_efficiency_binary,transformer,30s,40,test,0.5,20.0,2023,80910,0.6235941169200346,0.6247174769370227,0.6181362058316008,0.6671039415856734,0.6495304003954523,0.6533509956970898,0.6451011554507748,0.705320905871548,0.6465645081562037,0.6547973477944785,0.6436805393893933,0.705320905871548,,,,
sleep_efficiency_binary,transformer,30s,40,test,0.5,20.0,2023,80910,0.6235941169200346,0.6247174769370227,0.6181362058316008,0.6671039415856734,0.6495304003954523,0.6533509956970898,0.6451011554507748,0.705320905871548,0.6465645081562037,0.6547973477944785,0.6436805393893933,0.705320905871548,0.6836818305524033,0.7286493030431219,0.6322127660489972,0.6749130935956226
sleep_efficiency_binary,transformer,30s,400,test,0.5,200.0,2023,808340,0.624181656233763,0.6256784909698531,0.6188907819009102,0.6682584951045296,0.6539792387543253,0.6578824916558568,0.6495669388765157,0.7070915544441344,0.6510133465150766,0.65706080482545,0.6473925220170131,0.7070915544441344,,,,
sleep_efficiency_binary,transformer,30s,400,test,0.5,200.0,2023,808340,0.624181656233763,0.6256784909698531,0.6188907819009102,0.6682584951045296,0.6539792387543253,0.6578824916558568,0.6495669388765157,0.7070915544441344,0.6510133465150766,0.65706080482545,0.6473925220170131,0.7070915544441344,0.6856515737245843,0.7303670252616795,0.6362885952560623,0.679906395920213
sleep_efficiency_binary,transformer,30s,5,test,0.5,2.5,2023,10115,0.6176964903608502,0.6167240252269057,0.6112956497647916,0.6596388854383246,0.6431043005437469,0.6449040143525373,0.6378794490117714,0.6917289634934825,0.6391497775580821,0.6403720092941232,0.6336890304401318,0.6917289634934825,,,,
sleep_efficiency_binary,transformer,30s,5,test,0.5,2.5,2023,10115,0.6176964903608502,0.6167240252269057,0.6112956497647916,0.6596388854383246,0.6431043005437469,0.6449040143525373,0.6378794490117714,0.6917289634934825,0.6391497775580821,0.6403720092941232,0.6336890304401318,0.6917289634934825,0.669004786473734,0.7148159740514507,0.6233718330418485,0.6664525418841939
sleep_efficiency_binary,transformer,30s,50,test,0.5,25.0,2023,101120,0.6236155063291139,0.6249829573475809,0.618264670204248,0.6675969051105625,0.6520019772614928,0.6562350451978667,0.6477213812209359,0.7058228781235809,0.6440929312901631,0.65088237150834,0.6407550713971426,0.7058228781235809,,,,
sleep_efficiency_binary,transformer,30s,50,test,0.5,25.0,2023,101120,0.6236155063291139,0.6249829573475809,0.618264670204248,0.6675969051105625,0.6520019772614928,0.6562350451978667,0.6477213812209359,0.7058228781235809,0.6440929312901631,0.65088237150834,0.6407550713971426,0.7058228781235809,0.6844136875849174,0.7290293267773212,0.6355009032204444,0.6768415551319997
sleep_efficiency_binary,transformer,30s,500,test,0.5,250.0,2023,1010340,0.6241077261120019,0.6255468941845976,0.618795119686553,0.668234979406301,0.6534849233811172,0.6570582593272146,0.648947217677663,0.7070253714900124,0.6505190311418685,0.6570613139250971,0.6470695212791815,0.7070253714900124,,,,
sleep_efficiency_binary,transformer,30s,500,test,0.5,250.0,2023,1010340,0.6241077261120019,0.6255468941845976,0.618795119686553,0.668234979406301,0.6534849233811172,0.6570582593272146,0.648947217677663,0.7070253714900124,0.6505190311418685,0.6570613139250971,0.6470695212791815,0.7070253714900124,0.6857828004121311,0.7301804463386737,0.6356476712698921,0.6790493956942538
sleep_efficiency_binary,transformer,30s,6,test,0.5,3.0,2023,12138,0.6220958971824023,0.6206988716315422,0.615472749982829,0.6612516282703712,0.652496292634701,0.6519046435997011,0.6461939646668884,0.6933682643571191,0.6327236777063767,0.6445023347309815,0.6309051374324257,0.6933682643571191,,,,
sleep_efficiency_binary,transformer,30s,6,test,0.5,3.0,2023,12138,0.6220958971824023,0.6206988716315422,0.615472749982829,0.6612516282703712,0.652496292634701,0.6519046435997011,0.6461939646668884,0.6933682643571191,0.6327236777063767,0.6445023347309815,0.6309051374324257,0.6933682643571191,0.6697168355541836,0.7167316377472386,0.6308208542900017,0.6729822698463045
sleep_efficiency_binary,transformer,30s,60,test,0.5,30.0,2023,121330,0.623959449435424,0.6253968098271077,0.6186374372582495,0.6673936881270031,0.6505190311418685,0.6545870896402295,0.6461810732511486,0.7057770591553426,0.6465645081562037,0.6545911624374062,0.64361627556593,0.7057770591553426,,,,
sleep_efficiency_binary,transformer,30s,60,test,0.5,30.0,2023,121330,0.623959449435424,0.6253968098271077,0.6186374372582495,0.6673936881270031,0.6505190311418685,0.6545870896402295,0.6461810732511486,0.7057770591553426,0.6465645081562037,0.6545911624374062,0.64361627556593,0.7057770591553426,0.6845390085547598,0.7288353606587159,0.6336275366461327,0.6756729791506222
sleep_efficiency_binary,transformer,30s,8,test,0.5,4.0,2023,16184,0.6160405338606031,0.6169679985052834,0.6105361906788969,0.6622624509227941,0.6460701927829956,0.6494370376102455,0.6414761262625963,0.6972827315436104,0.6327236777063767,0.6447085200880538,0.6309562479483437,0.6972827315436104,,,,
sleep_efficiency_binary,transformer,30s,8,test,0.5,4.0,2023,16184,0.6160405338606031,0.6169679985052834,0.6105361906788969,0.6622624509227941,0.6460701927829956,0.6494370376102455,0.6414761262625963,0.6972827315436104,0.6327236777063767,0.6447085200880538,0.6309562479483437,0.6972827315436104,0.674701514225281,0.7202014230251497,0.6290147063241469,0.6721020672279168
sleep_efficiency_binary,transformer,30s,80,test,0.5,40.0,2023,161750,0.6236661514683153,0.6250148379376415,0.6183059587700855,0.6682956637988854,0.6534849233811172,0.6576768153984316,0.6491837798430765,0.7068889327845919,0.6490360850222442,0.6560319144386769,0.6457445842944045,0.7068889327845919,,,,
sleep_efficiency_binary,transformer,30s,80,test,0.5,40.0,2023,161750,0.6236661514683153,0.6250148379376415,0.6183059587700855,0.6682956637988854,0.6534849233811172,0.6576768153984316,0.6491837798430765,0.7068889327845919,0.6490360850222442,0.6560319144386769,0.6457445842944045,0.7068889327845919,0.6856218670671153,0.7301699031867253,0.6367731141089099,0.6793616665737252
sleep_efficiency_binary,transformer,30s,all,test,0.5,,2023,2315620,0.6343916532073484,0.6285996283664961,0.6226328802658996,0.6729679404237363,0.6554621848739496,0.6591180764993494,0.6509503719277192,0.7070294442871892,0.6495304003954523,0.6558252199819574,0.6460009008508723,0.7070294442871892,,,,
sleep_efficiency_binary,transformer,30s,all,test,0.5,,2023,2315620,0.6343916532073484,0.6285996283664961,0.6226328802658996,0.6729679404237363,0.6554621848739496,0.6591180764993494,0.6509503719277192,0.7070294442871892,0.6495304003954523,0.6558252199819574,0.6460009008508723,0.7070294442871892,0.685832755088553,0.7302153230130286,0.6378037263238342,0.6809488432201646
sleep_efficiency_binary,transformer,10m,1,test,10.0,10.0,2023,2023,0.6347009391992091,0.6121291972720404,0.6132914704343276,0.6462429464243896,0.6347009391992091,0.6121291972720404,0.6132914704343276,0.6462429464243896,0.6347009391992091,0.6121291972720404,0.6132914704343276,0.6462429464243896,,,,
sleep_efficiency_binary,transformer,10m,1,test,10.0,10.0,2023,2023,0.6347009391992091,0.6121291972720404,0.6132914704343276,0.6462429464243896,0.6347009391992091,0.6121291972720404,0.6132914704343276,0.6462429464243896,0.6347009391992091,0.6121291972720404,0.6132914704343276,0.6462429464243896,0.6223069573689174,0.6712160211574649,0.590499049738719,0.6332444614532784
sleep_efficiency_binary,transformer,10m,10,test,10.0,100.0,2023,20213,0.6307821698906644,0.6341838587564999,0.6262493261042774,0.6751847066666291,0.6510133465150766,0.6562360633971609,0.6471011771217348,0.7074255238126268,0.6450815620365793,0.6576854700924322,0.643398029268331,0.7074255238126268,,,,
sleep_efficiency_binary,transformer,10m,10,test,10.0,100.0,2023,20213,0.6307821698906644,0.6341838587564999,0.6262493261042774,0.6751847066666291,0.6510133465150766,0.6562360633971609,0.6471011771217348,0.7074255238126268,0.6450815620365793,0.6576854700924322,0.643398029268331,0.7074255238126268,0.6864224559491977,0.7294832122797502,0.6359916695915102,0.6782627212079094
sleep_efficiency_binary,transformer,10m,100,test,10.0,1000.0,2023,115082,0.6393180514763386,0.6358117392725278,0.6287438707135253,0.681347021051207,0.6549678695007415,0.6617989952409364,0.6515965741310973,0.7104953946845924,0.6510133465150766,0.6603597705386071,0.6484423768030325,0.7104953946845924,,,,
sleep_efficiency_binary,transformer,10m,100,test,10.0,1000.0,2023,115082,0.6393180514763386,0.6358117392725278,0.6287438707135253,0.681347021051207,0.6549678695007415,0.6617989952409364,0.6515965741310973,0.7104953946845924,0.6510133465150766,0.6603597705386071,0.6484423768030325,0.7104953946845924,0.6895933984804417,0.7327289012687336,0.6421485569672268,0.6825482931321488
sleep_efficiency_binary,transformer,10m,12,test,10.0,120.0,2023,24255,0.6276643990929706,0.6306005508606052,0.622957593920796,0.6736713573920652,0.6495304003954523,0.6543819224824513,0.645488872240923,0.7065132172450379,0.6371725160652496,0.6490338306897485,0.6353504842733935,0.7065132172450379,,,,
sleep_efficiency_binary,transformer,10m,12,test,10.0,120.0,2023,24255,0.6276643990929706,0.6306005508606052,0.622957593920796,0.6736713573920652,0.6495304003954523,0.6543819224824513,0.645488872240923,0.7065132172450379,0.6371725160652496,0.6490338306897485,0.6353504842733935,0.7065132172450379,0.6856005605404513,0.7286704990283064,0.634622809722301,0.6757098983329487
sleep_efficiency_binary,transformer,10m,120,test,10.0,1200.0,2023,115261,0.6395745308473811,0.6359356075943549,0.6288937064507614,0.6814755007695339,0.6549678695007415,0.6617989952409364,0.6515965741310973,0.7105239042648296,0.6510133465150766,0.6603597705386071,0.6484423768030325,0.7105239042648296,,,,
sleep_efficiency_binary,transformer,10m,120,test,10.0,1200.0,2023,115261,0.6395745308473811,0.6359356075943549,0.6288937064507614,0.6814755007695339,0.6549678695007415,0.6617989952409364,0.6515965741310973,0.7105239042648296,0.6510133465150766,0.6603597705386071,0.6484423768030325,0.7105239042648296,0.689627878581367,0.7327390475483566,0.6421485569672268,0.6825482931321488
sleep_efficiency_binary,transformer,10m,16,test,10.0,160.0,2023,32336,0.6283090054428501,0.6313244211084504,0.6236363516793126,0.6750246797593508,0.6539792387543253,0.6597381598695076,0.6502461934851592,0.7086646723536492,0.6431043005437469,0.6543885407778636,0.6411047617924344,0.7086646723536492,,,,
sleep_efficiency_binary,transformer,10m,16,test,10.0,160.0,2023,32336,0.6283090054428501,0.6313244211084504,0.6236363516793126,0.6750246797593508,0.6539792387543253,0.6597381598695076,0.6502461934851592,0.7086646723536492,0.6431043005437469,0.6543885407778636,0.6411047617924344,0.7086646723536492,0.6872756876189337,0.7309129733042828,0.6393759755539332,0.6803471545975324
sleep_efficiency_binary,transformer,10m,2,test,10.0,20.0,2023,4045,0.6116192830655129,0.6083154019433143,0.6040299904819321,0.6413350123634897,0.6213544241225902,0.6197718011741875,0.6146417522953119,0.6618224138247027,0.5783489866534849,0.6068264153479289,0.5781671643323437,0.6618224138247027,,,,
sleep_efficiency_binary,transformer,10m,2,test,10.0,20.0,2023,4045,0.6116192830655129,0.6083154019433143,0.6040299904819321,0.6413350123634897,0.6213544241225902,0.6197718011741875,0.6146417522953119,0.6618224138247027,0.5783489866534849,0.6068264153479289,0.5781671643323437,0.6618224138247027,0.6389106688048549,0.6858347888586371,0.5985613375695661,0.6408204789190027
sleep_efficiency_binary,transformer,10m,20,test,10.0,200.0,2023,40416,0.6279938638163104,0.6311633551947535,0.6233891045373543,0.6751158216988655,0.652496292634701,0.6582963896689427,0.6487834211887837,0.7084742690856367,0.6411270390509145,0.6517101675345118,0.6389524764742323,0.7084742690856367,,,,
sleep_efficiency_binary,transformer,10m,20,test,10.0,200.0,2023,40416,0.6279938638163104,0.6311633551947535,0.6233891045373543,0.6751158216988655,0.652496292634701,0.6582963896689427,0.6487834211887837,0.7084742690856367,0.6411270390509145,0.6517101675345118,0.6389524764742323,0.7084742690856367,0.687705027981617,0.7309414952028102,0.6379146239951665,0.6792348129164274
sleep_efficiency_binary,transformer,10m,25,test,10.0,250.0,2023,50516,0.6289888352205242,0.6317204752635159,0.6242042570079696,0.67517053072338,0.6490360850222442,0.6541762462250261,0.6451017503632177,0.7091142073420316,0.6510133465150766,0.657679360896667,0.6476034116569552,0.7091142073420316,,,,
sleep_efficiency_binary,transformer,10m,25,test,10.0,250.0,2023,50516,0.6289888352205242,0.6317204752635159,0.6242042570079696,0.67517053072338,0.6490360850222442,0.6541762462250261,0.6451017503632177,0.7091142073420316,0.6510133465150766,0.657679360896667,0.6476034116569552,0.7091142073420316,0.6882186104331157,0.7312171969939038,0.6348717437808478,0.6751800151125417
sleep_efficiency_binary,transformer,10m,3,test,10.0,30.0,2023,6066,0.6226508407517309,0.6227246394867163,0.6167132133806208,0.658854059012903,0.6440929312901631,0.6461401082956769,0.6389691972730842,0.6868690982623411,0.6381611468116658,0.6389297299939112,0.6325038565310875,0.6868690982623411,,,,
sleep_efficiency_binary,transformer,10m,3,test,10.0,30.0,2023,6066,0.6226508407517309,0.6227246394867163,0.6167132133806208,0.658854059012903,0.6440929312901631,0.6461401082956769,0.6389691972730842,0.6868690982623411,0.6381611468116658,0.6389297299939112,0.6325038565310875,0.6868690982623411,0.6643540279176358,0.7101696126170098,0.625286576857414,0.668087413900004
sleep_efficiency_binary,transformer,10m,30,test,10.0,300.0,2023,60608,0.6292898627243928,0.6325022363784127,0.6246924498979199,0.6758604186759046,0.6559565002471577,0.6617979770416422,0.6522447866652441,0.7095800335191208,0.6475531389026199,0.6572705538800521,0.6451056207641896,0.7095800335191208,,,,
sleep_efficiency_binary,transformer,10m,30,test,10.0,300.0,2023,60608,0.6292898627243928,0.6325022363784127,0.6246924498979199,0.6758604186759046,0.6559565002471577,0.6617979770416422,0.6522447866652441,0.7095800335191208,0.6475531389026199,0.6572705538800521,0.6451056207641896,0.7095800335191208,0.688292016420916,0.7317398903258895,0.6430091452484288,0.6826243642471438
sleep_efficiency_binary,transformer,10m,4,test,10.0,40.0,2023,8087,0.6230988005440831,0.6247784519220121,0.6178810013446079,0.6642484200899486,0.6416213544241226,0.6463488391509847,0.6375656609912244,0.6930648409674522,0.6139396935244686,0.6315320030220155,0.6133649174282292,0.6930648409674522,,,,
sleep_efficiency_binary,transformer,10m,4,test,10.0,40.0,2023,8087,0.6230988005440831,0.6247784519220121,0.6178810013446079,0.6642484200899486,0.6416213544241226,0.6463488391509847,0.6375656609912244,0.6930648409674522,0.6139396935244686,0.6315320030220155,0.6133649174282292,0.6930648409674522,0.6708481255496284,0.7160584647936622,0.625155455285009,0.6655668171514588
sleep_efficiency_binary,transformer,10m,40,test,10.0,400.0,2023,80693,0.6298067986070663,0.6331653377284368,0.6252157725203713,0.677078103200801,0.6549678695007415,0.6615928098838642,0.651527789842769,0.7106878343511933,0.6475531389026199,0.6574767392371244,0.6451639408183032,0.7106878343511933,,,,
sleep_efficiency_binary,transformer,10m,40,test,10.0,400.0,2023,80693,0.6298067986070663,0.6331653377284368,0.6252157725203713,0.677078103200801,0.6549678695007415,0.6615928098838642,0.651527789842769,0.7106878343511933,0.6475531389026199,0.6574767392371244,0.6451639408183032,0.7106878343511933,0.6895218765190629,0.732831222181818,0.6425681440438463,0.6829994410450663
sleep_efficiency_binary,transformer,10m,5,test,10.0,50.0,2023,10108,0.6258409180846854,0.6282777645827157,0.6209343292126845,0.670290536505516,0.648047454275828,0.6525277815677418,0.643873956378036,0.70118701673716,0.643598615916955,0.6508828806079872,0.6404268384828133,0.70118701673716,,,,
sleep_efficiency_binary,transformer,10m,5,test,10.0,50.0,2023,10108,0.6258409180846854,0.6282777645827157,0.6209343292126845,0.670290536505516,0.648047454275828,0.6525277815677418,0.643873956378036,0.70118701673716,0.643598615916955,0.6508828806079872,0.6404268384828133,0.70118701673716,0.6791061496632801,0.7242671456968781,0.6319872572905105,0.6729462562340469
sleep_efficiency_binary,transformer,10m,50,test,10.0,500.0,2023,99096,0.6305098086703802,0.6335673496529688,0.6254310702205714,0.6773468649170894,0.6554621848739496,0.6617984861412893,0.6519226653349504,0.7107509627074328,0.6500247157686604,0.660154603380829,0.647680960636646,0.7107509627074328,,,,
sleep_efficiency_binary,transformer,10m,50,test,10.0,500.0,2023,99096,0.6305098086703802,0.6335673496529688,0.6254310702205714,0.6773468649170894,0.6554621848739496,0.6617984861412893,0.6519226653349504,0.7107509627074328,0.6500247157686604,0.660154603380829,0.647680960636646,0.7107509627074328,0.6898632306231974,0.7328230812069664,0.6423248151599557,0.6826672557484219
sleep_efficiency_binary,transformer,10m,6,test,10.0,60.0,2023,12129,0.6239591062742188,0.6264183705034911,0.6190706936244655,0.6692667175060452,0.6465645081562037,0.6506736406530322,0.6422564054367221,0.699512078898227,0.6277805239742956,0.642857942870874,0.6267166397320175,0.699512078898227,,,,
sleep_efficiency_binary,transformer,10m,6,test,10.0,60.0,2023,12129,0.6239591062742188,0.6264183705034911,0.6190706936244655,0.6692667175060452,0.6465645081562037,0.6506736406530322,0.6422564054367221,0.699512078898227,0.6277805239742956,0.642857942870874,0.6267166397320175,0.699512078898227,0.6773518001122968,0.7221219005225612,0.6292283329212676,0.6713083246593251
sleep_efficiency_binary,transformer,10m,60,test,10.0,600.0,2023,108694,0.6336964321857692,0.6340188078181681,0.6262868467708547,0.6786375753871625,0.6549678695007415,0.6613866245267919,0.6514582901375353,0.7107031073406059,0.6510133465150766,0.6603597705386071,0.6484423768030325,0.7107031073406059,,,,
sleep_efficiency_binary,transformer,10m,60,test,10.0,600.0,2023,108694,0.6336964321857692,0.6340188078181681,0.6262868467708547,0.6786375753871625,0.6549678695007415,0.6613866245267919,0.6514582901375353,0.7107031073406059,0.6510133465150766,0.6603597705386071,0.6484423768030325,0.7107031073406059,0.6896242531001667,0.7329638147321208,0.6416284681959615,0.682479266575752
sleep_efficiency_binary,transformer,10m,8,test,10.0,80.0,2023,16171,0.6248222126028075,0.6274182544535564,0.6199874646684866,0.6697517055571466,0.6455758774097874,0.6512932149235434,0.6418622979768612,0.7017989545129648,0.6317350469599604,0.6449157236444203,0.6302548118381461,0.7017989545129648,,,,
sleep_efficiency_binary,transformer,10m,8,test,10.0,80.0,2023,16171,0.6248222126028075,0.6274182544535564,0.6199874646684866,0.6697517055571466,0.6455758774097874,0.6512932149235434,0.6418622979768612,0.7017989545129648,0.6317350469599604,0.6449157236444203,0.6302548118381461,0.7017989545129648,0.6799432010730998,0.7245479446776615,0.6311396716864114,0.6737225131771688
sleep_efficiency_binary,transformer,10m,80,test,10.0,800.0,2023,114271,0.6384121955701797,0.635539158644192,0.6283373322427717,0.6809791074500977,0.6549678695007415,0.6617989952409364,0.6515965741310973,0.7105055766775342,0.6510133465150766,0.6603597705386071,0.6484423768030325,0.7105055766775342,,,,
sleep_efficiency_binary,transformer,10m,80,test,10.0,800.0,2023,114271,0.6384121955701797,0.635539158644192,0.6283373322427717,0.6809791074500977,0.6549678695007415,0.6617989952409364,0.6515965741310973,0.7105055766775342,0.6510133465150766,0.6603597705386071,0.6484423768030325,0.7105055766775342,0.6896172049618893,0.7327289772104104,0.6421485569672268,0.6825482931321488
sleep_efficiency_binary,transformer,10m,all,test,10.0,,2023,115270,0.639593996703392,0.6359479759740091,0.6289064676566136,0.681479517961125,0.6549678695007415,0.6617989952409364,0.6515965741310973,0.7105228860655354,0.6510133465150766,0.6603597705386071,0.6484423768030325,0.7105228860655354,,,,
sleep_efficiency_binary,transformer,10m,all,test,10.0,,2023,115270,0.639593996703392,0.6359479759740091,0.6289064676566136,0.681479517961125,0.6549678695007415,0.6617989952409364,0.6515965741310973,0.7105228860655354,0.6510133465150766,0.6603597705386071,0.6484423768030325,0.7105228860655354,0.6896248108665052,0.7327400117787869,0.6421485569672268,0.6825482931321488
sleep_efficiency_binary,transformer,40m,1,test,40.0,40.0,2023,2023,0.6366782006920415,0.6249106530119353,0.6239629553291546,0.658999965381224,0.6366782006920415,0.6249106530119353,0.6239629553291546,0.658999965381224,0.6366782006920415,0.6249106530119353,0.6239629553291546,0.658999965381224,,,,
sleep_efficiency_binary,transformer,40m,1,test,40.0,40.0,2023,2023,0.6366782006920415,0.6249106530119353,0.6239629553291546,0.658999965381224,0.6366782006920415,0.6249106530119353,0.6239629553291546,0.658999965381224,0.6366782006920415,0.6249106530119353,0.6239629553291546,0.658999965381224,0.6347617007855428,0.6847684093579246,0.6052061415340436,0.6470394943121563
sleep_efficiency_binary,transformer,40m,10,test,40.0,400.0,2023,20162,0.6484971728995139,0.6574667082386341,0.6457578038664282,0.7106408407656899,0.6772120612951062,0.6863121432484223,0.6744601253889602,0.7608361859883558,0.6638655462184874,0.6824083671545199,0.6632137037385228,0.7608361859883558,,,,
sleep_efficiency_binary,transformer,40m,10,test,40.0,400.0,2023,20162,0.6484971728995139,0.6574667082386341,0.6457578038664282,0.7106408407656899,0.6772120612951062,0.6863121432484223,0.6744601253889602,0.7608361859883558,0.6638655462184874,0.6824083671545199,0.6632137037385228,0.7608361859883558,0.740839415577588,0.7815405893070373,0.6674707903136518,0.707343275019197
sleep_efficiency_binary,transformer,40m,12,test,40.0,480.0,2023,23817,0.6482344543813242,0.6575590072656067,0.6452762053505108,0.7100302257136222,0.6767177459218982,0.6869312084192863,0.674280337496898,0.7593852519941433,0.6673257538309442,0.6844666570277134,0.6664442110457055,0.7593852519941433,,,,
sleep_efficiency_binary,transformer,40m,12,test,40.0,480.0,2023,23817,0.6482344543813242,0.6575590072656067,0.6452762053505108,0.7100302257136222,0.6767177459218982,0.6869312084192863,0.674280337496898,0.7593852519941433,0.6673257538309442,0.6844666570277134,0.6664442110457055,0.7593852519941433,0.7389099201691184,0.780461247739571,0.6684219135893146,0.7074022261987044
sleep_efficiency_binary,transformer,40m,16,test,40.0,640.0,2023,27241,0.6507103263463162,0.6576205060495848,0.6452946858647296,0.7104686102265987,0.6772120612951062,0.6881678114620731,0.6749705054123645,0.7597222759605183,0.6688086999505685,0.685083685799989,0.6677721238504226,0.7597222759605183,,,,
sleep_efficiency_binary,transformer,40m,16,test,40.0,640.0,2023,27241,0.6507103263463162,0.6576205060495848,0.6452946858647296,0.7104686102265987,0.6772120612951062,0.6881678114620731,0.6749705054123645,0.7597222759605183,0.6688086999505685,0.685083685799989,0.6677721238504226,0.7597222759605183,0.7394576014320694,0.7805169843249963,0.6692674044940902,0.7091270600117139
sleep_efficiency_binary,transformer,40m,2,test,40.0,80.0,2023,4044,0.6273491592482691,0.6270990472826956,0.6212543503985858,0.6683790045965572,0.6337123084527929,0.6335734926068549,0.6276562265196046,0.693604995693017,0.5946613939693525,0.6241291850536489,0.5944607314893227,0.693604995693017,,,,
sleep_efficiency_binary,transformer,40m,2,test,40.0,80.0,2023,4044,0.6273491592482691,0.6270990472826956,0.6212543503985858,0.6683790045965572,0.6337123084527929,0.6335734926068549,0.6276562265196046,0.693604995693017,0.5946613939693525,0.6241291850536489,0.5944607314893227,0.693604995693017,0.6712327608562392,0.7167956811137985,0.6122797835193855,0.6563679503118942
sleep_efficiency_binary,transformer,40m,20,test,40.0,800.0,2023,27937,0.652969180656477,0.6585704110874939,0.6464064840880962,0.7116197262610473,0.67622343054869,0.6871379028760056,0.6739750092574253,0.75976402213158,0.6683143845773604,0.6838470827572022,0.6671431923806237,0.75976402213158,,,,
sleep_efficiency_binary,transformer,40m,20,test,40.0,800.0,2023,27937,0.652969180656477,0.6585704110874939,0.6464064840880962,0.7116197262610473,0.67622343054869,0.6871379028760056,0.6739750092574253,0.75976402213158,0.6683143845773604,0.6838470827572022,0.6671431923806237,0.75976402213158,0.7396646588827237,0.7807869492224039,0.6679682255811542,0.7085630582087679
sleep_efficiency_binary,transformer,40m,25,test,40.0,1000.0,2023,28118,0.6539938829219717,0.6590758666740817,0.6470533345706335,0.7119861518140127,0.67622343054869,0.6871379028760056,0.6739750092574253,0.7598118774984065,0.6683143845773604,0.6838470827572022,0.6671431923806237,0.7598118774984065,,,,
sleep_efficiency_binary,transformer,40m,25,test,40.0,1000.0,2023,28118,0.6539938829219717,0.6590758666740817,0.6470533345706335,0.7119861518140127,0.67622343054869,0.6871379028760056,0.6739750092574253,0.7598118774984065,0.6683143845773604,0.6838470827572022,0.6671431923806237,0.7598118774984065,0.7396071027353003,0.7808053305793033,0.6679682255811542,0.7085630582087679
sleep_efficiency_binary,transformer,40m,3,test,40.0,120.0,2023,6065,0.6352844187963727,0.6397190438427551,0.6311384722723541,0.688975189758695,0.6604053386060307,0.6681851412140601,0.657318590169553,0.7274158305553463,0.6490360850222442,0.6543824315820985,0.6451760964899278,0.7274158305553463,,,,
sleep_efficiency_binary,transformer,40m,3,test,40.0,120.0,2023,6065,0.6352844187963727,0.6397190438427551,0.6311384722723541,0.688975189758695,0.6604053386060307,0.6681851412140601,0.657318590169553,0.7274158305553463,0.6490360850222442,0.6543824315820985,0.6451760964899278,0.7274158305553463,0.7056308066283556,0.7498666624724237,0.6481374407246501,0.6883109799858195
sleep_efficiency_binary,transformer,40m,30,test,40.0,1200.0,2023,28156,0.6541767296490979,0.6591666975820241,0.6471655471738604,0.7120859853986766,0.67622343054869,0.6871379028760056,0.6739750092574253,0.7598312232849961,0.6683143845773604,0.6838470827572022,0.6671431923806237,0.7598312232849961,,,,
sleep_efficiency_binary,transformer,40m,30,test,40.0,1200.0,2023,28156,0.6541767296490979,0.6591666975820241,0.6471655471738604,0.7120859853986766,0.67622343054869,0.6871379028760056,0.6739750092574253,0.7598312232849961,0.6683143845773604,0.6838470827572022,0.6671431923806237,0.7598312232849961,0.7396404328304944,0.7808101478072073,0.6679682255811542,0.7085630582087679
sleep_efficiency_binary,transformer,40m,4,test,40.0,160.0,2023,8085,0.6405689548546691,0.6472280715488385,0.6372008850349002,0.6977293109572578,0.6638655462184874,0.6718929139438321,0.6608422780006549,0.7394916741843715,0.6376668314384577,0.662022999085657,0.6376239752984144,0.7394916741843715,,,,
sleep_efficiency_binary,transformer,40m,4,test,40.0,160.0,2023,8085,0.6405689548546691,0.6472280715488385,0.6372008850349002,0.6977293109572578,0.6638655462184874,0.6718929139438321,0.6608422780006549,0.7394916741843715,0.6376668314384577,0.662022999085657,0.6376239752984144,0.7394916741843715,0.7180109802865351,0.7609555285005439,0.6510181267109347,0.694116963176173
sleep_efficiency_binary,transformer,40m,5,test,40.0,200.0,2023,10105,0.6402770905492331,0.648022491591791,0.6372704189641742,0.7011210006731792,0.6673257538309442,0.6766316134589656,0.6646709993697244,0.74591549353138,0.6544735541275334,0.6657170261249574,0.6524066090276445,0.74591549353138,,,,
sleep_efficiency_binary,transformer,40m,5,test,40.0,200.0,2023,10105,0.6402770905492331,0.648022491591791,0.6372704189641742,0.7011210006731792,0.6673257538309442,0.6766316134589656,0.6646709993697244,0.74591549353138,0.6544735541275334,0.6657170261249574,0.6524066090276445,0.74591549353138,0.7244200084740274,0.7666955604579471,0.6575293145088899,0.6977252076419127
sleep_efficiency_binary,transformer,40m,6,test,40.0,240.0,2023,12125,0.6456082474226804,0.6548758204198912,0.6430423491784235,0.7056553773322112,0.6752347998022739,0.6856956235757938,0.6728700486962044,0.7535275514547014,0.6515076618882847,0.6743798657198771,0.6513573866990648,0.7535275514547014,,,,
sleep_efficiency_binary,transformer,40m,6,test,40.0,240.0,2023,12125,0.6456082474226804,0.6548758204198912,0.6430423491784235,0.7056553773322112,0.6752347998022739,0.6856956235757938,0.6728700486962044,0.7535275514547014,0.6515076618882847,0.6743798657198771,0.6513573866990648,0.7535275514547014,0.7332224207103821,0.774378829097148,0.6670349029507633,0.7063179422335027
sleep_efficiency_binary,transformer,40m,8,test,40.0,320.0,2023,16159,0.6469459743796027,0.6556754837640852,0.6441983606896449,0.7076525236236093,0.6722689075630253,0.6823997124605192,0.6698263254405867,0.7577999156930985,0.6534849233811172,0.6735530878929994,0.6530695422701032,0.7577999156930985,,,,
sleep_efficiency_binary,transformer,40m,8,test,40.0,320.0,2023,16159,0.6469459743796027,0.6556754837640852,0.6441983606896449,0.7076525236236093,0.6722689075630253,0.6823997124605192,0.6698263254405867,0.7577999156930985,0.6534849233811172,0.6735530878929994,0.6530695422701032,0.7577999156930985,0.7381192428040306,0.7785938649728111,0.663588778677632,0.7033003072966411
sleep_efficiency_binary,transformer,40m,all,test,40.0,,2023,28157,0.6541890116134531,0.6591770033994219,0.6471749815211778,0.712084161184334,0.67622343054869,0.6871379028760056,0.6739750092574253,0.7598291868864078,0.6683143845773604,0.6838470827572022,0.6671431923806237,0.7598291868864078,,,,
sleep_efficiency_binary,transformer,40m,all,test,40.0,,2023,28157,0.6541890116134531,0.6591770033994219,0.6471749815211778,0.712084161184334,0.67622343054869,0.6871379028760056,0.6739750092574253,0.7598291868864078,0.6683143845773604,0.6838470827572022,0.6671431923806237,0.7598291868864078,0.7396402056844184,0.7808081226293526,0.6679682255811542,0.7085630582087679
sleep_efficiency_binary,transformer,80m,1,test,80.0,80.0,2023,2023,0.6559565002471577,0.6364371781217482,0.6376253891387064,0.6866002936486765,0.6559565002471577,0.6364371781217482,0.6376253891387064,0.6866002936486765,0.6559565002471577,0.6364371781217482,0.6376253891387064,0.6866002936486765,,,,
sleep_efficiency_binary,transformer,80m,1,test,80.0,80.0,2020,2020,0.6554455445544555,0.6371699669966997,0.638119183451582,0.6895897665261577,0.6554455445544555,0.6371699669966997,0.638119183451582,0.6895897665261577,0.6554455445544555,0.6371699669966997,0.638119183451582,0.6895897665261577,0.6679023126853447,0.7135621238873937,0.6149089227183633,0.6575951934631888
sleep_efficiency_binary,transformer,80m,10,test,80.0,800.0,2023,13372,0.6725994615614718,0.6751892689201981,0.6645452941028163,0.7317761748274925,0.6950074147305981,0.7044381270834903,0.6922931474950011,0.7841203674477613,0.6880869995056846,0.7034143276931881,0.6867936213036074,0.7841203674477613,,,,
sleep_efficiency_binary,transformer,80m,10,test,80.0,800.0,2020,13369,0.6544992146009425,0.6700812455720956,0.6509611476632637,0.7319133156743375,0.6896039603960396,0.7103960396039604,0.6891522850451015,0.7954030242133124,0.6688118811881189,0.6961633663366337,0.6688098520356585,0.7954030242133124,0.7767551134470311,0.8157760948565226,0.6922714260604437,0.7301342162566863
sleep_efficiency_binary,transformer,80m,12,test,80.0,960.0,2023,13443,0.6727664955739047,0.6750922023536239,0.6644689374981351,0.7317184817816408,0.69451309935739,0.7038200801119204,0.691765482065301,0.7842048779891786,0.6875926841324765,0.7027962807216181,0.6862771656449185,0.7842048779891786,,,,
sleep_efficiency_binary,transformer,80m,12,test,80.0,960.0,2020,13440,0.6546130952380952,0.6699098071200527,0.6508788118734313,0.7317789798212847,0.6905940594059405,0.7114273927392739,0.6901438248057232,0.795453060157501,0.6683168316831684,0.6955445544554455,0.668313905328054,0.795453060157501,0.7770447605187122,0.8158189613129861,0.6929636229323208,0.7312458957309634
sleep_efficiency_binary,transformer,80m,2,test,80.0,160.0,2023,4043,0.6522384368043532,0.6468074676471802,0.6434994694314764,0.6939639679599637,0.671280276816609,0.6669368288793902,0.6631653560537947,0.7254109961450976,0.6198714780029659,0.645958868821312,0.6198711064685004,0.7254109961450976,,,,
sleep_efficiency_binary,transformer,80m,2,test,80.0,160.0,2020,4040,0.6482673267326733,0.6476897689768977,0.6419890398571908,0.6966916795330522,0.6797029702970298,0.6806930693069307,0.674094023328159,0.7333758128288077,0.6133663366336634,0.6485148514851484,0.612545069676412,0.7333758128288077,0.7124962382542844,0.7555994575365012,0.661471468732901,0.70249272441537
sleep_efficiency_binary,transformer,80m,3,test,80.0,240.0,2023,6063,0.6564407059211611,0.6594746178652596,0.6516911180363447,0.7123194459400486,0.6826495304003954,0.6875436552947382,0.678530269637691,0.7573478352064806,0.680672268907563,0.6842467259801696,0.6760751408866839,0.7573478352064806,,,,
sleep_efficiency_binary,transformer,80m,3,test,80.0,240.0,2020,6060,0.6440594059405941,0.6545654565456546,0.6418590346450728,0.7122498089330385,0.6782178217821783,0.6947194719471947,0.6771896767569683,0.7658450560402574,0.6732673267326733,0.6862623762376238,0.671551512607278,0.7658450560402574,0.7468569886193543,0.7871640704064717,0.6763168842105257,0.7155741520393911
sleep_efficiency_binary,transformer,80m,4,test,80.0,320.0,2023,8079,0.6641911127614804,0.6683084572032023,0.6598180368714313,0.7216297509875644,0.6905585763717251,0.6972262214827832,0.6870235157813154,0.7713022565332757,0.6643598615916955,0.6865315651963191,0.6641205414791083,0.7713022565332757,,,,
sleep_efficiency_binary,transformer,80m,4,test,80.0,320.0,2020,8076,0.6484645864289252,0.6614443788538763,0.64684446318951,0.721591476511701,0.6826732673267327,0.6982260726072607,0.681453462983806,0.7809365094925333,0.6410891089108911,0.6765676567656765,0.6404524725797442,0.7809365094925333,0.7605276477707638,0.8022172382854084,0.6788704472528323,0.7190025961194739
sleep_efficiency_binary,transformer,80m,5,test,80.0,400.0,2023,10074,0.6664681357951161,0.6724429522144049,0.6626768655755255,0.7278105615434711,0.6915472071181413,0.6990808714971399,0.6882835186977736,0.7783451410511482,0.6930301532377657,0.701347383125994,0.6900002442918978,0.7783451410511482,,,,
sleep_efficiency_binary,transformer,80m,5,test,80.0,400.0,2020,10071,0.6519710058584053,0.6667526892064221,0.650664054248387,0.7280443962636002,0.6841584158415842,0.7037953795379538,0.6835848921336685,0.7884204571447244,0.6811881188118812,0.7000825082508251,0.6805254306550987,0.7884204571447244,0.7694634555651815,0.8092823511047417,0.6850633562586388,0.7242226664043624
sleep_efficiency_binary,transformer,80m,6,test,80.0,480.0,2023,11798,0.6670622139345652,0.6735280933479075,0.6628804658669278,0.7287032304466692,0.6925358378645576,0.7011417068685688,0.6895922757368541,0.7803224840804541,0.6796836381611469,0.6980621631033086,0.6789455122553341,0.7803224840804541,,,,
sleep_efficiency_binary,transformer,80m,6,test,80.0,480.0,2020,11795,0.6506146672318779,0.6668922123447842,0.6492038781540356,0.7294710956606345,0.689108910891089,0.7093646864686469,0.6885957547924775,0.7912255334444335,0.651980198019802,0.6831683168316831,0.6518504226283741,0.7912255334444335,0.7719490937670911,0.8125398446169958,0.6909032414242305,0.7300715946644709
sleep_efficiency_binary,transformer,80m,8,test,80.0,640.0,2023,13105,0.6709652804273178,0.6746180846478955,0.6638776524447927,0.7310232599801458,0.6950074147305981,0.7044381270834903,0.6922931474950011,0.7836906873456155,0.6856154226396441,0.7015612049777727,0.6844489135233236,0.7836906873456155,,,,
sleep_efficiency_binary,transformer,80m,8,test,80.0,640.0,2020,13102,0.65318272019539,0.6694065869139081,0.6502783229531238,0.7315768978824813,0.6905940594059405,0.7114273927392739,0.6901438248057232,0.7951865421690684,0.6663366336633664,0.6943069306930694,0.6663363065741659,0.7951865421690684,0.7763278510130026,0.8153304501892579,0.6934711047097266,0.7306241612797222
sleep_efficiency_binary,transformer,80m,all,test,80.0,,2023,13465,0.6727812848124768,0.6751303431846081,0.6644556265188262,0.7317277136055352,0.6950074147305981,0.7044381270834903,0.6922931474950011,0.7842853157334193,0.6880869995056846,0.7034143276931881,0.6867936213036074,0.7842853157334193,,,,
sleep_efficiency_binary,transformer,80m,all,test,80.0,,2020,13462,0.6547318377655623,0.6700034297158405,0.6509568458715334,0.7317941641038623,0.6905940594059405,0.7114273927392739,0.6901438248057232,0.7955684491716498,0.6683168316831684,0.6955445544554455,0.668313905328054,0.7955684491716498,0.7770357557159179,0.8159148893999261,0.6929636229323208,0.7312458957309634
sleep_efficiency_binary,transformer,120m,1,test,120.0,120.0,2023,2023,0.671774592189817,0.6624002419241524,0.6608549874266555,0.7175566067897601,0.671774592189817,0.6624002419241524,0.6608549874266555,0.7175566067897601,0.671774592189817,0.6624002419241524,0.6608549874266555,0.7175566067897601,,,,
sleep_efficiency_binary,transformer,120m,1,test,120.0,120.0,2020,2020,0.6683168316831684,0.6549092409240924,0.6547801244770941,0.7161808074371794,0.6683168316831684,0.6549092409240924,0.6547801244770941,0.7161808074371794,0.6683168316831684,0.6549092409240924,0.6547801244770941,0.7161808074371794,0.6946633985527605,0.738308320505263,0.6357488750476599,0.6744206518239201
sleep_efficiency_binary,transformer,120m,10,test,120.0,1200.0,2023,8736,0.6810897435897436,0.6874236874236874,0.6740931248200304,0.7491049904511443,0.7261492832427089,0.7336843745099916,0.72284162378502,0.8135646546369815,0.6955017301038062,0.7157778126228203,0.6949632144878325,0.8135646546369815,,,,
sleep_efficiency_binary,transformer,120m,10,test,120.0,1200.0,2020,8733,0.6714760105347533,0.6845994534250446,0.6667866351141936,0.7503590499553845,0.7207920792079208,0.735973597359736,0.7193659376736596,0.814608657647943,0.6881188118811881,0.7153465346534653,0.6881038301026126,0.814608657647943,0.7965958039966944,0.8337738605927933,0.7182298954845279,0.7563758830555761
sleep_efficiency_binary,transformer,120m,2,test,120.0,240.0,2023,4043,0.6787039327232254,0.6774186928762362,0.6720944873099546,0.7312451024027987,0.7108255066732575,0.7062775041084342,0.7028216070843393,0.7712533829671551,0.6475531389026199,0.6787138310155724,0.647415293690015,0.7712533829671551,,,,
sleep_efficiency_binary,transformer,120m,2,test,120.0,240.0,2020,4040,0.6670792079207921,0.6691419141914192,0.661921510018386,0.7280247749403652,0.698019801980198,0.6984323432343233,0.6921897841581408,0.7681334346305917,0.6252475247524752,0.6602722772277227,0.6245510800718221,0.7681334346305917,0.7482239778264341,0.7890401102907001,0.6790290155380196,0.7191648846917458
sleep_efficiency_binary,transformer,120m,3,test,120.0,360.0,2023,6051,0.6767476450173525,0.6837557047468961,0.6732843319658619,0.7426069440775389,0.7217004448838359,0.72606009819514,0.7173844158441539,0.798321193003749,0.71280276816609,0.7217393694902691,0.7099104702318149,0.798321193003749,,,,
sleep_efficiency_binary,transformer,120m,3,test,120.0,360.0,2020,6048,0.6673280423280423,0.678670161203461,0.6651659281844631,0.7417785778967698,0.7143564356435643,0.7258663366336634,0.7121463170193854,0.7982489461817469,0.7024752475247524,0.7153465346534653,0.7006203763687329,0.7982489461817469,0.779751395546929,0.8182555189388572,0.7071336761078851,0.7453796573934609
sleep_efficiency_binary,transformer,120m,4,test,120.0,480.0,2023,7775,0.6770418006430868,0.6858183710642727,0.6733007464506957,0.7473863127764768,0.7261492832427089,0.7334781891529192,0.7227807460176116,0.8094888028623618,0.6786950074147305,0.7052796688001336,0.6786723163841808,0.8094888028623618,,,,
sleep_efficiency_binary,transformer,120m,4,test,120.0,480.0,2020,7772,0.666237776634071,0.6804571142230713,0.6640583263630733,0.7473557902137208,0.7217821782178218,0.7370049504950495,0.7203610939230438,0.8096693951573375,0.6693069306930693,0.7027640264026402,0.6690704365731417,0.8096693951573375,0.7910856811838868,0.8285144141212563,0.7188031147469233,0.756418830026418
sleep_efficiency_binary,transformer,120m,5,test,120.0,600.0,2023,8451,0.6788545734232635,0.6863706675672825,0.6731652348797119,0.7481627269471306,0.7241720217498764,0.7318307426949291,0.7209012186221124,0.8125484917413854,0.6974789915966386,0.717219073723738,0.6968656163876434,0.8125484917413854,,,,
sleep_efficiency_binary,transformer,120m,5,test,120.0,600.0,2020,8448,0.6700994318181818,0.6841235426443274,0.666488823888097,0.7497649752170807,0.7212871287128713,0.7365924092409241,0.7198833187888228,0.8136038541973007,0.6896039603960396,0.7159653465346534,0.6895637141468443,0.8136038541973007,0.7955019466519728,0.8327857279624917,0.7183194392129768,0.7557309665142847
sleep_efficiency_binary,transformer,120m,6,test,120.0,720.0,2023,8640,0.6802083333333333,0.686911729468663,0.6736479219291864,0.7485989820806938,0.7261492832427089,0.7336843745099916,0.72284162378502,0.8129445712668232,0.6935244686109738,0.7141303661648302,0.6930323487604405,0.8129445712668232,,,,
sleep_efficiency_binary,transformer,120m,6,test,120.0,720.0,2020,8637,0.670834780595114,0.6841618315786686,0.6664882866174773,0.7496789767162374,0.7193069306930693,0.7345297029702971,0.7178931469862568,0.813759067738457,0.6851485148514852,0.7126650165016502,0.6851407984707008,0.813759067738457,0.7955491367353251,0.833025411694962,0.7164760716018066,0.7543099463264903
sleep_efficiency_binary,transformer,120m,8,test,120.0,960.0,2023,8723,0.6813023042531239,0.6876545379628151,0.6743449119469437,0.7493743920932177,0.726643598615917,0.7343024214815614,0.7233720783882018,0.81367869295793,0.6959960454770143,0.7163958595943902,0.6954710017665029,0.81367869295793,,,,
sleep_efficiency_binary,transformer,120m,8,test,120.0,960.0,2020,8720,0.6714449541284404,0.6845694254458243,0.6667868793672552,0.7502843902699539,0.7207920792079208,0.735973597359736,0.7193659376736596,0.8145290085939287,0.6881188118811881,0.7153465346534653,0.6881038301026126,0.8145290085939287,0.796627794642925,0.8336362606954628,0.7182298954845279,0.7563758830555761
sleep_efficiency_binary,transformer,120m,all,test,120.0,,2023,8736,0.6810897435897436,0.6874236874236874,0.6740931248200304,0.7491049904511443,0.7261492832427089,0.7336843745099916,0.72284162378502,0.8135646546369815,0.6955017301038062,0.7157778126228203,0.6949632144878325,0.8135646546369815,,,,
sleep_efficiency_binary,transformer,120m,all,test,120.0,,2020,8733,0.6714760105347533,0.6845994534250446,0.6667866351141936,0.7503590499553845,0.7207920792079208,0.735973597359736,0.7193659376736596,0.814608657647943,0.6881188118811881,0.7153465346534653,0.6881038301026126,0.814608657647943,0.7965958039966944,0.8337738605927933,0.7182298954845279,0.7563758830555761
sleep_efficiency_binary,transformer,240m,1,test,240.0,240.0,2023,2023,0.6866040533860603,0.6821787632136813,0.6785096232900061,0.7537535916980103,0.6866040533860603,0.6821787632136813,0.6785096232900061,0.7537535916980103,0.6866040533860603,0.6821787632136813,0.6785096232900061,0.7537535916980103,,,,
sleep_efficiency_binary,transformer,240m,1,test,240.0,240.0,2020,2020,0.7029702970297029,0.6848184818481848,0.686724565756824,0.7675850815279548,0.7029702970297029,0.6848184818481848,0.686724565756824,0.7675850815279548,0.7029702970297029,0.6848184818481848,0.686724565756824,0.7675850815279548,0.7460780937355257,0.7891703692088794,0.6654845665223725,0.7057534012992159
sleep_efficiency_binary,transformer,240m,2,test,240.0,480.0,2023,3747,0.7072324526287697,0.7062565871159621,0.698881436487231,0.7819399928774928,0.7394957983193278,0.7384128920321833,0.7332315925042081,0.8213090784685468,0.6673257538309442,0.6960130370237627,0.6673205513058755,0.8213090784685468,,,,
sleep_efficiency_binary,transformer,240m,2,test,240.0,480.0,2020,3744,0.7211538461538461,0.7108032453236708,0.7085020242914979,0.7876615763172831,0.753960396039604,0.7446369636963697,0.7441783723522853,0.8278120200633924,0.695049504950495,0.7161716171617161,0.6946172211227342,0.8278120200633924,0.8096769225950375,0.8460856112963476,0.725485470739535,0.7643505110616698
sleep_efficiency_binary,transformer,240m,3,test,240.0,720.0,2023,3936,0.7090955284552846,0.7070635380123795,0.6989952415317532,0.7830119737998352,0.7399901136925359,0.7394433097178976,0.7339425088711,0.8242028008626185,0.6782006920415224,0.7030121389719852,0.6781097690188599,0.8242028008626185,,,,
sleep_efficiency_binary,transformer,240m,3,test,240.0,720.0,2020,3933,0.7213323162979913,0.7094631780169897,0.7066812340465144,0.7882895737155827,0.755940594059406,0.7473184818481848,0.7465411105248838,0.8310939695454693,0.7029702970297029,0.7215346534653465,0.7021808617293561,0.8310939695454693,0.8128191198268515,0.849592068420113,0.7278993245655806,0.7674184166692752
sleep_efficiency_binary,transformer,240m,4,test,240.0,960.0,2023,3964,0.7088799192734612,0.7065812468659209,0.6984855914999077,0.7825596021392778,0.740484429065744,0.7398551713323952,0.7344077473440774,0.8242659292188579,0.6782006920415224,0.7032183243290575,0.6781201538309253,0.8242659292188579,,,,
sleep_efficiency_binary,transformer,240m,4,test,240.0,960.0,2020,3961,0.7215349659176975,0.7092726728931305,0.7065177955766572,0.78802833176992,0.7569306930693069,0.7483498349834983,0.7475693413138296,0.8313390435578212,0.7034653465346534,0.7221534653465347,0.7026923495579994,0.8313390435578212,0.813036835365199,0.8497264018209002,0.728498418415203,0.7682447417122146
sleep_efficiency_binary,transformer,240m,5,test,240.0,1200.0,2023,3967,0.7088479959667254,0.7065958893414358,0.6984688056439212,0.782550846465146,0.740484429065744,0.7398551713323952,0.7344077473440774,0.8243086935892135,0.6782006920415224,0.7032183243290575,0.6781201538309253,0.8243086935892135,,,,
sleep_efficiency_binary,transformer,240m,5,test,240.0,1200.0,2020,3964,0.7214934409687185,0.7092826295122932,0.7064979799443076,0.7879126837109884,0.7574257425742574,0.7489686468646864,0.7481332649338805,0.831392142927164,0.7034653465346534,0.7221534653465347,0.7026923495579994,0.831392142927164,0.8131539794569164,0.8497479621568182,0.7292372671889061,0.7690135481449867
sleep_efficiency_binary,transformer,240m,all,test,240.0,,2023,3967,0.7088479959667254,0.7065958893414358,0.6984688056439212,0.782550846465146,0.740484429065744,0.7398551713323952,0.7344077473440774,0.8243086935892135,0.6782006920415224,0.7032183243290575,0.6781201538309253,0.8243086935892135,,,,
sleep_efficiency_binary,transformer,240m,all,test,240.0,,2020,3964,0.7214934409687185,0.7092826295122932,0.7064979799443076,0.7879126837109884,0.7574257425742574,0.7489686468646864,0.7481332649338805,0.831392142927164,0.7034653465346534,0.7221534653465347,0.7026923495579994,0.831392142927164,0.8131539794569164,0.8497479621568182,0.7292372671889061,0.7690135481449867
sleepiness_binary,lstm,30s,1,test,0.5,0.5,2174,2174,0.6163753449862005,0.5736396985464536,0.5657947674552268,0.6035445861664953,0.6163753449862005,0.5736396985464536,0.5657947674552268,0.6035445861664953,0.6163753449862005,0.5736396985464536,0.5657947674552268,0.6035445861664953,,,,
sleepiness_binary,lstm,30s,1,test,0.5,0.5,2174,2174,0.6163753449862005,0.5736396985464536,0.5657947674552268,0.6035445861664953,0.6163753449862005,0.5736396985464536,0.5657947674552268,0.6035445861664953,0.6163753449862005,0.5736396985464536,0.5657947674552268,0.6035445861664953,0.577421615614745,0.6289021337196284,0.5517218011568692,0.5947216223106647
sleepiness_binary,lstm,30s,10,test,0.5,5.0,2174,21740,0.6096596136154554,0.5779616583014842,0.5661873261551444,0.6090569855668627,0.6320147194112236,0.5906985311046645,0.5823022179867505,0.6283085959284329,0.6448942042318307,0.5900825262339284,0.5859942435338427,0.6283085959284329,,,,
sleepiness_binary,lstm,30s,10,test,0.5,5.0,2174,21740,0.6096596136154554,0.5779616583014842,0.5661873261551444,0.6090569855668627,0.6320147194112236,0.5906985311046645,0.5823022179867505,0.6283085959284329,0.6448942042318307,0.5900825262339284,0.5859942435338427,0.6283085959284329,0.6025168347817098,0.6545257563510944,0.5699351381788564,0.6124349130309307
sleepiness_binary,lstm,30s,100,test,0.5,50.0,2174,217400,0.609475620975161,0.5770223020368068,0.5655459574427789,0.608106301719595,0.6297148114075437,0.585373977375635,0.5780070916085847,0.6278378945321893,0.6361545538178472,0.5880723242927968,0.5819217555632652,0.6278378945321893,,,,
sleepiness_binary,lstm,30s,100,test,0.5,50.0,2174,217400,0.609475620975161,0.5770223020368068,0.5655459574427789,0.608106301719595,0.6297148114075437,0.585373977375635,0.5780070916085847,0.6278378945321893,0.6361545538178472,0.5880723242927968,0.5819217555632652,0.6278378945321893,0.6029304401450558,0.6534307174931984,0.5645857725806867,0.6092330890317575
sleepiness_binary,lstm,30s,12,test,0.5,6.0,2174,26088,0.6080956761729531,0.5758857628176595,0.5643363428204504,0.606272170717939,0.6301747930082797,0.590786531800484,0.5817105705252094,0.6251006635866424,0.6430542778288868,0.5878579505047249,0.5838491359873859,0.6251006635866424,,,,
sleepiness_binary,lstm,30s,12,test,0.5,6.0,2174,26088,0.6080956761729531,0.5758857628176595,0.5643363428204504,0.606272170717939,0.6301747930082797,0.590786531800484,0.5817105705252094,0.6251006635866424,0.6430542778288868,0.5878579505047249,0.5838491359873859,0.6251006635866424,0.5995456813646416,0.6511094072979602,0.5694618291143969,0.6141412937255482
sleepiness_binary,lstm,30s,120,test,0.5,60.0,2174,260880,0.6105795768169273,0.5785536164704558,0.5668938306001454,0.6087193763050166,0.6310947562097516,0.5877361821000445,0.5800411974626372,0.6291210674689056,0.6347746090156394,0.5894102418484239,0.5823859237582063,0.6291210674689056,,,,
sleepiness_binary,lstm,30s,120,test,0.5,60.0,2174,260880,0.6105795768169273,0.5785536164704558,0.5668938306001454,0.6087193763050166,0.6310947562097516,0.5877361821000445,0.5800411974626372,0.6291210674689056,0.6347746090156394,0.5894102418484239,0.5823859237582063,0.6291210674689056,0.6042095907866372,0.6544100523822299,0.5664751454015261,0.6119579474233513
sleepiness_binary,lstm,30s,16,test,0.5,8.0,2174,34784,0.6127529898804048,0.5776720618256052,0.5671531755043914,0.6088513347038674,0.6361545538178472,0.5917724465728333,0.5844274039526949,0.6277642195310382,0.6476540938362465,0.590644298117706,0.5871932240833782,0.6277642195310382,,,,
sleepiness_binary,lstm,30s,16,test,0.5,8.0,2174,34784,0.6127529898804048,0.5776720618256052,0.5671531755043914,0.6088513347038674,0.6361545538178472,0.5917724465728333,0.5844274039526949,0.6277642195310382,0.6476540938362465,0.590644298117706,0.5871932240833782,0.6277642195310382,0.6024452635764757,0.6535276907748301,0.570528793923428,0.6159904408141001
sleepiness_binary,lstm,30s,160,test,0.5,80.0,2174,347840,0.6106456991720332,0.5778545129775445,0.5664916596270362,0.6082022809072066,0.6310947562097516,0.5872736668150399,0.5797338717219662,0.6280599427995477,0.6356945722171113,0.5905225297130257,0.5834378483835005,0.6280599427995477,,,,
sleepiness_binary,lstm,30s,160,test,0.5,80.0,2174,347840,0.6106456991720332,0.5778545129775445,0.5664916596270362,0.6082022809072066,0.6310947562097516,0.5872736668150399,0.5797338717219662,0.6280599427995477,0.6356945722171113,0.5905225297130257,0.5834378483835005,0.6280599427995477,0.603006837818191,0.6535706393416207,0.564821326389878,0.6117666482005588
sleepiness_binary,lstm,30s,2,test,0.5,1.0,2174,4348,0.5853265869365225,0.5641977866801737,0.5485497485376207,0.593141189953595,0.5906163753449862,0.5716341012928939,0.5548791990466594,0.6029209068164725,0.6467341306347746,0.5585434861577975,0.55982621166744,0.6029209068164725,,,,
sleepiness_binary,lstm,30s,2,test,0.5,1.0,2174,4348,0.5853265869365225,0.5641977866801737,0.5485497485376207,0.593141189953595,0.5906163753449862,0.5716341012928939,0.5548791990466594,0.6029209068164725,0.6467341306347746,0.5585434861577975,0.55982621166744,0.6029209068164725,0.574854183691499,0.6289918121241337,0.5485345058568601,0.595628540882506
sleepiness_binary,lstm,30s,20,test,0.5,10.0,2174,43480,0.6066467341306347,0.5744461072482898,0.5629166762567582,0.6076073186392636,0.6338546458141674,0.5924605915488634,0.5840906447168939,0.6272014243833556,0.6356945722171113,0.5817347392979386,0.577305708334929,0.6272014243833556,,,,
sleepiness_binary,lstm,30s,20,test,0.5,10.0,2174,43480,0.6066467341306347,0.5744461072482898,0.5629166762567582,0.6076073186392636,0.6338546458141674,0.5924605915488634,0.5840906447168939,0.6272014243833556,0.6356945722171113,0.5817347392979386,0.577305708334929,0.6272014243833556,0.6024195969815521,0.6535068009219304,0.5712703547585917,0.6168990239147154
sleepiness_binary,lstm,30s,200,test,0.5,100.0,2174,434800,0.6097608095676172,0.5771242907502059,0.5657147126313272,0.6085767804664037,0.6315547378104875,0.5875985531048386,0.5801039507807159,0.6284191084301596,0.6320147194112236,0.584685832399605,0.5782837467568681,0.6284191084301596,,,,
sleepiness_binary,lstm,30s,200,test,0.5,100.0,2174,434800,0.6097608095676172,0.5771242907502059,0.5657147126313272,0.6085767804664037,0.6315547378104875,0.5875985531048386,0.5801039507807159,0.6284191084301596,0.6320147194112236,0.584685832399605,0.5782837467568681,0.6284191084301596,0.603448498830141,0.6538961271890738,0.5661146041832832,0.6109560196061454
sleepiness_binary,lstm,30s,25,test,0.5,12.5,2174,54350,0.6056853725850966,0.575284145037426,0.5630628183441242,0.6066830691777563,0.6283348666053358,0.591337047781308,0.58139424043894,0.6264861629138463,0.6274149034038639,0.588374698776688,0.5791835739787505,0.6264861629138463,,,,
sleepiness_binary,lstm,30s,25,test,0.5,12.5,2174,54350,0.6056853725850966,0.575284145037426,0.5630628183441242,0.6066830691777563,0.6283348666053358,0.591337047781308,0.58139424043894,0.6264861629138463,0.6274149034038639,0.588374698776688,0.5791835739787505,0.6264861629138463,0.6009229370837093,0.6513506661553912,0.5697296204640061,0.6145148321392473
sleepiness_binary,lstm,30s,250,test,0.5,125.0,2174,543500,0.6097460901563937,0.577177258982978,0.5657416484585673,0.608302318982057,0.6306347746090156,0.5878738110952505,0.5799767627123579,0.6281520365509867,0.6315547378104875,0.5862110072498248,0.5791736416764963,0.6281520365509867,,,,
sleepiness_binary,lstm,30s,250,test,0.5,125.0,2174,543500,0.6097460901563937,0.577177258982978,0.5657416484585673,0.608302318982057,0.6306347746090156,0.5878738110952505,0.5799767627123579,0.6281520365509867,0.6315547378104875,0.5862110072498248,0.5791736416764963,0.6281520365509867,0.6028924302837009,0.6538899519557253,0.5666747759172148,0.6115593892633095
sleepiness_binary,lstm,30s,3,test,0.5,1.5,2174,6522,0.5921496473474395,0.5694794485971904,0.5543260470172441,0.5978241998502624,0.6007359705611776,0.576006507958435,0.5615403775661186,0.6111361810767806,0.6002759889604415,0.5752191063836318,0.5609025037914224,0.6111361810767806,,,,
sleepiness_binary,lstm,30s,3,test,0.5,1.5,2174,6522,0.5921496473474395,0.5694794485971904,0.5543260470172441,0.5978241998502624,0.6007359705611776,0.576006507958435,0.5615403775661186,0.6111361810767806,0.6002759889604415,0.5752191063836318,0.5609025037914224,0.6111361810767806,0.5853884080949581,0.6382740105347425,0.5535750841633922,0.5978957404272057
sleepiness_binary,lstm,30s,30,test,0.5,15.0,2174,65220,0.6096136154553817,0.5778058322631698,0.5660753275763946,0.6080898312012493,0.6333946642134315,0.5944482816840877,0.5852053830381393,0.6278757552966698,0.640294388224471,0.5928463620410022,0.586521127925246,0.6278757552966698,,,,
sleepiness_binary,lstm,30s,30,test,0.5,15.0,2174,65220,0.6096136154553817,0.5778058322631698,0.5660753275763946,0.6080898312012493,0.6333946642134315,0.5944482816840877,0.5852053830381393,0.6278757552966698,0.640294388224471,0.5928463620410022,0.586521127925246,0.6278757552966698,0.6028766991853864,0.6540501495925274,0.5731821005051106,0.6182417803480965
sleepiness_binary,lstm,30s,320,test,0.5,160.0,2174,695680,0.6103064627414904,0.577427012504285,0.5661033141834063,0.6082316617468058,0.6301747930082797,0.5861613789504382,0.5786858265142905,0.627841987587809,0.6338546458141674,0.587372923413813,0.58070750145377,0.627841987587809,,,,
sleepiness_binary,lstm,30s,320,test,0.5,160.0,2174,695680,0.6103064627414904,0.577427012504285,0.5661033141834063,0.6082316617468058,0.6301747930082797,0.5861613789504382,0.5786858265142905,0.627841987587809,0.6338546458141674,0.587372923413813,0.58070750145377,0.627841987587809,0.6027418664098457,0.6537872634645047,0.5645338642968281,0.6100844669802248
sleepiness_binary,lstm,30s,4,test,0.5,2.0,2174,8696,0.6048758049678012,0.5752303622865855,0.5627209996789716,0.6065717845210868,0.6195952161913524,0.5879392999851627,0.5760141512715462,0.6221127329844003,0.6614535418583257,0.5892905199715532,0.5895352082615049,0.6221127329844003,,,,
sleepiness_binary,lstm,30s,4,test,0.5,2.0,2174,8696,0.6048758049678012,0.5752303622865855,0.5627209996789716,0.6065717845210868,0.6195952161913524,0.5879392999851627,0.5760141512715462,0.6221127329844003,0.6614535418583257,0.5892905199715532,0.5895352082615049,0.6221127329844003,0.5965689536469152,0.6490465224050725,0.5660042384028477,0.6109373673430846
sleepiness_binary,lstm,30s,40,test,0.5,20.0,2174,86960,0.6081761729530819,0.5751563419338664,0.5639192225143381,0.606932304697293,0.6292548298068077,0.5850490910858365,0.5776377813066145,0.6265823497209049,0.6370745170193193,0.5887220968723939,0.5826606531159833,0.6265823497209049,,,,
sleepiness_binary,lstm,30s,40,test,0.5,20.0,2174,86960,0.6081761729530819,0.5751563419338664,0.5639192225143381,0.606932304697293,0.6292548298068077,0.5850490910858365,0.5776377813066145,0.6265823497209049,0.6370745170193193,0.5887220968723939,0.5826606531159833,0.6265823497209049,0.6011429209453184,0.6521690705287586,0.5635194518062623,0.6094202083675052
sleepiness_binary,lstm,30s,400,test,0.5,200.0,2174,869600,0.6097792088316467,0.577203194629911,0.565769869485241,0.6082329338543025,0.6292548298068077,0.5855116063708411,0.5779466398439969,0.6280174773474952,0.6320147194112236,0.5869984088246278,0.5798546691403834,0.6280174773474952,,,,
sleepiness_binary,lstm,30s,400,test,0.5,200.0,2174,869600,0.6097792088316467,0.577203194629911,0.565769869485241,0.6082329338543025,0.6292548298068077,0.5855116063708411,0.5779466398439969,0.6280174773474952,0.6320147194112236,0.5869984088246278,0.5798546691403834,0.6280174773474952,0.603103183418572,0.6538832021179389,0.5642553344728232,0.6092213166551584
sleepiness_binary,lstm,30s,5,test,0.5,2.5,2174,10870,0.5974241030358786,0.5722797808168716,0.5580634272473357,0.6022768440494646,0.6172953081876725,0.5900149908162065,0.5763314829128897,0.6205399763626038,0.6126954921803128,0.5835285209231886,0.5706938944753552,0.6205399763626038,,,,
sleepiness_binary,lstm,30s,5,test,0.5,2.5,2174,10870,0.5974241030358786,0.5722797808168716,0.5580634272473357,0.6022768440494646,0.6172953081876725,0.5900149908162065,0.5763314829128897,0.6205399763626038,0.6126954921803128,0.5835285209231886,0.5706938944753552,0.6205399763626038,0.5941661900169769,0.6463813953630643,0.5681618023921511,0.6132284487710836
sleepiness_binary,lstm,30s,50,test,0.5,25.0,2174,108700,0.6095860165593376,0.5779836789407172,0.5661729063362881,0.6083250790727183,0.6315547378104875,0.5894486142448568,0.5813267097303443,0.6282952934976695,0.6379944802207912,0.5902969000220002,0.5840359312620603,0.6282952934976695,,,,
sleepiness_binary,lstm,30s,50,test,0.5,25.0,2174,108700,0.6095860165593376,0.5779836789407172,0.5661729063362881,0.6083250790727183,0.6315547378104875,0.5894486142448568,0.5813267097303443,0.6282952934976695,0.6379944802207912,0.5902969000220002,0.5840359312620603,0.6282952934976695,0.6028017985699275,0.6538029402807115,0.5686468915310026,0.6123594549345658
sleepiness_binary,lstm,30s,500,test,0.5,250.0,2174,1086980,0.609535594031169,0.5771707055669868,0.5656603414111722,0.6083433131670064,0.6306347746090156,0.5869487805252414,0.5793638612161598,0.6284436667638768,0.6329346826126955,0.5871856661192205,0.580282074507618,0.6284436667638768,,,,
sleepiness_binary,lstm,30s,500,test,0.5,250.0,2174,1086980,0.609535594031169,0.5771707055669868,0.5656603414111722,0.6083433131670064,0.6306347746090156,0.5869487805252414,0.5793638612161598,0.6284436667638768,0.6329346826126955,0.5871856661192205,0.580282074507618,0.6284436667638768,0.6036226405251702,0.6543153350067805,0.5658441983622206,0.6109643723280644
sleepiness_binary,lstm,30s,6,test,0.5,3.0,2174,13044,0.6110088929776142,0.5768641736547064,0.5660152139914082,0.6055134738274675,0.625114995400184,0.5839751756176677,0.5755357818345768,0.6221352447903077,0.6573137074517019,0.5891416350733936,0.5885039336069645,0.6221352447903077,,,,
sleepiness_binary,lstm,30s,6,test,0.5,3.0,2174,13044,0.6110088929776142,0.5768641736547064,0.5660152139914082,0.6055134738274675,0.625114995400184,0.5839751756176677,0.5755357818345768,0.6221352447903077,0.6573137074517019,0.5891416350733936,0.5885039336069645,0.6221352447903077,0.5968312307005064,0.6486054204871433,0.5630945456413172,0.6079082704416623
sleepiness_binary,lstm,30s,60,test,0.5,30.0,2174,130440,0.608724317693959,0.576345191256551,0.5648516538502585,0.6076768478582802,0.6301747930082797,0.5903240165154794,0.581413660712233,0.6280891058208369,0.6393744250229991,0.5968217423114508,0.5888646170234116,0.6280891058208369,,,,
sleepiness_binary,lstm,30s,60,test,0.5,30.0,2174,130440,0.608724317693959,0.576345191256551,0.5648516538502585,0.6076768478582802,0.6301747930082797,0.5903240165154794,0.581413660712233,0.6280891058208369,0.6393744250229991,0.5968217423114508,0.5888646170234116,0.6280891058208369,0.6035141650429289,0.6535264951284759,0.5690462703516819,0.6139953113884625
sleepiness_binary,lstm,30s,8,test,0.5,4.0,2174,17392,0.608843146274149,0.5810966702992535,0.5677414095164695,0.608600237333272,0.6283348666053358,0.5936496242063309,0.5828317602176524,0.6283986431520622,0.6550137994480221,0.6000051163195244,0.5961485875974891,0.6283986431520622,,,,
sleepiness_binary,lstm,30s,8,test,0.5,4.0,2174,17392,0.608843146274149,0.5810966702992535,0.5677414095164695,0.608600237333272,0.6283348666053358,0.5936496242063309,0.5828317602176524,0.6283986431520622,0.6550137994480221,0.6000051163195244,0.5961485875974891,0.6283986431520622,0.6042308146511921,0.6542794366360897,0.5722080442274187,0.6179881730171288
sleepiness_binary,lstm,30s,80,test,0.5,40.0,2174,173920,0.6089466421343146,0.5772210454687317,0.5654687581353286,0.607417109308248,0.6306347746090156,0.5869487805252414,0.5793638612161598,0.6273446813300385,0.6338546458141674,0.5882979539838222,0.5813339991329122,0.6273446813300385,,,,
sleepiness_binary,lstm,30s,80,test,0.5,40.0,2174,173920,0.6089466421343146,0.5772210454687317,0.5654687581353286,0.607417109308248,0.6306347746090156,0.5869487805252414,0.5793638612161598,0.6273446813300385,0.6338546458141674,0.5882979539838222,0.5813339991329122,0.6273446813300385,0.6019097484932723,0.6528395614165922,0.564303872734497,0.6110067917384977
sleepiness_binary,lstm,30s,all,test,0.5,,2174,2468440,0.6195475685048046,0.5743847007116633,0.565449813557073,0.6037297676180932,0.6287948482060718,0.5847242047960379,0.5772685379843597,0.6282625490527134,0.6329346826126955,0.5871856661192205,0.580282074507618,0.6282625490527134,,,,
sleepiness_binary,lstm,30s,all,test,0.5,,2174,2468440,0.6195475685048046,0.5743847007116633,0.565449813557073,0.6037297676180932,0.6287948482060718,0.5847242047960379,0.5772685379843597,0.6282625490527134,0.6329346826126955,0.5871856661192205,0.580282074507618,0.6282625490527134,0.6034055977982141,0.6540955607069144,0.5633010001581427,0.6089110990426634
sleepiness_binary,lstm,10m,1,test,10.0,10.0,2174,2174,0.5929162833486661,0.5593830741917494,0.5486256353350076,0.5912863962180167,0.5929162833486661,0.5593830741917494,0.5486256353350076,0.5912863962180167,0.5929162833486661,0.5593830741917494,0.5486256353350076,0.5912863962180167,,,,
sleepiness_binary,lstm,10m,1,test,10.0,10.0,2174,2174,0.5929162833486661,0.5593830741917494,0.5486256353350076,0.5912863962180167,0.5929162833486661,0.5593830741917494,0.5486256353350076,0.5912863962180167,0.5929162833486661,0.5593830741917494,0.5486256353350076,0.5912863962180167,0.5652220543393294,0.61849763026616,0.5370403839802559,0.58180459001444
sleepiness_binary,lstm,10m,10,test,10.0,100.0,2174,21740,0.6079116835326587,0.573119471177214,0.562559757673957,0.6047805764045576,0.6269549218031278,0.5880498124868895,0.578812107162574,0.6227062260492293,0.6462741490340387,0.5896696392483103,0.5860877660134165,0.6227062260492293,,,,
sleepiness_binary,lstm,10m,10,test,10.0,100.0,2174,21740,0.6079116835326587,0.573119471177214,0.562559757673957,0.6047805764045576,0.6269549218031278,0.5880498124868895,0.578812107162574,0.6227062260492293,0.6462741490340387,0.5896696392483103,0.5860877660134165,0.6227062260492293,0.5974795392788655,0.6487667392951505,0.5677669546906822,0.6108796469183079
sleepiness_binary,lstm,10m,100,test,10.0,1000.0,2174,122667,0.6183081024236348,0.5708317946130202,0.5627257656846094,0.6025848806520891,0.6301747930082797,0.5884739553754611,0.5802137290766843,0.6237397225931554,0.6333946642134315,0.5870480371240145,0.5803380541360369,0.6237397225931554,,,,
sleepiness_binary,lstm,10m,100,test,10.0,1000.0,2174,122667,0.6183081024236348,0.5708317946130202,0.5627257656846094,0.6025848806520891,0.6301747930082797,0.5884739553754611,0.5802137290766843,0.6237397225931554,0.6333946642134315,0.5870480371240145,0.5803380541360369,0.6237397225931554,0.5986343290858258,0.6486647660235221,0.5671838947822162,0.6102789515148358
sleepiness_binary,lstm,10m,12,test,10.0,120.0,2174,26088,0.604032505366452,0.5687376675381465,0.5584262732810414,0.603676818155203,0.625114995400184,0.5825876297626539,0.5746235242571018,0.6195939688825447,0.6306347746090156,0.5749233831151224,0.5709233376469041,0.6195939688825447,,,,
sleepiness_binary,lstm,10m,12,test,10.0,120.0,2174,26088,0.604032505366452,0.5687376675381465,0.5584262732810414,0.603676818155203,0.625114995400184,0.5825876297626539,0.5746235242571018,0.6195939688825447,0.6306347746090156,0.5749233831151224,0.5709233376469041,0.6195939688825447,0.5947665024789148,0.6449562536799887,0.560638739235421,0.604506735609425
sleepiness_binary,lstm,10m,120,test,10.0,1200.0,2174,122798,0.6184302675939347,0.5708025184827776,0.5627280716618953,0.6025695186760369,0.6301747930082797,0.5884739553754611,0.5802137290766843,0.6237520017600139,0.6333946642134315,0.5870480371240145,0.5803380541360369,0.6237520017600139,,,,
sleepiness_binary,lstm,10m,120,test,10.0,1200.0,2174,122798,0.6184302675939347,0.5708025184827776,0.5627280716618953,0.6025695186760369,0.6301747930082797,0.5884739553754611,0.5802137290766843,0.6237520017600139,0.6333946642134315,0.5870480371240145,0.5803380541360369,0.6237520017600139,0.5986267771038152,0.648680820231474,0.5671838947822162,0.6102789515148358
sleepiness_binary,lstm,10m,16,test,10.0,160.0,2174,34784,0.609475620975161,0.5741720515929661,0.5637806541937287,0.60519505688388,0.6297148114075437,0.5886115843706671,0.5801444581165266,0.6218804520779933,0.6389144434222631,0.5830839127565195,0.5791927782291522,0.6218804520779933,,,,
sleepiness_binary,lstm,10m,16,test,10.0,160.0,2174,34784,0.609475620975161,0.5741720515929661,0.5637806541937287,0.60519505688388,0.6297148114075437,0.5886115843706671,0.5801444581165266,0.6218804520779933,0.6389144434222631,0.5830839127565195,0.5791927782291522,0.6218804520779933,0.5962002909522887,0.6473615119059043,0.5676852092731891,0.6109191101789266
sleepiness_binary,lstm,10m,160,test,10.0,1600.0,2174,122838,0.618554518959931,0.570875038623527,0.562795544845566,0.6026526553859819,0.6301747930082797,0.5884739553754611,0.5802137290766843,0.6237479087043944,0.6333946642134315,0.5870480371240145,0.5803380541360369,0.6237479087043944,,,,
sleepiness_binary,lstm,10m,160,test,10.0,1600.0,2174,122838,0.618554518959931,0.570875038623527,0.562795544845566,0.6026526553859819,0.6301747930082797,0.5884739553754611,0.5802137290766843,0.6237479087043944,0.6333946642134315,0.5870480371240145,0.5803380541360369,0.6237479087043944,0.5986267771038152,0.6486788340026605,0.5671838947822162,0.6102789515148358
sleepiness_binary,lstm,10m,2,test,10.0,20.0,2174,4348,0.593836246550138,0.5609578773413557,0.5499328876369063,0.5916520851560221,0.5956761729530818,0.5604073613605317,0.5502381263393503,0.5992693895719177,0.6513339466421343,0.5562421656357283,0.557764373868173,0.5992693895719177,,,,
sleepiness_binary,lstm,10m,2,test,10.0,20.0,2174,4348,0.593836246550138,0.5609578773413557,0.5499328876369063,0.5916520851560221,0.5956761729530818,0.5604073613605317,0.5502381263393503,0.5992693895719177,0.6513339466421343,0.5562421656357283,0.557764373868173,0.5992693895719177,0.5733130947765823,0.6243109189731595,0.5383875140131441,0.5834599018125841
sleepiness_binary,lstm,10m,20,test,10.0,200.0,2174,43480,0.6067157313707452,0.5719047545957341,0.561370326889155,0.6063798585849283,0.6228150873965042,0.5837382900236886,0.5745852714695217,0.623308928489202,0.6287948482060718,0.5759364143809509,0.5711588199362171,0.623308928489202,,,,
sleepiness_binary,lstm,10m,20,test,10.0,200.0,2174,43480,0.6067157313707452,0.5719047545957341,0.561370326889155,0.6063798585849283,0.6228150873965042,0.5837382900236886,0.5745852714695217,0.623308928489202,0.6287948482060718,0.5759364143809509,0.5711588199362171,0.623308928489202,0.5981534665467932,0.6486498759909444,0.5628854745415349,0.6058618914681385
sleepiness_binary,lstm,10m,200,test,10.0,2000.0,2174,122878,0.6186705512785039,0.5709418121941287,0.5628565384758077,0.6027516996112788,0.6301747930082797,0.5884739553754611,0.5802137290766843,0.623750978496109,0.6333946642134315,0.5870480371240145,0.5803380541360369,0.623750978496109,,,,
sleepiness_binary,lstm,10m,200,test,10.0,2000.0,2174,122878,0.6186705512785039,0.5709418121941287,0.5628565384758077,0.6027516996112788,0.6301747930082797,0.5884739553754611,0.5802137290766843,0.623750978496109,0.6333946642134315,0.5870480371240145,0.5803380541360369,0.623750978496109,0.5986267771038152,0.6486798271170673,0.5671838947822162,0.6102789515148358
sleepiness_binary,lstm,10m,25,test,10.0,250.0,2174,54349,0.6076100756223666,0.5722225681398911,0.5618907370774535,0.6057890769060117,0.6283348666053358,0.5857868643612532,0.577820654436244,0.6222211989583174,0.6269549218031278,0.5811120832118207,0.5742351398231995,0.6222211989583174,,,,
sleepiness_binary,lstm,10m,25,test,10.0,250.0,2174,54349,0.6076100756223666,0.5722225681398911,0.5618907370774535,0.6057890769060117,0.6283348666053358,0.5857868643612532,0.577820654436244,0.6222211989583174,0.6269549218031278,0.5811120832118207,0.5742351398231995,0.6222211989583174,0.596542104301298,0.6472083416858382,0.5643608260769086,0.6072494321464085
sleepiness_binary,lstm,10m,3,test,10.0,30.0,2174,6522,0.5993560257589696,0.5653190281039431,0.5546208387284182,0.5970471446104975,0.608555657773689,0.574591845609942,0.5637098461089309,0.6092063053521819,0.6048758049678012,0.5682926330115168,0.5584404898172277,0.6092063053521819,,,,
sleepiness_binary,lstm,10m,3,test,10.0,30.0,2174,6522,0.5993560257589696,0.5653190281039431,0.5546208387284182,0.5970471446104975,0.608555657773689,0.574591845609942,0.5637098461089309,0.6092063053521819,0.6048758049678012,0.5682926330115168,0.5584404898172277,0.6092063053521819,0.5840196538957199,0.6346913368293812,0.553574756167481,0.5964785249411864
sleepiness_binary,lstm,10m,30,test,10.0,300.0,2174,65195,0.609049773755656,0.5734539188603618,0.5631675806046103,0.6069948424608713,0.6269549218031278,0.5875872972018849,0.5785156822428879,0.6248632663607108,0.6324747010119596,0.5840856881193944,0.5780143162027201,0.6248632663607108,,,,
sleepiness_binary,lstm,10m,30,test,10.0,300.0,2174,65195,0.609049773755656,0.5734539188603618,0.5631675806046103,0.6069948424608713,0.6269549218031278,0.5875872972018849,0.5785156822428879,0.6248632663607108,0.6324747010119596,0.5840856881193944,0.5780143162027201,0.6248632663607108,0.5996942898097704,0.6502250873300314,0.5665674403858274,0.6093638967332755
sleepiness_binary,lstm,10m,4,test,10.0,40.0,2174,8696,0.6045308187672493,0.5705928023616931,0.5597651477743842,0.5999605723626652,0.6232750689972401,0.5854507221685009,0.5758424697820045,0.6137588064649815,0.6550137994480221,0.5833545660593595,0.5832771057732414,0.6137588064649815,,,,
sleepiness_binary,lstm,10m,4,test,10.0,40.0,2174,8696,0.6045308187672493,0.5705928023616931,0.5597651477743842,0.5999605723626652,0.6232750689972401,0.5854507221685009,0.5758424697820045,0.6137588064649815,0.6550137994480221,0.5833545660593595,0.5832771057732414,0.6137588064649815,0.5876706152654839,0.6402082516802193,0.5637061067060041,0.6083217825704169
sleepiness_binary,lstm,10m,40,test,10.0,400.0,2174,86718,0.6087202195622593,0.5726857902866627,0.5625776263805029,0.6059096372787012,0.6306347746090156,0.5878738110952505,0.5799767627123579,0.6229753444562119,0.6356945722171113,0.5849723462929707,0.5796202976678777,0.6229753444562119,,,,
sleepiness_binary,lstm,10m,40,test,10.0,400.0,2174,86718,0.6087202195622593,0.5726857902866627,0.5625776263805029,0.6059096372787012,0.6306347746090156,0.5878738110952505,0.5799767627123579,0.6229753444562119,0.6356945722171113,0.5849723462929707,0.5796202976678777,0.6229753444562119,0.5980126946043195,0.6481052590536163,0.5669931603935989,0.6097306003089412
sleepiness_binary,lstm,10m,5,test,10.0,50.0,2174,10870,0.6035878564857405,0.5693255155971001,0.5586361399207008,0.5994478058663719,0.6136154553817847,0.5772405642277172,0.5671921526914687,0.6134579668769474,0.6136154553817847,0.5758530183727034,0.5663102457708267,0.6134579668769474,,,,
sleepiness_binary,lstm,10m,5,test,10.0,50.0,2174,10870,0.6035878564857405,0.5693255155971001,0.5586361399207008,0.5994478058663719,0.6136154553817847,0.5772405642277172,0.5671921526914687,0.6134579668769474,0.6136154553817847,0.5758530183727034,0.5663102457708267,0.6134579668769474,0.5889592915518505,0.6393373603542888,0.5553264576237913,0.5999832896089715
sleepiness_binary,lstm,10m,50,test,10.0,500.0,2174,106080,0.6092854449472096,0.5729084458937279,0.5626588309168938,0.6061752034939878,0.6297148114075437,0.5890740996556717,0.5804448114007045,0.6234148363033568,0.6329346826126955,0.5853356049792022,0.579020779462809,0.6234148363033568,,,,
sleepiness_binary,lstm,10m,50,test,10.0,500.0,2174,106080,0.6092854449472096,0.5729084458937279,0.5626588309168938,0.6061752034939878,0.6297148114075437,0.5890740996556717,0.5804448114007045,0.6234148363033568,0.6329346826126955,0.5853356049792022,0.579020779462809,0.6234148363033568,0.5983983945048408,0.6485134211283824,0.568142724701801,0.61055963677356
sleepiness_binary,lstm,10m,6,test,10.0,60.0,2174,13044,0.6046458141674333,0.5678218463432811,0.5580606150640739,0.6005223193754452,0.6301747930082797,0.587548924805452,0.579606326483491,0.6167017134554087,0.6462741490340387,0.5771817265531867,0.5763919558849203,0.6167017134554087,,,,
sleepiness_binary,lstm,10m,6,test,10.0,60.0,2174,13044,0.6046458141674333,0.5678218463432811,0.5580606150640739,0.6005223193754452,0.6301747930082797,0.587548924805452,0.579606326483491,0.6167017134554087,0.6462741490340387,0.5771817265531867,0.5763919558849203,0.6167017134554087,0.5905290788820781,0.6415535187598144,0.5664094829938019,0.6088217453914784
sleepiness_binary,lstm,10m,60,test,10.0,600.0,2174,116141,0.6136592590041415,0.572049928249379,0.5625769053035728,0.6046262146753587,0.6306347746090156,0.5892613569502643,0.5808867361698807,0.6239453986380357,0.6333946642134315,0.5861230065540053,0.5797069141964907,0.6239453986380357,,,,
sleepiness_binary,lstm,10m,60,test,10.0,600.0,2174,116141,0.6136592590041415,0.572049928249379,0.5625769053035728,0.6046262146753587,0.6306347746090156,0.5892613569502643,0.5808867361698807,0.6239453986380357,0.6333946642134315,0.5861230065540053,0.5797069141964907,0.6239453986380357,0.5989614188416275,0.6489868042974068,0.5678512970747469,0.6110897261118318
sleepiness_binary,lstm,10m,8,test,10.0,80.0,2174,17392,0.6081531738730451,0.5737872404107381,0.5630635554968434,0.6042103312561076,0.6200551977920883,0.580863941714888,0.5717712888135955,0.6208500253257817,0.6384544618215271,0.5776713583316705,0.5750057950454103,0.6208500253257817,,,,
sleepiness_binary,lstm,10m,8,test,10.0,80.0,2174,17392,0.6081531738730451,0.5737872404107381,0.5630635554968434,0.6042103312561076,0.6200551977920883,0.580863941714888,0.5717712888135955,0.6208500253257817,0.6384544618215271,0.5776713583316705,0.5750057950454103,0.6208500253257817,0.5953320677854821,0.6464756862011419,0.560336297756211,0.6023548179311516
sleepiness_binary,lstm,10m,80,test,10.0,800.0,2174,121873,0.6179711667063255,0.5712855323958856,0.5629095400793258,0.6030886326137986,0.6301747930082797,0.5884739553754611,0.5802137290766843,0.6237397225931555,0.6329346826126955,0.5862606355492113,0.5796540027137043,0.6237397225931555,,,,
sleepiness_binary,lstm,10m,80,test,10.0,800.0,2174,121873,0.6179711667063255,0.5712855323958856,0.5629095400793258,0.6030886326137986,0.6301747930082797,0.5884739553754611,0.5802137290766843,0.6237397225931555,0.6329346826126955,0.5862606355492113,0.5796540027137043,0.6237397225931555,0.5985596795501016,0.648710849771318,0.5671838947822162,0.6102789515148358
sleepiness_binary,lstm,10m,all,test,10.0,,2174,122887,0.6186984790905466,0.570958105901386,0.5628716969728206,0.6027685859188577,0.6301747930082797,0.5884739553754611,0.5802137290766843,0.6237479087043944,0.6333946642134315,0.5870480371240145,0.5803380541360369,0.6237479087043944,,,,
sleepiness_binary,lstm,10m,all,test,10.0,,2174,122887,0.6186984790905466,0.570958105901386,0.5628716969728206,0.6027685859188577,0.6301747930082797,0.5884739553754611,0.5802137290766843,0.6237479087043944,0.6333946642134315,0.5870480371240145,0.5803380541360369,0.6237479087043944,0.5986267771038152,0.6486788340026606,0.5671838947822162,0.6102789515148358
sleepiness_binary,lstm,40m,1,test,40.0,40.0,2174,2174,0.5078196872125115,0.5570935212045862,0.5014359932786941,0.5986411055343228,0.5078196872125115,0.5570935212045862,0.5014359932786941,0.5986411055343228,0.5078196872125115,0.5570935212045862,0.5014359932786941,0.5986411055343228,,,,
sleepiness_binary,lstm,40m,1,test,40.0,40.0,2174,2174,0.5078196872125115,0.5570935212045862,0.5014359932786941,0.5986411055343228,0.5078196872125115,0.5570935212045862,0.5014359932786941,0.5986411055343228,0.5078196872125115,0.5570935212045862,0.5014359932786941,0.5986411055343228,0.5747750120382092,0.624115950594863,0.5347144063029392,0.5784019435545694
sleepiness_binary,lstm,40m,10,test,40.0,400.0,2174,21662,0.5403471516942111,0.5714133418507656,0.5278152146958075,0.6091835576245166,0.5257589696412144,0.57577678521179,0.5189310599792453,0.620905281576645,0.5386384544618216,0.5765483261960676,0.528224360859179,0.620905281576645,,,,
sleepiness_binary,lstm,40m,10,test,40.0,400.0,2174,21662,0.5403471516942111,0.5714133418507656,0.5278152146958075,0.6091835576245166,0.5257589696412144,0.57577678521179,0.5189310599792453,0.620905281576645,0.5386384544618216,0.5765483261960676,0.528224360859179,0.620905281576645,0.5966488856463467,0.6470794128060257,0.555464193416732,0.5964760246736766
sleepiness_binary,lstm,40m,12,test,40.0,480.0,2174,25498,0.5408659502706095,0.5717653614153538,0.5280799674078765,0.6093009251105391,0.5243790248390064,0.5771147027674172,0.518210109392682,0.6206177444193745,0.5363385464581417,0.5800115628821251,0.5275808099752946,0.6206177444193745,,,,
sleepiness_binary,lstm,40m,12,test,40.0,480.0,2174,25498,0.5408659502706095,0.5717653614153538,0.5280799674078765,0.6093009251105391,0.5243790248390064,0.5771147027674172,0.518210109392682,0.6206177444193745,0.5363385464581417,0.5800115628821251,0.5275808099752946,0.6206177444193745,0.5961761948329799,0.646679196268893,0.5563682263849529,0.5986582095571797
sleepiness_binary,lstm,40m,16,test,40.0,640.0,2174,29055,0.5488900361383583,0.5711236621494395,0.5311482182297884,0.6064300618763339,0.5285188592456301,0.5809637099456135,0.5221491333880159,0.6211928187339155,0.531278748850046,0.5787503901193637,0.5236567955755012,0.6211928187339155,,,,
sleepiness_binary,lstm,40m,16,test,40.0,640.0,2174,29055,0.5488900361383583,0.5711236621494395,0.5311482182297884,0.6064300618763339,0.5285188592456301,0.5809637099456135,0.5221491333880159,0.6211928187339155,0.531278748850046,0.5787503901193637,0.5236567955755012,0.6211928187339155,0.5971184245641801,0.6474796944615229,0.5602428281773222,0.6020137002025366
sleepiness_binary,lstm,40m,2,test,40.0,80.0,2174,4348,0.5367985280588776,0.5625296106992475,0.5226718123146694,0.5986316403432028,0.5285188592456301,0.5633881291154395,0.5176049775000666,0.6050037604948505,0.5965961361545539,0.5689198937852067,0.5557781404684767,0.6050037604948505,,,,
sleepiness_binary,lstm,40m,2,test,40.0,80.0,2174,4348,0.5367985280588776,0.5625296106992475,0.5226718123146694,0.5986316403432028,0.5285188592456301,0.5633881291154395,0.5176049775000666,0.6050037604948505,0.5965961361545539,0.5689198937852067,0.5557781404684767,0.6050037604948505,0.5799254191285962,0.6312714412969236,0.5425875138276927,0.5853979508567625
sleepiness_binary,lstm,40m,20,test,40.0,800.0,2174,29753,0.552213222196081,0.5707357200598893,0.5327529659533424,0.6052629586552551,0.5262189512419503,0.5793392784966207,0.520073900072014,0.6212112374842034,0.5303587856485741,0.5785631328247711,0.5229459028742691,0.6212112374842034,,,,
sleepiness_binary,lstm,40m,20,test,40.0,800.0,2174,29753,0.552213222196081,0.5707357200598893,0.5327529659533424,0.6052629586552551,0.5262189512419503,0.5793392784966207,0.520073900072014,0.6212112374842034,0.5303587856485741,0.5785631328247711,0.5229459028742691,0.6212112374842034,0.596948944762635,0.6473964190685856,0.5587480985567925,0.6003314626057116
sleepiness_binary,lstm,40m,25,test,40.0,1000.0,2174,29935,0.5527977284115584,0.5700802347596988,0.5328757775552566,0.6042509398407904,0.5262189512419503,0.5793392784966207,0.520073900072014,0.6211119808854303,0.53081876724931,0.5788880191145698,0.5233575192614737,0.6211119808854303,,,,
sleepiness_binary,lstm,40m,25,test,40.0,1000.0,2174,29935,0.5527977284115584,0.5700802347596988,0.5328757775552566,0.6042509398407904,0.5262189512419503,0.5793392784966207,0.520073900072014,0.6211119808854303,0.53081876724931,0.5788880191145698,0.5233575192614737,0.6211119808854303,0.5968140368081386,0.6472556784488145,0.5587480985567925,0.6003314626057116
sleepiness_binary,lstm,40m,3,test,40.0,120.0,2174,6522,0.537871818460595,0.5644439669212888,0.5239841214614052,0.6012998862471626,0.5289788408463661,0.5711132599653114,0.5200820926733152,0.6100208234204643,0.5331186752529898,0.5731122060034893,0.5234921865468024,0.6100208234204643,,,,
sleepiness_binary,lstm,40m,3,test,40.0,120.0,2174,6522,0.537871818460595,0.5644439669212888,0.5239841214614052,0.6012998862471626,0.5289788408463661,0.5711132599653114,0.5200820926733152,0.6100208234204643,0.5331186752529898,0.5731122060034893,0.5234921865468024,0.6100208234204643,0.5847861853315015,0.6361472586882906,0.5497217152851961,0.5920999412046632
sleepiness_binary,lstm,40m,30,test,40.0,1200.0,2174,29962,0.5530338428676324,0.5701416752659797,0.5330118241383395,0.6042535385106775,0.5262189512419503,0.5793392784966207,0.520073900072014,0.6211109576215254,0.53081876724931,0.5788880191145698,0.5233575192614737,0.6211109576215254,,,,
sleepiness_binary,lstm,40m,30,test,40.0,1200.0,2174,29962,0.5530338428676324,0.5701416752659797,0.5330118241383395,0.6042535385106775,0.5262189512419503,0.5793392784966207,0.520073900072014,0.6211109576215254,0.53081876724931,0.5788880191145698,0.5233575192614737,0.6211109576215254,0.5968198063654128,0.647248188165794,0.5587480985567925,0.6003314626057116
sleepiness_binary,lstm,40m,4,test,40.0,160.0,2174,8696,0.5380634774609016,0.568626344952495,0.5254634853114062,0.6067131548249451,0.5321987120515179,0.5757000404189242,0.5235442772831035,0.6170045995712525,0.5542778288868445,0.5727939709290725,0.5369114548470171,0.6170045995712525,,,,
sleepiness_binary,lstm,40m,4,test,40.0,160.0,2174,8696,0.5380634774609016,0.568626344952495,0.5254634853114062,0.6067131548249451,0.5321987120515179,0.5757000404189242,0.5235442772831035,0.6170045995712525,0.5542778288868445,0.5727939709290725,0.5369114548470171,0.6170045995712525,0.5937404452629931,0.6433319667858645,0.5548117359854721,0.5986338480526573
sleepiness_binary,lstm,40m,40,test,40.0,1600.0,2174,29972,0.5531829707727212,0.5702509877401926,0.5331141544704996,0.6043684839155514,0.5262189512419503,0.5793392784966207,0.520073900072014,0.6211119808854303,0.53081876724931,0.5788880191145698,0.5233575192614737,0.6211119808854303,,,,
sleepiness_binary,lstm,40m,40,test,40.0,1600.0,2174,29972,0.5531829707727212,0.5702509877401926,0.5331141544704996,0.6043684839155514,0.5262189512419503,0.5793392784966207,0.520073900072014,0.6211119808854303,0.53081876724931,0.5788880191145698,0.5233575192614737,0.6211119808854303,0.5968257934499459,0.6472482134253358,0.5587480985567925,0.6003314626057116
sleepiness_binary,lstm,40m,5,test,40.0,200.0,2174,10870,0.5397424103035878,0.5691877842755035,0.5267212597111149,0.6071667562022584,0.5239190432382704,0.5689270566325408,0.5159467648789323,0.6181035850050908,0.5262189512419503,0.5696264575115245,0.5177557839930464,0.6181035850050908,,,,
sleepiness_binary,lstm,40m,5,test,40.0,200.0,2174,10870,0.5397424103035878,0.5691877842755035,0.5267212597111149,0.6071667562022584,0.5239190432382704,0.5689270566325408,0.5159467648789323,0.6181035850050908,0.5262189512419503,0.5696264575115245,0.5177557839930464,0.6181035850050908,0.5937290033306397,0.6439305513068277,0.5467286573107556,0.5899705091368307
sleepiness_binary,lstm,40m,50,test,40.0,2000.0,2174,29982,0.5533319991995197,0.5703601984384413,0.5332163717492077,0.604481827310414,0.5262189512419503,0.5793392784966207,0.520073900072014,0.6211130041493351,0.53081876724931,0.5788880191145698,0.5233575192614737,0.6211130041493351,,,,
sleepiness_binary,lstm,40m,50,test,40.0,2000.0,2174,29982,0.5533319991995197,0.5703601984384413,0.5332163717492077,0.604481827310414,0.5262189512419503,0.5793392784966207,0.520073900072014,0.6211130041493351,0.53081876724931,0.5788880191145698,0.5233575192614737,0.6211130041493351,0.596829812030542,0.6472482134253358,0.5587480985567925,0.6003314626057116
sleepiness_binary,lstm,40m,6,test,40.0,240.0,2174,13044,0.5400950628641521,0.5710248329095315,0.527532289271545,0.6067008436810896,0.5294388224471022,0.5783758755301786,0.5222323929153829,0.6176492558313251,0.5482980680772769,0.5778207548617826,0.5349734646205105,0.6176492558313251,,,,
sleepiness_binary,lstm,40m,6,test,40.0,240.0,2174,13044,0.5400950628641521,0.5710248329095315,0.527532289271545,0.6067008436810896,0.5294388224471022,0.5783758755301786,0.5222323929153829,0.6176492558313251,0.5482980680772769,0.5778207548617826,0.5349734646205105,0.6176492558313251,0.5934386553692041,0.6436651037605425,0.5569566792369226,0.599671123184746
sleepiness_binary,lstm,40m,8,test,40.0,320.0,2174,17379,0.5378905575694805,0.5698549552550495,0.5257196194284821,0.6083769145521982,0.5174793008279669,0.5680787708553975,0.5110652780978824,0.6201470430231308,0.5354185832566697,0.5714990304574501,0.5245970071180326,0.6201470430231308,,,,
sleepiness_binary,lstm,40m,8,test,40.0,320.0,2174,17379,0.5378905575694805,0.5698549552550495,0.5257196194284821,0.6083769145521982,0.5174793008279669,0.5680787708553975,0.5110652780978824,0.6201470430231308,0.5354185832566697,0.5714990304574501,0.5245970071180326,0.6201470430231308,0.5960039112567365,0.6466714183118577,0.5475240798073466,0.5892594749991917
sleepiness_binary,lstm,40m,all,test,40.0,,2174,29984,0.5533617929562433,0.5703820283774824,0.53323680165502,0.6045055017965226,0.5262189512419503,0.5793392784966207,0.520073900072014,0.6211130041493351,0.53081876724931,0.5788880191145698,0.5233575192614737,0.6211130041493351,,,,
sleepiness_binary,lstm,40m,all,test,40.0,,2174,29984,0.5533617929562433,0.5703820283774824,0.53323680165502,0.6045055017965226,0.5262189512419503,0.5793392784966207,0.520073900072014,0.6211130041493351,0.53081876724931,0.5788880191145698,0.5233575192614737,0.6211130041493351,0.596829812030542,0.6472482134253358,0.5587480985567925,0.6003314626057116
sleepiness_binary,lstm,80m,1,test,80.0,80.0,2174,2174,0.6007359705611776,0.5954321499286273,0.5717053419036205,0.6212879822770693,0.6007359705611776,0.5954321499286273,0.5717053419036205,0.6212879822770693,0.6007359705611776,0.5954321499286273,0.5717053419036205,0.6212879822770693,,,,
sleepiness_binary,lstm,80m,1,test,80.0,80.0,2174,2174,0.6007359705611776,0.5954321499286273,0.5717053419036205,0.6212879822770693,0.6007359705611776,0.5954321499286273,0.5717053419036205,0.6212879822770693,0.6007359705611776,0.5954321499286273,0.5717053419036205,0.6212879822770693,0.59708776077545,0.6461346340347524,0.5741936934783112,0.617348196165654
sleepiness_binary,lstm,80m,10,test,80.0,800.0,2174,14265,0.5895548545390816,0.5769897723224745,0.5549450072509505,0.6051230709335553,0.5722171113155474,0.578526806956148,0.5493221844171963,0.6185394954285686,0.593836246550138,0.5896338250116396,0.5655199308504655,0.6185394954285686,,,,
sleepiness_binary,lstm,80m,10,test,80.0,800.0,2174,14265,0.5895548545390816,0.5769897723224745,0.5549450072509505,0.6051230709335553,0.5722171113155474,0.578526806956148,0.5493221844171963,0.6185394954285686,0.593836246550138,0.5896338250116396,0.5655199308504655,0.6185394954285686,0.5944968102610532,0.644750714465078,0.5575480448639496,0.6011084507564844
sleepiness_binary,lstm,80m,12,test,80.0,960.0,2174,14336,0.5899135044642857,0.5764616171134938,0.5548591887790897,0.6044409539607032,0.5722171113155474,0.578526806956148,0.5493221844171963,0.6184944718167539,0.593836246550138,0.5896338250116396,0.5655199308504655,0.6184944718167539,,,,
sleepiness_binary,lstm,80m,12,test,80.0,960.0,2174,14336,0.5899135044642857,0.5764616171134938,0.5548591887790897,0.6044409539607032,0.5722171113155474,0.578526806956148,0.5493221844171963,0.6184944718167539,0.593836246550138,0.5896338250116396,0.5655199308504655,0.6184944718167539,0.5945206019370107,0.6446775045215407,0.5575480448639496,0.6011084507564844
sleepiness_binary,lstm,80m,16,test,80.0,1280.0,2174,14356,0.5902061855670103,0.5764987593830474,0.554980465268915,0.6044000684890223,0.5722171113155474,0.578526806956148,0.5493221844171963,0.6184729832747514,0.593836246550138,0.5896338250116396,0.5655199308504655,0.6184729832747514,,,,
sleepiness_binary,lstm,80m,16,test,80.0,1280.0,2174,14356,0.5902061855670103,0.5764987593830474,0.554980465268915,0.6044000684890223,0.5722171113155474,0.578526806956148,0.5493221844171963,0.6184729832747514,0.593836246550138,0.5896338250116396,0.5655199308504655,0.6184729832747514,0.5944867685450747,0.644610477467975,0.5575480448639496,0.6011084507564844
sleepiness_binary,lstm,80m,2,test,80.0,160.0,2174,4348,0.5901563937442502,0.5773219137081549,0.557689659778666,0.6033412124654008,0.5984360625574977,0.5850199280645474,0.5654463963731904,0.6124551682501675,0.6393744250229991,0.5699958557811853,0.5690904972250538,0.6124551682501675,,,,
sleepiness_binary,lstm,80m,2,test,80.0,160.0,2174,4348,0.5901563937442502,0.5773219137081549,0.557689659778666,0.6033412124654008,0.5984360625574977,0.5850199280645474,0.5654463963731904,0.6124551682501675,0.6393744250229991,0.5699958557811853,0.5690904972250538,0.6124551682501675,0.5862885820765001,0.6375944088796553,0.5634065435902773,0.6070404677715653
sleepiness_binary,lstm,80m,20,test,80.0,1600.0,2174,14360,0.5903203342618384,0.5765749140416915,0.5550499789714993,0.6045220719958999,0.5722171113155474,0.578526806956148,0.5493221844171963,0.6184791228581806,0.593836246550138,0.5896338250116396,0.5655199308504655,0.6184791228581806,,,,
sleepiness_binary,lstm,80m,20,test,80.0,1600.0,2174,14360,0.5903203342618384,0.5765749140416915,0.5550499789714993,0.6045220719958999,0.5722171113155474,0.578526806956148,0.5493221844171963,0.6184791228581806,0.593836246550138,0.5896338250116396,0.5655199308504655,0.6184791228581806,0.5944871228072023,0.644610477467975,0.5575480448639496,0.6011084507564844
sleepiness_binary,lstm,80m,25,test,80.0,2000.0,2174,14365,0.5904629307344239,0.5766700241540497,0.555136786156575,0.6046506332203063,0.5722171113155474,0.578526806956148,0.5493221844171963,0.6184770763303709,0.593836246550138,0.5896338250116396,0.5655199308504655,0.6184770763303709,,,,
sleepiness_binary,lstm,80m,25,test,80.0,2000.0,2174,14365,0.5904629307344239,0.5766700241540497,0.555136786156575,0.6046506332203063,0.5722171113155474,0.578526806956148,0.5493221844171963,0.6184770763303709,0.593836246550138,0.5896338250116396,0.5655199308504655,0.6184770763303709,0.5944870721983269,0.644610477467975,0.5575480448639496,0.6011084507564844
sleepiness_binary,lstm,80m,3,test,80.0,240.0,2174,6522,0.5823367065317387,0.5775032019633024,0.5540716540429393,0.6082298273469553,0.5883164673413064,0.5861977048190614,0.561139436506943,0.6189764291159512,0.5809567617295308,0.582387070037298,0.5556311933254281,0.6189764291159512,,,,
sleepiness_binary,lstm,80m,3,test,80.0,240.0,2174,6522,0.5823367065317387,0.5775032019633024,0.5540716540429393,0.6082298273469553,0.5883164673413064,0.5861977048190614,0.561139436506943,0.6189764291159512,0.5809567617295308,0.582387070037298,0.5556311933254281,0.6189764291159512,0.5945407805828151,0.6451246295645232,0.5657245389975907,0.6088540703931715
sleepiness_binary,lstm,80m,4,test,80.0,320.0,2174,8688,0.5831031307550645,0.581443474169673,0.5562824709166173,0.6092646583771049,0.5832566697332107,0.5900242001913504,0.5601776756749032,0.6200733680219797,0.6136154553817847,0.59065350749285,0.5751693590411673,0.6200733680219797,,,,
sleepiness_binary,lstm,80m,4,test,80.0,320.0,2174,8688,0.5831031307550645,0.581443474169673,0.5562824709166173,0.6092646583771049,0.5832566697332107,0.5900242001913504,0.5601776756749032,0.6200733680219797,0.6136154553817847,0.59065350749285,0.5751693590411673,0.6200733680219797,0.5949169124119049,0.6455209843813177,0.568956511450377,0.6114719034138787
sleepiness_binary,lstm,80m,5,test,80.0,400.0,2174,10818,0.578572749121834,0.5798469210654201,0.5532614804844403,0.610378345967318,0.5850965961361545,0.5922487759205538,0.5621194960913496,0.6214046343622253,0.5814167433302668,0.5891871703171606,0.5588210370071709,0.6214046343622253,,,,
sleepiness_binary,lstm,80m,5,test,80.0,400.0,2174,10818,0.578572749121834,0.5798469210654201,0.5532614804844403,0.610378345967318,0.5850965961361545,0.5922487759205538,0.5621194960913496,0.6214046343622253,0.5814167433302668,0.5891871703171606,0.5588210370071709,0.6214046343622253,0.5977317723975761,0.6479553261322589,0.5711411754978608,0.6145970041547008
sleepiness_binary,lstm,80m,6,test,80.0,480.0,2174,12618,0.578538595656998,0.578853987072248,0.55242193324841,0.6090476596626113,0.5740570377184913,0.581213897970356,0.5514561514679158,0.6188935447396561,0.5970561177552898,0.5891329373302021,0.5668613537117904,0.6188935447396561,,,,
sleepiness_binary,lstm,80m,6,test,80.0,480.0,2174,12618,0.578538595656998,0.578853987072248,0.55242193324841,0.6090476596626113,0.5740570377184913,0.581213897970356,0.5514561514679158,0.6188935447396561,0.5970561177552898,0.5891329373302021,0.5668613537117904,0.6188935447396561,0.5943225266090576,0.6452300743872719,0.5597093114585533,0.6031840282189368
sleepiness_binary,lstm,80m,8,test,80.0,640.0,2174,13996,0.5872392112032009,0.5778478339098372,0.5544095342544236,0.6063144348663438,0.5717571297148114,0.5782019206663495,0.5489360184794152,0.6187154968202074,0.594296228150874,0.5899587113014382,0.5659028239992393,0.6187154968202074,,,,
sleepiness_binary,lstm,80m,8,test,80.0,640.0,2174,13996,0.5872392112032009,0.5778478339098372,0.5544095342544236,0.6063144348663438,0.5717571297148114,0.5782019206663495,0.5489360184794152,0.6187154968202074,0.594296228150874,0.5899587113014382,0.5659028239992393,0.6187154968202074,0.5949428218557902,0.6450953202090006,0.5571181923598354,0.601104456644449
sleepiness_binary,lstm,80m,all,test,80.0,,2174,14366,0.590491438117778,0.5766890350925031,0.5551541362801369,0.604680220837537,0.5722171113155474,0.578526806956148,0.5493221844171963,0.6184770763303709,0.593836246550138,0.5896338250116396,0.5655199308504655,0.6184770763303709,,,,
sleepiness_binary,lstm,80m,all,test,80.0,,2174,14366,0.590491438117778,0.5766890350925031,0.5551541362801369,0.604680220837537,0.5722171113155474,0.578526806956148,0.5493221844171963,0.6184770763303709,0.593836246550138,0.5896338250116396,0.5655199308504655,0.6184770763303709,0.5944870721983269,0.644610477467975,0.5575480448639496,0.6011084507564844
sleepiness_binary,lstm,120m,1,test,120.0,120.0,2174,2174,0.6159153633854646,0.5760899039666825,0.5672559230577603,0.6055593927951988,0.6159153633854646,0.5760899039666825,0.5672559230577603,0.6055593927951988,0.6159153633854646,0.5760899039666825,0.5672559230577603,0.6055593927951988,,,,
sleepiness_binary,lstm,120m,1,test,120.0,120.0,2174,2174,0.6159153633854646,0.5760899039666825,0.5672559230577603,0.6055593927951988,0.6159153633854646,0.5760899039666825,0.5672559230577603,0.6055593927951988,0.6159153633854646,0.5760899039666825,0.5672559230577603,0.6055593927951988,0.579411678376363,0.6327975729274815,0.5532299379578703,0.5984845731286383
sleepiness_binary,lstm,120m,10,test,120.0,1200.0,2174,9282,0.6447963800904978,0.5739641657334826,0.572138452093445,0.6051243229654684,0.6550137994480221,0.5884422341944099,0.5874111434670521,0.6209840728973207,0.6632934682612696,0.5808772441456513,0.5825744818143187,0.6209840728973207,,,,
sleepiness_binary,lstm,120m,10,test,120.0,1200.0,2174,9282,0.6447963800904978,0.5739641657334826,0.572138452093445,0.6051243229654684,0.6550137994480221,0.5884422341944099,0.5874111434670521,0.6209840728973207,0.6632934682612696,0.5808772441456513,0.5825744818143187,0.6209840728973207,0.5948971631659431,0.6467274738407519,0.566383682487029,0.6117866603612038
sleepiness_binary,lstm,120m,12,test,120.0,1440.0,2174,9284,0.6448728996122362,0.5740036134206501,0.5721768236861485,0.6050935157650783,0.6550137994480221,0.5884422341944099,0.5874111434670521,0.620963607619223,0.6632934682612696,0.5808772441456513,0.5825744818143187,0.620963607619223,,,,
sleepiness_binary,lstm,120m,12,test,120.0,1440.0,2174,9284,0.6448728996122362,0.5740036134206501,0.5721768236861485,0.6050935157650783,0.6550137994480221,0.5884422341944099,0.5874111434670521,0.620963607619223,0.6632934682612696,0.5808772441456513,0.5825744818143187,0.620963607619223,0.5948956225443741,0.6467017559214727,0.566383682487029,0.6117866603612038
sleepiness_binary,lstm,120m,16,test,120.0,1920.0,2174,9288,0.6450258397932817,0.5740824376753566,0.5722534966742671,0.6051904171294131,0.6550137994480221,0.5884422341944099,0.5874111434670521,0.6209728169943669,0.6632934682612696,0.5808772441456513,0.5825744818143187,0.6209728169943669,,,,
sleepiness_binary,lstm,120m,16,test,120.0,1920.0,2174,9288,0.6450258397932817,0.5740824376753566,0.5722534966742671,0.6051904171294131,0.6550137994480221,0.5884422341944099,0.5874111434670521,0.6209728169943669,0.6632934682612696,0.5808772441456513,0.5825744818143187,0.6209728169943669,0.5948962387930017,0.6467139835449401,0.566383682487029,0.6117866603612038
sleepiness_binary,lstm,120m,2,test,120.0,240.0,2174,4348,0.624885004599816,0.5736373962026677,0.5683960129695648,0.6033555381600691,0.6329346826126955,0.5737727228540876,0.5706547294374329,0.6128107524571125,0.6807727690892365,0.574722311757814,0.5777104791759964,0.6128107524571125,,,,
sleepiness_binary,lstm,120m,2,test,120.0,240.0,2174,4348,0.624885004599816,0.5736373962026677,0.5683960129695648,0.6033555381600691,0.6329346826126955,0.5737727228540876,0.5706547294374329,0.6128107524571125,0.6807727690892365,0.574722311757814,0.5777104791759964,0.6128107524571125,0.5864497108099082,0.6397297440633405,0.5507398335834683,0.5979537362929841
sleepiness_binary,lstm,120m,3,test,120.0,360.0,2174,6501,0.6303645592985695,0.5751455682775467,0.5710186683828223,0.6054994977800022,0.6540938362465502,0.591955099179854,0.5899220302828723,0.6184433086215101,0.6531738730450782,0.5894552654602385,0.5877605424110736,0.6184433086215101,,,,
sleepiness_binary,lstm,120m,3,test,120.0,360.0,2174,6501,0.6303645592985695,0.5751455682775467,0.5710186683828223,0.6054994977800022,0.6540938362465502,0.591955099179854,0.5899220302828723,0.6184433086215101,0.6531738730450782,0.5894552654602385,0.5877605424110736,0.6184433086215101,0.5917167092622111,0.6439350697509768,0.5700946011063512,0.6163481341901438
sleepiness_binary,lstm,120m,4,test,120.0,480.0,2174,8301,0.6357065413805566,0.5774362089195508,0.5737393447673822,0.609695113604436,0.6545538178472861,0.5885798631896159,0.5874113344791083,0.6216364036366799,0.6706531738730451,0.585612909497424,0.5879436679373147,0.6216364036366799,,,,
sleepiness_binary,lstm,120m,4,test,120.0,480.0,2174,8301,0.6357065413805566,0.5774362089195508,0.5737393447673822,0.609695113604436,0.6545538178472861,0.5885798631896159,0.5874113344791083,0.6216364036366799,0.6706531738730451,0.585612909497424,0.5879436679373147,0.6216364036366799,0.5953085068232726,0.6472559990505354,0.5662243069613756,0.612534800493488
sleepiness_binary,lstm,120m,5,test,120.0,600.0,2174,8998,0.6415870193376306,0.574540336873626,0.5720538056412232,0.6053662822656903,0.6540938362465502,0.5877924616148127,0.5866786401954597,0.6207814666441549,0.6628334866605335,0.5810148731408574,0.5826312110290364,0.6207814666441549,,,,
sleepiness_binary,lstm,120m,5,test,120.0,600.0,2174,8998,0.6415870193376306,0.574540336873626,0.5720538056412232,0.6053662822656903,0.6540938362465502,0.5877924616148127,0.5866786401954597,0.6207814666441549,0.6628334866605335,0.5810148731408574,0.5826312110290364,0.6207814666441549,0.5949099949742098,0.646709907646481,0.5654250287875521,0.6111512291369738
sleepiness_binary,lstm,120m,6,test,120.0,720.0,2174,9193,0.644185793538562,0.5745931856189238,0.5725222608531019,0.6062277857745108,0.6550137994480221,0.5889047494794145,0.58777789913111,0.6214987746414739,0.6632934682612696,0.5808772441456513,0.5825744818143187,0.6214987746414739,,,,
sleepiness_binary,lstm,120m,6,test,120.0,720.0,2174,9193,0.644185793538562,0.5745931856189238,0.5725222608531019,0.6062277857745108,0.6550137994480221,0.5889047494794145,0.58777789913111,0.6214987746414739,0.6632934682612696,0.5808772441456513,0.5825744818143187,0.6214987746414739,0.5951272666030992,0.6473963619887956,0.5666432894138577,0.6126968262647905
sleepiness_binary,lstm,120m,8,test,120.0,960.0,2174,9274,0.6447056286392063,0.5739791596541726,0.5721529048729378,0.6050649703826005,0.6550137994480221,0.5884422341944099,0.5874111434670521,0.6209830496334158,0.6632934682612696,0.5808772441456513,0.5825744818143187,0.6209830496334158,,,,
sleepiness_binary,lstm,120m,8,test,120.0,960.0,2174,9274,0.6447056286392063,0.5739791596541726,0.5721529048729378,0.6050649703826005,0.6550137994480221,0.5884422341944099,0.5874111434670521,0.6209830496334158,0.6632934682612696,0.5808772441456513,0.5825744818143187,0.6209830496334158,0.5949836412070671,0.6467245580265134,0.566383682487029,0.6117866603612038
sleepiness_binary,lstm,120m,all,test,120.0,,2174,9289,0.6450640542577242,0.5741021289380239,0.5722726503124658,0.6052041797993107,0.6550137994480221,0.5884422341944099,0.5874111434670521,0.6209728169943669,0.6632934682612696,0.5808772441456513,0.5825744818143187,0.6209728169943669,,,,
sleepiness_binary,lstm,120m,all,test,120.0,,2174,9289,0.6450640542577242,0.5741021289380239,0.5722726503124658,0.6052041797993107,0.6550137994480221,0.5884422341944099,0.5874111434670521,0.6209728169943669,0.6632934682612696,0.5808772441456513,0.5825744818143187,0.6209728169943669,0.5948962387930017,0.6467139835449401,0.566383682487029,0.6117866603612038
sleepiness_binary,lstm,240m,1,test,240.0,240.0,2174,2174,0.640294388224471,0.5817459952008923,0.5785706282417777,0.6119466060894435,0.640294388224471,0.5817459952008923,0.5785706282417777,0.6119466060894435,0.640294388224471,0.5817459952008923,0.5785706282417777,0.6119466060894435,,,,
sleepiness_binary,lstm,240m,1,test,240.0,240.0,2174,2174,0.640294388224471,0.5817459952008923,0.5785706282417777,0.6119466060894435,0.640294388224471,0.5817459952008923,0.5785706282417777,0.6119466060894435,0.640294388224471,0.5817459952008923,0.5785706282417777,0.6119466060894435,0.5856500530347838,0.6379354660992446,0.5600039041761996,0.6032722635892213
sleepiness_binary,lstm,240m,2,test,240.0,480.0,2174,3974,0.649723200805234,0.5786123696742076,0.5776121153479644,0.6142171119461357,0.6476540938362465,0.5739937478575412,0.5739937478575412,0.6163701759502285,0.671573137074517,0.5700746471018608,0.5726410730804811,0.6163701759502285,,,,
sleepiness_binary,lstm,240m,2,test,240.0,480.0,2174,3974,0.649723200805234,0.5786123696742076,0.5776121153479644,0.6142171119461357,0.6476540938362465,0.5739937478575412,0.5739937478575412,0.6163701759502285,0.671573137074517,0.5700746471018608,0.5726410730804811,0.6163701759502285,0.5918496181049633,0.6428435761476385,0.5508297225916161,0.5955877439473666
sleepiness_binary,lstm,240m,3,test,240.0,720.0,2174,4169,0.6545934276804989,0.5769246617483532,0.5768464964737209,0.6142274541236502,0.6481140754369825,0.5743186341473397,0.5743529146195112,0.6171406936706011,0.6706531738730451,0.5694248745222636,0.5719366175880143,0.6171406936706011,,,,
sleepiness_binary,lstm,240m,3,test,240.0,720.0,2174,4169,0.6545934276804989,0.5769246617483532,0.5768464964737209,0.6142274541236502,0.6481140754369825,0.5743186341473397,0.5743529146195112,0.6171406936706011,0.6706531738730451,0.5694248745222636,0.5719366175880143,0.6171406936706011,0.5926771830203132,0.6436335664077131,0.5511337541632865,0.5959098216299801
sleepiness_binary,lstm,240m,4,test,240.0,960.0,2174,4194,0.6549833094897473,0.576492745442335,0.5765501868561741,0.6138685545101417,0.6481140754369825,0.5743186341473397,0.5743529146195112,0.6173136252705255,0.6706531738730451,0.5694248745222636,0.5719366175880143,0.6173136252705255,,,,
sleepiness_binary,lstm,240m,4,test,240.0,960.0,2174,4194,0.6549833094897473,0.576492745442335,0.5765501868561741,0.6138685545101417,0.6481140754369825,0.5743186341473397,0.5743529146195112,0.6173136252705255,0.6706531738730451,0.5694248745222636,0.5719366175880143,0.6173136252705255,0.5928035696139086,0.6436003825233361,0.5511337541632865,0.5959098216299801
sleepiness_binary,lstm,240m,5,test,240.0,1200.0,2174,4195,0.6550655542312277,0.576532896695777,0.576590381301735,0.6139181287854034,0.6481140754369825,0.5743186341473397,0.5743529146195112,0.6173054391592864,0.6706531738730451,0.5694248745222636,0.5719366175880143,0.6173054391592864,,,,
sleepiness_binary,lstm,240m,5,test,240.0,1200.0,2174,4195,0.6550655542312277,0.576532896695777,0.576590381301735,0.6139181287854034,0.6481140754369825,0.5743186341473397,0.5743529146195112,0.6173054391592864,0.6706531738730451,0.5694248745222636,0.5719366175880143,0.6173054391592864,0.5928033673583547,0.6435793236512537,0.5511337541632865,0.5959098216299801
sleepiness_binary,lstm,240m,6,test,240.0,1440.0,2174,4196,0.6551477597712106,0.5765730211817168,0.5766305489643904,0.6140220178372352,0.6481140754369825,0.5743186341473397,0.5743529146195112,0.6173269277012888,0.6706531738730451,0.5694248745222636,0.5719366175880143,0.6173269277012888,,,,
sleepiness_binary,lstm,240m,6,test,240.0,1440.0,2174,4196,0.6551477597712106,0.5765730211817168,0.5766305489643904,0.6140220178372352,0.6481140754369825,0.5743186341473397,0.5743529146195112,0.6173269277012888,0.6706531738730451,0.5694248745222636,0.5719366175880143,0.6173269277012888,0.5928039488430722,0.6436302521701606,0.5511337541632865,0.5959098216299801
sleepiness_binary,lstm,240m,8,test,240.0,1920.0,2174,4198,0.6553120533587422,0.5766531899580882,0.5767108040479911,0.614150488303227,0.6481140754369825,0.5743186341473397,0.5743529146195112,0.6173279509651938,0.6706531738730451,0.5694248745222636,0.5719366175880143,0.6173279509651938,,,,
sleepiness_binary,lstm,240m,8,test,240.0,1920.0,2174,4198,0.6553120533587422,0.5766531899580882,0.5767108040479911,0.614150488303227,0.6481140754369825,0.5743186341473397,0.5743529146195112,0.6173279509651938,0.6706531738730451,0.5694248745222636,0.5719366175880143,0.6173279509651938,0.5928039741250165,0.6436332417685149,0.5511337541632865,0.5959098216299801
sleepiness_binary,lstm,240m,all,test,240.0,,2174,4198,0.6553120533587422,0.5766531899580882,0.5767108040479911,0.614150488303227,0.6481140754369825,0.5743186341473397,0.5743529146195112,0.6173279509651938,0.6706531738730451,0.5694248745222636,0.5719366175880143,0.6173279509651938,,,,
sleepiness_binary,lstm,240m,all,test,240.0,,2174,4198,0.6553120533587422,0.5766531899580882,0.5767108040479911,0.614150488303227,0.6481140754369825,0.5743186341473397,0.5743529146195112,0.6173279509651938,0.6706531738730451,0.5694248745222636,0.5719366175880143,0.6173279509651938,0.5928039741250165,0.6436332417685149,0.5511337541632865,0.5959098216299801
sleepiness_binary,transformer,30s,1,test,0.5,0.5,2174,2174,0.5183992640294388,0.5604032683049122,0.5098571095415994,0.5913411408369276,0.5183992640294388,0.5604032683049122,0.5098571095415994,0.5913411408369276,0.5183992640294388,0.5604032683049122,0.5098571095415994,0.5913411408369276,,,,
sleepiness_binary,transformer,30s,1,test,0.5,0.5,2174,2174,0.5183992640294388,0.5604032683049122,0.5098571095415994,0.5913411408369276,0.5183992640294388,0.5604032683049122,0.5098571095415994,0.5913411408369276,0.5183992640294388,0.5604032683049122,0.5098571095415994,0.5913411408369276,0.5658780787844713,0.6176417286872182,0.5395241013147245,0.5832940352630058
sleepiness_binary,transformer,30s,10,test,0.5,5.0,2174,21740,0.5197332106715732,0.5696707136754104,0.5130919073616027,0.6082295794896982,0.5041398344066237,0.5753076187114037,0.501831062679567,0.6232649281412923,0.5262189512419503,0.5802643090666298,0.5202746013464412,0.6232649281412923,,,,
sleepiness_binary,transformer,30s,10,test,0.5,5.0,2174,21740,0.5197332106715732,0.5696707136754104,0.5130919073616027,0.6082295794896982,0.5041398344066237,0.5753076187114037,0.501831062679567,0.6232649281412923,0.5262189512419503,0.5802643090666298,0.5202746013464412,0.6232649281412923,0.5980136719213187,0.6494930705765911,0.5555081444483786,0.5952573023963219
sleepiness_binary,transformer,30s,100,test,0.5,50.0,2174,217400,0.5139098436062558,0.5677083493218319,0.5083132896363504,0.6078089225031083,0.4949402023919043,0.572510015195469,0.4935961569304322,0.6237566064475858,0.5059797608095676,0.5761446485855934,0.5034883127488007,0.6237566064475858,,,,
sleepiness_binary,transformer,30s,100,test,0.5,50.0,2174,217400,0.5139098436062558,0.5677083493218319,0.5083132896363504,0.6078089225031083,0.4949402023919043,0.572510015195469,0.4935961569304322,0.6237566064475858,0.5059797608095676,0.5761446485855934,0.5034883127488007,0.6237566064475858,0.598730312559799,0.6498932675764816,0.5532354290619557,0.5919143305823347
sleepiness_binary,transformer,30s,12,test,0.5,6.0,2174,26088,0.5156777062250844,0.5683480171703683,0.5097818960827634,0.6064853720161199,0.4977000919963201,0.5739968176492558,0.4961650094357322,0.6221480355891187,0.5211591536338547,0.5836282891539142,0.5170306506255502,0.6221480355891187,,,,
sleepiness_binary,transformer,30s,12,test,0.5,6.0,2174,26088,0.5156777062250844,0.5683480171703683,0.5097818960827634,0.6064853720161199,0.4977000919963201,0.5739968176492558,0.4961650094357322,0.6221480355891187,0.5211591536338547,0.5836282891539142,0.5170306506255502,0.6221480355891187,0.5966232218909715,0.6486780850929833,0.5552252560092066,0.5941820657155066
sleepiness_binary,transformer,30s,120,test,0.5,60.0,2174,260880,0.5135809567617295,0.5677304390313783,0.5080689112701342,0.6071214778403674,0.4981600735970561,0.5738591886540498,0.4965485050668128,0.6233073935933446,0.500459981600736,0.5708584672529968,0.4981340761317344,0.6233073935933446,,,,
sleepiness_binary,transformer,30s,120,test,0.5,60.0,2174,260880,0.5135809567617295,0.5677304390313783,0.5080689112701342,0.6071214778403674,0.4981600735970561,0.5738591886540498,0.4965485050668128,0.6233073935933446,0.500459981600736,0.5708584672529968,0.4981340761317344,0.6233073935933446,0.5984831141664959,0.6499426989435986,0.5548256319501123,0.5937859204027853
sleepiness_binary,transformer,30s,16,test,0.5,8.0,2174,34784,0.5200091996320148,0.5700101814758536,0.5133730379102627,0.6070634628273806,0.4981600735970561,0.5729341580840407,0.4964416184887648,0.6214194716888459,0.5252989880404784,0.5856272351920921,0.5206542918675008,0.6214194716888459,,,,
sleepiness_binary,transformer,30s,16,test,0.5,8.0,2174,34784,0.5200091996320148,0.5700101814758536,0.5133730379102627,0.6070634628273806,0.4981600735970561,0.5729341580840407,0.4964416184887648,0.6214194716888459,0.5252989880404784,0.5856272351920921,0.5206542918675008,0.6214194716888459,0.5967418724565109,0.6474995697219729,0.5533509045417594,0.5933000832725672
sleepiness_binary,transformer,30s,160,test,0.5,80.0,2174,347840,0.5149292778288869,0.5682809518145027,0.5092045544151687,0.607340471758236,0.4954001839926403,0.5714473556302537,0.4938837443483446,0.6232209277933826,0.5027598896044159,0.5720203834169851,0.5002193630242198,0.6232209277933826,,,,
sleepiness_binary,transformer,30s,160,test,0.5,80.0,2174,347840,0.5149292778288869,0.5682809518145027,0.5092045544151687,0.607340471758236,0.4954001839926403,0.5714473556302537,0.4938837443483446,0.6232209277933826,0.5027598896044159,0.5720203834169851,0.5002193630242198,0.6232209277933826,0.5978715494769989,0.6492947540216666,0.5520767153945035,0.5909594661652644
sleepiness_binary,transformer,30s,2,test,0.5,1.0,2174,4348,0.5020699172033118,0.5558075342921316,0.4968468139819353,0.5879818933452032,0.4926402943882245,0.5570101251963387,0.4896286746919741,0.5937903229932516,0.5556577736890524,0.56081820181834,0.5328865831708882,0.5937903229932516,,,,
sleepiness_binary,transformer,30s,2,test,0.5,1.0,2174,4348,0.5020699172033118,0.5558075342921316,0.4968468139819353,0.5879818933452032,0.4926402943882245,0.5570101251963387,0.4896286746919741,0.5937903229932516,0.5556577736890524,0.56081820181834,0.5328865831708882,0.5937903229932516,0.5676730344138095,0.6206880740086512,0.5355249900808245,0.5774619671447396
sleepiness_binary,transformer,30s,20,test,0.5,10.0,2174,43480,0.5142824287028519,0.5663989552475531,0.5083125933162086,0.6053015609890869,0.4935602575896964,0.5701478104710596,0.492139168449482,0.6204489058750697,0.5087396504139834,0.5720812676193254,0.5051171435392013,0.6204489058750697,,,,
sleepiness_binary,transformer,30s,20,test,0.5,10.0,2174,43480,0.5142824287028519,0.5663989552475531,0.5083125933162086,0.6053015609890869,0.4935602575896964,0.5701478104710596,0.492139168449482,0.6204489058750697,0.5087396504139834,0.5720812676193254,0.5051171435392013,0.6204489058750697,0.5958718984951941,0.6469926120720634,0.5502514976319038,0.5897377778935784
sleepiness_binary,transformer,30s,200,test,0.5,100.0,2174,434800,0.5134245630174793,0.5671574624078423,0.5078299929307666,0.6072968104864085,0.4921803127874885,0.5687106363166592,0.490780093692715,0.623058228832507,0.5009199632014719,0.5707208382577909,0.4985005767012688,0.623058228832507,,,,
sleepiness_binary,transformer,30s,200,test,0.5,100.0,2174,434800,0.5134245630174793,0.5671574624078423,0.5078299929307666,0.6072968104864085,0.4921803127874885,0.5687106363166592,0.490780093692715,0.623058228832507,0.5009199632014719,0.5707208382577909,0.4985005767012688,0.623058228832507,0.5974732653176834,0.6492106753691302,0.5496409812193518,0.5885605500465326
sleepiness_binary,transformer,30s,25,test,0.5,12.5,2174,54350,0.5121251149954001,0.5676087038827748,0.5069353185025572,0.6059642524801359,0.4898804047838086,0.5680112354376755,0.4886876647711861,0.6223030600707076,0.4990800367985281,0.572196384808624,0.4971409613022458,0.6223030600707076,,,,
sleepiness_binary,transformer,30s,25,test,0.5,12.5,2174,54350,0.5121251149954001,0.5676087038827748,0.5069353185025572,0.6059642524801359,0.4898804047838086,0.5680112354376755,0.4886876647711861,0.6223030600707076,0.4990800367985281,0.572196384808624,0.4971409613022458,0.6223030600707076,0.597532259611798,0.6482896872595547,0.5486190454088251,0.5873053619245644
sleepiness_binary,transformer,30s,250,test,0.5,125.0,2174,543500,0.5136982520699171,0.567311918466332,0.5080695292592959,0.6075070639795757,0.4954001839926403,0.5714473556302537,0.4938837443483446,0.6234573017554093,0.5022999080036799,0.5721580124121912,0.4998549914823442,0.6234573017554093,,,,
sleepiness_binary,transformer,30s,250,test,0.5,125.0,2174,543500,0.5136982520699171,0.567311918466332,0.5080695292592959,0.6075070639795757,0.4954001839926403,0.5714473556302537,0.4938837443483446,0.6234573017554093,0.5022999080036799,0.5721580124121912,0.4998549914823442,0.6234573017554093,0.5980898870858384,0.6500281235220273,0.5521150819202976,0.5910368362881241
sleepiness_binary,transformer,30s,3,test,0.5,1.5,2174,6522,0.5019932536031892,0.5585284782871927,0.4973326910619072,0.5948559955021868,0.4857405703771849,0.5613871365494518,0.4843720432133179,0.6038403094350049,0.4917203311867525,0.5577478984717553,0.4889869059635247,0.6038403094350049,,,,
sleepiness_binary,transformer,30s,3,test,0.5,1.5,2174,6522,0.5019932536031892,0.5585284782871927,0.4973326910619072,0.5948559955021868,0.4857405703771849,0.5613871365494518,0.4843720432133179,0.6038403094350049,0.4917203311867525,0.5577478984717553,0.4889869059635247,0.6038403094350049,0.577818561904077,0.6303096155276529,0.5406481729006497,0.5811922856264725
sleepiness_binary,transformer,30s,30,test,0.5,15.0,2174,65220,0.5124961668199939,0.566563402284266,0.5070021328464287,0.6073446097015651,0.4935602575896964,0.5706103257560641,0.492188300558374,0.6230868802218437,0.5087396504139834,0.5771689357543757,0.505928016036158,0.6230868802218437,,,,
sleepiness_binary,transformer,30s,30,test,0.5,15.0,2174,65220,0.5124961668199939,0.566563402284266,0.5070021328464287,0.6073446097015651,0.4935602575896964,0.5706103257560641,0.492188300558374,0.6230868802218437,0.5087396504139834,0.5771689357543757,0.505928016036158,0.6230868802218437,0.5982226335814357,0.6493257120689938,0.5511874425112775,0.5909868885333732
sleepiness_binary,transformer,30s,320,test,0.5,160.0,2174,695680,0.5137548873045078,0.5676003486132216,0.5081732910277665,0.6074156821698744,0.4944802207911684,0.5712600983356613,0.4930617131026165,0.6233785104347336,0.499540018399264,0.5706712099584043,0.497334631094412,0.6233785104347336,,,,
sleepiness_binary,transformer,30s,320,test,0.5,160.0,2174,695680,0.5137548873045078,0.5676003486132216,0.5081732910277665,0.6074156821698744,0.4944802207911684,0.5712600983356613,0.4930617131026165,0.6233785104347336,0.499540018399264,0.5706712099584043,0.497334631094412,0.6233785104347336,0.5980122454076537,0.6494902579291774,0.552590731340833,0.5906677786252805
sleepiness_binary,transformer,30s,4,test,0.5,2.0,2174,8696,0.5205841766329347,0.5674966616015104,0.513200200742883,0.6010217929630142,0.5009199632014719,0.5702583229727863,0.4984357414317691,0.6126265649542345,0.5565777368905244,0.587831345643198,0.54349737260099,0.6126265649542345,,,,
sleepiness_binary,transformer,30s,4,test,0.5,2.0,2174,8696,0.5205841766329347,0.5674966616015104,0.513200200742883,0.6010217929630142,0.5009199632014719,0.5702583229727863,0.4984357414317691,0.6126265649542345,0.5565777368905244,0.587831345643198,0.54349737260099,0.6126265649542345,0.5861979964029094,0.639330649862855,0.5506081339642331,0.5909854954495981
sleepiness_binary,transformer,30s,40,test,0.5,20.0,2174,86960,0.5154783808647654,0.5682265045816641,0.5096059899047592,0.6066720675814645,0.4958601655933762,0.5717722419200524,0.4943194600197458,0.6224412006978659,0.5078196872125115,0.5732815561797465,0.5045726577641472,0.6224412006978659,,,,
sleepiness_binary,transformer,30s,40,test,0.5,20.0,2174,86960,0.5154783808647654,0.5682265045816641,0.5096059899047592,0.6066720675814645,0.4958601655933762,0.5717722419200524,0.4943194600197458,0.6224412006978659,0.5078196872125115,0.5732815561797465,0.5045726577641472,0.6224412006978659,0.5974909178663242,0.6489010610872911,0.5525829248732237,0.5911176848450891
sleepiness_binary,transformer,30s,400,test,0.5,200.0,2174,869600,0.5137028518859246,0.5675621504914226,0.5081258682075462,0.6074327255593417,0.4972401103955842,0.5732094160744526,0.495677827335946,0.6233237658158228,0.499540018399264,0.5702086946733997,0.4972726654424267,0.6233237658158228,,,,
sleepiness_binary,transformer,30s,400,test,0.5,200.0,2174,869600,0.5137028518859246,0.5675621504914226,0.5081258682075462,0.6074327255593417,0.4972401103955842,0.5732094160744526,0.495677827335946,0.6233237658158228,0.499540018399264,0.5702086946733997,0.4972726654424267,0.6233237658158228,0.5980136922049268,0.6496133955015738,0.5544874672170272,0.5928120306291951
sleepiness_binary,transformer,30s,5,test,0.5,2.5,2174,10870,0.5049678012879485,0.5617394463119011,0.5002603083672683,0.6002056965101584,0.4912603495860165,0.5666733178820483,0.4897571318950706,0.6146142550894589,0.4967801287948482,0.5682593769346083,0.4946845714470255,0.6146142550894589,,,,
sleepiness_binary,transformer,30s,5,test,0.5,2.5,2174,10870,0.5049678012879485,0.5617394463119011,0.5002603083672683,0.6002056965101584,0.4912603495860165,0.5666733178820483,0.4897571318950706,0.6146142550894589,0.4967801287948482,0.5682593769346083,0.4946845714470255,0.6146142550894589,0.5889354169453044,0.6407202093602604,0.546198407207752,0.5858010448105933
sleepiness_binary,transformer,30s,50,test,0.5,25.0,2174,108700,0.51360625574977,0.5676928059431168,0.5080801960551055,0.6070833075982461,0.4926402943882245,0.5694980378914624,0.4912658451552103,0.6232106951543338,0.5055197792088316,0.5739697011557765,0.50279287415525,0.6232106951543338,,,,
sleepiness_binary,transformer,30s,50,test,0.5,25.0,2174,108700,0.51360625574977,0.5676928059431168,0.5080801960551055,0.6070833075982461,0.4926402943882245,0.5694980378914624,0.4912658451552103,0.6232106951543338,0.5055197792088316,0.5739697011557765,0.50279287415525,0.6232106951543338,0.5979416247404625,0.6500884691917755,0.5501717040886974,0.5889498032884434
sleepiness_binary,transformer,30s,500,test,0.5,250.0,2174,1086980,0.5132237943660417,0.5672662805723387,0.5077019190240469,0.6073455114753842,0.4949402023919043,0.572510015195469,0.4935961569304322,0.6232935795306289,0.5,0.5700710656781938,0.497640237453697,0.6232935795306289,,,,
sleepiness_binary,transformer,30s,500,test,0.5,250.0,2174,1086980,0.5132237943660417,0.5672662805723387,0.5077019190240469,0.6073455114753842,0.4949402023919043,0.572510015195469,0.4935961569304322,0.6232935795306289,0.5,0.5700710656781938,0.497640237453697,0.6232935795306289,0.5981147131076208,0.6495450686091997,0.5533489881709259,0.5920068517091046
sleepiness_binary,transformer,30s,6,test,0.5,3.0,2174,13044,0.5194725544311561,0.5670198632578335,0.5122804003510444,0.6027592879674966,0.5027598896044159,0.5715578681319806,0.5001530321312175,0.6155295646523717,0.5418583256669733,0.5825226525046943,0.532097292811949,0.6155295646523717,,,,
sleepiness_binary,transformer,30s,6,test,0.5,3.0,2174,13044,0.5194725544311561,0.5670198632578335,0.5122804003510444,0.6027592879674966,0.5027598896044159,0.5715578681319806,0.5001530321312175,0.6155295646523717,0.5418583256669733,0.5825226525046943,0.532097292811949,0.6155295646523717,0.5911772405499983,0.6423714299707726,0.5520092773253913,0.5921869299422143
sleepiness_binary,transformer,30s,60,test,0.5,30.0,2174,130440,0.5139987733823981,0.5672315595053542,0.508279225554781,0.6067195401338316,0.4917203311867525,0.5679232347418561,0.4902940791432131,0.6221168260400198,0.5022999080036799,0.5693829207021637,0.4994514169954335,0.6221168260400198,,,,
sleepiness_binary,transformer,30s,60,test,0.5,30.0,2174,130440,0.5139987733823981,0.5672315595053542,0.508279225554781,0.6067195401338316,0.4917203311867525,0.5679232347418561,0.4902940791432131,0.6221168260400198,0.5022999080036799,0.5693829207021637,0.4994514169954335,0.6221168260400198,0.5971119664857384,0.6485957260898417,0.5486256900614551,0.5875788356607915
sleepiness_binary,transformer,30s,8,test,0.5,4.0,2174,17392,0.5137419503219871,0.5656703273932864,0.5077490443470307,0.6070365381958833,0.4926402943882245,0.5662604308964303,0.4909029378488612,0.6230080889011681,0.5280588776448942,0.5829514000808378,0.5222362828347908,0.6230080889011681,,,,
sleepiness_binary,transformer,30s,8,test,0.5,4.0,2174,17392,0.5137419503219871,0.5656703273932864,0.5077490443470307,0.6070365381958833,0.4926402943882245,0.5662604308964303,0.4909029378488612,0.6230080889011681,0.5280588776448942,0.5829514000808378,0.5222362828347908,0.6230080889011681,0.5974600804085439,0.6486745144068173,0.5461651297000732,0.5867131987364002
sleepiness_binary,transformer,30s,80,test,0.5,40.0,2174,173920,0.5127529898804047,0.566845008774488,0.5072557994654054,0.6064277098426476,0.4912603495860165,0.5685233790220666,0.4899545540938649,0.6223644559050002,0.5022999080036799,0.5726205276971957,0.4999192138401148,0.6223644559050002,,,,
sleepiness_binary,transformer,30s,80,test,0.5,40.0,2174,173920,0.5127529898804047,0.566845008774488,0.5072557994654054,0.6064277098426476,0.4912603495860165,0.5685233790220666,0.4899545540938649,0.6223644559050002,0.5022999080036799,0.5726205276971957,0.4999192138401148,0.6223644559050002,0.5974722597158567,0.6489545646037242,0.5484113339602114,0.5885420012922149
sleepiness_binary,transformer,30s,all,test,0.5,,2174,2468440,0.5258693749898722,0.5669739781875202,0.5149333756937835,0.6035823612978504,0.4944802207911684,0.5712600983356613,0.4930617131026165,0.6234225107826434,0.499540018399264,0.5706712099584043,0.497334631094412,0.6234225107826434,,,,
sleepiness_binary,transformer,30s,all,test,0.5,,2174,2468440,0.5258693749898722,0.5669739781875202,0.5149333756937835,0.6035823612978504,0.4944802207911684,0.5712600983356613,0.4930617131026165,0.6234225107826434,0.499540018399264,0.5706712099584043,0.497334631094412,0.6234225107826434,0.5981153591126053,0.6497550901759476,0.5523270669740459,0.5900157955685683
sleepiness_binary,transformer,10m,1,test,10.0,10.0,2174,2174,0.6582336706531738,0.5740658879628351,0.5756622388249866,0.5975196082945772,0.6582336706531738,0.5740658879628351,0.5756622388249866,0.5975196082945772,0.6582336706531738,0.5740658879628351,0.5756622388249866,0.5975196082945772,,,,
sleepiness_binary,transformer,10m,1,test,10.0,10.0,2174,2174,0.6582336706531738,0.5740658879628351,0.5756622388249866,0.5975196082945772,0.6582336706531738,0.5740658879628351,0.5756622388249866,0.5975196082945772,0.6582336706531738,0.5740658879628351,0.5756622388249866,0.5975196082945772,0.5723752428888762,0.6245421806668746,0.5525251349363303,0.5964090941159642
sleepiness_binary,transformer,10m,10,test,10.0,100.0,2174,21740,0.6484820607175713,0.5755960768061887,0.5755045455028134,0.6083042624057958,0.6770929162833487,0.591086348124613,0.5938957216832268,0.6203762541378235,0.6761729530818767,0.5839613615549518,0.5870417378991176,0.6203762541378235,,,,
sleepiness_binary,transformer,10m,10,test,10.0,100.0,2174,21740,0.6484820607175713,0.5755960768061887,0.5755045455028134,0.6083042624057958,0.6770929162833487,0.591086348124613,0.5938957216832268,0.6203762541378235,0.6761729530818767,0.5839613615549518,0.5870417378991176,0.6203762541378235,0.5957055568849358,0.6460288470435575,0.5704770610450461,0.6131759855567116
sleepiness_binary,transformer,10m,100,test,10.0,1000.0,2174,122667,0.659452012358662,0.5738439510831148,0.5748543030686332,0.6035142080158282,0.672493100275989,0.5864499393716136,0.5889700032608616,0.6204519756667843,0.672953081876725,0.5853872798063985,0.588041065993054,0.6204519756667843,,,,
sleepiness_binary,transformer,10m,100,test,10.0,1000.0,2174,122667,0.659452012358662,0.5738439510831148,0.5748543030686332,0.6035142080158282,0.672493100275989,0.5864499393716136,0.5889700032608616,0.6204519756667843,0.672953081876725,0.5853872798063985,0.588041065993054,0.6204519756667843,0.5955687865101813,0.6467422773542316,0.5660584367616349,0.6083421739021848
sleepiness_binary,transformer,10m,12,test,10.0,120.0,2174,26088,0.6481140754369825,0.5738946618027523,0.5739907488505793,0.6068976514387943,0.6706531738730451,0.5846878789274148,0.5870902161180246,0.6171007863783109,0.6743330266789328,0.5808117552557392,0.583786180937135,0.6171007863783109,,,,
sleepiness_binary,transformer,10m,12,test,10.0,120.0,2174,26088,0.6481140754369825,0.5738946618027523,0.5739907488505793,0.6068976514387943,0.6706531738730451,0.5846878789274148,0.5870902161180246,0.6171007863783109,0.6743330266789328,0.5808117552557392,0.583786180937135,0.6171007863783109,0.5925502141060515,0.6432944437799796,0.5652999835691713,0.6075067674112866
sleepiness_binary,transformer,10m,120,test,10.0,1200.0,2174,122798,0.659595433150377,0.573840946876892,0.5748653037258531,0.6034922643172411,0.672493100275989,0.5864499393716136,0.5889700032608616,0.6204519756667843,0.672953081876725,0.5853872798063985,0.588041065993054,0.6204519756667843,,,,
sleepiness_binary,transformer,10m,120,test,10.0,1200.0,2174,122798,0.659595433150377,0.573840946876892,0.5748653037258531,0.6034922643172411,0.672493100275989,0.5864499393716136,0.5889700032608616,0.6204519756667843,0.672953081876725,0.5853872798063985,0.588041065993054,0.6204519756667843,0.5955794903328522,0.6467291302635635,0.5660584367616349,0.6083421739021848
sleepiness_binary,transformer,10m,16,test,10.0,160.0,2174,34784,0.6513051977920883,0.5780468002537694,0.5781029802298067,0.6089034132406512,0.6761729530818767,0.5871989685499839,0.5901474455447666,0.6198820176717676,0.6752529898804048,0.5842366195453639,0.5872144497695159,0.6198820176717676,,,,
sleepiness_binary,transformer,10m,16,test,10.0,160.0,2174,34784,0.6513051977920883,0.5780468002537694,0.5781029802298067,0.6089034132406512,0.6761729530818767,0.5871989685499839,0.5901474455447666,0.6198820176717676,0.6752529898804048,0.5842366195453639,0.5872144497695159,0.6198820176717676,0.5954049412821731,0.6463508102693827,0.5677233344293242,0.6090954671315469
sleepiness_binary,transformer,10m,160,test,10.0,1600.0,2174,122838,0.6597062798156922,0.5738927240807229,0.5749182788835668,0.6036196035591592,0.672493100275989,0.5864499393716136,0.5889700032608616,0.6204540221945941,0.672953081876725,0.5853872798063985,0.588041065993054,0.6204540221945941,,,,
sleepiness_binary,transformer,10m,160,test,10.0,1600.0,2174,122838,0.6597062798156922,0.5738927240807229,0.5749182788835668,0.6036196035591592,0.672493100275989,0.5864499393716136,0.5889700032608616,0.6204540221945941,0.672953081876725,0.5853872798063985,0.588041065993054,0.6204540221945941,0.5955816830448112,0.6467291302635635,0.5660584367616349,0.6083421739021848
sleepiness_binary,transformer,10m,2,test,10.0,20.0,2174,4348,0.6448942042318307,0.5623316091336537,0.563239783942232,0.5907890899602461,0.6568537258509659,0.5647659539633569,0.5666188874387661,0.5939786035517489,0.6908923643054278,0.5564314694581306,0.5534842779598024,0.5939786035517489,,,,
sleepiness_binary,transformer,10m,2,test,10.0,20.0,2174,4348,0.6448942042318307,0.5623316091336537,0.563239783942232,0.5907890899602461,0.6568537258509659,0.5647659539633569,0.5666188874387661,0.5939786035517489,0.6908923643054278,0.5564314694581306,0.5534842779598024,0.5939786035517489,0.5685730535354393,0.6218959180978921,0.5438423018419852,0.5865632823867524
sleepiness_binary,transformer,10m,20,test,10.0,200.0,2174,43480,0.6500919963201472,0.576663801527733,0.57670621895535,0.6086700741354699,0.672953081876725,0.585849795091403,0.5884736389362125,0.6194164325950484,0.6766329346826127,0.5838237325597457,0.586951944903215,0.6194164325950484,,,,
sleepiness_binary,transformer,10m,20,test,10.0,200.0,2174,43480,0.6500919963201472,0.576663801527733,0.57670621895535,0.6086700741354699,0.672953081876725,0.585849795091403,0.5884736389362125,0.6194164325950484,0.6766329346826127,0.5838237325597457,0.586951944903215,0.6194164325950484,0.5947456007402789,0.6456900743714239,0.5653272669791752,0.6078604708244089
sleepiness_binary,transformer,10m,200,test,10.0,2000.0,2174,122878,0.659817054314035,0.5739444542239945,0.5749712063639665,0.6037440825519873,0.672493100275989,0.5864499393716136,0.5889700032608616,0.6204540221945941,0.672953081876725,0.5853872798063985,0.588041065993054,0.6204540221945941,,,,
sleepiness_binary,transformer,10m,200,test,10.0,2000.0,2174,122878,0.659817054314035,0.5739444542239945,0.5749712063639665,0.6037440825519873,0.672493100275989,0.5864499393716136,0.5889700032608616,0.6204540221945941,0.672953081876725,0.5853872798063985,0.588041065993054,0.6204540221945941,0.5955816830448112,0.6467291302635635,0.5660584367616349,0.6083421739021848
sleepiness_binary,transformer,10m,25,test,10.0,250.0,2174,54349,0.6495427698761707,0.5766055988725795,0.5765558159284511,0.608696136341589,0.6747930082796688,0.5876118555356019,0.5903586971267079,0.6199546694090139,0.672493100275989,0.5873749699416229,0.5898221904231921,0.6199546694090139,,,,
sleepiness_binary,transformer,10m,25,test,10.0,250.0,2174,54349,0.6495427698761707,0.5766055988725795,0.5765558159284511,0.608696136341589,0.6747930082796688,0.5876118555356019,0.5903586971267079,0.6199546694090139,0.672493100275989,0.5873749699416229,0.5898221904231921,0.6199546694090139,0.5951359968547871,0.646201519714301,0.5675633831423184,0.6102972511757685
sleepiness_binary,transformer,10m,3,test,10.0,30.0,2174,6522,0.6455075130328121,0.567544115465099,0.5680378963579528,0.5973161493214908,0.6642134314627415,0.5713516804551477,0.5736421196516537,0.6053097164024088,0.6628334866605335,0.572689598010775,0.5748462910418592,0.6053097164024088,,,,
sleepiness_binary,transformer,10m,3,test,10.0,30.0,2174,6522,0.6455075130328121,0.567544115465099,0.5680378963579528,0.5973161493214908,0.6642134314627415,0.5713516804551477,0.5736421196516537,0.6053097164024088,0.6628334866605335,0.572689598010775,0.5748462910418592,0.6053097164024088,0.5793822879263634,0.6326717813668276,0.5520467260262276,0.5932042549579711
sleepiness_binary,transformer,10m,30,test,10.0,300.0,2174,65195,0.6506480558325025,0.5773779055821224,0.5774088740569551,0.6089788387730783,0.6766329346826127,0.5902989465498099,0.5931040339974085,0.6202360669828552,0.6766329346826127,0.5875238548397824,0.5905110754402083,0.6202360669828552,,,,
sleepiness_binary,transformer,10m,30,test,10.0,300.0,2174,65195,0.6506480558325025,0.5773779055821224,0.5774088740569551,0.6089788387730783,0.6766329346826127,0.5902989465498099,0.5931040339974085,0.6202360669828552,0.6766329346826127,0.5875238548397824,0.5905110754402083,0.6202360669828552,0.5958757189839612,0.6466568685854571,0.570643046614659,0.6128680406769647
sleepiness_binary,transformer,10m,4,test,10.0,40.0,2174,8696,0.6474241030358786,0.5730219029638839,0.5731223808012395,0.6031740047479445,0.6775528978840847,0.587711112134375,0.590799820099214,0.6136902477833546,0.6913523459061638,0.5817321811381765,0.5854016299675285,0.6136902477833546,,,,
sleepiness_binary,transformer,10m,4,test,10.0,40.0,2174,8696,0.6474241030358786,0.5730219029638839,0.5731223808012395,0.6031740047479445,0.6775528978840847,0.587711112134375,0.590799820099214,0.6136902477833546,0.6913523459061638,0.5817321811381765,0.5854016299675285,0.6136902477833546,0.5884646192222412,0.6398426978883086,0.5667799953580483,0.6099049163751294
sleepiness_binary,transformer,10m,40,test,10.0,400.0,2174,86718,0.6503148135335225,0.5771942399165961,0.5771978191171736,0.6090468084270622,0.6747930082796688,0.5871493402505973,0.5899267773077688,0.6204253708052575,0.6738730450781969,0.5864995676710002,0.5891998815598809,0.6204253708052575,,,,
sleepiness_binary,transformer,10m,40,test,10.0,400.0,2174,86718,0.6503148135335225,0.5771942399165961,0.5771978191171736,0.6090468084270622,0.6747930082796688,0.5871493402505973,0.5899267773077688,0.6204253708052575,0.6738730450781969,0.5864995676710002,0.5891998815598809,0.6204253708052575,0.596027007066215,0.6467221198766488,0.566204217746195,0.6095181106598845
sleepiness_binary,transformer,10m,5,test,10.0,50.0,2174,10870,0.6479300827966882,0.5721536123774003,0.572458974083615,0.603310176871166,0.6669733210671573,0.5774636357589804,0.5798446202207264,0.6136646661857327,0.6655933762649494,0.5774140074595939,0.5796533339078034,0.6136646661857327,,,,
sleepiness_binary,transformer,10m,5,test,10.0,50.0,2174,10870,0.6479300827966882,0.5721536123774003,0.572458974083615,0.603310176871166,0.6669733210671573,0.5774636357589804,0.5798446202207264,0.6136646661857327,0.6655933762649494,0.5774140074595939,0.5796533339078034,0.6136646661857327,0.5891583655290301,0.6405216052028162,0.557145505697767,0.6000527261861263
sleepiness_binary,transformer,10m,50,test,10.0,500.0,2174,106080,0.6508672699849171,0.5768650627966082,0.5768753328969092,0.6091151763434239,0.6734130634774609,0.5870997119512108,0.589697050892728,0.6204918829590745,0.672493100275989,0.5850623935165999,0.5876784724885991,0.6204918829590745,,,,
sleepiness_binary,transformer,10m,50,test,10.0,500.0,2174,106080,0.6508672699849171,0.5768650627966082,0.5768753328969092,0.6091151763434239,0.6734130634774609,0.5870997119512108,0.589697050892728,0.6204918829590745,0.672493100275989,0.5850623935165999,0.5876784724885991,0.6204918829590745,0.5959697331363392,0.6468636595572309,0.5666626590881599,0.6091258439314817
sleepiness_binary,transformer,10m,6,test,10.0,60.0,2174,13044,0.6491107022385771,0.574714210918567,0.5748678324435288,0.6027494532644109,0.6701931922723091,0.5811253856425841,0.5836867470844869,0.612276097066814,0.6803127874885004,0.5799476088880703,0.5832923087530596,0.612276097066814,,,,
sleepiness_binary,transformer,10m,6,test,10.0,60.0,2174,13044,0.6491107022385771,0.574714210918567,0.5748678324435288,0.6027494532644109,0.6701931922723091,0.5811253856425841,0.5836867470844869,0.612276097066814,0.6803127874885004,0.5799476088880703,0.5832923087530596,0.612276097066814,0.5883899318582018,0.6396023810244023,0.5622737569236095,0.6030018689417604
sleepiness_binary,transformer,10m,60,test,10.0,600.0,2174,116141,0.6555221670211209,0.5756965793924104,0.576134338000547,0.6068026636623567,0.672033118675253,0.5865875683668197,0.5890334107775521,0.6206423027530916,0.6734130634774609,0.585712166096197,0.5884038215188159,0.6206423027530916,,,,
sleepiness_binary,transformer,10m,60,test,10.0,600.0,2174,116141,0.6555221670211209,0.5756965793924104,0.576134338000547,0.6068026636623567,0.672033118675253,0.5865875683668197,0.5890334107775521,0.6206423027530916,0.6734130634774609,0.585712166096197,0.5884038215188159,0.6206423027530916,0.59591510893115,0.6469065851017223,0.5661626860339993,0.6082374392112245
sleepiness_binary,transformer,10m,8,test,10.0,80.0,2174,17392,0.6493215271389144,0.575980862406819,0.5759852537546413,0.6072497048523174,0.6683532658693653,0.583063447478422,0.5852799290496983,0.6193202457879899,0.6770929162833487,0.581373527139517,0.5845633710801394,0.6193202457879899,,,,
sleepiness_binary,transformer,10m,8,test,10.0,80.0,2174,17392,0.6493215271389144,0.575980862406819,0.5759852537546413,0.6072497048523174,0.6683532658693653,0.583063447478422,0.5852799290496983,0.6193202457879899,0.6770929162833487,0.581373527139517,0.5845633710801394,0.6193202457879899,0.5945805453471859,0.6461822872096027,0.5631770628526453,0.6053961900250245
sleepiness_binary,transformer,10m,80,test,10.0,800.0,2174,121873,0.6591451757157041,0.5743140536549022,0.5752184256024797,0.6043970766372666,0.672493100275989,0.5864499393716136,0.5889700032608616,0.6204018357354455,0.672953081876725,0.5853872798063985,0.588041065993054,0.6204018357354455,,,,
sleepiness_binary,transformer,10m,80,test,10.0,800.0,2174,121873,0.6591451757157041,0.5743140536549022,0.5752184256024797,0.6043970766372666,0.672493100275989,0.5864499393716136,0.5889700032608616,0.6204018357354455,0.672953081876725,0.5853872798063985,0.588041065993054,0.6204018357354455,0.5955227459324973,0.6467062527555213,0.5660584367616349,0.6083421739021848
sleepiness_binary,transformer,10m,all,test,10.0,,2174,122887,0.6598419686378543,0.5739560870272545,0.5749831084831045,0.6037727922966003,0.672493100275989,0.5864499393716136,0.5889700032608616,0.6204540221945941,0.672953081876725,0.5853872798063985,0.588041065993054,0.6204540221945941,,,,
sleepiness_binary,transformer,10m,all,test,10.0,,2174,122887,0.6598419686378543,0.5739560870272545,0.5749831084831045,0.6037727922966003,0.672493100275989,0.5864499393716136,0.5889700032608616,0.6204540221945941,0.672953081876725,0.5853872798063985,0.588041065993054,0.6204540221945941,0.5955816830448112,0.6467291302635635,0.5660584367616349,0.6083421739021848
sleepiness_binary,transformer,40m,1,test,40.0,40.0,2174,2174,0.6361545538178472,0.5704967434626227,0.5688405987872315,0.607185359140049,0.6361545538178472,0.5704967434626227,0.5688405987872315,0.607185359140049,0.6361545538178472,0.5704967434626227,0.5688405987872315,0.607185359140049,,,,
sleepiness_binary,transformer,40m,1,test,40.0,40.0,2174,2174,0.6361545538178472,0.5704967434626227,0.5688405987872315,0.607185359140049,0.6361545538178472,0.5704967434626227,0.5688405987872315,0.607185359140049,0.6361545538178472,0.5704967434626227,0.5688405987872315,0.607185359140049,0.581020653949306,0.6325949307790733,0.5481462187166788,0.5934367134126666
sleepiness_binary,transformer,40m,10,test,40.0,400.0,2174,21662,0.6408457206167483,0.5847395728575692,0.5809434421212741,0.6165731516700232,0.6481140754369825,0.5854190009874497,0.5833712232519095,0.6267010483338705,0.6577736890524379,0.585303883798151,0.5854602938327116,0.6267010483338705,,,,
sleepiness_binary,transformer,40m,10,test,40.0,400.0,2174,21662,0.6408457206167483,0.5847395728575692,0.5809434421212741,0.6165731516700232,0.6481140754369825,0.5854190009874497,0.5833712232519095,0.6267010483338705,0.6577736890524379,0.585303883798151,0.5854602938327116,0.6267010483338705,0.6018943825357979,0.6526811749823808,0.5639497578901284,0.6079297098661289
sleepiness_binary,transformer,40m,12,test,40.0,480.0,2174,25498,0.6421287944152483,0.5855692605105676,0.581763341730839,0.617964735953253,0.6499540018399264,0.5885686072866623,0.5862586206853434,0.6275718459169213,0.6596136154553818,0.5907660665223864,0.5903377607561929,0.6275718459169213,,,,
sleepiness_binary,transformer,40m,12,test,40.0,480.0,2174,25498,0.6421287944152483,0.5855692605105676,0.581763341730839,0.617964735953253,0.6499540018399264,0.5885686072866623,0.5862586206853434,0.6275718459169213,0.6596136154553818,0.5907660665223864,0.5903377607561929,0.6275718459169213,0.602549356232495,0.6537532558705768,0.566701314281007,0.6114244485847994
sleepiness_binary,transformer,40m,16,test,40.0,640.0,2174,29055,0.6480123902942695,0.5827635680614187,0.5799449965980823,0.6136923346435665,0.6490340386384544,0.5869938041370559,0.5848165734768604,0.6270264462556217,0.6540938362465502,0.5887174921848219,0.5874096507167373,0.6270264462556217,,,,
sleepiness_binary,transformer,40m,16,test,40.0,640.0,2174,29055,0.6480123902942695,0.5827635680614187,0.5799449965980823,0.6136923346435665,0.6490340386384544,0.5869938041370559,0.5848165734768604,0.6270264462556217,0.6540938362465502,0.5887174921848219,0.5874096507167373,0.6270264462556217,0.6020826923475902,0.6533182130834526,0.5654299866698808,0.6101010356953115
sleepiness_binary,transformer,40m,2,test,40.0,80.0,2174,4348,0.6352345906163753,0.5758596695880851,0.5728186950763371,0.6086299519577597,0.6375344986200552,0.5742464940420459,0.5721259131379978,0.61477183773081,0.6770929162833487,0.5693481297293979,0.5718109462116518,0.61477183773081,,,,
sleepiness_binary,transformer,40m,2,test,40.0,80.0,2174,4348,0.6352345906163753,0.5758596695880851,0.5728186950763371,0.6086299519577597,0.6375344986200552,0.5742464940420459,0.5721259131379978,0.61477183773081,0.6770929162833487,0.5693481297293979,0.5718109462116518,0.61477183773081,0.5896915132968223,0.6414806553424435,0.5501187888886967,0.5972636892192738
sleepiness_binary,transformer,40m,20,test,40.0,800.0,2174,29753,0.6492454542399085,0.5813726462660979,0.5790336954489751,0.6122206275105813,0.6485740570377185,0.5866689178472574,0.5844501821384251,0.626838165697124,0.6540938362465502,0.5887174921848219,0.5874096507167373,0.626838165697124,,,,
sleepiness_binary,transformer,40m,20,test,40.0,800.0,2174,29753,0.6492454542399085,0.5813726462660979,0.5790336954489751,0.6122206275105813,0.6485740570377185,0.5866689178472574,0.5844501821384251,0.626838165697124,0.6540938362465502,0.5887174921848219,0.5874096507167373,0.626838165697124,0.602165431848135,0.6531100779554393,0.5651119917583948,0.6100802334099356
sleepiness_binary,transformer,40m,25,test,40.0,1000.0,2174,29935,0.6494404543176884,0.5808460641276362,0.5786918129572856,0.6114614679111031,0.6485740570377185,0.5866689178472574,0.5844501821384251,0.6268258865302656,0.6540938362465502,0.5887174921848219,0.5874096507167373,0.6268258865302656,,,,
sleepiness_binary,transformer,40m,25,test,40.0,1000.0,2174,29935,0.6494404543176884,0.5808460641276362,0.5786918129572856,0.6114614679111031,0.6485740570377185,0.5866689178472574,0.5844501821384251,0.6268258865302656,0.6540938362465502,0.5887174921848219,0.5874096507167373,0.6268258865302656,0.6021164596879692,0.6529919882086085,0.5651119917583948,0.6100802334099356
sleepiness_binary,transformer,40m,3,test,40.0,120.0,2174,6522,0.6366145354185833,0.5796094201675083,0.5759977800775788,0.6133558678784385,0.6453541858325667,0.5825446526786491,0.5804634051777974,0.6226642722291292,0.6540938362465502,0.5905675533248402,0.5888540157733784,0.6226642722291292,,,,
sleepiness_binary,transformer,40m,3,test,40.0,120.0,2174,6522,0.6366145354185833,0.5796094201675083,0.5759977800775788,0.6133558678784385,0.6453541858325667,0.5825446526786491,0.5804634051777974,0.6226642722291292,0.6540938362465502,0.5905675533248402,0.5888540157733784,0.6226642722291292,0.5979036729910787,0.6493602499975567,0.5600444490113279,0.6066265608352976
sleepiness_binary,transformer,40m,30,test,40.0,1200.0,2174,29962,0.6495561043989053,0.5808321292066051,0.5786931359741485,0.61146897526469,0.6485740570377185,0.5866689178472574,0.5844501821384251,0.6268269097941704,0.6540938362465502,0.5887174921848219,0.5874096507167373,0.6268269097941704,,,,
sleepiness_binary,transformer,40m,30,test,40.0,1200.0,2174,29962,0.6495561043989053,0.5808321292066051,0.5786931359741485,0.61146897526469,0.6485740570377185,0.5866689178472574,0.5844501821384251,0.6268269097941704,0.6540938362465502,0.5887174921848219,0.5874096507167373,0.6268269097941704,0.6020912942957414,0.6529925772173523,0.5651119917583948,0.6100802334099356
sleepiness_binary,transformer,40m,4,test,40.0,160.0,2174,8696,0.6348896044158233,0.5787379830445172,0.5748880470109171,0.6127978657273104,0.6467341306347746,0.5872194338280814,0.5843907568045499,0.6223542232659515,0.6683532658693653,0.5853760239034448,0.5873934265829618,0.6223542232659515,,,,
sleepiness_binary,transformer,40m,4,test,40.0,160.0,2174,8696,0.6348896044158233,0.5787379830445172,0.5748880470109171,0.6127978657273104,0.6467341306347746,0.5872194338280814,0.5843907568045499,0.6223542232659515,0.6683532658693653,0.5853760239034448,0.5873934265829618,0.6223542232659515,0.5969597523536395,0.6483803870777171,0.5659293161947561,0.6103353735677641
sleepiness_binary,transformer,40m,40,test,40.0,1600.0,2174,29972,0.6496730281596157,0.5808927426154749,0.5787519296126769,0.6115689836214246,0.6485740570377185,0.5866689178472574,0.5844501821384251,0.6268258865302656,0.6540938362465502,0.5887174921848219,0.5874096507167373,0.6268258865302656,,,,
sleepiness_binary,transformer,40m,40,test,40.0,1600.0,2174,29972,0.6496730281596157,0.5808927426154749,0.5787519296126769,0.6115689836214246,0.6485740570377185,0.5866689178472574,0.5844501821384251,0.6268258865302656,0.6540938362465502,0.5887174921848219,0.5874096507167373,0.6268258865302656,0.6020871014948915,0.6529915706023279,0.5651119917583948,0.6100802334099356
sleepiness_binary,transformer,40m,5,test,40.0,200.0,2174,10870,0.6392824287028519,0.583713834016362,0.5797573469749775,0.6157903332258905,0.6476540938362465,0.5864816605526648,0.5840716363752618,0.6263633712452611,0.6545538178472861,0.5913549548996434,0.5895794196705875,0.6263633712452611,,,,
sleepiness_binary,transformer,40m,5,test,40.0,200.0,2174,10870,0.6392824287028519,0.583713834016362,0.5797573469749775,0.6157903332258905,0.6476540938362465,0.5864816605526648,0.5840716363752618,0.6263633712452611,0.6545538178472861,0.5913549548996434,0.5895794196705875,0.6263633712452611,0.6016336331577155,0.6529354847848313,0.5648603652652058,0.6102103504494846
sleepiness_binary,transformer,40m,50,test,40.0,2000.0,2174,29982,0.6497898739243546,0.5809532995899058,0.5788106676412372,0.6116811271121045,0.6485740570377185,0.5866689178472574,0.5844501821384251,0.6268269097941704,0.6540938362465502,0.5887174921848219,0.5874096507167373,0.6268269097941704,,,,
sleepiness_binary,transformer,40m,50,test,40.0,2000.0,2174,29982,0.6497898739243546,0.5809532995899058,0.5788106676412372,0.6116811271121045,0.6485740570377185,0.5866689178472574,0.5844501821384251,0.6268269097941704,0.6540938362465502,0.5887174921848219,0.5874096507167373,0.6268269097941704,0.6020912942957414,0.6529925772173523,0.5651119917583948,0.6100802334099356
sleepiness_binary,transformer,40m,6,test,40.0,240.0,2174,13044,0.6399110702238577,0.5826315448385716,0.5791306731671276,0.6162434049220131,0.6471941122355106,0.5870818048328754,0.5844083533158817,0.6264339764546974,0.6669733210671573,0.5876389720290811,0.5891860853587237,0.6264339764546974,,,,
sleepiness_binary,transformer,40m,6,test,40.0,240.0,2174,13044,0.6399110702238577,0.5826315448385716,0.5791306731671276,0.6162434049220131,0.6471941122355106,0.5870818048328754,0.5844083533158817,0.6264339764546974,0.6669733210671573,0.5876389720290811,0.5891860853587237,0.6264339764546974,0.6019039840596586,0.6530298108798085,0.5664860221713833,0.6096999250007624
sleepiness_binary,transformer,40m,8,test,40.0,320.0,2174,17379,0.6411761321134702,0.5846821971468288,0.580981306789511,0.6165898550353284,0.6536338546458141,0.5897801517500371,0.5881277727723662,0.6267634674320681,0.6628334866605335,0.5893401482709398,0.589862734394283,0.6267634674320681,,,,
sleepiness_binary,transformer,40m,8,test,40.0,320.0,2174,17379,0.6411761321134702,0.5846821971468288,0.580981306789511,0.6165898550353284,0.6536338546458141,0.5897801517500371,0.5881277727723662,0.6267634674320681,0.6628334866605335,0.5893401482709398,0.589862734394283,0.6267634674320681,0.6021782558403235,0.6527841984222558,0.5687162202363247,0.611392256591232
sleepiness_binary,transformer,40m,all,test,40.0,,2174,29984,0.6498132337246532,0.5809654042195944,0.5788224085806957,0.6117001067689981,0.6485740570377185,0.5866689178472574,0.5844501821384251,0.6268269097941704,0.6540938362465502,0.5887174921848219,0.5874096507167373,0.6268269097941704,,,,
sleepiness_binary,transformer,40m,all,test,40.0,,2174,29984,0.6498132337246532,0.5809654042195944,0.5788224085806957,0.6117001067689981,0.6485740570377185,0.5866689178472574,0.5844501821384251,0.6268269097941704,0.6540938362465502,0.5887174921848219,0.5874096507167373,0.6268269097941704,0.6020912942957414,0.6529925772173523,0.5651119917583948,0.6100802334099356
sleepiness_binary,transformer,80m,1,test,80.0,80.0,2174,2174,0.6062557497700092,0.5729674141609492,0.5618640244930325,0.6101026845328544,0.6062557497700092,0.5729674141609492,0.5618640244930325,0.6101026845328544,0.6062557497700092,0.5729674141609492,0.5618640244930325,0.6101026845328544,,,,
sleepiness_binary,transformer,80m,1,test,80.0,80.0,2174,2174,0.6062557497700092,0.5729674141609492,0.5618640244930325,0.6101026845328544,0.6062557497700092,0.5729674141609492,0.5618640244930325,0.6101026845328544,0.6062557497700092,0.5729674141609492,0.5618640244930325,0.6101026845328544,0.5850770599548105,0.6363333888029463,0.551357609108076,0.596187089406717
sleepiness_binary,transformer,80m,10,test,80.0,800.0,2174,14265,0.6403785488958991,0.5827917053880749,0.5776643863988765,0.6128258852263105,0.6352345906163753,0.5846474600031721,0.5792525406797974,0.622900646191156,0.6467341306347746,0.5913820713931226,0.5874701652953821,0.622900646191156,,,,
sleepiness_binary,transformer,80m,10,test,80.0,800.0,2174,14265,0.6403785488958991,0.5827917053880749,0.5776643863988765,0.6128258852263105,0.6352345906163753,0.5846474600031721,0.5792525406797974,0.622900646191156,0.6467341306347746,0.5913820713931226,0.5874701652953821,0.622900646191156,0.5979274542763866,0.6485565148660496,0.5641701973535781,0.609691887346164
sleepiness_binary,transformer,80m,12,test,80.0,960.0,2174,14336,0.6407645089285714,0.5824446551348972,0.5775393364651215,0.6121174234817025,0.6352345906163753,0.5846474600031721,0.5792525406797974,0.6227788777864756,0.6467341306347746,0.5913820713931226,0.5874701652953821,0.6227788777864756,,,,
sleepiness_binary,transformer,80m,12,test,80.0,960.0,2174,14336,0.6407645089285714,0.5824446551348972,0.5775393364651215,0.6121174234817025,0.6352345906163753,0.5846474600031721,0.5792525406797974,0.6227788777864756,0.6467341306347746,0.5913820713931226,0.5874701652953821,0.6227788777864756,0.5978134326308091,0.6483903637809765,0.5641701973535781,0.609691887346164
sleepiness_binary,transformer,80m,16,test,80.0,1280.0,2174,14356,0.640916689885762,0.5823959394142115,0.5775236989047469,0.612013057637067,0.6352345906163753,0.5846474600031721,0.5792525406797974,0.6227277145912318,0.6467341306347746,0.5913820713931226,0.5874701652953821,0.6227277145912318,,,,
sleepiness_binary,transformer,80m,16,test,80.0,1280.0,2174,14356,0.640916689885762,0.5823959394142115,0.5775236989047469,0.612013057637067,0.6352345906163753,0.5846474600031721,0.5792525406797974,0.6227277145912318,0.6467341306347746,0.5913820713931226,0.5874701652953821,0.6227277145912318,0.5977670630990107,0.6483688538548604,0.5641701973535781,0.609691887346164
sleepiness_binary,transformer,80m,2,test,80.0,160.0,2174,4348,0.6156853725850966,0.5738461420392627,0.5657062601889754,0.6080808429648048,0.6200551977920883,0.5739262124398192,0.5671573292298555,0.6123190741508189,0.6623735050597976,0.5732897422909855,0.5753838457485592,0.6123190741508189,,,,
sleepiness_binary,transformer,80m,2,test,80.0,160.0,2174,4348,0.6156853725850966,0.5738461420392627,0.5657062601889754,0.6080808429648048,0.6200551977920883,0.5739262124398192,0.5671573292298555,0.6123190741508189,0.6623735050597976,0.5732897422909855,0.5753838457485592,0.6123190741508189,0.5865353952383234,0.6381706082946108,0.5528507713144187,0.5983129954113391
sleepiness_binary,transformer,80m,20,test,80.0,1600.0,2174,14360,0.641016713091922,0.5824508402919142,0.5775756585775396,0.6121151225797706,0.6352345906163753,0.5846474600031721,0.5792525406797974,0.6227287378551365,0.6467341306347746,0.5913820713931226,0.5874701652953821,0.6227287378551365,,,,
sleepiness_binary,transformer,80m,20,test,80.0,1600.0,2174,14360,0.641016713091922,0.5824508402919142,0.5775756585775396,0.6121151225797706,0.6352345906163753,0.5846474600031721,0.5792525406797974,0.6227287378551365,0.6467341306347746,0.5913820713931226,0.5874701652953821,0.6227287378551365,0.5977670630990107,0.6483719105933341,0.5641701973535781,0.609691887346164
sleepiness_binary,transformer,80m,25,test,80.0,2000.0,2174,14365,0.6411416637660982,0.5825194064011955,0.5776405495233015,0.6122253166674401,0.6352345906163753,0.5846474600031721,0.5792525406797974,0.6227277145912318,0.6467341306347746,0.5913820713931226,0.5874701652953821,0.6227277145912318,,,,
sleepiness_binary,transformer,80m,25,test,80.0,2000.0,2174,14365,0.6411416637660982,0.5825194064011955,0.5776405495233015,0.6122253166674401,0.6352345906163753,0.5846474600031721,0.5792525406797974,0.6227277145912318,0.6467341306347746,0.5913820713931226,0.5874701652953821,0.6227277145912318,0.5977670630990107,0.6483688538548604,0.5641701973535781,0.609691887346164
sleepiness_binary,transformer,80m,3,test,80.0,240.0,2174,6522,0.6235817233977308,0.5810421601783208,0.573088273739526,0.6140809640510335,0.6320147194112236,0.5856108629696142,0.5789159701057456,0.6201700664609906,0.6379944802207912,0.5935345070170321,0.5862217240257659,0.6201700664609906,,,,
sleepiness_binary,transformer,80m,3,test,80.0,240.0,2174,6522,0.6235817233977308,0.5810421601783208,0.573088273739526,0.6140809640510335,0.6320147194112236,0.5856108629696142,0.5789159701057456,0.6201700664609906,0.6379944802207912,0.5935345070170321,0.5862217240257659,0.6201700664609906,0.5952119270286427,0.6464958237932671,0.5650545166649895,0.6094736120579018
sleepiness_binary,transformer,80m,4,test,80.0,320.0,2174,8688,0.6253453038674033,0.5832534929154833,0.5751233394945174,0.6151932379486253,0.6315547378104875,0.5838984308248019,0.5775975386090201,0.6219602666625736,0.6540938362465502,0.5905675533248402,0.5888540157733784,0.6219602666625736,,,,
sleepiness_binary,transformer,80m,4,test,80.0,320.0,2174,8688,0.6253453038674033,0.5832534929154833,0.5751233394945174,0.6151932379486253,0.6315547378104875,0.5838984308248019,0.5775975386090201,0.6219602666625736,0.6540938362465502,0.5905675533248402,0.5888540157733784,0.6219602666625736,0.5969993771728083,0.647905181329127,0.5620337134179978,0.6082572020936037
sleepiness_binary,transformer,80m,5,test,80.0,400.0,2174,10818,0.6264559068219634,0.5826269211315378,0.5750987838216209,0.6154604806423993,0.6310947562097516,0.5812609681099804,0.5756221278915803,0.6216875668319237,0.6338546458141674,0.5878354386988176,0.5810213902552168,0.6216875668319237,,,,
sleepiness_binary,transformer,80m,5,test,80.0,400.0,2174,10818,0.6264559068219634,0.5826269211315378,0.5750987838216209,0.6154604806423993,0.6310947562097516,0.5812609681099804,0.5756221278915803,0.6216875668319237,0.6338546458141674,0.5878354386988176,0.5810213902552168,0.6216875668319237,0.5969240581443089,0.6474472650872387,0.5598947995604959,0.6047826691629384
sleepiness_binary,transformer,80m,6,test,80.0,480.0,2174,12618,0.6314788397527342,0.5856021274132921,0.5784309896321687,0.616714236976295,0.6370745170193193,0.5859470051623664,0.580724050718309,0.6223051065985175,0.6513339466421343,0.5937059037210992,0.5904873519892486,0.6223051065985175,,,,
sleepiness_binary,transformer,80m,6,test,80.0,480.0,2174,12618,0.6314788397527342,0.5856021274132921,0.5784309896321687,0.616714236976295,0.6370745170193193,0.5859470051623664,0.580724050718309,0.6223051065985175,0.6513339466421343,0.5937059037210992,0.5904873519892486,0.6223051065985175,0.5977360473769766,0.6477867111189765,0.5652357746387754,0.6093076998418283
sleepiness_binary,transformer,80m,8,test,80.0,640.0,2174,13996,0.6387539296941983,0.5835995234239078,0.5778526949171309,0.613717762542939,0.6347746090156394,0.5843225737133735,0.5788848629864952,0.6226571093817952,0.6471941122355106,0.5917069576829213,0.5878393860468932,0.6226571093817952,,,,
sleepiness_binary,transformer,80m,8,test,80.0,640.0,2174,13996,0.6387539296941983,0.5835995234239078,0.5778526949171309,0.613717762542939,0.6347746090156394,0.5843225737133735,0.5788848629864952,0.6226571093817952,0.6471941122355106,0.5917069576829213,0.5878393860468932,0.6226571093817952,0.5976332804164012,0.6484162824762203,0.5641333792230521,0.6094592690152656
sleepiness_binary,transformer,80m,all,test,80.0,,2174,14366,0.6411666434637339,0.5825331116324398,0.577653519900934,0.6122472949086737,0.6352345906163753,0.5846474600031721,0.5792525406797974,0.6227277145912318,0.6467341306347746,0.5913820713931226,0.5874701652953821,0.6227277145912318,,,,
sleepiness_binary,transformer,80m,all,test,80.0,,2174,14366,0.6411666434637339,0.5825331116324398,0.577653519900934,0.6122472949086737,0.6352345906163753,0.5846474600031721,0.5792525406797974,0.6227277145912318,0.6467341306347746,0.5913820713931226,0.5874701652953821,0.6227277145912318,0.5977670630990107,0.6483688538548604,0.5641701973535781,0.609691887346164
sleepiness_binary,transformer,120m,1,test,120.0,120.0,2174,2174,0.5243790248390064,0.5701769734923485,0.516587600266661,0.6137096897975473,0.5243790248390064,0.5701769734923485,0.516587600266661,0.6137096897975473,0.5243790248390064,0.5701769734923485,0.516587600266661,0.6137096897975473,,,,
sleepiness_binary,transformer,120m,1,test,120.0,120.0,2174,2174,0.5243790248390064,0.5701769734923485,0.516587600266661,0.6137096897975473,0.5243790248390064,0.5701769734923485,0.516587600266661,0.6137096897975473,0.5243790248390064,0.5701769734923485,0.516587600266661,0.6137096897975473,0.5896661606413103,0.6385863323360261,0.54886562473832,0.5911848421494085
sleepiness_binary,transformer,120m,10,test,120.0,1200.0,2174,9282,0.528549881491058,0.5704287314029756,0.5176709603235101,0.6117476632310259,0.5142594296228151,0.5778299642369265,0.5105207139348289,0.6219950576353395,0.5216191352345906,0.5770154461686441,0.5161084586850758,0.6219950576353395,,,,
sleepiness_binary,transformer,120m,10,test,120.0,1200.0,2174,9282,0.528549881491058,0.5704287314029756,0.5176709603235101,0.6117476632310259,0.5142594296228151,0.5778299642369265,0.5105207139348289,0.6219950576353395,0.5216191352345906,0.5770154461686441,0.5161084586850758,0.6219950576353395,0.5972772320413768,0.6473252496329888,0.5578385246035072,0.5979524839389554
sleepiness_binary,transformer,120m,12,test,120.0,1440.0,2174,9284,0.5286514433433864,0.5705078528385549,0.5177477190023627,0.611839835632312,0.5142594296228151,0.5778299642369265,0.5105207139348289,0.6220011972187687,0.5216191352345906,0.5770154461686441,0.5161084586850758,0.6220011972187687,,,,
sleepiness_binary,transformer,120m,12,test,120.0,1440.0,2174,9284,0.5286514433433864,0.5705078528385549,0.5177477190023627,0.611839835632312,0.5142594296228151,0.5778299642369265,0.5105207139348289,0.6220011972187687,0.5216191352345906,0.5770154461686441,0.5161084586850758,0.6220011972187687,0.5972920292616902,0.6473412208829731,0.5578385246035072,0.5979524839389554
sleepiness_binary,transformer,120m,16,test,120.0,1920.0,2174,9288,0.52885443583118,0.5706659530628946,0.5179010639977651,0.6120149381868132,0.5142594296228151,0.5778299642369265,0.5105207139348289,0.6220032437465784,0.5216191352345906,0.5770154461686441,0.5161084586850758,0.6220032437465784,,,,
sleepiness_binary,transformer,120m,16,test,120.0,1920.0,2174,9288,0.52885443583118,0.5706659530628946,0.5179010639977651,0.6120149381868132,0.5142594296228151,0.5778299642369265,0.5105207139348289,0.6220032437465784,0.5216191352345906,0.5770154461686441,0.5161084586850758,0.6220032437465784,0.5973003402193683,0.6473452517876516,0.5578385246035072,0.5979524839389554
sleepiness_binary,transformer,120m,2,test,120.0,240.0,2174,4348,0.5200091996320148,0.5719469642318102,0.5138092146585974,0.6113928924089168,0.516559337626495,0.5771418192608965,0.5122221247324279,0.6144991379001601,0.5501379944802208,0.5721825707459083,0.5342114395075922,0.6144991379001601,,,,
sleepiness_binary,transformer,120m,2,test,120.0,240.0,2174,4348,0.5200091996320148,0.5719469642318102,0.5138092146585974,0.6113928924089168,0.516559337626495,0.5771418192608965,0.5122221247324279,0.6144991379001601,0.5501379944802208,0.5721825707459083,0.5342114395075922,0.6144991379001601,0.5897057786579866,0.6404176776074157,0.5561424214660249,0.5970254657008731
sleepiness_binary,transformer,120m,3,test,120.0,360.0,2174,6501,0.5199200123057991,0.5758518687870443,0.5145777140786361,0.6183233289828197,0.5197792088316467,0.5821911149995139,0.5156802544280362,0.6230674382076509,0.5202391904323828,0.5815909707193033,0.5159349915279945,0.6230674382076509,,,,
sleepiness_binary,transformer,120m,3,test,120.0,360.0,2174,6501,0.5199200123057991,0.5758518687870443,0.5145777140786361,0.6183233289828197,0.5197792088316467,0.5821911149995139,0.5156802544280362,0.6230674382076509,0.5202391904323828,0.5815909707193033,0.5159349915279945,0.6230674382076509,0.5991112074926543,0.648656117493574,0.5621844001894923,0.6014736031568622
sleepiness_binary,transformer,120m,4,test,120.0,480.0,2174,8301,0.5180098783279123,0.5728397013630502,0.5120947102376108,0.6180905948307933,0.515639374425023,0.5797296536763313,0.5119507179853984,0.6223132927097562,0.5266789328426863,0.5792016495014146,0.5203871984392001,0.6223132927097562,,,,
sleepiness_binary,transformer,120m,4,test,120.0,480.0,2174,8301,0.5180098783279123,0.5728397013630502,0.5120947102376108,0.6180905948307933,0.515639374425023,0.5797296536763313,0.5119507179853984,0.6223132927097562,0.5266789328426863,0.5792016495014146,0.5203871984392001,0.6223132927097562,0.5982494988783978,0.6477927206903558,0.5598901927673187,0.5992197474411158
sleepiness_binary,transformer,120m,5,test,120.0,600.0,2174,8998,0.5232273838630807,0.570861285247066,0.5143580424407275,0.6135174581503633,0.514719411223551,0.5786173658117297,0.5110237487887894,0.6220308718720101,0.5220791168353266,0.5778028477434473,0.5166216376715604,0.6220308718720101,,,,
sleepiness_binary,transformer,120m,5,test,120.0,600.0,2174,8998,0.5232273838630807,0.570861285247066,0.5143580424407275,0.6135174581503633,0.514719411223551,0.5786173658117297,0.5110237487887894,0.6220308718720101,0.5220791168353266,0.5778028477434473,0.5166216376715604,0.6220308718720101,0.5974729640664935,0.6474601122403267,0.5583261380808379,0.5980385854968597
sleepiness_binary,transformer,120m,6,test,120.0,720.0,2174,9193,0.5270314369629066,0.5709730820651135,0.5168110993127966,0.6128198790241812,0.5142594296228151,0.5778299642369265,0.5105207139348289,0.6220349649276297,0.5216191352345906,0.5770154461686441,0.5161084586850758,0.6220349649276297,,,,
sleepiness_binary,transformer,120m,6,test,120.0,720.0,2174,9193,0.5270314369629066,0.5709730820651135,0.5168110993127966,0.6128198790241812,0.5142594296228151,0.5778299642369265,0.5105207139348289,0.6220349649276297,0.5216191352345906,0.5770154461686441,0.5161084586850758,0.6220349649276297,0.5973040613594732,0.6475140456876494,0.5578385246035072,0.5979524839389554
sleepiness_binary,transformer,120m,8,test,120.0,960.0,2174,9274,0.5283588527064913,0.57035348920824,0.5175521011213393,0.6117109696091593,0.5142594296228151,0.5778299642369265,0.5105207139348289,0.6220165461773419,0.5216191352345906,0.5770154461686441,0.5161084586850758,0.6220165461773419,,,,
sleepiness_binary,transformer,120m,8,test,120.0,960.0,2174,9274,0.5283588527064913,0.57035348920824,0.5175521011213393,0.6117109696091593,0.5142594296228151,0.5778299642369265,0.5105207139348289,0.6220165461773419,0.5216191352345906,0.5770154461686441,0.5161084586850758,0.6220165461773419,0.5973085232670935,0.6473610455434835,0.5578385246035072,0.5979524839389554
sleepiness_binary,transformer,120m,all,test,120.0,,2174,9289,0.5289051566368823,0.5707054484321415,0.5179393643848301,0.6120624906113865,0.5142594296228151,0.5778299642369265,0.5105207139348289,0.6220042670104834,0.5216191352345906,0.5770154461686441,0.5161084586850758,0.6220042670104834,,,,
sleepiness_binary,transformer,120m,all,test,120.0,,2174,9289,0.5289051566368823,0.5707054484321415,0.5179393643848301,0.6120624906113865,0.5142594296228151,0.5778299642369265,0.5105207139348289,0.6220042670104834,0.5216191352345906,0.5770154461686441,0.5161084586850758,0.6220042670104834,0.5973066746553776,0.6473492337795183,0.5578385246035072,0.5979524839389554
sleepiness_binary,transformer,240m,1,test,240.0,240.0,2174,2174,0.6701931922723091,0.5931507830527032,0.5945543762542089,0.628541900098745,0.6701931922723091,0.5931507830527032,0.5945543762542089,0.628541900098745,0.6701931922723091,0.5931507830527032,0.5945543762542089,0.628541900098745,,,,
sleepiness_binary,transformer,240m,1,test,240.0,240.0,2174,2174,0.6701931922723091,0.5931507830527032,0.5945543762542089,0.628541900098745,0.6701931922723091,0.5931507830527032,0.5945543762542089,0.628541900098745,0.6701931922723091,0.5931507830527032,0.5945543762542089,0.628541900098745,0.604080286294492,0.6541728106013397,0.5724563606316934,0.6136265010381781
sleepiness_binary,transformer,240m,2,test,240.0,480.0,2174,3974,0.6736285858077504,0.5870443561209742,0.5892702848616331,0.6221674604344538,0.6757129714811407,0.5891866586852083,0.5919464352321094,0.6238686538451699,0.6812327506899724,0.5796723508976582,0.583039761145849,0.6238686538451699,,,,
sleepiness_binary,transformer,240m,2,test,240.0,480.0,2174,3974,0.6736285858077504,0.5870443561209742,0.5892702848616331,0.6221674604344538,0.6757129714811407,0.5891866586852083,0.5919464352321094,0.6238686538451699,0.6812327506899724,0.5796723508976582,0.583039761145849,0.6238686538451699,0.5986527996886076,0.6501834007186291,0.5688362538263508,0.6108194578234467
sleepiness_binary,transformer,240m,3,test,240.0,720.0,2174,4169,0.6771408011513552,0.5848616512663622,0.5875527147043743,0.6215563809190511,0.6761729530818767,0.5899740602600114,0.5927387294373101,0.6243332156579844,0.6812327506899724,0.5805973814676674,0.5840096088136014,0.6243332156579844,,,,
sleepiness_binary,transformer,240m,3,test,240.0,720.0,2174,4169,0.6771408011513552,0.5848616512663622,0.5875527147043743,0.6215563809190511,0.6761729530818767,0.5899740602600114,0.5927387294373101,0.6243332156579844,0.6812327506899724,0.5805973814676674,0.5840096088136014,0.6243332156579844,0.5990077133678763,0.6507889222116129,0.5696444223116283,0.6111404902029256
sleepiness_binary,transformer,240m,4,test,240.0,960.0,2174,4194,0.6773962804005722,0.5843801107092577,0.5871336932206984,0.6209083647738403,0.6761729530818767,0.5899740602600114,0.5927387294373101,0.6242912618378842,0.6812327506899724,0.5805973814676674,0.5840096088136014,0.6242912618378842,,,,
sleepiness_binary,transformer,240m,4,test,240.0,960.0,2174,4194,0.6773962804005722,0.5843801107092577,0.5871336932206984,0.6209083647738403,0.6761729530818767,0.5899740602600114,0.5927387294373101,0.6242912618378842,0.6812327506899724,0.5805973814676674,0.5840096088136014,0.6242912618378842,0.5988407386798271,0.6508585335028162,0.5696444223116283,0.6111404902029256
sleepiness_binary,transformer,240m,5,test,240.0,1200.0,2174,4195,0.6774731823599524,0.5844133105684057,0.5871693958816551,0.6210082848128864,0.6761729530818767,0.5899740602600114,0.5927387294373101,0.6242922851017891,0.6812327506899724,0.5805973814676674,0.5840096088136014,0.6242922851017891,,,,
sleepiness_binary,transformer,240m,5,test,240.0,1200.0,2174,4195,0.6774731823599524,0.5844133105684057,0.5871693958816551,0.6210082848128864,0.6761729530818767,0.5899740602600114,0.5927387294373101,0.6242922851017891,0.6812327506899724,0.5805973814676674,0.5840096088136014,0.6242922851017891,0.5988447872717672,0.6508594864282973,0.5696444223116283,0.6111404902029256
sleepiness_binary,transformer,240m,6,test,240.0,1440.0,2174,4196,0.6775500476644424,0.5844464882943143,0.5872050753553013,0.6210819397993311,0.6761729530818767,0.5899740602600114,0.5927387294373101,0.6242912618378842,0.6812327506899724,0.5805973814676674,0.5840096088136014,0.6242912618378842,,,,
sleepiness_binary,transformer,240m,6,test,240.0,1440.0,2174,4196,0.6775500476644424,0.5844464882943143,0.5872050753553013,0.6210819397993311,0.6761729530818767,0.5899740602600114,0.5927387294373101,0.6242912618378842,0.6812327506899724,0.5805973814676674,0.5840096088136014,0.6242912618378842,0.5988407386798271,0.6508585335028162,0.5696444223116283,0.6111404902029256
sleepiness_binary,transformer,240m,8,test,240.0,1920.0,2174,4198,0.6777036684135302,0.5845127774348873,0.5872763648309592,0.6212912127700819,0.6761729530818767,0.5899740602600114,0.5927387294373101,0.6242922851017891,0.6812327506899724,0.5805973814676674,0.5840096088136014,0.6242922851017891,,,,
sleepiness_binary,transformer,240m,8,test,240.0,1920.0,2174,4198,0.6777036684135302,0.5845127774348873,0.5872763648309592,0.6212912127700819,0.6761729530818767,0.5899740602600114,0.5927387294373101,0.6242922851017891,0.6812327506899724,0.5805973814676674,0.5840096088136014,0.6242922851017891,0.5988447872717672,0.6508594864282973,0.5696444223116283,0.6111404902029256
sleepiness_binary,transformer,240m,all,test,240.0,,2174,4198,0.6777036684135302,0.5845127774348873,0.5872763648309592,0.6212912127700819,0.6761729530818767,0.5899740602600114,0.5927387294373101,0.6242922851017891,0.6812327506899724,0.5805973814676674,0.5840096088136014,0.6242922851017891,,,,
sleepiness_binary,transformer,240m,all,test,240.0,,2174,4198,0.6777036684135302,0.5845127774348873,0.5872763648309592,0.6212912127700819,0.6761729530818767,0.5899740602600114,0.5927387294373101,0.6242922851017891,0.6812327506899724,0.5805973814676674,0.5840096088136014,0.6242922851017891,0.5988447872717672,0.6508594864282973,0.5696444223116283,0.6111404902029256
