task,head,run_tag,context_length,k,split,context_length_min,total_compute_min,n_subjects,n_segments,seg_accuracy,seg_balanced_accuracy,seg_macro_f1,seg_auroc,mean_prob_accuracy,mean_prob_balanced_accuracy,mean_prob_macro_f1,mean_prob_auroc,majority_accuracy,majority_balanced_accuracy,majority_macro_f1,majority_auroc,mean_prob_auroc_ci_lo,mean_prob_auroc_ci_hi,mean_prob_bal_acc_ci_lo,mean_prob_bal_acc_ci_hi
age_class,lstm,,30s,1,test,0.5,0.5,1861,1861,0.6867275658248254,0.5520656179720428,0.5682863801222554,0.8261091811443383,0.6867275658248254,0.5520656179720428,0.5682863801222554,0.8261091811443383,0.6867275658248254,0.5520656179720428,0.5682863801222554,0.8261091811443383,0.81012602906695,0.8406993463371532,0.5241839458714431,0.5771545837555427
age_class,lstm,,30s,10,test,0.5,5.0,1861,18610,0.707898979043525,0.6446318961254199,0.6312506994854669,0.860314592954771,0.7560451370231058,0.6970085478109583,0.6841473762515813,0.903353519638166,0.7576571735626008,0.7101403434936815,0.6910261423375234,0.903353519638166,0.8930352642277154,0.914166425509862,0.6687514896832036,0.7248161783266088
age_class,lstm,,30s,100,test,0.5,50.0,1861,186100,0.7144438473938742,0.6621820171093019,0.6426734999288163,0.8686505147107679,0.7710908113917249,0.7209298192896517,0.7013465972790897,0.908528324645267,0.7673293927995701,0.7159132112065483,0.6966385320276164,0.908528324645267,0.8983834778437464,0.9188913047610298,0.6935159170445622,0.7476711940592833
age_class,lstm,,30s,12,test,0.5,6.0,1861,22332,0.708042271180369,0.6464544315764091,0.6325616434016572,0.8612729370158322,0.7614185921547555,0.7038509005676313,0.6891827226704786,0.9033841528049924,0.7506716818914562,0.7057571212217838,0.6873489850920308,0.9033841528049924,0.8931544068665195,0.9142383942363854,0.6769186518746961,0.7334823425270505
age_class,lstm,,30s,120,test,0.5,60.0,1861,223320,0.7138724699982089,0.6616401347400721,0.6422881877024705,0.8685099650302927,0.7673293927995701,0.7161754664505411,0.6969775514154382,0.9082929322347124,0.7673293927995701,0.7137418629624536,0.6971173336998735,0.9082929322347124,0.8980127543130043,0.918613480646251,0.6895928525483479,0.7439111764786573
age_class,lstm,,30s,16,test,0.5,8.0,1861,29776,0.7131246641590543,0.6569456588581551,0.6399221173281603,0.8656354763406225,0.7624932831810854,0.7045197492336928,0.6879886786721917,0.9076679476271412,0.7571198280494358,0.7101617016769873,0.6887850676920612,0.9076679476271412,0.897272038100878,0.9178290249980796,0.6762128089975113,0.7324633287860096
age_class,lstm,,30s,160,test,0.5,80.0,1861,297760,0.7141523374529822,0.661984961198518,0.6427366560993545,0.8683874922900371,0.7727028479312198,0.7224566555731524,0.7034274599250598,0.9082396733884216,0.7673293927995701,0.714827537084501,0.6969342633327319,0.9082396733884216,0.8980870376743734,0.91851836353652,0.6961606895544676,0.7508302900706095
age_class,lstm,,30s,2,test,0.5,1.0,1861,3722,0.6673831273508867,0.5431299564872001,0.5532930319242783,0.8099054940081364,0.6942504030091349,0.5685936050939189,0.5814975273746846,0.834087152029302,0.6593229446534121,0.5967862841166801,0.581522120819046,0.834087152029302,0.8189774908879245,0.8481200099965293,0.5431365030009339,0.5959985050719037
age_class,lstm,,30s,20,test,0.5,10.0,1861,37220,0.7112036539494895,0.6535372009929779,0.6373075645611443,0.8648143134677445,0.7732401934443848,0.7230157348005232,0.7040986609952128,0.9064113912620796,0.7630306286942504,0.7219058301492205,0.6994389278162894,0.9064113912620796,0.8958887623745856,0.9169786579718148,0.695479041879099,0.7504384832055837
age_class,lstm,,30s,200,test,0.5,100.0,1861,372200,0.7144599677592692,0.6630643602924571,0.6435682578520684,0.8685316860742116,0.7673293927995701,0.7193013611946867,0.6989861216202112,0.9086246151088796,0.7635679742074154,0.7124315870341723,0.6928184593093345,0.9086246151088796,0.8985863011953534,0.9189074339675756,0.6926127962464962,0.7465580709961461
age_class,lstm,,30s,25,test,0.5,12.5,1861,46525,0.7115959161740999,0.6559608691258374,0.6388821588831465,0.8662301899118364,0.7753895754970446,0.7236225933233582,0.7063622216563393,0.9076565206163296,0.7641053197205804,0.715798378839005,0.6963955007973489,0.9076565206163296,0.8974341943745092,0.9184483588346064,0.6974060104841484,0.7537242007494845
age_class,lstm,,30s,250,test,0.5,125.0,1861,465250,0.7138613648576034,0.6627100444999035,0.6428751601199365,0.8687013024989948,0.7727028479312198,0.7229059653618325,0.7035134888607092,0.9084255161679374,0.7667920472864052,0.7160656970118504,0.6961351413645946,0.9084255161679374,0.8983018044851027,0.918711360467814,0.6963829728463259,0.7507207238208458
age_class,lstm,,30s,3,test,0.5,1.5,1861,5583,0.6886978327064303,0.5884303782794674,0.591831323852834,0.8333819642263817,0.7318645889306824,0.6277420928842469,0.6342674497017762,0.8774714024628518,0.7173562600752283,0.625680726431267,0.6202400475579415,0.8774714024628518,0.8648942461738007,0.8887737850283064,0.6003389111706128,0.6536935924566241
age_class,lstm,,30s,30,test,0.5,15.0,1861,55830,0.7132724341751746,0.6576139319373822,0.6402179258686272,0.8677320143779393,0.7705534658785599,0.7208952505502667,0.7018412486214634,0.909445518745172,0.7581945190757657,0.7104930943997503,0.6909069731330314,0.909445518745172,0.8993839139448442,0.9194164026125332,0.694260550536709,0.7488125720554477
age_class,lstm,,30s,320,test,0.5,160.0,1861,595520,0.7144747447608812,0.6633950941254635,0.643690044581493,0.8689126431987892,0.7673293927995701,0.7161754664505411,0.6972338797023498,0.9087894294650568,0.7635679742074154,0.711795222700805,0.6931526488719895,0.9087894294650568,0.8988047182370229,0.9190657582081422,0.6893213255205837,0.7449009109333857
age_class,lstm,,30s,4,test,0.5,2.0,1861,7444,0.6977431488447071,0.6149912867888561,0.6119884189328183,0.8464541244486697,0.7571198280494358,0.6725391109018583,0.67217125382263,0.8923684784814642,0.7367006985491671,0.6865099389540427,0.6694814429497337,0.8923684784814642,0.8809692709607747,0.9031893533710178,0.6437494462246286,0.700480515175029
age_class,lstm,,30s,40,test,0.5,20.0,1861,74440,0.7122111767866738,0.6583071001251293,0.6403752441064522,0.8671035330228083,0.7657173562600752,0.7147797577890366,0.6964501496206879,0.9076409504177596,0.7608812466415905,0.7107604125725957,0.6924321471819536,0.9076409504177596,0.8976478478593422,0.918127627318805,0.6863045615324358,0.7430122735845811
age_class,lstm,,30s,400,test,0.5,200.0,1861,744400,0.7141160666308436,0.6627217089515108,0.6430324768063383,0.8686957496047926,0.7716281569048898,0.7218630076063968,0.7026985223854186,0.908547717946242,0.7662547017732402,0.7146831989064252,0.6959040712059119,0.908547717946242,0.898466620459846,0.918822869206304,0.6950261193670622,0.7493094410379778
age_class,lstm,,30s,5,test,0.5,2.5,1861,9305,0.7000537345513165,0.6205173839406266,0.6157707286173854,0.8493709059961633,0.7678667383127351,0.7016295824451694,0.6916852255913181,0.8951194048275609,0.7560451370231058,0.6964473841768966,0.6811517386134831,0.8951194048275609,0.8840784478124564,0.9058032437087684,0.673935720218998,0.7277025416358301
age_class,lstm,,30s,50,test,0.5,25.0,1861,93050,0.7152391187533584,0.6613334909658909,0.6427160093007135,0.8679986957541742,0.7662547017732402,0.7138597800283707,0.6960296068423615,0.9085423197964818,0.7662547017732402,0.7121936684956469,0.695084833561999,0.9085423197964818,0.8983478011245506,0.9190271394189072,0.6872806275919575,0.7411522482625688
age_class,lstm,,30s,500,test,0.5,250.0,1861,930500,0.7142697474476088,0.6626825707232484,0.6430149076605833,0.8687967094014716,0.7689414293390651,0.7191061590227731,0.6992655948215027,0.9085946861459836,0.7673293927995701,0.714827537084501,0.696459561894712,0.9085946861459836,0.8984128680059311,0.9189340731896588,0.6913791841879283,0.7474705172028852
age_class,lstm,,30s,6,test,0.5,3.0,1861,11166,0.7045495253447968,0.6331807653811724,0.6238353897224355,0.8557733727193823,0.7587318645889307,0.6894331656620944,0.679988623710344,0.8996973309877715,0.7361633530360021,0.6964894187804619,0.6712203217991045,0.8996973309877715,0.8888512770386459,0.91028271062687,0.6603131009077359,0.7177170538289963
age_class,lstm,,30s,60,test,0.5,30.0,1861,111660,0.7134246820705714,0.6611125077939859,0.6418913047418836,0.868132203362444,0.7721655024180548,0.7215234672564074,0.7033244501870843,0.908789304952553,0.7678667383127351,0.7218254603448501,0.7019724907427869,0.908789304952553,0.8986331787089258,0.919057826305424,0.6950768596110276,0.749794603908348
age_class,lstm,,30s,8,test,0.5,4.0,1861,14888,0.708221386351424,0.6433341087549752,0.6318451507347819,0.8589993033546625,0.7662547017732402,0.7023859482511448,0.6924253876743549,0.9035393869369726,0.7587318645889307,0.7124560299158519,0.6923008513315576,0.9035393869369726,0.8931334376918171,0.9143529586193349,0.6746210761121431,0.7303244602149429
age_class,lstm,,30s,80,test,0.5,40.0,1861,148880,0.7144075765717356,0.6612136019841852,0.6422264742904588,0.8681265070928551,0.7678667383127351,0.7186436386780136,0.6982003748817984,0.9085037669911492,0.7603439011284255,0.7129531189999962,0.6931197983217597,0.9085037669911492,0.8983827858055393,0.918802979821113,0.6909882342488337,0.7465375528120587
age_class,lstm,,30s,all,test,0.5,,1861,2092285,0.7293217702177285,0.6670622440491399,0.6464691703741413,0.8773573276851022,0.7705534658785599,0.7203148131395901,0.7011836036255619,0.9086442609211666,0.7641053197205804,0.7124102288508665,0.6933685284358665,0.9086442609211666,0.8984415467732263,0.9189260154530086,0.6936220200943668,0.7478563210668483
age_class,lstm,,10m,1,test,10.0,10.0,1861,1861,0.7297152068780226,0.6266859245727319,0.6270177626841653,0.869208383066938,0.7297152068780226,0.6266859245727319,0.6270177626841653,0.869208383066938,0.7297152068780226,0.6266859245727319,0.6270177626841653,0.869208383066938,0.8557280692973757,0.8824553318586372,0.5990073366586423,0.6538607731706073
age_class,lstm,,10m,10,test,10.0,100.0,1861,18610,0.7430951101558302,0.6909027517320078,0.6659641674183282,0.8895711924160526,0.7904352498656636,0.743783500131692,0.7218890456263676,0.9224627683975604,0.7818377216550242,0.7421602111417919,0.7137186032296191,0.9224627683975604,0.91220723494996,0.9321850521030002,0.7173030417894017,0.7708748583014116
age_class,lstm,,10m,100,test,10.0,1000.0,1861,103691,0.7594294586801169,0.6976457572420071,0.671419471988768,0.899504241061185,0.7904352498656636,0.7523377654860743,0.7262322095247389,0.9245197049908668,0.7920472864051585,0.7536023465255823,0.72705829167528,0.9245197049908668,0.9146589355837852,0.934130376501252,0.7278555482089684,0.7768673914361938
age_class,lstm,,10m,12,test,10.0,120.0,1861,22332,0.741850259716998,0.6899845722610823,0.6651721693867484,0.8896262060274713,0.7872111767866738,0.7458959429309342,0.7222891643118219,0.9218836448876604,0.7829124126813541,0.7373254884983109,0.7139548615494529,0.9218836448876604,0.9120702896946198,0.93159926829032,0.7205619907738509,0.770277400851332
age_class,lstm,,10m,16,test,10.0,160.0,1861,29776,0.7454325631380978,0.694384712524888,0.6684314390801441,0.8920872157860581,0.7920472864051585,0.7513750713587969,0.7269383697142907,0.9247197865522502,0.7941966684578183,0.7569609907031886,0.727824509366162,0.9247197865522502,0.914994654393964,0.9339768824427904,0.7248526161085908,0.777373841477206
age_class,lstm,,10m,2,test,10.0,20.0,1861,3722,0.7006985491671145,0.6392021916066654,0.6192596071996425,0.8564384909361076,0.7404621171413218,0.675112201991593,0.6581817601286152,0.8850092155206436,0.661472326706072,0.6704495965762173,0.6073478783942986,0.8850092155206436,0.8730579192882125,0.8965113756573909,0.6468722700517845,0.7009813540512264
age_class,lstm,,10m,20,test,10.0,200.0,1861,37220,0.7455937667920473,0.6955830092220635,0.6698146029347162,0.8914572572121333,0.7920472864051585,0.7545009661029426,0.7274894050865458,0.9235502137194666,0.7909725953788286,0.7523723342254595,0.7244751937785615,0.9235502137194666,0.9133840692096288,0.9334449050124072,0.7298653864491944,0.779162532431857
age_class,lstm,,10m,25,test,10.0,250.0,1861,46525,0.745061794734014,0.6945292194812293,0.6686491299670455,0.8923371165540755,0.7931219774314885,0.7536907577809672,0.7290399424289188,0.9242344728406592,0.7920472864051585,0.7542387108589498,0.7294590623399172,0.9242344728406592,0.9145951009950396,0.933816450748846,0.7285247513997893,0.7789505924933541
age_class,lstm,,10m,3,test,10.0,30.0,1861,5583,0.7168189145620634,0.6572477227307392,0.6356596791976762,0.8716276387366687,0.7684040838259001,0.7084037980147553,0.6909254932764025,0.905773968069269,0.7506716818914562,0.6965683859411876,0.6683267241538181,0.905773968069269,0.894593468226001,0.9170647424809,0.6793604728503879,0.7355337597279157
age_class,lstm,,10m,30,test,10.0,300.0,1861,55820,0.7465782873522036,0.6953326958840252,0.6701016289784146,0.8924720263592109,0.7888232133261688,0.7490888907471588,0.7232826548322677,0.924150448939286,0.7888232133261688,0.7480591435478022,0.7216326670541403,0.924150448939286,0.914370091170232,0.9337860445520472,0.723332621401411,0.7734663041505997
age_class,lstm,,10m,4,test,10.0,40.0,1861,7444,0.7326706072004299,0.6808550847039173,0.6563339823822617,0.8817169863735158,0.7882858678130038,0.7411923479094495,0.7191236082286218,0.9157534854803666,0.7598065556152606,0.7356058529782237,0.6956138726068973,0.9157534854803666,0.9052103634809168,0.9263746447905594,0.7137482098932021,0.7684639520192631
age_class,lstm,,10m,40,test,10.0,400.0,1861,74330,0.7475985470200457,0.6963968769960781,0.6710817111701473,0.8929811746581908,0.7909725953788286,0.7521852796807722,0.7267411718979941,0.9244108703050822,0.7915099408919936,0.7543911966642517,0.7267138606046668,0.9244108703050822,0.9146510720510718,0.933877594834232,0.7276900633280019,0.776819030123773
age_class,lstm,,10m,5,test,10.0,50.0,1861,9305,0.7299301450832886,0.6750259645544463,0.6513346688020353,0.8820257210958738,0.7775389575497045,0.7292104070749033,0.7071691141238192,0.9166203810036312,0.7689414293390651,0.7194821625193009,0.6935152813289481,0.9166203810036312,0.906532076608814,0.926698294052977,0.7034994986357765,0.7547036102627711
age_class,lstm,,10m,50,test,10.0,500.0,1861,91332,0.7487627556606666,0.6966820764981824,0.6709528338358028,0.89380711097828,0.7904352498656636,0.752655947652758,0.7264349869151329,0.9245588792644788,0.7904352498656636,0.7520755102420815,0.7249655688983223,0.9245588792644788,0.914797448028607,0.9342231460624056,0.7277363293130484,0.7774578796993867
age_class,lstm,,10m,6,test,10.0,60.0,1861,11166,0.7381336199176071,0.6829073213997082,0.6579755124371492,0.8865549151455565,0.7882858678130038,0.7392832549093478,0.7172526854597879,0.9201822926127028,0.7732401934443848,0.7414355417292519,0.7051676665363882,0.9201822926127028,0.9103593660802666,0.9301262632871898,0.7123338569806318,0.7648273495528962
age_class,lstm,,10m,60,test,10.0,600.0,1861,99487,0.7536864112899173,0.6966718582607997,0.6707861918325332,0.8963876456801628,0.7909725953788286,0.7529527716361359,0.7264725202654381,0.9245210098492236,0.7915099408919936,0.7533055225422046,0.7263563542316097,0.9245210098492236,0.9147118778291168,0.9341447526180428,0.72906410660161,0.7783744489007944
age_class,lstm,,10m,8,test,10.0,80.0,1861,14888,0.7385814078452445,0.6868063703648467,0.6609025153189967,0.8890425940874914,0.7877485222998388,0.7421123256701154,0.7185761082276866,0.9215194983553088,0.7770016120365395,0.7388524309580239,0.7074342837894859,0.9215194983553088,0.9115702045009466,0.93183950428065,0.7161782478336406,0.76704838155726
age_class,lstm,,10m,80,test,10.0,800.0,1861,103504,0.7590238058432525,0.6975265301002533,0.6713184326960929,0.8993049237231411,0.7904352498656636,0.7523377654860743,0.7262322095247389,0.924523235546628,0.7920472864051585,0.7536023465255823,0.72705829167528,0.924523235546628,0.9146619767039218,0.9341347395911468,0.7278555482089684,0.7768673914361938
age_class,lstm,,10m,all,test,10.0,,1861,103703,0.7594572963173679,0.6976541787233207,0.6714273094576196,0.8995177030310338,0.7904352498656636,0.7523377654860743,0.7262322095247389,0.9245197049908668,0.7920472864051585,0.7536023465255823,0.72705829167528,0.9245197049908668,0.9146589355837852,0.934130376501252,0.7278555482089684,0.7768673914361938
age_class,lstm,,40m,1,test,40.0,40.0,1861,1861,0.738850080601827,0.6972426998880635,0.6820149450705811,0.8881003269603952,0.738850080601827,0.6972426998880635,0.6820149450705811,0.8881003269603952,0.738850080601827,0.6972426998880635,0.6820149450705811,0.8881003269603952,0.8759463796893076,0.9004946414134858,0.6710805762463585,0.7247969105082475
age_class,lstm,,40m,10,test,40.0,400.0,1861,18571,0.7668407732486134,0.7222439317392214,0.7044844833159404,0.9038423470045928,0.8065556152606126,0.7682039451012206,0.7525224249719108,0.9307650179329784,0.800107469102633,0.7722977030777086,0.7474022673126037,0.9307650179329784,0.9215715265790206,0.939669646509236,0.7430151167889743,0.7941597426704218
age_class,lstm,,40m,12,test,40.0,480.0,1861,21932,0.7701076053255517,0.7247025991839244,0.7068860727315912,0.9054598577397076,0.8038688876947877,0.7629575661068184,0.7480973719583929,0.9317010274024878,0.7968833960236432,0.7647142794778303,0.7430481133928707,0.9317010274024878,0.922533437739904,0.9405765431372004,0.7364111273908622,0.7899965470285029
age_class,lstm,,40m,16,test,40.0,640.0,1861,24798,0.7771594483426083,0.7245604906031841,0.7063718340418204,0.9090606298851256,0.8060182697474476,0.7675889389511591,0.7523329532319587,0.931613561348436,0.800107469102633,0.7650913670893664,0.746251927836567,0.931613561348436,0.9224225314025082,0.9403521057833288,0.7416188145966491,0.7939809760801323
age_class,lstm,,40m,2,test,40.0,80.0,1861,3722,0.7348199892530898,0.6872210569289803,0.6734464077268342,0.8857035515538662,0.7737775389575497,0.7300695849835632,0.716357128419261,0.9077802757690584,0.6980118216012896,0.7134308896017524,0.6591853469571706,0.9077802757690584,0.8966479996305939,0.9191990875278552,0.7043554551695698,0.7575699741183004
age_class,lstm,,40m,20,test,40.0,800.0,1861,25254,0.7798764552150155,0.7252911196325816,0.706828699935079,0.9105328929836074,0.8054809242342826,0.7669739328010977,0.7518103380252872,0.931567090426434,0.800107469102633,0.7650913670893664,0.7459329891980566,0.931567090426434,0.9224118001601478,0.940331461576139,0.7407641123198437,0.7929715482416374
age_class,lstm,,40m,25,test,40.0,1000.0,1861,25290,0.7801897983392645,0.7254053209241252,0.7069237595909108,0.910683063834036,0.8054809242342826,0.7669739328010977,0.7518103380252872,0.931567090426434,0.800107469102633,0.7650913670893664,0.7459329891980566,0.931567090426434,0.922412257275292,0.9403310610987832,0.7407641123198437,0.7929715482416374
age_class,lstm,,40m,3,test,40.0,120.0,1861,5583,0.7508507970625112,0.7044901223450237,0.6898277778965903,0.8939938049583646,0.7963460505104782,0.7568177366401211,0.7408357541761633,0.9217530396577231,0.7807630306286942,0.7397307764670864,0.7201499367412313,0.9217530396577231,0.9117532235394104,0.9316623237153896,0.731001350207257,0.7842679203851795
age_class,lstm,,40m,4,test,40.0,160.0,1861,7444,0.7565824825362708,0.7106839517292988,0.6943806404841886,0.8981140140626039,0.799570123589468,0.7584116259957009,0.7433669450516586,0.9257044217777252,0.7791509940891993,0.7593177114372412,0.7296486727549697,0.9257044217777252,0.916205096181434,0.9346422579557914,0.7330531623865373,0.783657713081293
age_class,lstm,,40m,5,test,40.0,200.0,1861,9305,0.7602364320257926,0.7144665279044161,0.6979788598718372,0.900983544128866,0.8017195056421279,0.7631741264620381,0.747036689943619,0.9282157724926736,0.7958087049973133,0.7575506598560997,0.738004143922967,0.9282157724926736,0.9184656689910704,0.9376132842610522,0.7365243765066686,0.789459625239284
age_class,lstm,,40m,6,test,40.0,240.0,1861,11166,0.7621350528389754,0.7169565731766864,0.6995956539622953,0.9017811028546036,0.8076303062869425,0.7622835483356925,0.7491316176202719,0.9288494368586084,0.7947340139709833,0.7657542587111044,0.7402830225884917,0.9288494368586084,0.9193179270021636,0.9382736365275702,0.735659339142611,0.7883729729527986
age_class,lstm,,40m,8,test,40.0,320.0,1861,14884,0.7663262563826928,0.7220503535106689,0.7048076299757927,0.9039412960172708,0.8060182697474476,0.7671396291624791,0.7526249113794813,0.931724924242428,0.7979580870499732,0.7747415385997137,0.7494566968856833,0.931724924242428,0.9227667027493114,0.9404731705306962,0.7406870773043489,0.7929666063776679
age_class,lstm,,40m,all,test,40.0,,1861,25292,0.7802071801360114,0.7254116502839999,0.7069290276278991,0.910691290724974,0.8054809242342826,0.7669739328010977,0.7518103380252872,0.9315666882259144,0.800107469102633,0.7650913670893664,0.7459329891980566,0.9315666882259144,0.922412257275292,0.9403310308041252,0.7407641123198437,0.7929715482416374
age_class,lstm,,80m,1,test,80.0,80.0,1861,1861,0.7560451370231058,0.7105399795797438,0.6950972445240201,0.9008776510586964,0.7560451370231058,0.7105399795797438,0.6950972445240201,0.9008776510586964,0.7560451370231058,0.7105399795797438,0.6950972445240201,0.9008776510586964,0.8892177729463429,0.9124820476266574,0.6830961215102367,0.7380831898211055
age_class,lstm,,80m,10,test,80.0,800.0,1861,12062,0.7938981926711988,0.7348636615136982,0.7246397923574072,0.9185457289701778,0.8135411069317571,0.7556271436558114,0.755465571030991,0.9344754867432296,0.8097796883396023,0.7643309162933343,0.757633941314094,0.9344754867432296,0.9248196178513804,0.9432100633774182,0.7293316870879,0.7822880031695102
age_class,lstm,,80m,12,test,80.0,960.0,1861,12074,0.7941030313069405,0.7349473117536323,0.7247040154484653,0.9186240778499852,0.8135411069317571,0.7556271436558114,0.755465571030991,0.9344726643121696,0.8097796883396023,0.7643309162933343,0.757633941314094,0.9344726643121696,0.9248147419319844,0.9432092087102784,0.7293316870879,0.7822880031695102
age_class,lstm,,80m,2,test,80.0,160.0,1861,3722,0.761687264911338,0.7172790731759972,0.703329874413094,0.899814968327754,0.7877485222998388,0.7417729753196637,0.730698830421966,0.91919567475581,0.7211176786673831,0.725089372988338,0.6773137040259266,0.91919567475581,0.90904866325889,0.9292570725597794,0.7153491319507421,0.7680289833789959
age_class,lstm,,80m,3,test,80.0,240.0,1861,5583,0.7739566541286047,0.7291072876200259,0.7165148886737244,0.9073064593159256,0.8054809242342826,0.7530279499825547,0.7464811755507609,0.9293997959203184,0.7984954325631382,0.7499367301540062,0.7398341988902795,0.9293997959203184,0.9195638248297054,0.938950019170548,0.7264588381590174,0.7795008313848913
age_class,lstm,,80m,4,test,80.0,320.0,1861,7442,0.7764041924213921,0.7271003802475925,0.717107552704637,0.9088106089963992,0.8130037614185922,0.763435275238136,0.7586977371001481,0.9306805697984496,0.7941966684578183,0.77007976582937,0.7513617431320833,0.9306805697984496,0.9211857546056376,0.9401689968194832,0.7374097920983244,0.7882930928391269
age_class,lstm,,80m,5,test,80.0,400.0,1861,9278,0.7810950635912912,0.7321423442475442,0.7220598464240725,0.911746879041638,0.8135411069317571,0.7617478055221064,0.757501527698368,0.9329531096208772,0.8108543793659323,0.7605818677719007,0.7552711544284235,0.9329531096208772,0.9234438027675806,0.942091587013485,0.7343302153057097,0.7885729522104609
age_class,lstm,,80m,6,test,80.0,480.0,1861,10853,0.7835621487146411,0.7323907886299525,0.7231904724922579,0.9133951727861368,0.815690488984417,0.7560469476339593,0.7561368149720327,0.9339958410650908,0.8076303062869425,0.7640981668598738,0.7565175989678558,0.9339958410650908,0.9244575304436844,0.9429213309360124,0.7297019524295848,0.7821462276857575
age_class,lstm,,80m,8,test,80.0,640.0,1861,11906,0.7914496892323198,0.7337310911016884,0.7237345560842338,0.9173492411392354,0.8135411069317571,0.7556271436558114,0.755465571030991,0.934306340485902,0.8097796883396023,0.7643309162933343,0.757633941314094,0.934306340485902,0.924585840676462,0.943120102174502,0.7293316870879,0.7822880031695102
age_class,lstm,,80m,all,test,80.0,,1861,12076,0.7941371315004968,0.7349612278590428,0.7247146986388721,0.9186356420727908,0.8135411069317571,0.7556271436558114,0.755465571030991,0.9344726643121696,0.8097796883396023,0.7643309162933343,0.757633941314094,0.9344726643121696,0.9248147419319844,0.9432092087102784,0.7293316870879,0.7822880031695102
age_class,lstm,,120m,1,test,120.0,120.0,1861,1861,0.7635679742074154,0.7057497615338159,0.6958462254223724,0.8994175088801631,0.7635679742074154,0.7057497615338159,0.6958462254223724,0.8994175088801631,0.7635679742074154,0.7057497615338159,0.6958462254223724,0.8994175088801631,0.888656562236722,0.910596846534503,0.6795667563181103,0.7328108064740108
age_class,lstm,,120m,2,test,120.0,240.0,1861,3722,0.7646426652337452,0.7209527729102505,0.7068478790934973,0.9026279507127534,0.7796883396023643,0.731612610345305,0.7200450401306471,0.9162136391052657,0.7404621171413218,0.7438992657322578,0.6981044365327991,0.9162136391052657,0.90602722782027,0.9262497279323182,0.7032314522189985,0.7582172328232039
age_class,lstm,,120m,3,test,120.0,360.0,1861,5573,0.7656558406603265,0.7239284722311975,0.7077547588698562,0.906869418969892,0.7931219774314885,0.7469877640968424,0.7342764637033067,0.921020785379432,0.7850617947340139,0.7422924228787965,0.7255313372368951,0.921020785379432,0.9111924009010264,0.9305428103190472,0.7214720185798502,0.774736867381981
age_class,lstm,,120m,4,test,120.0,480.0,1861,7148,0.7719641857862339,0.7280986141309507,0.7115787783945793,0.9097971347009116,0.7909725953788286,0.7518652031069349,0.7361276964410862,0.9230335270477646,0.7737775389575497,0.7510522286152224,0.7250747933962635,0.9230335270477646,0.9132565338652748,0.932475835135448,0.7258230913640538,0.7800031611871073
age_class,lstm,,120m,5,test,120.0,600.0,1861,7684,0.7788912024986986,0.7293776139276366,0.7120336404560295,0.9131705506405292,0.7882858678130038,0.7497447188566784,0.733620158545713,0.9234512722429924,0.7748522299838796,0.7482017996711487,0.7241448139693785,0.9234512722429924,0.9137719252321258,0.932896684031951,0.7237301517607619,0.7776253610412501
age_class,lstm,,120m,6,test,120.0,720.0,1861,7804,0.7817785750896976,0.7302420390474765,0.7128683784517426,0.9147085223843736,0.7882858678130038,0.7497447188566784,0.733620158545713,0.9235186916692668,0.7748522299838796,0.7482017996711487,0.7241448139693785,0.9235186916692668,0.9137906054429497,0.9330441454354738,0.7237301517607619,0.7776253610412501
age_class,lstm,,120m,8,test,120.0,960.0,1861,7823,0.7823085772721462,0.7304516362260846,0.7130336799801326,0.9149807802462484,0.7882858678130038,0.7497447188566784,0.733620158545713,0.9235186916692668,0.7748522299838796,0.7482017996711487,0.7241448139693785,0.9235186916692668,0.9137906054429497,0.9330441454354738,0.7237301517607619,0.7776253610412501
age_class,lstm,,120m,all,test,120.0,,1861,7823,0.7823085772721462,0.7304516362260846,0.7130336799801326,0.9149807802462484,0.7882858678130038,0.7497447188566784,0.733620158545713,0.9235186916692668,0.7748522299838796,0.7482017996711487,0.7241448139693785,0.9235186916692668,0.9137906054429497,0.9330441454354738,0.7237301517607619,0.7776253610412501
age_class,lstm,,240m,1,test,240.0,240.0,1861,1861,0.7882858678130038,0.7097829990693824,0.7110645328552471,0.916706332795464,0.7882858678130038,0.7097829990693824,0.7110645328552471,0.916706332795464,0.7882858678130038,0.7097829990693824,0.7110645328552471,0.916706332795464,0.9061891221121338,0.9269134318445048,0.6821611302775202,0.7374133523667746
age_class,lstm,,240m,2,test,240.0,480.0,1861,3436,0.7968568102444703,0.7101367367873452,0.7144795596488166,0.9177633858081414,0.7974207415368082,0.7157835532868568,0.71992099708847,0.9237412251499298,0.7866738312735089,0.7340867396171009,0.7182457802678471,0.9237412251499298,0.9136781108296308,0.9332096554246172,0.6884078591387564,0.7435557805755157
age_class,lstm,,240m,3,test,240.0,720.0,1861,3556,0.8025871766029247,0.7113009275265981,0.7159049802257357,0.920807134457372,0.7984954325631382,0.7170135655869797,0.721024632644351,0.9238106796266238,0.7866738312735089,0.7340867396171009,0.7182457802678471,0.9238106796266238,0.9137220717720144,0.9333175001944884,0.689459670934655,0.7448899281127052
age_class,lstm,,240m,4,test,240.0,960.0,1861,3559,0.8027535824669851,0.711343425101029,0.7159501947161703,0.9208906951828064,0.7984954325631382,0.7170135655869797,0.721024632644351,0.9238305973401324,0.7866738312735089,0.7340867396171009,0.7182457802678471,0.9238305973401324,0.9137461375734112,0.9333211473435002,0.689459670934655,0.7448899281127052
age_class,lstm,,240m,all,test,240.0,,1861,3559,0.8027535824669851,0.711343425101029,0.7159501947161703,0.9208906951828064,0.7984954325631382,0.7170135655869797,0.721024632644351,0.9238305973401324,0.7866738312735089,0.7340867396171009,0.7182457802678471,0.9238305973401324,0.9137461375734112,0.9333211473435002,0.689459670934655,0.7448899281127052
age_class,transformer,,30s,1,test,0.5,0.5,1861,1861,0.6781300376141859,0.5603252499259505,0.5694930222100998,0.8080501976386237,0.6781300376141859,0.5603252499259505,0.5694930222100998,0.8080501976386237,0.6781300376141859,0.5603252499259505,0.5694930222100998,0.8080501976386237,0.79047796594495,0.8247560798099828,0.5332902034292428,0.588371766997633
age_class,transformer,,30s,10,test,0.5,5.0,1861,18610,0.7018807092960774,0.6435262424343581,0.6229263912161482,0.8556922395997019,0.7641053197205804,0.7117564851480379,0.691906610223422,0.9007956961071328,0.7522837184309511,0.7139676774127945,0.6858980021874882,0.9007956961071328,0.8901554090372967,0.9112851503166772,0.6850473443474275,0.7390063309454352
age_class,transformer,,30s,100,test,0.5,50.0,1861,186100,0.7103062869425041,0.6616829998092628,0.6342413240281148,0.8656936241591606,0.7710908113917249,0.7297096867419507,0.7019981094438544,0.9068301632690318,0.7630306286942504,0.7202782661697262,0.6924257303913173,0.9068301632690318,0.8965897671537918,0.9170136920029108,0.7043558448280406,0.7553646456173194
age_class,transformer,,30s,12,test,0.5,6.0,1861,22332,0.7040569586243954,0.6452411047748874,0.6240060010942923,0.8579293713530599,0.7608812466415905,0.7028251321821194,0.682917208366557,0.9016587374493928,0.7501343363782912,0.7037768063362209,0.6776179701380635,0.9016587374493928,0.8910606054546683,0.9125263444657576,0.6756896072316829,0.7301738251128745
age_class,transformer,,30s,120,test,0.5,60.0,1861,223320,0.7103931578004657,0.6617673719352636,0.6346822036658,0.8658410344720547,0.7684040838259001,0.727139892703014,0.7002394777311814,0.9068230288972512,0.7641053197205804,0.7208719141364819,0.6935465000491735,0.9068230288972512,0.8963877301942011,0.9173791016299848,0.7013510191663754,0.7526186007369565
age_class,transformer,,30s,16,test,0.5,8.0,1861,29776,0.7090274046211714,0.6544502360168667,0.6308824329110324,0.8616603061947498,0.7614185921547555,0.7028789746981192,0.6811766740931265,0.9053528667097224,0.7641053197205804,0.7124487764040959,0.6872431444947438,0.9053528667097224,0.8951423209581811,0.9156904414393608,0.6745338311706255,0.7298407028523131
age_class,transformer,,30s,160,test,0.5,80.0,1861,297760,0.7101692638366469,0.6613114327111274,0.6343959550591128,0.8654423755367925,0.7667920472864052,0.7218507973420003,0.6957264788658303,0.9065517932756398,0.7624932831810854,0.718895768064301,0.692491859292454,0.9065517932756398,0.8963695523287758,0.91667431367179,0.6964889753297109,0.7481251270286324
age_class,transformer,,30s,2,test,0.5,1.0,1861,3722,0.6547555077915099,0.5472543155656718,0.550699593804188,0.7955623630453527,0.6829661472326706,0.5648498318537621,0.573711489669304,0.8218074682244287,0.6378291241268136,0.5884326023917007,0.5641585980982236,0.8218074682244287,0.8048837947513441,0.8373362973648734,0.5384582183093838,0.5907986202689592
age_class,transformer,,30s,20,test,0.5,10.0,1861,37220,0.707469102632993,0.6551821384743005,0.6310380668831241,0.8610891755434263,0.7651800107469102,0.7171980663143539,0.692419399946557,0.9038146734833582,0.7581945190757657,0.7160159394859074,0.6877932470999024,0.9038146734833582,0.893453218391299,0.9141345967253204,0.6918427295929475,0.7441747735337789
age_class,transformer,,30s,200,test,0.5,100.0,1861,372200,0.7102847931219775,0.6619152408542549,0.6348888347424588,0.865670415950002,0.7716281569048898,0.7284715268146013,0.7024108535173089,0.907030036635868,0.7635679742074154,0.7208932723197877,0.6938872671787921,0.907030036635868,0.8965872970753209,0.9173816595106158,0.7022838735552267,0.7536290091698727
age_class,transformer,,30s,25,test,0.5,12.5,1861,46525,0.708006448146158,0.6544670295031952,0.630570845578113,0.8630980147100246,0.7705534658785599,0.7257817313030563,0.6995489654748267,0.9059492688719302,0.7598065556152606,0.7123766604031644,0.6869320056807057,0.9059492688719302,0.8954034394204212,0.9163962834174572,0.699857396967373,0.7514484081885072
age_class,transformer,,30s,250,test,0.5,125.0,1861,465250,0.7097431488447071,0.6618638953960005,0.6342961300131719,0.8658444088542852,0.7710908113917249,0.7300278689086342,0.702782778869171,0.9068040916703152,0.7624932831810854,0.7192139502309848,0.6923329714094458,0.9068040916703152,0.8962788862710734,0.9169286687991278,0.7052022708490041,0.7550449322080364
age_class,transformer,,30s,3,test,0.5,1.5,1861,5583,0.6765180010746911,0.5850532333625805,0.580825978370974,0.8237299244045057,0.7345513164965073,0.638810225354875,0.638377473835721,0.8704096002728412,0.6980118216012896,0.6169234298063809,0.6023729468173913,0.8704096002728412,0.8575944207560818,0.8827556649706837,0.6118791779809621,0.6661450182944106
age_class,transformer,,30s,30,test,0.5,15.0,1861,55830,0.708866200967222,0.6571305755354971,0.631994819557847,0.8643125558769169,0.7753895754970446,0.7291454384095153,0.7056454373834149,0.9072955783336984,0.7662547017732402,0.7220592100699933,0.6965652653240455,0.9072955783336984,0.8970169334656848,0.9173895656006668,0.7037402439885239,0.75355966016979
age_class,transformer,,30s,320,test,0.5,160.0,1861,595520,0.7106260075228372,0.6623759102193284,0.635176101233125,0.8660211138476966,0.7732401934443848,0.7314022193868329,0.7049045922112732,0.9069306647608556,0.7662547017732402,0.7223773922366771,0.6953657501421397,0.9069306647608556,0.8965427157632564,0.9171900593949188,0.7060986226207799,0.7561792207984196
age_class,transformer,,30s,4,test,0.5,2.0,1861,7444,0.6923696937130575,0.6144286869818196,0.60517148919411,0.8397576047554453,0.7479849543256314,0.676460025181421,0.6661809292879357,0.8884782504442706,0.723804406233208,0.6773092895847999,0.6561925530371395,0.8884782504442706,0.877308165793927,0.8997288793351503,0.6487416133102668,0.7045018983317447
age_class,transformer,,30s,40,test,0.5,20.0,1861,74440,0.708113917248791,0.6576744843708727,0.632233464320497,0.8638729443778278,0.7694787748522299,0.7264608120030353,0.7003713734962917,0.9055551471908486,0.7587318645889307,0.713317996347136,0.6863235521566038,0.9055551471908486,0.8951247609172907,0.9161331538262676,0.7009231530393659,0.7518311944953232
age_class,transformer,,30s,400,test,0.5,200.0,1861,744400,0.7101047823750671,0.6620311796757227,0.6346513583453174,0.8658545446132188,0.7700161203653949,0.7286667289865149,0.701897539492542,0.9068584519667896,0.7657173562600752,0.7206767119645683,0.6943306321871988,0.9068584519667896,0.8964447400384068,0.917387027797008,0.7034275603479331,0.753441627131387
age_class,transformer,,30s,5,test,0.5,2.5,1861,9305,0.691348737238044,0.6162672809329361,0.6035720985811688,0.8431902259573958,0.7560451370231058,0.6903459960872166,0.6746768104941993,0.8909227835231003,0.7356260075228371,0.6796471221295345,0.6580229133753311,0.8909227835231003,0.8802201287802784,0.9018388896251066,0.6635995889835254,0.7170189746132783
age_class,transformer,,30s,50,test,0.5,25.0,1861,93050,0.7104674905964535,0.6602108754572926,0.6342176062885824,0.8648476978973901,0.7700161203653949,0.7247733422870057,0.7007544454766946,0.9069728232923407,0.7673293927995701,0.7225217304147528,0.6970343754673515,0.9069728232923407,0.8965093527915609,0.9171862029501316,0.6989919698387808,0.7506342995215727
age_class,transformer,,30s,500,test,0.5,250.0,1861,930500,0.710745835572273,0.6625209800618732,0.6352125879940905,0.8659880199778365,0.7710908113917249,0.7289421947865872,0.7017858587124272,0.9070096690299124,0.7651800107469102,0.7206980701478739,0.6946121255680296,0.9070096690299124,0.8966680807044312,0.9173542487493,0.7037952273896593,0.7532467459035727
age_class,transformer,,30s,6,test,0.5,3.0,1861,11166,0.6980118216012896,0.6308553005024117,0.614552820172383,0.8505169999464268,0.7501343363782912,0.6800616508264051,0.6663562227636413,0.8965267487923184,0.7334766254701773,0.6849545971516924,0.6584403565425166,0.8965267487923184,0.8856793341545558,0.9073693119329508,0.6527649517154068,0.7077877806615416
age_class,transformer,,30s,60,test,0.5,30.0,1861,111660,0.7099677592692101,0.6613781321768367,0.6344830752621837,0.865259190108124,0.7678667383127351,0.7240353561421743,0.6984310806455639,0.9071261946606924,0.7641053197205804,0.7224068980472094,0.6939920474184764,0.9071261946606924,0.89676617857171,0.9174215035730856,0.6977711343919669,0.7488816170337775
age_class,transformer,,30s,8,test,0.5,4.0,1861,14888,0.7006985491671145,0.6419238413789085,0.6217952472751711,0.8542711648968669,0.7673293927995701,0.7146231031703524,0.6950637537385272,0.9009424640683462,0.7479849543256314,0.7073815166795788,0.6803433514144469,0.9009424640683462,0.8900976781345665,0.9117890104672975,0.6866371313679468,0.7414435038352123
age_class,transformer,,30s,80,test,0.5,40.0,1861,148880,0.7105185384202042,0.6609669422095842,0.6343339055423742,0.8652364810679943,0.7705534658785599,0.7262869680144273,0.6994204096247527,0.9066717763577816,0.7662547017732402,0.720973535947946,0.6956714191202468,0.9066717763577816,0.8961984691459298,0.9169246794691844,0.7008888287203852,0.7523360170237777
age_class,transformer,,30s,all,test,0.5,,1861,2092285,0.7255651118274996,0.6662223909101428,0.6381380065348039,0.8746839362950601,0.7694787748522299,0.7277335406697697,0.7005552345128013,0.9068878196928466,0.7662547017732402,0.7226955744033607,0.696187578153311,0.9068878196928466,0.896525441288939,0.9172385498195624,0.7018687464291211,0.7527004596588983
age_class,transformer,,10m,1,test,10.0,10.0,1861,1861,0.7178936055883933,0.6310665706744297,0.6279663051967289,0.866645602043902,0.7178936055883933,0.6310665706744297,0.6279663051967289,0.866645602043902,0.7178936055883933,0.6310665706744297,0.6279663051967289,0.866645602043902,0.8537390096931345,0.879679712739624,0.6035436461445486,0.6589737102377341
age_class,transformer,,10m,10,test,10.0,100.0,1861,18610,0.7407307898979043,0.6942954276208945,0.6753620516834623,0.8906149174449838,0.7866738312735089,0.7429958402842428,0.7251459647713392,0.9200218510739524,0.7764642665233745,0.7431586642996747,0.7188260094566337,0.9200218510739524,0.9106614581406972,0.9296783621879848,0.7174111739073902,0.770410862518017
age_class,transformer,,10m,100,test,10.0,1000.0,1861,103691,0.7600081009923716,0.7063696174513088,0.6861742590449662,0.9011527233933136,0.7920472864051585,0.7502315759069053,0.7328923122433736,0.9222541222901642,0.7872111767866738,0.7510042369673338,0.731003375804903,0.9222541222901642,0.9127675316840492,0.9315690582968812,0.7236297272294518,0.7770329598508376
age_class,transformer,,10m,12,test,10.0,120.0,1861,22332,0.7399695504209206,0.6952241783307942,0.6762521882381215,0.8900959665896372,0.7931219774314885,0.754587482951174,0.7380878083202589,0.91951890824568,0.7813003761418592,0.7469716811948137,0.7255389789819238,0.91951890824568,0.9099981269362016,0.9289991842400926,0.7292117221759514,0.780574965591992
age_class,transformer,,10m,16,test,10.0,160.0,1861,29776,0.745566899516389,0.7006740960760826,0.6819987319639694,0.8935284359897305,0.7877485222998388,0.7451803990844169,0.7276593733451907,0.9225732650430368,0.7818377216550242,0.743637373722675,0.7223172930707399,0.9225732650430368,0.9132100551614476,0.931978332074315,0.7196933000459995,0.7727092698550316
age_class,transformer,,10m,2,test,10.0,20.0,1861,3722,0.6934443847393874,0.6247770523073868,0.615761647212001,0.8551212494211878,0.7361633530360021,0.6723423328514274,0.6633030832651223,0.8819611629336861,0.646963997850618,0.6434351046856098,0.6004757930684325,0.8819611629336861,0.8701716613610403,0.8937295989427932,0.6450138080556351,0.7001362719697238
age_class,transformer,,10m,20,test,10.0,200.0,1861,37220,0.7444653412144009,0.7011464111065594,0.6813708861214423,0.8930029747776022,0.7958087049973133,0.7560716028680631,0.7381580434157619,0.9218428012362648,0.7861364857603439,0.7493249148785307,0.728739796161309,0.9218428012362648,0.9124550959950314,0.9311184462811064,0.7313064036028825,0.7817753043126492
age_class,transformer,,10m,25,test,10.0,250.0,1861,46525,0.7439656098871574,0.7001148860144716,0.6809053067009478,0.893604588407642,0.7952713594841483,0.7576279449620963,0.7398454706924565,0.9219433242697384,0.7893605588393336,0.7451722514571903,0.7290066007198889,0.9219433242697384,0.912570402945368,0.9313693964549108,0.732686932265049,0.7846530725613324
age_class,transformer,,10m,3,test,10.0,30.0,1861,5583,0.7166397993910084,0.655050739451004,0.6428338566976054,0.8726424013328877,0.7710908113917249,0.7107653693252362,0.6996818206079753,0.9046011396623024,0.7506716818914562,0.6939458335012594,0.6782657717683923,0.9046011396623024,0.893810958383788,0.9151132402394484,0.6840637524890365,0.7393931631290924
age_class,transformer,,10m,30,test,10.0,300.0,1861,55820,0.7466857757076317,0.7032708927505519,0.6836806739165806,0.8940038369592179,0.7936593229446535,0.7531622684791371,0.7348337629457289,0.9220505580931244,0.7888232133261688,0.7483195043846417,0.7292687125847088,0.9220505580931244,0.912362110357509,0.9314231654315028,0.7271536959035972,0.7812992629900242
age_class,transformer,,10m,4,test,10.0,40.0,1861,7444,0.7256851155292854,0.6713655452290435,0.6564751988979195,0.8813413823472135,0.7770016120365395,0.73005328972911,0.7148098970869565,0.9132295840417274,0.7442235357334767,0.7192285634307085,0.6901026809464667,0.9132295840417274,0.9035671922699282,0.9236710239393676,0.7041165512521507,0.7580031934196871
age_class,transformer,,10m,40,test,10.0,400.0,1861,74330,0.7470334992600565,0.703495265596822,0.6840062469504367,0.8943560027038785,0.7931219774314885,0.7505070417069772,0.733482273369983,0.9220225052529272,0.7898979043524986,0.7524883568842231,0.7331551428474371,0.9220225052529272,0.9125668200690435,0.9312245573115632,0.7240324119943776,0.777099225870056
age_class,transformer,,10m,5,test,10.0,50.0,1861,9305,0.7311123052122515,0.6801285362518336,0.6641175558704145,0.8838873226584884,0.7780763030628695,0.7346714520173715,0.7182312947380859,0.915620673583947,0.7673293927995701,0.7203118346174285,0.7040429377385898,0.915620673583947,0.9053802662670348,0.9258703624563532,0.7092226901633659,0.7619296633062207
age_class,transformer,,10m,50,test,10.0,500.0,1861,91332,0.7486751631410677,0.7041128054365263,0.6844341134513897,0.8951953507524225,0.7920472864051585,0.7505497580735888,0.7330390116513484,0.9222645802504847,0.7877485222998388,0.7519374252840789,0.7320261383425507,0.9222645802504847,0.9127698918294772,0.931626471369384,0.7237689618005048,0.777365098987825
age_class,transformer,,10m,6,test,10.0,60.0,1861,11166,0.737417159233387,0.6888491853188654,0.6714653605938102,0.8881827712686953,0.7850617947340139,0.7375004166019271,0.7219521111077504,0.9186162808294774,0.7667920472864052,0.7398560532209716,0.7111775373364777,0.9186162808294774,0.908992134251346,0.9286630234702176,0.7112299712280152,0.7653562527733965
age_class,transformer,,10m,60,test,10.0,600.0,1861,99487,0.7538371847578076,0.7046963792037949,0.684760524645395,0.8978934026417159,0.7920472864051585,0.7505497580735888,0.7330390116513484,0.9222354535829672,0.7866738312735089,0.7503892308172722,0.730490255518997,0.9222354535829672,0.9127177631447976,0.9315810156487324,0.7242563477483723,0.7774610019771029
age_class,transformer,,10m,8,test,10.0,80.0,1861,14888,0.7403949489521763,0.6916413074563351,0.6750004583838664,0.890520072231003,0.7893605588393336,0.7462579255792376,0.7285338975269665,0.9206012448630064,0.7737775389575497,0.7361150461505525,0.7169760587871452,0.9206012448630064,0.9111698861465616,0.9301354827958548,0.7190135028928328,0.7733848327010808
age_class,transformer,,10m,80,test,10.0,800.0,1861,103504,0.7595841706600711,0.7061951718117582,0.6860292521041043,0.9009250709524416,0.7920472864051585,0.7502315759069053,0.7328923122433736,0.9222537200896448,0.7872111767866738,0.7510042369673338,0.731003375804903,0.9222537200896448,0.912766731880924,0.9315673653666106,0.7236297272294518,0.7770329598508376
age_class,transformer,,10m,all,test,10.0,,1861,103703,0.7600358716719864,0.7063805607575987,0.6861830686204556,0.9011677970419836,0.7920472864051585,0.7502315759069053,0.7328923122433736,0.9222541222901642,0.7872111767866738,0.7510042369673338,0.731003375804903,0.9222541222901642,0.9127675316840492,0.9315690582968812,0.7236297272294518,0.7770329598508376
age_class,transformer,,40m,1,test,40.0,40.0,1861,1861,0.7512090274046211,0.7053231063958739,0.6911465521600856,0.896023979424759,0.7512090274046211,0.7053231063958739,0.6911465521600856,0.896023979424759,0.7512090274046211,0.7053231063958739,0.6911465521600856,0.896023979424759,0.8848751026237367,0.907457467705712,0.6796392262737386,0.7318402422276199
age_class,transformer,,40m,10,test,40.0,400.0,1861,18571,0.7699639222443595,0.7326520740163174,0.7117072013012579,0.9121391848071724,0.8044062332079527,0.7689064683911964,0.7490500585710019,0.9309786497377583,0.7947340139709833,0.7638818188570786,0.7407538107915905,0.9309786497377583,0.921786493497482,0.9399255606161444,0.7439557242133306,0.7944570465706918
age_class,transformer,,40m,12,test,40.0,480.0,1861,21932,0.7729345248951304,0.7354929324659615,0.7141603719047804,0.9133597460431084,0.8044062332079527,0.7692246505578799,0.7492919828605973,0.9314168126042838,0.7974207415368082,0.7645984468186041,0.7423846553518724,0.9314168126042838,0.922340010240928,0.9404297373003104,0.7455174996115708,0.794729360045227
age_class,transformer,,40m,16,test,40.0,640.0,1861,24798,0.7801435599645132,0.73591028068638,0.713863393633238,0.9166972451320348,0.8033315421816228,0.7655051078469787,0.7466591611220582,0.93133279994873,0.7947340139709833,0.7590338856575184,0.7385728230649145,0.93133279994873,0.922201476368302,0.9403600603627164,0.740916355428452,0.790149850293746
age_class,transformer,,40m,2,test,40.0,80.0,1861,3722,0.7367006985491671,0.6970658773772938,0.6786532643069921,0.8911295437069736,0.7657173562600752,0.7292850098344879,0.7132936768209284,0.9100704521277918,0.6947877485222999,0.7104138701808266,0.6581102757409284,0.9100704521277918,0.8996321258093176,0.9209020952167029,0.7020975094332135,0.7566946030840683
age_class,transformer,,40m,20,test,40.0,800.0,1861,25254,0.7829650748396294,0.7369036837381492,0.7144847611248096,0.9181109481172196,0.8038688876947877,0.7658019318303566,0.7470306462626687,0.9313238012622445,0.7947340139709833,0.7590338856575184,0.7385728230649145,0.9313238012622445,0.9221899549370736,0.9403781165370426,0.741303437539607,0.7903858384230378
age_class,transformer,,40m,25,test,40.0,1000.0,1861,25290,0.7832740213523132,0.7370359993894255,0.7145824315348174,0.9182644192575103,0.8038688876947877,0.7658019318303566,0.7470306462626687,0.9313242675292268,0.7947340139709833,0.7590338856575184,0.7385728230649145,0.9313242675292268,0.9221899549370736,0.9403790462556152,0.741303437539607,0.7903858384230378
age_class,transformer,,40m,3,test,40.0,120.0,1861,5583,0.753000179115171,0.7149606280350517,0.694980569879478,0.9010829772710288,0.783987103707684,0.7465274343349863,0.727058169255319,0.9226639751622342,0.7834497581945191,0.7453319907742483,0.7253500807995947,0.9226639751622342,0.9132118437539296,0.9320382629087924,0.7207441750180522,0.773591174315028
age_class,transformer,,40m,4,test,40.0,160.0,1861,7444,0.7581945190757657,0.7216251253913125,0.7009428077504465,0.9060140344714552,0.7898979043524986,0.752282028562921,0.734712501885145,0.9268612811639514,0.7689414293390651,0.7561483123872255,0.7236894773190455,0.9268612811639514,0.9174520502284508,0.9359451770421562,0.7257720147531691,0.7783584840521922
age_class,transformer,,40m,5,test,40.0,200.0,1861,9305,0.7633530360021494,0.7265157252223112,0.7062258082312339,0.9078305978149342,0.7931219774314885,0.7566084297966574,0.7374987609968899,0.9283966290716378,0.7931219774314885,0.7553916280526135,0.7363743287681074,0.9283966290716378,0.9190233870735725,0.9373719235258228,0.7305036778323327,0.782137298024326
age_class,transformer,,40m,6,test,40.0,240.0,1861,11166,0.7635679742074154,0.7250348021407778,0.7040469025455064,0.9085336327188608,0.799032778076303,0.7629993883579593,0.7442845770656404,0.9284860671572908,0.7802256851155293,0.7497469094395816,0.7244307872761576,0.9284860671572908,0.9192901061875836,0.937737388075401,0.738297174474429,0.7882509407271008
age_class,transformer,,40m,8,test,40.0,320.0,1861,14884,0.7688121472722387,0.7311655696171492,0.7105354266900923,0.9114973432976512,0.7984954325631382,0.7650050402406725,0.7442812065727086,0.9309144372684576,0.7941966684578183,0.7667108896178464,0.7415042782779193,0.9309144372684576,0.9216221279681468,0.9397804327085092,0.7413776360323299,0.789290400899606
age_class,transformer,,40m,all,test,40.0,,1861,25292,0.783291159259845,0.737043332698556,0.7145878438622125,0.9182726488995192,0.8038688876947877,0.7658019318303566,0.7470306462626687,0.9313242675292268,0.7947340139709833,0.7590338856575184,0.7385728230649145,0.9313242675292268,0.9221899549370736,0.9403790462556152,0.741303437539607,0.7903858384230378
age_class,transformer,,80m,1,test,80.0,80.0,1861,1861,0.7877485222998388,0.7244792844733653,0.71452173321111,0.9181219042574617,0.7877485222998388,0.7244792844733653,0.71452173321111,0.9181219042574617,0.7877485222998388,0.7244792844733653,0.71452173321111,0.9181219042574617,0.9085482940948258,0.9272638629293302,0.6978115817416629,0.7507947507070898
age_class,transformer,,80m,10,test,80.0,800.0,1861,12062,0.813795390482507,0.746938393497863,0.7368423242294665,0.9323132257514852,0.8237506716818914,0.7662844077147769,0.7600608417337505,0.9405193279327992,0.8226759806555616,0.77347753314704,0.7589634381373171,0.9405193279327992,0.9321817224555354,0.9484151548404464,0.7411985636445816,0.7924271375255671
age_class,transformer,,80m,12,test,80.0,960.0,1861,12074,0.8139804538678151,0.7469937005814797,0.7368930346812664,0.9324013670521692,0.8237506716818914,0.7662844077147769,0.7600608417337505,0.9405183065032064,0.8226759806555616,0.77347753314704,0.7589634381373171,0.9405183065032064,0.93218075298016,0.9484151548404464,0.7411985636445816,0.7924271375255671
age_class,transformer,,80m,2,test,80.0,160.0,1861,3722,0.7842557764642665,0.7263497880085747,0.7151312604160545,0.9164433275681138,0.8092423428264374,0.7540778650739967,0.7435448644699959,0.9291664013879476,0.7737775389575497,0.7603373327788923,0.7152033368565811,0.9291664013879476,0.920171411914792,0.93796046480929,0.7288351347611289,0.7800340074829499
age_class,transformer,,80m,3,test,80.0,240.0,1861,5583,0.7934802077735984,0.7373599156694132,0.7257478431855179,0.9214061768893028,0.8226759806555616,0.7703516384028942,0.7623039673681276,0.9357132630460724,0.8178398710370769,0.7659022571743881,0.7532458578335927,0.9357132630460724,0.9268647550890862,0.9443163169746112,0.743743937473509,0.7961917441430738
age_class,transformer,,80m,4,test,80.0,320.0,1861,7442,0.7979037893039506,0.739768516390703,0.7301884259808514,0.9247087773325304,0.8205265986029017,0.7604230225703134,0.7545625084605554,0.9379627165511782,0.8173025255239119,0.7792506132123309,0.757320778823987,0.9379627165511782,0.929423047842884,0.9462687040784762,0.7336745143288148,0.7868303654922343
age_class,transformer,,80m,5,test,80.0,400.0,1861,9278,0.8012502694546239,0.7451676274539119,0.7346476988549258,0.9262503945964804,0.8237506716818914,0.7656480433814097,0.7603308094131459,0.9393933029634328,0.8242880171950564,0.7724589120970716,0.762535363669627,0.9393933029634328,0.9311272693419588,0.9475407968153732,0.7391545010999354,0.7935798435391006
age_class,transformer,,80m,6,test,80.0,480.0,1861,10853,0.8040173223993365,0.7458962340220766,0.7358196705017409,0.9278180042706966,0.8232133261687264,0.7659875837313992,0.7600910360061572,0.9403872203081184,0.8232133261687264,0.7761327599191996,0.7610650733113721,0.9403872203081184,0.9321544877524744,0.9482221996316268,0.7407349692750687,0.7923016874281578
age_class,transformer,,80m,8,test,80.0,640.0,1861,11906,0.8117755753401646,0.7463182500835198,0.7362686244183543,0.9312903148928428,0.8237506716818914,0.7662844077147769,0.7600608417337505,0.9404408131013926,0.8226759806555616,0.77347753314704,0.7589634381373171,0.9404408131013926,0.9321628830002712,0.9482830795437944,0.7411985636445816,0.7924271375255671
age_class,transformer,,80m,all,test,80.0,,1861,12076,0.8140112620072871,0.7470029015019573,0.7369014707334647,0.9324159117881994,0.8237506716818914,0.7662844077147769,0.7600608417337505,0.9405183065032064,0.8226759806555616,0.77347753314704,0.7589634381373171,0.9405183065032064,0.93218075298016,0.9484151548404464,0.7411985636445816,0.7924271375255671
age_class,transformer,,120m,1,test,120.0,120.0,1861,1861,0.800107469102633,0.7398219538922087,0.7336415578853709,0.9256215372901968,0.800107469102633,0.7398219538922087,0.7336415578853709,0.9256215372901968,0.800107469102633,0.7398219538922087,0.7336415578853709,0.9256215372901968,0.9165093476009636,0.9350771775231598,0.714691232570328,0.7651489471045086
age_class,transformer,,120m,2,test,120.0,240.0,1861,3722,0.8052122514777001,0.7482851703505679,0.7414518327851986,0.9270619462071276,0.814615797958087,0.7561841384764912,0.7491000888382534,0.9363668946481672,0.7893605588393336,0.7693559905323006,0.7361216038803109,0.9363668946481672,0.9278344340943177,0.9448308058125215,0.7306153456247753,0.7824952177737322
age_class,transformer,,120m,3,test,120.0,360.0,1861,5573,0.8074645612775884,0.754398776351867,0.744494099177906,0.9300783173824136,0.8259000537345513,0.7754821847380704,0.7666876717289668,0.9402136388212168,0.8237506716818914,0.7698962653936787,0.761645192830697,0.9402136388212168,0.9317106017142408,0.9480481953966448,0.7499895113393946,0.8013827507214945
age_class,transformer,,120m,4,test,120.0,480.0,1861,7148,0.8109960828203693,0.756717774592619,0.7466865245489016,0.932238118959165,0.8248253627082214,0.7762923930600456,0.7663974688556124,0.9419695173835576,0.8194519075765717,0.7800252525032384,0.7642659240145918,0.9419695173835576,0.9336329682356064,0.9498805925950338,0.7498559561439019,0.8018642635994941
age_class,transformer,,120m,5,test,120.0,600.0,1861,7684,0.8163716814159292,0.7573376043976774,0.7468882921533674,0.9346644610255448,0.8248253627082214,0.7762923930600456,0.765982023331421,0.942284275676462,0.8205265986029017,0.7788968620145793,0.763976167683104,0.942284275676462,0.9338643997586912,0.949983228499512,0.7500780308571761,0.8016446314293356
age_class,transformer,,120m,6,test,120.0,720.0,1861,7804,0.8186827268067658,0.757828374764468,0.7473916883765012,0.93587233185644,0.8248253627082214,0.7762923930600456,0.765982023331421,0.9423404834998066,0.8205265986029017,0.7788968620145793,0.763976167683104,0.9423404834998066,0.9339113064723952,0.9500556874849454,0.7500780308571761,0.8016446314293356
age_class,transformer,,120m,8,test,120.0,960.0,1861,7823,0.8191230985555413,0.7579830774439168,0.7475163039912833,0.9360828323947498,0.8248253627082214,0.7762923930600456,0.765982023331421,0.9423404834998066,0.8205265986029017,0.7788968620145793,0.763976167683104,0.9423404834998066,0.9339113064723952,0.9500556874849454,0.7500780308571761,0.8016446314293356
age_class,transformer,,120m,all,test,120.0,,1861,7823,0.8191230985555413,0.7579830774439168,0.7475163039912833,0.9360828323947498,0.8248253627082214,0.7762923930600456,0.765982023331421,0.9423404834998066,0.8205265986029017,0.7788968620145793,0.763976167683104,0.9423404834998066,0.9339113064723952,0.9500556874849454,0.7500780308571761,0.8016446314293356
age_class,transformer,,240m,1,test,240.0,240.0,1861,1861,0.815153143471252,0.7681996701116264,0.7524235182651404,0.9360773109957352,0.815153143471252,0.7681996701116264,0.7524235182651404,0.9360773109957352,0.815153143471252,0.7681996701116264,0.7524235182651404,0.9360773109957352,0.9278019498456164,0.9448533077424334,0.7422522467610548,0.7940883012072593
age_class,transformer,,240m,2,test,240.0,480.0,1861,3436,0.8224679860302677,0.7623779542489183,0.7518409657399904,0.9375157988672812,0.8210639441160666,0.7677584017739608,0.7577482021596621,0.94158882866912,0.814615797958087,0.781360971604882,0.7530806330041945,0.94158882866912,0.9330561244269588,0.9495721747631348,0.7421149042514179,0.7946753889682964
age_class,transformer,,240m,3,test,240.0,720.0,1861,3556,0.8270528683914511,0.7625430068164327,0.7525068910289301,0.9399353848533424,0.8216012896292316,0.7683734079240224,0.7582998858628692,0.941564953156138,0.814078452444922,0.7796602913327733,0.751901150239506,0.941564953156138,0.9330048628326144,0.9496027595946388,0.7433660777950502,0.795314414835901
age_class,transformer,,240m,4,test,240.0,960.0,1861,3559,0.8271986513065468,0.7625790896626476,0.7525448045693839,0.9400044694592466,0.8216012896292316,0.7683734079240224,0.7582998858628692,0.9415654194231204,0.814078452444922,0.7796602913327733,0.751901150239506,0.9415654194231204,0.933007528558758,0.9496027595946388,0.7433660777950502,0.795314414835901
age_class,transformer,,240m,all,test,240.0,,1861,3559,0.8271986513065468,0.7625790896626476,0.7525448045693839,0.9400044694592466,0.8216012896292316,0.7683734079240224,0.7582998858628692,0.9415654194231204,0.814078452444922,0.7796602913327733,0.751901150239506,0.9415654194231204,0.933007528558758,0.9496027595946388,0.7433660777950502,0.795314414835901
apnea_binary,lstm,,30s,1,test,0.5,0.5,2077,2077,0.5864227250842562,0.5859023933383407,0.5844805200098282,0.6274858356283788,0.5864227250842562,0.5859023933383407,0.5844805200098282,0.6274858356283788,0.5864227250842562,0.5859023933383407,0.5844805200098282,0.6274858356283788,0.6039868058889689,0.6506105222131687,0.5647223593900014,0.6054652227799707
apnea_binary,lstm,,30s,10,test,0.5,5.0,2077,20770,0.6538276360134809,0.6534828590239334,0.6530457326699601,0.7242420183418181,0.7226769378911893,0.7222642594189594,0.7217941324205162,0.8031731901595868,0.6952335098700048,0.6943815431978562,0.6915161974169071,0.8031731901595868,0.7833726645813213,0.8209109608130893,0.7024232371896277,0.74039427020827
apnea_binary,lstm,,30s,100,test,0.5,50.0,2077,207700,0.666437168993741,0.6659778052874139,0.6651676840676586,0.7372291414675308,0.7260471834376505,0.7255992618762808,0.7250352659681023,0.8139464582116264,0.7125662012518055,0.7119518550458546,0.710673273125425,0.8139464582116264,0.7954838313287653,0.8313779502491526,0.7061820077839862,0.7437232428629784
apnea_binary,lstm,,30s,12,test,0.5,6.0,2077,24924,0.6569972717059862,0.6566067945710197,0.6560280855840146,0.7268600783406435,0.7125662012518055,0.7121331404567837,0.7115710582233962,0.8055285095650078,0.693307655272027,0.6924713235225934,0.6896984886319635,0.8055285095650078,0.7867383353443027,0.8233993766274331,0.6918900593612132,0.7305374743021117
apnea_binary,lstm,,30s,120,test,0.5,60.0,2077,249240,0.6671240571336864,0.6666640432055835,0.665853670506661,0.7374921253344686,0.7241213288396726,0.7236653962778534,0.7230695664617822,0.8143971216884116,0.7154549831487723,0.7148250665331368,0.7134901601061538,0.8143971216884116,0.7959544428711487,0.8315675545862866,0.7040275762418262,0.7413830311728151
apnea_binary,lstm,,30s,16,test,0.5,8.0,2077,33232,0.6606283100625903,0.6602321647147189,0.6596430367701638,0.7300251335733858,0.7241213288396726,0.7236969241754063,0.723197354873057,0.8086015522853088,0.7067886374578719,0.7060399106091375,0.7039887670030716,0.8086015522853088,0.7910362502183222,0.8261216087791574,0.704735701153865,0.7424959093615001
apnea_binary,lstm,,30s,160,test,0.5,80.0,2077,332320,0.6665773952816563,0.6661110309390676,0.6652727612275761,0.7370876958938681,0.7260471834376505,0.7256229077994455,0.7251296595510811,0.8139121484407602,0.7140105922002888,0.7133608738791368,0.7119184607481437,0.8139121484407602,0.7958239311823355,0.8310567389317816,0.7052852055824061,0.7433502937919898
apnea_binary,lstm,,30s,2,test,0.5,1.0,2077,4154,0.582089552238806,0.5820733765450987,0.5820705639407909,0.6241356487792212,0.6047183437650457,0.6044514609471352,0.6041600846827127,0.6569199098673046,0.5897929706307173,0.5880550996374292,0.5694947218459526,0.6569199098673046,0.6338877502756355,0.6787904983576771,0.5826734695408315,0.624540424716598
apnea_binary,lstm,,30s,20,test,0.5,10.0,2077,41540,0.6602551757342321,0.6598333889707997,0.6591503541432606,0.7292866279986276,0.7231584015406837,0.7227575782865515,0.7223218776019064,0.8060311013436448,0.7043813192103996,0.7036994278613885,0.7020172423139543,0.8060311013436448,0.7871034788011981,0.8231407106292588,0.7032902271484197,0.7404286238254523
apnea_binary,lstm,,30s,200,test,0.5,100.0,2077,415400,0.6666104959075589,0.6661471240066394,0.6653212720509227,0.7372007280973841,0.7221954742416947,0.7217315306794262,0.7211028829454025,0.8140938974972413,0.7135291285507944,0.7129148468578741,0.7116425418921741,0.8140938974972413,0.7958600498200398,0.8314902621339444,0.7021074270817188,0.7396863157693783
apnea_binary,lstm,,30s,25,test,0.5,12.5,2077,51925,0.6655175734232065,0.6650884542984579,0.6643935736838337,0.7356937966079691,0.7250842561386616,0.7246756799362024,0.7242240562840413,0.8130952049776987,0.7149735194992778,0.7144105674094269,0.713377269048445,0.8130952049776987,0.7943272026378337,0.8304342596943575,0.7054339351143307,0.7443891747735928
apnea_binary,lstm,,30s,250,test,0.5,125.0,2077,519250,0.667308618199326,0.6668420378149312,0.6660054893986348,0.7374899956268952,0.7284545016851228,0.7280264463423003,0.7275297677196783,0.8140141504622547,0.7120847376023111,0.7114743001270389,0.7102112906085805,0.8140141504622547,0.7956295151120962,0.8313197598588168,0.7081151813634973,0.7468262506537002
apnea_binary,lstm,,30s,3,test,0.5,1.5,2077,6231,0.6169154228855721,0.6167938600965001,0.6167636498700013,0.6741558302397872,0.6779008184882042,0.6776309566862325,0.6774222529900553,0.7454595191068333,0.6499759268175253,0.6497436040096067,0.6495778979440612,0.7454595191068333,0.7234358109398895,0.765635477711359,0.6573934299466963,0.6975564285213601
apnea_binary,lstm,,30s,30,test,0.5,15.0,2077,62310,0.6645321778205745,0.6641023358462922,0.6634017278245161,0.7350273159352916,0.7274915743861339,0.7270161626839513,0.7263695696702233,0.8129626023497556,0.7120847376023111,0.711371834459992,0.709577055098815,0.8129626023497556,0.7945618160802471,0.8307829990786677,0.7066379943992197,0.7452802568205277
apnea_binary,lstm,,30s,320,test,0.5,160.0,2077,664640,0.6670648772267693,0.6665960331645664,0.6657492590079529,0.7374207077768499,0.724602792489167,0.7241508331710573,0.7235692679975801,0.814070715219629,0.7154549831487723,0.7148644764050778,0.7137133441472496,0.814070715219629,0.7953562229803176,0.8313512827573996,0.7045938094588982,0.7427124871449422
apnea_binary,lstm,,30s,4,test,0.5,2.0,2077,8308,0.6304766490129995,0.6302922821561372,0.6301932244012771,0.6972539722832689,0.7024554646124218,0.7020966051872664,0.7017219263266501,0.7771784386272382,0.6615310544053924,0.6603221409297021,0.6534064595916498,0.7771784386272382,0.7567379085165143,0.7952421896922671,0.6823707456790117,0.7203824572340592
apnea_binary,lstm,,30s,40,test,0.5,20.0,2077,83080,0.6640587385652383,0.663605678730724,0.6628129029908879,0.7348873949842825,0.7284545016851228,0.7280106823935237,0.7274673917898781,0.8130608952068322,0.7096774193548387,0.7090234697378548,0.7075293450047814,0.8130608952068322,0.7954538309264911,0.8306009423738139,0.7074465009892347,0.7460816152900654
apnea_binary,lstm,,30s,400,test,0.5,200.0,2077,830800,0.6673387096774194,0.6668698987398114,0.6660242494864135,0.7374008584861045,0.7236398651901781,0.7231720774102615,0.7225361015535398,0.813824055785833,0.7130476649013,0.7124294099646702,0.7111351930569323,0.813824055785833,0.7954658254447139,0.8310683454920141,0.7042214262632508,0.7415084904742641
apnea_binary,lstm,,30s,5,test,0.5,2.5,2077,10385,0.6438131921039961,0.6435536576997616,0.6433255272299866,0.7099484426145899,0.7072701011073664,0.7069115642473642,0.7065484323731445,0.788816869279773,0.6918632643235436,0.6914327574855574,0.6908139208166562,0.788816869279773,0.7693420232336599,0.8069138338248615,0.6875114880917305,0.7252773854999741
apnea_binary,lstm,,30s,50,test,0.5,25.0,2077,103850,0.664612421762157,0.6641439897627062,0.6632900974715976,0.735525802987732,0.7265286470871449,0.7260689348207083,0.7254696450412446,0.8126677237785258,0.7120847376023111,0.7114033623575449,0.7097822653155452,0.8126677237785258,0.7945062133628563,0.8298848663220271,0.7066438982297256,0.743394096455258
apnea_binary,lstm,,30s,500,test,0.5,250.0,2077,1038500,0.6673211362542129,0.6668513645088603,0.6660016695318465,0.737891726795931,0.7260471834376505,0.7256150258250572,0.7250987137841078,0.8144054673083521,0.7125662012518055,0.7119676189946309,0.7107628982562066,0.8144054673083521,0.7963013103942217,0.8317499581954302,0.7057197418044187,0.743939823216963
apnea_binary,lstm,,30s,6,test,0.5,3.0,2077,12462,0.6490932434601188,0.6488247357993095,0.6485826974739368,0.7149936016913789,0.7178623013962446,0.717496592205191,0.7171394016691983,0.7931445368644578,0.6899374097255657,0.6889077438080136,0.6844864839364061,0.7931445368644578,0.7744352437569352,0.8121576881656255,0.6981070293241933,0.7355617882618447
apnea_binary,lstm,,30s,60,test,0.5,30.0,2077,124620,0.6647087144920558,0.6642568148168755,0.6634708847170212,0.7357887657909947,0.724602792489167,0.7241587151454456,0.7236016810351246,0.8129255107055757,0.7130476649013,0.7124057640415056,0.7109959974823173,0.8129255107055757,0.7951527854757221,0.8303441711171629,0.704698196671728,0.7426469921480016
apnea_binary,lstm,,30s,8,test,0.5,4.0,2077,16616,0.6544294655753491,0.6540870934987622,0.6536584133400707,0.7244995380931185,0.7125662012518055,0.7121016125592308,0.7114357385067682,0.8033465935961277,0.693307655272027,0.692384621804323,0.6889441490868627,0.8033465935961277,0.7848723536883466,0.8210140000573871,0.6923946961484052,0.7310085760674085
apnea_binary,lstm,,30s,80,test,0.5,40.0,2077,166160,0.6670197400096293,0.6665690460956408,0.665795660446644,0.7366942430001113,0.7274915743861339,0.7270792184790571,0.7266240953993266,0.8139279123895365,0.719306692344728,0.718716443653156,0.7175886288288436,0.8139279123895365,0.7958622342410631,0.8319572935111613,0.7069599843248557,0.7457119666438865
apnea_binary,lstm,,30s,all,test,0.5,,2077,2290302,0.6633675384294299,0.6628420194424887,0.662280169055629,0.7323237739133424,0.7250842561386616,0.7246283880898731,0.7240361648336434,0.8140475329420165,0.7140105922002888,0.7134081657254662,0.7121942639379812,0.8140475329420165,0.7957148102610891,0.8314512482089574,0.7051087397332694,0.7432726651059286
apnea_binary,lstm,,10m,1,test,10.0,10.0,2077,2077,0.6268656716417911,0.6267342661881845,0.6266981416713803,0.6782049498799158,0.6268656716417911,0.6267342661881845,0.6266981416713803,0.6782049498799158,0.6268656716417911,0.6267342661881845,0.6266981416713803,0.6782049498799158,0.6555625545786418,0.7002829474008553,0.6057761958626675,0.6478344036909951
apnea_binary,lstm,,10m,10,test,10.0,100.0,2077,20770,0.6841116995666827,0.6840002874602424,0.6839950812842204,0.7621578156730744,0.7554164660568127,0.7553606698750939,0.7553751275155337,0.837085153142126,0.7376023110255175,0.7370921078254096,0.7363700621715441,0.837085153142126,0.8204017269581411,0.8521292290706989,0.7371912617373232,0.772083487987974
apnea_binary,lstm,,10m,100,test,10.0,1000.0,2077,113466,0.6875716073537448,0.6875163114922246,0.6875223912316594,0.7661763236082951,0.7621569571497352,0.7621252584823954,0.7621326406842908,0.844896653406404,0.7525276841598459,0.7523771107463766,0.752378385499781,0.844896653406404,0.8285273543642804,0.8593009515764136,0.7438178519280254,0.7799592018788366
apnea_binary,lstm,,10m,12,test,10.0,120.0,2077,24924,0.6876905793612582,0.6875895222287133,0.6875896433902233,0.7643620230761543,0.7573423206547906,0.7572866534991329,0.7573013076138366,0.8385762372381562,0.7414540202214733,0.7411017145612522,0.7408289715988636,0.8385762372381562,0.8221110213987841,0.8533771470321796,0.7392973015561884,0.77516211262798
apnea_binary,lstm,,10m,16,test,10.0,160.0,2077,33232,0.6870787193066924,0.6869727770513998,0.6869708141495945,0.7662614404540018,0.7587867116032739,0.7587350822043564,0.7587489071473433,0.8397742973451656,0.7347135291285508,0.7343607718771155,0.7340721850111246,0.8397742973451656,0.8233016166769309,0.8542702827943325,0.7401551986593361,0.7755864144741376
apnea_binary,lstm,,10m,2,test,10.0,20.0,2077,4154,0.6222917669715936,0.6222171993954062,0.6222155564192118,0.6787923887946143,0.6485315358690419,0.6483661130738774,0.6483025292731355,0.715486688736195,0.6249398170438132,0.6234762288925362,0.611808767024032,0.715486688736195,0.694700663282797,0.7364240864290172,0.627901512751966,0.668549290874354
apnea_binary,lstm,,10m,20,test,10.0,200.0,2077,41540,0.6909244102070293,0.6908384797989633,0.6908437442863984,0.7680263466585064,0.7621569571497352,0.7621094945336189,0.7621224935687352,0.8419358129097467,0.7443428021184401,0.7440064539460873,0.743772368489833,0.8419358129097467,0.8253728989017777,0.8565664532368608,0.7428799347245486,0.7799219302678405
apnea_binary,lstm,,10m,25,test,10.0,250.0,2077,51925,0.6900529610014444,0.6899524299663393,0.6899532889308719,0.769326943926707,0.7626384207992296,0.762602813401211,0.7626117870982474,0.8431199636501886,0.751564756860857,0.7514220009087453,0.7514264084565843,0.8431199636501886,0.8265417969109028,0.857813313741542,0.745300375409862,0.7798066773399395
apnea_binary,lstm,,10m,3,test,10.0,30.0,2077,6231,0.6523832450649976,0.652310036689818,0.6523123111673516,0.7216217497158883,0.7130476649013,0.7129969121206221,0.7130060853582312,0.7873740043211765,0.6841598459316321,0.6839652822210477,0.6838871813146836,0.7873740043211765,0.7672880808275605,0.806011313740974,0.6933000247571572,0.7310451322184207
apnea_binary,lstm,,10m,30,test,10.0,300.0,2077,62293,0.6915544282664183,0.6914408080706116,0.6914397324641175,0.7694332677862159,0.7611940298507462,0.7611622666703759,0.7611696149380733,0.8429660333268423,0.7477130476649013,0.7474833319423966,0.7474178952899216,0.8429660333268423,0.8262953421955695,0.8573859537566756,0.7433646733399351,0.7786737354769574
apnea_binary,lstm,,10m,4,test,10.0,40.0,2077,8308,0.662614347616755,0.6625060273921792,0.6624968718676556,0.7373567045465083,0.731824747231584,0.7318107213397502,0.731808832055652,0.8074841665043907,0.6846413095811267,0.6837098135217589,0.6800801895389101,0.8074841665043907,0.7886092223509787,0.8244681401222397,0.7125846140379218,0.7487446264883995
apnea_binary,lstm,,10m,40,test,10.0,400.0,2077,82794,0.6923690122472643,0.6922669002142889,0.6922722689208991,0.7706531067011722,0.7616754935002408,0.7616555855379679,0.7616575926632132,0.8441733663448967,0.7472315840154068,0.7470609508442986,0.7470477009682441,0.8441733663448967,0.8277841847233897,0.8590221715927314,0.7441116367719374,0.7785309531570961
apnea_binary,lstm,,10m,5,test,10.0,50.0,2077,10385,0.6766490129995185,0.6765485297799538,0.6765463668911273,0.7524502554686994,0.7443428021184401,0.7442586771265103,0.7442742755067331,0.8239676931779194,0.7260471834376505,0.725859367031092,0.7258183772050811,0.8239676931779194,0.8058639055479386,0.8392716340144014,0.725279800400935,0.7617098475348558
apnea_binary,lstm,,10m,50,test,10.0,500.0,2077,100894,0.6923702103197416,0.6922647217770492,0.6922735675984615,0.7712990691856683,0.7636013480982186,0.7635736871876189,0.7635794264974225,0.8449624910748232,0.751564756860857,0.7513904730111924,0.7513775088849091,0.8449624910748232,0.8285572063903534,0.8591093230868706,0.7458172241386425,0.7811032609982077
apnea_binary,lstm,,10m,6,test,10.0,60.0,2077,12462,0.6755737441823142,0.6754896097031742,0.6754926515320314,0.7552120972336847,0.7477130476649013,0.7477276731484315,0.7477083105385262,0.8290492484305598,0.7168993740972557,0.7162734952383603,0.7149673441800197,0.8290492484305598,0.8124949835694134,0.8444025418512172,0.7284193263211446,0.7644506256664173
apnea_binary,lstm,,10m,60,test,10.0,600.0,2077,109358,0.6896523345342819,0.6895454958845368,0.689560685233001,0.7683219787273714,0.7636013480982186,0.7635579232388424,0.7635697797050229,0.844981036896913,0.7530091478093404,0.7528625476395805,0.7528659291385756,0.844981036896913,0.8287628253638752,0.8596370062838604,0.7461903145141412,0.7810794056168431
apnea_binary,lstm,,10m,8,test,10.0,80.0,2077,16616,0.682956186807896,0.6828433179403011,0.6828370787384015,0.7626946297094797,0.750601829561868,0.7505141829174433,0.7505309893746476,0.8366261440454,0.7274915743861339,0.7269373429400692,0.7260047733141903,0.8366261440454,0.8192742216376789,0.8524261563815542,0.7323431419975568,0.768152982896568
apnea_binary,lstm,,10m,80,test,10.0,800.0,2077,113281,0.6875292414438432,0.6874664842444893,0.6874732693668204,0.7661740313552919,0.7621569571497352,0.7621252584823954,0.7621326406842908,0.8448827440398365,0.7525276841598459,0.7523771107463766,0.752378385499781,0.8448827440398365,0.8285335203923947,0.859293946241235,0.7438178519280254,0.7799592018788366
apnea_binary,lstm,,10m,all,test,10.0,,2077,113497,0.6875776452241028,0.6875238393830028,0.687529965290884,0.766168331667176,0.7621569571497352,0.7621252584823954,0.7621326406842908,0.844891089659777,0.7525276841598459,0.7523771107463766,0.752378385499781,0.844891089659777,0.8285190556169046,0.859293714115315,0.7438178519280254,0.7799592018788366
apnea_binary,lstm,,40m,1,test,40.0,40.0,2077,2077,0.6389022628791526,0.6392879331608572,0.6382675856175517,0.7038065299839578,0.6389022628791526,0.6392879331608572,0.6382675856175517,0.7038065299839578,0.6389022628791526,0.6392879331608572,0.6382675856175517,0.7038065299839578,0.6814332221243139,0.7259020296713393,0.6182177383313302,0.6602121865942532
apnea_binary,lstm,,40m,10,test,40.0,400.0,2077,20667,0.7105046692795277,0.7107026666475609,0.7104206656572467,0.7960056105739455,0.7669715936446798,0.767365844159457,0.76656201525186,0.8616704221956399,0.7616754935002408,0.7617107593586854,0.7616746095714031,0.8616704221956399,0.8464901564186629,0.8755723428260559,0.7491788921836433,0.7841467256395406
apnea_binary,lstm,,40m,12,test,40.0,480.0,2077,24244,0.7120524665896717,0.7122624930287857,0.7119696889027629,0.7979848779770461,0.7732306210881078,0.7736292319247782,0.7728228118392497,0.8635212952402147,0.7664901299951854,0.7665493643419479,0.7664899134778653,0.8635212952402147,0.8485204308857095,0.8773780951115459,0.7552063156744296,0.7905654665562981
apnea_binary,lstm,,40m,16,test,40.0,640.0,2077,27183,0.7096346981569364,0.7099561542297028,0.70955152369585,0.7947471556356465,0.7766008666345691,0.7769563524077113,0.7762934076137419,0.8644012944983819,0.7688974482426577,0.7690553685518495,0.7688583882036539,0.8644012944983819,0.8489923154499066,0.8781861986461432,0.758820638612057,0.79375523844587
apnea_binary,lstm,,40m,2,test,40.0,80.0,2077,4154,0.6531054405392392,0.6533600393171428,0.6528751265565536,0.7279986276091653,0.6856042368801155,0.6859890950566112,0.6850642965002243,0.7683357906547603,0.6528647087144921,0.6518128541092905,0.6465323386783646,0.7683357906547603,0.747862686356444,0.7868798913999374,0.6656679357453558,0.7050005264535961
apnea_binary,lstm,,40m,20,test,40.0,800.0,2077,27604,0.7084842776409216,0.7087964567541687,0.7083747336207616,0.7933796932549495,0.7766008666345691,0.7769642343820996,0.7762772048486335,0.8643465843232166,0.7688974482426577,0.7690711325006259,0.768845954804209,0.8643465843232166,0.8491638302850479,0.8779874351731719,0.7589364529206029,0.7938560176386619
apnea_binary,lstm,,40m,25,test,40.0,1000.0,2077,27646,0.7087101208131376,0.7090053310660478,0.7085909796050881,0.7934140068039502,0.7766008666345691,0.7769642343820996,0.7762772048486335,0.8643688393097245,0.7693789118921521,0.7695486874194416,0.7693307881769401,0.8643688393097245,0.8491561429559117,0.8779777643677985,0.7589364529206029,0.7938560176386619
apnea_binary,lstm,,40m,3,test,40.0,120.0,2077,6231,0.681592039800995,0.6818281853222182,0.6814195197155287,0.7642338669378478,0.7491574386133847,0.7495780825474541,0.7486425961065185,0.8249037935479084,0.7279730380356283,0.7282188592464833,0.7278153020727003,0.8249037935479084,0.8069546852257593,0.8410532533078048,0.7312018054784902,0.7679662765811656
apnea_binary,lstm,,40m,4,test,40.0,160.0,2077,8308,0.693909484833895,0.6941382451943139,0.6937576344997907,0.7791408763828228,0.7640828117477131,0.764500514646563,0.763608870967742,0.8436142098088854,0.7284545016851228,0.7279870364703591,0.7273699673801332,0.8436142098088854,0.8273904228335357,0.858627310245404,0.7463438501605395,0.7821182740976209
apnea_binary,lstm,,40m,5,test,40.0,200.0,2077,10385,0.7013962445835339,0.701599298967925,0.7012876594065351,0.7862059884459528,0.772267693789119,0.7726741220871468,0.7718392904130656,0.8514118007065957,0.7607125662012518,0.760897525060042,0.7606484273575261,0.8514118007065957,0.8349333324816587,0.8660002636601097,0.7553376224521275,0.7901276946206418
apnea_binary,lstm,,40m,6,test,40.0,240.0,2077,12462,0.7035788797945756,0.7037586972178176,0.7035009774531394,0.786339198964731,0.7655272026961965,0.7658858875566807,0.7651960551041181,0.8519171743585463,0.745305729417429,0.7450719114251537,0.7449992979394232,0.8519171743585463,0.8363371426659936,0.866684265481205,0.7489377259961729,0.7838114838370097
apnea_binary,lstm,,40m,8,test,40.0,320.0,2077,16606,0.7067927255208961,0.7069999365340712,0.7067001650013973,0.7919829476115958,0.7674530572941742,0.767859163027049,0.7670155967642933,0.8583043554863179,0.7558979297063072,0.7558539887426861,0.7558653326078344,0.8583043554863179,0.8426593289394223,0.8726423028691953,0.7510130571527609,0.784716151748925
apnea_binary,lstm,,40m,all,test,40.0,,2077,27652,0.7087371618689425,0.7090265052066695,0.7086159428129404,0.793403428232884,0.7766008666345691,0.7769642343820996,0.7762772048486335,0.8643651301453065,0.7693789118921521,0.7695486874194416,0.7693307881769401,0.8643651301453065,0.8491441044138832,0.8779776947487908,0.7589364529206029,0.7938560176386619
apnea_binary,lstm,,80m,1,test,80.0,80.0,2077,2077,0.687048627828599,0.6867281460668948,0.6864199308755761,0.7613495794734841,0.687048627828599,0.6867281460668948,0.6864199308755761,0.7613495794734841,0.687048627828599,0.6867281460668948,0.6864199308755761,0.7613495794734841,0.7421397983257941,0.7807604291810942,0.6672183855205538,0.7065744217831013
apnea_binary,lstm,,80m,10,test,80.0,800.0,2077,13187,0.731629635246834,0.7315901002614719,0.7315920729169609,0.818057286117395,0.7953779489648531,0.795391826856205,0.79537320556749,0.8794104283157612,0.772267693789119,0.7719174525458777,0.7717171388570997,0.8794104283157612,0.8649181431030062,0.8927221907218715,0.7775208895629853,0.8113092963456745
apnea_binary,lstm,,80m,12,test,80.0,960.0,2077,13204,0.7315207512874886,0.7314879895514628,0.7314883704502712,0.8179116027499919,0.7953779489648531,0.795391826856205,0.79537320556749,0.8794076464424477,0.772267693789119,0.7719253345202659,0.7717385672486697,0.8794076464424477,0.8648808779208765,0.892718661185342,0.7775208895629853,0.8113092963456745
apnea_binary,lstm,,80m,2,test,80.0,160.0,2077,4154,0.7014925373134329,0.7013582496453112,0.7013460463150883,0.7876454687920178,0.7573423206547906,0.7572866534991329,0.7573013076138366,0.8287645700614794,0.6894559460760713,0.6880912639905046,0.6799473931288547,0.8287645700614794,0.8111679363692105,0.84504816131888,0.7386037573287176,0.7759356996882515
apnea_binary,lstm,,80m,3,test,80.0,240.0,2077,6231,0.7220349863585299,0.7219296618787536,0.7219369472152604,0.8102352331467417,0.7852672123254695,0.7853001177659702,0.7852659679028555,0.8635250044046328,0.7592681752527685,0.7591889912000074,0.7592073900260616,0.8635250044046328,0.8477974058217251,0.8782644753643043,0.7664844658585914,0.8011826525789197
apnea_binary,lstm,,80m,4,test,80.0,320.0,2077,8301,0.7305143958559209,0.7304077347077134,0.7304216134385195,0.8154992552241996,0.7905633124699085,0.79060839569366,0.7905631182739616,0.8695375599261876,0.7525276841598459,0.7518411364879776,0.7505052629610933,0.8695375599261876,0.8537916674077152,0.8835190921761222,0.7737165289665725,0.8070850621405639
apnea_binary,lstm,,80m,5,test,80.0,400.0,2077,10310,0.7337536372453928,0.7336728087304556,0.7336870716028661,0.8195383961027505,0.7968223399133365,0.7968087276638756,0.7968087276638756,0.8754184401109041,0.7751564756860857,0.7750586511623594,0.7750811886881925,0.8754184401109041,0.8603201097826584,0.889549681874326,0.778307734379244,0.8131867806461036
apnea_binary,lstm,,80m,6,test,80.0,480.0,2077,11976,0.7339679358717435,0.7338746357557875,0.733893720897846,0.8205700229296775,0.7929706307173808,0.7930119342365148,0.7929701987983087,0.8773629695570331,0.7737120847376023,0.773255533609666,0.7728357978334242,0.8773629695570331,0.8624993574550806,0.8906543136068223,0.7746409278436373,0.8088435417062912
apnea_binary,lstm,,80m,8,test,80.0,640.0,2077,13049,0.7320101157176795,0.7319570200330713,0.7319624572952835,0.8187361233871411,0.7958594126143477,0.7958693817750206,0.7958536865803949,0.8791201862000538,0.7741935483870968,0.7738355541955286,0.773625977286676,0.8791201862000538,0.864409253153952,0.89244463914228,0.7780591290768498,0.8117550270663222
apnea_binary,lstm,,80m,all,test,80.0,,2077,13207,0.731506019535095,0.7314737960904876,0.7314745384864143,0.8178740527620749,0.7953779489648531,0.795391826856205,0.79537320556749,0.8794085737335522,0.772267693789119,0.7719253345202659,0.7717385672486697,0.8794085737335522,0.8648784664464482,0.8927224225296011,0.7775208895629853,0.8113092963456745
apnea_binary,lstm,,120m,1,test,120.0,120.0,2077,2077,0.7010110736639383,0.7016334232805705,0.6995263723983505,0.7910905870679983,0.7010110736639383,0.7016334232805705,0.6995263723983505,0.7910905870679983,0.7010110736639383,0.7016334232805705,0.6995263723983505,0.7910905870679983,0.7724020545392781,0.8091356111066114,0.6824581492950859,0.7203854294941602
apnea_binary,lstm,,120m,2,test,120.0,240.0,2077,4154,0.7209918151179586,0.7217120575662318,0.7190989084529332,0.8139877226657765,0.7510832932113626,0.7519375747628454,0.748658630582544,0.8499995363544478,0.7327876745305729,0.7324741981250174,0.7322623688730485,0.8499995363544478,0.8338971940821625,0.8652443871908224,0.7345378389907696,0.7691841141029565
apnea_binary,lstm,,120m,3,test,120.0,360.0,2077,6206,0.7384788913954238,0.7392092547892164,0.736898407455514,0.8335364067686761,0.7766008666345691,0.7774529167941692,0.7744462543766032,0.8772099665247912,0.7703418391911411,0.7710949453361894,0.7686426161978122,0.8772099665247912,0.8627616586676917,0.8912329447416601,0.760707586919045,0.7935991235063697
apnea_binary,lstm,,120m,4,test,120.0,480.0,2077,7872,0.7365345528455285,0.7374608035623964,0.7349743118775198,0.8365351114155894,0.7737120847376023,0.774579705306887,0.7714418835517012,0.8815394886916849,0.7737120847376023,0.7740279670997117,0.773476368159204,0.8815394886916849,0.8682273095964433,0.8951737086776137,0.7572603583373464,0.7908447169072501
apnea_binary,lstm,,120m,5,test,120.0,600.0,2077,8421,0.7322170763567273,0.7334072190661862,0.7305417465532047,0.8332913495977854,0.7732306210881078,0.7740942684136831,0.7709777354194424,0.8817295833681068,0.7703418391911411,0.7707875483350488,0.7698082380076438,0.8817295833681068,0.8678587947659238,0.89540122592696,0.7566167224591902,0.7905191679349963
apnea_binary,lstm,,120m,6,test,120.0,720.0,2077,8538,0.7308503162333099,0.7320425492797548,0.729060207406648,0.8322576830042985,0.7732306210881078,0.7740942684136831,0.7709777354194424,0.882055062545785,0.7703418391911411,0.7707639024118842,0.7698704766656609,0.882055062545785,0.8680858215427008,0.8956692195109851,0.7571599401021992,0.7904447186908098
apnea_binary,lstm,,120m,8,test,120.0,960.0,2077,8557,0.73086362042772,0.7319833636438041,0.7290295152258732,0.8320300996470158,0.7727491574386134,0.7736167134948675,0.770469295822134,0.8819855157129477,0.7703418391911411,0.7707639024118842,0.7698704766656609,0.8819855157129477,0.8680132017638801,0.8954911915402234,0.7562159776193494,0.789976931767908
apnea_binary,lstm,,120m,all,test,120.0,,2077,8559,0.7309265101063208,0.7320251713297918,0.7290831962293653,0.8320550542425108,0.7727491574386134,0.7736167134948675,0.770469295822134,0.8820068434083512,0.7703418391911411,0.7707639024118842,0.7698704766656609,0.8820068434083512,0.868030880464436,0.8954911915402234,0.7562159776193494,0.789976931767908
apnea_binary,lstm,,240m,1,test,240.0,240.0,2077,2077,0.7843042850264805,0.7839666731577044,0.7838131207993815,0.8625689672758969,0.7843042850264805,0.7839666731577044,0.7838131207993815,0.8625689672758969,0.7843042850264805,0.7839666731577044,0.7838131207993815,0.8625689672758969,0.846505623570844,0.8779246333015944,0.7664678494939128,0.8027476615511597
apnea_binary,lstm,,240m,2,test,240.0,480.0,2077,3743,0.7851990382046486,0.7848613842952079,0.7849192499848483,0.8642601527394178,0.8078960038517092,0.8077846088222476,0.8078174188603637,0.8852375256164167,0.7867116032739528,0.785826355467772,0.783873759919761,0.8852375256164167,0.8713349169671244,0.8980675133594677,0.7905679633737427,0.824771425787858
apnea_binary,lstm,,240m,3,test,240.0,720.0,2077,3860,0.7829015544041451,0.7826102132897137,0.7826625643274947,0.862131221665999,0.8112662493981705,0.8111353752283454,0.8111695564647055,0.886463404456561,0.7862301396244583,0.7853882104208975,0.7836458333333334,0.886463404456561,0.8725426478030295,0.8996216758769697,0.7938318797120916,0.8281432343003603
apnea_binary,lstm,,240m,4,test,240.0,960.0,2077,3867,0.78277734678045,0.7825011316466182,0.7825427981544509,0.8620105427730318,0.8112662493981705,0.8111353752283454,0.8111695564647055,0.8864355857234262,0.7862301396244583,0.7853803284465093,0.7835995314312747,0.8864355857234262,0.8726060238691127,0.8996105630941191,0.7938318797120916,0.8281432343003603
apnea_binary,lstm,,240m,all,test,240.0,,2077,3867,0.78277734678045,0.7825011316466182,0.7825427981544509,0.8620105427730318,0.8112662493981705,0.8111353752283454,0.8111695564647055,0.8864355857234262,0.7862301396244583,0.7853803284465093,0.7835995314312747,0.8864355857234262,0.8726060238691127,0.8996105630941191,0.7938318797120916,0.8281432343003603
apnea_binary,transformer,,30s,1,test,0.5,0.5,2077,2077,0.5676456427539721,0.5691221335113732,0.5538679609941293,0.625756437718493,0.5676456427539721,0.5691221335113732,0.5538679609941293,0.625756437718493,0.5676456427539721,0.5691221335113732,0.5538679609941293,0.625756437718493,0.6023068823576211,0.647061223995775,0.5492378690419651,0.5876941637064089
apnea_binary,transformer,,30s,10,test,0.5,5.0,2077,20770,0.6448242657679345,0.6455070891404939,0.6426422026477914,0.7193264296510604,0.7221954742416947,0.7227955972218358,0.720927530238135,0.803528342652609,0.7063071738083775,0.7066343042071197,0.7059635803947562,0.803528342652609,0.7843592248284803,0.8219688930960468,0.7035982386529952,0.7416186630017308
apnea_binary,transformer,,30s,100,test,0.5,50.0,2077,207700,0.657221954742417,0.6576724993277139,0.6563744328189396,0.7315700184994576,0.7289359653346172,0.7294498381877023,0.7280582231881125,0.8132741721608665,0.7250842561386616,0.725487523298189,0.7245670926550962,0.8132741721608665,0.7945057535517379,0.8305126147688753,0.7101088294846979,0.7483476901423411
apnea_binary,transformer,,30s,12,test,0.5,6.0,2077,24924,0.6447600706146686,0.6453773379326972,0.6430041269964855,0.7216451927941239,0.7178623013962446,0.7184581930805538,0.7165929928878259,0.8056583303196372,0.7091959557053442,0.7095548075407313,0.7087746373460659,0.8056583303196372,0.7863074339548771,0.8232086285066448,0.6994162042889747,0.7369087956050488
apnea_binary,transformer,,30s,120,test,0.5,60.0,2077,249240,0.6573062108810784,0.6577496344927563,0.6564884158281593,0.7318711531586111,0.7303803562831006,0.7309061488673139,0.729462180714574,0.8134605576728703,0.725565719788156,0.7259571962426165,0.7250833650693393,0.8134605576728703,0.7945516078200919,0.8303917713587009,0.711338642286753,0.750450443703482
apnea_binary,transformer,,30s,16,test,0.5,8.0,2077,33232,0.6500662012518055,0.6506622307378456,0.6484647472377102,0.7253237821625125,0.7241213288396726,0.7247452267690395,0.7227513870921978,0.8085366419079942,0.7130476649013,0.7134698305839152,0.7124460847442824,0.8085366419079942,0.7902538485380519,0.826656638634887,0.7056736065622956,0.7442930114070617
apnea_binary,transformer,,30s,160,test,0.5,80.0,2077,332320,0.6569120125180549,0.6573574869483777,0.6560847174484201,0.7316950372285645,0.7303803562831006,0.7309061488673139,0.729462180714574,0.8132834450719115,0.7197881559942224,0.7202028912936638,0.7192252304147466,0.8132834450719115,0.7942390730807023,0.8302094669839678,0.7123167650872775,0.7504392812669963
apnea_binary,transformer,,30s,2,test,0.5,1.0,2077,4154,0.5609051516610496,0.5627516436234827,0.5383598554121029,0.6225181053588154,0.5941261434761675,0.5959866840997394,0.5729990476736289,0.6560102372937937,0.5912373615792008,0.5915764876067544,0.5906893278859873,0.6560102372937937,0.6333565219887047,0.6777621674620903,0.5772366335216476,0.6149464458619978
apnea_binary,transformer,,30s,20,test,0.5,10.0,2077,41540,0.6509870004814636,0.651528361198431,0.6496916592609931,0.7241377780714199,0.7188252286952335,0.7193896569950204,0.7177022357269465,0.8057770235810127,0.7168993740972557,0.7172981519088287,0.7163786040341773,0.8057770235810127,0.7858113807658066,0.8225301322565267,0.6992288489023984,0.737744059689422
apnea_binary,transformer,,30s,200,test,0.5,100.0,2077,415400,0.6575782378430428,0.6580195449782551,0.6567698243871098,0.7316208693122281,0.7289359653346172,0.7294577201620904,0.7280281165681171,0.8131730974304763,0.7221954742416947,0.7226143118109067,0.7216252935767009,0.8131730974304763,0.7943839173654442,0.8300952032367426,0.7100981589299691,0.7482915522562842
apnea_binary,transformer,,30s,25,test,0.5,12.5,2077,51925,0.6563119884448724,0.6568388089873054,0.6551118835318159,0.7307074333509519,0.7279730380356283,0.7285341382220121,0.726903169608583,0.8122356061238304,0.7159364467982667,0.7164376257638561,0.7150629292320514,0.8122356061238304,0.7938133319153191,0.830225922908522,0.7099022351204191,0.7469719386376086
apnea_binary,transformer,,30s,250,test,0.5,125.0,2077,519250,0.6579258545979778,0.6583634016746878,0.6571336067456514,0.7317790649715785,0.7327876745305729,0.7333018054357805,0.7319224047413899,0.81317587930379,0.7226769378911893,0.7230603388321696,0.7222116959976818,0.81317587930379,0.7940818498936447,0.8297748543383703,0.713973223064236,0.7521328397374082
apnea_binary,transformer,,30s,3,test,0.5,1.5,2077,6231,0.6003851709195955,0.6017535074786027,0.5895804169166452,0.6712809702349858,0.6634569090033703,0.6645496610751013,0.6578449664908784,0.7475839430272345,0.6239768897448242,0.6255872070919224,0.6096433062007809,0.7475839430272345,0.7251962917162375,0.7672304041866392,0.6456677147629903,0.6827672642776522
apnea_binary,transformer,,30s,30,test,0.5,15.0,2077,62310,0.6549991975605842,0.6555100873817317,0.6538725196270189,0.7291879217242669,0.7298988926336062,0.7304758857948276,0.7287699433865158,0.81218599604974,0.718343765045739,0.7187544625884403,0.7177900644878079,0.81218599604974,0.7931092759252939,0.8296428135478258,0.7111568845723645,0.7491512906331834
apnea_binary,transformer,,30s,320,test,0.5,160.0,2077,664640,0.6576236759749639,0.6580584219475896,0.6568419225750537,0.7317267710725817,0.731824747231584,0.732338813623761,0.7309563593530706,0.8131698519116106,0.7207510832932114,0.7211737650800716,0.7201656529390668,0.8131698519116106,0.7942850603727633,0.8301490626489807,0.7127749990859816,0.7508651675708169
apnea_binary,transformer,,30s,4,test,0.5,2.0,2077,8308,0.617477130476649,0.6185943889615266,0.6107523470302401,0.6924852328891609,0.6952335098700048,0.6962259252046995,0.6911091694274574,0.776113444793724,0.6783822821376986,0.6786444858634471,0.6781566001005821,0.776113444793724,0.7553543439404342,0.7951104989858293,0.6770930985390149,0.7145922646532998
apnea_binary,transformer,,30s,40,test,0.5,20.0,2077,83080,0.6540081848820414,0.6544928992683673,0.6530014368715925,0.7293231699330497,0.7289359653346172,0.7295050120084199,0.7278366951743336,0.811982455652303,0.7212325469427058,0.721643438024499,0.720684525364856,0.811982455652303,0.7936949329536583,0.8291883534963679,0.711082895760807,0.7484954642865975
apnea_binary,transformer,,30s,400,test,0.5,200.0,2077,830800,0.657846653827636,0.6582794762659843,0.6570731604051151,0.7318933842097392,0.7308618199325951,0.7313915857605178,0.7299300193415049,0.8132519171743585,0.7212325469427058,0.7216513199988872,0.7206603899149218,0.8132519171743585,0.7942752503101639,0.8301329689732879,0.7124113422137536,0.7504310791316785
apnea_binary,transformer,,30s,5,test,0.5,2.5,2077,10385,0.6295618680789601,0.6305104737530253,0.6249629373562113,0.7045808366020344,0.699566682715455,0.7004214538069937,0.6966111598013438,0.7866303168553703,0.6764564275397208,0.6774830537550653,0.6717385618947451,0.7866303168553703,0.7663626260987596,0.803840898540525,0.6808340636300638,0.7186997221800795
apnea_binary,transformer,,30s,50,test,0.5,25.0,2077,103850,0.6561482908040442,0.656615591472631,0.6552260767979543,0.7300652332600774,0.7279730380356283,0.7285341382220121,0.726903169608583,0.8117821607737317,0.7226769378911893,0.7230997487041106,0.7220955449877628,0.8117821607737317,0.7931997725634261,0.8285945277843045,0.7089946545481189,0.7480276248867761
apnea_binary,transformer,,30s,500,test,0.5,250.0,2077,1038500,0.6581338468945594,0.6585662846227316,0.6573626116396307,0.7323082729685371,0.7337506018295619,0.7342569152734117,0.7329175186078368,0.8137229810554427,0.7260471834376505,0.7264820430077614,0.7254359278167889,0.8137229810554427,0.7946475860994638,0.8308142141922797,0.7143572067231887,0.7532389351628148
apnea_binary,transformer,,30s,6,test,0.5,3.0,2077,12462,0.6339271385010432,0.634822176475861,0.6299122022197595,0.7104784538760254,0.7072701011073664,0.7081490342263146,0.704217540230402,0.7926493634146569,0.693307655272027,0.693708793501544,0.6927307145731983,0.7926493634146569,0.7736899196298983,0.8113971807962888,0.6880018802041339,0.7284200797906913
apnea_binary,transformer,,30s,60,test,0.5,30.0,2077,124620,0.6560182956186807,0.6564930623170532,0.6550627755069363,0.7303684587340005,0.7289359653346172,0.7295050120084199,0.7278366951743336,0.811989873981139,0.7236398651901781,0.7240627405161302,0.7230604910121108,0.811989873981139,0.7929240835052105,0.8290027803272499,0.7103765134924865,0.747636456237971
apnea_binary,transformer,,30s,8,test,0.5,4.0,2077,16616,0.6441381800674049,0.6448803678563811,0.6415237792161239,0.7200647756303262,0.7241213288396726,0.7248004005897571,0.7224744183573601,0.8032756558266336,0.7140105922002888,0.714298828831335,0.7137636977148203,0.8032756558266336,0.7837991879909894,0.8211284291152537,0.7055550936507653,0.7439826523927935
apnea_binary,transformer,,30s,80,test,0.5,40.0,2077,166160,0.6577154549831488,0.6581791364137943,0.6568135673855413,0.7313274979193906,0.7323062108810785,0.7328478964401295,0.7313331025446316,0.8137331812575921,0.7231584015406837,0.7236088315204792,0.7224891222892862,0.8137331812575921,0.7949205734656519,0.8310380769841269,0.714349376114082,0.752459389412942
apnea_binary,transformer,,30s,all,test,0.5,,2077,2290302,0.6525466947153694,0.6531920826098216,0.6515236127799827,0.7260792929752214,0.7313432835820896,0.7318376127817806,0.7305457132494491,0.8133307369182408,0.7226769378911893,0.7231076306784989,0.722070753533495,0.8133307369182408,0.7942375099788519,0.830361897465953,0.7125461277028113,0.75118477962855
apnea_binary,transformer,,10m,1,test,10.0,10.0,2077,2077,0.5989407799711122,0.5973256924546323,0.5818419641288315,0.6681577507626969,0.5989407799711122,0.5973256924546323,0.5818419641288315,0.6681577507626969,0.5989407799711122,0.5973256924546323,0.5818419641288315,0.6681577507626969,0.6452819042304134,0.6904175434757618,0.5775722593663304,0.6159383890381266
apnea_binary,transformer,,10m,10,test,10.0,100.0,2077,20770,0.6828117477130476,0.6819195389508628,0.6785914966933151,0.7664025277955508,0.7414540202214733,0.7405420943796885,0.7378359263001797,0.8461512782707876,0.7082330284063553,0.7067947255681977,0.6982928232417662,0.8461512782707876,0.8301576964068075,0.8612549821304167,0.7230063145708789,0.7572279160956203
apnea_binary,transformer,,10m,100,test,10.0,1000.0,2077,113466,0.6878271905240336,0.6867730616444102,0.6843582904500798,0.7685461527348904,0.7491574386133847,0.74835637651728,0.7464148649500513,0.8530892703146299,0.7323062108810785,0.731255737613709,0.7273871553187752,0.8530892703146299,0.837999453858649,0.8679683133990806,0.7293631294855232,0.7660003814900656
apnea_binary,transformer,,10m,12,test,10.0,120.0,2077,24924,0.6842400898732146,0.68340052330128,0.6805018023337104,0.7672420153796382,0.7477130476649013,0.7468606559657274,0.7446084560134864,0.8461531328529965,0.7173808377467501,0.7161126102317301,0.7098784424895173,0.8461531328529965,0.8304475130526405,0.8619333795086267,0.7293016507935859,0.764261892763572
apnea_binary,transformer,,10m,16,test,10.0,160.0,2077,33232,0.6878911892152143,0.6870530167097857,0.6842058280980547,0.7692385157894492,0.745305729417429,0.7444492354484844,0.7421437403969793,0.847328937973498,0.7140105922002888,0.7127381979024676,0.7063719862227325,0.847328937973498,0.8316251892282879,0.8625149670874446,0.72561098564877,0.7616431427884043
apnea_binary,transformer,,10m,2,test,10.0,20.0,2077,4154,0.610255175734232,0.6089975055869289,0.6001930869750411,0.6752174497640043,0.6302359171882523,0.6288554445897201,0.618717623639691,0.7151250452054413,0.5970149253731343,0.5944223440064539,0.5505218210799427,0.7151250452054413,0.6937894304677554,0.7362005664299983,0.6101155995027036,0.6489616800797157
apnea_binary,transformer,,10m,20,test,10.0,200.0,2077,41540,0.6897448242657679,0.6889137712001929,0.686139754807491,0.7714870295156758,0.7428984111699567,0.742061460854406,0.7398454344330125,0.8501989039419146,0.7207510832932114,0.7195264324329336,0.7138302926643861,0.8501989039419146,0.8343049551051583,0.8655194871455699,0.724542119061326,0.7590325064589539
apnea_binary,transformer,,10m,25,test,10.0,250.0,2077,51925,0.6908040442946558,0.6899785795754861,0.6872568493301321,0.7724876742611808,0.7467501203659124,0.7458819002049313,0.7435224572968607,0.8515916951808682,0.7327876745305729,0.7317490564813012,0.7279843822893879,0.8515916951808682,0.8360701600557533,0.8664508423440693,0.7284057965229599,0.7635533360208171
apnea_binary,transformer,,10m,3,test,10.0,30.0,2077,6231,0.6494944631680308,0.6483964045832908,0.6425418306181738,0.7247404357649997,0.7077515647568609,0.7067191513431812,0.7025754372704125,0.796994649530327,0.6759749638902263,0.6746251425710073,0.6662806996015149,0.796994649530327,0.7771023148688585,0.8152533502630385,0.6876685537621523,0.7258433819182828
apnea_binary,transformer,,10m,30,test,10.0,300.0,2077,62293,0.6905109723403914,0.689661813037824,0.6869800800013419,0.7732476784884769,0.745305729417429,0.7444649993972607,0.7422540725659552,0.8519255199784868,0.7260471834376505,0.7249056481301175,0.7201302476481419,0.8519255199784868,0.8362568816798437,0.866959596011965,0.7269855802039074,0.7617829095998015
apnea_binary,transformer,,10m,4,test,10.0,40.0,2077,8308,0.6597255657197881,0.6587244183566547,0.6540838839124645,0.7406918229152177,0.718343765045739,0.7173593531217255,0.7137895335648843,0.8167756233714449,0.6571978815599422,0.6552595951447038,0.6358401544477605,0.8167756233714449,0.7980819236386762,0.8330593672430947,0.698950315444856,0.7342482407416738
apnea_binary,transformer,,10m,40,test,10.0,400.0,2077,82794,0.6921878396985289,0.6913153776927903,0.6887021741164017,0.7740268663703012,0.750601829561868,0.7497890412737271,0.747797920659508,0.8522482172828515,0.7298988926336062,0.7287970252501368,0.7244527528191522,0.8522482172828515,0.8366672113498346,0.8670030612220594,0.732489392803206,0.7669309963267084
apnea_binary,transformer,,10m,5,test,10.0,50.0,2077,10385,0.6740491092922485,0.6730979868510121,0.6691477649019517,0.754042284474365,0.7390467019740009,0.7380439721441752,0.7346619086229329,0.8321834923637578,0.7159364467982667,0.71478241114233,0.7096759367187693,0.8321834923637578,0.8144215343942178,0.8477672068943944,0.7206466247511224,0.7547146741923308
apnea_binary,transformer,,10m,50,test,10.0,500.0,2077,100894,0.6928162229666779,0.6918822641696593,0.6893451060766315,0.7745554469774115,0.7520462205103514,0.7512374699789506,0.7492842334471294,0.8531467623631086,0.731824747231584,0.7307466547973406,0.7266416249205778,0.8531467623631086,0.8380371422975793,0.8682048605965494,0.733840555323785,0.7686669331688293
apnea_binary,transformer,,10m,6,test,10.0,60.0,2077,12462,0.676697159364468,0.6758025704509416,0.6723772178447418,0.7571507023199793,0.7361579200770342,0.7352732263239399,0.7326772763143061,0.833823870327612,0.6947520462205103,0.6931788466353243,0.6823123139931213,0.833823870327612,0.8177466059641715,0.8495876097321718,0.7167743970923248,0.7534524804848094
apnea_binary,transformer,,10m,60,test,10.0,600.0,2077,109358,0.6898717972164816,0.6886884170458004,0.6862490875323468,0.7711219184391753,0.7496389022628791,0.748841813410484,0.7469271533358453,0.8530577424170769,0.7323062108810785,0.731255737613709,0.7273871553187752,0.8530577424170769,0.8378994010804853,0.8680465971712166,0.730326082078377,0.7666009596167126
apnea_binary,transformer,,10m,8,test,10.0,80.0,2077,16616,0.6833172845450168,0.682456637549726,0.679385718801726,0.7648319342828793,0.7366393837265286,0.7357428992683673,0.733075380216144,0.8434584249033299,0.7019740009629273,0.7005628657004294,0.6922063504945739,0.8434584249033299,0.8269168967206239,0.8593130430207745,0.7169356755939458,0.7539492759181506
apnea_binary,transformer,,10m,80,test,10.0,800.0,2077,113281,0.6877587591917445,0.6866260556865987,0.6842319049194809,0.768508327706774,0.7491574386133847,0.74835637651728,0.7464148649500513,0.8530827792768985,0.7323062108810785,0.731255737613709,0.7273871553187752,0.8530827792768985,0.8379610155605055,0.8679608068046021,0.7293631294855232,0.7660003814900656
apnea_binary,transformer,,10m,all,test,10.0,,2077,113497,0.6878507801968334,0.6868240807888352,0.6843981876072133,0.7685920316587955,0.7491574386133847,0.74835637651728,0.7464148649500513,0.8530948340612569,0.7323062108810785,0.731255737613709,0.7273871553187752,0.8530948340612569,0.838004878813441,0.8679729263894889,0.7293631294855232,0.7660003814900656
apnea_binary,transformer,,40m,1,test,40.0,40.0,2077,2077,0.6538276360134809,0.6539187322076019,0.6538160803099831,0.7190929238415815,0.6538276360134809,0.6539187322076019,0.6538160803099831,0.7190929238415815,0.6538276360134809,0.6539187322076019,0.6538160803099831,0.7190929238415815,0.6977734489423588,0.7393366198471346,0.6333078419375768,0.6741177351969344
apnea_binary,transformer,,40m,10,test,40.0,400.0,2077,20667,0.7206657957129724,0.7210336255128735,0.7202875412015571,0.8084549764693245,0.7780452575830524,0.7785308927031462,0.7774209528086775,0.866981018351091,0.7698603755416467,0.7700104783894808,0.7698270281899908,0.866981018351091,0.8523658721491962,0.8810604178413035,0.7611490340362063,0.7952531341312754
apnea_binary,transformer,,40m,12,test,40.0,480.0,2077,24244,0.7202194357366771,0.7206178092992396,0.7198185972387978,0.8100684067337374,0.777563793933558,0.7780139279123895,0.7770365599312967,0.8690229133631922,0.7679345209436688,0.7681475505605475,0.7678440572063574,0.8690229133631922,0.8540395188962979,0.882788062859907,0.7595802093103178,0.7946913170741813
apnea_binary,transformer,,40m,16,test,40.0,640.0,2077,27183,0.7170290254938748,0.7176650275666816,0.716527828888865,0.8068817889701461,0.7780452575830524,0.7784757188824287,0.7775700726157586,0.8702923748852477,0.7703418391911411,0.7706220268728963,0.7701626120937742,0.8702923748852477,0.8553106687863419,0.8841188805660373,0.7602872843784232,0.7954419035291963
apnea_binary,transformer,,40m,2,test,40.0,80.0,2077,4154,0.6639383726528647,0.6644084810044417,0.6630272658704194,0.7413425784256452,0.7010110736639383,0.7015703674854648,0.6998351651804072,0.7797516714422157,0.6677900818488204,0.6669559814912696,0.663915857605178,0.7797516714422157,0.7607202558141737,0.7970519597084786,0.6824620173151761,0.7197001696690951
apnea_binary,transformer,,40m,20,test,40.0,800.0,2077,27604,0.7150775249963773,0.7156914175002009,0.7144779041315641,0.8054304876677657,0.7770823302840636,0.7775206090447975,0.7765849465363326,0.870207064103634,0.7698603755416467,0.770160235902857,0.7696484422129208,0.870207064103634,0.855371622345115,0.8840659479699414,0.7596718932461022,0.7947293782174057
apnea_binary,transformer,,40m,25,test,40.0,1000.0,2077,27646,0.7152210084641539,0.7157993312038101,0.7145967112230663,0.8055120989007698,0.7770823302840636,0.7775206090447975,0.7765849465363326,0.8702256099257241,0.7698603755416467,0.770160235902857,0.7696484422129208,0.8702256099257241,0.8553761026538841,0.8840700819865508,0.7596718932461022,0.7947293782174057
apnea_binary,transformer,,40m,3,test,40.0,120.0,2077,6231,0.6913818006740491,0.6918432383478146,0.6905860104342086,0.7784791189498119,0.7525276841598459,0.7530864884413164,0.7515693618859149,0.8324143878487774,0.7327876745305729,0.7333018054357805,0.7319224047413899,0.8324143878487774,0.8157046957790398,0.8481534406890142,0.7351203275620983,0.7703261203661416
apnea_binary,transformer,,40m,4,test,40.0,160.0,2077,8308,0.7016129032258065,0.702013612633414,0.7010547060401486,0.7904484090002875,0.7621569571497352,0.7627006426127354,0.7612923608939712,0.8480689162748862,0.731824747231584,0.7316530818519857,0.73162965607488,0.8480689162748862,0.8323995486319137,0.8626876926706258,0.744609801724897,0.7799302615099166
apnea_binary,transformer,,40m,5,test,40.0,200.0,2077,10385,0.7108329321136254,0.7112352444802997,0.7102889594547299,0.7996913047913131,0.77130476649013,0.7718766517372799,0.7703773183087184,0.8575282128318543,0.7626384207992296,0.7631072597620571,0.7620185776675212,0.8575282128318543,0.8422565799889103,0.872342058633561,0.7548600855392016,0.7889313141807579
apnea_binary,transformer,,40m,6,test,40.0,240.0,2077,12462,0.7121649815438934,0.7125443940616278,0.7116915418730181,0.8005629687327742,0.7684159845931632,0.768979794326833,0.7675051762508468,0.8597602025203772,0.7520462205103514,0.7520729592641018,0.7520441513037064,0.8597602025203772,0.8452588410370685,0.8743767721194108,0.751891030736161,0.7861540439345209
apnea_binary,transformer,,40m,8,test,40.0,320.0,2077,16606,0.7148620980368542,0.7152380752053122,0.7144679175026659,0.8038572415531382,0.7727491574386134,0.7732541426730093,0.772050343385641,0.8631095779898184,0.7602311025517573,0.760333268422956,0.7602217091354178,0.8631095779898184,0.8478298336605611,0.8769410866247631,0.7554064424819551,0.7898159324808182
apnea_binary,transformer,,40m,all,test,40.0,,2077,27652,0.7152466367713004,0.7158131783008195,0.7146178214172572,0.8054974757967482,0.7770823302840636,0.7775206090447975,0.7765849465363326,0.8702200461790971,0.7698603755416467,0.770160235902857,0.7696484422129208,0.8702200461790971,0.8553710153608773,0.8840709861456829,0.7596718932461022,0.7947293782174057
apnea_binary,transformer,,80m,1,test,80.0,80.0,2077,2077,0.6750120365912373,0.673346871783459,0.6601744775816596,0.7787214510251204,0.6750120365912373,0.673346871783459,0.6601744775816596,0.7787214510251204,0.6750120365912373,0.673346871783459,0.6601744775816596,0.7787214510251204,0.7595838820752037,0.797590626997313,0.6542453850805598,0.690966028410555
apnea_binary,transformer,,80m,10,test,80.0,800.0,2077,13187,0.7399711837415637,0.7382305921371828,0.7330990852275676,0.8401841957340092,0.7828598940779972,0.7815014697564007,0.7762112779862222,0.9051316289722832,0.7626384207992296,0.7610815923442846,0.7531115994951133,0.9051316289722832,0.8933602925750841,0.9168256434023744,0.7652970945765192,0.7967712338666183
apnea_binary,transformer,,80m,12,test,80.0,960.0,2077,13204,0.7395486216298092,0.7378895083708075,0.7326901933110483,0.8401366919053667,0.7828598940779972,0.7815014697564007,0.7762112779862222,0.9051186468968202,0.7626384207992296,0.7610815923442846,0.7531115994951133,0.9051186468968202,0.8933325583076479,0.916826501263044,0.7652970945765192,0.7967712338666183
apnea_binary,transformer,,80m,2,test,80.0,160.0,2077,4154,0.7034183919114106,0.7020507042775939,0.6942849878902225,0.8088324477703286,0.7467501203659124,0.74540109976725,0.7391291681948774,0.8531819994250794,0.6576793452094367,0.6552248217282852,0.6225058301782758,0.8531819994250794,0.8371124009406298,0.8685777089788408,0.7275621398896157,0.7622937773392602
apnea_binary,transformer,,80m,3,test,80.0,240.0,2077,6231,0.7294174289841117,0.7281408122451881,0.7221311345328201,0.8335510406782001,0.7640828117477131,0.7627822442299311,0.7574685197365285,0.8885971012880074,0.7520462205103514,0.7506620858486105,0.7441893723993664,0.8885971012880074,0.87513187970044,0.9017601476673682,0.7443493842257588,0.7783170981293812
apnea_binary,transformer,,80m,4,test,80.0,320.0,2077,8301,0.733767016022166,0.7323987574569015,0.7265890797604968,0.8358327550179334,0.7732306210881078,0.7719188434825344,0.7667579114365436,0.8937964225109188,0.7279730380356283,0.7260749622128875,0.7116619527835253,0.8937964225109188,0.8801400055362764,0.9067341072620726,0.7542257224404406,0.7879082398806426
apnea_binary,transformer,,80m,5,test,80.0,400.0,2077,10310,0.7406401551891367,0.7393517941473817,0.7337717246086777,0.8423227363841034,0.7761194029850746,0.7747526450978756,0.7691852146425389,0.902178206804462,0.7631198844487241,0.7617167867508647,0.7553995339138028,0.902178206804462,0.8895561403138755,0.9144159337853648,0.7587084204710874,0.7903343847357557
apnea_binary,transformer,,80m,6,test,80.0,480.0,2077,11976,0.7422344689378757,0.7407473051583364,0.735614866849802,0.842342617618111,0.7814155031295137,0.7800609230255654,0.7747611358468212,0.9027688912380264,0.7558979297063072,0.7542775938650421,0.7452830120220514,0.9027688912380264,0.8909813330249294,0.9147045052556432,0.7637350098110857,0.7955029743916421
apnea_binary,transformer,,80m,8,test,80.0,640.0,2077,13049,0.7405165146754541,0.7386443080806586,0.7336241986222996,0.8407130482099081,0.7823784304285026,0.7810396787863614,0.7759053975346835,0.9047978041746644,0.7621569571497352,0.7605961554510807,0.7525620694112449,0.9047978041746644,0.8929427323803248,0.9165533842841328,0.7648087767298508,0.7960793895111639
apnea_binary,transformer,,80m,all,test,80.0,,2077,13207,0.7393806314833044,0.7377550162447207,0.7325209790287146,0.8401467554525167,0.7828598940779972,0.7815014697564007,0.7762112779862222,0.9051334835544924,0.7626384207992296,0.7610815923442846,0.7531115994951133,0.9051334835544924,0.8933457530949614,0.9168380242335648,0.7652970945765192,0.7967712338666183
apnea_binary,transformer,,120m,1,test,120.0,120.0,2077,2077,0.719306692344728,0.7185115123190623,0.7162949233306459,0.8136200517428436,0.719306692344728,0.7185115123190623,0.7162949233306459,0.8136200517428436,0.719306692344728,0.7185115123190623,0.7162949233306459,0.8136200517428436,0.7953138249670882,0.8303813263855013,0.7000451530487681,0.7372435910309366
apnea_binary,transformer,,120m,2,test,120.0,240.0,2077,4154,0.7469908521906596,0.7464596025630326,0.7457083944256437,0.8388027280904294,0.7896003851709196,0.7891488394951828,0.7887982557483401,0.8782207138286922,0.7140105922002888,0.7123283352342801,0.70063680357798,0.8782207138286922,0.8635340926830514,0.8916418182868421,0.7713862251300869,0.8063792173007964
apnea_binary,transformer,,120m,3,test,120.0,360.0,2077,6206,0.764099258781824,0.7635766129199782,0.7630447664034985,0.8555447305118052,0.8103033220991815,0.809817694568856,0.8094743851218581,0.903817657477212,0.7963408762638421,0.7958661362561549,0.7954896364572124,0.903817657477212,0.891152484569294,0.9158650068559918,0.7927508180192699,0.825108710536379
apnea_binary,transformer,,120m,4,test,120.0,480.0,2077,7872,0.7685467479674797,0.7679111895375199,0.767516636353522,0.857975344098774,0.8155994222436206,0.8151180905221576,0.8148053991297268,0.90895855936054,0.7852672123254695,0.7843227529418311,0.7820330735637377,0.90895855936054,0.8968632773511717,0.9203193144716846,0.7977637180717573,0.8304578251040605
apnea_binary,transformer,,120m,5,test,120.0,600.0,2077,8421,0.7658235363971024,0.7650259084311879,0.7646801118774065,0.8556111728000908,0.8131921039961483,0.8126987880305264,0.8123516744718027,0.909752320545989,0.7891189215214252,0.7883165957288971,0.7867916303400174,0.909752320545989,0.8979420542306389,0.9210816839627516,0.7958983694426716,0.8280487145628028
apnea_binary,transformer,,120m,6,test,120.0,720.0,2077,8538,0.7654017334270321,0.7646283660950348,0.764279934963391,0.8551609455456479,0.8141550312951372,0.8136696618169341,0.8133429255254752,0.9104802440630186,0.7896003851709196,0.78876262275016,0.7870794512501369,0.9104802440630186,0.8986210147460364,0.9219575482829828,0.7969050352081373,0.8284715084781368
apnea_binary,transformer,,120m,8,test,120.0,960.0,2077,8557,0.7652214561177983,0.7645019840127245,0.7641303298653571,0.854992015978315,0.8141550312951372,0.8136696618169341,0.8133429255254752,0.9104598436587198,0.7891189215214252,0.7882850678313442,0.7866147945349429,0.9104598436587198,0.89858834735265,0.9218937540122644,0.7969050352081373,0.8284715084781368
apnea_binary,transformer,,120m,all,test,120.0,,2077,8559,0.7652763173267905,0.7645715515544684,0.7641934736742819,0.8549901078384321,0.8141550312951372,0.8136696618169341,0.8133429255254752,0.9104746803163916,0.7891189215214252,0.7882850678313442,0.7866147945349429,0.9104746803163916,0.8985912471338631,0.921907804479207,0.7969050352081373,0.8284715084781368
apnea_binary,transformer,,240m,1,test,240.0,240.0,2077,2077,0.7992296581608088,0.798912751179978,0.7988175865190369,0.8828177594792332,0.7992296581608088,0.798912751179978,0.7988175865190369,0.8828177594792332,0.7992296581608088,0.798912751179978,0.7988175865190369,0.8828177594792332,0.8685019075087614,0.896973448624686,0.7824736763236358,0.816577744406629
apnea_binary,transformer,,240m,2,test,240.0,480.0,2077,3743,0.8033662837296286,0.802877827883739,0.8029155513432243,0.8875247293478533,0.8281174771304767,0.827755213694235,0.8276686252075154,0.9100648176482043,0.7953779489648531,0.7943829341345128,0.7919658236890177,0.9100648176482043,0.8975293891971655,0.9217739345923176,0.8106267919359893,0.8431372398968284
apnea_binary,transformer,,240m,3,test,240.0,720.0,2077,3860,0.8,0.799556644373583,0.7995833373686765,0.8851639921768353,0.8266730861819933,0.8263067849890116,0.8262118592067831,0.9111033836852404,0.7963408762638421,0.7954089817416381,0.793346895831966,0.9111033836852404,0.8984747312721569,0.9225469182106784,0.809167897350517,0.8416919908533099
apnea_binary,transformer,,240m,4,test,240.0,960.0,2077,3867,0.7995862425652961,0.7991648287441451,0.7991702313111564,0.8850866365108259,0.8271545498314877,0.8267843399078272,0.8266859433344994,0.9111645848981372,0.7963408762638421,0.7954089817416381,0.793346895831966,0.9111645848981372,0.8984463938383707,0.9225849612930602,0.8099293033447403,0.841719092001154
apnea_binary,transformer,,240m,all,test,240.0,,2077,3867,0.7995862425652961,0.7991648287441451,0.7991702313111564,0.8850866365108259,0.8271545498314877,0.8267843399078272,0.8266859433344994,0.9111645848981372,0.7963408762638421,0.7954089817416381,0.793346895831966,0.9111645848981372,0.8984463938383707,0.9225849612930602,0.8099293033447403,0.841719092001154
bmi_binary,lstm,,30s,1,test,0.5,0.5,1857,1857,0.687668282175552,0.66517797735599,0.6537773137445,0.7237324867402999,0.687668282175552,0.66517797735599,0.6537773137445,0.7237324867402999,0.687668282175552,0.66517797735599,0.6537773137445,0.7237324867402999,0.6989769230988806,0.7485126495308588,0.6416451208458313,0.6879939684707537
bmi_binary,lstm,,30s,10,test,0.5,5.0,1857,18570,0.7055465805061928,0.6912096268273673,0.6761135664287699,0.7614203426746438,0.7571351642434033,0.7385564647317779,0.7273254710392769,0.8155129663978968,0.7598276790522348,0.7328031263833404,0.7261757401191808,0.8155129663978968,0.7943815356369669,0.836324538781183,0.7172557379928659,0.7606741496426828
bmi_binary,lstm,,30s,100,test,0.5,50.0,1857,185700,0.7167797522886376,0.6998685164615814,0.686344588456675,0.7691401535355127,0.7646742057081314,0.7411242161636626,0.7329551418974749,0.8200917383853719,0.7673667205169629,0.7454796168605267,0.736563221621792,0.8200917383853719,0.7995389840149904,0.8404774296130525,0.7191257436708669,0.7645785864256855
bmi_binary,lstm,,30s,12,test,0.5,6.0,1857,22284,0.7087147729312511,0.6924434193957796,0.6784065805888969,0.7617858106574885,0.7582121701669359,0.7354849397508562,0.7265378276662212,0.8151517702683987,0.7635971997845988,0.733605633573316,0.7287014878732787,0.8151517702683987,0.7937901140882391,0.8368972883306256,0.7148592960706149,0.7580827739591016
bmi_binary,lstm,,30s,120,test,0.5,60.0,1857,222840,0.7167609046849758,0.6993374053896981,0.6860765798635684,0.7693882467341473,0.7635971997845988,0.7398634244108837,0.7317329686338478,0.8205832910127343,0.769520732364028,0.745112989210284,0.7376772370818261,0.8205832910127343,0.800033577393674,0.8409547322940666,0.7191299087350543,0.7629584889244064
bmi_binary,lstm,,30s,16,test,0.5,8.0,1857,29712,0.7106219709208401,0.6944554442169241,0.6804051952851773,0.7633647686486174,0.7576736672051696,0.7370207022413171,0.7269403199665394,0.816162033126845,0.7641357027463651,0.7388090304463896,0.7315482005650464,0.816162033126845,0.7954146115120762,0.8367043584312752,0.7142518325706131,0.76043221437643
bmi_binary,lstm,,30s,160,test,0.5,80.0,1857,297120,0.7181071620893915,0.7011661135568042,0.6876909511454318,0.7692297575814694,0.7635971997845988,0.7403447929368504,0.7319584205326157,0.8202981361736565,0.7657512116316639,0.7423850079164415,0.7341773151611022,0.8202981361736565,0.7996677736242346,0.8406269527274087,0.7185122672545999,0.763688725322022
bmi_binary,lstm,,30s,2,test,0.5,1.0,1857,3714,0.6467420570813139,0.6309868937404439,0.6161812397660524,0.6854273656309662,0.6833602584814217,0.6731317605459765,0.6556252207700459,0.7235274468322013,0.7086698976844372,0.6317585091561861,0.637676831610324,0.7235274468322013,0.6987892489556805,0.748970359359437,0.6498042872019741,0.6955679864486445
bmi_binary,lstm,,30s,20,test,0.5,10.0,1857,37140,0.7109854604200323,0.6951938509753652,0.6809581612438572,0.7657454592486578,0.7609046849757674,0.7412844460256205,0.7307999717905922,0.8182762525765777,0.7614431879375336,0.7378232094312926,0.7295161282367852,0.8182762525765777,0.7976585973447019,0.8392785232777881,0.7203719283536902,0.7648607653084692
bmi_binary,lstm,,30s,200,test,0.5,100.0,1857,371400,0.7168874528809909,0.7001486335651688,0.6865383585232308,0.7691323680106512,0.7582121701669359,0.7335594656469893,0.7256221023157123,0.8199966867723459,0.7630586968228326,0.7413991869013445,0.73213021196687,0.8199966867723459,0.799614944974006,0.8405780009345005,0.711907732426416,0.7568184918361209
bmi_binary,lstm,,30s,25,test,0.5,12.5,1857,46425,0.7140549273021002,0.6980024767734594,0.6839696826801847,0.7677714090179539,0.7662897145934303,0.7451815621596813,0.7357829818036854,0.8200102655742068,0.7641357027463651,0.7441040842320237,0.7340049656226126,0.8200102655742068,0.7990130127858426,0.841027657463144,0.7239270749150842,0.7678800743554766
bmi_binary,lstm,,30s,250,test,0.5,125.0,1857,464250,0.7174259558427571,0.700334244923565,0.6869195693983148,0.7698719048071675,0.7609046849757674,0.7374334978178865,0.7290191541667215,0.8203782511046356,0.7652127086698977,0.7410325592511019,0.7332283360790774,0.8203782511046356,0.7998199313037173,0.8406966011973142,0.7157035096172523,0.7609416287001016
bmi_binary,lstm,,30s,3,test,0.5,1.5,1857,5571,0.6758212170166936,0.6606157262441125,0.6455931104369199,0.7253371993690987,0.7388260635433495,0.7228994272461375,0.7095020592842936,0.7826318976918752,0.7129779213785676,0.6969727419131445,0.6828910714085474,0.7826318976918752,0.7589773406889463,0.8052710972264084,0.7008766144991783,0.7449142834276997
bmi_binary,lstm,,30s,30,test,0.5,15.0,1857,55710,0.7134446239454317,0.6967328497469364,0.6830261015794301,0.7667109946653414,0.7619816908992999,0.7391756580966322,0.7304651480482225,0.8187406476002184,0.7684437264404954,0.7443335659834718,0.7366760057300694,0.8187406476002184,0.797828622014172,0.8394926210602061,0.718201815194937,0.7618930501881932
bmi_binary,lstm,,30s,320,test,0.5,160.0,1857,594240,0.7175568793753365,0.7005061328658604,0.687073645557926,0.7695577243274291,0.7598276790522348,0.7366540745910743,0.7280259186187945,0.8202913467727262,0.7673667205169629,0.74499824833456,0.736342960810864,0.8202913467727262,0.7998360667852721,0.8408895357593849,0.715601103215215,0.7596962294220139
bmi_binary,lstm,,30s,4,test,0.5,2.0,1857,7428,0.6875336564351104,0.6741062093145149,0.6582898764410741,0.7401971234666138,0.7469036079698438,0.7330774181809294,0.7188067837674137,0.7962310677555056,0.752827140549273,0.708000765844425,0.7090959912274504,0.7962310677555056,0.7737767590579678,0.8177729004415083,0.7102110967688507,0.7545096567385986
bmi_binary,lstm,,30s,40,test,0.5,20.0,1857,74280,0.714122240172321,0.6976685027469915,0.6838446476353499,0.7666061376014677,0.7614431879375336,0.7378232094312926,0.7295161282367852,0.8183903145122086,0.7668282175551966,0.7422016940913201,0.7347259259161508,0.8183903145122086,0.7972052373199573,0.8393679164405796,0.7166766887898741,0.76180022098421
bmi_binary,lstm,,30s,400,test,0.5,200.0,1857,742800,0.7169318793753365,0.6998354028558935,0.6864107468117604,0.7694899469595026,0.7603661820140011,0.7365624176785137,0.7282949820888701,0.8202275264039802,0.7652127086698977,0.7424766648290022,0.7339016919294832,0.8202275264039802,0.7996814254769862,0.8406543861180242,0.7155635659531538,0.7602692141388838
bmi_binary,lstm,,30s,5,test,0.5,2.5,1857,9285,0.6974690360796985,0.6818980992393155,0.6672998560380095,0.7481944267165642,0.7560581583198708,0.7401838841347995,0.7274112982798371,0.8038189022353424,0.7442110931610124,0.7277592804321318,0.7148371946115925,0.8038189022353424,0.7813754982520859,0.8255650503103813,0.7167034360567833,0.7620234392361138
bmi_binary,lstm,,30s,50,test,0.5,25.0,1857,92850,0.7158212170166935,0.6991459476781607,0.6854767548865173,0.7684746863975711,0.7635971997845988,0.7403447929368504,0.7319584205326157,0.8201732111965369,0.7668282175551966,0.7426830626172869,0.7349515263968609,0.8201732111965369,0.799601744320095,0.8406168937665153,0.7193719797231167,0.762599506737909
bmi_binary,lstm,,30s,500,test,0.5,250.0,1857,928500,0.7172536348949919,0.7001960588885479,0.6867594407173561,0.7695586645682893,0.7625201938610663,0.7390840011840716,0.7307372743847005,0.820160990274862,0.7652127086698977,0.7424766648290022,0.7339016919294832,0.820160990274862,0.7994156565726909,0.8405506367190857,0.7174134453597637,0.7624979472972049
bmi_binary,lstm,,30s,6,test,0.5,3.0,1857,11142,0.6988870938790164,0.6841277611362018,0.6691380156940737,0.7524731524455874,0.7512116316639742,0.7304186887765771,0.7201130856219708,0.8080106783697834,0.7582121701669359,0.7215252524978206,0.7194834792280449,0.8080106783697834,0.786987123664547,0.8298691357897,0.708211950010343,0.7517909298884494
bmi_binary,lstm,,30s,60,test,0.5,30.0,1857,111420,0.7162627894453419,0.6990611616393416,0.6856739012696718,0.7683056716165926,0.7673667205169629,0.7454796168605267,0.736563221621792,0.8196789428088022,0.7689822294022617,0.7461673831747782,0.7378438349519835,0.8196789428088022,0.7988683389912596,0.8402809202563771,0.7241848387893766,0.7683569979367733
bmi_binary,lstm,,30s,8,test,0.5,4.0,1857,14856,0.7084006462035541,0.69095249524063,0.6775081583337415,0.7595791975980458,0.7673667205169629,0.7459609853864935,0.7367824238128986,0.8162530110993127,0.7668282175551966,0.7316115865200519,0.7294796135985377,0.8162530110993127,0.7954668254259348,0.8372995737425837,0.7246964649228473,0.7683118948757126
bmi_binary,lstm,,30s,80,test,0.5,40.0,1857,148560,0.7171243941841681,0.7004067530097414,0.6867914017084948,0.7687472391537622,0.7598276790522348,0.7366540745910743,0.7280259186187945,0.8197834995831307,0.7630586968228326,0.7389923442715108,0.731008491003329,0.8197834995831307,0.7994119208346234,0.8404590933913181,0.7159858825016092,0.7595629649548228
bmi_binary,lstm,,30s,all,test,0.5,,1857,2090035,0.7198219168578517,0.6962932634771533,0.6844996697673718,0.7653975067204084,0.7614431879375336,0.7383045779572593,0.7297425420169104,0.8203089992151453,0.7635971997845988,0.7413075299887839,0.7324060813532149,0.8203089992151453,0.799584431578037,0.8406802516626719,0.7170420632281362,0.7615914360747026
bmi_binary,lstm,,10m,1,test,10.0,10.0,1857,1857,0.7345180398492192,0.6923437283587845,0.691129957055134,0.7666089114960853,0.7345180398492192,0.6923437283587845,0.691129957055134,0.7666089114960853,0.7345180398492192,0.6923437283587845,0.691129957055134,0.7666089114960853,0.7432604008514698,0.7907085778268469,0.6685814581991911,0.7156840608836871
bmi_binary,lstm,,10m,10,test,10.0,100.0,1857,18570,0.7292945611200862,0.7111878464291825,0.6986360580845539,0.7821399920156644,0.7813677975228863,0.760907172594719,0.7520032051282051,0.8327376765583712,0.7781367797522887,0.7494229009209143,0.7448195722244755,0.8327376765583712,0.8129979361075791,0.8527249340923979,0.7398067048307204,0.7818182276445805
bmi_binary,lstm,,10m,100,test,10.0,1000.0,1857,103565,0.7324289093805822,0.7102861349814709,0.698226266257858,0.7810789540319181,0.778675282714055,0.7594399830536552,0.7496816195341134,0.8338592855920766,0.7759827679052235,0.7570100564606581,0.7469503486626083,0.8338592855920766,0.8144212175476871,0.8544503077489688,0.7386038789423898,0.7808628931254661
bmi_binary,lstm,,10m,12,test,10.0,120.0,1857,22284,0.728280380542093,0.7100928631627926,0.697551340468316,0.7816544078375034,0.773290253096392,0.7516919187118605,0.7429487358638525,0.8314341115797308,0.7765212708669897,0.7496978716585962,0.7439858747161738,0.8314341115797308,0.8118226763404321,0.852030886551632,0.7305358428833679,0.7729137026624173
bmi_binary,lstm,,10m,16,test,10.0,160.0,1857,29712,0.7280896607431341,0.7110980905488823,0.6979256756030702,0.7816764804628199,0.7775982767905224,0.7572164542489429,0.7480444014740044,0.8319922003362111,0.777059773828756,0.7524944259018361,0.7456029701790843,0.8319922003362111,0.8122576698635734,0.8522964722418316,0.7356465446528562,0.7786856550608517
bmi_binary,lstm,,10m,2,test,10.0,20.0,1857,3714,0.691437802907916,0.6669432215978991,0.656531261448974,0.7385944853769884,0.7469036079698438,0.7157481512461267,0.71043750713298,0.7767753604492954,0.745288099084545,0.6597030044456997,0.6706549286031123,0.7767753604492954,0.7526278056745694,0.8014617499426623,0.6919899883543699,0.7397600521447091
bmi_binary,lstm,,10m,20,test,10.0,200.0,1857,37140,0.7307754442649435,0.7129334693024026,0.7002903878562855,0.7846907971028269,0.7813677975228863,0.7604258040687522,0.751794198516708,0.8341430825509679,0.7797522886375875,0.7573311951246671,0.7494293387983966,0.8341430825509679,0.8145747649584901,0.8543313897095295,0.7408063712166651,0.7819158403215629
bmi_binary,lstm,,10m,25,test,10.0,250.0,1857,46425,0.731007000538503,0.713409121152786,0.7006453916807509,0.7853472376643374,0.778675282714055,0.757995877475755,0.7490544666034284,0.8348328856854986,0.7759827679052235,0.7574914249866249,0.7471583991202231,0.8348328856854986,0.8157978895105068,0.8553710797185945,0.7367478314320542,0.7801554505370496
bmi_binary,lstm,,10m,3,test,10.0,30.0,1857,5571,0.7099264045952253,0.6883461290909536,0.676987858434513,0.7613917849455746,0.7641357027463651,0.7359208192905891,0.7301524002643516,0.8128528791133585,0.749057619816909,0.724527525589252,0.716066225687062,0.8128528791133585,0.7907925365810167,0.8338619175860196,0.7127646795928927,0.7575177024064748
bmi_binary,lstm,,10m,30,test,10.0,300.0,1857,55695,0.730101445372116,0.7122513843477947,0.6995849295742165,0.7845503399399807,0.778675282714055,0.7589586145276885,0.7494735750254473,0.833609435637837,0.773290253096392,0.7512105501858938,0.742732528006492,0.833609435637837,0.8140997762960747,0.8546154167261726,0.7383354447793201,0.7804592610371478
bmi_binary,lstm,,10m,4,test,10.0,40.0,1857,7428,0.715670436187399,0.6967551416133246,0.684225679883725,0.7698377384098136,0.7673667205169629,0.7377777204450588,0.732908948048316,0.8220864643787291,0.7743672590199246,0.7269588100624353,0.7309470862568392,0.8220864643787291,0.8025597960840547,0.8431468583913212,0.7163088781581234,0.7602738540002062
bmi_binary,lstm,,10m,40,test,10.0,400.0,1857,74149,0.7319451374934254,0.7143970883812489,0.7015845848154022,0.7857163160189384,0.7792137856758212,0.7593483261410946,0.7499789834836452,0.8344146585881848,0.7775982767905224,0.7572164542489429,0.7480444014740044,0.8344146585881848,0.8150610441016612,0.8551259497120549,0.7392979499710086,0.7808621516297215
bmi_binary,lstm,,10m,5,test,10.0,50.0,1857,9285,0.7228863758750673,0.7040471618946231,0.6916787585599189,0.7735345621243764,0.7749057619816909,0.7494914738703116,0.7429224911771252,0.8259944435542786,0.7700592353257943,0.7498350175573909,0.7401519687214592,0.8259944435542786,0.8063536758274518,0.8466745523183498,0.7280219624914979,0.770761037854452
bmi_binary,lstm,,10m,50,test,10.0,500.0,1857,91072,0.7321789353478566,0.7142416257200447,0.7013490047954394,0.7851242140256243,0.7797522886375875,0.7611821433324009,0.7511057498994773,0.8337968231035167,0.778675282714055,0.7594399830536552,0.7496816195341134,0.8337968231035167,0.8144502852728895,0.8546372518559022,0.7408250470984699,0.7825070746299272
bmi_binary,lstm,,10m,6,test,10.0,60.0,1857,11142,0.7206964638305511,0.7017563274953538,0.6893763070347314,0.7750612064493877,0.7711362412493269,0.7472448611024358,0.739627063543566,0.8267195515736473,0.7775982767905224,0.7379617132102732,0.7387618949973653,0.8267195515736473,0.8071373396764318,0.8464152807543608,0.7260550905600117,0.7687444357993181
bmi_binary,lstm,,10m,60,test,10.0,600.0,1857,99339,0.7324515044443773,0.7127497890378784,0.6999221206738575,0.7835732589374738,0.7792137856758212,0.7598296946670613,0.7501870226002048,0.8339068113985895,0.7765212708669897,0.7569183995480975,0.7472454309164405,0.8339068113985895,0.8146329462691585,0.8547405340374776,0.738991242605718,0.7809467626124479
bmi_binary,lstm,,10m,8,test,10.0,80.0,1857,14856,0.7257000538502961,0.7069619026345592,0.6946256989194781,0.7805401787411637,0.777059773828756,0.7529757944278028,0.7458223237877597,0.8323303125025461,0.773290253096392,0.7411018111405923,0.7379444076659432,0.8323303125025461,0.8135441679533385,0.8526474738129974,0.7323788249544093,0.7744502526123954
bmi_binary,lstm,,10m,80,test,10.0,800.0,1857,103401,0.7322946586590071,0.7102664521941244,0.6982050427356943,0.7810983119924999,0.778675282714055,0.7594399830536552,0.7496816195341134,0.8338538540713321,0.7759827679052235,0.7570100564606581,0.7469503486626083,0.8338538540713321,0.8144379253315539,0.8544501376855692,0.7386038789423898,0.7808628931254661
bmi_binary,lstm,,10m,all,test,10.0,,1857,103590,0.7324838304855681,0.710319634178739,0.6982537291970969,0.7810977641759135,0.778675282714055,0.7594399830536552,0.7496816195341134,0.8338606434722626,0.7759827679052235,0.7570100564606581,0.7469503486626083,0.8338606434722626,0.8144266090838048,0.8544503077489688,0.7386038789423898,0.7808628931254661
bmi_binary,lstm,,40m,1,test,40.0,40.0,1857,1857,0.7458266020463112,0.7193010447530152,0.711688455222938,0.7926082434190336,0.7458266020463112,0.7193010447530152,0.711688455222938,0.7926082434190336,0.7458266020463112,0.7193010447530152,0.711688455222938,0.7926082434190336,0.771112752484649,0.8146849250272706,0.6967461293009788,0.7424364415488899
bmi_binary,lstm,,40m,10,test,40.0,400.0,1857,18527,0.7441032007340638,0.7255253919590806,0.713693885750745,0.7969140153268766,0.7835218093699515,0.7658355987301104,0.7554664426980013,0.8364799943512184,0.7867528271405493,0.7609533405210458,0.7553834977034313,0.8364799943512184,0.8172703079520746,0.8569336417716265,0.7458233038922523,0.7876504893147885
bmi_binary,lstm,,40m,12,test,40.0,480.0,1857,21886,0.7425751622041488,0.7246181081882659,0.7121251945971363,0.796085223918879,0.7829833064081853,0.7654458871167044,0.7549590463857188,0.8352796282667202,0.7840603123317178,0.7614116250838492,0.7539095999304681,0.8352796282667202,0.8151914979973749,0.8559265624020742,0.7450685618339783,0.788533045338647
bmi_binary,lstm,,40m,16,test,40.0,640.0,1857,24813,0.743158828033692,0.7211659259397074,0.7096448368302785,0.7929079413838434,0.782444803446419,0.765537544029265,0.7546529819898071,0.8354452896494226,0.777059773828756,0.7577894796874702,0.7479588812597369,0.8354452896494226,0.8162010115184444,0.855918228373063,0.7443595468560489,0.788838801856951
bmi_binary,lstm,,40m,2,test,40.0,80.0,1857,3714,0.72859450726979,0.6943146914488854,0.6894904331808978,0.7745592999856065,0.7598276790522348,0.7275080725977063,0.7235131129152869,0.8087425757900827,0.7603661820140011,0.6710962981470368,0.6846355199250176,0.8087425757900827,0.7885160476328313,0.8305575791556141,0.7064021408884974,0.7501402554850142
bmi_binary,lstm,,40m,20,test,40.0,800.0,1857,25270,0.7429362880886426,0.7196992995395162,0.7086749147090088,0.7912638710218161,0.7829833064081853,0.7654458871167044,0.7549590463857188,0.8352782703865342,0.777059773828756,0.7577894796874702,0.7479588812597369,0.8352782703865342,0.815942240698025,0.8559186444101645,0.7444583152244443,0.7887092549359991
bmi_binary,lstm,,40m,25,test,40.0,1000.0,1857,25305,0.7428966607389844,0.719572169560851,0.7085135480642657,0.791292377030782,0.7829833064081853,0.7654458871167044,0.7549590463857188,0.8352606179441151,0.777059773828756,0.7577894796874702,0.7479588812597369,0.8352606179441151,0.8159899518522131,0.8559094512202852,0.7444583152244443,0.7887092549359991
bmi_binary,lstm,,40m,3,test,40.0,120.0,1857,5571,0.7364925507090289,0.7098182884734983,0.7018492269732525,0.7883969288974707,0.7819063004846527,0.7598527786302247,0.7518799076121041,0.8289532644797554,0.7684437264404954,0.7462590400873388,0.7375635952515546,0.8289532644797554,0.808412804233098,0.8498881903199481,0.7380769305315943,0.7828317538309321
bmi_binary,lstm,,40m,4,test,40.0,160.0,1857,7428,0.7400376952073237,0.7170371190127668,0.7073945371038978,0.7893631643768281,0.7813677975228863,0.7613885411206857,0.7522112085398399,0.8315821205200139,0.7835218093699515,0.7364721186461392,0.7411934623193068,0.8315821205200139,0.8119027656224969,0.8522677335600827,0.7413075263440988,0.7843793825832991
bmi_binary,lstm,,40m,5,test,40.0,200.0,1857,9285,0.73817985998923,0.7157888876517091,0.7057606686555559,0.7908301536305642,0.7802907915993538,0.75964638084194,0.7507815460401668,0.8317586449442047,0.7738287560581584,0.7540071044291337,0.7443061114229215,0.8317586449442047,0.8116776857763093,0.8521920649969618,0.7393752102412644,0.7816551022857772
bmi_binary,lstm,,40m,6,test,40.0,240.0,1857,11142,0.7406210734159038,0.7217113952399963,0.7099725395873805,0.7936007029594847,0.7792137856758212,0.7607924317189949,0.7506001032492053,0.8338484225505879,0.7840603123317178,0.7532283601424146,0.7501648161959718,0.8338484225505879,0.813997547255342,0.8545022605900638,0.7412403199030578,0.7823120612517002
bmi_binary,lstm,,40m,8,test,40.0,320.0,1857,14848,0.7415140086206896,0.7217739135599139,0.7104978175962566,0.7959952399554524,0.7813677975228863,0.762832646698586,0.7528292410421573,0.8361758291895357,0.7856758212170167,0.7568043376124665,0.752823966931093,0.8361758291895357,0.8167422321228531,0.8567856224401852,0.7426469024681929,0.7853670570905738
bmi_binary,lstm,,40m,all,test,40.0,,1857,25310,0.7428684314500198,0.719546888246364,0.7084700364062638,0.791269596241358,0.7829833064081853,0.7654458871167044,0.7549590463857188,0.8352470391422544,0.777059773828756,0.7577894796874702,0.7479588812597369,0.8352470391422544,0.8159557994216683,0.8559094512202852,0.7444583152244443,0.7887092549359991
bmi_binary,lstm,,80m,1,test,80.0,80.0,1857,1857,0.7425955842757135,0.7318851993775477,0.7157174847105183,0.7970138856827829,0.7425955842757135,0.7318851993775477,0.7157174847105183,0.7970138856827829,0.7425955842757135,0.7318851993775477,0.7157174847105183,0.7970138856827829,0.773781092624098,0.8197936430892845,0.7099094805131674,0.7534192991379719
bmi_binary,lstm,,80m,10,test,80.0,800.0,1857,12062,0.756425136793235,0.7271159595880641,0.7198557656430435,0.7998454100143956,0.7905223478729133,0.7631999532889215,0.7587403934241609,0.8385480458746242,0.7889068389876144,0.7524034479293685,0.7526463440491918,0.8385480458746242,0.8203581013387203,0.8579797881122172,0.7422293684640141,0.7853892855146516
bmi_binary,lstm,,80m,12,test,80.0,960.0,1857,12074,0.7564187510352824,0.727037536257771,0.7197583975230144,0.7998416740067507,0.7905223478729133,0.7631999532889215,0.7587403934241609,0.838545330114252,0.7889068389876144,0.7524034479293685,0.7526463440491918,0.838545330114252,0.8203572017173995,0.8579682923048556,0.7422293684640141,0.7853892855146516
bmi_binary,lstm,,80m,2,test,80.0,160.0,1857,3714,0.7425955842757135,0.7232205659101464,0.7118032467532468,0.7909477256864763,0.7775982767905224,0.7576978227749096,0.7482544683345735,0.8226486267757678,0.777059773828756,0.7082085215128957,0.7202214070483427,0.8226486267757678,0.8015456507201699,0.8430969494240628,0.7367690571131427,0.7798393748397827
bmi_binary,lstm,,80m,3,test,80.0,240.0,1857,5571,0.7497756237659308,0.729219001632172,0.7187244112968421,0.8005833000652688,0.786214324178783,0.7634518400634401,0.7561545242107666,0.8354738051333304,0.7845988152934841,0.7632454422751553,0.7550474471907622,0.8354738051333304,0.8158337048966664,0.855312298309994,0.7425503031127928,0.784799332984822
bmi_binary,lstm,,80m,4,test,80.0,320.0,1857,7423,0.7506399030041762,0.7281149396996038,0.7186790995461285,0.8007936646890351,0.7894453419493808,0.7643460041659764,0.7585788180623916,0.8360020205257169,0.786214324178783,0.7417902563949368,0.7455975651207691,0.8360020205257169,0.8172013882459734,0.8561574636122945,0.7426368091226462,0.7865988072214861
bmi_binary,lstm,,80m,5,test,80.0,400.0,1857,9255,0.7542949756888169,0.7321527826473068,0.7226313791223089,0.8037058790132228,0.7894453419493808,0.7619391615361427,0.7574999841358532,0.8390803349075692,0.7878298330640818,0.7617327637478579,0.7564030683588807,0.8390803349075692,0.8207987570762458,0.8589270205646201,0.7403957918518544,0.783640405074278
bmi_binary,lstm,,80m,6,test,80.0,480.0,1857,10838,0.7563203543089131,0.7320193082607187,0.72327989599179,0.803885850697206,0.7883683360258481,0.7616411068352973,0.7566964233623121,0.8385833507594624,0.7883683360258481,0.7510509992640289,0.7516545846004956,0.8385833507594624,0.8203942412618986,0.8580874865438888,0.741053838941302,0.7836897232235491
bmi_binary,lstm,,80m,8,test,80.0,640.0,1857,11916,0.7570493454179255,0.7286424951594914,0.7209668595276169,0.8008872930728503,0.7905223478729133,0.7631999532889215,0.7587403934241609,0.8383077010816874,0.7883683360258481,0.7510509992640289,0.7516545846004956,0.8383077010816874,0.8200277930495107,0.8579413287348824,0.7422293684640141,0.7853892855146516
bmi_binary,lstm,,80m,all,test,80.0,,1857,12078,0.7562510349395595,0.726906676596794,0.7195740712086389,0.7997932491060139,0.7905223478729133,0.7631999532889215,0.7587403934241609,0.8385168146303443,0.7889068389876144,0.7524034479293685,0.7526463440491918,0.8385168146303443,0.8202951938659587,0.8579326840683429,0.7422293684640141,0.7853892855146516
bmi_binary,lstm,,120m,1,test,120.0,120.0,1857,1857,0.7113624124932687,0.7246857186309308,0.6934405306315541,0.8039288905304152,0.7113624124932687,0.7246857186309308,0.6934405306315541,0.8039288905304152,0.7113624124932687,0.7246857186309308,0.6934405306315541,0.8039288905304152,0.7817110039775783,0.8256591888259803,0.7030795175190302,0.7467363031233344
bmi_binary,lstm,,120m,2,test,120.0,240.0,1857,3714,0.7092084006462036,0.7226455036513398,0.6913231382978724,0.7972976826416744,0.7372105546580506,0.7472428242821566,0.7183117154395529,0.8217524258529525,0.7609046849757674,0.7311757069803189,0.7259751136635559,0.8217524258529525,0.8011514484150866,0.8421474722991311,0.7253684788712418,0.7686541210386908
bmi_binary,lstm,,120m,3,test,120.0,360.0,1857,5561,0.715159144038842,0.7263206586094427,0.6964381567574944,0.8009381313165737,0.7442110931610124,0.7513463382045023,0.724389889530987,0.8294556801486064,0.7345180398492192,0.7424060550593258,0.7148242923958938,0.8294556801486064,0.8085526581766728,0.8494690351609719,0.7303132951211199,0.772273214812445
bmi_binary,lstm,,120m,4,test,120.0,480.0,1857,7144,0.7201847704367301,0.728866560605939,0.6998612992557616,0.8023462684435944,0.749057619816909,0.7548537427251569,0.728845647678135,0.8310946415332097,0.7587506731287023,0.747427495987464,0.7321712793410906,0.8310946415332097,0.809675788774916,0.8517315492823216,0.7341728779718959,0.7757093580386796
bmi_binary,lstm,,120m,5,test,120.0,600.0,1857,7702,0.7202025447935602,0.7275789839261988,0.6983958155220287,0.8011601189318889,0.7501346257404415,0.7551517974260022,0.7296644713063732,0.8312698080772145,0.7549811523963382,0.7514386740571559,0.7314212658882899,0.8312698080772145,0.8101460229263423,0.85173519559505,0.733791447785969,0.776471130423948
bmi_binary,lstm,,120m,6,test,120.0,720.0,1857,7823,0.7200562444075163,0.7270131242461171,0.6980708178177653,0.8007124170196085,0.749057619816909,0.7543723741991901,0.7286728906792819,0.8316432251283876,0.7549811523963382,0.7504759370052224,0.7310437292875802,0.8316432251283876,0.8106457962951998,0.8521097678382555,0.732237354887774,0.7749985223401463
bmi_binary,lstm,,120m,8,test,120.0,960.0,1857,7839,0.720244929200153,0.7270712568995046,0.6980792712564046,0.8008293692280819,0.749057619816909,0.7543723741991901,0.7286728906792819,0.8316459408887596,0.7549811523963382,0.7504759370052224,0.7310437292875802,0.8316459408887596,0.8105681927617674,0.8521382406362241,0.732237354887774,0.7749985223401463
bmi_binary,lstm,,120m,all,test,120.0,,1857,7840,0.7201530612244897,0.7270064187239084,0.6979862283787766,0.8007971132883305,0.749057619816909,0.7543723741991901,0.7286728906792819,0.8316310042067128,0.7549811523963382,0.7504759370052224,0.7310437292875802,0.8316310042067128,0.8105425101245667,0.8521378469406973,0.732237354887774,0.7749985223401463
bmi_binary,lstm,,240m,1,test,240.0,240.0,1857,1857,0.6795907377490576,0.7276866338421764,0.6720274271466418,0.8215012180185269,0.6795907377490576,0.7276866338421764,0.6720274271466418,0.8215012180185269,0.6795907377490576,0.7276866338421764,0.6720274271466418,0.8215012180185269,0.7999881779278656,0.8416806194732114,0.7075729053618168,0.7470002537990353
bmi_binary,lstm,,240m,2,test,240.0,480.0,1857,3440,0.6915697674418605,0.7296682774209213,0.6799670307749303,0.8137486895372171,0.708131394722671,0.7464158752488316,0.6978221448300709,0.8315943414416886,0.7399030694668821,0.7453404341414531,0.7193973304718211,0.8315943414416886,0.8109196218219461,0.8512766453544918,0.7269474815636132,0.765453103431775
bmi_binary,lstm,,240m,3,test,240.0,720.0,1857,3561,0.690255546194889,0.7280312597317927,0.6785333271240787,0.8121852686889627,0.7097469036079699,0.7471036415630831,0.6991826816876519,0.832233903009334,0.7372105546580506,0.7472428242821566,0.7183117154395529,0.832233903009334,0.8114177272359822,0.8521266038296716,0.7270963306763304,0.7668356976589548
bmi_binary,lstm,,240m,4,test,240.0,960.0,1857,3566,0.6904094223219294,0.7281999856156556,0.6785839898763114,0.8123068501155034,0.7092084006462036,0.746713929949677,0.6986875157750507,0.8322610606130557,0.7382875605815832,0.7480222475089688,0.7192979509573396,0.8322610606130557,0.8114356996921964,0.8521264319034376,0.7267046914952238,0.7661428924527598
bmi_binary,lstm,,240m,all,test,240.0,,1857,3566,0.6904094223219294,0.7281999856156556,0.6785839898763114,0.8123068501155034,0.7092084006462036,0.746713929949677,0.6986875157750507,0.8322610606130557,0.7382875605815832,0.7480222475089688,0.7192979509573396,0.8322610606130557,0.8114356996921964,0.8521264319034376,0.7267046914952238,0.7661428924527598
bmi_binary,transformer,,30s,1,test,0.5,0.5,1857,1857,0.6596661281637048,0.6478011846146743,0.6310704271397856,0.717905822861814,0.6596661281637048,0.6478011846146743,0.6310704271397856,0.717905822861814,0.6596661281637048,0.6478011846146743,0.6310704271397856,0.717905822861814,0.6927579455074109,0.743631745777902,0.624127199881102,0.6705829884000375
bmi_binary,transformer,,30s,10,test,0.5,5.0,1857,18570,0.6919763058696823,0.6884650115012452,0.6673566656794505,0.7569159214167578,0.7614431879375336,0.7508201596323947,0.7352600717064111,0.8191710956192069,0.7571351642434033,0.7375937276798444,0.7268872746838848,0.8191710956192069,0.7988036478512521,0.8389983782236865,0.7294164945943963,0.7739230801541501
bmi_binary,transformer,,30s,100,test,0.5,50.0,1857,185700,0.7038072159396876,0.6960594249105836,0.6774120686899163,0.763773116891758,0.7625201938610663,0.7487113717034064,0.7350443001832832,0.8225114808769732,0.7609046849757674,0.7485049739151216,0.7339582752532292,0.8225114808769732,0.801358852816527,0.8429099654191469,0.7271038413365919,0.7713593694032054
bmi_binary,transformer,,30s,12,test,0.5,6.0,1857,22284,0.6940854424699335,0.6885954132617821,0.6686056942196225,0.7568049788336655,0.756596661281637,0.7410549642741724,0.7281190238037243,0.8183699463094175,0.7571351642434033,0.7375937276798444,0.7268872746838848,0.8183699463094175,0.7973993582917213,0.8395783140620823,0.720078365461497,0.7629179589036436
bmi_binary,transformer,,30s,120,test,0.5,60.0,1857,222840,0.7037470831089571,0.695671728617687,0.6772036146121108,0.7639634400943998,0.7614431879375336,0.7460064743727273,0.7332201983828814,0.8230193280665687,0.7619816908992999,0.7497657656679005,0.7351566614007372,0.8230193280665687,0.8023264476324182,0.8433371128365775,0.7257529975294857,0.768555661591523
bmi_binary,transformer,,30s,16,test,0.5,8.0,1857,29712,0.6970247711362413,0.6909031023488612,0.671286857723151,0.7575702934260268,0.756596661281637,0.743461806904006,0.7291647306631974,0.8185152394893285,0.7582121701669359,0.7407799935364903,0.7289667069633516,0.8185152394893285,0.797305683464798,0.8384289287920239,0.7223123600195196,0.7676366219724385
bmi_binary,transformer,,30s,160,test,0.5,80.0,1857,297120,0.7045436187399031,0.6967175113586678,0.6781224935466335,0.7638161818868203,0.7641357027463651,0.7479550324397577,0.7357114448811529,0.8228061408773534,0.7625201938610663,0.75111821433324,0.7360570856720186,0.8228061408773534,0.8022133907754164,0.8432473433729586,0.7271362358703038,0.7712181471252483
bmi_binary,transformer,,30s,2,test,0.5,1.0,1857,3714,0.6066235864297254,0.6197640140024605,0.5898535086900439,0.6841319479334422,0.6575121163166397,0.6640529736218195,0.6372387373883814,0.7263898582644661,0.6871297792137857,0.6349434171326459,0.634616315924402,0.7263898582644661,0.7023418633361801,0.7509194987367203,0.6406220238398985,0.6862793792122734
bmi_binary,transformer,,30s,20,test,0.5,10.0,1857,37140,0.6986806677436725,0.6930762368251675,0.6731875119349902,0.7610860648224842,0.7635971997845988,0.7514162690340855,0.7368537936755666,0.8219941285260753,0.7582121701669359,0.7436682046922908,0.7302378475788983,0.8219941285260753,0.8013093200447967,0.8423850626555381,0.7304920831709529,0.7737531835244398
bmi_binary,transformer,,30s,200,test,0.5,100.0,1857,371400,0.7040980075390415,0.6965923860942206,0.6778151907975429,0.7638395496013264,0.7641357027463651,0.7493991380176579,0.7363344614307387,0.8224938284345543,0.7630586968228326,0.751989294472613,0.7367552869311957,0.8224938284345543,0.8019892636317262,0.8428134165620953,0.728521458087699,0.7731654326371529
bmi_binary,transformer,,30s,25,test,0.5,12.5,1857,46425,0.7011523963381798,0.6955581838080935,0.6756871323354041,0.7633476298201353,0.7625201938610663,0.7496741087553398,0.7354523966658623,0.8242359887133,0.7662897145934303,0.7576971438348166,0.7411229831093843,0.8242359887133,0.8033313524125714,0.8441962280753995,0.7286089583804742,0.7719788730211558
bmi_binary,transformer,,30s,250,test,0.5,125.0,1857,464250,0.7049477652127086,0.697242009554045,0.6785858440318057,0.7643764523370475,0.7625201938610663,0.745823160547606,0.7337958079528688,0.8227192365454442,0.7625201938610663,0.7506368458072734,0.7358565116378833,0.8227192365454442,0.8018729050642202,0.8433605875049687,0.7246107779910913,0.7686165721612548
bmi_binary,transformer,,30s,3,test,0.5,1.5,1857,5571,0.6471010590558248,0.6517048638363012,0.6261441384366889,0.7230039840204661,0.7269789983844911,0.7239531422705386,0.7029657708306714,0.7884653509712918,0.6855142703284868,0.6886502942526364,0.6636954526284453,0.7884653509712918,0.7660778947521414,0.8100121125450473,0.7030041369376542,0.7463842792731108
bmi_binary,transformer,,30s,30,test,0.5,15.0,1857,55710,0.7007180039490217,0.6938125473560715,0.6746653511117136,0.7617125939464494,0.7619816908992999,0.7478402915640336,0.7343406109692755,0.8220484437335186,0.7619816908992999,0.7463961859861333,0.7337180089436106,0.8220484437335186,0.8007414835109208,0.8430739205837364,0.7278844182662471,0.7703859384821604
bmi_binary,transformer,,30s,320,test,0.5,160.0,1857,594240,0.7054456112008616,0.6976139711273937,0.6790336209094601,0.7643120254354615,0.7619816908992999,0.7473589230380668,0.7341340896487746,0.823042412029732,0.7619816908992999,0.7502471341938672,0.7353581847399089,0.823042412029732,0.8021911487433644,0.8435560118187686,0.7265581153175996,0.7704875107069786
bmi_binary,transformer,,30s,4,test,0.5,2.0,1857,7428,0.6649165320409263,0.6692911661746614,0.6436899592710985,0.7360857592994424,0.7372105546580506,0.7342458740810546,0.7134244759384534,0.8001526257329158,0.7415185783521809,0.7070373498523985,0.7029679214952373,0.8001526257329158,0.7791020516206202,0.8207010212280841,0.7112259050990363,0.7564807663364818
bmi_binary,transformer,,30s,40,test,0.5,20.0,1857,74280,0.7018039849219171,0.6949033325095527,0.6757652442323461,0.7610804020377708,0.7630586968228326,0.7471756092129455,0.7347142857142857,0.8210368229948863,0.7657512116316639,0.7539378525396434,0.7392514812047186,0.8210368229948863,0.8005156243805851,0.8415592136958112,0.7265174964290653,0.7695981143547943
bmi_binary,transformer,,30s,400,test,0.5,200.0,1857,742800,0.7048128702207862,0.6969412492769288,0.6783747234757944,0.764152361888309,0.7603661820140011,0.7452270511459151,0.7322252267870365,0.8226893631813503,0.7619816908992999,0.7502471341938672,0.7353581847399089,0.8226893631813503,0.8016883918850567,0.8435040437123471,0.7241118256533818,0.7680772154037723
bmi_binary,transformer,,30s,5,test,0.5,2.5,1857,9285,0.6779752288637587,0.6765514460066102,0.6542340297636609,0.7467090958962145,0.749057619816909,0.7389685813682544,0.7226510518826199,0.8119159417849606,0.7334410339256866,0.7286296816314115,0.708818825354016,0.8119159417849606,0.7906891275151416,0.833856592810964,0.7174427562791977,0.7605099998067517
bmi_binary,transformer,,30s,50,test,0.5,25.0,1857,92850,0.7039849219170705,0.696847504623582,0.6778655057468683,0.7638408034848636,0.7641357027463651,0.7474736639137909,0.7355017417161172,0.8236358056710508,0.7657512116316639,0.7515310099098096,0.7382426374210356,0.8236358056710508,0.8030647553393816,0.8438857972351199,0.7267999234533168,0.7697879908168045
bmi_binary,transformer,,30s,500,test,0.5,250.0,1857,928500,0.7051857835218094,0.697218826465628,0.6787095947966278,0.7642657901287541,0.7630586968228326,0.748138346264879,0.7351305091998288,0.822749109909538,0.7635971997845988,0.7514162690340855,0.7368537936755666,0.822749109909538,0.8022081839946863,0.8432572967250861,0.7276108891084516,0.770368487302793
bmi_binary,transformer,,30s,6,test,0.5,3.0,1857,11142,0.6801292407108239,0.6768105974401243,0.6555562598811591,0.7460295206169966,0.745288099084545,0.7328710203926446,0.7177547654294647,0.8093468324728899,0.7485191168551427,0.7193241287161787,0.7131591002680806,0.8093468324728899,0.7881485329208006,0.8314450053690289,0.7112180563158119,0.7542946785187954
bmi_binary,transformer,,30s,60,test,0.5,30.0,1857,111420,0.7030694668820678,0.695393945936453,0.6766978189612181,0.7628919125108744,0.7657512116316639,0.7520123784357764,0.7384463852244282,0.822019928249611,0.7641357027463651,0.7493991380176579,0.7363344614307387,0.822019928249611,0.8013496577377559,0.8418116207223445,0.7308617590487905,0.7743894644354513
bmi_binary,transformer,,30s,8,test,0.5,4.0,1857,14856,0.6888799138395261,0.682782384763498,0.6630936090460857,0.7529420171581741,0.7641357027463651,0.7493991380176579,0.7363344614307387,0.8177684053869821,0.7603661820140011,0.7322301009448131,0.7261981244572353,0.8177684053869821,0.7965336302893851,0.8374791162513604,0.7284304235328746,0.772215190892585
bmi_binary,transformer,,30s,80,test,0.5,40.0,1857,148560,0.7045570813139472,0.6971544687157984,0.6783260829699637,0.7635871258785485,0.756596661281637,0.7429804383780392,0.7289576336863859,0.8224883969138099,0.7609046849757674,0.7499490794930218,0.7345626072041167,0.8224883969138099,0.8019910803925405,0.8424933005702954,0.7218489841700186,0.7662293934445703
bmi_binary,transformer,,30s,all,test,0.5,,1857,2090035,0.7063623336451303,0.6936469433856365,0.675987899661236,0.7601081633098116,0.7625201938610663,0.7472672661255062,0.7344246218664803,0.8228971188498212,0.7630586968228326,0.7505451888947127,0.7361534487212607,0.8228971188498212,0.8020751416211106,0.8434325453731334,0.7265363477701623,0.7700669194600913
bmi_binary,transformer,,10m,1,test,10.0,10.0,1857,1857,0.7264404954227248,0.7033459525665293,0.6932303305748574,0.7682981144475736,0.7264404954227248,0.7033459525665293,0.6932303305748574,0.7682981144475736,0.7264404954227248,0.7033459525665293,0.6932303305748574,0.7682981144475736,0.7438428303236508,0.7917095216562645,0.6797078568730537,0.7262811777246526
bmi_binary,transformer,,10m,10,test,10.0,100.0,1857,18570,0.7190630048465266,0.7155287178080555,0.6947083424095759,0.787590054613941,0.7657512116316639,0.7611583804291444,0.7421331447788662,0.8393247533410643,0.7716747442110932,0.7558178376572765,0.7437520340549617,0.8393247533410643,0.8187622672751349,0.8584819889539457,0.7401779742120729,0.7831129828187922
bmi_binary,transformer,,10m,100,test,10.0,1000.0,1857,103565,0.7238835513928451,0.7180376089632943,0.6968804232687467,0.789483541825201,0.7727517501346257,0.7686314740332572,0.7495692222736372,0.8413371317768407,0.7716747442110932,0.765926576702578,0.7478330826720916,0.8413371317768407,0.8210633971700565,0.8605721629865128,0.7481868807271103,0.7902951962263738
bmi_binary,transformer,,10m,12,test,10.0,120.0,1857,22284,0.720113085621971,0.7173797574463887,0.6961083281664284,0.7890891366114976,0.7700592353257943,0.7662015474402601,0.7468755237254617,0.8397511277194946,0.7727517501346257,0.7618923146697227,0.7469471712735727,0.8397511277194946,0.8194041643303955,0.8593206174073972,0.7455629056785842,0.7863918660604905
bmi_binary,transformer,,10m,16,test,10.0,160.0,1857,29712,0.7195745826602046,0.7163983636864818,0.695377432804754,0.7889847958367733,0.7743672590199246,0.768837871821542,0.7507154951598151,0.8389105998843086,0.7711362412493269,0.7607231798295045,0.7454399488573706,0.8389105998843086,0.8181688719418327,0.8581410373856266,0.7484226270758907,0.7893452211502923
bmi_binary,transformer,,10m,2,test,10.0,20.0,1857,3714,0.6777059773828756,0.6644667876085286,0.6484744110248044,0.7365495178167459,0.7275175013462574,0.7151968518905767,0.6995030316985187,0.778692687272046,0.7442110931610124,0.663737266478555,0.6739582428508856,0.778692687272046,0.7543911337449073,0.801500315221566,0.692788053608428,0.7390121606292652
bmi_binary,transformer,,10m,20,test,10.0,200.0,1857,37140,0.7224017232094776,0.7191002142734934,0.6981966385033216,0.7913417808191275,0.7711362412493269,0.7650554965632053,0.7471457886465904,0.8407953375825932,0.7754442649434572,0.766247715366587,0.7504213259075548,0.8407953375825932,0.82011052169326,0.8600923775255503,0.7450139194141618,0.786316037174848
bmi_binary,transformer,,10m,25,test,10.0,250.0,1857,46425,0.7240495422724825,0.7214287615317975,0.7001529315111672,0.7934187783966693,0.773290253096392,0.7670957115427963,0.7493415300485128,0.8426026761102705,0.7700592353257943,0.7652388103883265,0.7465104138527852,0.8426026761102705,0.8226749367560541,0.8612346333236166,0.7466899629133931,0.7875728252882048
bmi_binary,transformer,,10m,3,test,10.0,30.0,1857,5571,0.7005923532579429,0.6913789544865718,0.6734918209462708,0.765791618499639,0.7522886375875067,0.7451577992564249,0.7272152464649303,0.8197468368181063,0.745288099084545,0.7352778630224783,0.7187939103884715,0.8197468368181063,0.7990516261470553,0.8399256681838521,0.7238074004043331,0.7661246932070497
bmi_binary,transformer,,10m,30,test,10.0,300.0,1857,55695,0.7223269593320765,0.7197723924158649,0.6984237128239783,0.7917350308486442,0.7738287560581584,0.7684481602081359,0.7502120158544303,0.840633749840449,0.7705977382875606,0.7637030478978657,0.7462711172920602,0.840633749840449,0.8205703611019975,0.8598501227655825,0.7482804679129698,0.7901759446868142
bmi_binary,transformer,,10m,4,test,10.0,40.0,1857,7428,0.7046311254711901,0.6976713712688847,0.6785987540613386,0.7713150271847613,0.7587506731287023,0.7527225497730983,0.734331370470193,0.8253745712493312,0.7722132471728594,0.7374341767579795,0.7354812204398931,0.8253745712493312,0.8042844719140061,0.8455810323068867,0.7306522710016331,0.7748267712270106
bmi_binary,transformer,,10m,40,test,10.0,400.0,1857,74149,0.724824340179908,0.7221878350790774,0.7008799072611896,0.7936239287736071,0.7727517501346257,0.7676687369813238,0.7492056806951606,0.8419794091048582,0.7738287560581584,0.7689295287341027,0.7503942793648517,0.8419794091048582,0.8214359217498053,0.8612400176509213,0.7473342224221436,0.7888887731418733
bmi_binary,transformer,,10m,5,test,10.0,50.0,1857,9285,0.7128702207862143,0.7063296226994115,0.6871345092804751,0.7802108516352951,0.7592891760904685,0.7526308928605375,0.7346373653212996,0.8334885843012756,0.7539041464728056,0.7477710396745433,0.7292855253953221,0.8334885843012756,0.8131073024748667,0.8528655133756654,0.7316175811167901,0.7727479933014043
bmi_binary,transformer,,10m,50,test,10.0,500.0,1857,91072,0.7245146697118763,0.7215293430799624,0.7001203715082212,0.7929789988924931,0.7722132471728594,0.7677603938938844,0.7488850235590822,0.8411551758319052,0.769520732364028,0.7634049931970203,0.7454541494897529,0.8411551758319052,0.8208874015192599,0.8604559932647938,0.7477841794883291,0.7895681628577219
bmi_binary,transformer,,10m,6,test,10.0,60.0,1857,11142,0.7122599174295459,0.7057595845972935,0.6865327720606238,0.7810710332774188,0.7705977382875606,0.7641844164238324,0.746457828545056,0.834338617297764,0.7765212708669897,0.7496978716585962,0.7439858747161738,0.834338617297764,0.8134606117301448,0.8541167053565658,0.7427020816905548,0.7857876822436064
bmi_binary,transformer,,10m,60,test,10.0,600.0,1857,99339,0.7244788049003916,0.7202193514995164,0.6986612826100747,0.7915267782482991,0.7743672590199246,0.7698006088734755,0.7510791551030528,0.8413099741731189,0.773290253096392,0.7670957115427963,0.7493415300485128,0.8413099741731189,0.8210428950355777,0.8604979476279121,0.7496648767668993,0.7916994563468259
bmi_binary,transformer,,10m,8,test,10.0,80.0,1857,14856,0.7151992460958535,0.7101933180073923,0.6901628464405747,0.7839632249552578,0.7646742057081314,0.7574907460465319,0.7400063756201412,0.8363319854109353,0.7759827679052235,0.7560473194087247,0.7465312229309394,0.8363319854109353,0.8166499905939425,0.8552972314445818,0.7371534397715827,0.7781387833789948
bmi_binary,transformer,,10m,80,test,10.0,800.0,1857,103401,0.7238518002727247,0.7180522625498762,0.6969320347902337,0.7895210428324874,0.7727517501346257,0.7686314740332572,0.7495692222736372,0.8413724366616788,0.7716747442110932,0.765926576702578,0.7478330826720916,0.8413724366616788,0.8210754385012508,0.8606067571603666,0.7481868807271103,0.7902951962263738
bmi_binary,transformer,,10m,all,test,10.0,,1857,103590,0.7238922675933971,0.7180423078157017,0.6968678615810615,0.789500376954577,0.7727517501346257,0.7686314740332572,0.7495692222736372,0.8413425632975849,0.7716747442110932,0.765926576702578,0.7478330826720916,0.8413425632975849,0.821066624451528,0.8605879746092719,0.7481868807271103,0.7902951962263738
bmi_binary,transformer,,40m,1,test,40.0,40.0,1857,1857,0.7614431879375336,0.7224194166003568,0.7216678592997468,0.7973173719043727,0.7614431879375336,0.7224194166003568,0.7216678592997468,0.7973173719043727,0.7614431879375336,0.7224194166003568,0.7216678592997468,0.7973173719043727,0.7746041554168246,0.8200461120323259,0.6999854221790855,0.7462685664236787
bmi_binary,transformer,,40m,10,test,40.0,400.0,1857,18527,0.7592162789442435,0.7328357398906062,0.725796566561011,0.8069554003169221,0.7894453419493808,0.7609764244842092,0.7570611941721748,0.8421627229299796,0.7889068389876144,0.7543289220332354,0.753593479202773,0.8421627229299796,0.8223602409443639,0.8619838592104729,0.7388533651829895,0.7826917533590597
bmi_binary,transformer,,40m,12,test,40.0,480.0,1857,21886,0.7596637119619848,0.7326349464793402,0.7256924214562068,0.8072576789620314,0.7921378567582121,0.7624436140252728,0.7593997631598026,0.841425393988936,0.786214324178783,0.752380363966205,0.7510408628803088,0.841425393988936,0.8216280369876284,0.8606345818542769,0.7412256140859323,0.7842085683574846
bmi_binary,transformer,,40m,16,test,40.0,640.0,1857,24813,0.7592794099867005,0.7293543101713835,0.7227189917328891,0.8053102354245515,0.7921378567582121,0.7629249825512396,0.7596205180485318,0.8420445873537902,0.7883683360258481,0.7573087901015966,0.7546973972347195,0.8420445873537902,0.822174252064012,0.8611019455458542,0.74140230908327,0.785063343938231
bmi_binary,transformer,,40m,2,test,40.0,80.0,1857,3714,0.7358642972536349,0.7075183789083186,0.7003250957911918,0.7805360096246547,0.7727517501346257,0.7436003106829865,0.7388592976478963,0.8143669155208421,0.7679052234787291,0.6876237368319569,0.7010840072976753,0.8143669155208421,0.7916180763833853,0.8340854431301162,0.7224126288789782,0.7657812206519135
bmi_binary,transformer,,40m,20,test,40.0,800.0,1857,25270,0.7585278986941036,0.7276592511191554,0.7213160531974863,0.8037680024114019,0.7921378567582121,0.7629249825512396,0.7596205180485318,0.8419373148190896,0.7894453419493808,0.759532318906309,0.7563951200314836,0.8419373148190896,0.8221768883119112,0.860805460542135,0.741011723411164,0.7850592613490438
bmi_binary,transformer,,40m,25,test,40.0,1000.0,1857,25305,0.75850622406639,0.727574964155453,0.7211867932843549,0.8037893828592975,0.7921378567582121,0.7629249825512396,0.7596205180485318,0.8419481778605783,0.7894453419493808,0.759532318906309,0.7563951200314836,0.8419481778605783,0.8222966057715437,0.8607961623810574,0.741011723411164,0.7850592613490438
bmi_binary,transformer,,40m,3,test,40.0,120.0,1857,5571,0.7469036079698438,0.7207222926811163,0.7129905071523737,0.7925275249857499,0.7889068389876144,0.7610680813967698,0.7567701943047771,0.8318876435618825,0.7775982767905224,0.753365506041209,0.7463269987381527,0.8318876435618825,0.811291847078099,0.8508838400134776,0.7385316161987252,0.7836185520795149
bmi_binary,transformer,,40m,4,test,40.0,160.0,1857,7428,0.7516155088852988,0.7255362608324891,0.717987662307477,0.7987651267852731,0.7878298330640818,0.7583631840660907,0.7548628198324248,0.8382303019110805,0.7889068389876144,0.7413319718321334,0.746837309591709,0.8382303019110805,0.8171242449296297,0.8578592236755201,0.7368876839760787,0.7807505937828677
bmi_binary,transformer,,40m,5,test,40.0,200.0,1857,9285,0.7527194399569198,0.72650364862406,0.7190807446187437,0.7997207383609299,0.7921378567582121,0.7629249825512396,0.7596205180485318,0.8376355503895758,0.7835218093699515,0.7576523337886758,0.7518963866953816,0.8376355503895758,0.8180661048001748,0.857323022238295,0.74222873722955,0.7845435711509507
bmi_binary,transformer,,40m,6,test,40.0,240.0,1857,11142,0.7556991563453599,0.7287723722076325,0.7218668114998272,0.8057140503483868,0.7953688745288099,0.765263252231676,0.7627019014516458,0.8422387642204001,0.7894453419493808,0.7484608428090739,0.7509604537601666,0.8422387642204001,0.8212890734887265,0.8613062086443339,0.7428472138592688,0.786773075368578
bmi_binary,transformer,,40m,8,test,40.0,320.0,1857,14848,0.7537715517241379,0.7271515004784238,0.7199793209611935,0.8046863103327033,0.7867528271405493,0.7566210237873451,0.7533930703295819,0.8411633231130218,0.7878298330640818,0.7516240247025563,0.7516240247025563,0.8411633231130218,0.8214126950880793,0.8601657756677671,0.735194570689007,0.7782698549201885
bmi_binary,transformer,,40m,all,test,40.0,,1857,25310,0.7585144211774002,0.7275741397821962,0.7211760530049329,0.8037685259019255,0.7921378567582121,0.7629249825512396,0.7596205180485318,0.8419427463398339,0.7894453419493808,0.759532318906309,0.7563951200314836,0.8419427463398339,0.8222669174344691,0.8607874845288638,0.741011723411164,0.7850592613490438
bmi_binary,transformer,,80m,1,test,80.0,80.0,1857,1857,0.7711362412493269,0.7371361220571342,0.7347236484090478,0.8110862769912635,0.7711362412493269,0.7371361220571342,0.7347236484090478,0.8110862769912635,0.7711362412493269,0.7371361220571342,0.7347236484090478,0.8110862769912635,0.7888517061166981,0.8339020976499523,0.7145120117910871,0.7587880191341064
bmi_binary,transformer,,80m,10,test,80.0,800.0,1857,12062,0.7686121704526613,0.7441510497072024,0.735086058128979,0.819213908376162,0.7845988152934841,0.7618013366972551,0.7544177041427631,0.8467985258852699,0.7878298330640818,0.7612513952218911,0.7561861688940074,0.8467985258852699,0.8278851667612661,0.8658727579447829,0.740962737703778,0.7844053386059218
bmi_binary,transformer,,80m,12,test,80.0,960.0,1857,12074,0.7686764949478218,0.74412486802238,0.7350571944576205,0.8192703372842154,0.7845988152934841,0.7618013366972551,0.7544177041427631,0.846814820447503,0.7878298330640818,0.7612513952218911,0.7561861688940074,0.846814820447503,0.8278923311540334,0.8659129287873865,0.740962737703778,0.7844053386059218
bmi_binary,transformer,,80m,2,test,80.0,160.0,1857,3714,0.7584814216478191,0.7351984270315924,0.7265583967083176,0.8095963429570828,0.777059773828756,0.7534571629537696,0.7460406283198469,0.8347948650402883,0.7840603123317178,0.7171257206949088,0.7295002021509736,0.8347948650402883,0.8147894809306166,0.8545125553585116,0.733137804116507,0.7757650400928342
bmi_binary,transformer,,80m,3,test,80.0,240.0,1857,5571,0.7635971997845988,0.7446771096705511,0.7339393071063811,0.8183485219775924,0.7856758212170167,0.7640248655019676,0.7560643466321655,0.8454963187868154,0.7835218093699515,0.7615032819964098,0.7536127320254535,0.8454963187868154,0.8262478739454856,0.8643343205154574,0.7439342580634334,0.785726067556121
bmi_binary,transformer,,80m,4,test,80.0,320.0,1857,7423,0.7638421123534959,0.7436922091809859,0.7336280135020564,0.8189803335496075,0.786214324178783,0.7639332085894068,0.7563643670134559,0.8451772169430858,0.7845988152934841,0.7449534382884191,0.7463641429648489,0.8451772169430858,0.8260796801270317,0.8640070630431413,0.7435281674095494,0.785429551590579
bmi_binary,transformer,,80m,5,test,80.0,400.0,1857,9255,0.7669367909238249,0.7464273458309545,0.7366631489631679,0.8213584306762061,0.7856758212170167,0.7649876025539011,0.7564790774299835,0.8466220014610791,0.789983844911147,0.7690680325130832,0.7609675758455892,0.8466220014610791,0.8280004761623873,0.865481590639536,0.7435772930687405,0.7861519361984399
bmi_binary,transformer,,80m,6,test,80.0,480.0,1857,10838,0.7678538475733531,0.7473726241488439,0.7371908173524713,0.821659582176979,0.7883683360258481,0.7664547920949647,0.7588191340964439,0.8464957186037733,0.7867528271405493,0.7580651293652454,0.7540660575495297,0.8464957186037733,0.827686038503968,0.8655421228000016,0.7457427472518308,0.7881682686860293
bmi_binary,transformer,,80m,8,test,80.0,640.0,1857,11916,0.7691339375629406,0.7455481337762373,0.7360445529528507,0.820010638773591,0.7845988152934841,0.7618013366972551,0.7544177041427631,0.8464210351935386,0.786214324178783,0.7586381548037727,0.7539999299267734,0.8464210351935386,0.82756017757253,0.865605827178357,0.7414815081062213,0.7842837148273336
bmi_binary,transformer,,80m,all,test,80.0,,1857,12078,0.7685875144891539,0.7440521862125096,0.7349449827274206,0.8192169155910247,0.7845988152934841,0.7618013366972551,0.7544177041427631,0.8467890207239672,0.7878298330640818,0.7612513952218911,0.7561861688940074,0.8467890207239672,0.8278590434048426,0.8659094005730265,0.740962737703778,0.7844053386059218
bmi_binary,transformer,,120m,1,test,120.0,120.0,1857,1857,0.7835218093699515,0.7427299094837068,0.7445915320251921,0.8228197196792145,0.7835218093699515,0.7427299094837068,0.7445915320251921,0.8228197196792145,0.7835218093699515,0.7427299094837068,0.7445915320251921,0.8228197196792145,0.8016492012739203,0.8439257890559198,0.7209046059043017,0.7662001144494773
bmi_binary,transformer,,120m,2,test,120.0,240.0,1857,3714,0.7767905223478729,0.7359330402122639,0.7372345114900469,0.8217422417515567,0.7883683360258481,0.7438304713745278,0.7479022685655838,0.8411415970300444,0.7905223478729133,0.7150631006922473,0.7309169838182832,0.8411415970300444,0.8221309750101395,0.8607504724756531,0.7234109541507383,0.7672290927062677
bmi_binary,transformer,,120m,3,test,120.0,360.0,1857,5561,0.7813342923934544,0.7426577570091759,0.743281687296229,0.8282469797527336,0.7910608508346796,0.7481858720713919,0.7517454953402923,0.8484171190670821,0.7872913301023156,0.7483461019333498,0.749657770228416,0.8484171190670821,0.8298075176933354,0.8677089844623785,0.7263912193200942,0.7706159354146652
bmi_binary,transformer,,120m,4,test,120.0,480.0,1857,7144,0.7840145576707727,0.7443283846013992,0.7450453138616075,0.8278954841541233,0.7905223478729133,0.7482775289839525,0.7514845602636344,0.8466220014610791,0.7953688745288099,0.7464898797189732,0.7532795368091296,0.8466220014610791,0.8281789779668096,0.8666455006755941,0.7268011929524755,0.7714138930963864
bmi_binary,transformer,,120m,5,test,120.0,600.0,1857,7702,0.7855102570760841,0.742399320681457,0.7440454996463144,0.8264669881858444,0.7921378567582121,0.7504094008761042,0.7535258632072357,0.8470225761159739,0.7953688745288099,0.7493780908747736,0.7548450124095686,0.8470225761159739,0.8286809556886586,0.8668492280218705,0.7283250789898108,0.7732493568228135
bmi_binary,transformer,,120m,6,test,120.0,720.0,1857,7823,0.7844816566534577,0.7402367260424987,0.7423009808272047,0.8254399345530777,0.7921378567582121,0.7504094008761042,0.7535258632072357,0.8475779491120822,0.7959073774905762,0.7497678024881798,0.7553617366948531,0.8475779491120822,0.8288709995429694,0.8670268259911075,0.7289892184518456,0.7736064691964034
bmi_binary,transformer,,120m,8,test,120.0,960.0,1857,7839,0.7847939788238296,0.7403065598753521,0.7424029687759952,0.8254832491294001,0.7921378567582121,0.7504094008761042,0.7535258632072357,0.8475996751950594,0.7959073774905762,0.7497678024881798,0.7553617366948531,0.8475996751950594,0.8289700157853102,0.867032060668176,0.7289892184518456,0.7736064691964034
bmi_binary,transformer,,120m,all,test,120.0,,1857,7840,0.7848214285714286,0.740320028191364,0.7424168603640819,0.8254868708481592,0.7921378567582121,0.7504094008761042,0.7535258632072357,0.8476010330752455,0.7959073774905762,0.7497678024881798,0.7553617366948531,0.8476010330752455,0.8289700157853102,0.8670360024510745,0.7289892184518456,0.7736064691964034
bmi_binary,transformer,,240m,1,test,240.0,240.0,1857,1857,0.7926763597199784,0.7527245865933774,0.7550270433258579,0.8365349884987549,0.7926763597199784,0.7527245865933774,0.7550270433258579,0.8365349884987549,0.7926763597199784,0.7527245865933774,0.7550270433258579,0.8365349884987549,0.8171855935058538,0.8566953395566544,0.7302741990462539,0.7753919433750563
bmi_binary,transformer,,240m,2,test,240.0,480.0,1857,3440,0.7953488372093023,0.7502486929371206,0.754023665634046,0.8372044233943756,0.7926763597199784,0.7483922698596767,0.7527795422646375,0.8448295996154483,0.8034464189553042,0.7407827092968625,0.7543783422581009,0.8448295996154483,0.826115364758663,0.8644705164949209,0.7270701552313865,0.770553628134786
bmi_binary,transformer,,240m,3,test,240.0,720.0,1857,3561,0.7941589441168211,0.7465124242087049,0.7513191632391685,0.8349415140261038,0.7921378567582121,0.7475211897203038,0.752009382654544,0.8453795410908123,0.8050619278406032,0.7443586867669144,0.7574143306677444,0.8453795410908123,0.8265469587769468,0.8643206999656777,0.7261613338889236,0.7695634549156501
bmi_binary,transformer,,240m,4,test,240.0,960.0,1857,3566,0.7944475602916433,0.7466456714861673,0.7514632168835664,0.8350642991377218,0.7921378567582121,0.7475211897203038,0.752009382654544,0.8454216353765809,0.8050619278406032,0.7443586867669144,0.7574143306677444,0.8454216353765809,0.8265546174752754,0.8644626657576866,0.7261613338889236,0.7695634549156501
bmi_binary,transformer,,240m,all,test,240.0,,1857,3566,0.7944475602916433,0.7466456714861673,0.7514632168835664,0.8350642991377218,0.7921378567582121,0.7475211897203038,0.752009382654544,0.8454216353765809,0.8050619278406032,0.7443586867669144,0.7574143306677444,0.8454216353765809,0.8265546174752754,0.8644626657576866,0.7261613338889236,0.7695634549156501
sex_binary,lstm,,30s,1,test,0.5,0.5,1431,1431,0.6589797344514325,0.6647704328666586,0.6578286144353982,0.7514339369655817,0.6589797344514325,0.6647704328666586,0.6578286144353982,0.7514339369655817,0.6589797344514325,0.6647704328666586,0.6578286144353982,0.7514339369655817,0.7266955929200317,0.7766350183144992,0.6415276969215393,0.6876139741748826
sex_binary,lstm,,30s,10,test,0.5,5.0,1431,14310,0.7437456324248777,0.7458416808132765,0.7437248063836699,0.835540387427617,0.8399720475192173,0.8413632496559728,0.8398591225113216,0.9203287763607207,0.816911250873515,0.8210117341718057,0.8168360268110136,0.9203287763607207,0.9052876183082968,0.9330937427799332,0.8210382780361118,0.859279924902101
sex_binary,lstm,,30s,100,test,0.5,50.0,1431,143100,0.7629210342417889,0.7637936502958046,0.762697701849963,0.851978736175201,0.8518518518518519,0.8534933958528543,0.8517730246957012,0.927452394860958,0.8483577917540182,0.8501119313748937,0.8482911150293059,0.927452394860958,0.913353791059946,0.9396170806987456,0.8343552434762749,0.870995354706438
sex_binary,lstm,,30s,12,test,0.5,6.0,1431,17172,0.7497670626601444,0.7513769258011948,0.7496901550771664,0.8384066190887535,0.8441649196366178,0.8457375905154332,0.844076898082434,0.9228202785934676,0.8336827393431167,0.8371761145110892,0.8336690121860215,0.9228202785934676,0.908572266509639,0.935417920063703,0.8255733247189898,0.8634343265665453
sex_binary,lstm,,30s,120,test,0.5,60.0,1431,171720,0.7629687863964594,0.7637794350765355,0.7627300515982754,0.85167234300748,0.8504542278127184,0.8516742659771745,0.8503190753072468,0.9272955733199512,0.8483577917540182,0.8500286199312337,0.8482819238622256,0.9272955733199512,0.9133457956136768,0.9394415107574964,0.8319442870376969,0.8686936867294703
sex_binary,lstm,,30s,16,test,0.5,8.0,1431,22896,0.7540181691125087,0.7554226561060428,0.7539072894091119,0.8436749890714988,0.8511530398322851,0.8525838309150144,0.851048004781273,0.9247237000474384,0.8399720475192173,0.8426129213108713,0.8399670459057175,0.9247237000474384,0.9102160330504974,0.9375097383291144,0.833929327590139,0.8701863179997679
sex_binary,lstm,,30s,160,test,0.5,80.0,1431,228960,0.7640155485674354,0.7647725401561158,0.7637632122351534,0.8524922965246631,0.8511530398322851,0.8525005194713546,0.851036648631266,0.9279365813688168,0.8518518518518519,0.8533267729655345,0.8517527433649076,0.9279365813688168,0.9139158049027905,0.9395949830469016,0.8330190616029237,0.8694284517793986
sex_binary,lstm,,30s,2,test,0.5,1.0,1431,2862,0.6254367575122292,0.6319418035261324,0.6234861218014169,0.7061909223850988,0.6890286512928022,0.6960504494897419,0.687180232858025,0.7700584552294104,0.5863032844164919,0.6048332398938319,0.5521827570020341,0.7700584552294104,0.7441329662573263,0.7943805130575778,0.6723509610616876,0.7183948629348555
sex_binary,lstm,,30s,20,test,0.5,10.0,1431,28620,0.7566736547868623,0.7578865552972356,0.7565263360281753,0.8461556105846699,0.8455625436757512,0.8471401631728135,0.8454753115525468,0.9258763383738392,0.8427672955974843,0.8448348865200124,0.8427301239646614,0.9258763383738392,0.9119482304419794,0.937995446860932,0.8284022357964934,0.8653875729206392
sex_binary,lstm,,30s,200,test,0.5,100.0,1431,286200,0.7634486373165619,0.7642008619303947,0.7631949769054474,0.852275730714871,0.8490566037735849,0.8505216276507741,0.8489556253151889,0.9277483955196086,0.8497554157931516,0.8511812582576342,0.849649394497529,0.9277483955196086,0.9136474298460384,0.9397723936959572,0.8303379986780265,0.8677404691556369
sex_binary,lstm,,30s,25,test,0.5,12.5,1431,35775,0.7539622641509434,0.754997275225725,0.7537771212200286,0.8447277460431963,0.8497554157931516,0.8509313239266545,0.8496132367137952,0.9246276468535718,0.8406708595387841,0.8421895031501527,0.8405754895100794,0.9246276468535718,0.9104205648407878,0.9370906998920896,0.8308237365296276,0.8677422121157046
sex_binary,lstm,,30s,250,test,0.5,125.0,1431,357750,0.7633654786862334,0.7641331963758542,0.7631158236049187,0.8522769861252142,0.8518518518518519,0.8533267729655345,0.8517527433649076,0.9272544076654368,0.843466107617051,0.845077959908573,0.8433828185464012,0.9272544076654368,0.9130042234888732,0.9394029805290393,0.833982584426719,0.8702357724605538
sex_binary,lstm,,30s,3,test,0.5,1.5,1431,4293,0.6771488469601677,0.6818097467201427,0.6766827435109393,0.7676973109026256,0.7714884696016772,0.7764695158526975,0.7711626064567241,0.8616304735618484,0.7379454926624738,0.7433076407375317,0.7373868616353586,0.8616304735618484,0.8421781407054536,0.8809602735851736,0.7548699391722739,0.7975304801223193
sex_binary,lstm,,30s,30,test,0.5,15.0,1431,42930,0.7573491730724435,0.7585075359284685,0.7571906264748102,0.8461150588755983,0.8490566037735849,0.850604939094434,0.8489662532200752,0.9241022946911988,0.843466107617051,0.8457444514578523,0.8434440129095782,0.9241022946911988,0.9097375981605682,0.936649361870066,0.8308122991142161,0.8675015793006426
sex_binary,lstm,,30s,320,test,0.5,160.0,1431,457920,0.7637622292103424,0.7645256136132859,0.7635115108901359,0.8523493264587557,0.8504542278127184,0.8519242003081543,0.8503541843400482,0.9274092689371812,0.8462613556953179,0.8477997937796735,0.84616933198341,0.9274092689371812,0.9133580168165962,0.9393746019806464,0.8321652271983634,0.8690413622784644
sex_binary,lstm,,30s,4,test,0.5,2.0,1431,5724,0.7052760307477288,0.7087417227630388,0.7051982097555628,0.8002379031783806,0.8092243186582809,0.8119229457358262,0.8092228280376708,0.897581811837674,0.7442348008385744,0.7538264456005677,0.740703371302736,0.897581811837674,0.880251337056334,0.913580624320848,0.7917562017244634,0.8323496816573223
sex_binary,lstm,,30s,40,test,0.5,20.0,1431,57240,0.7606568832983928,0.7615756350292276,0.76044458528881,0.8492670565478875,0.8483577917540182,0.8496120627129342,0.8482270501862905,0.9271093477400056,0.8490566037735849,0.8509381848690736,0.849002849002849,0.9271093477400056,0.9130879808119248,0.9390485450037512,0.8305146155911283,0.8666592293977036
sex_binary,lstm,,30s,400,test,0.5,200.0,1431,572400,0.7637962962962963,0.7645298612717444,0.7635378119603979,0.8525508036858943,0.8504542278127184,0.8518408888644944,0.8503430682617874,0.92761313694049,0.8490566037735849,0.850604939094434,0.8489662532200752,0.92761313694049,0.9135389075457896,0.9396953193875622,0.8328228400594251,0.8687108301542574
sex_binary,lstm,,30s,5,test,0.5,2.5,1431,7155,0.7215932914046121,0.7247730988328557,0.72156269779872,0.8135332677296553,0.8287910552061496,0.8319755201574488,0.8287880452697506,0.9058619892028368,0.8092243186582809,0.8119229457358262,0.8092228280376708,0.9058619892028368,0.8889104964738741,0.9208135124541602,0.8126640311610065,0.8517499630183129
sex_binary,lstm,,30s,50,test,0.5,25.0,1431,71550,0.7601956673654787,0.7611844338938396,0.7599998035980655,0.8496424198347885,0.8532494758909853,0.854562722735595,0.8531289099155459,0.927646461517954,0.8497554157931516,0.8512645697012942,0.8496602678276931,0.927646461517954,0.9138993702022156,0.9396666900042618,0.8353144759921968,0.8723915038905055
sex_binary,lstm,,30s,500,test,0.5,250.0,1431,715500,0.7642278127183788,0.7650003332457747,0.7639795174621669,0.8530384646739877,0.8518518518518519,0.8531601500782147,0.8517301376290272,0.927920899214716,0.8490566037735849,0.8507715619817537,0.848985733828415,0.927920899214716,0.9140194914643416,0.9398512245201543,0.8332533350412092,0.8706328574389971
sex_binary,lstm,,30s,6,test,0.5,3.0,1431,8586,0.7287444677381785,0.7315538662390666,0.7287404606294065,0.8228247654320019,0.8336827393431167,0.8360930657435105,0.8336690121860215,0.9108959606691576,0.7917540181691125,0.7976815895431397,0.7911804110989669,0.9108959606691576,0.8951161122196132,0.9250129281608788,0.8142936435042806,0.8551337933148433
sex_binary,lstm,,30s,60,test,0.5,30.0,1431,85860,0.7607733519683205,0.7616175357847155,0.7605428288316095,0.8506120001476736,0.8511530398322851,0.8524172080276946,0.8510247082473728,0.9269348837756354,0.8476589797344515,0.8492023664370538,0.8475677926017426,0.9269348837756354,0.9127227779416416,0.9389579477998756,0.8336769238290342,0.8699159205458268
sex_binary,lstm,,30s,8,test,0.5,4.0,1431,11448,0.7378581411600279,0.7401843192180878,0.7378520903636745,0.8310743935662003,0.8343815513626834,0.8368360077940306,0.834369904137346,0.9170825704618786,0.8099231306778477,0.8145820509905242,0.8097513480540708,0.9170825704618786,0.902155297968634,0.9306149593396528,0.8160706625638732,0.8552370994823365
sex_binary,lstm,,30s,80,test,0.5,40.0,1431,114480,0.7614867225716282,0.7622725107520769,0.7612414804529838,0.8509431490978351,0.8483577917540182,0.849861997043914,0.8482617586912066,0.9271005265283238,0.8455625436757512,0.8470568517291535,0.8454647404182334,0.9271005265283238,0.9129900354611132,0.938977125338993,0.8299147606026855,0.8672512473585776
sex_binary,lstm,,30s,all,test,0.5,,1431,1519402,0.763093638155011,0.7638794219413612,0.7626921771998411,0.8520798614304509,0.8511530398322851,0.8524172080276946,0.8510247082473728,0.9275543288626124,0.8476589797344515,0.849035743549734,0.847545742434905,0.9275543288626124,0.9135008551517092,0.9395867817086528,0.8334000461989297,0.8693582627659783
sex_binary,lstm,,10m,1,test,10.0,10.0,1431,1431,0.7568134171907757,0.7562022919468219,0.7560699870684588,0.838269944759612,0.7568134171907757,0.7562022919468219,0.7560699870684588,0.838269944759612,0.7568134171907757,0.7562022919468219,0.7560699870684588,0.838269944759612,0.8176533961247983,0.857110178079389,0.7344763168956225,0.7763467381828056
sex_binary,lstm,,10m,10,test,10.0,100.0,1431,14310,0.7953179594689028,0.7959053895643106,0.7950314654943185,0.88025426652605,0.8693221523410203,0.8704007182426579,0.8691749569900517,0.939396315477894,0.8686233403214535,0.8706575135160566,0.8685832304253357,0.939396315477894,0.9263668293518226,0.9513139285521824,0.852382361257641,0.8873231108032029
sex_binary,lstm,,10m,12,test,10.0,120.0,1431,17172,0.7933263452131377,0.794111530826541,0.793087849078197,0.881250148381493,0.856743535988819,0.8580274986572156,0.8566200243695372,0.9399020649476412,0.8553459119496856,0.8576246633237541,0.8553230209281164,0.9399020649476412,0.9271741638490356,0.951212663343844,0.8397158356336416,0.8754537447475241
sex_binary,lstm,,10m,16,test,10.0,160.0,1431,22896,0.7957721872816212,0.796507020704364,0.7955225518894655,0.8832373730480618,0.8637316561844863,0.8651236733877765,0.8636251008596098,0.942350441256611,0.8609364081062194,0.8628183967349755,0.8608831462200113,0.942350441256611,0.9296839039051752,0.9534738192781708,0.84692157023867,0.8818481299946109
sex_binary,lstm,,10m,2,test,10.0,20.0,1431,2862,0.7264150943396226,0.7267585575554658,0.7260321568488415,0.8113946531695594,0.803633822501747,0.8038966232401683,0.8032645161227193,0.8684286873644964,0.7176799440950384,0.7280106795469425,0.7127750905210275,0.8684286873644964,0.849128393391556,0.8865211064494347,0.7832418411555796,0.8248529348639373
sex_binary,lstm,,10m,20,test,10.0,200.0,1431,28620,0.7986023759608665,0.7994097139183038,0.7983707657454775,0.8842607089509815,0.8644304682040531,0.8658666154382966,0.8643296973961998,0.9422994742557838,0.8630328441649197,0.8646306656682362,0.8629508594034017,0.9422994742557838,0.9302873244950912,0.9534840630327428,0.847619451855651,0.882349850242176
sex_binary,lstm,,10m,25,test,10.0,250.0,1431,35775,0.7984626135569531,0.7992419638761581,0.7982244841956716,0.8849904142833059,0.8588399720475192,0.8601730133651158,0.8587239990616202,0.9427993429177433,0.8665269042627534,0.8675955729278974,0.8663765603481276,0.9427993429177433,0.9304516012764832,0.9539484572006977,0.8421841767184994,0.8770708694072812
sex_binary,lstm,,10m,3,test,10.0,30.0,1431,4293,0.7558816678313534,0.756350292276147,0.7555463404520009,0.8444456641675411,0.8392732354996506,0.840453684718133,0.8391279781339569,0.9106352448572336,0.8141160027952481,0.8147075082233295,0.8138410044132837,0.9106352448572336,0.8953051588139184,0.9255692230185266,0.8206872222015373,0.8596384943764707
sex_binary,lstm,,10m,30,test,10.0,300.0,1431,42917,0.7987976792413263,0.7995284215595416,0.7985469720234164,0.8846619481652522,0.8637316561844863,0.8651236733877765,0.8636251008596098,0.942032877636072,0.8630328441649197,0.8647139771118961,0.862959966228101,0.942032877636072,0.9296849085252972,0.9531555639904098,0.8471196608723776,0.8819751335410447
sex_binary,lstm,,10m,4,test,10.0,40.0,1431,5724,0.7725366876310272,0.7727310373352884,0.7721226101250465,0.8615385859401647,0.8560447239692522,0.8567846879447361,0.8558317552975054,0.9273543813978288,0.8308874912648497,0.835037460745608,0.8308180094971958,0.9273543813978288,0.9131611673370308,0.940762710546332,0.8379409051542585,0.874320097925193
sex_binary,lstm,,10m,40,test,10.0,400.0,1431,57106,0.8007915105242882,0.8015646429199609,0.8005478437423454,0.8864732106773603,0.8686233403214535,0.8700743334104373,0.8685256861365236,0.9433815428887312,0.86722571628232,0.868755072196717,0.8671368926383606,0.9433815428887312,0.9306873874782376,0.954322212688348,0.8524906443376064,0.8860781641192811
sex_binary,lstm,,10m,5,test,10.0,50.0,1431,7155,0.7805730258560447,0.781295698777184,0.780315445691712,0.8692745043459169,0.870020964360587,0.8714769060678175,0.8699243490499649,0.9315277946578742,0.8511530398322851,0.8526671423586744,0.8510587769641798,0.9315277946578742,0.9180577047279174,0.9446883798218796,0.8547831108373286,0.8882526048535634
sex_binary,lstm,,10m,50,test,10.0,500.0,1431,69710,0.7998278582699756,0.8006451795130026,0.7995498705882516,0.8861013178972043,0.8609364081062194,0.862485150960336,0.8608483409195857,0.9429973301132644,0.8637316561844863,0.8650403619441166,0.8636141695222427,0.9429973301132644,0.9307556007591103,0.954039618657862,0.8437577847781209,0.8788782236253545
sex_binary,lstm,,10m,6,test,10.0,60.0,1431,8586,0.7831353365944561,0.783853196741771,0.7828772847811094,0.8724759082907629,0.8602375960866527,0.8612423402478564,0.8600735322877147,0.934023217429146,0.8399720475192173,0.8434460357474702,0.8399607934491655,0.934023217429146,0.9205205010226908,0.9462746382426588,0.8423143673824182,0.8783322315899694
sex_binary,lstm,,10m,60,test,10.0,600.0,1431,74171,0.7986679429965889,0.7995540476057299,0.798350684091512,0.8857228063749497,0.8609364081062194,0.8624018395166759,0.8608382767674803,0.9428365880337324,0.8637316561844863,0.8651236733877765,0.8636251008596098,0.9428365880337324,0.9303437693491629,0.9536978799060064,0.844178290915395,0.8790198918468776
sex_binary,lstm,,10m,8,test,10.0,80.0,1431,11448,0.7905310971348707,0.7913306846828481,0.7902951516458181,0.8759320774051524,0.8602375960866527,0.8616588974661559,0.8601337086558761,0.9358266651507252,0.8518518518518519,0.8547430675077529,0.8518512007313386,0.9358266651507252,0.9227179793106576,0.9483357583914612,0.842759532065956,0.8785003022086016
sex_binary,lstm,,10m,80,test,10.0,800.0,1431,75257,0.7980652962515115,0.7990072077955468,0.7977194049859647,0.8853631261756149,0.8609364081062194,0.8624018395166759,0.8608382767674803,0.9428777536882468,0.8644304682040531,0.8657833039946367,0.8643190882076948,0.9428777536882468,0.9304043305776756,0.9538804646389096,0.844178290915395,0.8790198918468776
sex_binary,lstm,,10m,all,test,10.0,,1431,75259,0.7980573751976507,0.7989982839183145,0.7977117114170114,0.885359444400584,0.8609364081062194,0.8624018395166759,0.8608382767674803,0.942875793418984,0.8644304682040531,0.8657833039946367,0.8643190882076948,0.942875793418984,0.930389079649852,0.9538804646389096,0.844178290915395,0.8790198918468776
sex_binary,lstm,,40m,1,test,40.0,40.0,1431,1431,0.7805730258560447,0.7862110739531182,0.7800616740088105,0.8838618872688353,0.7805730258560447,0.7862110739531182,0.7800616740088105,0.8838618872688353,0.7805730258560447,0.7862110739531182,0.7800616740088105,0.8838618872688353,0.8661093360492227,0.9002449167148495,0.7654570314950196,0.8060319804787102
sex_binary,lstm,,40m,10,test,40.0,400.0,1431,14261,0.8140382862351869,0.816847438781095,0.8140376196545942,0.9038862422044333,0.8693221523410203,0.8714837670102364,0.869291258583963,0.9447439300262284,0.8581411600279525,0.8614295459624334,0.8581386660806505,0.9447439300262284,0.9328173747370052,0.955597269779748,0.8549904056699025,0.8879121152039937
sex_binary,lstm,,40m,12,test,40.0,480.0,1431,16754,0.8162229915244121,0.8190997907480251,0.8162175696462661,0.9050882333619042,0.8686233403214535,0.8708241364033764,0.868595041322314,0.9448125394504188,0.8637316561844863,0.8667899022609745,0.8637316561844863,0.9448125394504188,0.9331976987903354,0.9554803800988104,0.8544465270403936,0.8877543649625972
sex_binary,lstm,,40m,16,test,40.0,640.0,1431,18280,0.8152078774617068,0.8184363155779126,0.8151891529405275,0.9051223139066616,0.8686233403214535,0.8709074478470362,0.8686001758327635,0.945171268725472,0.8644304682040531,0.8670329756495352,0.8644224570725323,0.945171268725472,0.9336950464404764,0.9557770337765776,0.8551355158233217,0.8875267817973866
sex_binary,lstm,,40m,2,test,40.0,80.0,1431,2862,0.7624039133473096,0.7671445149705763,0.7621250048891148,0.8680270771993241,0.8232005590496156,0.8280314584011259,0.8230176790205534,0.90981389203621,0.7253668763102725,0.7380992053068409,0.7171431804750468,0.90981389203621,0.8940417132121415,0.9239828331551966,0.8077187891554388,0.8465199115506048
sex_binary,lstm,,40m,20,test,40.0,800.0,1431,18347,0.8143020657328174,0.8175645764292125,0.8142821484206126,0.9047086843055352,0.8686233403214535,0.8709074478470362,0.8686001758327635,0.9450967784934938,0.8644304682040531,0.8669496642058754,0.8644192788407066,0.9450967784934938,0.9336739886372976,0.9556540133295056,0.8551355158233217,0.8875267817973866
sex_binary,lstm,,40m,3,test,40.0,120.0,1431,4293,0.7843000232937339,0.7880628749831744,0.7842410081016855,0.8855478277385069,0.8497554157931516,0.8533473557927918,0.8497410338621729,0.9346857884399,0.8238993710691824,0.8276913516840674,0.8238614383682081,0.9346857884399,0.9209547231504456,0.9465665212751496,0.8342940533757847,0.8707180713128578
sex_binary,lstm,,40m,4,test,40.0,160.0,1431,5724,0.7978686233403215,0.8011831205134337,0.7978549944818637,0.8934040492302022,0.8588399720475192,0.8614226850200144,0.8588316305600594,0.9378339808756132,0.8294898672257163,0.8354677398487456,0.8290449816689123,0.9378339808756132,0.9255933182734872,0.9493876901511892,0.843381112248824,0.878844606982864
sex_binary,lstm,,40m,5,test,40.0,200.0,1431,7155,0.7998602375960866,0.8031338824700961,0.7998492553878775,0.8964285070197242,0.8630328441649197,0.8657137144358149,0.8630274261603376,0.940744980730553,0.8448637316561844,0.8478968271081716,0.8448636558971754,0.940744980730553,0.928202062297812,0.9515209403638945,0.8486628192644512,0.8823817125094229
sex_binary,lstm,,40m,6,test,40.0,240.0,1431,8586,0.8054973212205917,0.8083077191483021,0.8054972262374497,0.8985961695031763,0.8637316561844863,0.8662067221553553,0.8637186121075522,0.9416741483610188,0.843466107617051,0.8479938604366696,0.8433613892157514,0.9416741483610188,0.9296757755012518,0.9526146471483798,0.8493137838936661,0.8825536242973675
sex_binary,lstm,,40m,8,test,40.0,320.0,1431,11442,0.8112218143681175,0.8141873502923325,0.8112215317469784,0.9027660427135216,0.8686233403214535,0.8709907592906961,0.8686047965491104,0.94460867144711,0.8525506638714185,0.8565690583258516,0.8525091772360582,0.94460867144711,0.9324610722046288,0.9551865627492564,0.8544985669895293,0.887245634506277
sex_binary,lstm,,40m,all,test,40.0,,1431,18347,0.8143020657328174,0.8175645764292125,0.8142821484206126,0.9047086843055352,0.8686233403214535,0.8709074478470362,0.8686001758327635,0.9450967784934938,0.8644304682040531,0.8669496642058754,0.8644192788407066,0.9450967784934938,0.9336739886372976,0.9556540133295056,0.8551355158233217,0.8875267817973866
sex_binary,lstm,,80m,1,test,80.0,80.0,1431,1431,0.8197064989517819,0.8204011102965103,0.8194588430437487,0.9035547522807732,0.8197064989517819,0.8204011102965103,0.8194588430437487,0.9035547522807732,0.8197064989517819,0.8204011102965103,0.8194588430437487,0.9035547522807732,0.8874360610572821,0.9181605260294254,0.8013418968244481,0.8391272009572079
sex_binary,lstm,,80m,10,test,80.0,800.0,1431,8720,0.8416284403669725,0.8432657422006073,0.8414215060935282,0.9223329241947452,0.8756114605171209,0.8768372623663587,0.8754883328054059,0.9500876240360376,0.8679245283018868,0.8699145714655365,0.8678809135917659,0.9500876240360376,0.9389340000545316,0.9600366576705543,0.8598620283104145,0.8937227128164993
sex_binary,lstm,,80m,2,test,80.0,160.0,1431,2862,0.8190076869322153,0.820699561291739,0.8189333242139409,0.9061550494575936,0.8560447239692522,0.8569513108320559,0.855861644076747,0.9338017070024738,0.7966457023060797,0.804548412769978,0.7951568147015289,0.9338017070024738,0.920576099067232,0.9456989807708276,0.837503200733687,0.8753845391817995
sex_binary,lstm,,80m,3,test,80.0,240.0,1431,4293,0.8325180526438388,0.8339384031123849,0.8324080211973788,0.9155518179754948,0.8735150244584207,0.8747750591021183,0.8733953295125438,0.9456966208878452,0.8644304682040531,0.8654500582199971,0.8642713263190832,0.9456966208878452,0.9343480311046408,0.95681280421815,0.8570424683848374,0.8913869832446184
sex_binary,lstm,,80m,4,test,80.0,320.0,1431,5721,0.8369166229680126,0.8382067459056908,0.8367857517324471,0.9181362598869918,0.8686233403214535,0.8695744647484778,0.868456257701109,0.9482410503906816,0.8637316561844863,0.8671231480356142,0.8637273971686241,0.9482410503906816,0.9371152637220252,0.958643846032532,0.8506988803535452,0.8871510260812585
sex_binary,lstm,,80m,5,test,80.0,400.0,1431,7123,0.8403762459637794,0.8417009660803723,0.840247769438909,0.9214393094226464,0.8742138364779874,0.8754346897089784,0.8740893253088375,0.9498033849929628,0.870020964360587,0.8709770374058581,0.8698556592149269,0.9498033849929628,0.9388829808114536,0.959913367846842,0.8580789635765698,0.8923276190589249
sex_binary,lstm,,80m,6,test,80.0,480.0,1431,8270,0.8422007255139057,0.843580866807611,0.8420335940265342,0.9225930819826168,0.8756114605171209,0.876587328035379,0.875453265270199,0.9500405775737356,0.86722571628232,0.8693382523023363,0.8671914077153933,0.9500405775737356,0.9391065416956516,0.9600384467610068,0.8594213424409781,0.8935056876331844
sex_binary,lstm,,80m,8,test,80.0,640.0,1431,8705,0.8421596783457783,0.8437577712500457,0.8419527258984801,0.9225596789566642,0.8756114605171209,0.8768372623663587,0.8754883328054059,0.950209160730318,0.8679245283018868,0.8699145714655365,0.8678809135917659,0.950209160730318,0.939082319006196,0.9601547152259076,0.8598620283104145,0.8937227128164993
sex_binary,lstm,,80m,all,test,80.0,,1431,8720,0.8416284403669725,0.8432657422006073,0.8414215060935282,0.9223329241947452,0.8756114605171209,0.8768372623663587,0.8754883328054059,0.9500876240360376,0.8679245283018868,0.8699145714655365,0.8678809135917659,0.9500876240360376,0.9389340000545316,0.9600366576705543,0.8598620283104145,0.8937227128164993
sex_binary,lstm,,120m,1,test,120.0,120.0,1431,1431,0.8287910552061496,0.828476439523733,0.8282808691090706,0.9062618841324046,0.8287910552061496,0.828476439523733,0.8282808691090706,0.9062618841324046,0.8287910552061496,0.828476439523733,0.8282808691090706,0.9062618841324046,0.8891582196865104,0.9206042077778384,0.8094054963141334,0.8466605116304428
sex_binary,lstm,,120m,2,test,120.0,240.0,1431,2862,0.8375262054507338,0.8381381166517032,0.8372725299650599,0.9120172346873568,0.86722571628232,0.8675887119854784,0.8669512061446434,0.934813205941968,0.8315863032844165,0.8371966973383465,0.8312487614163769,0.934813205941968,0.922013168923668,0.946607410810189,0.8503672586265033,0.8848119185687914
sex_binary,lstm,,120m,3,test,120.0,360.0,1431,4279,0.8450572563683103,0.8453017010420933,0.8447247898362822,0.9172990289406044,0.8651292802236199,0.8656931316085578,0.864891757547473,0.94124288912325,0.870020964360587,0.8706437916312184,0.869799636057683,0.94124288912325,0.929446358841954,0.9523048675193518,0.8489245716557475,0.8815722473851423
sex_binary,lstm,,120m,4,test,120.0,480.0,1431,5426,0.8464799115370438,0.8465048234740584,0.8460060219669772,0.9191655995746916,0.8693221523410203,0.8699008495806984,0.8690920137895205,0.9424719779508912,0.8693221523410203,0.8712338326792568,0.8692721022268448,0.9424719779508912,0.931260568570211,0.9534818890073896,0.8530687058110732,0.8860167735599581
sex_binary,lstm,,120m,5,test,120.0,600.0,1431,5661,0.8484366719660837,0.8484368079438789,0.847865059609393,0.92021264982917,0.8686233403214535,0.8692412189738382,0.8683996321443247,0.9427542567247036,0.8686233403214535,0.8704075791850769,0.868561657221028,0.9427542567247036,0.931521854408644,0.9536660272634784,0.8522416780598716,0.885723251856901
sex_binary,lstm,,120m,6,test,120.0,720.0,1431,5675,0.8481057268722467,0.8481441245699801,0.847529085061681,0.9199082207945456,0.8693221523410203,0.8699841610243583,0.8691071254751401,0.9427228924165024,0.8686233403214535,0.8704908906287367,0.8685693627498876,0.9427228924165024,0.931502201683561,0.9535805668537504,0.853316671522533,0.886453158978345
sex_binary,lstm,,120m,all,test,120.0,,1431,5675,0.8481057268722467,0.8481441245699801,0.847529085061681,0.9199082207945456,0.8693221523410203,0.8699841610243583,0.8691071254751401,0.9427228924165024,0.8686233403214535,0.8704908906287367,0.8685693627498876,0.9427228924165024,0.931502201683561,0.9535805668537504,0.853316671522533,0.886453158978345
sex_binary,lstm,,240m,1,test,240.0,240.0,1431,1431,0.8602375960866527,0.8612423402478564,0.8600735322877147,0.933219507031486,0.8602375960866527,0.8612423402478564,0.8600735322877147,0.933219507031486,0.8602375960866527,0.8612423402478564,0.8600735322877147,0.933219507031486,0.9202509146285488,0.9452856351435812,0.8420442787093642,0.8797101901588141
sex_binary,lstm,,240m,2,test,240.0,480.0,1431,2578,0.8529868114817688,0.8546749683091455,0.8527608157045565,0.9299273606283108,0.8644304682040531,0.8657833039946367,0.8643190882076948,0.9417153140155332,0.8420684835779175,0.8466745992229493,0.84195109078114,0.9417153140155332,0.9294490831040292,0.952006573457903,0.8480017789721445,0.8835390038984662
sex_binary,lstm,,240m,3,test,240.0,720.0,1431,2592,0.8526234567901234,0.8543485927193456,0.8523765704699467,0.92959196075696,0.8644304682040531,0.8657833039946367,0.8643190882076948,0.941778042631936,0.8420684835779175,0.8465912877792894,0.8419628301908921,0.941778042631936,0.9296016805216184,0.9521583980958548,0.8480017789721445,0.8835390038984662
sex_binary,lstm,,240m,all,test,240.0,,1431,2592,0.8526234567901234,0.8543485927193456,0.8523765704699467,0.92959196075696,0.8644304682040531,0.8657833039946367,0.8643190882076948,0.941778042631936,0.8420684835779175,0.8465912877792894,0.8419628301908921,0.941778042631936,0.9296016805216184,0.9521583980958548,0.8480017789721445,0.8835390038984662
sex_binary,transformer,,30s,1,test,0.5,0.5,1431,1431,0.6610761705101328,0.665083095814041,0.66081114829185,0.7451826382871951,0.6610761705101328,0.665083095814041,0.66081114829185,0.7451826382871951,0.6610761705101328,0.665083095814041,0.66081114829185,0.7451826382871951,0.7207565779118575,0.7705502612004339,0.6410062331732854,0.6883812617052297
sex_binary,transformer,,30s,10,test,0.5,5.0,1431,14310,0.7419287211740042,0.7426353663939278,0.7416606110513935,0.8345033853850166,0.8441649196366178,0.8437381158675956,0.8436515359594168,0.9211952153747838,0.8301886792452831,0.83254497837823,0.8301724243186419,0.9211952153747838,0.9059919971835094,0.9343240167861758,0.8229883412134695,0.8616028748657596
sex_binary,transformer,,30s,100,test,0.5,50.0,1431,143100,0.7621034241788959,0.7616130859734893,0.7614207022091088,0.8498885125280808,0.8504542278127184,0.8500913485476365,0.849973544973545,0.9288912324996962,0.8539482879105521,0.8538893702438967,0.8535566779367227,0.9288912324996962,0.9148671579487982,0.9404430846037118,0.8299946431161379,0.8679157788974626
sex_binary,transformer,,30s,12,test,0.5,6.0,1431,17172,0.748311204286047,0.7486558270310677,0.7479343199241529,0.8368604499013985,0.8490566037735849,0.8491053331085558,0.848684107464557,0.92367103545343,0.8483577917540182,0.8501119313748937,0.8482911150293059,0.92367103545343,0.9096173352756216,0.9362910486111408,0.8284492070592798,0.8681164526318186
sex_binary,transformer,,30s,120,test,0.5,60.0,1431,171720,0.76190309806662,0.7614120505592648,0.7612198011955866,0.8495916665877113,0.8560447239692522,0.8557016391771574,0.8555820105820106,0.9287148082660636,0.8476589797344515,0.847369514676536,0.8471932677612759,0.9287148082660636,0.9148093502494536,0.9404314488363786,0.8363199652391337,0.8726402599746671
sex_binary,transformer,,30s,16,test,0.5,8.0,1431,22896,0.7518780573025856,0.7518664826300541,0.7513778367919693,0.8417416084242082,0.8462613556953179,0.8459669420191558,0.8457913711352325,0.925203966016772,0.8427672955974843,0.8437518377524337,0.8425901888917733,0.925203966016772,0.9107596721341408,0.9380719403310678,0.8261523049549317,0.8647853430518705
sex_binary,transformer,,30s,160,test,0.5,80.0,1431,228960,0.7624126484975542,0.7618000000980134,0.7616768518976145,0.8505156211483773,0.8553459119496856,0.8548753856829774,0.8548457518357626,0.9294224654698569,0.8504542278127184,0.8502579714349563,0.8500199820553307,0.9294224654698569,0.915841566258318,0.941079592762207,0.8341318411427359,0.8713109826689505
sex_binary,transformer,,30s,2,test,0.5,1.0,1431,2862,0.6226415094339622,0.6277203636691536,0.621762114537445,0.7045261637138477,0.6911250873515025,0.6960298666624848,0.6905991351478271,0.7697408916088713,0.593990216631726,0.6115059964636742,0.5649024183339343,0.7697408916088713,0.7452045587773098,0.7935013385874514,0.6720048573541509,0.7185104801430071
sex_binary,transformer,,30s,20,test,0.5,10.0,1431,28620,0.7555206149545772,0.7553068899544042,0.7549450728476701,0.8438552983137764,0.8420684835779175,0.8416759126033553,0.8415608465608466,0.9266957309256,0.843466107617051,0.8438282882536745,0.8431621221729022,0.9266957309256,0.9124461297800914,0.9385753160749404,0.821316956683911,0.8603699946612733
sex_binary,transformer,,30s,200,test,0.5,100.0,1431,286200,0.7625052410901467,0.7618932329544785,0.7617698704217064,0.8501501395956748,0.8532494758909853,0.8527298709750771,0.8527298709750771,0.929298968506314,0.8504542278127184,0.8504245943222761,0.8500640412997837,0.929298968506314,0.9154619567216404,0.940892380954156,0.8333427211568649,0.870688646540682
sex_binary,transformer,,30s,25,test,0.5,12.5,1431,35775,0.7537106918238994,0.753410162819965,0.7530980867778356,0.8430994397550448,0.8476589797344515,0.8471195803455562,0.8471195803455562,0.9259978750681196,0.8385744234800838,0.837794579463435,0.8379333624558198,0.9259978750681196,0.9115535759570808,0.9382246976003146,0.8277172494142985,0.8653092885151412
sex_binary,transformer,,30s,250,test,0.5,125.0,1431,357750,0.7622976939203354,0.7616726624769179,0.7615561915134654,0.850023961531676,0.8539482879105521,0.8533895015819373,0.853418873583893,0.9284580129926648,0.8511530398322851,0.8506676677108367,0.8506383823237558,0.9284580129926648,0.9141238309288248,0.94024069208396,0.8336123404424187,0.8708076986172311
sex_binary,transformer,,30s,3,test,0.5,1.5,1431,4293,0.6750524109014675,0.6783034784324642,0.67498462092027,0.7680676928894065,0.7952480782669462,0.7975639733873845,0.7952336789546092,0.8635299744772943,0.7414395527603075,0.7456893678915736,0.741247361013371,0.8635299744772943,0.8442815285358848,0.8814563359004455,0.7766087819720424,0.8187567193611576
sex_binary,transformer,,30s,30,test,0.5,15.0,1431,42930,0.7557186116934544,0.7555548803516985,0.7551630377997968,0.8443672098354986,0.8518518518518519,0.8514939212050168,0.8513756613756613,0.9255960198692892,0.8455625436757512,0.8461404258488946,0.8453084210160746,0.9255960198692892,0.9110110075235036,0.9374715420462064,0.8313217284731175,0.8682473388773574
sex_binary,transformer,,30s,320,test,0.5,160.0,1431,457920,0.7626572327044026,0.7620418054373949,0.7619205698996001,0.8502696290643732,0.8518518518518519,0.8510773639867173,0.8512503187086904,0.9289755240779874,0.8518518518518519,0.8513272983176969,0.8513272983176969,0.9289755240779874,0.9151578914683672,0.9404584792123766,0.8309071731335547,0.8685874207721104
sex_binary,transformer,,30s,4,test,0.5,2.0,1431,5724,0.7042278127183788,0.7064192937541901,0.7042202205605748,0.7990581886327908,0.8232005590496156,0.8244490663237503,0.8230623103460578,0.8963390011251946,0.750524109014675,0.7587633837383903,0.7483172028840208,0.8963390011251946,0.8788288585834507,0.9123274299524576,0.8032707657149053,0.8447501413042936
sex_binary,transformer,,30s,40,test,0.5,20.0,1431,57240,0.7589098532494759,0.7585519196916888,0.7582790851580048,0.8471267953616108,0.8497554157931516,0.8494317179407763,0.8492843744932915,0.9283835227606866,0.8497554157931516,0.8499315866027357,0.849415384284069,0.9283835227606866,0.9146332515632462,0.940207097470338,0.8299482657853448,0.8678258666661335
sex_binary,transformer,,30s,400,test,0.5,200.0,1431,572400,0.7627375960866527,0.7620952730067002,0.7619890218740322,0.8504643622312961,0.8581411600279525,0.8574305966667581,0.8575778033702659,0.9291597893886704,0.8504542278127184,0.8501746599912964,0.8499970610133626,0.9291597893886704,0.9152218338711005,0.9407754443240692,0.8374441288270089,0.8749743757394989
sex_binary,transformer,,30s,5,test,0.5,2.5,1431,7155,0.7183787561146052,0.7201725429004928,0.7183341905025649,0.8135871751343764,0.827393431167016,0.8289900300705304,0.8273070746265886,0.9066343352922958,0.8078266946191475,0.8091040785362278,0.8076910859852114,0.9066343352922958,0.8900287675521552,0.921060118946845,0.8093108467425132,0.8487609830596038
sex_binary,transformer,,30s,50,test,0.5,25.0,1431,71550,0.7602096436058701,0.7598346512877009,0.75957329504955,0.8479797849192565,0.8553459119496856,0.8552919429012769,0.8549580494397206,0.9290225705402896,0.8539482879105521,0.8541393045748764,0.8536177456528857,0.9290225705402896,0.9152206999228126,0.9405078812916046,0.8351605153388639,0.8719829110290884
sex_binary,transformer,,30s,500,test,0.5,250.0,1431,715500,0.7635136268343815,0.7629063971427115,0.7627819142375686,0.8508911966385302,0.8518518518518519,0.8513272983176969,0.8513272983176969,0.9292597631210624,0.8525506638714185,0.8519869289245571,0.8520161833789544,0.9292597631210624,0.915278656494134,0.9410750838290384,0.8307143870195826,0.8692448594937973
sex_binary,transformer,,30s,6,test,0.5,3.0,1431,8586,0.7282785930584673,0.7297672441619913,0.7281877092270905,0.8211951010257437,0.8322851153039832,0.8326077069946327,0.8319594166138238,0.9110821862491032,0.8148148148148148,0.8192827766822051,0.8146841374039311,0.9110821862491032,0.8954750262505651,0.9253255533124708,0.8116975228023271,0.852588041933747
sex_binary,transformer,,30s,60,test,0.5,30.0,1431,85860,0.7601327742837177,0.7595854716603873,0.7594225812815845,0.8483764105226382,0.8462613556953179,0.8459669420191558,0.8457913711352325,0.9281776944881148,0.8448637316561844,0.8448143036927552,0.8444589587315514,0.9281776944881148,0.9143135056229892,0.9402663306783116,0.8264564293931601,0.8636777136713172
sex_binary,transformer,,30s,8,test,0.5,4.0,1431,11448,0.7372466806429071,0.7382637454080692,0.7370588172231884,0.8295369758239993,0.8420684835779175,0.8428422728145938,0.8418515446817334,0.9176686909713918,0.8232005590496156,0.8264485409715878,0.8231950332495481,0.9176686909713918,0.9026447801025324,0.930541274878604,0.8222747025900258,0.8610372098789151
sex_binary,transformer,,30s,80,test,0.5,40.0,1431,114480,0.7612508735150244,0.7607189851097946,0.7605489972402311,0.8489016095219589,0.8525506638714185,0.8524034861428565,0.8521335857021477,0.9283403968369096,0.8511530398322851,0.8511675363727962,0.8507752706507514,0.9283403968369096,0.9141874660531558,0.9396330744174284,0.8333228975712081,0.8707617275289476
sex_binary,transformer,,30s,all,test,0.5,,1431,1519402,0.7623769088101766,0.7615696716130297,0.761395696781908,0.8499129347527863,0.8546470999301188,0.8539658207451375,0.8540826731508353,0.9290813786181672,0.8518518518518519,0.8513272983176969,0.8513272983176969,0.9290813786181672,0.915135603996843,0.9409049151203328,0.8337487417321189,0.8715052236539913
sex_binary,transformer,,10m,1,test,10.0,10.0,1431,1431,0.7554157931516422,0.7486346724586088,0.7491023087496844,0.836469437441927,0.7554157931516422,0.7486346724586088,0.7491023087496844,0.836469437441927,0.7554157931516422,0.7486346724586088,0.7491023087496844,0.836469437441927,0.8172446084833124,0.8566728519744339,0.7257863220264431,0.7703968067406373
sex_binary,transformer,,10m,10,test,10.0,100.0,1431,14310,0.7977638015373865,0.7945400620229195,0.7956599873420442,0.8833811116294934,0.8602375960866527,0.857410013839501,0.8588673886028759,0.9366029317787092,0.8602375960866527,0.8582431282761,0.8592311324466829,0.9366029317787092,0.923792058035379,0.947718203345452,0.8395571915622475,0.8744349787507292
sex_binary,transformer,,10m,12,test,10.0,120.0,1431,17172,0.7991497787095272,0.7960816014354398,0.7971641884571483,0.8848615429148682,0.8616352201257862,0.8588958979405411,0.8603172881623317,0.9376771593346064,0.8581411600279525,0.8564308593428394,0.8572351106884579,0.9376771593346064,0.9254563770137364,0.9489431698338084,0.8401170582465386,0.8766834606893649
sex_binary,transformer,,10m,16,test,10.0,160.0,1431,22896,0.8006201956673655,0.7974591602402505,0.798582374282742,0.8865795325958475,0.8658280922431866,0.862936993025362,0.8644747330455302,0.9388435195458448,0.8686233403214535,0.8664919413330615,0.8676131912431058,0.9388435195458448,0.925652183815277,0.9500247387509998,0.8439107558928373,0.880536736599001
sex_binary,transformer,,10m,2,test,10.0,20.0,1431,2862,0.7246680642907058,0.7194026471476123,0.7198324204178359,0.8110748842461,0.7917540181691125,0.785601430212454,0.7869446265268274,0.8676641823520878,0.750524109014675,0.7554309259919942,0.7501683501683502,0.8676641823520878,0.8484661723947252,0.885527482596896,0.7647219920389905,0.8054244943877077
sex_binary,transformer,,10m,20,test,10.0,200.0,1431,28620,0.8015024458420685,0.7983940003998949,0.799507314461821,0.8872311784746754,0.8616352201257862,0.8587292750532214,0.860239568453203,0.9379123916461166,0.859538784067086,0.8575834976692398,0.858544055875961,0.9379123916461166,0.9255351581897716,0.9490088928725984,0.8395936452446254,0.8771399923570452
sex_binary,transformer,,10m,25,test,10.0,250.0,1431,35775,0.8035779175401817,0.8004447458902955,0.8015820740141824,0.8885608534228261,0.8623340321453529,0.8593889056600814,0.8609257409257409,0.9384436246162772,0.8630328441649197,0.8604650934852411,0.8618028948488718,0.9384436246162772,0.9259202317647242,0.9495515322955108,0.8409899143995253,0.8768353952529354
sex_binary,transformer,,10m,3,test,10.0,30.0,1431,4293,0.762170976007454,0.7577326088178139,0.7587120595114307,0.8486775587939203,0.8336827393431167,0.8295947731380382,0.8313302297939777,0.9140206298737196,0.8183088749126485,0.8139165395758762,0.8155503644771598,0.9140206298737196,0.8993441341442007,0.9277251691471576,0.8099989423299124,0.8497382080892227
sex_binary,transformer,,10m,30,test,10.0,300.0,1431,42917,0.8035743411701657,0.8004591993374913,0.8015908973230466,0.888279354160404,0.8651292802236199,0.8621940509748419,0.8637495837495838,0.9382083923047668,0.8602375960866527,0.8576599481704807,0.8589825457641549,0.9382083923047668,0.9256311615290306,0.9495502396335204,0.8440373252906783,0.8799717458292639
sex_binary,transformer,,10m,4,test,10.0,40.0,1431,5724,0.7793501048218029,0.7755175600920543,0.7766182611904582,0.8670740800456351,0.8490566037735849,0.8460228096931395,0.8474907437377143,0.9278718924831516,0.8399720475192173,0.8401135780010742,0.8396098744234968,0.9278718924831516,0.914067673280308,0.9402935395067272,0.8256239857594307,0.8649028584376602
sex_binary,transformer,,10m,40,test,10.0,400.0,1431,57106,0.8039435435856127,0.8008176840833516,0.8019565842281988,0.8893266117255141,0.8658280922431866,0.8630203044690219,0.8645126930587609,0.9385926050802338,0.8623340321453529,0.8598054628783809,0.8611162155970647,0.9385926050802338,0.9261384609406028,0.9495286361346096,0.844347747564247,0.8811379009807652
sex_binary,transformer,,10m,5,test,10.0,50.0,1431,7155,0.7889587700908456,0.7853289527849545,0.7864794698707405,0.8746511700847228,0.8560447239692522,0.8527857386490609,0.8544237910872314,0.9333978915343812,0.8483577917540182,0.8451965561989594,0.8467182037034203,0.9333978915343812,0.9206791531886632,0.9448948276515496,0.8344608860453148,0.8712747511563669
sex_binary,transformer,,10m,50,test,10.0,500.0,1431,69710,0.8041744369530914,0.8009162306024025,0.8021082798203233,0.8892923653930342,0.8658280922431866,0.8630203044690219,0.8645126930587609,0.9384671478474284,0.8637316561844863,0.8611247240921013,0.8624896206261873,0.9384671478474284,0.9258073139601308,0.9494966895130066,0.8444582207812065,0.8810109175475674
sex_binary,transformer,,10m,6,test,10.0,60.0,1431,8586,0.7900069881201957,0.7865627789299805,0.7876792720240013,0.878178440479473,0.8581411600279525,0.8551811876879408,0.8566899766899767,0.9345289668988932,0.8609364081062194,0.8594859389885795,0.8601397674079378,0.9345289668988932,0.9214705178951388,0.945900007836754,0.8343072527301733,0.8727866202663838
sex_binary,transformer,,10m,60,test,10.0,600.0,1431,74171,0.8032519448301897,0.7997432587398869,0.8010185350991725,0.8889033020053815,0.8644304682040531,0.8615344203679818,0.8630630115147545,0.9384279424621766,0.8658280922431866,0.8631869273563417,0.8645869476074819,0.9384279424621766,0.9257881136910604,0.9495446469654804,0.8427829133428667,0.8796725066503839
sex_binary,transformer,,10m,8,test,10.0,80.0,1431,11448,0.7895702306079665,0.7863206039981652,0.7873834650040622,0.8778118071673324,0.8581411600279525,0.8551811876879408,0.8566899766899767,0.93331359995609,0.8609364081062194,0.8597358733195593,0.8602262637328657,0.93331359995609,0.920301173617414,0.9455072383300152,0.8355327934698108,0.8731648482054881
sex_binary,transformer,,10m,80,test,10.0,800.0,1431,75257,0.8029020556227328,0.7992345716874966,0.8005630730423041,0.8885446889298968,0.8644304682040531,0.8615344203679818,0.8630630115147545,0.9384455848855398,0.8658280922431866,0.8631869273563417,0.8645869476074819,0.9384455848855398,0.9258257837289352,0.9495695546149588,0.8427829133428667,0.8796725066503839
sex_binary,transformer,,10m,all,test,10.0,,1431,75259,0.802894006032501,0.7992275514295508,0.800555634471585,0.8885362770948885,0.8644304682040531,0.8615344203679818,0.8630630115147545,0.9384455848855398,0.8658280922431866,0.8631869273563417,0.8645869476074819,0.9384455848855398,0.9258257837289352,0.9495695546149588,0.8427829133428667,0.8796725066503839
sex_binary,transformer,,40m,1,test,40.0,40.0,1431,1431,0.7973445143256463,0.7979599477784268,0.797066141405764,0.8793885528116144,0.7973445143256463,0.7979599477784268,0.797066141405764,0.8793885528116144,0.7973445143256463,0.7979599477784268,0.797066141405764,0.8793885528116144,0.8615015870176927,0.8964616502194956,0.7777037280699762,0.817128747152405
sex_binary,transformer,,40m,10,test,40.0,400.0,1431,14261,0.8239955122361686,0.8266888828672969,0.8239920773420345,0.9137518562189098,0.86722571628232,0.8701713667389352,0.8672251327309166,0.949517185680625,0.8560447239692522,0.8601171456911321,0.8560007737639317,0.949517185680625,0.9384488356653796,0.959071748914873,0.8528500109811926,0.8872755548233402
sex_binary,transformer,,40m,12,test,40.0,480.0,1431,16754,0.8263698221320281,0.8291138820367314,0.826358211433128,0.9150957865993812,0.8679245283018868,0.8706643744584757,0.8679204003326664,0.9499660873417572,0.8609364081062194,0.8645679370518334,0.8609230964584763,0.9499660873417572,0.9387163121320324,0.9593525591017538,0.8533456018168625,0.8875915865366372
sex_binary,transformer,,40m,16,test,40.0,640.0,1431,18280,0.825601750547046,0.8285909590516527,0.8255664627700015,0.91504145994888,0.8686233403214535,0.8714073165089957,0.8686201965901454,0.9503424590401738,0.8609364081062194,0.864068068389874,0.8609361364654107,0.9503424590401738,0.9394353092464311,0.9597244708738054,0.8541847530573569,0.8879817375885837
sex_binary,transformer,,40m,2,test,40.0,80.0,1431,2862,0.7756813417190775,0.778261201958701,0.775679589011327,0.8674068970113735,0.8232005590496156,0.8260319837532883,0.8232002136972307,0.9056738033536288,0.740041928721174,0.7507017763960058,0.7352256539627717,0.9056738033536288,0.8883295039995103,0.9201543311983283,0.8059499392883539,0.8445438426178897
sex_binary,transformer,,40m,20,test,40.0,800.0,1431,18347,0.8247124870551044,0.8277238840965335,0.8246747976930222,0.9144832129095372,0.8679245283018868,0.8707476859021355,0.8679222063509504,0.950166034806541,0.8602375960866527,0.8634084377830138,0.8602369818220175,0.950166034806541,0.9392250727709652,0.9595978161289868,0.8538095752619799,0.8874549521673586
sex_binary,transformer,,40m,3,test,40.0,120.0,1431,4293,0.8001397624039134,0.802736797259805,0.8001366283297051,0.8919959156700875,0.8539482879105521,0.8565553364410136,0.8539411552986553,0.935126849023982,0.8483577917540182,0.850611800036853,0.8483337948859965,0.935126849023982,0.921908935408731,0.9465447021199292,0.8372453839621847,0.8742627198634928
sex_binary,transformer,,40m,4,test,40.0,160.0,1431,5724,0.8088749126484975,0.8114473354059913,0.8088703391883234,0.9010011340157684,0.8637316561844863,0.8666232793736548,0.8637305914554791,0.9404823046493668,0.8343815513626834,0.8395852854348074,0.834145375321846,0.9404823046493668,0.9276069082769008,0.9513642430277564,0.8493800050056723,0.8824202230865189
sex_binary,transformer,,40m,5,test,40.0,200.0,1431,7155,0.8176100628930818,0.8203383816801075,0.8176086377942566,0.9071510622699136,0.8644304682040531,0.8668663527622154,0.8644155707152401,0.9461631649723408,0.8602375960866527,0.8627419462337347,0.8602260606605222,0.9461631649723408,0.9342621824656504,0.9562862585648224,0.8499355022716271,0.8843233557984279
sex_binary,transformer,,40m,6,test,40.0,240.0,1431,8586,0.8184253435825762,0.8209413278341247,0.8184178925465553,0.9076760005976644,0.8679245283018868,0.8708309973457954,0.8679234963337721,0.9452536000345008,0.8518518518518519,0.8560760506063113,0.851790983526469,0.9452536000345008,0.9331912706806352,0.9557114197854708,0.8533796102581495,0.887044865269621
sex_binary,transformer,,40m,8,test,40.0,320.0,1431,11442,0.8218842859639923,0.8244068724788094,0.8218760083010677,0.9115484172840992,0.8686233403214535,0.8714073165089957,0.8686201965901454,0.947927407308668,0.8546470999301188,0.858714573033752,0.8546027230237756,0.947927407308668,0.9364220338700596,0.9576056182716942,0.8541725006044081,0.8881449785429179
sex_binary,transformer,,40m,all,test,40.0,,1431,18347,0.8247124870551044,0.8277238840965335,0.8246747976930222,0.9144832129095372,0.8679245283018868,0.8707476859021355,0.8679222063509504,0.950166034806541,0.8602375960866527,0.8634084377830138,0.8602369818220175,0.950166034806541,0.9392250727709652,0.9595978161289868,0.8538095752619799,0.8874549521673586
sex_binary,transformer,,80m,1,test,80.0,80.0,1431,1431,0.8343815513626834,0.8337534843786143,0.8337812107147495,0.9121250494967988,0.8343815513626834,0.8337534843786143,0.8337812107147495,0.9121250494967988,0.8343815513626834,0.8337534843786143,0.8337812107147495,0.9121250494967988,0.8959721852834062,0.92673340710741,0.8142516258328965,0.8538403564158331
sex_binary,transformer,,80m,10,test,80.0,800.0,1431,8720,0.8589449541284404,0.8596703809514294,0.8585881737332939,0.9347605286309516,0.8888888888888888,0.889870112558661,0.8887419763850103,0.9586343980209122,0.8819007686932215,0.8832738064900595,0.8817989469192771,0.9586343980209122,0.9488586242154862,0.9674766550691534,0.8733779669423233,0.9068501173731734
sex_binary,transformer,,80m,2,test,80.0,160.0,1431,2862,0.8364779874213837,0.8366488020794536,0.8361187350484909,0.9137618743310584,0.8644304682040531,0.8643670094524184,0.8640570461516766,0.9382495579592812,0.822501747030049,0.8282049422308648,0.8221117893261396,0.9382495579592812,0.9257509701553132,0.9494338467611696,0.84557792890638,0.8819338703687855
sex_binary,transformer,,80m,3,test,80.0,240.0,1431,4293,0.8497554157931516,0.8500426685276157,0.8494415851119377,0.9257454359486376,0.8805031446540881,0.8807881850651005,0.8802327009887247,0.9524791525363924,0.8763102725366876,0.8764971556493,0.87601359074357,0.9524791525363924,0.9413967923256136,0.9622493741607476,0.8640456700411591,0.8977940733253243
sex_binary,transformer,,80m,4,test,80.0,320.0,1431,5721,0.8524733438210104,0.8527419883017984,0.8521561306783276,0.9292327485867842,0.8846960167714885,0.885162525924561,0.8844649196419179,0.9550745490400562,0.8686233403214535,0.8709074478470362,0.8686001758327635,0.9550745490400562,0.9446553098305726,0.9638603946185068,0.8672738146754686,0.9031263611231944
sex_binary,transformer,,80m,5,test,80.0,400.0,1431,7123,0.8580654218728064,0.8585417408435995,0.8577960767740324,0.9327488191032304,0.883298392732355,0.8840931990418204,0.8831193984226937,0.9580267145495104,0.8825995807127882,0.8831003226603207,0.8823715916296766,0.9580267145495104,0.9481111679821947,0.9669135558079766,0.8674482391363542,0.9002186647367385
sex_binary,transformer,,80m,6,test,80.0,480.0,1431,8270,0.8592503022974607,0.8598059079163731,0.8589461884078298,0.934128993422598,0.8895877009084556,0.8905297431655212,0.8894360356624507,0.9584089670557148,0.8839972047519218,0.8855026326416197,0.8839109781843772,0.9584089670557148,0.9486035971060968,0.966947129427862,0.8743155842497816,0.9074450767930752
sex_binary,transformer,,80m,8,test,80.0,640.0,1431,8705,0.8595060310166571,0.8602122129464675,0.8591526982132056,0.9350837777887172,0.8895877009084556,0.8905297431655212,0.8894360356624507,0.9587578949844552,0.8825995807127882,0.8840167485405795,0.8825031279324367,0.9587578949844552,0.948961849396306,0.9675157497539087,0.8738978329568537,0.9077162316019598
sex_binary,transformer,,80m,all,test,80.0,,1431,8720,0.8589449541284404,0.8596703809514294,0.8585881737332939,0.9347605286309516,0.8888888888888888,0.889870112558661,0.8887419763850103,0.9586343980209122,0.8819007686932215,0.8832738064900595,0.8817989469192771,0.9586343980209122,0.9488586242154862,0.9674766550691534,0.8733779669423233,0.9068501173731734
sex_binary,transformer,,120m,1,test,120.0,120.0,1431,1431,0.8546470999301188,0.8537158864141579,0.8540036571679708,0.9313415690779284,0.8546470999301188,0.8537158864141579,0.8540036571679708,0.9313415690779284,0.8546470999301188,0.8537158864141579,0.8540036571679708,0.9313415690779284,0.9177849363559412,0.9448619648613876,0.8345900088002232,0.8727597696581182
sex_binary,transformer,,120m,2,test,120.0,240.0,1431,2862,0.8591893780573026,0.8589615669608377,0.8587643629777888,0.9326255454449224,0.8874912648497554,0.8870512453590624,0.8870834385024249,0.9517558131784982,0.8539482879105521,0.8583048767578715,0.8538752169917287,0.9517558131784982,0.9406305377560698,0.9617347333608328,0.8693050634871864,0.9030400564800944
sex_binary,transformer,,120m,3,test,120.0,360.0,1431,4279,0.867492404767469,0.8673416054182186,0.8671017341844062,0.9387921478627136,0.8979734451432565,0.897695507454904,0.8976290526794428,0.9594988767657128,0.8951781970649895,0.8948903621401436,0.8948243691912084,0.9594988767657128,0.9493189088348648,0.9681630210089072,0.8821031561806889,0.9127306791837356
sex_binary,transformer,,120m,4,test,120.0,480.0,1431,5426,0.8726502027276078,0.8724720017990462,0.8721859928500004,0.941620312300432,0.8986722571628232,0.8984384495054241,0.8983384426641947,0.9614826692594496,0.8958770090845563,0.8967996644019023,0.8957285271010761,0.9614826692594496,0.9515494291016652,0.9698200439010316,0.8827792486813689,0.9141202321808308
sex_binary,transformer,,120m,5,test,120.0,600.0,1431,5661,0.8740505211093447,0.873813004161904,0.8734924289806052,0.9426866175402232,0.9007686932215234,0.9004173413260046,0.9004173413260046,0.9625294530456704,0.9000698812019566,0.9006741365994033,0.8998819423685013,0.9625294530456704,0.9528322629148052,0.9707914533072488,0.8846345055522111,0.916093043237975
sex_binary,transformer,,120m,6,test,120.0,720.0,1431,5675,0.8738325991189427,0.8736206584377556,0.8732673561311739,0.9425762485405856,0.90146750524109,0.9010769719328648,0.901110340551813,0.9626647116247888,0.9000698812019566,0.9006741365994033,0.8998819423685013,0.9626647116247888,0.95282420505103,0.970843951446228,0.8851080283447814,0.9167580735222084
sex_binary,transformer,,120m,all,test,120.0,,1431,5675,0.8738325991189427,0.8736206584377556,0.8732673561311739,0.9425762485405856,0.90146750524109,0.9010769719328648,0.901110340551813,0.9626647116247888,0.9000698812019566,0.9006741365994033,0.8998819423685013,0.9626647116247888,0.95282420505103,0.970843951446228,0.8851080283447814,0.9167580735222084
sex_binary,transformer,,240m,1,test,240.0,240.0,1431,1431,0.8749126484975541,0.8752612058792395,0.8746459952872778,0.945833839736226,0.8749126484975541,0.8752612058792395,0.8746459952872778,0.945833839736226,0.8749126484975541,0.8752612058792395,0.8746459952872778,0.945833839736226,0.9336511216154896,0.955832582231662,0.857645774045098,0.8909121885092286
sex_binary,transformer,,240m,2,test,240.0,480.0,1431,2578,0.8743211792086889,0.8752418034894731,0.8739908216743655,0.9477813376414744,0.8909853249475891,0.891432447160942,0.8907599376766546,0.953474969321786,0.8679245283018868,0.8714141774514148,0.8679180782365832,0.953474969321786,0.9421167425771786,0.9627727633626258,0.8744000504233214,0.9061856161858852
sex_binary,transformer,,240m,3,test,240.0,720.0,1431,2592,0.8742283950617284,0.8752040914689018,0.8738811886862743,0.9478729283256506,0.8909853249475891,0.891432447160942,0.8907599376766546,0.9536239497857426,0.8693221523410203,0.8727334386651351,0.8693180680540138,0.9536239497857426,0.94221056314579,0.9628485870341214,0.8744000504233214,0.9061856161858852
sex_binary,transformer,,240m,all,test,240.0,,1431,2592,0.8742283950617284,0.8752040914689018,0.8738811886862743,0.9478729283256506,0.8909853249475891,0.891432447160942,0.8907599376766546,0.9536239497857426,0.8693221523410203,0.8727334386651351,0.8693180680540138,0.9536239497857426,0.94221056314579,0.9628485870341214,0.8744000504233214,0.9061856161858852
sleep_efficiency_binary,lstm,,30s,1,test,0.5,0.5,2020,2020,0.6356435643564357,0.5812450557057156,0.5759299636377743,0.6342715818445513,0.6356435643564357,0.5812450557057156,0.5759299636377743,0.6342715818445513,0.6356435643564357,0.5812450557057156,0.5759299636377743,0.6342715818445513,0.609196792764764,0.6607619623487807,0.5628681880128467,0.6020480588205341
sleep_efficiency_binary,lstm,,30s,10,test,0.5,5.0,2020,20200,0.6411881188118812,0.628186597666293,0.6266658789765229,0.6729348455320061,0.6732673267326733,0.6649128156107852,0.6617974153326622,0.7180608889841124,0.6599009900990099,0.6628732942184719,0.6538534353376597,0.7180608889841124,0.6955725521629489,0.7399669060953561,0.6442712790416326,0.686024677521857
sleep_efficiency_binary,lstm,,30s,100,test,0.5,50.0,2020,202000,0.6468613861386139,0.6409143236205419,0.636613629703021,0.6847967321304964,0.6722772277227723,0.6698179675654294,0.6638411261940673,0.724836632276353,0.6623762376237624,0.6671892511042257,0.6570386686635652,0.724836632276353,0.7029315339447146,0.7478063243662975,0.6488082073953719,0.691731851771098
sleep_efficiency_binary,lstm,,30s,12,test,0.5,6.0,2020,24240,0.6457508250825083,0.6339890016920473,0.6320650616409236,0.6786250096425184,0.6732673267326733,0.6660561836640517,0.6624259752729306,0.7232503378601094,0.6618811881188119,0.665640038895115,0.6561405625082404,0.7232503378601094,0.7020720193960469,0.7460186714775942,0.6448659167196638,0.6887780403347853
sleep_efficiency_binary,lstm,,30s,120,test,0.5,60.0,2020,242400,0.6471204620462047,0.6413736828949392,0.6369816317066316,0.6852939735962669,0.6702970297029703,0.6686519381633595,0.6622392454436995,0.7244709605115697,0.6633663366336634,0.6670862449733008,0.6576062950987049,0.7244709605115697,0.7020770978515245,0.7472802031646533,0.6481395873750728,0.6901098871553607
sleep_efficiency_binary,lstm,,30s,16,test,0.5,8.0,2020,32320,0.6465037128712872,0.6361974102198562,0.6337331677149738,0.6818508782173964,0.6757425742574258,0.6699147933284989,0.6656473429817404,0.7254474586327379,0.6564356435643565,0.6607184059595228,0.650916211723247,0.7254474586327379,0.7035653561897274,0.7480647912617705,0.6497608975181992,0.6910335122516291
sleep_efficiency_binary,lstm,,30s,160,test,0.5,80.0,2020,323200,0.6474845297029703,0.6418536571296724,0.6374086840845407,0.6853833799269764,0.6722772277227723,0.6700466411760828,0.6639489193511583,0.7249231574263301,0.6589108910891089,0.6634336475707034,0.6534749729296774,0.7249231574263301,0.7024916718827514,0.7477497003602922,0.6502819224635413,0.6918186316944989
sleep_efficiency_binary,lstm,,30s,2,test,0.5,1.0,2020,4040,0.6297029702970297,0.5802623772166919,0.5771712314353388,0.6206733562281627,0.6400990099009901,0.5860410211615795,0.5812965397532212,0.6464170347419078,0.6267326732673267,0.6086982497198233,0.6084933208304544,0.6464170347419078,0.6226822085559942,0.6721553800773271,0.5654150387182135,0.6058228743375063
sleep_efficiency_binary,lstm,,30s,20,test,0.5,10.0,2020,40400,0.6452970297029703,0.6356483617904938,0.6329213207216611,0.68200673067811,0.6762376237623763,0.6705493110949964,0.6662169332221632,0.7245348243127432,0.6613861386138614,0.6647768475179643,0.655501876977209,0.7245348243127432,0.702726865144176,0.7478587505506789,0.6499167126215998,0.6938106412017025
sleep_efficiency_binary,lstm,,30s,200,test,0.5,100.0,2020,404000,0.6469183168316832,0.6412422642395675,0.6368174223851322,0.6854324160809051,0.6693069306930693,0.6676115762410179,0.6612249488834704,0.7250174080361264,0.6599009900990099,0.6642453358823917,0.6543934252716123,0.7250174080361264,0.7028201709831883,0.74785173128776,0.6482835631297384,0.689499971591846
sleep_efficiency_binary,lstm,,30s,25,test,0.5,12.5,2020,50500,0.6476435643564357,0.6392871151690949,0.6360425583005712,0.682706206737425,0.6717821782178218,0.6671253873030523,0.6622703083284516,0.7242196255521128,0.6633663366336634,0.6652568560880743,0.6568673003730094,0.7242196255521128,0.7027437481636749,0.7471811888280805,0.6464506761566607,0.6884024236519748
sleep_efficiency_binary,lstm,,30s,250,test,0.5,125.0,2020,505000,0.6471009900990099,0.641535170413343,0.6370596806314319,0.6856908783456391,0.6683168316831684,0.6665712143186762,0.6602106523232413,0.7250179230667809,0.655940594059406,0.6603125618036786,0.6504573384414017,0.7250179230667809,0.7026770020645887,0.7479037093714116,0.647283604641629,0.6880937950059748
sleep_efficiency_binary,lstm,,30s,3,test,0.5,1.5,2020,6060,0.6371287128712871,0.6032718867426989,0.604646958914161,0.6502395350349031,0.6608910891089109,0.6316706770386974,0.6338448356297528,0.6959001499769266,0.6534653465346535,0.6159787230535961,0.6176803634794439,0.6959001499769266,0.674463541930416,0.7208810442254673,0.6124324763649235,0.6543168533225625
sleep_efficiency_binary,lstm,,30s,30,test,0.5,15.0,2020,60600,0.6456105610561056,0.6375518464192322,0.6341757083144268,0.6825727217561768,0.6702970297029703,0.6663652020568265,0.6611434858303511,0.7233471636231789,0.6554455445544555,0.658763349594568,0.6495499726304391,0.7233471636231789,0.7014645013292381,0.7459116759389296,0.6462041685474961,0.6879783533163175
sleep_efficiency_binary,lstm,,30s,320,test,0.5,160.0,2020,646400,0.6471658415841585,0.6416738599281429,0.6371642597658849,0.6856004671384368,0.6722772277227723,0.6705039883973894,0.6641622741852689,0.7248891654031248,0.6574257425742575,0.6613014206605577,0.6517446153754164,0.7248891654031248,0.7024229990626338,0.7476502849015642,0.6504459040775684,0.6918411611607764
sleep_efficiency_binary,lstm,,30s,4,test,0.5,2.0,2020,8080,0.6391089108910891,0.6146138918188411,0.6157547393327829,0.6579676272331729,0.6648514851485149,0.6479518260926891,0.6479179105034794,0.7064119256378139,0.6534653465346535,0.6530238479794317,0.6459657623353641,0.7064119256378139,0.6842659465539922,0.728661401593019,0.627266264597444,0.6690190582624155
sleep_efficiency_binary,lstm,,30s,40,test,0.5,20.0,2020,80800,0.6470173267326733,0.6399342408860176,0.6361420638187436,0.6834668683355033,0.6737623762376238,0.6705781528116553,0.6649830840592519,0.7242227157360406,0.6608910891089109,0.6655143714153866,0.6554867292551945,0.7242227157360406,0.7021138091066773,0.7465875488862155,0.6509462452225556,0.6924581671644267
sleep_efficiency_binary,lstm,,30s,400,test,0.5,200.0,2020,808000,0.6470581683168317,0.6416358970185905,0.6370938303132012,0.6858197811493116,0.6698019801980198,0.6684747676181686,0.661890241683708,0.7251415304238908,0.6603960396039604,0.6641938328169292,0.6546750398724083,0.7251415304238908,0.7028178235520619,0.7477952134700966,0.6484902256176437,0.6897853091950755
sleep_efficiency_binary,lstm,,30s,5,test,0.5,2.5,2020,10100,0.6398019801980198,0.6189551882128024,0.6195182327391391,0.666566393631749,0.6732673267326733,0.6607966906190257,0.6593710270173043,0.7138860504977257,0.6747524752475248,0.6622428966972114,0.6608485456230695,0.7138860504977257,0.6924168356769571,0.7377926998379113,0.6399095271913144,0.6827393223363155
sleep_efficiency_binary,lstm,,30s,50,test,0.5,25.0,2020,101000,0.6470990099009901,0.6402355956226514,0.6363468882564262,0.6851492661843233,0.6762376237623763,0.6730647208121827,0.6674701269829764,0.7253104604786076,0.6589108910891089,0.6634336475707034,0.6534749729296774,0.7253104604786076,0.7036964547714398,0.7478398803848846,0.6526805343081091,0.6945093839815646
sleep_efficiency_binary,lstm,,30s,500,test,0.5,250.0,2020,1010000,0.6469881188118812,0.6415629202650142,0.6370221399260476,0.6855665261244149,0.6698019801980198,0.6682460940075153,0.6617849982390649,0.7247604077394687,0.6574257425742575,0.661530094271211,0.6518337856525153,0.7247604077394687,0.702579939083779,0.7475151819113929,0.6482153473852066,0.6898681024160285
sleep_efficiency_binary,lstm,,30s,6,test,0.5,3.0,2020,12120,0.6433993399339935,0.6250676406926406,0.6251244798810627,0.6718562586067344,0.6757425742574258,0.6657986683367394,0.663387379787113,0.7183863883578351,0.6574257425742575,0.6587860109433714,0.6507146426786607,0.7183863883578351,0.697207194007793,0.7413940976112284,0.6463828877903651,0.6876820491858839
sleep_efficiency_binary,lstm,,30s,60,test,0.5,30.0,2020,121200,0.6460643564356435,0.6394712283275101,0.6354605380076629,0.6843680612495056,0.6747524752475248,0.6718471883446502,0.6661094024190048,0.7246223795240293,0.6608910891089109,0.6648283505834267,0.6552230211453414,0.7246223795240293,0.7027811286017184,0.7474793470197455,0.6518897269224505,0.6934119932860843
sleep_efficiency_binary,lstm,,30s,8,test,0.5,4.0,2020,16160,0.6465346534653466,0.632020897883842,0.631036448159173,0.6756448956341882,0.6752475247524753,0.6667648658448151,0.6637198504564368,0.7210017140220186,0.6584158415841584,0.6611984145296328,0.6522954784941086,0.7210017140220186,0.6990781400671945,0.7441556566935091,0.6470208546354471,0.6905742760625755
sleep_efficiency_binary,lstm,,30s,80,test,0.5,40.0,2020,161600,0.6468007425742575,0.640671378510449,0.6364535021677709,0.6842704100693385,0.6707920792079208,0.6683717614872438,0.6623719819767513,0.7240651163557255,0.6584158415841584,0.6625704561935526,0.6528400463876236,0.7240651163557255,0.7020684686181918,0.7467488924964466,0.6481904773460823,0.6908507278883603
sleep_efficiency_binary,lstm,,30s,all,test,0.5,,2020,2320712,0.6567523242866844,0.642203473638417,0.6391075757735102,0.6861583364347207,0.6693069306930693,0.6676115762410179,0.6612249488834704,0.7249427285912058,0.6589108910891089,0.6622902795174368,0.6530292072433624,0.7249427285912058,0.7027510008146315,0.7477642792727226,0.6477631944733901,0.6893369025949843
sleep_efficiency_binary,lstm,,10m,1,test,10.0,10.0,2020,2020,0.6524752475247525,0.6135663194673346,0.6150291841998099,0.6627491718307075,0.6524752475247525,0.6135663194673346,0.6150291841998099,0.6627491718307075,0.6524752475247525,0.6135663194673346,0.6150291841998099,0.6627491718307075,0.6390781375424315,0.6886882649190066,0.5911970052567309,0.6345325958374772
sleep_efficiency_binary,lstm,,10m,10,test,10.0,100.0,2020,20200,0.6636633663366337,0.6477324230338191,0.6473863090961973,0.6970219021936186,0.6955445544554455,0.6770016151361329,0.6780404290824632,0.7458972658052607,0.6787128712871288,0.6728072054848704,0.6685921981216905,0.7458972658052607,0.7253268248791885,0.7681646109430323,0.6579878776174563,0.698472743891944
sleep_efficiency_binary,lstm,,10m,100,test,10.0,1000.0,2020,114855,0.6738670497583911,0.6477947036343583,0.6487117032481049,0.6990975972020236,0.7,0.6831696222559167,0.6837418966805455,0.7492150932823523,0.6826732673267327,0.6733098754037841,0.6707115019041625,0.7492150932823523,0.7288100230457731,0.7717461861120857,0.6644722408558918,0.7046819908026576
sleep_efficiency_binary,lstm,,10m,12,test,10.0,120.0,2020,24240,0.6636551155115512,0.6473331025996001,0.6471077030176973,0.6966873135302902,0.7014851485148514,0.6841584811127959,0.6849326867787662,0.7452951949700045,0.6806930693069307,0.6755739501615137,0.670984100721441,0.7452951949700045,0.7245608399371976,0.7682298013270968,0.6644094974409831,0.705525344893683
sleep_efficiency_binary,lstm,,10m,120,test,10.0,1200.0,2020,115033,0.674119600462476,0.6478796049377797,0.6488156337490081,0.6990615227470052,0.7,0.6831696222559167,0.6837418966805455,0.7492223037115169,0.6826732673267327,0.6733098754037841,0.6707115019041625,0.7492223037115169,0.7288187978773196,0.7717751554727614,0.6644722408558918,0.7046819908026576
sleep_efficiency_binary,lstm,,10m,16,test,10.0,160.0,2020,32320,0.662809405940594,0.6471066607884501,0.646677653453698,0.6976722819385961,0.693069306930693,0.6761157624101787,0.6765883427192609,0.746208344320654,0.6831683168316832,0.6762311292768146,0.6725350971046915,0.746208344320654,0.726058951231187,0.7684984858005918,0.6567378866311762,0.6984243594661295
sleep_efficiency_binary,lstm,,10m,2,test,10.0,20.0,2020,4040,0.6388613861386139,0.6195561259806184,0.6197818749465814,0.6564412051305293,0.6638613861386139,0.6384505405761751,0.6402989579899458,0.6863865037247017,0.6188118811881188,0.6355910903816995,0.6172751288380754,0.6863865037247017,0.663200077835651,0.7107651836878273,0.6186385349500878,0.6590614759777588
sleep_efficiency_binary,lstm,,10m,20,test,10.0,200.0,2020,40400,0.6637871287128713,0.6470220927549608,0.6469324154172694,0.6995178707911696,0.6955445544554455,0.6781449831893994,0.6788162194318902,0.7483704430087679,0.6777227722772278,0.6685654130133826,0.6658347815723518,0.7483704430087679,0.7284819384657132,0.770605160245164,0.658358924945801,0.6996918388104022
sleep_efficiency_binary,lstm,,10m,25,test,10.0,250.0,2020,50500,0.6648910891089109,0.6484599347353155,0.648285339964217,0.6991625477948448,0.698019801980198,0.6808602248005802,0.6815033085194375,0.7480902663326521,0.6801980198019802,0.6687652449073769,0.6670099693885572,0.7480902663326521,0.72770532627184,0.7703274006241322,0.6618003687415287,0.7029067331253821
sleep_efficiency_binary,lstm,,10m,3,test,10.0,30.0,2020,6060,0.6523102310231023,0.6362221746104995,0.6357803148645208,0.6768619273774731,0.6831683168316832,0.663882754301536,0.6648707388190012,0.7192876920034281,0.6757425742574258,0.662597237787593,0.6614532358453753,0.7192876920034281,0.6985160761214434,0.7434223486167362,0.6439259740681382,0.684351399728799
sleep_efficiency_binary,lstm,,10m,30,test,10.0,300.0,2020,60582,0.6647353999537816,0.6482631369313689,0.6480972581650093,0.6987759235430411,0.6975247524752475,0.680454380644736,0.6810569449616368,0.7471307642230866,0.6792079207920793,0.6704689663128749,0.6675670651243067,0.7471307642230866,0.7262374002810543,0.7701505465355654,0.6617772304287806,0.7028063714106721
sleep_efficiency_binary,lstm,,10m,4,test,10.0,40.0,2020,8080,0.6537128712871287,0.6391633430021755,0.6382600904036162,0.6850308142840662,0.6792079207920793,0.6610933482760895,0.6616625310173698,0.7289187652449074,0.6623762376237624,0.6642164941657327,0.6558580865505771,0.7289187652449074,0.7072396736737817,0.7520034164983942,0.6402228507333867,0.681549265211418
sleep_efficiency_binary,lstm,,10m,40,test,10.0,400.0,2020,80616,0.6654386226059343,0.6490396644568446,0.6488516983923369,0.6997846877100817,0.7014851485148514,0.6846158283341024,0.6852329587755597,0.7485986015887665,0.6841584158415842,0.6758994495352364,0.6728225062858211,0.7485986015887665,0.7282576920278301,0.7708675500354465,0.6655745562331463,0.705885737676145
sleep_efficiency_binary,lstm,,10m,5,test,10.0,50.0,2020,10100,0.661980198019802,0.6470614410969742,0.6463704249031424,0.6923886297712439,0.6881188118811881,0.6720573208517371,0.6721357089195782,0.7388161093348276,0.6821782178217822,0.6715319895840199,0.6694756630672365,0.7388161093348276,0.7180644860283755,0.761099467521575,0.652697243825471,0.6932605179071655
sleep_efficiency_binary,lstm,,10m,50,test,10.0,500.0,2020,98929,0.6663971130810986,0.6492582756767427,0.6491634994641338,0.7002738869685855,0.6995049504950495,0.6829924517107258,0.6834440249136735,0.7493448810073176,0.6836633663366337,0.674578910936779,0.6718670995403577,0.7493448810073176,0.7287905788709315,0.7717707542833727,0.6638088681259141,0.7054800972722862
sleep_efficiency_binary,lstm,,10m,6,test,10.0,60.0,2020,12120,0.6589108910891089,0.6441488397389412,0.6433708321025529,0.6916976285928538,0.69009900990099,0.6718513085898873,0.6726792302013541,0.7390252117806051,0.6717821782178218,0.669869470630892,0.663601826094055,0.7390252117806051,0.7184583981739658,0.761348616796991,0.6520654383441012,0.6935124314922865
sleep_efficiency_binary,lstm,,10m,60,test,10.0,600.0,2020,108365,0.6689244682323628,0.6479211514322578,0.6482663154608651,0.6985660033419983,0.699009900990099,0.6823579339442283,0.6828479231827591,0.7490389527984705,0.6826732673267327,0.6733098754037841,0.6707115019041625,0.7490389527984705,0.7284327473910854,0.771566212470317,0.6637017147298583,0.7042084903457272
sleep_efficiency_binary,lstm,,10m,8,test,10.0,80.0,2020,16160,0.6631806930693069,0.6470394492880216,0.646752017943748,0.6974215102939176,0.6985148514851485,0.680351374513811,0.6813367598866347,0.7469613191377151,0.6757425742574258,0.6724302030456852,0.6669065865691681,0.7469613191377151,0.7267891768396042,0.7694114194525175,0.6598075343185571,0.7024198916798654
sleep_efficiency_binary,lstm,,10m,80,test,10.0,800.0,2020,114034,0.6731150358664959,0.6478015786765203,0.6486063655437158,0.6992005021199407,0.7,0.6831696222559167,0.6837418966805455,0.7491625601555804,0.6826732673267327,0.6733098754037841,0.6707115019041625,0.7491625601555804,0.7287222783524827,0.7716836477040272,0.6644722408558918,0.7046819908026576
sleep_efficiency_binary,lstm,,10m,all,test,10.0,,2020,115042,0.6741364023573999,0.6478918216886607,0.6488274101902767,0.6990607987341089,0.7,0.6831696222559167,0.6837418966805455,0.7492243638341354,0.6826732673267327,0.6733098754037841,0.6707115019041625,0.7492243638341354,0.7288187978773196,0.7717761553127871,0.6644722408558918,0.7046819908026576
sleep_efficiency_binary,lstm,,40m,1,test,40.0,40.0,2020,2020,0.6663366336633664,0.6432238446832355,0.6447444366396374,0.6874351061375172,0.6663366336633664,0.6432238446832355,0.6447444366396374,0.6874351061375172,0.6663366336633664,0.6432238446832355,0.6447444366396374,0.6874351061375172,0.6647370839468119,0.7116590180213592,0.6221950391205954,0.6637267349728253
sleep_efficiency_binary,lstm,,40m,10,test,40.0,400.0,2020,20136,0.6721791815653556,0.664863189853637,0.6612489005979922,0.7125285570324419,0.7049504950495049,0.6966036818511437,0.6937684348899273,0.7588574971982334,0.6861386138613862,0.6873557914167051,0.6793461333151726,0.7588574971982334,0.7389632082622443,0.7811755691174797,0.6759689077302243,0.7175790242313812
sleep_efficiency_binary,lstm,,40m,12,test,40.0,480.0,2020,23767,0.6741279925947743,0.6664103955505295,0.6628117958281237,0.713964388307575,0.7113861386138614,0.7034803711516909,0.7005067170204785,0.759977173841387,0.697029702970297,0.6967417100665831,0.689625252569886,0.759977173841387,0.7401233735237449,0.7818677747826487,0.6834611785186354,0.7238675004025893
sleep_efficiency_binary,lstm,,40m,16,test,40.0,640.0,2020,27125,0.6766451612903226,0.6641107733146798,0.6610966567725701,0.7119039915619358,0.7103960396039604,0.7022113356186961,0.699361247596124,0.7594693536159273,0.699009900990099,0.6972217186366934,0.6909608255806814,0.7594693536159273,0.7395279199830422,0.7814028921192292,0.6824633487831318,0.7236238442210251
sleep_efficiency_binary,lstm,,40m,2,test,40.0,80.0,2020,4040,0.6589108910891089,0.6431960330278859,0.6427210884353741,0.6861109623244775,0.69009900990099,0.6723086558111939,0.6729934346292019,0.7170122865712967,0.6331683168316832,0.6505620014503264,0.6316661494936092,0.7170122865712967,0.693667849111827,0.739380815805489,0.6515800368899354,0.6919866848879153
sleep_efficiency_binary,lstm,,40m,20,test,40.0,800.0,2020,27848,0.678756104567653,0.6641300898667066,0.6613586400506662,0.7122218803675757,0.7108910891089109,0.7028458533851936,0.6999341711001972,0.7591670306216625,0.699009900990099,0.6972217186366934,0.6909608255806814,0.7591670306216625,0.73920436820234,0.7812402651345572,0.6829704121080381,0.7246758675273721
sleep_efficiency_binary,lstm,,40m,25,test,40.0,1000.0,2020,28030,0.6793078844095611,0.664061147314084,0.6614068635676986,0.7119805069463967,0.7108910891089109,0.7026171797745402,0.6998159729007882,0.7590835956556135,0.699009900990099,0.6972217186366934,0.6909608255806814,0.7590835956556135,0.7391647261517456,0.7811839801630561,0.6820581433829566,0.7247004865277092
sleep_efficiency_binary,lstm,,40m,3,test,40.0,120.0,2020,6060,0.6661716171617161,0.6552844891994638,0.6531771499174586,0.6993874797650179,0.7049504950495049,0.6929449040806909,0.6917511846860824,0.7430831383083921,0.6975247524752475,0.6877719361856418,0.6854989648033126,0.7430831383083921,0.7222583892927864,0.7670047897542244,0.6741217389626428,0.7136492595850391
sleep_efficiency_binary,lstm,,40m,30,test,40.0,1200.0,2020,28066,0.6794341908358869,0.6640655140054539,0.6614245243856574,0.7119717909449415,0.7108910891089109,0.7026171797745402,0.6998159729007882,0.7591000766365614,0.699009900990099,0.6972217186366934,0.6909608255806814,0.7591000766365614,0.7391846210929218,0.781189716259202,0.6820581433829566,0.7247004865277092
sleep_efficiency_binary,lstm,,40m,4,test,40.0,160.0,2020,8080,0.6659653465346534,0.657726077856154,0.6545146403205865,0.7056625560353353,0.6985148514851485,0.6913277078251697,0.6878722625264794,0.7513524704990442,0.6678217821782179,0.677370377084844,0.6640868434468038,0.7513524704990442,0.7313762954567944,0.7740157499212811,0.6709548131109349,0.7130149330122673
sleep_efficiency_binary,lstm,,40m,5,test,40.0,200.0,2020,10100,0.6691089108910891,0.660726234425473,0.6575961946719955,0.7072043312017932,0.699009900990099,0.6894468158744809,0.6871060674152722,0.7539193832816931,0.6915841584158415,0.6858745632540049,0.6816403744949027,0.7539193832816931,0.7342391282180114,0.7760503054996013,0.6698179722352686,0.710583385688145
sleep_efficiency_binary,lstm,,40m,6,test,40.0,240.0,2020,12120,0.6693894389438944,0.6620386012042103,0.6584506998422018,0.7110525807384944,0.7004950495049505,0.6938657788911595,0.6901556928979202,0.7581137929329553,0.6717821782178218,0.6806171303315973,0.6678059281781563,0.7581137929329553,0.7380429606891116,0.7795793978545925,0.6737547693126227,0.7149117433212785
sleep_efficiency_binary,lstm,,40m,8,test,40.0,320.0,2020,16151,0.67073246238623,0.6630477205601558,0.6596140975556865,0.7109699603456583,0.7054455445544554,0.6986102412815611,0.695047612813227,0.7575647702551256,0.6886138613861386,0.6909857274704991,0.682289472203642,0.7575647702551256,0.7374470651448353,0.7794115819846076,0.6789798018948572,0.7197289024137722
sleep_efficiency_binary,lstm,,40m,all,test,40.0,,2020,28067,0.6794456122848898,0.6640733408659223,0.6614320658043724,0.7119738929849657,0.7108910891089109,0.7026171797745402,0.6998159729007882,0.7591000766365614,0.699009900990099,0.6972217186366934,0.6909608255806814,0.7591000766365614,0.7391846210929218,0.781189716259202,0.6820581433829566,0.7247004865277092
sleep_efficiency_binary,lstm,,80m,1,test,80.0,80.0,2020,2020,0.694059405940594,0.6428550827345243,0.6442267354904607,0.6994806430878766,0.694059405940594,0.6428550827345243,0.6442267354904607,0.6994806430878766,0.694059405940594,0.6428550827345243,0.6442267354904607,0.6994806430878766,0.6757928153321529,0.7219159782067549,0.6228672421903029,0.6623374051578799
sleep_efficiency_binary,lstm,,80m,10,test,80.0,800.0,2020,13339,0.6943548991678536,0.6712446223191104,0.6716449408912201,0.7296631986407383,0.7321782178217822,0.7166383743160393,0.7174627231100041,0.7815981607225262,0.7133663366336633,0.7087625255455205,0.7041248424278469,0.7815981607225262,0.7629459284456267,0.8031315778197188,0.6971284916851799,0.7380074156554975
sleep_efficiency_binary,lstm,,80m,12,test,80.0,960.0,2020,13408,0.6947344868735084,0.6710987139540567,0.6715959165158496,0.7294585495517167,0.7321782178217822,0.7166383743160393,0.7174627231100041,0.7816445134814424,0.7133663366336633,0.7087625255455205,0.7041248424278469,0.7816445134814424,0.7630376423181918,0.8030425440514377,0.6971284916851799,0.7380074156554975
sleep_efficiency_binary,lstm,,80m,2,test,80.0,160.0,2020,4040,0.6767326732673268,0.6450007004416902,0.6479047683110555,0.6975384624892873,0.7049504950495049,0.6730502999538532,0.6772277057836917,0.7323107571362646,0.6613861386138614,0.6620327641901246,0.6543601730700725,0.7323107571362646,0.7100724425208256,0.7555500671408811,0.6530872522144759,0.6941501024590164
sleep_efficiency_binary,lstm,,80m,3,test,80.0,240.0,2020,6060,0.6831683168316832,0.6616722427318874,0.6632448961422855,0.7172837077262838,0.7272277227722772,0.7050337036060387,0.7081071072937557,0.7630395461137848,0.7089108910891089,0.689331449007845,0.6910257624205167,0.7630395461137848,0.7421044160941797,0.7848931527487698,0.6862284327668949,0.7273311875265225
sleep_efficiency_binary,lstm,,80m,4,test,80.0,320.0,2020,8075,0.6885448916408669,0.6692136008379663,0.6703317672301583,0.7255038917089679,0.7301980198019802,0.7113562199222098,0.7134027494488164,0.7738289232975147,0.7014851485148514,0.6997082866372206,0.6934518963394977,0.7738289232975147,0.7550695145044594,0.7949072704484229,0.6912544288034526,0.732081292643414
sleep_efficiency_binary,lstm,,80m,5,test,80.0,400.0,2020,10060,0.6893638170974155,0.6728241749964968,0.673052532665861,0.7298095896978852,0.7311881188118812,0.7139972971191246,0.7154542093896531,0.7787232596084118,0.7247524752475247,0.7119227536422967,0.7114318337613861,0.7787232596084118,0.760238151170048,0.7997299716100217,0.6938433486912791,0.7345849675192135
sleep_efficiency_binary,lstm,,80m,6,test,80.0,480.0,2020,11765,0.6894177645558861,0.6738945426009723,0.6735092003986669,0.7321125041617378,0.7341584158415841,0.7182617509394159,0.7192828999721803,0.781418930054717,0.7099009900990099,0.7066076372865713,0.7012365272241943,0.781418930054717,0.7631247182607676,0.8028491350657019,0.6987741669289965,0.7392318095334365
sleep_efficiency_binary,lstm,,80m,8,test,80.0,640.0,2020,13058,0.6926788175830908,0.671648189779338,0.6717257238946286,0.7296503415582751,0.7321782178217822,0.7166383743160393,0.7174627231100041,0.7812355791416705,0.7128712871287128,0.7083566813896763,0.7036672817922818,0.7812355791416705,0.7626728031686745,0.8029601626978876,0.6971284916851799,0.7380074156554975
sleep_efficiency_binary,lstm,,80m,all,test,80.0,,2020,13430,0.6949367088607595,0.6711179933270552,0.6716433757692779,0.7293850117253391,0.7321782178217822,0.7166383743160393,0.7174627231100041,0.7817320686927286,0.7133663366336633,0.7087625255455205,0.7041248424278469,0.7817320686927286,0.7630873024262156,0.8031442071339832,0.6971284916851799,0.7380074156554975
sleep_efficiency_binary,lstm,,120m,1,test,120.0,120.0,2020,2020,0.689108910891089,0.6852173841387039,0.680044390637611,0.7390653841716659,0.689108910891089,0.6852173841387039,0.680044390637611,0.7390653841716659,0.689108910891089,0.6852173841387039,0.680044390637611,0.7390653841716659,0.7172392833600043,0.7611863558671872,0.6647519384812156,0.7064748550694678
sleep_efficiency_binary,lstm,,120m,10,test,120.0,1200.0,2020,8709,0.6756229188196119,0.6799387855916968,0.6670181328079956,0.7451558398421032,0.7054455445544554,0.7148460676379458,0.7015424980984788,0.7946655184916606,0.6782178217821783,0.6980128057221966,0.6769205633048689,0.7946655184916606,0.7751768772831648,0.8146875879804585,0.6952195165625287,0.7360515906461178
sleep_efficiency_binary,lstm,,120m,2,test,120.0,240.0,2020,4040,0.6725247524752476,0.6743656882457644,0.6659920793007288,0.7286448976943107,0.69009900990099,0.691059891884765,0.6832044124706007,0.7622360982925704,0.6292079207920792,0.6630937273386512,0.6291816570676632,0.7622360982925704,0.7406839392619575,0.7839172498121223,0.671208249331388,0.7119286000284258
sleep_efficiency_binary,lstm,,120m,3,test,120.0,360.0,2020,6040,0.6716887417218543,0.6788417863509251,0.6671540514234224,0.7400678080222096,0.7004950495049505,0.7080435427516646,0.6960233809035227,0.7830536373524952,0.6925742574257425,0.702236057090118,0.6887813468278607,0.7830536373524952,0.7629615883219367,0.8032493993453028,0.6885951519390919,0.7298186455686659
sleep_efficiency_binary,lstm,,120m,4,test,120.0,480.0,2020,7745,0.6724338282763073,0.6800542733494523,0.6675576545480844,0.7455147593245358,0.7099009900990099,0.7184986650405432,0.7057472407278512,0.791685551124003,0.6668316831683169,0.6898217581910475,0.6660931503484695,0.791685551124003,0.7720328410652412,0.8118726549969028,0.6990999523649075,0.7394982807921454
sleep_efficiency_binary,lstm,,120m,5,test,120.0,600.0,2020,8418,0.6735566642908054,0.6796530061485573,0.6665529454384305,0.7454073298794843,0.7044554455445544,0.7138057057156042,0.7005392796046921,0.7944656865976663,0.6806930693069307,0.6993560056694574,0.679173933823991,0.7944656865976663,0.7745694840179154,0.8143203978180226,0.6938973139016817,0.7350033447546337
sleep_efficiency_binary,lstm,,120m,6,test,120.0,720.0,2020,8612,0.6742916860195076,0.6794021974930162,0.6662967933746886,0.745130697653011,0.7049504950495049,0.7142115498714483,0.7010065127294256,0.7945295503988398,0.6767326732673268,0.6965665996440108,0.6754497916108448,0.7945295503988398,0.7749729209929972,0.81459860187858,0.6947470737667424,0.7352376016637796
sleep_efficiency_binary,lstm,,120m,8,test,120.0,960.0,2020,8697,0.6752903299988502,0.6796927363527248,0.6667659119322913,0.7450293717908285,0.7054455445544554,0.7148460676379458,0.7015424980984788,0.7946140154261983,0.6782178217821783,0.6980128057221966,0.6769205633048689,0.7946140154261983,0.7751332522456172,0.8146442766062761,0.6952195165625287,0.7360515906461178
sleep_efficiency_binary,lstm,,120m,all,test,120.0,,2020,8709,0.6756229188196119,0.6799387855916968,0.6670181328079956,0.7451558398421032,0.7054455445544554,0.7148460676379458,0.7015424980984788,0.7946655184916606,0.6782178217821783,0.6980128057221966,0.6769205633048689,0.7946655184916606,0.7751768772831648,0.8146875879804585,0.6952195165625287,0.7360515906461178
sleep_efficiency_binary,lstm,,240m,1,test,240.0,240.0,2020,2020,0.7396039603960396,0.7270708352561144,0.7267571818433372,0.7830814490078449,0.7396039603960396,0.7270708352561144,0.7267571818433372,0.7830814490078449,0.7396039603960396,0.7270708352561144,0.7267571818433372,0.7830814490078449,0.7627753934663974,0.8046228413941076,0.7074553435406032,0.7476711558357906
sleep_efficiency_binary,lstm,,240m,2,test,240.0,480.0,2020,3725,0.7299328859060402,0.7229170939357095,0.7186800894854586,0.782536232414827,0.7534653465346535,0.7475814160458831,0.7441219472737983,0.8219909849034215,0.7004950495049505,0.7222213066121695,0.6994165173095601,0.8219909849034215,0.8033358063115803,0.8412302737790307,0.729505636440953,0.767345576630615
sleep_efficiency_binary,lstm,,240m,3,test,240.0,720.0,2020,3919,0.7297780045930085,0.720980716523319,0.7163726997769442,0.7815463295490725,0.751980198019802,0.7468212307996571,0.7429306696193494,0.8231353830179973,0.7044554455445544,0.7245533654163095,0.7030897193762802,0.8231353830179973,0.804684543316264,0.8422096170486418,0.7279676429369549,0.7663904928766493
sleep_efficiency_binary,lstm,,240m,4,test,240.0,960.0,2020,3946,0.730613279270147,0.7214340619884008,0.7168826023378492,0.7815172562386756,0.7524752475247525,0.7472270749555013,0.7433943089430894,0.823663804469642,0.7049504950495049,0.725187883182807,0.7036069784022467,0.823663804469642,0.8054300328018793,0.8428959018133243,0.7282106199186993,0.767113596488204
sleep_efficiency_binary,lstm,,240m,5,test,240.0,1200.0,2020,3949,0.7303114712585465,0.7210970794126444,0.7165541346331215,0.7812855194518307,0.7524752475247525,0.7472270749555013,0.7433943089430894,0.8236020007910871,0.7049504950495049,0.725187883182807,0.7036069784022467,0.8236020007910871,0.8053190987572512,0.8428351914369618,0.7282106199186993,0.767113596488204
sleep_efficiency_binary,lstm,,240m,all,test,240.0,,2020,3949,0.7303114712585465,0.7210970794126444,0.7165541346331215,0.7812855194518307,0.7524752475247525,0.7472270749555013,0.7433943089430894,0.8236020007910871,0.7049504950495049,0.725187883182807,0.7036069784022467,0.8236020007910871,0.8053190987572512,0.8428351914369618,0.7282106199186993,0.767113596488204
sleep_efficiency_binary,transformer,,30s,1,test,0.5,0.5,2020,2020,0.5826732673267326,0.5911006823126113,0.579143264935402,0.6295075482892741,0.5826732673267326,0.5911006823126113,0.579143264935402,0.6295075482892741,0.5826732673267326,0.5911006823126113,0.579143264935402,0.6295075482892741,0.6051797532595243,0.6569082511166959,0.5694487131698437,0.6131972892865859
sleep_efficiency_binary,transformer,,30s,10,test,0.5,5.0,2020,20200,0.6047029702970297,0.6226982249983519,0.6035035685920206,0.6691578373244775,0.6168316831683168,0.643800679016415,0.616696036927096,0.7073987243720747,0.599009900990099,0.6312483519019052,0.5989847417149983,0.7073987243720747,0.6838663274907725,0.7308970946700601,0.6232076374774431,0.6638532093641464
sleep_efficiency_binary,transformer,,30s,100,test,0.5,50.0,2020,202000,0.6130693069306931,0.6314458352561145,0.6118872207941546,0.6774067345408398,0.6183168316831683,0.6466189267585207,0.6182486283820435,0.7136697376227834,0.6113861386138614,0.6409371085767024,0.6113700425294548,0.7136697376227834,0.6909269560348292,0.7362963667691541,0.6276133705370767,0.6670145571518759
sleep_efficiency_binary,transformer,,30s,12,test,0.5,6.0,2020,24240,0.6110148514851486,0.6292371571955964,0.6098171323429163,0.6749279622331454,0.6193069306930693,0.646744594238249,0.6191926063480974,0.7135121382424682,0.6054455445544554,0.6374390203704925,0.6054338441072289,0.7135121382424682,0.6911000556833462,0.7373098895334893,0.6262528077639745,0.6660461556244182
sleep_efficiency_binary,transformer,,30s,120,test,0.5,60.0,2020,242400,0.6120049504950495,0.6304452130990836,0.6108414803485374,0.6775760937763238,0.6188118811881188,0.6470247709143648,0.6187386263805221,0.713457544993078,0.6133663366336634,0.6421031379787725,0.6133245456633265,0.713457544993078,0.6906856442569786,0.7365709249012408,0.6282552604609323,0.6677005836321417
sleep_efficiency_binary,transformer,,30s,16,test,0.5,8.0,2020,32320,0.6098081683168317,0.6278667893813039,0.6085873626073528,0.6764391594126745,0.6237623762376238,0.6515405596941131,0.6236557558214217,0.714958344320654,0.6044554455445544,0.6347979431735777,0.6044545731034109,0.714958344320654,0.6934860795652581,0.7379445389869824,0.6336537427176431,0.6716583805617139
sleep_efficiency_binary,transformer,,30s,160,test,0.5,80.0,2020,323200,0.6126516089108911,0.6310010728088535,0.611467155075728,0.6778003215368567,0.6202970297029703,0.6477849561605906,0.620183002690495,0.7138592689036851,0.6158415841584158,0.6448183795899531,0.6158039215686275,0.7138592689036851,0.6914356600773669,0.737170401419272,0.6296601434476058,0.6679830815893638
sleep_efficiency_binary,transformer,,30s,2,test,0.5,1.0,2020,4040,0.5787128712871287,0.5972295471026435,0.5777790058641122,0.6339518765656932,0.5811881188118811,0.6024601984310106,0.5806553566731187,0.6583533851934866,0.5316831683168317,0.5861151855758455,0.5249776275231182,0.6583533851934866,0.6346651802049714,0.6851616051032352,0.5812015084616845,0.6240360772620206
sleep_efficiency_binary,transformer,,30s,20,test,0.5,10.0,2020,40400,0.6112128712871288,0.6294414183532204,0.6100150464658821,0.6769245253477486,0.6232673267326733,0.6506773683169622,0.6231408881177907,0.7146143038433648,0.6084158415841584,0.6396454116949041,0.6084149778783454,0.7146143038433648,0.6920851676162606,0.7390178869321044,0.6315086996181927,0.6708609935594999
sleep_efficiency_binary,transformer,,30s,200,test,0.5,100.0,2020,404000,0.6123415841584159,0.6306548717779683,0.6111523679402842,0.6777713754717681,0.6173267326732673,0.644892544004219,0.6172245754246244,0.7139365235018789,0.6113861386138614,0.6402510877447425,0.6113517542356826,0.7139365235018789,0.690846222093057,0.7366259948062757,0.6259997246226457,0.666248082426166
sleep_efficiency_binary,transformer,,30s,25,test,0.5,12.5,2020,50500,0.6103564356435643,0.6285769497000462,0.6091626317334866,0.6762203877974817,0.6193069306930693,0.6469732678489024,0.6192053020718449,0.7130414002241414,0.6158415841584158,0.64390368514734,0.6157677585341366,0.7130414002241414,0.6901476659144217,0.7361428127318272,0.6278544217941466,0.6676410847683202
sleep_efficiency_binary,transformer,,30s,250,test,0.5,125.0,2020,505000,0.6124792079207921,0.6307608362449733,0.6112831869223547,0.6779509295685279,0.6168316831683168,0.6444866998483749,0.6167355007236401,0.7137974652251302,0.6133663366336634,0.6421031379787725,0.6133245456633265,0.7137974652251302,0.691070633513707,0.7367995951250352,0.625734300254157,0.6650134070969492
sleep_efficiency_binary,transformer,,30s,3,test,0.5,1.5,2020,6060,0.5942244224422443,0.6131474278682401,0.5932605599731962,0.6560127997707313,0.6118811881188119,0.6369981541301338,0.6116238189408921,0.6923835206671501,0.6024752475247525,0.6270003790625618,0.6022013978351434,0.6923835206671501,0.6690938534024372,0.7170539194698913,0.6171088946494471,0.6570797989153006
sleep_efficiency_binary,transformer,,30s,30,test,0.5,15.0,2020,60600,0.6121452145214521,0.630201946953216,0.6109088634388689,0.6756021612517488,0.6153465346534653,0.6432691673808425,0.6152672384441553,0.7122904855296988,0.6113861386138614,0.6416231294086624,0.6113814718390649,0.7122904855296988,0.6895185515816605,0.7356920142797628,0.6244887221324148,0.6633330998887388
sleep_efficiency_binary,transformer,,30s,320,test,0.5,160.0,2020,646400,0.6127691831683169,0.6309852678056398,0.6115589879317025,0.6779274286228271,0.6168316831683168,0.6447153734590283,0.6167471503860767,0.7138644192102314,0.6133663366336634,0.6423318115894259,0.6133321274625071,0.7138644192102314,0.6913125345586856,0.7369514958918642,0.6258898495481595,0.6654106290497033
sleep_efficiency_binary,transformer,,30s,4,test,0.5,2.0,2020,8080,0.5949257425742575,0.6142940577823193,0.5940325462727177,0.6599264497597898,0.6143564356435643,0.6399420693519678,0.6141293806104415,0.6981333228953788,0.5856435643564356,0.6246353582965258,0.5849762349469383,0.6981333228953788,0.6750505719431773,0.7212338107845494,0.6193767107079676,0.6598403552494179
sleep_efficiency_binary,transformer,,30s,40,test,0.5,20.0,2020,80800,0.6121163366336634,0.62994197664645,0.6108357478447259,0.6761325488686836,0.6183168316831683,0.6466189267585207,0.6182486283820435,0.712778734590283,0.6113861386138614,0.6407084349660492,0.6113647086215664,0.712778734590283,0.6896751807994487,0.7354754643494668,0.62739135807065,0.6665697051537045
sleep_efficiency_binary,transformer,,30s,400,test,0.5,200.0,2020,808000,0.6124975247524752,0.6308673219230008,0.611317842281129,0.6779690809136334,0.6173267326732673,0.6451212176148724,0.6172365857168106,0.7139653652185378,0.6158415841584158,0.6448183795899531,0.6158039215686275,0.7139653652185378,0.6912188690510049,0.7369743322485385,0.6261131994573863,0.6656462290677347
sleep_efficiency_binary,transformer,,30s,5,test,0.5,2.5,2020,10100,0.6021782178217822,0.6213601753576372,0.6012086869836948,0.6671700919638738,0.6153465346534653,0.6405250840530028,0.6150815518280279,0.7056558606368252,0.6163366336633663,0.6417941195859977,0.61609191625188,0.7056558606368252,0.6834962739532355,0.7293669918391645,0.6208756589133598,0.6613506339020954
sleep_efficiency_binary,transformer,,30s,50,test,0.5,25.0,2020,101000,0.6123960396039604,0.630724668732283,0.6112093381468755,0.6777641314111016,0.6148514851485148,0.643320670446305,0.6147971088948936,0.7140467400619686,0.6099009900990099,0.6394909024985167,0.6098872227624934,0.7140467400619686,0.6917760701600137,0.7368047983804114,0.6246895194326606,0.6635307932404811
sleep_efficiency_binary,transformer,,30s,500,test,0.5,250.0,2020,1010000,0.6125752475247525,0.6308789018722394,0.6113827321036347,0.6778355048330477,0.6168316831683168,0.6444866998483749,0.6167355007236401,0.7137645032632343,0.6148514851485148,0.6437780176676116,0.6148137254901961,0.7137645032632343,0.6908778506313951,0.7366230937967023,0.6257374848236943,0.665164989246305
sleep_efficiency_binary,transformer,,30s,6,test,0.5,3.0,2020,12120,0.6047854785478548,0.624130284901224,0.6038274650144086,0.6698909874671295,0.6232673267326733,0.6509060419276156,0.623154191717688,0.7076912617839013,0.6064356435643564,0.6407661183993671,0.6063429309765387,0.7076912617839013,0.685900056616585,0.7314327197430702,0.6308423162363629,0.669884628532124
sleep_efficiency_binary,transformer,,30s,60,test,0.5,30.0,2020,121200,0.6122442244224422,0.6304241311776211,0.6110305909532359,0.6773839012175783,0.6193069306930693,0.6474306150702089,0.6192284509183468,0.7136439860900521,0.6138613861386139,0.6436523501878831,0.6138477585720112,0.7136439860900521,0.6910387689289341,0.7368845097858467,0.6281771581844552,0.6682797878310994
sleep_efficiency_binary,transformer,,30s,8,test,0.5,4.0,2020,16160,0.6093440594059406,0.628601094337135,0.6083429828005777,0.6722703986903801,0.6178217821782178,0.64506971454941,0.6177003577256182,0.7104281346825763,0.6024752475247525,0.6361473234886941,0.6024042134770181,0.7104281346825763,0.6878785251594957,0.7339083019180453,0.6253918357259276,0.6667436572795905
sleep_efficiency_binary,transformer,,30s,80,test,0.5,40.0,2020,161600,0.6122524752475248,0.6305337983716791,0.6110578533703472,0.6770470567736318,0.6193069306930693,0.6472019414595557,0.6192172502150419,0.7132741940800316,0.6118811881188119,0.6418002999538532,0.6118716761022474,0.7132741940800316,0.6905491911527365,0.7362457047461083,0.6281861060049435,0.6685134803459609
sleep_efficiency_binary,transformer,,30s,all,test,0.5,,2020,2320712,0.6232927653237454,0.6346646963738682,0.6179897650285666,0.678441939400293,0.6173267326732673,0.6451212176148724,0.6172365857168106,0.7137964351638209,0.6138613861386139,0.6429663293559232,0.6138307227610467,0.7137964351638209,0.6912239628627038,0.7368857586840856,0.6261131994573863,0.6656462290677347
sleep_efficiency_binary,transformer,,10m,1,test,10.0,10.0,2020,2020,0.6366336633663366,0.6357950425209309,0.6289868128018417,0.6789360702749028,0.6366336633663366,0.6357950425209309,0.6289868128018417,0.6789360702749028,0.6366336633663366,0.6357950425209309,0.6289868128018417,0.6789360702749028,0.6558556294647675,0.7025536958384563,0.614566987043222,0.657304476786417
sleep_efficiency_binary,transformer,,10m,10,test,10.0,100.0,2020,20200,0.6392574257425743,0.6508203408266859,0.6362820688407103,0.6992085626936516,0.648019801980198,0.6650240622321841,0.6463452200757484,0.7366081729184522,0.6331683168316832,0.6551354736633925,0.6324548266547231,0.7366081729184522,0.714974725703809,0.7590721916056347,0.6446585203482096,0.6870668350342776
sleep_efficiency_binary,transformer,,10m,100,test,10.0,1000.0,2020,114855,0.6488267815941839,0.6536230689784435,0.640924096892413,0.7031370340010459,0.654950495049505,0.6704772068033489,0.6529068441650488,0.7402993976201462,0.6460396039603961,0.6650014008833807,0.6447649750022075,0.7402993976201462,0.7188219645076771,0.7625322769281638,0.6505813294611825,0.6916823076647061
sleep_efficiency_binary,transformer,,10m,12,test,10.0,120.0,2020,24240,0.6372937293729373,0.6490656657217571,0.6343906455862978,0.6995079397125717,0.6495049504950495,0.6655555738677567,0.6476133030561075,0.7371561655349728,0.6356435643564357,0.6578507152745732,0.6349507544953465,0.7371561655349728,0.7153272012007583,0.7594821125168477,0.6454091460159498,0.6864603088766806
sleep_efficiency_binary,transformer,,10m,120,test,10.0,1200.0,2020,115033,0.6490659202141994,0.653770858666098,0.6410769227069353,0.7031542311739181,0.654950495049505,0.6704772068033489,0.6529068441650488,0.7403066080493111,0.6460396039603961,0.6650014008833807,0.6447649750022075,0.7403066080493111,0.7188256499795612,0.7625141489352374,0.6505813294611825,0.6916823076647061
sleep_efficiency_binary,transformer,,10m,16,test,10.0,160.0,2020,32320,0.6383663366336634,0.6498782982563123,0.6353819838785308,0.7013348982968967,0.6584158415841584,0.6742328103368713,0.6564188879390163,0.7388300151625025,0.6396039603960396,0.6610974685213264,0.638788126500792,0.7388300151625025,0.7165616695388497,0.7610631593223102,0.6551728196932445,0.6956699885925304
sleep_efficiency_binary,transformer,,10m,2,test,10.0,20.0,2020,4040,0.6155940594059406,0.6267789158810733,0.6126703632871372,0.6650087400702089,0.6227722772277228,0.6349503922473465,0.620081451314328,0.6903975624629178,0.5742574257425742,0.6141575746588437,0.5733334905210872,0.6903975624629178,0.6679311759208726,0.7147036674720749,0.6133753412646507,0.6571915890578934
sleep_efficiency_binary,transformer,,10m,20,test,10.0,200.0,2020,40400,0.6403465346534654,0.6516560295668798,0.6372910862845389,0.7023086738372668,0.6574257425742575,0.672735101193223,0.6553169622205849,0.7398744973300811,0.6405940594059406,0.6616804832223614,0.6397110849056604,0.7398744973300811,0.7182989884308506,0.7619508394340329,0.6532711321439664,0.6936688755713932
sleep_efficiency_binary,transformer,,10m,25,test,10.0,250.0,2020,50500,0.6402970297029703,0.6513753378601095,0.6371742994066836,0.7021609952864395,0.6574257425742575,0.6722777539719165,0.6552081370327141,0.739659214516448,0.648019801980198,0.6659387566747973,0.6465332214029251,0.739659214516448,0.7180790764351435,0.76204065071195,0.6522376709290413,0.6937069018220308
sleep_efficiency_binary,transformer,,10m,3,test,10.0,30.0,2020,6060,0.6249174917491749,0.6371663974773112,0.6222313902463954,0.6830536831329979,0.6400990099009901,0.6548717779682247,0.6379673969985517,0.7154579240556398,0.6311881188118812,0.6459658678884568,0.6291156420336264,0.7154579240556398,0.6942809462411592,0.7389133857400332,0.6339455321022911,0.6764065144829308
sleep_efficiency_binary,transformer,,10m,30,test,10.0,300.0,2020,60582,0.6396289326862764,0.6506125086234302,0.6364805275720067,0.7016400848188232,0.651980198019802,0.6666701002043642,0.6497552459884488,0.7388480412354144,0.6420792079207921,0.661525974025974,0.640915377381106,0.7388480412354144,0.7177179638962595,0.761202553428545,0.6468496217060499,0.6875279456628176
sleep_efficiency_binary,transformer,,10m,4,test,10.0,40.0,2020,8080,0.6304455445544555,0.6441565651987606,0.628112360658972,0.6901267207174171,0.647029702970297,0.662154311424616,0.6449391390095838,0.7252517469839805,0.6198019801980198,0.6501231953325861,0.6197926623042423,0.7252517469839805,0.7037174917211986,0.7482694461681031,0.6426350746708649,0.6838156379727527
sleep_efficiency_binary,transformer,,10m,40,test,10.0,400.0,2020,80616,0.6412126624987595,0.6521745487905128,0.6380361787639859,0.7025217955967064,0.656930693069307,0.6711858889841122,0.6545697223277124,0.7398641967169887,0.6440594059405941,0.663378024260004,0.6428612704468057,0.7398641967169887,0.7183204153676874,0.7621275726445598,0.6515915396629945,0.6927176891042527
sleep_efficiency_binary,transformer,,10m,5,test,10.0,50.0,2020,10100,0.6325742574257426,0.6456844551387699,0.6300700006836792,0.695018046674138,0.652970297029703,0.668625156569319,0.650967921792284,0.7306647191640847,0.6435643564356436,0.66091411760828,0.6419889111086824,0.7306647191640847,0.7093542709250932,0.753919011902409,0.6481182061847697,0.6887343889964738
sleep_efficiency_binary,transformer,,10m,50,test,10.0,500.0,2020,98929,0.6416824187043233,0.6522937590087224,0.638217921207749,0.7031817823806146,0.656930693069307,0.671643236205419,0.6546822006146777,0.7405224058935986,0.6445544554455446,0.6633265211945415,0.6432531565488857,0.7405224058935986,0.7191109328808557,0.7627512452364755,0.6514506338444999,0.6928499879662982
sleep_efficiency_binary,transformer,,10m,6,test,10.0,60.0,2020,12120,0.6335808580858086,0.646212395895137,0.6309412588915777,0.6973711490585698,0.6544554455445545,0.6705287098688113,0.6525394908696616,0.7334881172127364,0.6287128712871287,0.6537696123673281,0.6283850078492935,0.7334881172127364,0.7121124497577174,0.755329301388178,0.6510023629582181,0.6903242681589354
sleep_efficiency_binary,transformer,,10m,60,test,10.0,600.0,2020,108365,0.6435934111567388,0.6519151229914879,0.6383965676500252,0.7017828776669663,0.655940594059406,0.6712888951150373,0.6538495583185457,0.7401999967038039,0.6465346534653466,0.665635918649878,0.6452828332513527,0.7401999967038039,0.7188226840750577,0.7624647559028577,0.6515421766459706,0.6922010199297579
sleep_efficiency_binary,transformer,,10m,8,test,10.0,80.0,2020,16160,0.638490099009901,0.6504085223152483,0.6356208442215379,0.7005870898810898,0.6534653465346535,0.6690310007251632,0.6514394515323353,0.7383129243852593,0.6351485148514852,0.6576735447293823,0.6345013410914091,0.7383129243852593,0.7168108570223168,0.7603777282308928,0.6492357570442967,0.6899054481536143
sleep_efficiency_binary,transformer,,10m,80,test,10.0,800.0,2020,114034,0.6480874125260887,0.6534667222329099,0.6405826082857209,0.7031378146676667,0.654950495049505,0.6704772068033489,0.6529068441650488,0.740256135045158,0.6460396039603961,0.6650014008833807,0.6447649750022075,0.740256135045158,0.7187795622695774,0.7624632076141109,0.6505813294611825,0.6916823076647061
sleep_efficiency_binary,transformer,,10m,all,test,10.0,,2020,115042,0.6490759896385668,0.653781033620118,0.6410837388578035,0.7031590131919808,0.654950495049505,0.6704772068033489,0.6529068441650488,0.7403076381106204,0.6460396039603961,0.6650014008833807,0.6447649750022075,0.7403076381106204,0.7188256499795612,0.7625141489352374,0.6505813294611825,0.6916823076647061
sleep_efficiency_binary,transformer,,40m,1,test,40.0,40.0,2020,2020,0.6678217821782179,0.6494721965851407,0.6499025842614496,0.695711648757334,0.6678217821782179,0.6494721965851407,0.6499025842614496,0.695711648757334,0.6678217821782179,0.6494721965851407,0.6499025842614496,0.695711648757334,0.6733991385292032,0.721224968725621,0.6292905005431939,0.6711618763761545
sleep_efficiency_binary,transformer,,40m,10,test,40.0,400.0,2020,20136,0.6691497814858959,0.673781599880186,0.6636969708517054,0.7291655320059345,0.696039603960396,0.7053056397916804,0.6921171994153533,0.7733020469378337,0.6742574257425743,0.6901925802623772,0.6722008483772319,0.7733020469378337,0.7539566995739738,0.7950311468930075,0.6859456571875584,0.7269506522885896
sleep_efficiency_binary,transformer,,40m,12,test,40.0,480.0,2020,23767,0.6691210501956494,0.6737673535173719,0.6634880205467532,0.7296852885475955,0.69009900990099,0.7004355099215506,0.6865145631453062,0.7737861757531808,0.6712871287128713,0.6856994528314325,0.6688864663317218,0.7737861757531808,0.7537866294273516,0.7951078444601449,0.68101581923849,0.7210684839139452
sleep_efficiency_binary,transformer,,40m,16,test,40.0,640.0,2020,27125,0.6713732718894009,0.6723151909745577,0.6625876070936327,0.7279770255997235,0.691089108910891,0.7007898510119321,0.6873123968647887,0.7733587003098423,0.6782178217821783,0.6911525974025974,0.675406224289602,0.7733587003098423,0.7541200306978544,0.7951949541270762,0.6816527381545849,0.721403281033565
sleep_efficiency_binary,transformer,,40m,2,test,40.0,80.0,2020,4040,0.6554455445544555,0.6460719642033094,0.6432825857445479,0.6916143223844684,0.6826732673267327,0.6735385490144373,0.6708400795076201,0.7191949864855955,0.6153465346534653,0.6384670215571231,0.6148707389950185,0.7191949864855955,0.6960701788385121,0.7427569767251951,0.6532081160952669,0.6952567714465386
sleep_efficiency_binary,transformer,,40m,20,test,40.0,800.0,2020,27848,0.6743751795461075,0.6734228961861295,0.6640416489183385,0.7287068420192531,0.6905940594059405,0.700384006856088,0.6868457090668896,0.7734369849693454,0.6787128712871288,0.6915584415584415,0.6758753908530195,0.7734369849693454,0.7539028606805329,0.7950264952416464,0.6814080568042953,0.7209943482668015
sleep_efficiency_binary,transformer,,40m,25,test,40.0,1000.0,2020,28030,0.6747770246164824,0.6733091873183956,0.664053117080718,0.7285538050550194,0.6905940594059405,0.700384006856088,0.6868457090668896,0.7733710610455535,0.6787128712871288,0.6915584415584415,0.6758753908530195,0.7733710610455535,0.7537781748017923,0.7950157308959014,0.6814080568042953,0.7209943482668015
sleep_efficiency_binary,transformer,,40m,3,test,40.0,120.0,2020,6060,0.6585808580858086,0.6566839991649636,0.6504002548943488,0.7090227877029908,0.692079207920792,0.6929119421187949,0.6851343223736969,0.749292347880546,0.6801980198019802,0.6797415782187355,0.6726869210216606,0.749292347880546,0.7287407554089254,0.7731506943428541,0.6725665279829751,0.7149343340588438
sleep_efficiency_binary,transformer,,40m,30,test,40.0,1200.0,2020,28066,0.6749804033349961,0.6734487919729841,0.6641854766335664,0.7285724389433252,0.6905940594059405,0.700384006856088,0.6868457090668896,0.7733916622717384,0.6787128712871288,0.6915584415584415,0.6758753908530195,0.7733916622717384,0.7538195958262744,0.7950753260707653,0.6814080568042953,0.7209943482668015
sleep_efficiency_binary,transformer,,40m,4,test,40.0,160.0,2020,8080,0.6629950495049505,0.6651811465818446,0.6566193515739464,0.7195483940829157,0.6935643564356435,0.6989316204100469,0.6883616518193276,0.7614429510844486,0.6633663366336634,0.6830933977190323,0.6621339087092513,0.7614429510844486,0.7419553672040717,0.7826879522695198,0.6791399034464612,0.7196001816323198
sleep_efficiency_binary,transformer,,40m,5,test,40.0,200.0,2020,10100,0.6650495049504951,0.6678258289933416,0.6589104106131358,0.7210646301667876,0.6886138613861386,0.6967025677368317,0.684341674585577,0.7648751153668666,0.6861386138613862,0.6949020205682642,0.6820884436959838,0.7648751153668666,0.7445923114494769,0.7872226822115228,0.6768158050613798,0.7178759033885044
sleep_efficiency_binary,transformer,,40m,6,test,40.0,240.0,2020,12120,0.6679042904290429,0.6727883210275343,0.6625762163052527,0.7249187081337304,0.69009900990099,0.6995208154789373,0.6862407647813125,0.7686245385325334,0.6712871287128713,0.6914162930977652,0.6700836990925629,0.7686245385325334,0.7488690998088562,0.7897961719939235,0.6805145303964607,0.7193492530113075
sleep_efficiency_binary,transformer,,40m,8,test,40.0,320.0,2020,16151,0.6660268714011516,0.6692605456218288,0.6600644967751612,0.7260754769880746,0.6896039603960396,0.6977429296591733,0.6853453576552573,0.7703323801832684,0.6668316831683169,0.6836475707034082,0.6650090347959772,0.7703323801832684,0.7507240708479154,0.79168668106907,0.6776685258445145,0.7184415415670061
sleep_efficiency_binary,transformer,,40m,all,test,40.0,,2020,28067,0.6749919834681298,0.6734578762055794,0.6641938030920795,0.7285821814888012,0.6905940594059405,0.700384006856088,0.6868457090668896,0.7733957825169754,0.6787128712871288,0.6915584415584415,0.6758753908530195,0.7733957825169754,0.7538247378467725,0.7950757111304495,0.6814080568042953,0.7209943482668015
sleep_efficiency_binary,transformer,,80m,1,test,80.0,80.0,2020,2020,0.6742574257425743,0.6520040872832751,0.653536525731135,0.7113675505966115,0.6742574257425743,0.6520040872832751,0.653536525731135,0.7113675505966115,0.6742574257425743,0.6520040872832751,0.653536525731135,0.7113675505966115,0.6880371273279113,0.7352735517213798,0.6316936275791094,0.6733144159723412
sleep_efficiency_binary,transformer,,80m,10,test,80.0,800.0,2020,13339,0.6899317789939275,0.6832790867001663,0.6766748760735875,0.7419208175038694,0.7237623762376237,0.7207153569780473,0.7153130253459201,0.7934304749818708,0.699009900990099,0.7063686630628254,0.6944787461528741,0.7934304749818708,0.7745598628506049,0.8145303966973341,0.7015707226496489,0.7419434277051825
sleep_efficiency_binary,transformer,,80m,12,test,80.0,960.0,2020,13408,0.6904087112171837,0.683273765884653,0.6768030245183074,0.7417997030219026,0.7232673267326732,0.7200808392115499,0.7147526182874295,0.7934521062693651,0.6995049504950495,0.7070031808293229,0.6950184995180797,0.7934521062693651,0.7747313884198469,0.8145950351619385,0.7012660272061909,0.7413258956725367
sleep_efficiency_binary,transformer,,80m,2,test,80.0,160.0,2020,4040,0.6715346534653466,0.6581185312149779,0.6570234390688936,0.7095791066484278,0.7099009900990099,0.691515178983453,0.6928453401089412,0.7412547794844749,0.6450495049504951,0.663961038961039,0.6437713105966192,0.7412547794844749,0.7191972219473537,0.7638593306069965,0.6708373621646122,0.7140173028094482
sleep_efficiency_binary,transformer,,80m,3,test,80.0,240.0,2020,6060,0.6777227722772278,0.6713094963412223,0.6673320767193927,0.7295772605496591,0.7138613861386138,0.7043662238776451,0.7021834506682991,0.774795635836245,0.7049504950495049,0.6988904179576769,0.6949354912929209,0.774795635836245,0.7546374207265134,0.7966071549038695,0.6848671551576738,0.7268677735053694
sleep_efficiency_binary,transformer,,80m,4,test,80.0,320.0,2020,8075,0.6840866873065016,0.6808331318991218,0.6753048187715146,0.7374417210539038,0.7252475247524752,0.7187314588964335,0.7152225980813152,0.7852177961632276,0.6821782178217822,0.6962287395345771,0.6796343873517786,0.7852177961632276,0.7657970731557252,0.805344368156445,0.6995667163315428,0.738872643062914
sleep_efficiency_binary,transformer,,80m,5,test,80.0,400.0,2020,10060,0.6852882703777335,0.6827996770722502,0.6768247522232049,0.741547252320311,0.7198019801980198,0.7154105412354144,0.7107156556440455,0.7896779616322763,0.7089108910891089,0.7087687059133759,0.7016086243488328,0.7896779616322763,0.7703256097272053,0.8101008366726296,0.6961357073398299,0.7361077177145575
sleep_efficiency_binary,transformer,,80m,6,test,80.0,480.0,2020,11765,0.6862728431789206,0.6845236877465533,0.6778168474221065,0.7430273996391009,0.7222772277227723,0.7190404772892083,0.7137320552043791,0.7920347419078383,0.6915841584158415,0.7011956951677764,0.6877790323248909,0.7920347419078383,0.7731120627835998,0.8133775497587822,0.6997766135241714,0.7412360493596395
sleep_efficiency_binary,transformer,,80m,8,test,80.0,640.0,2020,13058,0.6885434216572216,0.6833742703995394,0.6765446442467351,0.7419831582158644,0.7227722772277227,0.7194463214450524,0.7141918694257056,0.7932399136396598,0.697029702970297,0.7049739600501022,0.6926916575519539,0.7932399136396598,0.7744091774367465,0.8144112520620951,0.7001901357646295,0.7410536403767143
sleep_efficiency_binary,transformer,,80m,all,test,80.0,,2020,13430,0.6905435591958302,0.683258011902566,0.6768147893324147,0.7418076224888177,0.7232673267326732,0.7200808392115499,0.7147526182874295,0.7935283308062496,0.6995049504950495,0.7070031808293229,0.6950184995180797,0.7935283308062496,0.7747190360237305,0.8145941861392526,0.7012660272061909,0.7413258956725367
sleep_efficiency_binary,transformer,,120m,1,test,120.0,120.0,2020,2020,0.69009900990099,0.679854884962753,0.6777130297197664,0.7456984639725757,0.69009900990099,0.679854884962753,0.6777130297197664,0.7456984639725757,0.69009900990099,0.679854884962753,0.6777130297197664,0.7456984639725757,0.7232469625447744,0.7687298775047731,0.6580252460087858,0.701144419986627
sleep_efficiency_binary,transformer,,120m,10,test,120.0,1200.0,2020,8709,0.6921575381788954,0.6913187070620649,0.6814319993687807,0.7596917437505339,0.7188118811881188,0.720544366800712,0.712295736392122,0.801993374645659,0.6896039603960396,0.7046031379787725,0.6872566994462656,0.801993374645659,0.7833432923100897,0.8219676722126019,0.7008621678486224,0.7417685792516474
sleep_efficiency_binary,transformer,,120m,2,test,120.0,240.0,2020,4040,0.6801980198019802,0.6767688212802426,0.6713193571267368,0.7410969225888324,0.7113861386138614,0.7039377183729976,0.7007399042345331,0.7690757053859846,0.6425742574257426,0.6694780473333772,0.6423551337698326,0.7690757053859846,0.7482630855504049,0.7901601400516115,0.6835051066582587,0.7264878024258873
sleep_efficiency_binary,transformer,,120m,3,test,120.0,360.0,2020,6040,0.6849337748344371,0.6873279855623087,0.6786137284637586,0.7543071585657429,0.7217821782178218,0.7218360636825103,0.7146204122674711,0.7917916474388554,0.7084158415841584,0.712250313138638,0.7026619673572432,0.7917916474388554,0.772974667352161,0.8115245078321893,0.7025479488570848,0.7421543889923079
sleep_efficiency_binary,transformer,,120m,4,test,120.0,480.0,2020,7745,0.6876694641704325,0.6912291744251591,0.6812871551076249,0.7589992416835525,0.7262376237623762,0.7270893763596809,0.719414494464574,0.7986291944096513,0.6866336633663367,0.7049121563715472,0.685010623556582,0.7986291944096513,0.7796176187170556,0.8192531668612061,0.7078801985384053,0.7481340439637928
sleep_efficiency_binary,transformer,,120m,5,test,120.0,600.0,2020,8418,0.689831313851271,0.6911024069410807,0.6809172935441689,0.7590107419194861,0.7202970297029703,0.7217618992682444,0.7136837013951554,0.8013341354077395,0.6905940594059405,0.7051861526798076,0.6881452460120261,0.8013341354077395,0.7831581103728485,0.8215202159319706,0.7021018147746787,0.7432128664117514
sleep_efficiency_binary,transformer,,120m,6,test,120.0,720.0,2020,8612,0.6915931258708778,0.691311430166468,0.6814055318435794,0.7595877198600363,0.7193069306930693,0.7211788845672095,0.7128459649033958,0.8017935427516645,0.691089108910891,0.7062780176676116,0.6887798990845713,0.8017935427516645,0.7831145693061331,0.821769559230598,0.7012841483762595,0.7423385975727399
sleep_efficiency_binary,transformer,,120m,8,test,120.0,960.0,2020,8697,0.691962745774405,0.6911897106838896,0.6813109596702129,0.7596873021743521,0.7188118811881188,0.720544366800712,0.712295736392122,0.8019727734194739,0.6896039603960396,0.7046031379787725,0.6872566994462656,0.8019727734194739,0.7833314218223099,0.8219387232268033,0.7008621678486224,0.7417685792516474
sleep_efficiency_binary,transformer,,120m,all,test,120.0,,2020,8709,0.6921575381788954,0.6913187070620649,0.6814319993687807,0.7596917437505339,0.7188118811881188,0.720544366800712,0.712295736392122,0.801993374645659,0.6896039603960396,0.7046031379787725,0.6872566994462656,0.801993374645659,0.7833432923100897,0.8219676722126019,0.7008621678486224,0.7417685792516474
sleep_efficiency_binary,transformer,,240m,1,test,240.0,240.0,2020,2020,0.7252475247524752,0.7274210561012592,0.7189232989795142,0.8007614213197969,0.7252475247524752,0.7274210561012592,0.7189232989795142,0.8007614213197969,0.7252475247524752,0.7274210561012592,0.7189232989795142,0.8007614213197969,0.7810065948536735,0.8206217560993296,0.7083420309178254,0.7465603268032622
sleep_efficiency_binary,transformer,,240m,2,test,240.0,480.0,2020,3725,0.7130201342281879,0.7215394564649469,0.7077974945150001,0.7997567007993593,0.7430693069306931,0.752779105412354,0.7392332804775674,0.8382906750609798,0.6727722772277228,0.7097843463642957,0.6727221476674572,0.8382906750609798,0.8210655876509749,0.8562850911983416,0.7350406426375644,0.7723991968850354
sleep_efficiency_binary,transformer,,240m,3,test,240.0,720.0,2020,3919,0.7147231436590967,0.7229255400865207,0.7080844650776053,0.8005311806314721,0.7430693069306931,0.7532364526336608,0.7393593098906377,0.8412036884435362,0.6792079207920793,0.7143742995583098,0.6792050905262373,0.8412036884435362,0.8242773161927951,0.8591139919519043,0.7353513256089973,0.7725883282198881
sleep_efficiency_binary,transformer,,240m,4,test,240.0,960.0,2020,3946,0.7146477445514445,0.722706627315757,0.7078017374606244,0.80035523549123,0.7430693069306931,0.7532364526336608,0.7393593098906377,0.841467384138704,0.6797029702970298,0.7152374909354605,0.679696611956075,0.841467384138704,0.8246354711380743,0.8594977571472247,0.7353513256089973,0.7725883282198881
sleep_efficiency_binary,transformer,,240m,5,test,240.0,1200.0,2020,3949,0.7146112939984807,0.7225746611674118,0.7077286188385187,0.8002381912829674,0.7430693069306931,0.7532364526336608,0.7393593098906377,0.8414364822994265,0.6797029702970298,0.7150088173248073,0.6796991239234076,0.8414364822994265,0.8245940670091221,0.8593770598614475,0.7353513256089973,0.7725883282198881
sleep_efficiency_binary,transformer,,240m,all,test,240.0,,2020,3949,0.7146112939984807,0.7225746611674118,0.7077286188385187,0.8002381912829674,0.7430693069306931,0.7532364526336608,0.7393593098906377,0.8414364822994265,0.6797029702970298,0.7150088173248073,0.6796991239234076,0.8414364822994265,0.8245940670091221,0.8593770598614475,0.7353513256089973,0.7725883282198881
