task,head,run_tag,context_length,k,split,context_length_min,total_compute_min,n_subjects,n_segments,seg_accuracy,seg_balanced_accuracy,seg_macro_f1,seg_auroc,mean_prob_accuracy,mean_prob_balanced_accuracy,mean_prob_macro_f1,mean_prob_auroc,majority_accuracy,majority_balanced_accuracy,majority_macro_f1,majority_auroc,mean_prob_auroc_ci_lo,mean_prob_auroc_ci_hi,mean_prob_bal_acc_ci_lo,mean_prob_bal_acc_ci_hi
age_class,lstm,,30s,1,test,0.5,0.5,1861,1861,0.6055883933369156,0.5347573698082374,0.5251610933822245,0.7760187214709395,0.6055883933369156,0.5347573698082374,0.5251610933822245,0.7760187214709395,0.6055883933369156,0.5347573698082374,0.5251610933822245,0.7760187214709395,,,,
age_class,lstm,,30s,10,test,0.5,5.0,1861,18610,0.615045674368619,0.5458819019651115,0.5371225842330173,0.7783366733535108,0.6410531972058033,0.5703513355212786,0.5597102754134388,0.8133719168379491,0.6174099946265449,0.5644222155416895,0.547116726830324,0.8133719168379491,,,,
age_class,lstm,,30s,100,test,0.5,50.0,1861,186100,0.6151638903815153,0.5453235851388264,0.537408846121342,0.7776401896348029,0.6372917786136486,0.5671878935155863,0.5557057809497464,0.8148659623273634,0.6254701773240193,0.5636525330034227,0.5498682893419735,0.8148659623273634,,,,
age_class,lstm,,30s,12,test,0.5,6.0,1861,22332,0.61472326706072,0.5444303417287721,0.5361007242825593,0.7771596162813591,0.6367544331004836,0.568613107987623,0.557013051006778,0.8146088221174193,0.6238581407845244,0.570024323964322,0.5530063718684035,0.8146088221174193,,,,
age_class,lstm,,30s,120,test,0.5,60.0,1861,223320,0.615869604155472,0.5460098341953761,0.5381245815934944,0.7776728394822685,0.6324556689951639,0.5649657874538656,0.5533218503788092,0.8144373799502146,0.630843632455669,0.568529865837303,0.5540400972317371,0.8144373799502146,,,,
age_class,lstm,,30s,16,test,0.5,8.0,1861,29776,0.6153949489521763,0.5458699702037136,0.5382019279698055,0.7774330149417432,0.6389038151531434,0.5692951672097636,0.558883230484747,0.8132954251075927,0.6190220311660397,0.5624490479916703,0.5478279112387759,0.8132954251075927,,,,
age_class,lstm,,30s,160,test,0.5,80.0,1861,297760,0.6163151531434713,0.5462227824055891,0.5385073984724283,0.778165362444588,0.6324556689951639,0.5638801133318182,0.5523703085877921,0.8151665141121572,0.629768941429339,0.5679362178705473,0.5533467974980645,0.8151665141121572,,,,
age_class,lstm,,30s,2,test,0.5,1.0,1861,3722,0.5961848468565287,0.5374528876587946,0.524027871533058,0.7657562591030344,0.6088124664159055,0.5508198580631926,0.5388604944377938,0.7894446881364495,0.554540569586244,0.5488232870407285,0.507897811831819,0.7894446881364495,,,,
age_class,lstm,,30s,20,test,0.5,10.0,1861,37220,0.6146963997850617,0.5453548751008981,0.5372364218919752,0.776465887914258,0.6329930145083289,0.5648133016485635,0.5527547328617172,0.8137239489636817,0.6227834497581946,0.5637593239199515,0.5487388560982004,0.8137239489636817,,,,
age_class,lstm,,30s,200,test,0.5,100.0,1861,372200,0.6146963997850617,0.5448415022181553,0.5370880624494286,0.7777964903322886,0.6329930145083289,0.5635405729818288,0.5524501834307239,0.8147873531514925,0.6286942504030091,0.5660698412370571,0.5521788475368572,0.8147873531514925,,,,
age_class,lstm,,30s,25,test,0.5,12.5,1861,46525,0.6153465878559914,0.5447102163936027,0.5368471012625893,0.778256656519562,0.630843632455669,0.564075315503732,0.5527356303721477,0.8150690949593749,0.6238581407845244,0.5638477351753365,0.5500013023545444,0.8150690949593749,,,,
age_class,lstm,,30s,250,test,0.5,125.0,1861,465250,0.6155378828586782,0.5452855908083678,0.5375938739474865,0.7780583234976065,0.6340677055346587,0.5658562594039992,0.554565400823407,0.8149445838701971,0.631918323481999,0.5702091879261061,0.5558948813290968,0.8149445838701971,,,,
age_class,lstm,,30s,3,test,0.5,1.5,1861,5583,0.6057675085079707,0.5396360996975408,0.5289436124704697,0.7722682495219052,0.629768941429339,0.5617596290815617,0.5506177523153123,0.8034645652558625,0.6200967221923697,0.5605724393242624,0.5447948919089859,0.8034645652558625,,,,
age_class,lstm,,30s,30,test,0.5,15.0,1861,55830,0.6143650367186101,0.5447017276613241,0.5369440625429988,0.7777755215487693,0.6292315959161741,0.5615939327201803,0.5508374096073646,0.8146337357811323,0.6238581407845244,0.5657568281754383,0.5509410319997982,0.8146337357811323,,,,
age_class,lstm,,30s,320,test,0.5,160.0,1861,595520,0.6153999865663622,0.5450691632963544,0.5374775355038243,0.777790342665094,0.631918323481999,0.5623105606817058,0.5517208795328185,0.8146889343483794,0.6281569048898442,0.5671768735424102,0.5533419496579414,0.8146889343483794,,,,
age_class,lstm,,30s,4,test,0.5,2.0,1861,7444,0.6082751209027405,0.5417778429401682,0.5320964169135517,0.7732076620687051,0.6292315959161741,0.561406878175493,0.5516795150475108,0.8066477287422069,0.6012896292315959,0.5591486274958702,0.5385784272625216,0.8066477287422069,,,,
age_class,lstm,,30s,40,test,0.5,20.0,1861,74440,0.6153009134873724,0.5456392420998918,0.5378038836572366,0.7778736684790483,0.6389038151531434,0.5717094969212363,0.5591469311060305,0.8146091039769053,0.6281569048898442,0.5676821102537811,0.552541003540199,0.8146091039769053,,,,
age_class,lstm,,30s,400,test,0.5,200.0,1861,744400,0.6153882321332617,0.5453662952745707,0.5376497898805424,0.7781059053712074,0.6340677055346587,0.5647705852819518,0.553394458229774,0.8151696118892654,0.6335303600214938,0.5700139857541923,0.5557618745066838,0.8151696118892654,,,,
age_class,lstm,,30s,5,test,0.5,2.5,1861,9305,0.6073078989790435,0.5392006375222129,0.5309205744604629,0.7740154539487379,0.6238581407845244,0.5567165998862998,0.5468503033779678,0.8077602651432688,0.6131112305212252,0.552820340840841,0.5409045305169787,0.8077602651432688,,,,
age_class,lstm,,30s,50,test,0.5,25.0,1861,93050,0.6161848468565287,0.5449778783538467,0.5375263956347094,0.7779604565744286,0.6394411606663084,0.5683751894490977,0.5572861637205692,0.814390176296023,0.6281569048898442,0.5664093815870465,0.5520742641374867,0.814390176296023,,,,
age_class,lstm,,30s,500,test,0.5,250.0,1861,930500,0.6151939817302525,0.5452902156988749,0.5375461307576376,0.7779817360962946,0.6346050510478237,0.5650674092653296,0.553736000548636,0.814790598625133,0.630306286942504,0.5683641694759216,0.5544991512758474,0.814790598625133,,,,
age_class,lstm,,30s,6,test,0.5,3.0,1861,11166,0.6109618484685653,0.5422871679013918,0.53399323658869,0.7755830275555894,0.6372917786136486,0.5692281141376845,0.5572653021581717,0.8112484292876457,0.6072004298764105,0.5584643776908266,0.5406161769012106,0.8112484292876457,,,,
age_class,lstm,,30s,60,test,0.5,30.0,1861,111660,0.6166218878739029,0.5461583559490527,0.5385287891446661,0.778429839908112,0.6399785061794734,0.5691213232211556,0.558536177306042,0.8155778728125531,0.6286942504030091,0.5667062055704243,0.5526391809848518,0.8155778728125531,,,,
age_class,lstm,,30s,8,test,0.5,4.0,1861,14888,0.6137157442235357,0.544020512260659,0.5361004760760832,0.7775206927351359,0.6378291241268136,0.5678028996656478,0.5563935208938244,0.8126358589860122,0.6163353036002149,0.5611519826194682,0.5444974225841387,0.8126358589860122,,,,
age_class,lstm,,30s,80,test,0.5,40.0,1861,148880,0.6156837721655024,0.5455950025237527,0.5378772024851329,0.7780012181612088,0.6405158516926384,0.5696052017492207,0.558016129365193,0.8154619746630893,0.6281569048898442,0.5668586913757265,0.5530041266135247,0.8154619746630893,,,,
age_class,lstm,,30s,all,test,0.5,,1861,2092285,0.6375488998869657,0.5539953985075696,0.5454632765306926,0.7935222808307993,0.6324556689951639,0.5629255668317673,0.5519773607569226,0.8150309623710283,0.6324556689951639,0.5687839734540693,0.5548315035836705,0.8150309623710283,,,,
age_class,lstm,,10m,1,test,10.0,10.0,1861,1861,0.6394411606663084,0.5892478736425287,0.5678778210532857,0.8084146002030567,0.6394411606663084,0.5892478736425287,0.5678778210532857,0.8084146002030567,0.6394411606663084,0.5892478736425287,0.5678778210532857,0.8084146002030567,,,,
age_class,lstm,,10m,10,test,10.0,100.0,1861,18610,0.639065018807093,0.6009564761130011,0.5693455060717494,0.8098342987884491,0.6883396023643202,0.644953072461286,0.6177987987211863,0.8396946286711858,0.6652337452982268,0.6393959771643803,0.6053385221878997,0.8396946286711858,,,,
age_class,lstm,,10m,100,test,10.0,1000.0,1861,103691,0.6635098513853661,0.6113065471742206,0.5788063979105379,0.8245201692894186,0.6883396023643202,0.6497450787381553,0.6210689210957231,0.8411926352194935,0.6786673831273509,0.6483515606595541,0.6154961568550553,0.8411926352194935,,,,
age_class,lstm,,10m,12,test,10.0,120.0,1861,22332,0.6381425756761597,0.6006805830933807,0.5680120339672929,0.8094614845069795,0.6888769478774852,0.6516328135549515,0.6234814049411693,0.8399200103807493,0.6700698549167114,0.6464660164256611,0.6098354047298264,0.8399200103807493,,,,
age_class,lstm,,10m,16,test,10.0,160.0,1861,29776,0.640918860827512,0.603272529541631,0.5713474825802601,0.8111302150849626,0.6851155292853305,0.6468784607158409,0.618480270901337,0.8406983847695798,0.6759806555615261,0.6525387928202796,0.6168706709712525,0.8406983847695798,,,,
age_class,lstm,,10m,2,test,10.0,20.0,1861,3722,0.6155292853304675,0.5779955366202761,0.549392035919952,0.7957708976905301,0.6593229446534121,0.6261727917041106,0.5978049154349266,0.8166663994650573,0.569048898441698,0.5907383082499297,0.5283046629283888,0.8166663994650573,,,,
age_class,lstm,,10m,20,test,10.0,200.0,1861,37220,0.6403009134873724,0.6025142669535078,0.5703828189644727,0.8103515457243633,0.6931757119828049,0.6575826099548,0.628225632909681,0.8412955076999428,0.6738312735088662,0.6523812440861246,0.6155768445592525,0.8412955076999428,,,,
age_class,lstm,,10m,25,test,10.0,250.0,1861,46525,0.6425362708221386,0.6032198707506911,0.5716354718707554,0.8106369847748898,0.6872649113379903,0.6497877951047669,0.620932792417586,0.8415273582438543,0.6797420741536808,0.6523892855371392,0.6197032405028782,0.8415273582438543,,,,
age_class,lstm,,10m,3,test,10.0,30.0,1861,5583,0.6286942504030091,0.5912794287955236,0.5607045978594078,0.8011231239831403,0.6765180010746911,0.6403320378270749,0.6128541207799106,0.8267656404450457,0.645889306824288,0.6118833120746204,0.5765656708637962,0.8267656404450457,,,,
age_class,lstm,,10m,30,test,10.0,300.0,1861,55820,0.6419742027946972,0.6043298629002484,0.5723111727812245,0.8103973560209746,0.6942504030091349,0.6578580757548721,0.6287315982280849,0.8413877069268434,0.6802794196668458,0.6522367997318369,0.6186412547795949,0.8413877069268434,,,,
age_class,lstm,,10m,4,test,10.0,40.0,1861,7444,0.6343363782912412,0.596428586237359,0.5656948919430375,0.8074301041604924,0.6727565824825362,0.6353347035205864,0.607779307682294,0.8370025410048334,0.6437399247716281,0.6339618618622445,0.5919950665516172,0.8370025410048334,,,,
age_class,lstm,,10m,40,test,10.0,400.0,1861,74330,0.6425131171801426,0.6037598877672242,0.5721884353669631,0.8110046327255036,0.6872649113379903,0.6527266353042255,0.6225345408670647,0.8413567886388007,0.6786673831273509,0.6480333784928703,0.6152652072996946,0.8413567886388007,,,,
age_class,lstm,,10m,5,test,10.0,50.0,1861,9305,0.6362170875873187,0.5955984897137939,0.565673821074396,0.806534272546307,0.6808167651800108,0.6437363768934543,0.6168178352746144,0.8351203812022687,0.661472326706072,0.6234859747147273,0.5932881325495324,0.8351203812022687,,,,
age_class,lstm,,10m,50,test,10.0,500.0,1861,91332,0.6444291157535147,0.6044572963693052,0.572359736841457,0.8115041903015235,0.6878022568511553,0.6508521110435085,0.6217878394753183,0.8410327445514478,0.6792047286405158,0.648199074854252,0.6159321053983758,0.8410327445514478,,,,
age_class,lstm,,10m,6,test,10.0,60.0,1861,11166,0.6372022210281211,0.600746081242774,0.5687544274920076,0.8109234835896078,0.6792047286405158,0.6412549941099026,0.6126940593370584,0.83957285579509,0.661472326706072,0.6419790879356083,0.6028221902249872,0.83957285579509,,,,
age_class,lstm,,10m,60,test,10.0,600.0,1861,99487,0.6542663865630686,0.6078757725363677,0.5757948139088173,0.8180652108664171,0.6888769478774852,0.650360084888217,0.6216111165728075,0.8413179647212363,0.6781300376141859,0.6480547366761763,0.615146248313399,0.8413179647212363,,,,
age_class,lstm,,10m,8,test,10.0,80.0,1861,14888,0.6353439011284255,0.5941704277633941,0.5635330692380051,0.8057458185471992,0.6818914562063407,0.638265289916606,0.6120885184290895,0.8364009606151667,0.6593229446534121,0.6322375266477146,0.5976036583486687,0.8364009606151667,,,,
age_class,lstm,,10m,80,test,10.0,800.0,1861,103504,0.6629598856082857,0.6110758203165476,0.5786155542218078,0.8241241720206472,0.6883396023643202,0.6497450787381553,0.6210689210957231,0.841193841821052,0.6786673831273509,0.6483515606595541,0.6154961568550553,0.841193841821052,,,,
age_class,lstm,,10m,all,test,10.0,,1861,103703,0.6635487883667782,0.6113228169519559,0.5788201025600711,0.8245479242790162,0.6883396023643202,0.6497450787381553,0.6210689210957231,0.8411926352194935,0.6786673831273509,0.6483515606595541,0.6154961568550553,0.8411926352194935,,,,
age_class,lstm,,40m,1,test,40.0,40.0,1861,1861,0.661472326706072,0.6030644947171299,0.5878345477872371,0.811711031223549,0.661472326706072,0.6030644947171299,0.5878345477872371,0.811711031223549,0.661472326706072,0.6030644947171299,0.5878345477872371,0.811711031223549,,,,
age_class,lstm,,40m,10,test,40.0,400.0,1861,18571,0.6674923267460018,0.6143824005627009,0.5922961393962647,0.823274253198071,0.6996238581407845,0.6486968457014427,0.6294671073402406,0.8470904205923091,0.6953250940354648,0.649317020956569,0.6251053948850133,0.8470904205923091,,,,
age_class,lstm,,40m,12,test,40.0,480.0,1861,21932,0.6697519606055079,0.6170980196870969,0.5939212528671579,0.8248214702872779,0.7012358946802795,0.6520768480623546,0.6319029229430108,0.8480885896629662,0.6963997850617948,0.654758602122885,0.6304400016682981,0.8480885896629662,,,,
age_class,lstm,,40m,16,test,40.0,640.0,1861,24798,0.683159932252601,0.6212470787245087,0.5980278253696855,0.8337418790151444,0.7001612036539495,0.6486754875181368,0.629333114468086,0.8484879384567247,0.6969371305749597,0.6511620394067535,0.6285235755922437,0.8484879384567247,,,,
age_class,lstm,,40m,2,test,40.0,80.0,1861,3722,0.6544868350349274,0.6044191355374219,0.5824771866756192,0.8092384017114999,0.6663084363245567,0.6080383864336217,0.5940359644713432,0.8283847093997275,0.6254701773240193,0.632611166326467,0.5795086931603973,0.8283847093997275,,,,
age_class,lstm,,40m,20,test,40.0,800.0,1861,25254,0.6875742456640532,0.6232299483205703,0.5996580682850742,0.8369457918961402,0.7001612036539495,0.6486754875181368,0.629333114468086,0.8484674708537208,0.6969371305749597,0.6511620394067535,0.6285235755922437,0.8484674708537208,,,,
age_class,lstm,,40m,25,test,40.0,1000.0,1861,25290,0.6880189798339265,0.6234051013422383,0.5998080747295838,0.8372428529477506,0.7001612036539495,0.6486754875181368,0.629333114468086,0.8484657339187165,0.6969371305749597,0.6511620394067535,0.6285235755922437,0.8484657339187165,,,,
age_class,lstm,,40m,3,test,40.0,120.0,1861,5583,0.6639799391008419,0.6129917209452502,0.5906941413599023,0.8171339379529866,0.692101020956475,0.6345272613683485,0.6176719504276567,0.841316817090675,0.6818914562063407,0.628195314428111,0.6048610078431306,0.841316817090675,,,,
age_class,lstm,,40m,4,test,40.0,160.0,1861,7444,0.6663084363245567,0.6137290122878513,0.5915259939750726,0.8176938918356161,0.6990865126276196,0.6429157241851372,0.6247277880491676,0.8433408541701786,0.677055346587856,0.6458509040993876,0.6161840741962751,0.8433408541701786,,,,
age_class,lstm,,40m,5,test,40.0,200.0,1861,9305,0.6672756582482536,0.6170710080353934,0.5948341440976511,0.8218934052713857,0.7060720042987642,0.6562832478234827,0.6376219399158339,0.8472326616453733,0.6969371305749597,0.645677741873826,0.6251922656302923,0.8472326616453733,,,,
age_class,lstm,,40m,6,test,40.0,240.0,1861,11166,0.6633530360021493,0.6112386734476681,0.5884049951980094,0.8206508203840907,0.6985491671144546,0.645744794945905,0.6274527907602016,0.8458228716374591,0.6829661472326706,0.6429953060502491,0.616006944947003,0.8458228716374591,,,,
age_class,lstm,,40m,8,test,40.0,320.0,1861,14884,0.6691749529696318,0.6169704620661248,0.5946399054292854,0.8227914178682537,0.7055346587855992,0.6535528203520172,0.6342584316094976,0.8476006170714762,0.6942504030091349,0.6554803991894754,0.6289930860478072,0.8476006170714762,,,,
age_class,lstm,,40m,all,test,40.0,,1861,25292,0.6880436501660604,0.6234148088200812,0.599816387372074,0.8372603358862035,0.7001612036539495,0.6486754875181368,0.629333114468086,0.8484657339187165,0.6969371305749597,0.6511620394067535,0.6285235755922437,0.8484657339187165,,,,
age_class,lstm,,80m,1,test,80.0,80.0,1861,1861,0.6888769478774852,0.6276554028011431,0.6123560777007543,0.8350623206507048,0.6888769478774852,0.6276554028011431,0.6123560777007543,0.8350623206507048,0.6888769478774852,0.6276554028011431,0.6123560777007543,0.8350623206507048,,,,
age_class,lstm,,80m,10,test,80.0,800.0,1861,12062,0.7124025866357154,0.6452648074785922,0.6203497108742283,0.8550904076771276,0.7178936055883933,0.6578535884128537,0.6379238344416214,0.865668864876706,0.7141321869962386,0.6703196201278893,0.6417883414601235,0.865668864876706,,,,
age_class,lstm,,80m,12,test,80.0,960.0,1861,12074,0.7126884214013582,0.645364870543839,0.6204380270692728,0.8552700240737012,0.7178936055883933,0.6578535884128537,0.6379238344416214,0.865666910913148,0.7141321869962386,0.6703196201278893,0.6417883414601235,0.865666910913148,,,,
age_class,lstm,,80m,2,test,80.0,160.0,1861,3722,0.6802794196668458,0.6293084099539997,0.6054300743839659,0.8343574751008719,0.7001612036539495,0.6528504032382537,0.6299148663966753,0.8515599597986597,0.6523374529822676,0.6633074413140047,0.6021205190289312,0.8515599597986597,,,,
age_class,lstm,,80m,3,test,80.0,240.0,1861,5583,0.6860111051406054,0.6338783887320946,0.6096774007698292,0.8384638502932904,0.7146695325094036,0.6619503249115032,0.6396332095594186,0.8600082697339211,0.7055346587855992,0.6610599591375818,0.6279869598953086,0.8600082697339211,,,,
age_class,lstm,,80m,4,test,80.0,320.0,1861,7442,0.6885245901639344,0.63673032600583,0.6126213113654054,0.8394715571168211,0.7205803331542182,0.6632310950292523,0.6421924739248738,0.8620599896100053,0.7023105857066093,0.679100784047621,0.6425968854958232,0.8620599896100053,,,,
age_class,lstm,,80m,5,test,80.0,400.0,1861,9278,0.6919594740245743,0.6383391745895644,0.6144502680175522,0.8415634497125409,0.7173562600752283,0.662404697629036,0.6412127544850447,0.8640911988824186,0.7146695325094036,0.6651321465783396,0.6400866683620591,0.8640911988824186,,,,
age_class,lstm,,80m,6,test,80.0,480.0,1861,10853,0.6940016585275961,0.6390073901672287,0.6143903525872684,0.8427415491770276,0.7157442235357335,0.6563481103126586,0.6365352182830458,0.8646744565617714,0.7114454594304137,0.6694718645443674,0.6406394682443154,0.8646744565617714,,,,
age_class,lstm,,80m,8,test,80.0,640.0,1861,11906,0.7091382496220393,0.6439776624165668,0.6191916801829525,0.8527724185078727,0.7178936055883933,0.6578535884128537,0.6379238344416214,0.8656249104615826,0.7152068780225685,0.6715496324280124,0.6431537438935596,0.8656249104615826,,,,
age_class,lstm,,80m,all,test,80.0,,1861,12076,0.7127360052997681,0.6453815170969723,0.620452718472413,0.8553022628399362,0.7178936055883933,0.6578535884128537,0.6379238344416214,0.865666910913148,0.7141321869962386,0.6703196201278893,0.6417883414601235,0.865666910913148,,,,
age_class,lstm,,120m,1,test,120.0,120.0,1861,1861,0.6899516389038152,0.6222402427469856,0.6118437155862714,0.8398125238955952,0.6899516389038152,0.6222402427469856,0.6118437155862714,0.8398125238955952,0.6899516389038152,0.6222402427469856,0.6118437155862714,0.8398125238955952,,,,
age_class,lstm,,120m,2,test,120.0,240.0,1861,3722,0.6808167651800108,0.6188044196395951,0.6036513075781685,0.8365144745230269,0.7001612036539495,0.63579779945218,0.6253335070596683,0.8527192945044444,0.6544868350349274,0.6502498460389041,0.6021852740499446,0.8527192945044444,,,,
age_class,lstm,,120m,3,test,120.0,360.0,1861,5573,0.6867037502242958,0.6228209580643217,0.6083510293530868,0.8401793089779165,0.706609349811929,0.638011757886674,0.6293123301088835,0.8581838149418964,0.7012358946802795,0.6347253358862118,0.621113084999578,0.8581838149418964,,,,
age_class,lstm,,120m,4,test,120.0,480.0,1861,7148,0.6936205931729155,0.6249356156172541,0.6107129379746931,0.8440605920281042,0.708221386351424,0.6365438270480257,0.6265277665112576,0.8605091652482599,0.6953250940354648,0.6430652314682778,0.6243865010590813,0.8605091652482599,,,,
age_class,lstm,,120m,5,test,120.0,600.0,1861,7684,0.7051015096304009,0.6299349644941138,0.6154278903381312,0.8516976654977357,0.706609349811929,0.6343806264311576,0.6246802019753203,0.8609312960961629,0.6974744760881246,0.642661616568371,0.6251268279541732,0.8609312960961629,,,,
age_class,lstm,,120m,6,test,120.0,720.0,1861,7804,0.7092516658124038,0.631579756442863,0.6171038057934783,0.8544751134039327,0.707146695325094,0.6346774504145354,0.6250217631652691,0.8609684299835947,0.6974744760881246,0.642661616568371,0.6251268279541732,0.8609684299835947,,,,
age_class,lstm,,120m,8,test,120.0,960.0,1861,7823,0.7098299884954621,0.6317712443810031,0.6171908533266103,0.854881356348674,0.707146695325094,0.6346774504145354,0.6250217631652691,0.8609390815331355,0.6974744760881246,0.642661616568371,0.6251268279541732,0.8609390815331355,,,,
age_class,lstm,,120m,all,test,120.0,,1861,7823,0.7098299884954621,0.6317712443810031,0.6171908533266103,0.854881356348674,0.707146695325094,0.6346774504145354,0.6250217631652691,0.8609390815331355,0.6974744760881246,0.642661616568371,0.6251268279541732,0.8609390815331355,,,,
age_class,lstm,,240m,1,test,240.0,240.0,1861,1861,0.6904889844169801,0.6158745150066217,0.6039783489072442,0.845491635266563,0.6904889844169801,0.6158745150066217,0.6039783489072442,0.845491635266563,0.6904889844169801,0.6158745150066217,0.6039783489072442,0.845491635266563,,,,
age_class,lstm,,240m,2,test,240.0,480.0,1861,3436,0.7083818393480792,0.6359892877832124,0.6194540808729411,0.8541674953999364,0.7195056421278883,0.6511443415086559,0.6361799810979379,0.8593421370867524,0.6910263299301451,0.6615614293875325,0.6272772498098802,0.8593421370867524,,,,
age_class,lstm,,240m,3,test,240.0,720.0,1861,3556,0.7168166479190101,0.6395608879842242,0.6230066825091553,0.860324438803396,0.7189682966147233,0.6505293353585943,0.6356172015639828,0.8594489311480809,0.6894142933906502,0.659716410937348,0.6256580816721821,0.8594489311480809,,,,
age_class,lstm,,240m,4,test,240.0,960.0,1861,3559,0.7170553526271425,0.6396442794510319,0.6230811093466424,0.8604850107476579,0.7189682966147233,0.6505293353585943,0.6356172015639828,0.8594489311480809,0.6894142933906502,0.659716410937348,0.6256580816721821,0.8594489311480809,,,,
age_class,lstm,,240m,all,test,240.0,,1861,3559,0.7170553526271425,0.6396442794510319,0.6230811093466424,0.8604850107476579,0.7189682966147233,0.6505293353585943,0.6356172015639828,0.8594489311480809,0.6894142933906502,0.659716410937348,0.6256580816721821,0.8594489311480809,,,,
age_class,transformer,,30s,1,test,0.5,0.5,1861,1861,0.5776464266523375,0.56993654976621,0.5267591755823968,0.7703403112281505,0.5776464266523375,0.56993654976621,0.5267591755823968,0.7703403112281505,0.5776464266523375,0.56993654976621,0.5267591755823968,0.7703403112281505,,,,
age_class,transformer,,30s,10,test,0.5,5.0,1861,18610,0.5718968296614724,0.5690882543604726,0.5205723734798055,0.773881174270643,0.6104245029554003,0.6106163672173368,0.5662981018158972,0.8043446055074913,0.5776464266523375,0.5955800720527423,0.5404171020550331,0.8043446055074913,,,,
age_class,transformer,,30s,100,test,0.5,50.0,1861,186100,0.5739548629768941,0.5708471252321151,0.5226180278693201,0.7739235626039512,0.6093498119290703,0.6066345692624426,0.5645128607314875,0.8074516886935662,0.5959161740999462,0.6065514332883347,0.5565428715579704,0.8074516886935662,,,,
age_class,transformer,,30s,12,test,0.5,6.0,1861,22332,0.570302704639083,0.5670977042743331,0.5191050777872163,0.7724122349339807,0.6055883933369156,0.5998399958012337,0.5588562265904045,0.8055701765695368,0.5754970445996775,0.5908175715864052,0.5374779321451714,0.8055701765695368,,,,
age_class,transformer,,30s,120,test,0.5,60.0,1861,223320,0.5737641053197206,0.5704658763699236,0.5224992862659811,0.7738779985538217,0.6034390112842558,0.598970882034406,0.5577294559932905,0.8066229247985949,0.5900053734551316,0.5987566184383017,0.551070274363305,0.8066229247985949,,,,
age_class,transformer,,30s,16,test,0.5,8.0,1861,29776,0.574892530897367,0.5717680283044992,0.5236695609214524,0.7735960210835993,0.6088124664159055,0.6083220389784721,0.565329320481864,0.8051855307008582,0.5932294465341215,0.6055166231601254,0.5543346924295564,0.8051855307008582,,,,
age_class,transformer,,30s,160,test,0.5,80.0,1861,297760,0.5732469102632993,0.5700697186957376,0.5219136823610975,0.7739099278112221,0.6077377753895755,0.6058752249343055,0.5632742065400089,0.8067229354178248,0.5889306824288018,0.5948500211827131,0.548035592216389,0.8067229354178248,,,,
age_class,transformer,,30s,2,test,0.5,1.0,1861,3722,0.561257388500806,0.5584690885617126,0.5122389521609617,0.7612739092853765,0.5749596990865127,0.5698370123614369,0.5300727900849924,0.7805365019920805,0.5083288554540569,0.5635049145392139,0.4796185316375347,0.7805365019920805,,,,
age_class,transformer,,30s,20,test,0.5,10.0,1861,37220,0.5725416442772703,0.5676325427273754,0.5205745114237197,0.7727135326682868,0.6061257388500806,0.5991822732845608,0.5584933942862464,0.8057854658389516,0.5883933369156368,0.59672454544343,0.5478862704889446,0.8057854658389516,,,,
age_class,transformer,,30s,200,test,0.5,100.0,1861,372200,0.5729580870499731,0.5696340232540656,0.5216871368316074,0.7741336867380632,0.6082751209027405,0.6057227391290033,0.5627425293129443,0.8070094203015564,0.5889306824288018,0.5922293631499383,0.5460327842824645,0.8070094203015564,,,,
age_class,transformer,,30s,25,test,0.5,12.5,1861,46525,0.5747447608812466,0.5710796082191655,0.5233492507044479,0.7740904825489384,0.6055883933369156,0.6032840727120631,0.562128861712247,0.8065098480361087,0.5900053734551316,0.5963982156495198,0.5493946460723186,0.8065098480361087,,,,
age_class,transformer,,30s,250,test,0.5,125.0,1861,465250,0.5729973132724342,0.5692835152981257,0.521477406037981,0.774003722021126,0.6082751209027405,0.6057227391290033,0.5632998904795543,0.8068511099189708,0.5883933369156368,0.5955077436993862,0.5476053476293884,0.8068511099189708,,,,
age_class,transformer,,30s,3,test,0.5,1.5,1861,5583,0.569765359125918,0.5666880792419969,0.5196552936500757,0.767538508116154,0.5943041375604514,0.5942430564836659,0.5526228888436894,0.794476452477042,0.5711982804943578,0.5784289311535782,0.5245813261781942,0.794476452477042,,,,
age_class,transformer,,30s,30,test,0.5,15.0,1861,55830,0.5713415726312019,0.5669472650620886,0.5195345513621474,0.7735595501052085,0.599677592692101,0.5988774078501684,0.556396881385659,0.8063125122693099,0.5819451907576572,0.5883147244433355,0.5398673246574587,0.8063125122693099,,,,
age_class,transformer,,30s,320,test,0.5,160.0,1861,595520,0.5732704191295003,0.5694830710244424,0.5217469698026885,0.7739234305829075,0.6088124664159055,0.6039793424902827,0.5622187164445509,0.8068120730525171,0.5889306824288018,0.5968902418048114,0.5486923380006599,0.8068120730525171,,,,
age_class,transformer,,30s,4,test,0.5,2.0,1861,7444,0.5667651800107469,0.5602392793263895,0.5142932396364198,0.7676820807547132,0.600214938205266,0.5865395252349673,0.5487562398174534,0.7959713535509843,0.5497044599677593,0.5702063770505951,0.5111684814664635,0.7959713535509843,,,,
age_class,transformer,,30s,40,test,0.5,20.0,1861,74440,0.5737372380440623,0.5705246352170938,0.5226726594120988,0.773779880866477,0.6082751209027405,0.6130602027393418,0.5676364447382438,0.806617501689364,0.5840945728103171,0.5963901741985054,0.5461254467128319,0.806617501689364,,,,
age_class,transformer,,30s,400,test,0.5,200.0,1861,744400,0.573741268135411,0.5702906490263496,0.522321105550863,0.7743613164008805,0.6088124664159055,0.6064688729010611,0.5638198254381249,0.8076197056656628,0.5889306824288018,0.5967591141828149,0.5491704554355433,0.8076197056656628,,,,
age_class,transformer,,30s,5,test,0.5,2.5,1861,9305,0.56947877485223,0.5654969289257106,0.5189408922082505,0.7701891679251767,0.6055883933369156,0.6027788360006922,0.5621007086437038,0.7986578618925888,0.5711982804943578,0.5776055122755236,0.5292466619209023,0.7986578618925888,,,,
age_class,transformer,,30s,50,test,0.5,25.0,1861,93050,0.5749704459967759,0.5696125167314151,0.52232928020298,0.7741950004646659,0.6093498119290703,0.6066345692624426,0.5646974372674607,0.8066733571251629,0.5889306824288018,0.5929968551053021,0.5458184002658185,0.8066733571251629,,,,
age_class,transformer,,30s,500,test,0.5,250.0,1861,930500,0.5733003761418592,0.569826671547196,0.5218604853555489,0.7742295715000563,0.6104245029554003,0.6090813833066093,0.5656709358128559,0.8071629831153743,0.5916174099946265,0.60136912884385,0.552369947244911,0.8071629831153743,,,,
age_class,transformer,,30s,6,test,0.5,3.0,1861,11166,0.5758552749417876,0.5739425745248784,0.5258064636951211,0.7719439606721892,0.5959161740999462,0.5929062532670141,0.5506780826345242,0.8026847901579339,0.5760343901128425,0.5975532396027615,0.5390682767324463,0.8026847901579339,,,,
age_class,transformer,,30s,60,test,0.5,30.0,1861,111660,0.5736790256134695,0.5700550103798238,0.522292019182267,0.7743924655002444,0.6098871574422353,0.6087845593232315,0.5664564561808461,0.8075005571301613,0.5857066093498119,0.5937054416158133,0.5460446050272126,0.8075005571301613,,,,
age_class,transformer,,30s,8,test,0.5,4.0,1861,14888,0.5732133261687264,0.567011425856894,0.5205356392446431,0.7732002994043147,0.600214938205266,0.5957301549227171,0.5555713254490628,0.8038194603649051,0.5722729715206878,0.5873145892307234,0.5337094442877013,0.8038194603649051,,,,
age_class,transformer,,30s,80,test,0.5,40.0,1861,148880,0.5741066630843632,0.5695543939170106,0.5221502214616337,0.7738604277186343,0.6120365394948952,0.6134159321675722,0.5690329448807102,0.8072144673046971,0.5964535196131112,0.6012328321167887,0.5543844170081177,0.8072144673046971,,,,
age_class,transformer,,30s,all,test,0.5,,1861,2092285,0.5980251256401494,0.5819748569090885,0.5320938657386045,0.7904236297681831,0.6098871574422353,0.6073807030345004,0.5650203422050303,0.8073056829727184,0.5916174099946265,0.6002834547218026,0.5520129718759855,0.8073056829727184,,,,
age_class,transformer,,10m,1,test,10.0,10.0,1861,1861,0.6292315959161741,0.5814735228603308,0.5628458040024166,0.7993937443352146,0.6292315959161741,0.5814735228603308,0.5628458040024166,0.7993937443352146,0.6292315959161741,0.5814735228603308,0.5628458040024166,0.7993937443352146,,,,
age_class,transformer,,10m,10,test,10.0,100.0,1861,18610,0.6326706072004299,0.5892998519277722,0.5666666307587279,0.8003210847306709,0.6802794196668458,0.6198729043917185,0.6068137554502774,0.830182715620951,0.6437399247716281,0.6066329542663736,0.5831529172044903,0.830182715620951,,,,
age_class,transformer,,10m,100,test,10.0,1000.0,1861,103691,0.6591989661590688,0.5998082222145432,0.5776777771135391,0.8167144481896184,0.6813541106931758,0.6221326638911981,0.6098408548475286,0.8316974315477489,0.6609349811929071,0.6083445483354465,0.5926766285961179,0.8316974315477489,,,,
age_class,transformer,,10m,12,test,10.0,120.0,1861,22332,0.6325004477879277,0.5898935144239044,0.5668025610493906,0.8003388904650306,0.677055346587856,0.612102426247153,0.6008596058954012,0.8305813493124083,0.6501880709296077,0.6122350626890062,0.5899626082243095,0.8305813493124083,,,,
age_class,transformer,,10m,16,test,10.0,160.0,1861,29776,0.6360155830198818,0.5918675394166893,0.570015774900069,0.801497959019398,0.6802794196668458,0.621407888302446,0.6095271734531312,0.8309633653363507,0.6593229446534121,0.6151097221623351,0.5960039522478272,0.8309633653363507,,,,
age_class,transformer,,10m,2,test,10.0,20.0,1861,3722,0.607469102632993,0.576948706227208,0.5485286163822306,0.7856992029631691,0.6249328318108544,0.5888507243151193,0.563710906090556,0.8067291197458384,0.5620634067705534,0.594758949933803,0.5300134617478917,0.8067291197458384,,,,
age_class,transformer,,10m,20,test,10.0,200.0,1861,37220,0.6364320257925846,0.5919785006135085,0.569849525512062,0.8016710205687967,0.6775926921010209,0.6194185316741859,0.6055625214553032,0.8320921530201956,0.6566362170875873,0.6133074200787622,0.5946179510478963,0.8320921530201956,,,,
age_class,transformer,,10m,25,test,10.0,250.0,1861,46525,0.637592692101021,0.5915313437431174,0.5701738387095022,0.8021340910558236,0.6813541106931758,0.6163861111142778,0.6054397547418938,0.8322501749877645,0.6679204728640515,0.6181368674409662,0.6008448702599494,0.8322501749877645,,,,
age_class,transformer,,10m,3,test,10.0,30.0,1861,5583,0.6193802615081497,0.5815475388566377,0.5564051921744237,0.7913913322536095,0.6544868350349274,0.6059994622789561,0.587375127811519,0.8187178036339847,0.6351423965609887,0.5957631086660331,0.5683101249486517,0.8187178036339847,,,,
age_class,transformer,,10m,30,test,10.0,300.0,1861,55820,0.6374596918667145,0.5924184502743719,0.5705926971584375,0.8021559173345101,0.6792047286405158,0.6227985340350978,0.6100046330299728,0.8324581484291288,0.6630843632455669,0.6179549820013438,0.5996349635948929,0.8324581484291288,,,,
age_class,transformer,,10m,4,test,10.0,40.0,1861,7444,0.6260075228371843,0.5847608222115986,0.5614114944661669,0.7968017658009101,0.6689951638903815,0.6121046168300562,0.5965585335022273,0.8277251036441221,0.6211714132186996,0.6056401787417296,0.5745718378672678,0.8277251036441221,,,,
age_class,transformer,,10m,40,test,10.0,400.0,1861,74330,0.6382887124983183,0.592743856454729,0.5713307993338828,0.8022988914489028,0.6818914562063407,0.6219801780858959,0.6099238531870905,0.8318296905737702,0.662547017732402,0.6115934230743619,0.5952350520206293,0.8318296905737702,,,,
age_class,transformer,,10m,5,test,10.0,50.0,1861,9305,0.6295540032240731,0.5867845553444176,0.5644925636787131,0.7974133335281324,0.6738312735088662,0.6161798889691879,0.6022074045641035,0.8265853844518537,0.6528747984954326,0.6056894277394989,0.5863738690903939,0.8265853844518537,,,,
age_class,transformer,,10m,50,test,10.0,500.0,1861,91332,0.6396005781106293,0.5923797673613048,0.57065400375979,0.8031282722352776,0.6824288017195056,0.6213224555692228,0.6092101236617257,0.8315519182793528,0.6630843632455669,0.6146979596352017,0.5977065663977218,0.8315519182793528,,,,
age_class,transformer,,10m,6,test,10.0,60.0,1861,11166,0.6341572631201863,0.5901533993305296,0.5676948157884517,0.7995890982864756,0.6775926921010209,0.6174342379747784,0.6050664968519143,0.8284988972845947,0.6480386888769479,0.6124516230442257,0.5888721995537506,0.8284988972845947,,,,
age_class,transformer,,10m,60,test,10.0,600.0,1861,99487,0.6497431825263602,0.5960852363295546,0.5743995338729192,0.8099113176172605,0.6808167651800108,0.6208812934077693,0.6089623452723965,0.8316902702737369,0.6603976356797421,0.6080477243520687,0.5923335323575767,0.8316902702737369,,,,
age_class,transformer,,10m,8,test,10.0,80.0,1861,14888,0.6295002686727565,0.5831877650479578,0.5614375008353731,0.7974962396354625,0.6754433100483611,0.6105755899636521,0.5987937332244243,0.827310814765927,0.6389038151531434,0.6003863338831473,0.5795920688476413,0.827310814765927,,,,
age_class,transformer,,10m,80,test,10.0,800.0,1861,103504,0.6586412119338383,0.5995565812502223,0.577470916857474,0.8163068665269505,0.6813541106931758,0.6221326638911981,0.6098408548475286,0.8316996988161988,0.6609349811929071,0.6083445483354465,0.5926766285961179,0.8316996988161988,,,,
age_class,transformer,,10m,all,test,10.0,,1861,103703,0.6592384019748705,0.5998256261064642,0.5776923494497676,0.8167430557140133,0.6813541106931758,0.6221326638911981,0.6098408548475286,0.8316974315477489,0.6609349811929071,0.6083445483354465,0.5926766285961179,0.8316974315477489,,,,
age_class,transformer,,40m,1,test,40.0,40.0,1861,1861,0.6716818914562064,0.6041936731450473,0.5911890175686049,0.8169258861931784,0.6716818914562064,0.6041936731450473,0.5911890175686049,0.8169258861931784,0.6716818914562064,0.6041936731450473,0.5911890175686049,0.8169258861931784,,,,
age_class,transformer,,40m,10,test,40.0,400.0,1861,18571,0.6601690808249421,0.6092579002638785,0.5861120883411534,0.8189049527486644,0.6969371305749597,0.6396882076295275,0.6226974743756766,0.8433741174055788,0.6829661472326706,0.6457470917050204,0.6168076742760287,0.8433741174055788,,,,
age_class,transformer,,40m,12,test,40.0,480.0,1861,21932,0.6634597847893489,0.6110483846062896,0.5875607693535724,0.8211668407916477,0.6969371305749597,0.6396882076295275,0.6229517577909155,0.8449414575946763,0.6899516389038152,0.6506914776109798,0.6230158557570639,0.8449414575946763,,,,
age_class,transformer,,40m,16,test,40.0,640.0,1861,24798,0.6769900798451488,0.6147602391620396,0.5911769513717214,0.8301013427384573,0.7012358946802795,0.6441030201186487,0.627032949924296,0.8447538289769873,0.6926383664696399,0.6501353769057708,0.6241368691158414,0.8447538289769873,,,,
age_class,transformer,,40m,2,test,40.0,80.0,1861,3722,0.6552928533046749,0.6038538980897469,0.5831623826455868,0.8083570317429971,0.6765180010746911,0.6238232183056016,0.6048931741522002,0.8282686336373284,0.6211714132186996,0.6306299573254333,0.5759447433318733,0.8282686336373284,,,,
age_class,transformer,,40m,20,test,40.0,800.0,1861,25254,0.6817533856022808,0.6167938943567478,0.5929780634874019,0.8334310746230283,0.7017732401934443,0.6447180262687101,0.6275729889287461,0.8449179093424166,0.6926383664696399,0.6501353769057708,0.6241368691158414,0.8449179093424166,,,,
age_class,transformer,,40m,25,test,40.0,1000.0,1861,25290,0.6821273230525899,0.6169289860640287,0.593080963620272,0.833697796900478,0.7017732401934443,0.6447180262687101,0.6275729889287461,0.8449117982133135,0.6926383664696399,0.6501353769057708,0.6241368691158414,0.8449117982133135,,,,
age_class,transformer,,40m,3,test,40.0,120.0,1861,5583,0.6553824108902024,0.6057221467775039,0.5826701522069214,0.8130063227756864,0.6818914562063407,0.6338107395830351,0.6148940237721546,0.8379530229475524,0.677055346587856,0.6325431800213653,0.6047382089990553,0.8379530229475524,,,,
age_class,transformer,,40m,4,test,40.0,160.0,1861,7444,0.6548898441698012,0.6030932614853435,0.5805944460253071,0.813150872209634,0.6883396023643202,0.637241499761573,0.6204976393996058,0.8391531212034314,0.6711445459430414,0.6448883161483222,0.6115809616666946,0.8391531212034314,,,,
age_class,transformer,,40m,5,test,40.0,200.0,1861,9305,0.6628694250403009,0.6117807425007574,0.589069673146431,0.8179613891463529,0.6942504030091349,0.6416481646234674,0.623894198746128,0.8440262829749631,0.6883396023643202,0.6415089955504567,0.617939451898312,0.8440262829749631,,,,
age_class,transformer,,40m,6,test,40.0,240.0,1861,11166,0.6615618842915995,0.6092416833085772,0.5870569713885669,0.8176046676590527,0.7012358946802795,0.6420627994965503,0.6260493100220431,0.8440479254436378,0.6781300376141859,0.6428886213099324,0.6126963080760893,0.8440479254436378,,,,
age_class,transformer,,40m,8,test,40.0,320.0,1861,14884,0.6635984950282182,0.6114926582209512,0.5884804371724472,0.8197623616623924,0.6980118216012896,0.6385598171408686,0.6218330345155224,0.8450517632651161,0.6861902203116604,0.6462553069385529,0.6188846425239509,0.8450517632651161,,,,
age_class,transformer,,40m,all,test,40.0,,1861,25292,0.6821524592756603,0.6169388015784057,0.5930894025056287,0.8337151966677272,0.7017732401934443,0.6447180262687101,0.6275729889287461,0.8449117982133135,0.6926383664696399,0.6501353769057708,0.6241368691158414,0.8449117982133135,,,,
age_class,transformer,,80m,1,test,80.0,80.0,1861,1861,0.6808167651800108,0.5987763225079868,0.5943470845824016,0.8309515266095421,0.6808167651800108,0.5987763225079868,0.5943470845824016,0.8309515266095421,0.6808167651800108,0.5987763225079868,0.5943470845824016,0.8309515266095421,,,,
age_class,transformer,,80m,10,test,80.0,800.0,1861,12062,0.7032830376388659,0.6245864332749326,0.6091173590994668,0.8463302734808825,0.7103707684040839,0.6423920016364102,0.6298551180017001,0.8515594243599681,0.7023105857066093,0.6471861984961828,0.6268149765067715,0.8515594243599681,,,,
age_class,transformer,,80m,12,test,80.0,960.0,1861,12074,0.7034951134669538,0.6246487629329653,0.6091227409889125,0.8464609737162485,0.7103707684040839,0.6423920016364102,0.6298551180017001,0.8515488004828099,0.7023105857066093,0.6471861984961828,0.6268149765067715,0.8515488004828099,,,,
age_class,transformer,,80m,2,test,80.0,160.0,1861,3722,0.6724879097259537,0.6020654883252996,0.5906735438632431,0.8255307322433372,0.6867275658248254,0.6162110768344494,0.6040369521886847,0.840486804892634,0.661472326706072,0.6449179281350667,0.6060515190418868,0.840486804892634,,,,
age_class,transformer,,80m,3,test,80.0,240.0,1861,5583,0.677413576929966,0.6086203065857871,0.5952898153004428,0.8283827394297143,0.6996238581407845,0.6261984919356708,0.6157638233324403,0.8461457201861746,0.692101020956475,0.6272090715346247,0.6092178881889178,0.8461457201861746,,,,
age_class,transformer,,80m,4,test,80.0,320.0,1861,7442,0.6804622413329751,0.614360148841116,0.600234547158798,0.8302425133860226,0.7055346587855992,0.6340492337083946,0.6242998023956151,0.8495948648690783,0.6947877485222999,0.6490201969731911,0.6250681796910048,0.8495948648690783,,,,
age_class,transformer,,80m,5,test,80.0,400.0,1861,9278,0.6807501616727744,0.6155506223510465,0.6006277561858306,0.8313486113492314,0.7103707684040839,0.6413063275143628,0.6299977569258632,0.8505688506753035,0.6996238581407845,0.6355009754688021,0.6193606838402639,0.8505688506753035,,,,
age_class,transformer,,80m,6,test,80.0,480.0,1861,10853,0.6841426333732609,0.6182683706375183,0.6024975608351337,0.8332255139314227,0.707684040838259,0.63995333521947,0.6275142896013092,0.8510776252296323,0.7023105857066093,0.6490952914962845,0.6279819574357345,0.8510776252296323,,,,
age_class,transformer,,80m,8,test,80.0,640.0,1861,11906,0.6998992104821099,0.6231866735239343,0.6078257313129578,0.8439891959326274,0.7098334228909189,0.6417769954863486,0.6293042501863445,0.8515776709592445,0.7028479312197743,0.6478012046462442,0.627357996642226,0.8515776709592445,,,,
age_class,transformer,,80m,all,test,80.0,,1861,12076,0.7035442199403776,0.6246664190634079,0.6091384004608823,0.8464900457576405,0.7103707684040839,0.6423920016364102,0.6298551180017001,0.8515479960817709,0.7023105857066093,0.6471861984961828,0.6268149765067715,0.8515479960817709,,,,
age_class,transformer,,120m,1,test,120.0,120.0,1861,1861,0.6861902203116604,0.6180104003958607,0.6078980916096994,0.8353935246210282,0.6861902203116604,0.6180104003958607,0.6078980916096994,0.8353935246210282,0.6861902203116604,0.6180104003958607,0.6078980916096994,0.8353935246210282,,,,
age_class,transformer,,120m,2,test,120.0,240.0,1861,3722,0.6781300376141859,0.6203623040828151,0.6020836979802304,0.832160598178792,0.6835034927458356,0.6283375681994957,0.6095616134673395,0.8439906205820068,0.6663084363245567,0.6544215708844351,0.6093099459153839,0.8439906205820068,,,,
age_class,transformer,,120m,3,test,120.0,360.0,1861,5573,0.682038399425803,0.6249183393232034,0.6050219045523505,0.8351998720863731,0.6926383664696399,0.6431353692387306,0.6210563545925302,0.8484355117493235,0.6878022568511553,0.6326212530666205,0.6089490813450077,0.8484355117493235,,,,
age_class,transformer,,120m,4,test,120.0,480.0,1861,7148,0.6877448237269166,0.6296669637839617,0.6077243124094374,0.8388899992382474,0.6985491671144546,0.6465874876005743,0.6243691033404971,0.8513743361553159,0.6937130574959699,0.6585157982715452,0.6254061563932035,0.8513743361553159,,,,
age_class,transformer,,120m,5,test,120.0,600.0,1861,7684,0.6991150442477876,0.6346968356567689,0.6123444432083596,0.8467080634861013,0.6974744760881246,0.6463120218005022,0.6234700326274966,0.8515935211855515,0.6931757119828049,0.6569462456214328,0.6243055170925685,0.8515935211855515,,,,
age_class,transformer,,120m,6,test,120.0,720.0,1861,7804,0.703485392106612,0.6368273495295705,0.6143955868063903,0.8497453651210268,0.6974744760881246,0.6449081655117712,0.6225613751060495,0.851745062281231,0.6931757119828049,0.6569462456214328,0.6243055170925685,0.851745062281231,,,,
age_class,transformer,,120m,8,test,120.0,960.0,1861,7823,0.7040777195449316,0.6370309195105877,0.6144931245328049,0.8501218374188931,0.6974744760881246,0.6449081655117712,0.6225613751060495,0.851727013976043,0.6931757119828049,0.6569462456214328,0.6243055170925685,0.851727013976043,,,,
age_class,transformer,,120m,all,test,120.0,,1861,7823,0.7040777195449316,0.6370309195105877,0.6144931245328049,0.8501218374188931,0.6974744760881246,0.6449081655117712,0.6225613751060495,0.851727013976043,0.6931757119828049,0.6569462456214328,0.6243055170925685,0.851727013976043,,,,
age_class,transformer,,240m,1,test,240.0,240.0,1861,1861,0.7028479312197743,0.5780769737749897,0.5909635171094662,0.8447909577987165,0.7028479312197743,0.5780769737749897,0.5909635171094662,0.8447909577987165,0.7028479312197743,0.5780769737749897,0.5909635171094662,0.8447909577987165,,,,
age_class,transformer,,240m,2,test,240.0,480.0,1861,3436,0.7086728754365541,0.5877252867691976,0.5989343669589698,0.8494404274606079,0.7141321869962386,0.5990411315692926,0.6097892223183328,0.8537086375114112,0.706609349811929,0.6214643908119711,0.6218311608002755,0.8537086375114112,,,,
age_class,transformer,,240m,3,test,240.0,720.0,1861,3556,0.7165354330708661,0.5898486479694106,0.6013997835337767,0.8555793924384512,0.7130574959699086,0.5967254451471223,0.6075447859341297,0.8538173767545655,0.7049973132724342,0.6171298419510082,0.6180118784931226,0.8538173767545655,,,,
age_class,transformer,,240m,4,test,240.0,960.0,1861,3559,0.7167743748243889,0.5899202122810702,0.6014728316117189,0.8557372342386266,0.7130574959699086,0.5967254451471223,0.6075447859341297,0.8538173767545655,0.7049973132724342,0.6171298419510082,0.6180118784931226,0.8538173767545655,,,,
age_class,transformer,,240m,all,test,240.0,,1861,3559,0.7167743748243889,0.5899202122810702,0.6014728316117189,0.8557372342386266,0.7130574959699086,0.5967254451471223,0.6075447859341297,0.8538173767545655,0.7049973132724342,0.6171298419510082,0.6180118784931226,0.8538173767545655,,,,
bmi_binary,lstm,,30s,1,test,0.5,0.5,1857,1857,0.633817985998923,0.6050266008728453,0.5958764523049982,0.6472933374250789,0.633817985998923,0.6050266008728453,0.5958764523049982,0.6472933374250789,0.633817985998923,0.6050266008728453,0.5958764523049982,0.6472933374250789,,,,
bmi_binary,lstm,,30s,10,test,0.5,5.0,1857,18570,0.6448572967151319,0.6109939411386096,0.6037833937139991,0.6600468197088162,0.683898761443188,0.6335678845041428,0.6325825052000243,0.6955496834781287,0.6887452880990845,0.626966549979496,0.6290395047528465,0.6955496834781287,,,,
bmi_binary,lstm,,30s,100,test,0.5,50.0,1857,185700,0.6504146472805601,0.6157474451484299,0.6088752035238774,0.6674296780330291,0.6865912762520194,0.6388860222529404,0.6372296947124486,0.7030927079118248,0.6903607969843835,0.6396885294429161,0.6390760834477796,0.7030927079118248,,,,
bmi_binary,lstm,,30s,12,test,0.5,6.0,1857,22284,0.6471459343026387,0.6131075155952539,0.6059777962053037,0.6666772185272793,0.6849757673667205,0.6386796244646558,0.6365237815619496,0.7035584608156515,0.6935918147549811,0.635769008285785,0.6372231234710957,0.7035584608156515,,,,
bmi_binary,lstm,,30s,120,test,0.5,60.0,1857,222840,0.651059055824807,0.616525085025931,0.6096110019468428,0.6670057847487575,0.6887452880990845,0.6409262372325315,0.6393908240606354,0.7030601187873586,0.6903607969843835,0.6401698979688828,0.639416866892135,0.7030601187873586,,,,
bmi_binary,lstm,,30s,16,test,0.5,8.0,1857,29712,0.6498047926763597,0.6158741116068882,0.6087279561368493,0.6650732455424188,0.6865912762520194,0.6364791796231067,0.6355414942348885,0.7000836454194628,0.6898222940226171,0.6359292381477428,0.6361894914424098,0.7000836454194628,,,,
bmi_binary,lstm,,30s,160,test,0.5,80.0,1857,297120,0.6508717016693591,0.616285201346474,0.6093882929794194,0.6663514788683715,0.6828217555196554,0.6347139353811977,0.6330351040883475,0.7020770135326339,0.6882067851373183,0.6395737885671919,0.6382648874677906,0.7020770135326339,,,,
bmi_binary,lstm,,30s,2,test,0.5,1.0,1857,3714,0.6214324178782983,0.5975073393424057,0.5864639075229763,0.6392614761243928,0.6440495422724825,0.6133938585794944,0.6049817322752545,0.6598931076717514,0.6855142703284868,0.5971902743189552,0.601414269122771,0.6598931076717514,,,,
bmi_binary,lstm,,30s,20,test,0.5,10.0,1857,37140,0.6516155088852988,0.6171123116280712,0.6101927310682167,0.6666704760863721,0.683898761443188,0.6364560956599434,0.6346160743465763,0.703535376852488,0.687668282175552,0.6319635490642848,0.6325893198266546,0.703535376852488,,,,
bmi_binary,lstm,,30s,200,test,0.5,100.0,1857,371400,0.650175013462574,0.6155186660999781,0.6086401314715355,0.6656712474302117,0.6844372644049542,0.6363644387473827,0.6347364280094414,0.7013573370340095,0.6887452880990845,0.6399635001805981,0.638721790339041,0.7013573370340095,,,,
bmi_binary,lstm,,30s,25,test,0.5,12.5,1857,46425,0.6475605815831987,0.6122186132784387,0.6055611091366702,0.6630370304789787,0.683898761443188,0.6345306215560764,0.6332668202825442,0.6981411978132699,0.6779752288637587,0.6259114770749088,0.6251701185429213,0.6981411978132699,,,,
bmi_binary,lstm,,30s,250,test,0.5,125.0,1857,464250,0.6510608508346796,0.6166059703276021,0.6096631611385103,0.6668213523291717,0.6898222940226171,0.6417056604593436,0.6403060400951264,0.7025821449618572,0.6882067851373183,0.6386110515152585,0.6375898986555607,0.7025821449618572,,,,
bmi_binary,lstm,,30s,3,test,0.5,1.5,1857,5571,0.6323819781008796,0.6044687384297293,0.5949772011096142,0.654464981627881,0.6553581044695745,0.6119504319416872,0.6080759155052196,0.6842697727723297,0.6532040926225094,0.6113543225399963,0.606955710097677,0.6842697727723297,,,,
bmi_binary,lstm,,30s,30,test,0.5,15.0,1857,55710,0.6503679770238736,0.6155275409785609,0.6087174188571118,0.6661139370106539,0.6855142703284868,0.6371438619741949,0.635647476213514,0.7027301539021402,0.6903607969843835,0.6353562127092154,0.6359351159678478,0.7027301539021402,,,,
bmi_binary,lstm,,30s,320,test,0.5,160.0,1857,594240,0.6506175955842757,0.6159403485780279,0.6090737667519011,0.6668267025422677,0.686052773290253,0.6384963106395344,0.6367732863896547,0.7025522715977633,0.6844372644049542,0.6344389646435157,0.633379826157267,0.7025522715977633,,,,
bmi_binary,lstm,,30s,4,test,0.5,2.0,1857,7428,0.6396068928379106,0.6089753164539774,0.6005380999623233,0.6537519247951638,0.6779752288637587,0.6307251623345762,0.6286149050874212,0.6881207209800636,0.6871297792137857,0.6113563593602754,0.6153929514177906,0.6881207209800636,,,,
bmi_binary,lstm,,30s,40,test,0.5,20.0,1857,74280,0.6509962304792677,0.6156773377944225,0.6090456607626566,0.666427557686145,0.6903607969843835,0.6440208461766168,0.6420855924178559,0.7024232729800854,0.6919763058696823,0.6408576642831343,0.6404476278162912,0.7024232729800854,,,,
bmi_binary,lstm,,30s,400,test,0.5,200.0,1857,742800,0.6506179321486268,0.6162291124080376,0.6092578733511202,0.6668255425961922,0.6865912762520194,0.6393673907789073,0.6375625427571128,0.7024965985101339,0.687668282175552,0.639184076953786,0.6378081653735648,0.7024965985101339,,,,
bmi_binary,lstm,,30s,5,test,0.5,2.5,1857,9285,0.6429725363489499,0.6104964138384286,0.6027652874567163,0.6583652208863698,0.678513731825525,0.6282266627921819,0.6270192363009862,0.6915086320443429,0.674744211093161,0.6269427870762395,0.6248886332321111,0.6915086320443429,,,,
bmi_binary,lstm,,30s,50,test,0.5,25.0,1857,92850,0.6510070005385029,0.6159835805127898,0.609245937488514,0.6673992458333446,0.6855142703284868,0.6366624934482281,0.6353102906520032,0.7041246968532485,0.6892837910608508,0.6379463691641705,0.637477098907345,0.7041246968532485,,,,
bmi_binary,lstm,,30s,500,test,0.5,250.0,1857,928500,0.6506440495422725,0.6161185252878028,0.60919721774368,0.6668786386409248,0.6882067851373183,0.6410178941450921,0.6392654079238596,0.7026894174965579,0.687668282175552,0.6382213399018524,0.6371336163331311,0.7026894174965579,,,,
bmi_binary,lstm,,30s,6,test,0.5,3.0,1857,11142,0.6456650511577814,0.6144827653320515,0.6062798434321062,0.6607958905415799,0.6790522347872914,0.6319859540873551,0.629856995705858,0.6943411701125138,0.6925148088314486,0.6316200053772055,0.633720598857375,0.6943411701125138,,,,
bmi_binary,lstm,,30s,60,test,0.5,30.0,1857,111420,0.648626817447496,0.6135053065957672,0.6067791486682448,0.6650706182564275,0.686052773290253,0.6356080994837339,0.6347439451585053,0.7003688002585404,0.6855142703284868,0.6337742822924277,0.6332531632898756,0.7003688002585404,,,,
bmi_binary,lstm,,30s,8,test,0.5,4.0,1857,14856,0.6475498115239634,0.6126777465163584,0.6058524149923159,0.6616140192472727,0.6865912762520194,0.637923285201007,0.6365592280127839,0.6972320970286866,0.69520732364028,0.6350126690221362,0.6371143488468444,0.6972320970286866,,,,
bmi_binary,lstm,,30s,80,test,0.5,40.0,1857,148560,0.651534733441034,0.6169335127545685,0.6100487214578358,0.6674509651430458,0.6817447495961227,0.6344158806803524,0.6324618249734013,0.7028075530727471,0.687668282175552,0.637258602849919,0.6364526233359435,0.7028075530727471,,,,
bmi_binary,lstm,,30s,all,test,0.5,,1857,2090035,0.6550799388526987,0.6141341333478999,0.6080975376798446,0.6648421672807616,0.6865912762520194,0.6388860222529404,0.6372296947124486,0.7027790375888393,0.6855142703284868,0.6366624934482281,0.6353102906520032,0.7027790375888393,,,,
bmi_binary,lstm,,10m,1,test,10.0,10.0,1857,1857,0.6650511577813678,0.6353317708658659,0.6267305320796375,0.684291498855307,0.6650511577813678,0.6353317708658659,0.6267305320796375,0.684291498855307,0.6650511577813678,0.6353317708658659,0.6267305320796375,0.684291498855307,,,,
bmi_binary,lstm,,10m,10,test,10.0,100.0,1857,18570,0.6561120086160473,0.635938675415036,0.6231769582160807,0.6881021655473207,0.6828217555196554,0.6616705728353354,0.6495738106184512,0.7262757963288351,0.6908992999461497,0.653556559783391,0.6484930867187437,0.7262757963288351,,,,
bmi_binary,lstm,,10m,100,test,10.0,1000.0,1857,103565,0.6589677980012553,0.6347834422192938,0.6221909956656875,0.6888422466037214,0.683898761443188,0.6629313645881142,0.650763712789526,0.7269357260992718,0.6833602584814217,0.6582093362410075,0.6479425625046751,0.7269357260992718,,,,
bmi_binary,lstm,,10m,12,test,10.0,120.0,1857,22284,0.6557171064440854,0.6356769553248367,0.6228538067610456,0.6899841805072376,0.6855142703284868,0.6636191309023657,0.6519078677074774,0.7264713310756312,0.682283252557889,0.6473211739688937,0.6411074656512954,0.7264713310756312,,,,
bmi_binary,lstm,,10m,16,test,10.0,160.0,1857,29712,0.653338718362951,0.6339557290322931,0.6208292751652363,0.6903060169707866,0.683898761443188,0.6634127331140809,0.6510190811797734,0.7269818940255988,0.6908992999461497,0.6588516135690252,0.6516972081350969,0.7269818940255988,,,,
bmi_binary,lstm,,10m,2,test,10.0,20.0,1857,3714,0.6389337641357028,0.6255767596090391,0.6096656399028583,0.6738224123556233,0.6650511577813678,0.644477772859234,0.6319374163533236,0.6981228664307575,0.6995153473344103,0.6222452005724823,0.6273926989241125,0.6981228664307575,,,,
bmi_binary,lstm,,10m,20,test,10.0,200.0,1857,37140,0.6568120624663436,0.6373358322855025,0.6242580002096976,0.6903210843488014,0.687668282175552,0.6685475570377573,0.6555568347532428,0.7276907074827346,0.6946688206785138,0.6659119115965684,0.657465341316664,0.7276907074827346,,,,
bmi_binary,lstm,,10m,25,test,10.0,250.0,1857,46425,0.6555304254173397,0.636220584920469,0.6230638086147722,0.6911064887662572,0.683898761443188,0.6643754701660144,0.6515260256009012,0.7279351259162297,0.6828217555196554,0.6583009931535682,0.6477441769915039,0.7279351259162297,,,,
bmi_binary,lstm,,10m,3,test,10.0,30.0,1857,5571,0.6438700412852271,0.630111853117195,0.6143635891667387,0.6808898581135906,0.6704361873990307,0.651744468675062,0.638366468956037,0.7155811319832382,0.6704361873990307,0.6464494148894278,0.635488083997044,0.7155811319832382,,,,
bmi_binary,lstm,,10m,30,test,10.0,300.0,1857,55695,0.6566657689200108,0.6371642339704586,0.6240916729406308,0.6903288339608931,0.6844372644049542,0.6633210762015203,0.6512307218953117,0.7274048737035639,0.6882067851373183,0.6617167407616622,0.652132992757644,0.7274048737035639,,,,
bmi_binary,lstm,,10m,4,test,10.0,40.0,1857,7428,0.6510500807754442,0.6360300607515595,0.6208619563542712,0.6856488274025653,0.6812062466343565,0.6619455435730173,0.6489378824070408,0.7233984482145234,0.6973613354873451,0.6428293063133281,0.6436416208656126,0.7233984482145234,,,,
bmi_binary,lstm,,10m,40,test,10.0,400.0,1857,74149,0.6565024477740765,0.6367201248806909,0.6237305094050654,0.6910654982585729,0.6828217555196554,0.6616705728353354,0.6495738106184512,0.7272751961457928,0.6903607969843835,0.6623128501633531,0.6534562849111698,0.7272751961457928,,,,
bmi_binary,lstm,,10m,5,test,10.0,50.0,1857,9285,0.6477113624124933,0.6300998585088846,0.6161612348444039,0.6830739148500493,0.6768982229402262,0.6535327968801345,0.642371096959737,0.7182710926318706,0.678513731825525,0.6508509835126188,0.6415953793328857,0.7182710926318706,,,,
bmi_binary,lstm,,10m,50,test,10.0,500.0,1857,91072,0.656831957132818,0.6365130547235065,0.6234857536885454,0.6909120954522905,0.6833602584814217,0.6625416529747081,0.6502968221962024,0.727015841030251,0.683898761443188,0.6576363108024801,0.6478697434078484,0.727015841030251,,,,
bmi_binary,lstm,,10m,6,test,10.0,60.0,1857,11142,0.6478190630048465,0.6293594743374223,0.615811699085745,0.6859715361155392,0.6812062466343565,0.656650489787383,0.6460834762721555,0.7219753897795074,0.6892837910608508,0.6446855285277049,0.6421419203232412,0.7219753897795074,,,,
bmi_binary,lstm,,10m,60,test,10.0,600.0,1857,99339,0.6580195089541871,0.6359492119488395,0.6228810134926568,0.6901458408079523,0.683898761443188,0.6629313645881142,0.650763712789526,0.7271394081271845,0.6844372644049542,0.6594701279937863,0.64914003678187,0.7271394081271845,,,,
bmi_binary,lstm,,10m,8,test,10.0,80.0,1857,14856,0.6531367797522887,0.6348324952949451,0.6212101185159631,0.6892755344276942,0.6812062466343565,0.6585759638912501,0.6471394823336072,0.7268311693249435,0.6892837910608508,0.6480551082094721,0.6443602052409529,0.7268311693249435,,,,
bmi_binary,lstm,,10m,80,test,10.0,800.0,1857,103401,0.6588234156342782,0.6347400270024127,0.6221618683625703,0.6887308130461116,0.683898761443188,0.6629313645881142,0.650763712789526,0.7269085684955503,0.6833602584814217,0.6582093362410075,0.6479425625046751,0.7269085684955503,,,,
bmi_binary,lstm,,10m,all,test,10.0,,1857,103590,0.6590211410367797,0.6348152696173617,0.6222142839237852,0.6888748681432051,0.683898761443188,0.6629313645881142,0.650763712789526,0.7269370839794579,0.6833602584814217,0.6582093362410075,0.6479425625046751,0.7269370839794579,,,,
bmi_binary,lstm,,40m,1,test,40.0,40.0,1857,1857,0.6585891222401723,0.6532795522254298,0.633151239137913,0.7033751469905302,0.6585891222401723,0.6532795522254298,0.633151239137913,0.7033751469905302,0.6585891222401723,0.6532795522254298,0.633151239137913,0.7033751469905302,,,,
bmi_binary,lstm,,40m,10,test,40.0,400.0,1857,18527,0.6595239380363793,0.6518196114561657,0.632904699392644,0.7102713621021912,0.6812062466343565,0.6739797567221859,0.6548673899939723,0.7406326635363002,0.691437802907916,0.6698314327536995,0.6580834684800914,0.7406326635363002,,,,
bmi_binary,lstm,,40m,12,test,40.0,480.0,1857,21886,0.6614730878186968,0.6525572122811187,0.6339925496337816,0.7108533145491316,0.6790522347872914,0.6719395417425948,0.6527586743504277,0.7401777736739621,0.6935918147549811,0.6742784903631243,0.6614728323291998,0.7401777736739621,,,,
bmi_binary,lstm,,40m,16,test,40.0,640.0,1857,24813,0.6627977269979446,0.6510002523973715,0.632708301376409,0.7098416100784277,0.6812062466343565,0.6744611252481526,0.6550891530460624,0.7410291645506367,0.6844372644049542,0.669578867039088,0.6544556781953741,0.7410291645506367,,,,
bmi_binary,lstm,,40m,2,test,40.0,80.0,1857,3714,0.6392030156165859,0.6394906184057944,0.6164813841551472,0.6917418479663029,0.6494345718901454,0.649542665953327,0.6265173321338129,0.7125354067258521,0.6984383414108778,0.6440900980661071,0.6449098001507884,0.7125354067258521,,,,
bmi_binary,lstm,,40m,20,test,40.0,800.0,1857,25270,0.6633161851998417,0.650437599337363,0.6325510450253014,0.7093852386934076,0.682283252557889,0.6757219170009315,0.6562543923938797,0.7411703840899895,0.6844372644049542,0.6705416040910215,0.6549334094368341,0.7411703840899895,,,,
bmi_binary,lstm,,40m,25,test,40.0,1000.0,1857,25305,0.6635447540011855,0.650555778344141,0.6326456194816816,0.7095643554340416,0.682283252557889,0.6757219170009315,0.6562543923938797,0.7412056889748276,0.6844372644049542,0.6705416040910215,0.6549334094368341,0.7412056889748276,,,,
bmi_binary,lstm,,40m,3,test,40.0,120.0,1857,5571,0.6431520373362053,0.6397009766779551,0.6186916080911354,0.6965765426499605,0.6628971459343026,0.6588040877625122,0.6380004235071373,0.7241479980772417,0.6645126548196015,0.6585291170248302,0.6387399830066702,0.7241479980772417,,,,
bmi_binary,lstm,,40m,4,test,40.0,160.0,1857,7428,0.6503769520732364,0.6454109760171202,0.6251492294632597,0.7050899374967751,0.6790522347872914,0.6743463843724284,0.6538577015169598,0.7369758921951763,0.6989768443726441,0.6651786562960831,0.6589753521161463,0.7369758921951763,,,,
bmi_binary,lstm,,40m,5,test,40.0,200.0,1857,9285,0.6520193861066236,0.6465995964380087,0.6265679052842538,0.7039153660437617,0.6661281637049004,0.6592168833390817,0.6399190854706629,0.7326428965213826,0.6688206785137318,0.6597213358282119,0.6415738606316721,0.7326428965213826,,,,
bmi_binary,lstm,,40m,6,test,40.0,240.0,1857,11142,0.6581403697720337,0.6515106869696912,0.632086721258138,0.7075158517424167,0.6806677436725902,0.6755155192126467,0.6552749736807753,0.7379807235328782,0.6887452880990845,0.6640319264789352,0.6536664033701949,0.7379807235328782,,,,
bmi_binary,lstm,,40m,8,test,40.0,320.0,1857,14848,0.6594827586206896,0.6522946936068614,0.6331509272296696,0.710225002464498,0.6790522347872914,0.6709768046906612,0.652310990366999,0.7409517653800299,0.6973613354873451,0.6765251031310001,0.6645221557317396,0.7409517653800299,,,,
bmi_binary,lstm,,40m,all,test,40.0,,1857,25310,0.6635322007111814,0.65054396927743,0.6326176640923378,0.7095594750458128,0.682283252557889,0.6757219170009315,0.6562543923938797,0.7411880365324085,0.6844372644049542,0.6705416040910215,0.6549334094368341,0.7411880365324085,,,,
bmi_binary,lstm,,80m,1,test,80.0,80.0,1857,1857,0.6919763058696823,0.6447086124908683,0.6431341719077568,0.6943153703889784,0.6919763058696823,0.6447086124908683,0.6431341719077568,0.6943153703889784,0.6919763058696823,0.6447086124908683,0.6431341719077568,0.6943153703889784,,,,
bmi_binary,lstm,,80m,10,test,80.0,800.0,1857,12062,0.7047753274747139,0.648132381008214,0.6487581994213594,0.709677303786502,0.7221324717285945,0.6674951998935422,0.6698471020504919,0.7355392549582995,0.7226709746903608,0.6611457521434139,0.665449298176571,0.7355392549582995,,,,
bmi_binary,lstm,,80m,12,test,80.0,960.0,1857,12074,0.7049030975650158,0.6481399825632967,0.6487661769980746,0.7097888998679874,0.7221324717285945,0.6674951998935422,0.6698471020504919,0.7355623389214629,0.7226709746903608,0.6611457521434139,0.665449298176571,0.7355623389214629,,,,
bmi_binary,lstm,,80m,2,test,80.0,160.0,1857,3714,0.6919763058696823,0.6372474003383837,0.6378345849280156,0.7012161174946568,0.715670436187399,0.6613745549547689,0.6631940532296404,0.7201816300536906,0.7199784598815293,0.6230945546288778,0.6307134553019642,0.7201816300536906,,,,
bmi_binary,lstm,,80m,3,test,80.0,240.0,1857,5571,0.6934123137677257,0.6412550705509281,0.6412097004813198,0.7059932908648763,0.7189014539579968,0.6666010357910059,0.6680203567221019,0.7290173564245385,0.7059773828756059,0.6485833236018587,0.650652166123195,0.7290173564245385,,,,
bmi_binary,lstm,,80m,4,test,80.0,320.0,1857,7423,0.6995823790920113,0.6493633395280576,0.6490377276242945,0.7092130275169162,0.724824986537426,0.6713692320644395,0.673543985333463,0.7329036095171106,0.7280560043080236,0.6534900236542729,0.6609810738518525,0.7329036095171106,,,,
bmi_binary,lstm,,80m,5,test,80.0,400.0,1857,9255,0.6984332793084819,0.6479959990430258,0.6476357611921804,0.7099317680075061,0.7205169628432956,0.6672888021052574,0.6691015836230205,0.7332159219599099,0.7172859450726979,0.6615809527430537,0.6639173566083585,0.7332159219599099,,,,
bmi_binary,lstm,,80m,6,test,80.0,480.0,1857,10838,0.701420926370179,0.6489618652486722,0.6490117080268887,0.710709234511355,0.7215939687668282,0.6666241197541694,0.6690386159362312,0.7344583823301768,0.7259019924609585,0.658670336564183,0.6645817460742729,0.7344583823301768,,,,
bmi_binary,lstm,,80m,8,test,80.0,640.0,1857,11916,0.7042631755622693,0.648490782510497,0.6488386130491394,0.7103690666645309,0.7205169628432956,0.666326065053324,0.668433127960993,0.7354319824235989,0.7221324717285945,0.6602746720040411,0.6646193606917252,0.7354319824235989,,,,
bmi_binary,lstm,,80m,all,test,80.0,,1857,12078,0.7048352376221229,0.6480707383114044,0.6486743106737716,0.7097509774847234,0.7221324717285945,0.6674951998935422,0.6698471020504919,0.7355270340366247,0.7226709746903608,0.6611457521434139,0.665449298176571,0.7355270340366247,,,,
bmi_binary,lstm,,120m,1,test,120.0,120.0,1857,1857,0.6575121163166397,0.6496119178428172,0.6308575729313306,0.7066680064417836,0.6575121163166397,0.6496119178428172,0.6308575729313306,0.7066680064417836,0.6575121163166397,0.6496119178428172,0.6308575729313306,0.7066680064417836,,,,
bmi_binary,lstm,,120m,2,test,120.0,240.0,1857,3714,0.6593968766828218,0.656511646538356,0.6350654006120033,0.7149234087681039,0.6742057081313947,0.6660252945921064,0.6474019279384742,0.7374688027027246,0.7145934302638665,0.6610765002539236,0.6625960573299765,0.7374688027027246,,,,
bmi_binary,lstm,,120m,3,test,120.0,360.0,1857,5561,0.6626506024096386,0.6601668606907256,0.6384405628335759,0.7192560472346345,0.6833602584814217,0.676019971701777,0.656977956939254,0.7455726316532734,0.6779752288637587,0.6721228555677161,0.6522585162508956,0.7455726316532734,,,,
bmi_binary,lstm,,120m,4,test,120.0,480.0,1857,7144,0.6643337066069429,0.6589809997436573,0.6380833109397368,0.719995850920569,0.6882067851373183,0.6766391650666312,0.6598699904749944,0.7451883515606117,0.7000538502961766,0.6712531333085294,0.6629679507252053,0.7451883515606117,,,,
bmi_binary,lstm,,120m,5,test,120.0,600.0,1857,7702,0.6645027265645287,0.6579802787612985,0.6367186975210821,0.7184344587623326,0.6849757673667205,0.6743008953861946,0.6570392439075133,0.7448651760763237,0.6925148088314486,0.6730176986103454,0.660282930158125,0.7448651760763237,,,,
bmi_binary,lstm,,120m,6,test,120.0,720.0,1857,7823,0.6657292598747284,0.6586067196202096,0.6376421702382463,0.7179318602094644,0.6855142703284868,0.674209238473634,0.6572804611359011,0.7448312290716717,0.6946688206785138,0.6736138080120362,0.6616637462970538,0.7448312290716717,,,,
bmi_binary,lstm,,120m,8,test,120.0,960.0,1857,7839,0.666156397499681,0.6589431033063411,0.6378944502260492,0.71821003561787,0.6855142703284868,0.674209238473634,0.6572804611359011,0.7447972820670195,0.69520732364028,0.6744848881514091,0.6623861945620081,0.7447972820670195,,,,
bmi_binary,lstm,,120m,all,test,120.0,,1857,7840,0.6660714285714285,0.6588812525267375,0.6378101094945252,0.7181803645049477,0.6855142703284868,0.674209238473634,0.6572804611359011,0.74477284022367,0.69520732364028,0.6744848881514091,0.6623861945620081,0.74477284022367,,,,
bmi_binary,lstm,,240m,1,test,240.0,240.0,1857,1857,0.7086698976844372,0.6760444135451265,0.669679966988941,0.7291008660559827,0.7086698976844372,0.6760444135451265,0.669679966988941,0.7291008660559827,0.7086698976844372,0.6760444135451265,0.669679966988941,0.7291008660559827,,,,
bmi_binary,lstm,,240m,2,test,240.0,480.0,1857,3440,0.709593023255814,0.6681332250164095,0.6640149092064174,0.7278623287098647,0.7086698976844372,0.6678611486036918,0.6647706853662076,0.7370240969417823,0.7361335487345181,0.6680003313227654,0.6750742030492525,0.7370240969417823,,,,
bmi_binary,lstm,,240m,3,test,240.0,720.0,1857,3561,0.7099129458017411,0.666955555439386,0.6633785835961583,0.7269076927557748,0.711900915455035,0.6716435238620285,0.6684885705562312,0.7394574182352447,0.7366720516962844,0.6707968855660051,0.6773972026049148,0.7394574182352447,,,,
bmi_binary,lstm,,240m,4,test,240.0,960.0,1857,3566,0.7103196859226023,0.6671807392882283,0.6635945832532353,0.727280095607446,0.711900915455035,0.6716435238620285,0.6684885705562312,0.7396217217377608,0.7366720516962844,0.6707968855660051,0.6773972026049148,0.7396217217377608,,,,
bmi_binary,lstm,,240m,all,test,240.0,,1857,3566,0.7103196859226023,0.6671807392882283,0.6635945832532353,0.727280095607446,0.711900915455035,0.6716435238620285,0.6684885705562312,0.7396217217377608,0.7366720516962844,0.6707968855660051,0.6773972026049148,0.7396217217377608,,,,
bmi_binary,transformer,,30s,1,test,0.5,0.5,1857,1857,0.6322024771136241,0.6067456771884276,0.5962700375899282,0.6478989519880725,0.6322024771136241,0.6067456771884276,0.5962700375899282,0.6478989519880725,0.6322024771136241,0.6067456771884276,0.5962700375899282,0.6478989519880725,,,,
bmi_binary,transformer,,30s,10,test,0.5,5.0,1857,18570,0.6380183091007,0.6120135733703401,0.6017499153043872,0.6557678948240322,0.678513731825525,0.6412236129932839,0.6357929968038272,0.6930946361016889,0.6817447495961227,0.6320090380505186,0.6307677866899211,0.6930946361016889,,,,
bmi_binary,transformer,,30s,100,test,0.5,50.0,1857,185700,0.6408992999461497,0.61442586109972,0.6043530671535778,0.6628480651565227,0.6844372644049542,0.6455104407407508,0.6408384601167059,0.7025101773119947,0.6849757673667205,0.6454187838281902,0.6409903141130271,0.7025101773119947,,,,
bmi_binary,transformer,,30s,12,test,0.5,6.0,1857,22284,0.6398761443187938,0.6129408923807532,0.6030547707242206,0.6623428744030232,0.6833602584814217,0.6461751230918389,0.6408322281167109,0.7031510967598262,0.686052773290253,0.6394590476914679,0.6374369610143704,0.7031510967598262,,,,
bmi_binary,transformer,,30s,120,test,0.5,60.0,1857,222840,0.6410877759827679,0.6146521156225926,0.6045640522100312,0.6625394227979484,0.6849757673667205,0.6444560467762567,0.6403704001644634,0.7025183245931113,0.6828217555196554,0.6414530947447321,0.6375970681018239,0.7025183245931113,,,,
bmi_binary,transformer,,30s,16,test,0.5,8.0,1857,29712,0.6395059235325794,0.6119107988137559,0.6022894191118184,0.6600581033749093,0.6790522347872914,0.6372810078729894,0.6334492936401115,0.6986103454175618,0.6828217555196554,0.634232566855231,0.6326974501427707,0.6986103454175618,,,,
bmi_binary,transformer,,30s,160,test,0.5,80.0,1857,297120,0.6400780829294561,0.6138110927269221,0.6036538436450936,0.6619929783060817,0.6817447495961227,0.6421177770958202,0.637619054694581,0.7014598569880588,0.6790522347872914,0.6387251134508896,0.6343966533300212,0.7014598569880588,,,,
bmi_binary,transformer,,30s,2,test,0.5,1.0,1857,3714,0.613354873451804,0.5931057707192149,0.5805948120970542,0.6362656529638451,0.6365105008077544,0.6117888441995432,0.6009989390530037,0.6583953658265009,0.6828217555196554,0.5942789791999914,0.5982534723943957,0.6583953658265009,,,,
bmi_binary,transformer,,30s,20,test,0.5,10.0,1857,37140,0.6396068928379106,0.6137167964347497,0.6034054327795177,0.6622556375790626,0.6790522347872914,0.6396878505028231,0.6350206963142357,0.7028095898930262,0.6779752288637587,0.631206530860543,0.6289504494751446,0.7028095898930262,,,,
bmi_binary,transformer,,30s,200,test,0.5,100.0,1857,371400,0.6395395799676898,0.6134755350726873,0.6032354015051601,0.6612078267704721,0.6806677436725902,0.6418197223949748,0.637012136612791,0.7007788800747378,0.6795907377490576,0.6400775621162291,0.6354778889609924,0.7007788800747378,,,,
bmi_binary,transformer,,30s,25,test,0.5,12.5,1857,46425,0.638578352180937,0.6113020984680395,0.6015527012983843,0.6588572732136406,0.678513731825525,0.6402608759413504,0.6351812808073056,0.6978669060156807,0.6736672051696284,0.634346628790862,0.6295253307909485,0.6978669060156807,,,,
bmi_binary,transformer,,30s,250,test,0.5,125.0,1857,464250,0.6406117393645665,0.6143448363890164,0.6041876955465626,0.662291612732571,0.6833602584814217,0.6432869119360385,0.6389940250898617,0.7019724567583054,0.6779752288637587,0.6374643216981106,0.6331697964620011,0.7019724567583054,,,,
bmi_binary,transformer,,30s,3,test,0.5,1.5,1857,5571,0.6248429366361515,0.6031846364004225,0.5911621939349505,0.6512781122689302,0.6558966074313409,0.6243743567042619,0.6163809839090686,0.6826837687149836,0.6445880452342488,0.6152276757708006,0.606316057263119,0.6826837687149836,,,,
bmi_binary,transformer,,30s,30,test,0.5,15.0,1857,55710,0.6391312152216837,0.6124659737856704,0.6024704857415999,0.6607035614783272,0.6849757673667205,0.6463815208801236,0.6416043109952615,0.7015406508591308,0.686052773290253,0.6428286273732351,0.6397106319592745,0.7015406508591308,,,,
bmi_binary,transformer,,30s,320,test,0.5,160.0,1857,594240,0.6401369816908993,0.6139289312668208,0.6037476363698889,0.6622467458109609,0.682283252557889,0.6420261201832596,0.6377661136105754,0.7016275551910401,0.6812062466343565,0.6417280654824141,0.6371610382066379,0.7016275551910401,,,,
bmi_binary,transformer,,30s,4,test,0.5,2.0,1857,7428,0.6313947226709747,0.6067628204257769,0.5959513329682077,0.6489510120959967,0.6715131933225633,0.6366387305449717,0.6301531143969847,0.6848848924966257,0.6887452880990845,0.6221528647198286,0.6251267801611051,0.6848848924966257,,,,
bmi_binary,transformer,,30s,40,test,0.5,20.0,1857,74280,0.6419897684437265,0.6148997307323592,0.605078121369212,0.6628194960533212,0.6855142703284868,0.6443643898636959,0.6405171042163882,0.7026310286485562,0.6892837910608508,0.6442041600017381,0.6418189300053854,0.7026310286485562,,,,
bmi_binary,transformer,,30s,400,test,0.5,200.0,1857,742800,0.6405681206246634,0.6145748935421934,0.6043057848731582,0.6624633697901533,0.6828217555196554,0.6428972003226323,0.6385355470300391,0.7023119268048265,0.6806677436725902,0.6413383538690081,0.6367031733678463,0.7023119268048265,,,,
bmi_binary,transformer,,30s,5,test,0.5,2.5,1857,9285,0.6328486806677437,0.6083686155868351,0.5974887802254595,0.6556669228533951,0.6698976844372644,0.6340254901268532,0.6278804069075827,0.6909478275274903,0.6585891222401723,0.624878809193392,0.6177474025974026,0.6909478275274903,,,,
bmi_binary,transformer,,30s,50,test,0.5,25.0,1857,92850,0.6410662358642972,0.6148836296680527,0.6046922380025734,0.6628432414229497,0.6855142703284868,0.6458084954415961,0.6414498480484341,0.7033805785112744,0.6828217555196554,0.6424158317966656,0.6382242185393991,0.7033805785112744,,,,
bmi_binary,transformer,,30s,500,test,0.5,250.0,1857,928500,0.6404943457189014,0.6142464009385669,0.6040814795508517,0.6622231223341416,0.6828217555196554,0.6438599373745658,0.6391537421815539,0.7018774051452796,0.682283252557889,0.642988857235193,0.6383868455099939,0.7018774051452796,,,,
bmi_binary,transformer,,30s,6,test,0.5,3.0,1857,11142,0.6351642434033388,0.6096111438511111,0.599166931301701,0.6567904646032319,0.6720516962843296,0.6331774939506438,0.6281609979598245,0.6933227599729511,0.6795907377490576,0.6241924007593266,0.6243708577751865,0.6933227599729511,,,,
bmi_binary,transformer,,30s,60,test,0.5,30.0,1857,111420,0.6395709926404595,0.6124472803017753,0.6026369640595177,0.660713401960598,0.683898761443188,0.6431952550234777,0.6391408972590428,0.6994372944508868,0.678513731825525,0.63737266478555,0.6333104558030922,0.6994372944508868,,,,
bmi_binary,transformer,,30s,8,test,0.5,4.0,1857,14856,0.6376548196015078,0.6106313362084184,0.6007805506384376,0.6581135950794496,0.6871297792137857,0.6479403673337479,0.6434450811960148,0.6969550894707255,0.6898222940226171,0.6359292381477428,0.6361894914424098,0.6969550894707255,,,,
bmi_binary,transformer,,30s,80,test,0.5,40.0,1857,148560,0.6405088852988692,0.6144778713055474,0.6042242353506442,0.6626743048205085,0.682283252557889,0.642988857235193,0.6383868455099939,0.7017429750068572,0.6806677436725902,0.6408569853430413,0.6363927232383868,0.7017429750068572,,,,
bmi_binary,transformer,,30s,all,test,0.5,,1857,2090035,0.6451313016289201,0.6120479652398725,0.6030738325865725,0.6599568657263135,0.6828217555196554,0.6433785688485991,0.6388453861507754,0.7021761387862181,0.6812062466343565,0.6417280654824141,0.6371610382066379,0.7021761387862181,,,,
bmi_binary,transformer,,10m,1,test,10.0,10.0,1857,1857,0.6327409800753904,0.6283156039443704,0.6079464827449572,0.6809348190353076,0.6327409800753904,0.6283156039443704,0.6079464827449572,0.6809348190353076,0.6327409800753904,0.6283156039443704,0.6079464827449572,0.6809348190353076,,,,
bmi_binary,transformer,,10m,10,test,10.0,100.0,1857,18570,0.6545503500269252,0.6394777864380359,0.6243292543269083,0.6888957854114784,0.6817447495961227,0.6657048348681905,0.6511427871208337,0.7241126931924036,0.6908992999461497,0.6617398247248256,0.6533744286416696,0.7241126931924036,,,,
bmi_binary,transformer,,10m,100,test,10.0,1000.0,1857,103565,0.6590740114903684,0.6383039387640206,0.6241707448784128,0.690128060760487,0.6855142703284868,0.6665073420581662,0.6534322886440855,0.7280423984509303,0.682283252557889,0.6632063353257962,0.6501239030745846,0.7280423984509303,,,,
bmi_binary,transformer,,10m,12,test,10.0,120.0,1857,22284,0.6529348411416263,0.6390788412393644,0.6233436125479588,0.6916006991498764,0.6865912762520194,0.6682495023369118,0.6548679857447597,0.7264903413982363,0.6892837910608508,0.6610520584105741,0.6522509154673826,0.7264903413982363,,,,
bmi_binary,transformer,,10m,16,test,10.0,160.0,1857,29712,0.6537762520193862,0.6385445153861404,0.6234733626240876,0.691828349177532,0.6844372644049542,0.6662092873573208,0.6527452286860889,0.7268678320899677,0.6849757673667205,0.6598598396071924,0.6496055766624984,0.7268678320899677,,,,
bmi_binary,transformer,,10m,2,test,10.0,20.0,1857,3714,0.6287022078621433,0.6193756602692405,0.6015813505190848,0.6657326714120052,0.6365105008077544,0.631043585238213,0.6111776480540039,0.6858041773826045,0.6882067851373183,0.6183935734246553,0.6218288421530231,0.6858041773826045,,,,
bmi_binary,transformer,,10m,20,test,10.0,200.0,1857,37140,0.6547388260635434,0.6398548697657114,0.6246152242995751,0.6923939902938724,0.6817447495961227,0.6642607292902903,0.6504053593891402,0.727728728127945,0.683898761443188,0.6653382072179479,0.6520279447935504,0.727728728127945,,,,
bmi_binary,transformer,,10m,25,test,10.0,250.0,1857,46425,0.6536995153473344,0.6395552127662463,0.6239587644851421,0.6931034753585483,0.6817447495961227,0.6623352551864233,0.6494047156981977,0.7287267700647166,0.6801292407108239,0.6621288573981386,0.6485061500223058,0.7287267700647166,,,,
bmi_binary,transformer,,10m,3,test,10.0,30.0,1857,5571,0.6361514988332436,0.6259700922362748,0.6085225840535143,0.6789142933184148,0.6704361873990307,0.6584836280385964,0.6418067941997413,0.7117967199046225,0.6591276252019386,0.6445232618454678,0.6291466132856312,0.7117967199046225,,,,
bmi_binary,transformer,,10m,30,test,10.0,300.0,1857,55695,0.6561091659933567,0.6420427760590437,0.6263988720621929,0.6931660911169514,0.6855142703284868,0.665063236480266,0.6526757553785412,0.7283954472993122,0.6844372644049542,0.66187697062362,0.650456378115436,0.7283954472993122,,,,
bmi_binary,transformer,,10m,4,test,10.0,40.0,1857,7428,0.6444534194938072,0.6319781462762851,0.6156020739053383,0.6815955550471049,0.682283252557889,0.6675386520594969,0.6523381176255559,0.7147501093093549,0.6973613354873451,0.6495684656768625,0.6483949868607237,0.7147501093093549,,,,
bmi_binary,transformer,,10m,40,test,10.0,400.0,1857,74149,0.655450511807307,0.6408607936226589,0.6254259933102058,0.6931928924546518,0.686052773290253,0.667378422197539,0.654150506348645,0.7283194060088913,0.6817447495961227,0.6594470440306228,0.647865849256563,0.7283194060088913,,,,
bmi_binary,transformer,,10m,5,test,10.0,50.0,1857,9285,0.6437264404954227,0.6308743933670269,0.6146869080073238,0.6854227759959372,0.6812062466343565,0.6629082806249509,0.6494403004112287,0.7191292729094756,0.6736672051696284,0.653120001303565,0.6406357377342343,0.7191292729094756,,,,
bmi_binary,transformer,,10m,50,test,10.0,500.0,1857,91072,0.6562170590302179,0.6409842247965489,0.6255704427058955,0.6930344338873373,0.6865912762520194,0.6672867652849783,0.6543690997006677,0.7283010746263793,0.6828217555196554,0.6631146784132356,0.6503387207477527,0.7283010746263793,,,,
bmi_binary,transformer,,10m,6,test,10.0,60.0,1857,11142,0.6491653204092622,0.6353881228935884,0.6196254672109907,0.6868845408056574,0.6812062466343565,0.6619455435730173,0.6489378824070408,0.7194796059974853,0.6935918147549811,0.6574305919542883,0.6519980831838909,0.7194796059974853,,,,
bmi_binary,transformer,,10m,60,test,10.0,600.0,1857,99339,0.6574658492636326,0.6396349792794124,0.6246075452350307,0.6918288867466614,0.6855142703284868,0.6665073420581662,0.6534322886440855,0.7282718802023784,0.6806677436725902,0.6615558319596112,0.6484711605836038,0.7282718802023784,,,,
bmi_binary,transformer,,10m,8,test,10.0,80.0,1857,14856,0.6538772213247173,0.6398210076285709,0.6241813905379939,0.6898054153449965,0.686052773290253,0.6644902110417386,0.6526324705864235,0.7243123015797578,0.6973613354873451,0.6644908899818316,0.6578572252849567,0.7243123015797578,,,,
bmi_binary,transformer,,10m,80,test,10.0,800.0,1857,103401,0.6587460469434532,0.6381919623045644,0.6240190758110832,0.6899623349620538,0.6855142703284868,0.6665073420581662,0.6534322886440855,0.7280519036122328,0.682283252557889,0.6632063353257962,0.6501239030745846,0.7280519036122328,,,,
bmi_binary,transformer,,10m,all,test,10.0,,1857,103590,0.6591562892171059,0.6383574090417965,0.6242190701846189,0.6901980017348801,0.6855142703284868,0.6665073420581662,0.6534322886440855,0.7280505457320467,0.682283252557889,0.6632063353257962,0.6501239030745846,0.7280505457320467,,,,
bmi_binary,transformer,,40m,1,test,40.0,40.0,1857,1857,0.6499730748519117,0.6441559552551321,0.6243492517172784,0.6969387949084925,0.6499730748519117,0.6441559552551321,0.6243492517172784,0.6969387949084925,0.6499730748519117,0.6441559552551321,0.6243492517172784,0.6969387949084925,,,,
bmi_binary,transformer,,40m,10,test,40.0,400.0,1857,18527,0.6694014141523182,0.6559218782266135,0.6399595724265357,0.7062653734529383,0.6935918147549811,0.6766853329929581,0.6626982974233904,0.7353681620548529,0.7075928917609047,0.6800786755779817,0.6714391332922558,0.7353681620548529,,,,
bmi_binary,transformer,,40m,12,test,40.0,480.0,1857,21886,0.6707027323403089,0.6559273964904921,0.6403402940552403,0.7063420921816914,0.6919763058696823,0.6750348296267731,0.6610414177618479,0.7343117312700796,0.7022078621432418,0.6790697705997214,0.668265703755605,0.7343117312700796,,,,
bmi_binary,transformer,,40m,16,test,40.0,640.0,1857,24813,0.6732761052674001,0.654501798879042,0.6396867546028246,0.7051913672564729,0.6941303177167475,0.6765936760803974,0.6629272944346586,0.7353695199350391,0.6973613354873451,0.6770064716569668,0.6647721578513225,0.7353695199350391,,,,
bmi_binary,transformer,,40m,2,test,40.0,80.0,1857,3714,0.650511577813678,0.6428608770276546,0.6240116678105696,0.687550241566885,0.6602046311254712,0.6530045814877479,0.6338737269348481,0.7081901901303836,0.7016693591814755,0.641614682486876,0.6440756424627392,0.7081901901303836,,,,
bmi_binary,transformer,,40m,20,test,40.0,800.0,1857,25270,0.6734467748318164,0.6534459083572313,0.6390775379714838,0.7042024668491601,0.6941303177167475,0.6765936760803974,0.6629272944346586,0.7353247098888983,0.6957458266020463,0.6758373368167486,0.6633573685786093,0.7353247098888983,,,,
bmi_binary,transformer,,40m,25,test,40.0,1000.0,1857,25305,0.6737798853981427,0.6536329211577512,0.6392587776620571,0.7044950641202462,0.6941303177167475,0.6765936760803974,0.6629272944346586,0.7353545832529921,0.6957458266020463,0.6758373368167486,0.6633573685786093,0.7353545832529921,,,,
bmi_binary,transformer,,40m,3,test,40.0,120.0,1857,5571,0.651768084724466,0.6430481513366519,0.6247444881805558,0.693141633843685,0.6855142703284868,0.6732465014217005,0.6568162831320726,0.7201605829108063,0.6742057081313947,0.6616929778584058,0.6453140898530694,0.7201605829108063,,,,
bmi_binary,transformer,,40m,4,test,40.0,160.0,1857,7428,0.6620893914916532,0.6507583081899185,0.6337567919179722,0.6994865600413881,0.6882067851373183,0.6747136909627642,0.658937806124828,0.7296990122779526,0.708131394722671,0.6698782796201195,0.6657862719523112,0.7296990122779526,,,,
bmi_binary,transformer,,40m,5,test,40.0,200.0,1857,9285,0.661389337641357,0.6498184514191205,0.6329384249770524,0.7000919013309941,0.6871297792137857,0.6763411103657857,0.659155721585569,0.7273458059154693,0.683898761443188,0.6696705239516486,0.6542253751213714,0.7273458059154693,,,,
bmi_binary,transformer,,40m,6,test,40.0,240.0,1857,11142,0.6672051696284329,0.6540594280789707,0.6379747994332452,0.7042819092036817,0.6957458266020463,0.6801696535504493,0.6655477935726957,0.7327420217749667,0.7038233710285406,0.6725370090244718,0.6654391628952754,0.7327420217749667,,,,
bmi_binary,transformer,,40m,8,test,40.0,320.0,1857,14848,0.6693157327586207,0.6562188160803845,0.6401065973157631,0.7060854527999385,0.6957458266020463,0.6801696535504493,0.6655477935726957,0.7350864019162405,0.7043618739903069,0.6767776688456117,0.6680746864757494,0.7350864019162405,,,,
bmi_binary,transformer,,40m,all,test,40.0,,1857,25310,0.6738443303042275,0.653674741260222,0.6392963643886249,0.7045315645827881,0.6941303177167475,0.6765936760803974,0.6629272944346586,0.7353423623313173,0.6957458266020463,0.6758373368167486,0.6633573685786093,0.7353423623313173,,,,
bmi_binary,transformer,,80m,1,test,80.0,80.0,1857,1857,0.682283252557889,0.6569485444882286,0.6467450882274801,0.7069721716034665,0.682283252557889,0.6569485444882286,0.6467450882274801,0.7069721716034665,0.682283252557889,0.6569485444882286,0.6467450882274801,0.7069721716034665,,,,
bmi_binary,transformer,,80m,10,test,80.0,800.0,1857,12062,0.6949925385508208,0.6563954298816432,0.65046856650423,0.7121692266103871,0.708131394722671,0.6722851222499532,0.667235989113444,0.7354360560641572,0.7140549273021002,0.6712768962117859,0.6691708663343167,0.7354360560641572,,,,
bmi_binary,transformer,,80m,12,test,80.0,960.0,1857,12074,0.6952128540665894,0.6564794528214132,0.6505618951312593,0.7123943735984212,0.708131394722671,0.6722851222499532,0.667235989113444,0.7354428454650876,0.7140549273021002,0.6712768962117859,0.6691708663343167,0.7354428454650876,,,,
bmi_binary,transformer,,80m,2,test,80.0,160.0,1857,3714,0.6782444803446419,0.6489713378650321,0.6403895356671259,0.7043506141692082,0.6935918147549811,0.6612815401620222,0.654307945532464,0.7241344192753809,0.7124394184168013,0.6397815442356628,0.6454890604890605,0.7241344192753809,,,,
bmi_binary,transformer,,80m,3,test,80.0,240.0,1857,5571,0.682283252557889,0.6529371401051723,0.6444626183253294,0.7101921581514,0.7043618739903069,0.6729267206378778,0.6659096740704475,0.7333680045407514,0.6984383414108778,0.6662330502605772,0.6593562385842804,0.7333680045407514,,,,
bmi_binary,transformer,,80m,4,test,80.0,320.0,1857,7423,0.6908258116664422,0.6606161724967503,0.652680569799436,0.7129717202028977,0.708131394722671,0.6761360704576871,0.6694844123125261,0.7353328571700147,0.7232094776521271,0.6730883083800218,0.6740779237098307,0.7353328571700147,,,,
bmi_binary,transformer,,80m,5,test,80.0,400.0,1857,9255,0.6893571042679633,0.658561521742008,0.6507810685432249,0.7130269470042214,0.7086698976844372,0.6750816764931928,0.6691229578251053,0.7342642054635667,0.7043618739903069,0.6690757724301439,0.6636594303186301,0.7342642054635667,,,,
bmi_binary,transformer,,80m,6,test,80.0,480.0,1857,10838,0.6921941317586271,0.6587971145976184,0.6517361846382036,0.7144324182662543,0.7108239095315024,0.6737523117910168,0.669303942815169,0.7351780588288012,0.7183629509962305,0.6719877464892008,0.6714047187669696,0.7351780588288012,,,,
bmi_binary,transformer,,80m,8,test,80.0,640.0,1857,11916,0.6947801275595837,0.6573111200546221,0.6509389091471017,0.712918384454843,0.7075928917609047,0.6718954106365471,0.6667653684843995,0.735256815879594,0.7140549273021002,0.6712768962117859,0.6691708663343167,0.735256815879594,,,,
bmi_binary,transformer,,80m,all,test,80.0,,1857,12078,0.6953137936744495,0.6565377222468103,0.6506166645301377,0.7124521040854941,0.708131394722671,0.6722851222499532,0.667235989113444,0.7354346981839711,0.7140549273021002,0.6712768962117859,0.6691708663343167,0.7354346981839711,,,,
bmi_binary,transformer,,120m,1,test,120.0,120.0,1857,1857,0.6693591814754981,0.6615551530195182,0.6427279563827788,0.7118564666328101,0.6693591814754981,0.6615551530195182,0.6427279563827788,0.7118564666328101,0.6693591814754981,0.6615551530195182,0.6427279563827788,0.7118564666328101,,,,
bmi_binary,transformer,,120m,2,test,120.0,240.0,1857,3714,0.6725901992460959,0.6631713699110046,0.6451956245268593,0.7138301454832832,0.6801292407108239,0.67079349086554,0.6527997411400915,0.7311750280402258,0.7145934302638665,0.663964711409724,0.6645912566965199,0.7311750280402258,,,,
bmi_binary,transformer,,120m,3,test,120.0,360.0,1857,5561,0.6734400287718036,0.6641109563159602,0.6460483412165469,0.7186161919362936,0.6855142703284868,0.674209238473634,0.6572804611359011,0.7371388378175063,0.691437802907916,0.6804215403249678,0.6633946537861344,0.7371388378175063,,,,
bmi_binary,transformer,,120m,4,test,120.0,480.0,1857,7144,0.6777715565509519,0.6663646638641472,0.6486727508887066,0.7192106344097418,0.6882067851373183,0.6761577965406644,0.6596387153549932,0.7368686196604757,0.6995153473344103,0.6732702643249571,0.6638340474898976,0.7368686196604757,,,,
bmi_binary,transformer,,120m,5,test,120.0,600.0,1857,7702,0.6787847312386394,0.6643245967604989,0.6472152277362742,0.7175570615829014,0.6865912762520194,0.6745072931744795,0.6579915698336751,0.7370492177252247,0.6946688206785138,0.674095176538003,0.6619153503202098,0.7370492177252247,,,,
bmi_binary,transformer,,120m,6,test,120.0,720.0,1857,7823,0.6796625335549022,0.6641591720592461,0.6475607158564364,0.7166825351695864,0.6849757673667205,0.671894052756361,0.6558767936002007,0.7372949940389061,0.6946688206785138,0.6726510709601028,0.6611567960666707,0.7372949940389061,,,,
bmi_binary,transformer,,120m,8,test,120.0,960.0,1857,7839,0.6800612323000382,0.6643422355097853,0.6477251388370855,0.7170509219237944,0.6849757673667205,0.671894052756361,0.6558767936002007,0.7372243842692296,0.6946688206785138,0.6726510709601028,0.6611567960666707,0.7372243842692296,,,,
bmi_binary,transformer,,120m,all,test,120.0,,1857,7840,0.6801020408163265,0.6643692722779876,0.6477491742061086,0.7170764369550239,0.6849757673667205,0.671894052756361,0.6558767936002007,0.7372230263890436,0.6946688206785138,0.6726510709601028,0.6611567960666707,0.7372230263890436,,,,
bmi_binary,transformer,,240m,1,test,240.0,240.0,1857,1857,0.6742057081313947,0.672283085429674,0.6502501515291603,0.7324690878575638,0.6742057081313947,0.672283085429674,0.6502501515291603,0.7324690878575638,0.6742057081313947,0.672283085429674,0.6502501515291603,0.7324690878575638,,,,
bmi_binary,transformer,,240m,2,test,240.0,480.0,1857,3440,0.6851744186046511,0.6752534228027924,0.6560507825298925,0.7358631014879177,0.6849757673667205,0.6786332121198955,0.6590580625520783,0.7443872022508222,0.711900915455035,0.6730876294399287,0.6693742505972758,0.7443872022508222,,,,
bmi_binary,transformer,,240m,3,test,240.0,720.0,1857,3561,0.6882898062342039,0.676590263614428,0.6582975555374208,0.7358792387675042,0.6871297792137857,0.6801920585735197,0.6609517398850415,0.7457695242802556,0.7124394184168013,0.6763655522091352,0.6715804073889589,0.7457695242802556,,,,
bmi_binary,transformer,,240m,4,test,240.0,960.0,1857,3566,0.6887268648345485,0.6768855136608418,0.6585574646788046,0.7363055264576912,0.6871297792137857,0.6801920585735197,0.6609517398850415,0.7458496392112345,0.7124394184168013,0.6763655522091352,0.6715804073889589,0.7458496392112345,,,,
bmi_binary,transformer,,240m,all,test,240.0,,1857,3566,0.6887268648345485,0.6768855136608418,0.6585574646788046,0.7363055264576912,0.6871297792137857,0.6801920585735197,0.6609517398850415,0.7458496392112345,0.7124394184168013,0.6763655522091352,0.6715804073889589,0.7458496392112345,,,,
sex_binary,lstm,,30s,1,test,0.5,0.5,1431,1431,0.5814116002795248,0.5799711448364547,0.5799642770513131,0.6120764348190868,0.5814116002795248,0.5799711448364547,0.5799642770513131,0.6120764348190868,0.5814116002795248,0.5799711448364547,0.5799642770513131,0.6120764348190868,,,,
sex_binary,lstm,,30s,10,test,0.5,5.0,1431,14310,0.6167714884696017,0.6155895313780301,0.615545777453773,0.6655293805157075,0.676450034940601,0.6735965452214516,0.6739219985383031,0.737647363241815,0.6708595387840671,0.6698191063524486,0.6697752172057635,0.737647363241815,,,,
sex_binary,lstm,,30s,100,test,0.5,50.0,1431,143100,0.6238714185883997,0.6222388921342235,0.622302809515821,0.6739235148019932,0.6757512229210343,0.6719371772906726,0.6721973182724778,0.7529433442977727,0.6757512229210343,0.6715206200723731,0.6716981132075471,0.7529433442977727,,,,
sex_binary,lstm,,30s,12,test,0.5,6.0,1431,17172,0.6191474493361285,0.6182502211837151,0.6181216479219356,0.6696214390619807,0.6715583508036338,0.6683126394241513,0.6686089825457642,0.7434144754123426,0.6659678546471,0.6648684463297878,0.6648403231559843,0.7434144754123426,,,,
sex_binary,lstm,,30s,120,test,0.5,60.0,1431,171720,0.6230200326112276,0.6214245505429292,0.6214806239922727,0.6721726560652037,0.676450034940601,0.6728467422285125,0.6731401931401931,0.7514339369655816,0.6708595387840671,0.6664033371623926,0.6664789582678705,0.7514339369655816,,,,
sex_binary,lstm,,30s,16,test,0.5,8.0,1431,22896,0.6207197763801537,0.6191893943552087,0.6192303152725891,0.6687756534925138,0.6701607267645003,0.6667434438794513,0.6670189899627299,0.7436869528398422,0.6743535988819007,0.6721175220628306,0.6723823841528122,0.7436869528398422,,,,
sex_binary,lstm,,30s,160,test,0.5,80.0,1431,228960,0.6230913696715583,0.6214800853795277,0.621539170765884,0.6733548572685069,0.6694619147449337,0.665334010279652,0.665486489491827,0.7521023887841234,0.6715583508036338,0.6670629677692528,0.6671328795923458,0.7521023887841234,,,,
sex_binary,lstm,,30s,2,test,0.5,1.0,1431,2862,0.5733752620545073,0.5752596376638295,0.5733727099088695,0.6077991272881242,0.6093640810621943,0.6101886955192165,0.6091686425759636,0.637063006974638,0.549266247379455,0.5638743937867305,0.5279630960265325,0.637063006974638,,,,
sex_binary,lstm,,30s,20,test,0.5,10.0,1431,28620,0.6180293501048219,0.6167102173154504,0.6167023189858458,0.6700140134748909,0.6743535988819007,0.6703679817459727,0.6705879214682031,0.744459298929301,0.6701607267645003,0.6666601324357914,0.6669270371027871,0.744459298929301,,,,
sex_binary,lstm,,30s,200,test,0.5,100.0,1431,286200,0.62277428371768,0.621158700459095,0.6212181821199966,0.6722531592434536,0.6778476589797344,0.6739160691112531,0.6741714769464655,0.75100071745855,0.6729559748427673,0.6686321633139528,0.6687631068729474,0.75100071745855,,,,
sex_binary,lstm,,30s,25,test,0.5,12.5,1431,35775,0.6188958770090845,0.617199912179937,0.6172682131301814,0.6684342435516942,0.6729559748427673,0.6695485891942117,0.6698408629291475,0.7445769150850561,0.6638714185883997,0.658973916657192,0.6588272031762319,0.7445769150850561,,,,
sex_binary,lstm,,30s,250,test,0.5,125.0,1431,357750,0.6225436757512229,0.6209487703230916,0.6210041642331962,0.672071739989885,0.6757512229210343,0.671603931516033,0.6718006714408298,0.750930147765097,0.6722571628232006,0.6675559754887932,0.6675655233322155,0.750930147765097,,,,
sex_binary,lstm,,30s,3,test,0.5,1.5,1431,4293,0.590729093873748,0.5909878580921875,0.5903417936529273,0.6302283103829364,0.6254367575122292,0.6244437735967412,0.6243491139329778,0.6759576895482363,0.623340321453529,0.6223815703325009,0.6222748942817895,0.6759576895482363,,,,
sex_binary,lstm,,30s,30,test,0.5,15.0,1431,42930,0.620708129513161,0.6192582406452684,0.6192825180197075,0.6697589696476263,0.6750524109014675,0.6711942352401525,0.6714423474307756,0.7477407896748698,0.6757512229210343,0.6723537345089722,0.672662735895565,0.7477407896748698,,,,
sex_binary,lstm,,30s,320,test,0.5,160.0,1431,457920,0.6230389587700909,0.6214123887057126,0.6214741873942488,0.6726856716124463,0.673654786862334,0.6696250396954526,0.6698309573156723,0.7509281874958345,0.6715583508036338,0.6670629677692528,0.6671328795923458,0.7509281874958345,,,,
sex_binary,lstm,,30s,4,test,0.5,2.0,1431,5724,0.6004542278127184,0.6000913485476365,0.599756443984333,0.6449193986285957,0.6505939902166318,0.6485237212183466,0.6487026300904977,0.7024762121324986,0.6324248777078966,0.6375383722708151,0.6315682819383259,0.7024762121324986,,,,
sex_binary,lstm,,30s,40,test,0.5,20.0,1431,57240,0.6217155835080364,0.6200668843872394,0.6201309326817455,0.6706895161369366,0.6729559748427673,0.6692153434195721,0.669468035961764,0.7486346724586089,0.6757512229210343,0.6721038001779924,0.6723875235847194,0.7486346724586089,,,,
sex_binary,lstm,,30s,400,test,0.5,200.0,1431,572400,0.6230415793151642,0.6214414178431549,0.6214983890324104,0.6732169833379564,0.6757512229210343,0.671687242959693,0.6719018686231801,0.7522709719407057,0.6708595387840671,0.6664033371623926,0.6664789582678705,0.7522709719407057,,,,
sex_binary,lstm,,30s,5,test,0.5,2.5,1431,7155,0.6110412299091544,0.6103555144334626,0.6101505331326719,0.6545709166611126,0.663172606568833,0.6609802522474487,0.6612069473642848,0.7139320257030506,0.6561844863731656,0.6537174546295679,0.6539495983359351,0.7139320257030506,,,,
sex_binary,lstm,,30s,50,test,0.5,25.0,1431,71550,0.6233962264150943,0.6218844852528944,0.6219245661813007,0.6726362543959038,0.6771488469601677,0.6730898156170732,0.6733160847067009,0.7508438959175432,0.6722571628232006,0.6682224670380723,0.6684169571328701,0.7508438959175432,,,,
sex_binary,lstm,,30s,500,test,0.5,250.0,1431,715500,0.6235234102026554,0.6219090631089086,0.6219692424925347,0.6732637530295961,0.6771488469601677,0.6730898156170732,0.6733160847067009,0.7527414365637264,0.6722571628232006,0.6678059098197728,0.6678951834981555,0.7527414365637264,,,,
sex_binary,lstm,,30s,6,test,0.5,3.0,1431,8586,0.6085488003726998,0.6076695861610217,0.607532118156152,0.6556461690022186,0.6540880503144654,0.6509887598160483,0.6512095116307812,0.7220259774882678,0.6512928022361985,0.6530156782335621,0.6512594227777873,0.7220259774882678,,,,
sex_binary,lstm,,30s,60,test,0.5,30.0,1431,85860,0.623549965059399,0.6219518466389877,0.6220090535751233,0.6731875192487551,0.6729559748427673,0.6691320319759122,0.6693714330851714,0.7510154194780195,0.673654786862334,0.6691251710334931,0.669203372925025,0.7510154194780195,,,,
sex_binary,lstm,,30s,8,test,0.5,4.0,1431,11448,0.6219426974143956,0.6213851409629627,0.6211306489081114,0.6686377837734792,0.6792452830188679,0.6761517562052324,0.6764926216682254,0.7389019355698698,0.673654786862334,0.6741238576530872,0.6733172177968318,0.7389019355698698,,,,
sex_binary,lstm,,30s,80,test,0.5,40.0,1431,114480,0.6236198462613557,0.622126808838462,0.6221632479704056,0.6730034890342538,0.6750524109014675,0.6709443009091729,0.6711442232847771,0.7522102035935655,0.6743535988819007,0.6696181787530335,0.6696361690743713,0.7522102035935655,,,,
sex_binary,lstm,,30s,all,test,0.5,,1431,1519402,0.6231096181260786,0.6211343352904027,0.6211760132090545,0.6726572785158705,0.6778476589797344,0.6737494462239333,0.6739730901812521,0.7528316089498053,0.6729559748427673,0.6682156060956533,0.6682182985553772,0.7528316089498053,,,,
sex_binary,lstm,,10m,1,test,10.0,10.0,1431,1431,0.6282320055904962,0.6212504949679888,0.6191483401036559,0.6727800930735846,0.6282320055904962,0.6212504949679888,0.6191483401036559,0.6727800930735846,0.6282320055904962,0.6212504949679888,0.6191483401036559,0.6727800930735846,,,,
sex_binary,lstm,,10m,10,test,10.0,100.0,1431,14310,0.6751921733053808,0.6721842692312217,0.6725059996607328,0.742384050073118,0.7330538085255066,0.7295259676869215,0.730206815678192,0.819974751731898,0.7323549965059399,0.7310324346152188,0.7311951150728938,0.819974751731898,,,,
sex_binary,lstm,,10m,12,test,10.0,120.0,1431,17172,0.6787794083391567,0.6757536581891554,0.6760925006817323,0.7461066261783941,0.740041928721174,0.7368720767484622,0.7375658141231686,0.8234777529041389,0.7421383647798742,0.7406005088859006,0.7408729482996288,0.8234777529041389,,,,
sex_binary,lstm,,10m,16,test,10.0,160.0,1431,22896,0.6787211740041929,0.6756726541457735,0.6760112063285078,0.7432869009355875,0.7449336128581412,0.7416561138838031,0.742397034519187,0.8220624384965519,0.7449336128581412,0.7429057855387016,0.7433615186980062,0.8220624384965519,,,,
sex_binary,lstm,,10m,2,test,10.0,20.0,1431,2862,0.6219426974143956,0.6180630971470241,0.6179659452884239,0.6757572520161369,0.6568832983927324,0.6513778732646717,0.6508571533633437,0.7178800079978985,0.6254367575122292,0.6331914751810308,0.6221730066716846,0.7178800079978985,,,,
sex_binary,lstm,,10m,20,test,10.0,200.0,1431,28620,0.6784067085953879,0.6755893059470649,0.675922017514721,0.7446208226662014,0.742837176799441,0.7398438449505425,0.7405278842060451,0.8230856990516218,0.7421383647798742,0.740267263111261,0.7406611767514023,0.8230856990516218,,,,
sex_binary,lstm,,10m,25,test,10.0,250.0,1431,35775,0.6808106219426974,0.6780225587786739,0.6783642969366839,0.7476330360258285,0.750524109014675,0.7480162075062631,0.7486367002315014,0.8270454429620452,0.7421383647798742,0.739350837231002,0.7399925450338551,0.8270454429620452,,,,
sex_binary,lstm,,10m,3,test,10.0,30.0,1431,4293,0.649895178197065,0.6467532713626878,0.6469515382997053,0.709244586280816,0.7078965758211041,0.7032799225301587,0.70366506153023,0.7756491431663054,0.6904262753319357,0.6862059772530356,0.6865071574419643,0.7756491431663054,,,,
sex_binary,lstm,,10m,30,test,10.0,300.0,1431,42917,0.6801500570869352,0.6773769626680908,0.6777156219596489,0.7478440746061511,0.742837176799441,0.7398438449505425,0.7405278842060451,0.8270611251161459,0.7393431167016072,0.7367123148035615,0.7373064912630389,0.8270611251161459,,,,
sex_binary,lstm,,10m,4,test,10.0,40.0,1431,5724,0.6589797344514325,0.6555228626204095,0.6557314980970598,0.7210903164658697,0.7071977638015374,0.7033700949162376,0.7038565050771564,0.7924016042843646,0.7071977638015374,0.7092852074160907,0.7071834644504144,0.7924016042843646,,,,
sex_binary,lstm,,10m,40,test,10.0,400.0,1431,57106,0.6813294575000876,0.6784468260363088,0.6787976472462333,0.7485863336677047,0.7449336128581412,0.7422392939894223,0.7428763838519388,0.8277962260896157,0.7449336128581412,0.7425725397640619,0.7431272656454019,0.8277962260896157,,,,
sex_binary,lstm,,10m,5,test,10.0,50.0,1431,7155,0.6656883298392733,0.6628217291927219,0.6631012177423012,0.7285320719654051,0.7246680642907058,0.7217770232919194,0.7223411799468138,0.80273810410598,0.7120894479385046,0.7084040663825584,0.7089338257074587,0.80273810410598,,,,
sex_binary,lstm,,10m,50,test,10.0,500.0,1431,69710,0.6819107732032706,0.6789563109561512,0.6793314597220748,0.7489543828498254,0.750524109014675,0.7479328960626032,0.7485748455252144,0.8273394833514331,0.7407407407407407,0.7382815103482614,0.7388425369562448,0.8273394833514331,,,,
sex_binary,lstm,,10m,6,test,10.0,60.0,1431,8586,0.6674819473561612,0.6645203351799069,0.6648070704030229,0.7330104552050158,0.7218728162124388,0.7185553207588594,0.7191461033197231,0.8092893239815422,0.7211740041928721,0.7216447051166948,0.7208331846155576,0.8092893239815422,,,,
sex_binary,lstm,,10m,60,test,10.0,600.0,1431,74171,0.6815601785064244,0.6783347503865831,0.678744377937877,0.7486072229205549,0.750524109014675,0.7479328960626032,0.7485748455252144,0.8275511924317924,0.7407407407407407,0.7381981989046016,0.7387793159268544,0.8275511924317924,,,,
sex_binary,lstm,,10m,8,test,10.0,80.0,1431,11448,0.6748777078965759,0.6722581713824212,0.6725655618795976,0.7429780857823631,0.740041928721174,0.7371220110794419,0.7377767882124378,0.8211117079041976,0.7288609364081062,0.7286507074611769,0.7282652529863866,0.8211117079041976,,,,
sex_binary,lstm,,10m,80,test,10.0,800.0,1431,75257,0.6813319691191517,0.6779761061571239,0.6784038625856059,0.7482233472387867,0.750524109014675,0.7479328960626032,0.7485748455252144,0.8276296032022958,0.7414395527603075,0.7388578295114616,0.7394514934039849,0.8276296032022958,,,,
sex_binary,lstm,,10m,all,test,10.0,,1431,75259,0.6813271502411672,0.6779724174365684,0.6783999794043319,0.7482207309269608,0.750524109014675,0.7479328960626032,0.7485748455252144,0.8276296032022958,0.7414395527603075,0.7388578295114616,0.7394514934039849,0.8276296032022958,,,,
sex_binary,lstm,,40m,1,test,40.0,40.0,1431,1431,0.676450034940601,0.6728467422285125,0.6731401931401931,0.7296435838426766,0.676450034940601,0.6728467422285125,0.6731401931401931,0.7296435838426766,0.676450034940601,0.6728467422285125,0.6731401931401931,0.7296435838426766,,,,
sex_binary,lstm,,40m,10,test,40.0,400.0,1431,14261,0.7127831147885842,0.7124674372146389,0.7121228035148179,0.7853420606414322,0.7784765897973445,0.7781504467453649,0.777882616774838,0.8519173393657352,0.7672955974842768,0.7692625859088005,0.7672587727974047,0.8519173393657352,,,,
sex_binary,lstm,,40m,12,test,40.0,480.0,1431,16754,0.7150531216425928,0.7148909081087058,0.714411698839074,0.7894746288132289,0.7819706498951782,0.782115091328945,0.7815472415979707,0.853954059129562,0.7728860936408106,0.7744563193200218,0.7727991081482597,0.853954059129562,,,,
sex_binary,lstm,,40m,16,test,40.0,640.0,1431,18280,0.7160831509846827,0.7159253986379495,0.7153175102218181,0.789883325510482,0.7812718378756115,0.7816220836094045,0.780911926597427,0.8552537176506565,0.7707896575821104,0.7718109359501621,0.7706013450109478,0.8552537176506565,,,,
sex_binary,lstm,,40m,2,test,40.0,80.0,1431,2862,0.6680642907058001,0.667138928203178,0.6670495513147067,0.7345413165952475,0.713487071977638,0.7117228022441162,0.7119949812286958,0.7792991645332403,0.6680642907058001,0.6780110716007951,0.6626067127725739,0.7792991645332403,,,,
sex_binary,lstm,,40m,20,test,40.0,800.0,1431,18347,0.7155938300539598,0.7154396215882853,0.7148179117474425,0.7895470362596396,0.782669461914745,0.7830246562667849,0.7823118503891368,0.8551674658031025,0.7714884696016772,0.7724705665570222,0.7712914535065301,0.8551674658031025,,,,
sex_binary,lstm,,40m,3,test,40.0,120.0,1431,4293,0.6908921500116468,0.6906446802866175,0.6902596223738818,0.7612592421250539,0.7519217330538085,0.7510850090368413,0.751063970539593,0.8198453739605671,0.7386443046820406,0.7382187817318586,0.7379623899351362,0.8198453739605671,,,,
sex_binary,lstm,,40m,4,test,40.0,160.0,1431,5724,0.6953179594689028,0.6943849557175173,0.6943264569981535,0.7679254372380591,0.7624039133473096,0.7614793368017031,0.761522444946358,0.831397240724986,0.742837176799441,0.746925317661634,0.7426832462267949,0.831397240724986,,,,
sex_binary,lstm,,40m,5,test,40.0,200.0,1431,7155,0.7067784765897973,0.7065567086294973,0.7061647426583026,0.7802676551651135,0.7784765897973445,0.7782337581890248,0.7779143699356255,0.845385722182799,0.756114605171209,0.7558759071146013,0.755529622426587,0.845385722182799,,,,
sex_binary,lstm,,40m,6,test,40.0,240.0,1431,8586,0.7108082925692989,0.7105410865903208,0.7101761119825629,0.7834475299082637,0.7645003494060097,0.7642913430588825,0.7639354806812602,0.8495904997510457,0.7624039133473096,0.765728220428358,0.7623778043462972,0.8495904997510457,,,,
sex_binary,lstm,,40m,8,test,40.0,320.0,1431,11442,0.7114140884460759,0.7111693418320477,0.7107888662526829,0.7844032972788006,0.7784765897973445,0.7782337581890248,0.7779143699356255,0.8501060505671059,0.7672955974842768,0.7696791431271,0.7672883243956503,0.8501060505671059,,,,
sex_binary,lstm,,40m,all,test,40.0,,1431,18347,0.7155938300539598,0.7154396215882853,0.7148179117474425,0.7895470362596396,0.782669461914745,0.7830246562667849,0.7823118503891368,0.8551674658031025,0.7714884696016772,0.7724705665570222,0.7712914535065301,0.8551674658031025,,,,
sex_binary,lstm,,80m,1,test,80.0,80.0,1431,1431,0.705800139762404,0.7017175879278778,0.7021693229721024,0.782008256654134,0.705800139762404,0.7017175879278778,0.7021693229721024,0.782008256654134,0.705800139762404,0.7017175879278778,0.7021693229721024,0.782008256654134,,,,
sex_binary,lstm,,80m,10,test,80.0,800.0,1431,8720,0.7462155963302752,0.7437256913709929,0.7442472102731263,0.818965109344257,0.7889587700908456,0.7869618570806887,0.7875869485720577,0.8686776415608448,0.7910552061495457,0.7908569121054467,0.7905249104440126,0.8686776415608448,,,,
sex_binary,lstm,,80m,2,test,80.0,160.0,1431,2862,0.722921034241789,0.7211276840986878,0.7214355123246626,0.7987332740025169,0.7658979734451432,0.7636111296247652,0.7642400931266018,0.8374074262840743,0.7274633123689728,0.7343296075148882,0.726044006534613,0.8374074262840743,,,,
sex_binary,lstm,,80m,3,test,80.0,240.0,1431,4293,0.7332867458653622,0.7314398439102928,0.731796552809941,0.807072695060949,0.7756813417190775,0.7740123183320461,0.7744437215354587,0.8543970799829065,0.76659678546471,0.7648539403372447,0.7652844947139732,0.8543970799829065,,,,
sex_binary,lstm,,80m,4,test,80.0,320.0,1431,5721,0.7388568432092292,0.7368383580326712,0.7372672340209966,0.8118662298749355,0.7847658979734451,0.7823375818902485,0.7831109728876414,0.860715027816221,0.777078965758211,0.7787473487358223,0.7770053515120281,0.860715027816221,,,,
sex_binary,lstm,,80m,5,test,80.0,400.0,1431,7123,0.7421030464691843,0.7400833550919003,0.7405220747135426,0.8135859700760362,0.779874213836478,0.7778867905295471,0.7784682752062277,0.8637514849039665,0.7784765897973445,0.7767341522031466,0.7772075691875191,0.8637514849039665,,,,
sex_binary,lstm,,80m,6,test,80.0,480.0,1431,8270,0.7451027811366384,0.7429154921306085,0.7433881962067668,0.818481412966878,0.7875611460517121,0.7854759729796486,0.7861314643729426,0.8673270160389233,0.7896575821104123,0.7900375195536858,0.7893114693476855,0.8673270160389233,,,,
sex_binary,lstm,,80m,8,test,80.0,640.0,1431,8705,0.7462377943710511,0.7437701628132583,0.7442886697604403,0.8191614465792072,0.7889587700908456,0.7869618570806887,0.7875869485720577,0.8687462509850353,0.7910552061495457,0.7908569121054467,0.7905249104440126,0.8687462509850353,,,,
sex_binary,lstm,,80m,all,test,80.0,,1431,8720,0.7462155963302752,0.7437256913709929,0.7442472102731263,0.818965109344257,0.7889587700908456,0.7869618570806887,0.7875869485720577,0.8686776415608448,0.7910552061495457,0.7908569121054467,0.7905249104440126,0.8686776415608448,,,,
sex_binary,lstm,,120m,1,test,120.0,120.0,1431,1431,0.7309573724668065,0.7284635017465999,0.7289875383508201,0.8026753754895772,0.7309573724668065,0.7284635017465999,0.7289875383508201,0.8026753754895772,0.7309573724668065,0.7284635017465999,0.7289875383508201,0.8026753754895772,,,,
sex_binary,lstm,,120m,2,test,120.0,240.0,1431,2862,0.7424877707896576,0.7415968157386099,0.7415867206094028,0.8184271191490864,0.7700908455625437,0.769401765026444,0.7693334319760005,0.8511645959689023,0.7498252969951084,0.7567707700329718,0.7485224470240807,0.8511645959689023,,,,
sex_binary,lstm,,120m,3,test,120.0,360.0,1431,4279,0.7497078756718859,0.7486620857124566,0.7487369020978849,0.8253206828723294,0.7847658979734451,0.7836705649888068,0.7838529712933866,0.8629262115444177,0.7735849056603774,0.7722000493987854,0.772496025437202,0.8629262115444177,,,,
sex_binary,lstm,,120m,4,test,120.0,480.0,1431,5426,0.7530409141172134,0.7518634537100414,0.7519121372262136,0.8288871622558378,0.7861635220125787,0.7856563177518063,0.785509816215369,0.8656098201648977,0.782669461914745,0.7842743279216833,0.7825862234895653,0.8656098201648977,,,,
sex_binary,lstm,,120m,5,test,120.0,600.0,1431,5661,0.7532238120473415,0.7519160818629069,0.751922538164131,0.8295496435969792,0.7882599580712788,0.7878851439033665,0.7876610259135106,0.8663762854465689,0.782669461914745,0.783774459259724,0.7824995198325058,0.8663762854465689,,,,
sex_binary,lstm,,120m,6,test,120.0,720.0,1431,5675,0.7531277533039648,0.7517875092871815,0.7517940256368448,0.8293536121673004,0.7882599580712788,0.7878851439033665,0.7876610259135106,0.8663547224846805,0.782669461914745,0.783774459259724,0.7824995198325058,0.8663547224846805,,,,
sex_binary,lstm,,120m,all,test,120.0,,1431,5675,0.7531277533039648,0.7517875092871815,0.7517940256368448,0.8293536121673004,0.7882599580712788,0.7878851439033665,0.7876610259135106,0.8663547224846805,0.782669461914745,0.783774459259724,0.7824995198325058,0.8663547224846805,,,,
sex_binary,lstm,,240m,1,test,240.0,240.0,1431,1431,0.7714884696016772,0.7698879118035653,0.7702750933383081,0.8377622350206024,0.7714884696016772,0.7698879118035653,0.7702750933383081,0.8377622350206024,0.7714884696016772,0.7698879118035653,0.7702750933383081,0.8377622350206024,,,,
sex_binary,lstm,,240m,2,test,240.0,480.0,1431,2578,0.7750193948797518,0.774555949863404,0.7741274713588244,0.846970233287045,0.7875611460517121,0.7873088247401663,0.7870068624071695,0.8587135928991206,0.7617051013277428,0.7659017042580969,0.7615541922290389,0.8587135928991206,,,,
sex_binary,lstm,,240m,3,test,240.0,720.0,1431,2592,0.7750771604938271,0.7745941071974911,0.7741395918885896,0.8473692183064735,0.7868623340321453,0.7866491941333061,0.7863213969412168,0.8588096460929874,0.7631027253668763,0.7672209654718172,0.7629689168158975,0.8588096460929874,,,,
sex_binary,lstm,,240m,all,test,240.0,,1431,2592,0.7750771604938271,0.7745941071974911,0.7741395918885896,0.8473692183064735,0.7868623340321453,0.7866491941333061,0.7863213969412168,0.8588096460929874,0.7631027253668763,0.7672209654718172,0.7629689168158975,0.8588096460929874,,,,
sex_binary,transformer,,30s,1,test,0.5,0.5,1431,1431,0.5723270440251572,0.5722290613838716,0.5717831367716951,0.6092536470809631,0.5723270440251572,0.5722290613838716,0.5717831367716951,0.6092536470809631,0.5723270440251572,0.5722290613838716,0.5717831367716951,0.6092536470809631,,,,
sex_binary,transformer,,30s,10,test,0.5,5.0,1431,14310,0.6125087351502446,0.6135819216127527,0.6123778046381829,0.6638472146534048,0.6785464709993012,0.6774082888025499,0.6774082888025499,0.7403113691696691,0.6722571628232006,0.6747207596435447,0.6722565226245106,0.7403113691696691,,,,
sex_binary,transformer,,30s,100,test,0.5,50.0,1431,143100,0.6181970649895179,0.6190604527437888,0.6180081897034744,0.6709099434658345,0.686932215234102,0.6850739217538921,0.685301833147453,0.753633359078203,0.6848357791754018,0.6834282757079513,0.6835277058711899,0.753633359078203,,,,
sex_binary,transformer,,30s,12,test,0.5,6.0,1431,17172,0.6150710458886559,0.6164365637263934,0.6149995549191327,0.667484098949165,0.6911250873515025,0.6900314427189719,0.6900314427189719,0.7456746658721042,0.6729559748427673,0.6751304559194251,0.6729519820914415,0.7456746658721042,,,,
sex_binary,transformer,,30s,120,test,0.5,60.0,1431,171720,0.6160843233170277,0.6170486741392132,0.6159242204959061,0.6690250759413758,0.684136967155835,0.6825187107701114,0.6826789484838733,0.7516672090078294,0.6911250873515025,0.6897815083879921,0.6898709474964206,0.7516672090078294,,,,
sex_binary,transformer,,30s,16,test,0.5,8.0,1431,22896,0.6126834381551363,0.6135458404066383,0.6124971595008655,0.6659764081287955,0.6827393431167016,0.6815326953310307,0.6815623235460192,0.7443142390038695,0.6666666666666666,0.6675275515844856,0.6664555709479517,0.7443142390038695,,,,
sex_binary,transformer,,30s,160,test,0.5,80.0,1431,228960,0.6179682040531097,0.618899825830076,0.6177984000583769,0.6707631951543614,0.6862334032145353,0.6844976025906919,0.6846936416979224,0.7534451732289947,0.6904262753319357,0.6892885006684518,0.6893041196060509,0.7534451732289947,,,,
sex_binary,transformer,,30s,2,test,0.5,1.0,1431,2862,0.5695317959468903,0.5731312753119768,0.5692280326068737,0.6067150983859143,0.5960866526904263,0.5991553199747517,0.5959822824184069,0.6396887876518719,0.5450733752620545,0.562082707680727,0.5139705026876685,0.6396887876518719,,,,
sex_binary,transformer,,30s,20,test,0.5,10.0,1431,28620,0.6160726764500349,0.6171168261672424,0.6159328938418358,0.6690998247519279,0.6862334032145353,0.6850807826963112,0.6850960489912343,0.7475731866529186,0.6806429070580013,0.6807201637216889,0.6801530843064132,0.7475731866529186,,,,
sex_binary,transformer,,30s,200,test,0.5,100.0,1431,286200,0.6163242487770789,0.6172468214233907,0.6161528362166483,0.669010573790416,0.686932215234102,0.6850739217538921,0.685301833147453,0.752000454782469,0.6813417190775681,0.679713565455351,0.6798707975855005,0.752000454782469,,,,
sex_binary,transformer,,30s,25,test,0.5,12.5,1431,35775,0.6112089447938505,0.6119401176945665,0.6109841403329316,0.6656928258065528,0.6876310272536688,0.6864000439100315,0.6864452600149902,0.7458393284901613,0.676450034940601,0.6748462168763502,0.6749873071234631,0.7458393284901613,,,,
sex_binary,transformer,,30s,250,test,0.5,125.0,1431,357750,0.6155611460517121,0.6164185331697162,0.6153719223380211,0.6687970793713025,0.6848357791754018,0.6829284070459918,0.683162284695954,0.7512085060003841,0.6806429070580013,0.6791372462921508,0.6792589232070821,0.7512085060003841,,,,
sex_binary,transformer,,30s,3,test,0.5,1.5,1431,4293,0.5844397856976473,0.586856263909744,0.5844256925847773,0.6285250542014451,0.6226415094339622,0.6236381029298184,0.6224864674730815,0.6782590456625123,0.6058700209643606,0.6078902798088346,0.6058682887380893,0.6782590456625123,,,,
sex_binary,transformer,,30s,30,test,0.5,15.0,1431,42930,0.6127416724901001,0.613804575529828,0.6126081527917709,0.6669580846513966,0.6834381551362684,0.6823589488252106,0.6823436018434805,0.7493678131628161,0.6820405310971349,0.6817061791607695,0.6813627254509018,0.7493678131628161,,,,
sex_binary,transformer,,30s,320,test,0.5,160.0,1431,457920,0.6164286338225018,0.6172932320233507,0.6162410180296555,0.6697331773941687,0.6890286512928022,0.6874693707927721,0.68762278978389,0.7524395550972882,0.6862334032145353,0.6845809140343517,0.6847549035721978,0.7524395550972882,,,,
sex_binary,transformer,,30s,4,test,0.5,2.0,1431,5724,0.5950384346610762,0.5969578581313929,0.5950344300175694,0.6429870019445871,0.6512928022361985,0.6511828264730444,0.650719013968422,0.7045638988971524,0.6156533892382949,0.6242065810159684,0.6112089201877935,0.7045638988971524,,,,
sex_binary,transformer,,30s,40,test,0.5,20.0,1431,57240,0.6164395527603075,0.6173756552200009,0.6162717446952565,0.6683752185700228,0.6883298392732355,0.6868097401859119,0.6869501495043988,0.7502087686764654,0.689727463312369,0.6891287387235511,0.6889179174631028,0.7502087686764654,,,,
sex_binary,transformer,,30s,400,test,0.5,200.0,1431,572400,0.6170055904961566,0.617886837085942,0.6168223877473591,0.6702473334824773,0.6848357791754018,0.682845095602332,0.6830969420949902,0.7531423116279252,0.6848357791754018,0.6830117184896518,0.6832263565001127,0.7531423116279252,,,,
sex_binary,transformer,,30s,5,test,0.5,2.5,1431,7155,0.5988819007686932,0.6004775215923659,0.5988508002413594,0.6509099569916923,0.6547868623340322,0.6543143566200254,0.6540284406579251,0.7140810061670071,0.6457023060796646,0.6460724045054829,0.6453358231755755,0.7140810061670071,,,,
sex_binary,transformer,,30s,50,test,0.5,25.0,1431,71550,0.6169252271139064,0.6178790866713452,0.6167619180188026,0.670048215958944,0.6827393431167016,0.6811161381127312,0.6812748730346869,0.7528688540657945,0.6834381551362684,0.6823589488252106,0.6823436018434805,0.7528688540657945,,,,
sex_binary,transformer,,30s,500,test,0.5,250.0,1431,715500,0.616785464709993,0.6176690144158201,0.6166030230896599,0.6701768167383471,0.6876310272536688,0.6858168638044122,0.6860358788371405,0.7534667361908832,0.686932215234102,0.6854071675285317,0.6855463385156293,0.7534667361908832,,,,
sex_binary,transformer,,30s,6,test,0.5,3.0,1431,8586,0.5980666200791986,0.5994274706907075,0.5980018319705935,0.6531668367744772,0.6561844863731656,0.6550504377281263,0.6550239309471637,0.7239999686356917,0.6457023060796646,0.6505712224631175,0.6450359774883228,0.7239999686356917,,,,
sex_binary,transformer,,30s,60,test,0.5,30.0,1431,85860,0.6176682972280456,0.6184827417894122,0.6174654812337177,0.6707568406318514,0.6862334032145353,0.6845809140343517,0.6847549035721978,0.7532618880529429,0.6862334032145353,0.6849974712526512,0.6850423305295985,0.7532618880529429,,,,
sex_binary,transformer,,30s,8,test,0.5,4.0,1431,11448,0.6137316561844863,0.6152694684141814,0.6136877830298755,0.6652017839920492,0.6834381551362684,0.68294212893083,0.6826788508860857,0.7392351813445095,0.660377358490566,0.6638402851015616,0.6602564102564102,0.7392351813445095,,,,
sex_binary,transformer,,30s,80,test,0.5,40.0,1431,114480,0.6172606568832983,0.6182652744180941,0.6171103771363395,0.6704133439081692,0.6911250873515025,0.6897815083879921,0.6898709474964206,0.7533648021892287,0.689727463312369,0.6887954929489115,0.6887301587301587,0.7533648021892287,,,,
sex_binary,transformer,,30s,all,test,0.5,,1431,1519402,0.6168940148821708,0.6177447531552447,0.616545841528847,0.6700402503619658,0.6876310272536688,0.685900175248072,0.686098124362965,0.7536725644634547,0.6876310272536688,0.685900175248072,0.686098124362965,0.7536725644634547,,,,
sex_binary,transformer,,10m,1,test,10.0,10.0,1431,1431,0.6114605171208944,0.6057526061779845,0.6045625335480408,0.6461125900253659,0.6114605171208944,0.6057526061779845,0.6045625335480408,0.6461125900253659,0.6114605171208944,0.6057526061779845,0.6045625335480408,0.6461125900253659,,,,
sex_binary,transformer,,10m,10,test,10.0,100.0,1431,14310,0.6656883298392733,0.6629800209356758,0.6632567598833166,0.7260852638718454,0.7120894479385046,0.7081541320515786,0.7086714867947203,0.8047042541763536,0.7225716282320056,0.7199647543586587,0.7204727450753672,0.8047042541763536,,,,
sex_binary,transformer,,10m,12,test,10.0,120.0,1431,17172,0.6656766829722804,0.662975969712533,0.6632524081975992,0.7284871883335228,0.7232704402515723,0.7193747133106203,0.7199852154628865,0.8074839159907004,0.7316561844863732,0.7297063124590794,0.7300901821325423,0.8074839159907004,,,,
sex_binary,transformer,,10m,16,test,10.0,160.0,1431,22896,0.6677148846960168,0.6648669148694265,0.6651548079733802,0.7303080959794388,0.7232704402515723,0.7191247789796407,0.7197226288924939,0.8106419097727264,0.7260656883298393,0.7226797272873402,0.7233025799679575,0.8106419097727264,,,,
sex_binary,transformer,,10m,2,test,10.0,20.0,1431,2862,0.6114605171208944,0.6094183096990202,0.6095153026168554,0.6520169210442747,0.6310272536687631,0.6279712781347646,0.6280980020003623,0.6868724688023147,0.6023759608665269,0.6125900253658842,0.5949311609974504,0.6868724688023147,,,,
sex_binary,transformer,,10m,20,test,10.0,200.0,1431,28620,0.6687281621243886,0.6659493878079092,0.666240220236356,0.7312015225411362,0.7204751921733054,0.7167361908831797,0.7173277496839443,0.8121571979127054,0.7302585604472397,0.7273040024777804,0.7279081727150565,0.8121571979127054,,,,
sex_binary,transformer,,10m,25,test,10.0,250.0,1431,35775,0.6712229210342417,0.6684359011553827,0.6687371760750019,0.7342018136411218,0.7281621243885394,0.7248252419952405,0.7254587573368869,0.8151505290766738,0.7274633123689728,0.7230825626208016,0.7237003136832433,0.8151505290766738,,,,
sex_binary,transformer,,10m,3,test,10.0,30.0,1431,4293,0.6363848124854414,0.6343614292192509,0.6345034915490795,0.6855450398000003,0.676450034940601,0.6731799880031522,0.6735009966662806,0.7451747972101448,0.6820405310971349,0.6787902786326729,0.6791424481277704,0.7451747972101448,,,,
sex_binary,transformer,,10m,30,test,10.0,300.0,1431,42917,0.6711093506069856,0.6683208424624677,0.6686223074119388,0.7338405129551563,0.7274633123689728,0.7239156770574006,0.7245566966348034,0.8159483586665465,0.7239692522711391,0.7200343439174806,0.7206493939730902,0.8159483586665465,,,,
sex_binary,transformer,,10m,4,test,10.0,40.0,1431,5724,0.6483228511530398,0.6457550859186018,0.6459662877445145,0.7056593218644513,0.7099930118798043,0.7068417317802773,0.7073497054352191,0.7749120819235731,0.70020964360587,0.702772212791149,0.7002090580083478,0.7749120819235731,,,,
sex_binary,transformer,,10m,40,test,10.0,400.0,1431,57106,0.6711729065247084,0.6682748878684366,0.6685811362879757,0.7349213121158282,0.7274633123689728,0.7237490541700808,0.7243945559418458,0.8165070354063835,0.7337526205450734,0.7297690410754821,0.7304667744711901,0.8165070354063835,,,,
sex_binary,transformer,,10m,5,test,10.0,50.0,1431,7155,0.6568832983927324,0.6545936949899438,0.6548138547230105,0.7136572351578213,0.7148846960167715,0.7116257689156182,0.7121689574254106,0.7866815385761388,0.7113906359189378,0.7080776815503378,0.7086015360713473,0.7866815385761388,,,,
sex_binary,transformer,,10m,50,test,10.0,500.0,1431,69710,0.672270836321905,0.6693162073970651,0.669649224629324,0.7354372156019513,0.7274633123689728,0.7238323656137406,0.724476194237643,0.8167069828711672,0.7309573724668065,0.7270472072043817,0.7277215612142778,0.8167069828711672,,,,
sex_binary,transformer,,10m,6,test,10.0,60.0,1431,8586,0.6580479850920102,0.6553376171750952,0.6555855040528842,0.7182923724180532,0.7176799440950384,0.7142642913430588,0.7148322507833031,0.7950166034806541,0.7141858839972047,0.7136321045058749,0.7134195276369361,0.7950166034806541,,,,
sex_binary,transformer,,10m,60,test,10.0,600.0,1431,74171,0.6718663628641922,0.6687211492256211,0.6690791679549583,0.7347849356317793,0.7246680642907058,0.7210272202989803,0.7216503090503368,0.8170029835298176,0.7281621243885394,0.7242420618896211,0.7248926943178027,0.8170029835298176,,,,
sex_binary,transformer,,10m,8,test,10.0,80.0,1431,11448,0.6633473095737247,0.660936881290014,0.6611876145492257,0.7269536809201111,0.7211740041928721,0.7176457558210196,0.7182410576156767,0.8070350143295683,0.7281621243885394,0.7270746509740578,0.7271302150913448,0.8070350143295683,,,,
sex_binary,transformer,,10m,80,test,10.0,800.0,1431,75257,0.671618586975298,0.6683460818794572,0.6687195933179308,0.734304962288428,0.7239692522711391,0.7203675896921201,0.7209847486767329,0.8170245464917062,0.7295597484276729,0.7255613231033415,0.726222156746327,0.8170245464917062,,,,
sex_binary,transformer,,10m,all,test,10.0,,1431,75259,0.6716007387820726,0.6683283636395272,0.6687017430060018,0.7342923341127778,0.7239692522711391,0.7203675896921201,0.7209847486767329,0.8170206259531809,0.7295597484276729,0.7255613231033415,0.726222156746327,0.8170206259531809,,,,
sex_binary,transformer,,40m,1,test,40.0,40.0,1431,1431,0.6561844863731656,0.6561334864957051,0.655638118044795,0.7154061481885152,0.6561844863731656,0.6561334864957051,0.655638118044795,0.7154061481885152,0.6561844863731656,0.6561334864957051,0.655638118044795,0.7154061481885152,,,,
sex_binary,transformer,,40m,10,test,40.0,400.0,1431,14261,0.711520931210995,0.7128844252258808,0.7114072841323337,0.7907455644184547,0.7889587700908456,0.7911274292636836,0.7889355791546522,0.8603602190796928,0.7756813417190775,0.7792609392826199,0.775637515806934,0.8603602190796928,,,,
sex_binary,transformer,,40m,12,test,40.0,480.0,1431,16754,0.7159484302256177,0.7174759419743804,0.7158279314715235,0.7951473897066523,0.7896575821104123,0.791537125539564,0.7896078547260581,0.8632555367805321,0.779874213836478,0.7828021657054813,0.77987249388962,0.8632555367805321,,,,
sex_binary,transformer,,40m,16,test,40.0,640.0,1431,18280,0.7150984682713348,0.716740432166594,0.7149067819217924,0.7944170930985613,0.7910552061495457,0.7931063210842642,0.7910221413406127,0.8638436175593079,0.7840670859538784,0.7864267035720026,0.7840565406090167,0.8638436175593079,,,,
sex_binary,transformer,,40m,2,test,40.0,80.0,1431,2862,0.6614255765199162,0.6627469449203542,0.661326302783013,0.7268002132772957,0.6974143955276031,0.6983841500468504,0.6972227719506564,0.7685725711283702,0.6422082459818309,0.6541046078089287,0.6326353790613719,0.7685725711283702,,,,
sex_binary,transformer,,40m,20,test,40.0,800.0,1431,18347,0.7148307625224832,0.7164548961796887,0.7146263786192859,0.7937245326055372,0.7917540181691125,0.7936826402474644,0.7917091612449446,0.8638396970207828,0.7847658979734451,0.7870863341788628,0.7847531792697935,0.8638396970207828,,,,
sex_binary,transformer,,40m,3,test,40.0,120.0,1431,4293,0.6848357791754018,0.6863441762360478,0.684761270702499,0.7571052137499386,0.7463312368972747,0.7477241273861378,0.7462196993347374,0.8203766069307279,0.7274633123689728,0.7284978064586951,0.7272809901524244,0.8203766069307279,,,,
sex_binary,transformer,,40m,4,test,40.0,160.0,1431,5724,0.6925227113906359,0.6936001129115095,0.6923591078590023,0.7689235818432021,0.7568134171907757,0.7572853407144005,0.7564793696869169,0.8337809281482904,0.7225716282320056,0.7280459643936691,0.7219061894078942,0.8337809281482904,,,,
sex_binary,transformer,,40m,5,test,40.0,200.0,1431,7155,0.7060796645702306,0.7076299560507631,0.7060050316690585,0.7810504298870493,0.782669461914745,0.7847741965836428,0.7826422890298192,0.8471342823650257,0.7624039133473096,0.7637287457805204,0.7622774924365018,0.8471342823650257,,,,
sex_binary,transformer,,40m,6,test,40.0,240.0,1431,8586,0.7122059166084324,0.7136654290833389,0.7121145008886305,0.7865047604050003,0.7847658979734451,0.7859199739676241,0.7846059113300492,0.8542049735951731,0.7672955974842768,0.7715953063312777,0.7671313877566379,0.8542049735951731,,,,
sex_binary,transformer,,40m,8,test,40.0,320.0,1431,11442,0.7080929907358854,0.7095093267953575,0.7079927460232489,0.7876034998939092,0.7805730258560447,0.7827119933194023,0.780548913425698,0.8564416408237835,0.7610062893081762,0.764992139320257,0.7608940785616571,0.8564416408237835,,,,
sex_binary,transformer,,40m,all,test,40.0,,1431,18347,0.7148307625224832,0.7164548961796887,0.7146263786192859,0.7937245326055372,0.7917540181691125,0.7936826402474644,0.7917091612449446,0.8638396970207828,0.7847658979734451,0.7870863341788628,0.7847531792697935,0.8638396970207828,,,,
sex_binary,transformer,,80m,1,test,80.0,80.0,1431,1431,0.7044025157232704,0.7027310471366347,0.702951916343477,0.7838077838371879,0.7044025157232704,0.7027310471366347,0.702951916343477,0.7838077838371879,0.7044025157232704,0.7027310471366347,0.702951916343477,0.7838077838371879,,,,
sex_binary,transformer,,80m,10,test,80.0,800.0,1431,8720,0.7493119266055046,0.7488743402118205,0.748437872075832,0.8264497444430188,0.8029350104821803,0.8027371239713488,0.8024208394698085,0.8786142464528927,0.7987421383647799,0.800278946316066,0.7986476451045534,0.8786142464528927,,,,
sex_binary,transformer,,80m,2,test,80.0,160.0,1431,2862,0.7278127183787562,0.7278278844382065,0.7273090534820873,0.8029174687435067,0.7686932215234102,0.7691655525803025,0.7683633722849409,0.8441605538936828,0.7232704402515723,0.7322046756342451,0.7200704225352113,0.8441605538936828,,,,
sex_binary,transformer,,80m,3,test,80.0,240.0,1431,4293,0.7391101793617517,0.7386863059509854,0.7384294801491555,0.8145101744508959,0.7889587700908456,0.7889613317285262,0.7884951195924967,0.863743643826916,0.7777777777777778,0.7771575703638651,0.777063492063492,0.863743643826916,,,,
sex_binary,transformer,,80m,4,test,80.0,320.0,1431,5721,0.7418283516867681,0.7414829291865102,0.7411815316966146,0.8199271713974188,0.7959468902865129,0.7958075721281075,0.7954433304613456,0.8722570932343267,0.7784765897973445,0.7819827731537203,0.7784415344647968,0.8722570932343267,,,,
sex_binary,transformer,,80m,5,test,80.0,400.0,1431,7123,0.7447704618840376,0.744238489718088,0.7440381445529061,0.8217479645849652,0.8043326345213138,0.8043063195160487,0.8038766519823788,0.8734959834082809,0.7945492662473794,0.7939051308087679,0.7938557636147685,0.8734959834082809,,,,
sex_binary,transformer,,80m,6,test,80.0,480.0,1431,8270,0.7499395405078597,0.7495307728447262,0.7491969544100049,0.8268430819826169,0.8043326345213138,0.8040563851850691,0.8037936748580898,0.8777634895929305,0.7980433263452131,0.7998692500401856,0.7979865034181083,0.8777634895929305,,,,
sex_binary,transformer,,80m,8,test,80.0,640.0,1431,8705,0.7495692130959218,0.7491451094489064,0.7487100549241648,0.8268780856902059,0.8029350104821803,0.8027371239713488,0.8024208394698085,0.8787730282631622,0.7994409503843466,0.801021888366586,0.7993527650387593,0.8787730282631622,,,,
sex_binary,transformer,,80m,all,test,80.0,,1431,8720,0.7493119266055046,0.7488743402118205,0.748437872075832,0.8264497444430188,0.8029350104821803,0.8027371239713488,0.8024208394698085,0.8786142464528927,0.7987421383647799,0.800278946316066,0.7986476451045534,0.8786142464528927,,,,
sex_binary,transformer,,120m,1,test,120.0,120.0,1431,1431,0.7379454926624738,0.7348931849278817,0.7355569627426679,0.813417651048548,0.7379454926624738,0.7348931849278817,0.7355569627426679,0.813417651048548,0.7379454926624738,0.7348931849278817,0.7355569627426679,0.813417651048548,,,,
sex_binary,transformer,,120m,2,test,120.0,240.0,1431,2862,0.7578616352201258,0.7567335249169826,0.7568675908406379,0.8318520231939059,0.7812718378756115,0.7802891005108461,0.7804032140635135,0.8663527622154179,0.7707896575821104,0.7771428683443957,0.7699392998306042,0.8663527622154179,,,,
sex_binary,transformer,,120m,3,test,120.0,360.0,1431,4279,0.7604580509464828,0.7590033245607958,0.759290593614403,0.8374687911349723,0.7945492662473794,0.7928220820411891,0.7933502956952276,0.8770479913120866,0.7889587700908456,0.7871284799680084,0.7876812875840113,0.8770479913120866,,,,
sex_binary,transformer,,120m,4,test,120.0,480.0,1431,5426,0.7635458901584962,0.7621578892211156,0.7623368962416563,0.8440768480886772,0.7945492662473794,0.793072016372169,0.7934793280030159,0.882793540520726,0.7882599580712788,0.7893847498892448,0.7880943874895475,0.882793540520726,,,,
sex_binary,transformer,,120m,5,test,120.0,600.0,1431,5661,0.7641759406465288,0.7626434301014692,0.7627945841182837,0.8440346252341618,0.7938504542278128,0.7924956972089686,0.7928388069062073,0.8836815424966774,0.7910552061495457,0.7916067150983859,0.7907572456592065,0.8836815424966774,,,,
sex_binary,transformer,,120m,6,test,120.0,720.0,1431,5675,0.7640528634361233,0.7624863423801407,0.7626389397740929,0.8438247579089326,0.793151642208246,0.7918360666021085,0.7921568627450981,0.8836384165729003,0.7910552061495457,0.7916067150983859,0.7907572456592065,0.8836384165729003,,,,
sex_binary,transformer,,120m,all,test,120.0,,1431,5675,0.7640528634361233,0.7624863423801407,0.7626389397740929,0.8438247579089326,0.793151642208246,0.7918360666021085,0.7921568627450981,0.8836384165729003,0.7910552061495457,0.7916067150983859,0.7907572456592065,0.8836384165729003,,,,
sex_binary,transformer,,240m,1,test,240.0,240.0,1431,1431,0.7847658979734451,0.7820876475592687,0.7829469122426869,0.8579510481559749,0.7847658979734451,0.7820876475592687,0.7829469122426869,0.8579510481559749,0.7847658979734451,0.7820876475592687,0.7829469122426869,0.8579510481559749,,,,
sex_binary,transformer,,240m,2,test,240.0,480.0,1431,2578,0.7866563227307991,0.7860275854140384,0.7857245619889064,0.862570302265707,0.7910552061495457,0.7901904205561676,0.7902620419339643,0.8763579765316565,0.779874213836478,0.7837185915857402,0.7798015226529431,0.8763579765316565,,,,
sex_binary,transformer,,240m,3,test,240.0,720.0,1431,2592,0.7862654320987654,0.7855840623347885,0.7852754277839451,0.8626152327226506,0.7924528301886793,0.7915096817698879,0.7916286088717683,0.8767872755001627,0.779874213836478,0.7835519686984205,0.779822173550526,0.8767872755001627,,,,
sex_binary,transformer,,240m,all,test,240.0,,1431,2592,0.7862654320987654,0.7855840623347885,0.7852754277839451,0.8626152327226506,0.7924528301886793,0.7915096817698879,0.7916286088717683,0.8767872755001627,0.779874213836478,0.7835519686984205,0.779822173550526,0.8767872755001627,,,,
sleep_efficiency_binary,lstm,,30s,1,test,0.5,0.5,2021,2021,0.6254329539831767,0.5805856162265784,0.5794926470850968,0.6220714035413188,0.6254329539831767,0.5805856162265784,0.5794926470850968,0.6220714035413188,0.6254329539831767,0.5805856162265784,0.5794926470850968,0.6220714035413188,,,,
sleep_efficiency_binary,lstm,,30s,10,test,0.5,5.0,2021,20210,0.6224641266699653,0.6112306495166244,0.6088231876333228,0.6486065539133841,0.6382978723404256,0.6375858017438625,0.6304779508780004,0.6837445633129264,0.6219693221177635,0.6319058808979037,0.6184168904037548,0.6837445633129264,,,,
sleep_efficiency_binary,lstm,,30s,100,test,0.5,50.0,2021,202100,0.6230331519049975,0.6136457959722137,0.6105541588461225,0.6526001818584708,0.640771895101435,0.643327046358708,0.6343906236295063,0.6918526992764825,0.6274121721919842,0.6361233071547832,0.6234233244423593,0.6918526992764825,,,,
sleep_efficiency_binary,lstm,,30s,12,test,0.5,6.0,2021,24252,0.6218043872670295,0.6107571252379087,0.6082817608793369,0.6504317141797045,0.6397822859970311,0.6401938655618082,0.6324734913129844,0.6864005524292458,0.6214745175655616,0.6308041143610991,0.6177308557597947,0.6864005524292458,,,,
sleep_efficiency_binary,lstm,,30s,120,test,0.5,60.0,2021,242520,0.6223363021606465,0.612991251485856,0.6098826251573056,0.6516637416918031,0.6437407224146462,0.6459866427555501,0.6372176514584891,0.6903551625337538,0.623948540326571,0.6335240038752499,0.6202668090703217,0.6903551625337538,,,,
sleep_efficiency_binary,lstm,,30s,16,test,0.5,8.0,2021,32336,0.6246288965858486,0.6144704769855502,0.6116747155533364,0.6537725390616947,0.6476991588322613,0.6487580648485973,0.6406529695691088,0.692941067342774,0.6249381494309748,0.6357275369488591,0.6216290580726749,0.692941067342774,,,,
sleep_efficiency_binary,lstm,,30s,160,test,0.5,80.0,2021,323360,0.622624938149431,0.6131371681301918,0.610083862400956,0.652024528521189,0.6422563087580406,0.6445406385917176,0.6357551873457108,0.6911554634840146,0.6249381494309748,0.633635829571455,0.6209617398292554,0.6911554634840146,,,,
sleep_efficiency_binary,lstm,,30s,2,test,0.5,1.0,2021,4042,0.6088570014844137,0.5831864654834786,0.5838412397546888,0.6170776389833652,0.6224641266699653,0.597681033949663,0.5984738588768632,0.6286016119390678,0.6006927263730827,0.6107924679982685,0.5973551968419377,0.6286016119390678,,,,
sleep_efficiency_binary,lstm,,30s,20,test,0.5,10.0,2021,40420,0.6232063334982682,0.6125230608290562,0.6099189367025979,0.6509774132706697,0.6397822859970311,0.6422855729392122,0.6333834352648491,0.6887061200090697,0.627906976744186,0.6381547214148784,0.6244103423869418,0.6887061200090697,,,,
sleep_efficiency_binary,lstm,,30s,200,test,0.5,100.0,2021,404200,0.6228302820385948,0.6134683177704945,0.6103666688243243,0.6520508824696474,0.6472043542800594,0.6497480056891967,0.640793151559463,0.6910580669099005,0.627906976744186,0.6367602498299425,0.6239620426802112,0.6910580669099005,,,,
sleep_efficiency_binary,lstm,,30s,25,test,0.5,12.5,2021,50525,0.6217120237506185,0.6116058376105373,0.6087859832482843,0.6518272471296354,0.6437407224146462,0.6455218188939047,0.6370200079025827,0.6893688289736772,0.6308758040573973,0.6389550223651392,0.626650481301644,0.6893688289736772,,,,
sleep_efficiency_binary,lstm,,30s,250,test,0.5,125.0,2021,505250,0.6223968332508659,0.61302191371385,0.6099248870498817,0.6519267203842267,0.6422563087580406,0.6447730505225404,0.6358528611128349,0.6910055036794261,0.6249381494309748,0.634333065363923,0.6211911850525712,0.6910055036794261,,,,
sleep_efficiency_binary,lstm,,30s,3,test,0.5,1.5,2021,6063,0.6137225795810655,0.594950150818681,0.5946547409898002,0.6309419926388574,0.6378030677882236,0.6255606744583926,0.6235686993764873,0.6523457629913632,0.6318654131618011,0.6195442458722404,0.6175502853829014,0.6523457629913632,,,,
sleep_efficiency_binary,lstm,,30s,30,test,0.5,15.0,2021,60630,0.6219693221177635,0.6125072317385718,0.6094434353867602,0.6510087164494283,0.6402770905492331,0.6419928678910807,0.6335412216148941,0.689826953600066,0.6264225630875804,0.6367087172510462,0.6229482270581359,0.689826953600066,,,,
sleep_efficiency_binary,lstm,,30s,320,test,0.5,160.0,2021,646720,0.6224239238000989,0.612860252986313,0.6098358915057339,0.6522334887050651,0.644235526966848,0.6463911734998866,0.6376724647590037,0.6913688083606455,0.6234537357743691,0.6324222373384454,0.6195776468187468,0.6913688083606455,,,,
sleep_efficiency_binary,lstm,,30s,4,test,0.5,2.0,2021,8084,0.6186293913904007,0.6043653247583123,0.6029389022445568,0.6393976228021355,0.6422563087580406,0.6357089852204564,0.63145413616329,0.6664718735184383,0.6125680356259278,0.6251494444787995,0.6098722035827965,0.6664718735184383,,,,
sleep_efficiency_binary,lstm,,30s,40,test,0.5,20.0,2021,80840,0.6224517565561604,0.612225717848824,0.6094516364733904,0.6508019097329583,0.6422563087580406,0.6438434027992497,0.6354574859696153,0.6890915836992146,0.6313706086095993,0.6398243769711212,0.6272691872280138,0.6890915836992146,,,,
sleep_efficiency_binary,lstm,,30s,400,test,0.5,200.0,2021,808400,0.6225618505690252,0.6131291676973183,0.6100545855249087,0.652224859518969,0.6476991588322613,0.6501525364335332,0.6412485664422838,0.6914548677674025,0.6259277585353785,0.6349097149217735,0.6220388995096002,0.6914548677674025,,,,
sleep_efficiency_binary,lstm,,30s,5,test,0.5,2.5,2021,10105,0.6189015338941118,0.6054593614082824,0.6037813680361512,0.6430464823861646,0.6392874814448293,0.6342114484777276,0.6292832022005844,0.673448869375219,0.6298861949529936,0.6293143075052048,0.6221599032222589,0.673448869375219,,,,
sleep_efficiency_binary,lstm,,30s,50,test,0.5,25.0,2021,101050,0.623166749134092,0.613576062086451,0.6105628559113208,0.6518743450209223,0.6422563087580406,0.6440758147300724,0.6355575010007819,0.6905324346051573,0.6269173676397823,0.6368808360645599,0.6233384549064275,0.6905324346051573,,,,
sleep_efficiency_binary,lstm,,30s,500,test,0.5,250.0,2021,1010500,0.6225452746165264,0.6131437377610125,0.6100571236744279,0.652199179302455,0.6432459178624443,0.6458145239420361,0.636860183765358,0.6913332508812071,0.6229589312221673,0.6322501185249314,0.6191921939446692,0.6913332508812071,,,,
sleep_efficiency_binary,lstm,,30s,6,test,0.5,3.0,2021,12126,0.6220517895431305,0.61078508166196,0.6083884527346206,0.6464915475118926,0.6308758040573973,0.6312854286479912,0.6235991691382805,0.6788067116030756,0.6150420583869372,0.6271720982004823,0.6122004325058108,0.6788067116030756,,,,
sleep_efficiency_binary,lstm,,30s,60,test,0.5,30.0,2021,121260,0.6227032822035296,0.6129794591140518,0.6100165935518209,0.6521715798686263,0.6467095497278575,0.6486462391523922,0.6400448411700612,0.6908539978974708,0.6328550222662048,0.6422000288582441,0.6290381791483113,0.6908539978974708,,,,
sleep_efficiency_binary,lstm,,30s,8,test,0.5,4.0,2021,16168,0.6171449777337952,0.6057082637643518,0.6033611727405166,0.6431841078679942,0.6348342404750124,0.6345216746026838,0.6272112414144746,0.6744068600169026,0.615536862939139,0.6275766289448189,0.6126657400475807,0.6744068600169026,,,,
sleep_efficiency_binary,lstm,,30s,80,test,0.5,40.0,2021,161680,0.6232434438396833,0.6135062895512543,0.6105491591206507,0.6518186624912395,0.64473033151905,0.6465632923134006,0.6380282856584089,0.690438129985777,0.6288965858485898,0.6368720755261477,0.6246486072067468,0.690438129985777,,,,
sleep_efficiency_binary,lstm,,30s,all,test,0.5,,2021,2319775,0.6345580929184943,0.6164578000250884,0.6142642106285557,0.6569234053956488,0.6427511133102425,0.645177581266877,0.6363078502921178,0.6915563869478285,0.6244433448787728,0.6336961226887639,0.620653634339581,0.6915563869478285,,,,
sleep_efficiency_binary,lstm,,10m,1,test,10.0,10.0,2021,2021,0.6249381494309748,0.5748356110733206,0.5716199226413786,0.6213499474367695,0.6249381494309748,0.5748356110733206,0.5716199226413786,0.6213499474367695,0.6249381494309748,0.5748356110733206,0.5716199226413786,0.6213499474367695,,,,
sleep_efficiency_binary,lstm,,10m,10,test,10.0,100.0,2021,20210,0.6344383968332509,0.6232282068723847,0.6208499953520241,0.6660550728670664,0.6674913409203365,0.657269700904912,0.6546985599218941,0.7095015768969143,0.6437407224146462,0.6476135262713087,0.6378850047481679,0.7095015768969143,,,,
sleep_efficiency_binary,lstm,,10m,100,test,10.0,1000.0,2021,114856,0.6464094170091245,0.6274002218277177,0.6255901466460385,0.6734785440410154,0.6669965363681346,0.6584920536763341,0.6551880879133694,0.7175767320099767,0.648688767936665,0.6477078308906891,0.6407192075796727,0.7175767320099767,,,,
sleep_efficiency_binary,lstm,,10m,12,test,10.0,120.0,2021,24252,0.6343394359228105,0.6228839005352518,0.6205945859085967,0.6674686102178797,0.6640277090549233,0.6546703976253787,0.6517145379959244,0.7131588440211902,0.6412666996536368,0.6446612248263353,0.63522952489282,0.7131588440211902,,,,
sleep_efficiency_binary,lstm,,10m,120,test,10.0,1200.0,2021,114995,0.6465585460237402,0.6274148861063624,0.6256272216977863,0.6735843032884928,0.6669965363681346,0.6584920536763341,0.6551880879133694,0.717599406344691,0.648688767936665,0.6477078308906891,0.6407192075796727,0.717599406344691,,,,
sleep_efficiency_binary,lstm,,10m,16,test,10.0,160.0,2021,32336,0.6352362691736764,0.6243337159627317,0.6218451061254225,0.6684977379613455,0.6665017318159328,0.6576226990703522,0.6544783873016646,0.7144445818646549,0.6462147451756556,0.6484741203388782,0.6396881951358661,0.7144445818646549,,,,
sleep_efficiency_binary,lstm,,10m,2,test,10.0,20.0,2021,4042,0.6229589312221673,0.5944831797662482,0.5955627513777767,0.6293642941067342,0.6387926768926274,0.6094036649970112,0.6109115555836868,0.6484339249273391,0.6105888174171202,0.6177210232308865,0.60617311004062,0.6484339249273391,,,,
sleep_efficiency_binary,lstm,,10m,20,test,10.0,200.0,2021,40420,0.6344136566056408,0.6239284573207182,0.6212805075839374,0.6687947972708346,0.6655121227115289,0.6568136375816791,0.6535852585414735,0.7146373137097273,0.6427511133102425,0.6442479335435862,0.6359114626999145,0.7146373137097273,,,,
sleep_efficiency_binary,lstm,,10m,25,test,10.0,250.0,2021,50525,0.6351509153884216,0.6250192731845072,0.6222389831397866,0.6691090140787006,0.669470559129144,0.6602822954671943,0.6572906724071403,0.7155958196772,0.6541316180108857,0.6514604332859233,0.6453510980923687,0.7155958196772,,,,
sleep_efficiency_binary,lstm,,10m,3,test,10.0,30.0,2021,6063,0.6315355434603331,0.6119923182102391,0.6120439990871045,0.6473467020294674,0.6575952498762989,0.638488137200338,0.6388014215169735,0.6788072269288644,0.6556160316674914,0.6389617216003958,0.6385618698159168,0.6788072269288644,,,,
sleep_efficiency_binary,lstm,,10m,30,test,10.0,300.0,2021,60612,0.6356497063287798,0.6255625145052388,0.6227646509537752,0.670469277861351,0.6689757545769421,0.6596453527920352,0.6567111427981649,0.7171108774967535,0.6472043542800594,0.6483535341042608,0.6401990353358133,0.7171108774967535,,,,
sleep_efficiency_binary,lstm,,10m,4,test,10.0,40.0,2021,8084,0.6312469074715488,0.6161334333065364,0.6150339363669657,0.6539293591408488,0.6531420089064819,0.6394955991177622,0.6381020038077021,0.6885061736029519,0.6387926768926274,0.6454275142745243,0.634011232721752,0.6885061736029519,,,,
sleep_efficiency_binary,lstm,,10m,40,test,10.0,400.0,2021,80656,0.6352906169410831,0.6251477192379535,0.6223577721550357,0.6704801378142363,0.6689757545769421,0.6598777647228578,0.6568439262434072,0.7168975326201223,0.6472043542800594,0.645332179003566,0.6388155937333707,0.7168975326201223,,,,
sleep_efficiency_binary,lstm,,10m,5,test,10.0,50.0,2021,10105,0.6375061850569025,0.6243418259023354,0.6226656648759776,0.663120380104302,0.6665017318159328,0.655763403623771,0.6533952231963831,0.702105621173706,0.657100445324097,0.6497042029971347,0.6458636390186103,0.702105621173706,,,,
sleep_efficiency_binary,lstm,,10m,50,test,10.0,500.0,2021,98979,0.6359530809565666,0.6254969689561614,0.6226445591579026,0.6707175775177591,0.6645225136071252,0.656004576093006,0.6526921064797917,0.7169263908643044,0.6457199406234537,0.6452806464246696,0.6380071526205928,0.7169263908643044,,,,
sleep_efficiency_binary,lstm,,10m,6,test,10.0,60.0,2021,12126,0.6331848919676728,0.6212040243508612,0.6190973252204713,0.6634358316327582,0.6620484908461158,0.6528198627172098,0.6497975292504967,0.7031785294663286,0.6298861949529936,0.6365190773607075,0.6251572065048778,0.7031785294663286,,,,
sleep_efficiency_binary,lstm,,10m,60,test,10.0,600.0,2021,108431,0.6399369184089421,0.6258278927500096,0.6234071368123335,0.6712821997237496,0.6674913409203365,0.6588965844206707,0.6556350499110506,0.7173283449796961,0.6472043542800594,0.6464942386576793,0.6393633856128572,0.7173283449796961,,,,
sleep_efficiency_binary,lstm,,10m,8,test,10.0,80.0,2021,16168,0.631308758040574,0.6191763032589203,0.6171144367312427,0.6640401638478346,0.6630380999505195,0.6529316884134149,0.6502807179365993,0.7066178137818729,0.6313706086095993,0.6349437264238451,0.625454454996051,0.7066178137818729,,,,
sleep_efficiency_binary,lstm,,10m,80,test,10.0,800.0,2021,114047,0.6456987031662385,0.6274706094506269,0.6255035509367388,0.6735393141897865,0.6669965363681346,0.6584920536763341,0.6551880879133694,0.7175519963721064,0.648688767936665,0.6477078308906891,0.6407192075796727,0.7175519963721064,,,,
sleep_efficiency_binary,lstm,,10m,all,test,10.0,,2021,114996,0.6465529235799506,0.6274083892270136,0.6256216518830657,0.6735732595010178,0.6669965363681346,0.6584920536763341,0.6551880879133694,0.717599406344691,0.648688767936665,0.6477078308906891,0.6407192075796727,0.717599406344691,,,,
sleep_efficiency_binary,lstm,,40m,1,test,40.0,40.0,2021,2021,0.6417615042058387,0.6032316080225919,0.6044111603763382,0.638902974460454,0.6417615042058387,0.6032316080225919,0.6044111603763382,0.638902974460454,0.6417615042058387,0.6032316080225919,0.6044111603763382,0.638902974460454,,,,
sleep_efficiency_binary,lstm,,40m,10,test,40.0,400.0,2021,20146,0.6352625831430557,0.6389447768049457,0.6293427199012869,0.6876120747361151,0.6719445818901534,0.6736931337991878,0.6651445696448104,0.7435945004431802,0.644235526966848,0.6605683012800692,0.6422648679535227,0.7435945004431802,,,,
sleep_efficiency_binary,lstm,,40m,12,test,40.0,480.0,2021,23779,0.6344673871903781,0.6385446720398943,0.6285190754718893,0.6873023642407331,0.6669965363681346,0.6710422979407582,0.6611261222542377,0.743240986951951,0.6476991588322613,0.6634000164904252,0.6455601666292263,0.743240986951951,,,,
sleep_efficiency_binary,lstm,,40m,16,test,40.0,640.0,2021,27137,0.638095589048163,0.6384861663405756,0.6288547029243188,0.6875666554928552,0.6689757545769421,0.6726604209181044,0.6629601940999731,0.7431688413414961,0.6531420089064819,0.6655257353699009,0.6501143341342527,0.7431688413414961,,,,
sleep_efficiency_binary,lstm,,40m,2,test,40.0,80.0,2021,4042,0.640524492825334,0.6197673819388618,0.6202016886302677,0.6526461979263289,0.6561108362196932,0.6351828375899243,0.6359139057483867,0.6825727124688228,0.6244433448787728,0.6390415970976852,0.6221922832044984,0.6825727124688228,,,,
sleep_efficiency_binary,lstm,,40m,20,test,40.0,800.0,2021,27853,0.640900441604136,0.6393698343236264,0.6300549843520368,0.6885210423416788,0.6689757545769421,0.6726604209181044,0.6629601940999731,0.7430668068352813,0.6546264225630876,0.6667393276029105,0.6515138489510766,0.7430668068352813,,,,
sleep_efficiency_binary,lstm,,40m,25,test,40.0,1000.0,2021,28033,0.6415296257981664,0.6394139692354208,0.6302796411423465,0.688491489027382,0.6689757545769421,0.6726604209181044,0.6629601940999731,0.7431039102920866,0.6546264225630876,0.6667393276029105,0.6515138489510766,0.7431039102920866,,,,
sleep_efficiency_binary,lstm,,40m,3,test,40.0,120.0,2021,6063,0.6359887844301501,0.6279509272428696,0.6243321992585771,0.6691062189516211,0.6684809500247402,0.6594732339785212,0.6563971782379212,0.7163688083606455,0.6684809500247402,0.6622621771483932,0.6579263018338648,0.7163688083606455,,,,
sleep_efficiency_binary,lstm,,40m,30,test,40.0,1200.0,2021,28060,0.6416607270135424,0.6394805636909973,0.6303565272309424,0.6885536546854185,0.6689757545769421,0.6726604209181044,0.6629601940999731,0.7431131861562879,0.6546264225630876,0.6667393276029105,0.6515138489510766,0.7431131861562879,,,,
sleep_efficiency_binary,lstm,,40m,4,test,40.0,160.0,2021,8084,0.6352053438891638,0.6323847473872982,0.6263719182427447,0.6744795853688701,0.6655121227115289,0.6612294642673098,0.6559455958288255,0.7247119328839693,0.6353290450272142,0.6546812194669469,0.6340388217219433,0.7247119328839693,,,,
sleep_efficiency_binary,lstm,,40m,5,test,40.0,200.0,2021,10105,0.6354280059376546,0.6359832416053429,0.6281993170507677,0.6814036443839796,0.6724393864423552,0.6713087213736524,0.664389465171209,0.7357728856182879,0.6580900544285008,0.6637607445426998,0.6528628213665787,0.7357728856182879,,,,
sleep_efficiency_binary,lstm,,40m,6,test,40.0,240.0,2021,12126,0.6369783935345539,0.6385987604697023,0.6302144098429019,0.6819802739013827,0.6674913409203365,0.6693551213076907,0.6607447612119856,0.7365798858038051,0.6343394359228105,0.6534073341166284,0.6330020687755449,0.7365798858038051,,,,
sleep_efficiency_binary,lstm,,40m,8,test,40.0,320.0,2021,16159,0.6371681415929203,0.6390619837825955,0.6305171893021033,0.6853254943901648,0.6719445818901534,0.6720662502834291,0.6644519220872691,0.7408009193412075,0.640771895101435,0.6568069383464226,0.6387552811179721,0.7408009193412075,,,,
sleep_efficiency_binary,lstm,,40m,all,test,40.0,,2021,28060,0.6416607270135424,0.6394805636909973,0.6303565272309424,0.6885536546854185,0.6689757545769421,0.6726604209181044,0.6629601940999731,0.7431131861562879,0.6546264225630876,0.6667393276029105,0.6515138489510766,0.7431131861562879,,,,
sleep_efficiency_binary,lstm,,80m,1,test,80.0,80.0,2021,2021,0.6615536862939139,0.633125141714592,0.6352208892144591,0.671160307546431,0.6615536862939139,0.633125141714592,0.6352208892144591,0.671160307546431,0.6615536862939139,0.633125141714592,0.6352208892144591,0.671160307546431,,,,
sleep_efficiency_binary,lstm,,80m,10,test,80.0,800.0,2021,13343,0.6296934722326314,0.64524846408447,0.6251561932987217,0.703885146897808,0.6640277090549233,0.6846515367015027,0.6627989238140662,0.7686362418320862,0.636318654131618,0.6696674087358028,0.636318654131618,0.7686362418320862,,,,
sleep_efficiency_binary,lstm,,80m,12,test,80.0,960.0,2021,13414,0.6300134188161622,0.6451979811550262,0.6252839518780884,0.7038906576821313,0.6640277090549233,0.6846515367015027,0.6627989238140662,0.7688310349803146,0.6358238495794162,0.6690304660606435,0.6358237604175848,0.7688310349803146,,,,
sleep_efficiency_binary,lstm,,80m,2,test,80.0,160.0,2021,4042,0.6375556655121227,0.6300066477026776,0.6261834754047775,0.6738644796240183,0.661058881741712,0.6587507472223939,0.6524542234524644,0.7108496691608435,0.595249876298862,0.6265624677921382,0.5952497772032396,0.7108496691608435,,,,
sleep_efficiency_binary,lstm,,80m,3,test,80.0,240.0,2021,6063,0.627906976744186,0.6357531314630442,0.6236209101695698,0.6895859529060939,0.6620484908461158,0.6737369364912498,0.6587732684141869,0.7446890524189392,0.6605640771895102,0.6699668130191907,0.6566051213765854,0.7446890524189392,,,,
sleep_efficiency_binary,lstm,,80m,4,test,80.0,320.0,2021,8079,0.627429137269464,0.6399373022313394,0.6246028795822833,0.694624742774168,0.6665017318159328,0.6813287160142643,0.6640399633790701,0.7544421083008679,0.6145472538347353,0.6521004679158164,0.6143474613118749,0.7544421083008679,,,,
sleep_efficiency_binary,lstm,,80m,5,test,80.0,400.0,2021,10065,0.6291107799304521,0.6437061869670326,0.6267882099878053,0.7009838777433013,0.6625432953983177,0.6790221177828624,0.6604944292712533,0.7619689567744728,0.6561108362196932,0.6746928658297776,0.6545464830439172,0.7619689567744728,,,,
sleep_efficiency_binary,lstm,,80m,6,test,80.0,480.0,2021,11771,0.6279840285447286,0.6450718496481818,0.6259969133569511,0.7039390791118078,0.6669965363681346,0.6854518376517635,0.6653444142709761,0.7671005709809742,0.627906976744186,0.6627903860820812,0.6278806469494769,0.7671005709809742,,,,
sleep_efficiency_binary,lstm,,80m,8,test,80.0,640.0,2021,13063,0.6279568246191534,0.6443602648633222,0.6241480749374364,0.7033723567354859,0.6620484908461158,0.6825685898625111,0.6608124668114982,0.7680271267495311,0.6318654131618011,0.665794220105951,0.6318609966917965,0.7680271267495311,,,,
sleep_efficiency_binary,lstm,,80m,all,test,80.0,,2021,13432,0.6302858844550328,0.6453971569228516,0.6255027698505959,0.7039675182019771,0.6640277090549233,0.6846515367015027,0.6627989238140662,0.7688547399666069,0.6358238495794162,0.6690304660606435,0.6358237604175848,0.7688547399666069,,,,
sleep_efficiency_binary,lstm,,120m,1,test,120.0,120.0,2021,2021,0.685799109351806,0.6536443839795518,0.6569581493940864,0.6993816090532434,0.685799109351806,0.6536443839795518,0.6569581493940864,0.6993816090532434,0.685799109351806,0.6536443839795518,0.6569581493940864,0.6993816090532434,,,,
sleep_efficiency_binary,lstm,,120m,10,test,120.0,1200.0,2021,8705,0.6735209649626651,0.6671554063427322,0.6599502062488117,0.7240946703640171,0.7041068777832756,0.7016145156968235,0.6955405187528971,0.7823078350132955,0.6823354774863929,0.6959005833487931,0.6794726232472653,0.7823078350132955,,,,
sleep_efficiency_binary,lstm,,120m,2,test,120.0,240.0,2021,4042,0.6702127659574468,0.6535681157627853,0.6533693672295398,0.7037531177210232,0.6952003958436418,0.6727186527322573,0.6747299466581944,0.741021478778884,0.6412666996536368,0.6595355883989857,0.6397298068830299,0.741021478778884,,,,
sleep_efficiency_binary,lstm,,120m,3,test,120.0,360.0,2021,6043,0.6685421148436207,0.6637936520233069,0.6587432451744923,0.7165682057964758,0.7021276595744681,0.6958129779646692,0.6917396371744198,0.768112670830499,0.6922315685304304,0.6879547750087605,0.6827715866190216,0.768112670830499,,,,
sleep_efficiency_binary,lstm,,120m,4,test,120.0,480.0,2021,7749,0.6687314492192541,0.6671063186322178,0.6599101715646486,0.7221243953891252,0.7031172686788718,0.7001082184156824,0.6943121797160022,0.7787495104405004,0.6739238000989609,0.6911152680724755,0.6719693209904669,0.7787495104405004,,,,
sleep_efficiency_binary,lstm,,120m,5,test,120.0,600.0,2021,8422,0.6713369745903586,0.6671391252135659,0.659628933991179,0.7237233722368993,0.7036120732310738,0.7009775730216643,0.694979214334865,0.7818275513779812,0.6833250865907966,0.696244820975821,0.6802872826791957,0.7818275513779812,,,,
sleep_efficiency_binary,lstm,,120m,6,test,120.0,720.0,2021,8615,0.6727800348229832,0.6672109132645834,0.6598124271098469,0.7242315353680784,0.7041068777832756,0.7016145156968235,0.6955405187528971,0.7820852142724629,0.6813458683819891,0.6948591099292973,0.67847409559383,0.7820852142724629,,,,
sleep_efficiency_binary,lstm,,120m,8,test,120.0,960.0,2021,8697,0.6733356329768886,0.6670314103168642,0.6598124909465377,0.724038567515024,0.7041068777832756,0.7016145156968235,0.6955405187528971,0.7822779461175354,0.6823354774863929,0.6959005833487931,0.6794726232472653,0.7822779461175354,,,,
sleep_efficiency_binary,lstm,,120m,all,test,120.0,,2021,8705,0.6735209649626651,0.6671554063427322,0.6599502062488117,0.7240946703640171,0.7041068777832756,0.7016145156968235,0.6955405187528971,0.7823078350132955,0.6823354774863929,0.6959005833487931,0.6794726232472653,0.7823078350132955,,,,
sleep_efficiency_binary,lstm,,240m,1,test,240.0,240.0,2021,2021,0.7169717961405245,0.690750417413889,0.6944224750465234,0.7672087893966565,0.7169717961405245,0.690750417413889,0.6944224750465234,0.7672087893966565,0.7169717961405245,0.690750417413889,0.6944224750465234,0.7672087893966565,,,,
sleep_efficiency_binary,lstm,,240m,2,test,240.0,480.0,2021,3727,0.7134424470083177,0.6977049394623724,0.6970481412362126,0.7674864591306112,0.7427016328550222,0.7243362603838146,0.7264220886595276,0.8098118030218704,0.6877783275606135,0.7056958959454167,0.6859068915705382,0.8098118030218704,,,,
sleep_efficiency_binary,lstm,,240m,3,test,240.0,720.0,2021,3920,0.7140306122448979,0.6966814649893749,0.6955824920723164,0.7684706022627615,0.7431964374072242,0.7254380269206192,0.7272964100276187,0.8134963824129615,0.6947055912914398,0.7101972667120153,0.6922644662282539,0.8134963824129615,,,,
sleep_efficiency_binary,lstm,,240m,4,test,240.0,960.0,2021,3947,0.7142133265771472,0.6964077191959583,0.6953968570202556,0.7682178579973764,0.7431964374072242,0.7254380269206192,0.7272964100276187,0.8134963824129614,0.6952003958436418,0.7110666213179972,0.6928444118988076,0.8134963824129614,,,,
sleep_efficiency_binary,lstm,,240m,5,test,240.0,1200.0,2021,3948,0.7142857142857143,0.6965348325130571,0.6955249938740504,0.7682325018441098,0.7431964374072242,0.7254380269206192,0.7272964100276187,0.813488137200338,0.6952003958436418,0.7110666213179972,0.6928444118988076,0.813488137200338,,,,
sleep_efficiency_binary,lstm,,240m,all,test,240.0,,2021,3948,0.7142857142857143,0.6965348325130571,0.6955249938740504,0.7682325018441098,0.7431964374072242,0.7254380269206192,0.7272964100276187,0.813488137200338,0.6952003958436418,0.7110666213179972,0.6928444118988076,0.813488137200338,,,,
sleep_efficiency_binary,transformer,,30s,1,test,0.5,0.5,2021,2021,0.6016823354774864,0.5971919897759363,0.5920847791099106,0.619690598396306,0.6016823354774864,0.5971919897759363,0.5920847791099106,0.619690598396306,0.6016823354774864,0.5971919897759363,0.5920847791099106,0.619690598396306,,,,
sleep_efficiency_binary,transformer,,30s,10,test,0.5,5.0,2021,20210,0.590796635329045,0.6106038587595077,0.5898712341036384,0.648435048337559,0.5932706580900544,0.6214581658524518,0.593208410956811,0.6842289695545525,0.582384957941613,0.6151150207160967,0.58234804411275,0.6842289695545525,,,,
sleep_efficiency_binary,transformer,,30s,100,test,0.5,50.0,2021,202100,0.5925235032162296,0.6133776049718631,0.5917535186503501,0.6526548880712386,0.5888174171202375,0.6182822130150681,0.5888029200618858,0.6933790942633933,0.5818901533894112,0.6137808422484695,0.5818754120966227,0.6933790942633933,,,,
sleep_efficiency_binary,transformer,,30s,12,test,0.5,6.0,2021,24252,0.5921573478476002,0.6128396426387428,0.5913633897832451,0.6505131320757094,0.5883226125680356,0.6167156226166182,0.5882781586679726,0.6871828169768928,0.5838693715982187,0.6172582606723971,0.5838106793441997,0.6871828169768928,,,,
sleep_efficiency_binary,transformer,,30s,120,test,0.5,60.0,2021,242520,0.5918522183737424,0.6126424746975038,0.591076615957596,0.6516237587090057,0.5858485898070263,0.615622616618226,0.5858421002762477,0.6919825613753015,0.5813953488372093,0.6136087234349556,0.581372287851573,0.6919825613753015,,,,
sleep_efficiency_binary,transformer,,30s,16,test,0.5,8.0,2021,32336,0.5927758535378526,0.6134421443736731,0.591975651738963,0.6537223270051326,0.590796635329045,0.6194355121307691,0.590756557047297,0.6933059180013604,0.5804057397328055,0.6130320738771051,0.5803686509568863,0.6933059180013604,,,,
sleep_efficiency_binary,transformer,,30s,160,test,0.5,80.0,2021,323360,0.5913038099950519,0.6122110664924866,0.5905491814458466,0.6520388024215159,0.58683819891143,0.6164316781068991,0.5868280831595599,0.6928256343660463,0.578426521523998,0.6107167151072909,0.578396690426801,0.6928256343660463,,,,
sleep_efficiency_binary,transformer,,30s,2,test,0.5,1.0,2021,4042,0.5858485898070263,0.5963324263599448,0.5827557585840735,0.6171752932203739,0.590796635329045,0.6057232082122317,0.5888797576226873,0.6287654855399584,0.5625927758535378,0.5991662028734566,0.5621939265619793,0.6287654855399584,,,,
sleep_efficiency_binary,transformer,,30s,20,test,0.5,10.0,2021,40420,0.5928748144482929,0.6130001236781893,0.5919883900532563,0.6511787111186692,0.5878278080158338,0.616775915733927,0.5878019727314017,0.6908447220332694,0.5833745670460169,0.6152268464123019,0.5833622243115133,0.6908447220332694,,,,
sleep_efficiency_binary,transformer,,30s,200,test,0.5,100.0,2021,404200,0.5919643740722415,0.6127659312967658,0.591189808354627,0.6520067347283202,0.5848589807026224,0.6148135551295528,0.5848553216441562,0.6928781975965206,0.5804057397328055,0.6121024261538145,0.5803933090453246,0.6928781975965206,,,,
sleep_efficiency_binary,transformer,,30s,25,test,0.5,12.5,2021,50525,0.5908955962394854,0.6111681817244863,0.5900453270658004,0.6512209749963926,0.58683819891143,0.6164316781068991,0.5868280831595599,0.6902644651948963,0.5809005442850074,0.612506956898151,0.5808902831570626,0.6902644651948963,,,,
sleep_efficiency_binary,transformer,,30s,250,test,0.5,125.0,2021,505250,0.5919920831271648,0.6129003751571744,0.5912334707348237,0.6518846468121947,0.58683819891143,0.6164316781068991,0.5868280831595599,0.6926566075072661,0.5794161306284018,0.611525776595964,0.5793929606073724,0.6926566075072661,,,,
sleep_efficiency_binary,transformer,,30s,3,test,0.5,1.5,2021,6063,0.5846940458518886,0.6001917011934945,0.582959617000948,0.6303774246078371,0.5888174171202375,0.6106126192979201,0.588204024316655,0.6510646630799992,0.58683819891143,0.6082972605281058,0.5861897906372202,0.6510646630799992,,,,
sleep_efficiency_binary,transformer,,30s,30,test,0.5,15.0,2021,60630,0.5922975424707241,0.612876789039364,0.59148680523381,0.6513036465597997,0.5848589807026224,0.6141163193370849,0.5848443440817355,0.6913389194648857,0.5828797624938149,0.6152871395296107,0.5828536170619107,0.6913389194648857,,,,
sleep_efficiency_binary,transformer,,30s,320,test,0.5,160.0,2021,646720,0.5923583621969322,0.6131320519113435,0.5915771678605516,0.6522604206926493,0.5863433943592281,0.616491971224208,0.5863408624390856,0.6931337991878466,0.5799109351806037,0.6121627192711232,0.5798846036602162,0.6931337991878466,,,,
sleep_efficiency_binary,transformer,,30s,4,test,0.5,2.0,2021,8084,0.5872093023255814,0.6052887885721353,0.5859995091780648,0.6395066142065013,0.58683819891143,0.6113186156288005,0.5865430200721544,0.6660688887514687,0.5724888668975755,0.6063271700368973,0.5723748528169994,0.6660688887514687,,,,
sleep_efficiency_binary,transformer,,30s,40,test,0.5,20.0,2021,80840,0.5927140029688273,0.6131010631171026,0.5918705516739395,0.650968599911364,0.58683819891143,0.6166640900377218,0.5868317248872961,0.6908612124585163,0.582384957941613,0.6144177849236288,0.5823676777648501,0.6908612124585163,,,,
sleep_efficiency_binary,transformer,,30s,400,test,0.5,200.0,2021,808400,0.5921635329045027,0.612914810205512,0.5913801036020264,0.6522822325620196,0.5873330034636318,0.6168362088512357,0.5873207779997649,0.6933110712592501,0.5804057397328055,0.6121024261538145,0.5803933090453246,0.6933110712592501,,,,
sleep_efficiency_binary,transformer,,30s,5,test,0.5,2.5,2021,10105,0.5866402770905492,0.6051140931296766,0.5855086308078008,0.6420493269845197,0.5888174171202375,0.6152608579143735,0.5886719975547374,0.6710500278275926,0.5799109351806037,0.6068172448622019,0.5798183488300963,0.6710500278275926,,,,
sleep_efficiency_binary,transformer,,30s,50,test,0.5,25.0,2021,101050,0.5927362691736764,0.6132029352956939,0.5919052365527409,0.6518655529445716,0.5883226125680356,0.6178776822707316,0.5883104164218278,0.6922628986044976,0.582384957941613,0.6146501968544514,0.5823619514736733,0.6922628986044976,,,,
sleep_efficiency_binary,transformer,,30s,500,test,0.5,250.0,2021,1010500,0.5921108362196932,0.6129123997691341,0.5913353840551221,0.6522535458578113,0.5858485898070263,0.615622616618226,0.5858421002762477,0.6930729907447488,0.5789213260762,0.6111212458516274,0.578894932526318,0.6930729907447488,,,,
sleep_efficiency_binary,transformer,,30s,6,test,0.5,3.0,2021,12126,0.5936829952168893,0.6135833865836648,0.5927545029507759,0.6470730640355278,0.590796635329045,0.6180410405458331,0.590694019249075,0.6802939418300249,0.5774369124195943,0.6113021252035538,0.5773374670624076,0.6802939418300249,,,,
sleep_efficiency_binary,transformer,,30s,60,test,0.5,30.0,2021,121260,0.5930315025564902,0.6136705195858154,0.5922255238384777,0.6524354140757231,0.5883226125680356,0.6174128584090862,0.588299933206275,0.6932451095582628,0.5838693715982187,0.6160962010182838,0.5838494017866216,0.6932451095582628,,,,
sleep_efficiency_binary,transformer,,30s,8,test,0.5,4.0,2021,16168,0.5903636813458684,0.6100465339187434,0.5894202978387579,0.643695182219199,0.5888174171202375,0.6159580937068414,0.5887143047109811,0.6759610825964174,0.5804057397328055,0.6127996619462824,0.5803760486877081,0.6759610825964174,,,,
sleep_efficiency_binary,transformer,,30s,80,test,0.5,40.0,2021,161680,0.5932088075210292,0.6137496263888029,0.5923864730870457,0.6519232441562055,0.5878278080158338,0.6179379753880403,0.5878241751246509,0.6923164924865499,0.5813953488372093,0.613376311504133,0.5813780277121603,0.6923164924865499,,,,
sleep_efficiency_binary,transformer,,30s,all,test,0.5,,2021,2319775,0.6023907491028224,0.6182309649552833,0.5984932812406014,0.6567253984966344,0.5853537852548244,0.6152180858738895,0.5853488107899536,0.6932914888792695,0.5804057397328055,0.6123348380846372,0.5803883776594703,0.6932914888792695,,,,
sleep_efficiency_binary,transformer,,10m,1,test,10.0,10.0,2021,2021,0.6115784265215239,0.5985426586688104,0.5967141488452798,0.6210283841444562,0.6115784265215239,0.5985426586688104,0.5967141488452798,0.6210283841444562,0.6115784265215239,0.5985426586688104,0.5967141488452798,0.6210283841444562,,,,
sleep_efficiency_binary,transformer,,10m,10,test,10.0,100.0,2021,20210,0.6030677882236517,0.6218447632593325,0.6018797791543808,0.6629965215509246,0.6175160811479465,0.6415125842557665,0.6170300130636535,0.7014356976480531,0.5977238990598713,0.6323037124069837,0.5976466681702209,0.7014356976480531,,,,
sleep_efficiency_binary,transformer,,10m,100,test,10.0,1000.0,2021,114856,0.6140384481437626,0.6289006490482347,0.6097111310610777,0.6700433969672168,0.6150420583869372,0.6418140498423104,0.6148337478124712,0.709405726300167,0.6016823354774864,0.6332158390534496,0.6016823354774864,0.709405726300167,,,,
sleep_efficiency_binary,transformer,,10m,12,test,10.0,120.0,2021,24252,0.6031255154214086,0.6224071382928287,0.6020290041254293,0.6633499905237313,0.6140524492825334,0.6398429286995239,0.613766398720444,0.7039577020592419,0.5898070262246413,0.6237395131201946,0.5897391255373412,0.7039577020592419,,,,
sleep_efficiency_binary,transformer,,10m,120,test,10.0,1200.0,2021,114995,0.614270185660246,0.6290320056010013,0.6098850341396949,0.6701521265386984,0.6150420583869372,0.6418140498423104,0.6148337478124712,0.7094253086801475,0.6016823354774864,0.6332158390534496,0.6016823354774864,0.7094253086801475,,,,
sleep_efficiency_binary,transformer,,10m,16,test,10.0,160.0,2021,32336,0.6041563582384958,0.6235162160142642,0.6030669982292737,0.6642486070904964,0.616031667491341,0.6433203471234514,0.6158577687900235,0.7051295529033454,0.5987135081642752,0.6314858903798982,0.5986993600122616,0.7051295529033454,,,,
sleep_efficiency_binary,transformer,,10m,2,test,10.0,20.0,2021,4042,0.5987135081642752,0.6011561334075403,0.5925281669832241,0.6216094139715127,0.6001979218208807,0.6078314060148826,0.5960415751372447,0.637750190670542,0.5779317169717961,0.6082204769855503,0.5779317169717961,0.637750190670542,,,,
sleep_efficiency_binary,transformer,,10m,20,test,10.0,200.0,2021,40420,0.6043542800593765,0.6236867437594047,0.603258751352168,0.6657042918908334,0.6165264720435428,0.6423304062828521,0.6162318180091907,0.7074650093789294,0.6011875309252845,0.6330437202399357,0.6011866521464918,0.7074650093789294,,,,
sleep_efficiency_binary,transformer,,10m,25,test,10.0,250.0,2021,50525,0.6039188520534389,0.6234609073856492,0.6028631460238486,0.6654979465297961,0.6170212765957447,0.6434321728196566,0.6167772377163241,0.706830128006926,0.6061355764473033,0.6363917918908334,0.6061192790294084,0.706830128006926,,,,
sleep_efficiency_binary,transformer,,10m,3,test,10.0,30.0,2021,6063,0.6006927263730827,0.611567174434344,0.5975945079830561,0.6402204907275714,0.6135576447303315,0.6299095087914579,0.6117997169169775,0.6663368581617299,0.6120732310737259,0.6286959165584483,0.6103858804274271,0.6663368581617299,,,,
sleep_efficiency_binary,transformer,,10m,30,test,10.0,300.0,2021,60612,0.6045337556919422,0.6244456681281125,0.6035364387059667,0.6666155657909962,0.615536862939139,0.6419861686558243,0.6153013970559593,0.7084204233916682,0.5997031172686789,0.6322949518685713,0.599693316498304,0.7084204233916682,,,,
sleep_efficiency_binary,transformer,,10m,4,test,10.0,40.0,2021,8084,0.6014349332013854,0.6169190474718117,0.5995678896796549,0.6488163288706119,0.615536862939139,0.6368731061777255,0.614703338522747,0.6792756580710325,0.5878278080158338,0.6221213901428484,0.5877369665199884,0.6792756580710325,,,,
sleep_efficiency_binary,transformer,,10m,40,test,10.0,400.0,2021,80656,0.6045675461218012,0.6245397572824627,0.6035719489929877,0.6667520909300169,0.6145472538347353,0.6409446952363285,0.6143111818617663,0.7085039061694803,0.5987135081642752,0.6312534784490755,0.5987036831645546,0.7085039061694803,,,,
sleep_efficiency_binary,transformer,,10m,5,test,10.0,50.0,2021,10105,0.6049480455220188,0.621941026116711,0.6033917339531747,0.6571655432564467,0.6081147946561108,0.630107909220209,0.6074203574203574,0.6917434502092223,0.6130628401781296,0.6378718075567373,0.6126864735256117,0.6917434502092223,,,,
sleep_efficiency_binary,transformer,,10m,50,test,10.0,500.0,2021,98979,0.6051788763273017,0.6250389587412073,0.6040332349106056,0.6672631684470107,0.6150420583869372,0.6415816379114876,0.6148156313999863,0.708821346855482,0.6016823354774864,0.6332158390534496,0.6016823354774864,0.708821346855482,,,,
sleep_efficiency_binary,transformer,,10m,6,test,10.0,60.0,2021,12126,0.6045686953653306,0.6221344450628354,0.6031343178295502,0.6585333656270829,0.6105888174171202,0.6344546822501185,0.6101210896029725,0.6935450291674398,0.5932706580900544,0.6281981118463092,0.5931621863606175,0.6935450291674398,,,,
sleep_efficiency_binary,transformer,,10m,60,test,10.0,600.0,2021,108431,0.6082024513284946,0.6263723300440365,0.6059322538640783,0.6677242357350553,0.616031667491341,0.6426231113309835,0.6158058225789066,0.7093026611423743,0.6016823354774864,0.6332158390534496,0.6016823354774864,0.7093026611423743,,,,
sleep_efficiency_binary,transformer,,10m,8,test,10.0,80.0,2021,16168,0.6012493814943097,0.619469137138499,0.599968160204355,0.6590299813323232,0.6105888174171202,0.6346870941809412,0.61014746494757,0.6973429802321027,0.5883226125680356,0.6227583328180075,0.5882257290350388,0.6973429802321027,,,,
sleep_efficiency_binary,transformer,,10m,80,test,10.0,800.0,2021,114047,0.6132296333967575,0.6287687920205169,0.6092265493369384,0.670061328032739,0.6150420583869372,0.6418140498423104,0.6148337478124712,0.7093882052233422,0.6016823354774864,0.6332158390534496,0.6016823354774864,0.7093882052233422,,,,
sleep_efficiency_binary,transformer,,10m,all,test,10.0,,2021,114996,0.6142648439945737,0.6290239539341136,0.6098797088814472,0.6701434168346914,0.6150420583869372,0.6418140498423104,0.6148337478124712,0.7094242780285697,0.6016823354774864,0.6332158390534496,0.6016823354774864,0.7094242780285697,,,,
sleep_efficiency_binary,transformer,,40m,1,test,40.0,40.0,2021,2021,0.6288965858485898,0.6010806381794571,0.60226056125148,0.6423618411559788,0.6288965858485898,0.6010806381794571,0.60226056125148,0.6423618411559788,0.6288965858485898,0.6010806381794571,0.60226056125148,0.6423618411559788,,,,
sleep_efficiency_binary,transformer,,40m,10,test,40.0,400.0,2021,20146,0.6251861411694629,0.6390966174441153,0.6227315477716892,0.6889186833285224,0.6531420089064819,0.6697091501247088,0.6511688146046487,0.7378795374435718,0.6244433448787728,0.6515918413621091,0.6242313768499195,0.7378795374435718,,,,
sleep_efficiency_binary,transformer,,40m,12,test,40.0,480.0,2021,23779,0.6254678497834224,0.6399160591069653,0.6229919854806756,0.6888765421179532,0.6511627906976745,0.6697179106631213,0.6496224626427984,0.7377120565621587,0.6234537357743691,0.6510151918042586,0.6232751705141819,0.7377120565621587,,,,
sleep_efficiency_binary,transformer,,40m,16,test,40.0,640.0,2021,27137,0.6269300217415337,0.6394766676739896,0.6224164064644854,0.6886241272885388,0.6536368134586839,0.6715081524539814,0.6519426456984274,0.7375559128481026,0.6318654131618011,0.6576598025271577,0.6315073354259018,0.7375559128481026,,,,
sleep_efficiency_binary,transformer,,40m,2,test,40.0,80.0,2021,4042,0.6234537357743691,0.613829282872632,0.6108293511169817,0.6471280893781048,0.6348342404750124,0.6277817286088265,0.6237421897704156,0.6701755199637212,0.5957446808510638,0.6188325809576813,0.5952591235141405,0.6701755199637212,,,,
sleep_efficiency_binary,transformer,,40m,20,test,40.0,800.0,2021,27853,0.6297346784906473,0.6406437715348692,0.6240060769944213,0.6893606699675809,0.6536368134586839,0.6715081524539814,0.6519426456984274,0.7375095335270958,0.6333498268184067,0.6588733947601675,0.6329583819944927,0.7375095335270958,,,,
sleep_efficiency_binary,transformer,,40m,25,test,40.0,1000.0,2021,28033,0.6303642136053936,0.6406633509524531,0.6243018234807041,0.6892616451449437,0.6536368134586839,0.6715081524539814,0.6519426456984274,0.7375641580607261,0.6333498268184067,0.6588733947601675,0.6329583819944927,0.7375641580607261,,,,
sleep_efficiency_binary,transformer,,40m,3,test,40.0,120.0,2021,6063,0.6199901039089559,0.6223082816289791,0.6136115248450977,0.6638773226878478,0.6427511133102425,0.6484313482983942,0.6375977309530196,0.7030929853853606,0.6353290450272142,0.6416661513408777,0.6304593068505393,0.7030929853853606,,,,
sleep_efficiency_binary,transformer,,40m,30,test,40.0,1200.0,2021,28060,0.6305416963649323,0.6407716619496555,0.6244317566354307,0.68929563345165,0.6536368134586839,0.6715081524539814,0.6519426456984274,0.7375600354544143,0.6333498268184067,0.6588733947601675,0.6329583819944927,0.7375600354544143,,,,
sleep_efficiency_binary,transformer,,40m,4,test,40.0,160.0,2021,8084,0.6217219198416626,0.629147084286686,0.6173304788927743,0.6739521816317275,0.6496783770410688,0.6601374889204955,0.6461078661823016,0.7172541380660854,0.6170212765957447,0.6462211159895286,0.6169529095097793,0.7172541380660854,,,,
sleep_efficiency_binary,transformer,,40m,5,test,40.0,200.0,2021,10105,0.6246412666996536,0.635298888957599,0.6212941054125628,0.6793841856821883,0.6481939633844631,0.6642693710964072,0.6461392977854941,0.7264743470822254,0.6457199406234537,0.6648032486137736,0.6443153819077789,0.7264743470822254,,,,
sleep_efficiency_binary,transformer,,40m,6,test,40.0,240.0,2021,12126,0.623948540326571,0.6362354764015143,0.6210857666634505,0.6819461908262849,0.64473033151905,0.6625997155401644,0.6430902443679667,0.7290499453754664,0.6140524492825334,0.6456532269700905,0.614050086964697,0.7290499453754664,,,,
sleep_efficiency_binary,transformer,,40m,8,test,40.0,320.0,2021,16159,0.6254099882418467,0.6378526707022836,0.6225769296742958,0.685869180243779,0.6476991588322613,0.6629351926287799,0.6454490799601825,0.735088532970544,0.6288965858485898,0.656859501576897,0.6287285136501517,0.735088532970544,,,,
sleep_efficiency_binary,transformer,,40m,all,test,40.0,,2021,28060,0.6305416963649323,0.6407716619496555,0.6244317566354307,0.68929563345165,0.6536368134586839,0.6715081524539814,0.6519426456984274,0.7375600354544143,0.6333498268184067,0.6588733947601675,0.6329583819944927,0.7375600354544143,,,,
sleep_efficiency_binary,transformer,,80m,1,test,80.0,80.0,2021,2021,0.669470559129144,0.6275122132211984,0.6296089409998485,0.6814111681404984,0.669470559129144,0.6275122132211984,0.6296089409998485,0.6814111681404984,0.669470559129144,0.6275122132211984,0.6296089409998485,0.6814111681404984,,,,
sleep_efficiency_binary,transformer,,80m,10,test,80.0,800.0,2021,13343,0.6613205426066102,0.6571239379392212,0.6488550334488534,0.7133869978237486,0.6976744186046512,0.6996093830519654,0.6909551593400501,0.7653886587100364,0.669470559129144,0.683523488549461,0.6667979702246969,0.7653886587100364,,,,
sleep_efficiency_binary,transformer,,80m,12,test,80.0,960.0,2021,13414,0.6618458327120919,0.6571385777309781,0.6490433217094348,0.7134561397138568,0.6976744186046512,0.6996093830519654,0.6909551593400501,0.7656803331065899,0.6689757545769421,0.6828865458743016,0.6662692650315934,0.7656803331065899,,,,
sleep_efficiency_binary,transformer,,80m,2,test,80.0,160.0,2021,4042,0.6546264225630876,0.633388215529858,0.6341613767995857,0.679994022220848,0.6739238000989609,0.6529997114175582,0.6540844141255551,0.7125028342918394,0.6353290450272142,0.6488709211963803,0.6327303804843794,0.7125028342918394,,,,
sleep_efficiency_binary,transformer,,80m,3,test,80.0,240.0,2021,6063,0.6556160316674914,0.6478708456152646,0.64417894003103,0.6980816711213719,0.6848095002474023,0.6779358110197267,0.6740006437044965,0.7445736194422113,0.6853043047996041,0.679269989487354,0.6749324754939152,0.7445736194422113,,,,
sleep_efficiency_binary,transformer,,80m,4,test,80.0,320.0,2021,8079,0.6551553410075505,0.6524297416977312,0.6463472416896977,0.7038325342934453,0.6952003958436418,0.6927060787830066,0.6865890475241023,0.7541772308453405,0.6595744680851063,0.6784542287634243,0.6580486624419362,0.7541772308453405,,,,
sleep_efficiency_binary,transformer,,80m,5,test,80.0,400.0,2021,10065,0.6554396423248883,0.6552454427711722,0.6477722277722278,0.7100890865523268,0.6947055912914398,0.6955553150701874,0.6875424882949681,0.7611897841815596,0.6887679366650173,0.6944195370313111,0.6834478934069625,0.7611897841815596,,,,
sleep_efficiency_binary,transformer,,80m,6,test,80.0,480.0,2021,11771,0.6556792116217823,0.6571916759519757,0.6484147293132378,0.712427338191914,0.6966848095002474,0.6990327334941149,0.6901272009414696,0.7643301795395049,0.6709549727857497,0.6884556716756334,0.669083112285437,0.7643301795395049,,,,
sleep_efficiency_binary,transformer,,80m,8,test,80.0,640.0,2021,13063,0.6586542141927582,0.656193997570399,0.6475565797050254,0.7131750721759627,0.6971796140524493,0.6989724403768062,0.6904030998438063,0.7653464019953414,0.669470559129144,0.6839883124111062,0.6669156934227329,0.7653464019953414,,,,
sleep_efficiency_binary,transformer,,80m,all,test,80.0,,2021,13432,0.6620011911852293,0.6572324454245705,0.6491365188168887,0.7134552606535326,0.6976744186046512,0.6996093830519654,0.6909551593400501,0.7656968235318367,0.6689757545769421,0.6828865458743016,0.6662692650315934,0.7656968235318367,,,,
sleep_efficiency_binary,transformer,,120m,1,test,120.0,120.0,2021,2021,0.6828302820385947,0.6454069012429657,0.6486924484365055,0.7055036794261331,0.6828302820385947,0.6454069012429657,0.6486924484365055,0.7055036794261331,0.6828302820385947,0.6454069012429657,0.6486924484365055,0.7055036794261331,,,,
sleep_efficiency_binary,transformer,,120m,10,test,120.0,1200.0,2021,8705,0.6728317059161402,0.6703778271045184,0.661139305338747,0.7284921931528692,0.7070757050964869,0.7098519984334095,0.7006986513287583,0.7882273823511223,0.6907471548738249,0.7067286088265001,0.6884376930884658,0.7882273823511223,,,,
sleep_efficiency_binary,transformer,,120m,2,test,120.0,240.0,2021,4042,0.6719445818901534,0.6542867375754953,0.6544288773760669,0.7057842743182241,0.7036120732310738,0.6847087378640777,0.6858935854600405,0.7409075917795229,0.6437407224146462,0.6629527137056046,0.6423726214210719,0.7409075917795229,,,,
sleep_efficiency_binary,transformer,,120m,3,test,120.0,360.0,2021,6043,0.6680456726791328,0.6640876166866794,0.6586417938355207,0.7205936195603857,0.7041068777832756,0.7006848679735329,0.6951190101391714,0.773292725661163,0.6991588322612569,0.6954775008760539,0.6900206658271174,0.773292725661163,,,,
sleep_efficiency_binary,transformer,,120m,4,test,120.0,480.0,2021,7749,0.6697638404955478,0.6698333124583967,0.6617051129812492,0.7268366308696685,0.7050964868876793,0.7068394038711273,0.6983152967766626,0.7840238698905448,0.6788718456209797,0.6991115783398265,0.6774960616097745,0.7840238698905448,,,,
sleep_efficiency_binary,transformer,,120m,5,test,120.0,600.0,2021,8422,0.6714557112324864,0.6707666198787491,0.6613767080615601,0.7287843305968577,0.7075705096486887,0.7104889411085689,0.7012482475634723,0.7879094263393318,0.6922315685304304,0.7074773771978645,0.6897430201792837,0.7879094263393318,,,,
sleep_efficiency_binary,transformer,,120m,6,test,120.0,720.0,2021,8615,0.6727800348229832,0.6709104891425333,0.6615688401054516,0.7285847275586818,0.7070757050964869,0.7096195865025869,0.7006099745960694,0.7878434646383443,0.6887679366650173,0.7051104858491539,0.6865500804948095,0.7878434646383443,,,,
sleep_efficiency_binary,transformer,,120m,8,test,120.0,960.0,2021,8697,0.6728757042658388,0.6704351983256316,0.6612075588544015,0.7284968179499212,0.7070757050964869,0.7098519984334095,0.7006986513287583,0.7882304743058562,0.6907471548738249,0.7067286088265001,0.6884376930884658,0.7882304743058562,,,,
sleep_efficiency_binary,transformer,,120m,all,test,120.0,,2021,8705,0.6728317059161402,0.6703778271045184,0.661139305338747,0.7284921931528692,0.7070757050964869,0.7098519984334095,0.7006986513287583,0.7882273823511223,0.6907471548738249,0.7067286088265001,0.6884376930884658,0.7882273823511223,,,,
sleep_efficiency_binary,transformer,,240m,1,test,240.0,240.0,2021,2021,0.7199406234537358,0.6917831302949724,0.6960136616146047,0.7690062457485621,0.7199406234537358,0.6917831302949724,0.6960136616146047,0.7690062457485621,0.7199406234537358,0.6917831302949724,0.6960136616146047,0.7690062457485621,,,,
sleep_efficiency_binary,transformer,,240m,2,test,240.0,480.0,2021,3727,0.7182720686879528,0.7007863386112233,0.700949570225097,0.7710858534183709,0.7565561603166749,0.7386844763259333,0.7410199884565778,0.8133479685857399,0.7006432459178624,0.7162136952981675,0.6981956731601107,0.8133479685857399,,,,
sleep_efficiency_binary,transformer,,240m,3,test,240.0,720.0,2021,3920,0.7196428571428571,0.6997508911866406,0.6998345427867532,0.7711199254735073,0.7545769421078674,0.7368339414177643,0.7390487614906263,0.8162708964607425,0.7046016823354775,0.7175906458062787,0.7015003692474404,0.8162708964607425,,,,
sleep_efficiency_binary,transformer,,240m,4,test,240.0,960.0,2021,3947,0.7197871801368128,0.6993013176096564,0.6995232163909818,0.7707020926094502,0.7555665512122711,0.7378754148372602,0.7401009842265512,0.8162760497186321,0.7046016823354775,0.7178230577371014,0.7015609134701601,0.8162760497186321,,,,
sleep_efficiency_binary,transformer,,240m,5,test,240.0,1200.0,2021,3948,0.7196048632218845,0.6990899276977045,0.6993387281398237,0.7706930554837944,0.7555665512122711,0.7378754148372602,0.7401009842265512,0.8162523447323399,0.7041068777832756,0.7171861150619422,0.7010307697179112,0.8162523447323399,,,,
sleep_efficiency_binary,transformer,,240m,all,test,240.0,,2021,3948,0.7196048632218845,0.6990899276977045,0.6993387281398237,0.7706930554837944,0.7555665512122711,0.7378754148372602,0.7401009842265512,0.8162523447323399,0.7041068777832756,0.7171861150619422,0.7010307697179112,0.8162523447323399,,,,
